location,reference_date,horizon,target_end_date,target,output_type,output_type_id,value
01,2026-10-10,0,2026-10-10,wk inc flu hosp,quantile,0.01,20.399123359897917
02,2026-10-10,0,2026-10-10,wk inc flu hosp,quantile,0.01,5.168096965946711
04,2026-10-10,0,2026-10-10,wk inc flu hosp,quantile,0.01,18.60974045871778
05,2026-10-10,0,2026-10-10,wk inc flu hosp,quantile,0.01,1.2281281335107044
06,2026-10-10,0,2026-10-10,wk inc flu hosp,quantile,0.01,299.01655495079234
08,2026-10-10,0,2026-10-10,wk inc flu hosp,quantile,0.01,10.86559213021121
09,2026-10-10,0,2026-10-10,wk inc flu hosp,quantile,0.01,5.145928223844615
10,2026-10-10,0,2026-10-10,wk inc flu hosp,quantile,0.01,0.5889640836622536
11,2026-10-10,0,2026-10-10,wk inc flu hosp,quantile,0.01,0.0
12,2026-10-10,0,2026-10-10,wk inc flu hosp,quantile,0.01,401.5312817007951
13,2026-10-10,0,2026-10-10,wk inc flu hosp,quantile,0.01,13.303636656738304
15,2026-10-10,0,2026-10-10,wk inc flu hosp,quantile,0.01,21.513543413547776
16,2026-10-10,0,2026-10-10,wk inc flu hosp,quantile,0.01,1.9562306828912572
17,2026-10-10,0,2026-10-10,wk inc flu hosp,quantile,0.01,14.409470424347981
18,2026-10-10,0,2026-10-10,wk inc flu hosp,quantile,0.01,28.895822213123942
19,2026-10-10,0,2026-10-10,wk inc flu hosp,quantile,0.01,2.324313221559435
20,2026-10-10,0,2026-10-10,wk inc flu hosp,quantile,0.01,1.8463257244853932
21,2026-10-10,0,2026-10-10,wk inc flu hosp,quantile,0.01,21.974279751019335
22,2026-10-10,0,2026-10-10,wk inc flu hosp,quantile,0.01,51.90858338194968
23,2026-10-10,0,2026-10-10,wk inc flu hosp,quantile,0.01,3.8880489597006562
24,2026-10-10,0,2026-10-10,wk inc flu hosp,quantile,0.01,0.0
25,2026-10-10,0,2026-10-10,wk inc flu hosp,quantile,0.01,1.000781117067873
26,2026-10-10,0,2026-10-10,wk inc flu hosp,quantile,0.01,4.981411684088901
27,2026-10-10,0,2026-10-10,wk inc flu hosp,quantile,0.01,2.913489225470084
28,2026-10-10,0,2026-10-10,wk inc flu hosp,quantile,0.01,2.567208173137949
29,2026-10-10,0,2026-10-10,wk inc flu hosp,quantile,0.01,3.8821101278404075
30,2026-10-10,0,2026-10-10,wk inc flu hosp,quantile,0.01,2.1690316592773584
31,2026-10-10,0,2026-10-10,wk inc flu hosp,quantile,0.01,6.55957980501932
32,2026-10-10,0,2026-10-10,wk inc flu hosp,quantile,0.01,14.426077633391936
33,2026-10-10,0,2026-10-10,wk inc flu hosp,quantile,0.01,1.9646240206940004
34,2026-10-10,0,2026-10-10,wk inc flu hosp,quantile,0.01,22.586115240977215
35,2026-10-10,0,2026-10-10,wk inc flu hosp,quantile,0.01,0.0
36,2026-10-10,0,2026-10-10,wk inc flu hosp,quantile,0.01,85.75155253902372
37,2026-10-10,0,2026-10-10,wk inc flu hosp,quantile,0.01,32.98943734026507
38,2026-10-10,0,2026-10-10,wk inc flu hosp,quantile,0.01,0.0
39,2026-10-10,0,2026-10-10,wk inc flu hosp,quantile,0.01,5.090705636142254
40,2026-10-10,0,2026-10-10,wk inc flu hosp,quantile,0.01,3.535814055163228
41,2026-10-10,0,2026-10-10,wk inc flu hosp,quantile,0.01,9.205653546146282
42,2026-10-10,0,2026-10-10,wk inc flu hosp,quantile,0.01,61.76960824213269
44,2026-10-10,0,2026-10-10,wk inc flu hosp,quantile,0.01,0.15105363653927056
45,2026-10-10,0,2026-10-10,wk inc flu hosp,quantile,0.01,8.439565597038085
46,2026-10-10,0,2026-10-10,wk inc flu hosp,quantile,0.01,0.0
47,2026-10-10,0,2026-10-10,wk inc flu hosp,quantile,0.01,26.910968981412374
48,2026-10-10,0,2026-10-10,wk inc flu hosp,quantile,0.01,206.95494611262563
49,2026-10-10,0,2026-10-10,wk inc flu hosp,quantile,0.01,6.892482624600483
50,2026-10-10,0,2026-10-10,wk inc flu hosp,quantile,0.01,0.0
51,2026-10-10,0,2026-10-10,wk inc flu hosp,quantile,0.01,2.8480825035185324
53,2026-10-10,0,2026-10-10,wk inc flu hosp,quantile,0.01,75.20371224108767
54,2026-10-10,0,2026-10-10,wk inc flu hosp,quantile,0.01,0.0
55,2026-10-10,0,2026-10-10,wk inc flu hosp,quantile,0.01,7.426943091914975
56,2026-10-10,0,2026-10-10,wk inc flu hosp,quantile,0.01,0.0
72,2026-10-10,0,2026-10-10,wk inc flu hosp,quantile,0.01,31.015830934249745
US,2026-10-10,0,2026-10-10,wk inc flu hosp,quantile,0.01,2343.601188886871
01,2026-10-10,1,2026-10-17,wk inc flu hosp,quantile,0.01,7.727018858647926
02,2026-10-10,1,2026-10-17,wk inc flu hosp,quantile,0.01,3.0299425070462407
04,2026-10-10,1,2026-10-17,wk inc flu hosp,quantile,0.01,2.0139789598263524
05,2026-10-10,1,2026-10-17,wk inc flu hosp,quantile,0.01,0.0
06,2026-10-10,1,2026-10-17,wk inc flu hosp,quantile,0.01,176.4803354576767
08,2026-10-10,1,2026-10-17,wk inc flu hosp,quantile,0.01,0.0
09,2026-10-10,1,2026-10-17,wk inc flu hosp,quantile,0.01,0.0
10,2026-10-10,1,2026-10-17,wk inc flu hosp,quantile,0.01,0.0
11,2026-10-10,1,2026-10-17,wk inc flu hosp,quantile,0.01,0.0
12,2026-10-10,1,2026-10-17,wk inc flu hosp,quantile,0.01,282.43233961012044
13,2026-10-10,1,2026-10-17,wk inc flu hosp,quantile,0.01,0.0
15,2026-10-10,1,2026-10-17,wk inc flu hosp,quantile,0.01,17.84666767808069
16,2026-10-10,1,2026-10-17,wk inc flu hosp,quantile,0.01,0.0
17,2026-10-10,1,2026-10-17,wk inc flu hosp,quantile,0.01,0.0
18,2026-10-10,1,2026-10-17,wk inc flu hosp,quantile,0.01,8.699604751482916
19,2026-10-10,1,2026-10-17,wk inc flu hosp,quantile,0.01,0.0
20,2026-10-10,1,2026-10-17,wk inc flu hosp,quantile,0.01,0.0
21,2026-10-10,1,2026-10-17,wk inc flu hosp,quantile,0.01,9.064491540063807
22,2026-10-10,1,2026-10-17,wk inc flu hosp,quantile,0.01,30.880920492076818
23,2026-10-10,1,2026-10-17,wk inc flu hosp,quantile,0.01,0.0
24,2026-10-10,1,2026-10-17,wk inc flu hosp,quantile,0.01,0.0
25,2026-10-10,1,2026-10-17,wk inc flu hosp,quantile,0.01,0.0
26,2026-10-10,1,2026-10-17,wk inc flu hosp,quantile,0.01,0.0
27,2026-10-10,1,2026-10-17,wk inc flu hosp,quantile,0.01,0.0
28,2026-10-10,1,2026-10-17,wk inc flu hosp,quantile,0.01,0.0
29,2026-10-10,1,2026-10-17,wk inc flu hosp,quantile,0.01,0.0
30,2026-10-10,1,2026-10-17,wk inc flu hosp,quantile,0.01,0.0
31,2026-10-10,1,2026-10-17,wk inc flu hosp,quantile,0.01,2.162624335577374
32,2026-10-10,1,2026-10-17,wk inc flu hosp,quantile,0.01,5.25058210492128
33,2026-10-10,1,2026-10-17,wk inc flu hosp,quantile,0.01,0.0
34,2026-10-10,1,2026-10-17,wk inc flu hosp,quantile,0.01,0.0
35,2026-10-10,1,2026-10-17,wk inc flu hosp,quantile,0.01,0.0
36,2026-10-10,1,2026-10-17,wk inc flu hosp,quantile,0.01,39.388444617272455
37,2026-10-10,1,2026-10-17,wk inc flu hosp,quantile,0.01,6.932890646145629
38,2026-10-10,1,2026-10-17,wk inc flu hosp,quantile,0.01,0.0
39,2026-10-10,1,2026-10-17,wk inc flu hosp,quantile,0.01,0.0
40,2026-10-10,1,2026-10-17,wk inc flu hosp,quantile,0.01,0.0
41,2026-10-10,1,2026-10-17,wk inc flu hosp,quantile,0.01,0.0
42,2026-10-10,1,2026-10-17,wk inc flu hosp,quantile,0.01,19.080295733407244
44,2026-10-10,1,2026-10-17,wk inc flu hosp,quantile,0.01,0.0
45,2026-10-10,1,2026-10-17,wk inc flu hosp,quantile,0.01,0.0
46,2026-10-10,1,2026-10-17,wk inc flu hosp,quantile,0.01,0.0
47,2026-10-10,1,2026-10-17,wk inc flu hosp,quantile,0.01,8.582624310930527
48,2026-10-10,1,2026-10-17,wk inc flu hosp,quantile,0.01,114.47965025684604
49,2026-10-10,1,2026-10-17,wk inc flu hosp,quantile,0.01,0.5574663373312648
50,2026-10-10,1,2026-10-17,wk inc flu hosp,quantile,0.01,0.0
51,2026-10-10,1,2026-10-17,wk inc flu hosp,quantile,0.01,0.0
53,2026-10-10,1,2026-10-17,wk inc flu hosp,quantile,0.01,42.27925842036503
54,2026-10-10,1,2026-10-17,wk inc flu hosp,quantile,0.01,0.0
55,2026-10-10,1,2026-10-17,wk inc flu hosp,quantile,0.01,0.0
56,2026-10-10,1,2026-10-17,wk inc flu hosp,quantile,0.01,0.0
72,2026-10-10,1,2026-10-17,wk inc flu hosp,quantile,0.01,20.58360586885153
US,2026-10-10,1,2026-10-17,wk inc flu hosp,quantile,0.01,1565.9686350686368
01,2026-10-10,2,2026-10-24,wk inc flu hosp,quantile,0.01,0.0
02,2026-10-10,2,2026-10-24,wk inc flu hosp,quantile,0.01,1.3731558589534654
04,2026-10-10,2,2026-10-24,wk inc flu hosp,quantile,0.01,0.0
05,2026-10-10,2,2026-10-24,wk inc flu hosp,quantile,0.01,0.0
06,2026-10-10,2,2026-10-24,wk inc flu hosp,quantile,0.01,85.32231224245392
08,2026-10-10,2,2026-10-24,wk inc flu hosp,quantile,0.01,0.0
09,2026-10-10,2,2026-10-24,wk inc flu hosp,quantile,0.01,0.0
10,2026-10-10,2,2026-10-24,wk inc flu hosp,quantile,0.01,0.0
11,2026-10-10,2,2026-10-24,wk inc flu hosp,quantile,0.01,0.0
12,2026-10-10,2,2026-10-24,wk inc flu hosp,quantile,0.01,188.87215247713863
13,2026-10-10,2,2026-10-24,wk inc flu hosp,quantile,0.01,0.0
15,2026-10-10,2,2026-10-24,wk inc flu hosp,quantile,0.01,10.776745088391891
16,2026-10-10,2,2026-10-24,wk inc flu hosp,quantile,0.01,0.0
17,2026-10-10,2,2026-10-24,wk inc flu hosp,quantile,0.01,0.0
18,2026-10-10,2,2026-10-24,wk inc flu hosp,quantile,0.01,0.0
19,2026-10-10,2,2026-10-24,wk inc flu hosp,quantile,0.01,0.0
20,2026-10-10,2,2026-10-24,wk inc flu hosp,quantile,0.01,0.0
21,2026-10-10,2,2026-10-24,wk inc flu hosp,quantile,0.01,0.4639806752450825
22,2026-10-10,2,2026-10-24,wk inc flu hosp,quantile,0.01,20.324190271756827
23,2026-10-10,2,2026-10-24,wk inc flu hosp,quantile,0.01,0.0
24,2026-10-10,2,2026-10-24,wk inc flu hosp,quantile,0.01,0.0
25,2026-10-10,2,2026-10-24,wk inc flu hosp,quantile,0.01,0.0
26,2026-10-10,2,2026-10-24,wk inc flu hosp,quantile,0.01,0.0
27,2026-10-10,2,2026-10-24,wk inc flu hosp,quantile,0.01,0.0
28,2026-10-10,2,2026-10-24,wk inc flu hosp,quantile,0.01,0.0
29,2026-10-10,2,2026-10-24,wk inc flu hosp,quantile,0.01,0.0
30,2026-10-10,2,2026-10-24,wk inc flu hosp,quantile,0.01,0.0
31,2026-10-10,2,2026-10-24,wk inc flu hosp,quantile,0.01,0.0
32,2026-10-10,2,2026-10-24,wk inc flu hosp,quantile,0.01,0.20161449632319972
33,2026-10-10,2,2026-10-24,wk inc flu hosp,quantile,0.01,0.0
34,2026-10-10,2,2026-10-24,wk inc flu hosp,quantile,0.01,0.0
35,2026-10-10,2,2026-10-24,wk inc flu hosp,quantile,0.01,0.0
36,2026-10-10,2,2026-10-24,wk inc flu hosp,quantile,0.01,7.315603742530698
37,2026-10-10,2,2026-10-24,wk inc flu hosp,quantile,0.01,0.0
38,2026-10-10,2,2026-10-24,wk inc flu hosp,quantile,0.01,0.0
39,2026-10-10,2,2026-10-24,wk inc flu hosp,quantile,0.01,0.0
40,2026-10-10,2,2026-10-24,wk inc flu hosp,quantile,0.01,0.0
41,2026-10-10,2,2026-10-24,wk inc flu hosp,quantile,0.01,0.0
42,2026-10-10,2,2026-10-24,wk inc flu hosp,quantile,0.01,0.0
44,2026-10-10,2,2026-10-24,wk inc flu hosp,quantile,0.01,0.0
45,2026-10-10,2,2026-10-24,wk inc flu hosp,quantile,0.01,0.0
46,2026-10-10,2,2026-10-24,wk inc flu hosp,quantile,0.01,0.0
47,2026-10-10,2,2026-10-24,wk inc flu hosp,quantile,0.01,0.0
48,2026-10-10,2,2026-10-24,wk inc flu hosp,quantile,0.01,45.64136229874087
49,2026-10-10,2,2026-10-24,wk inc flu hosp,quantile,0.01,0.0
50,2026-10-10,2,2026-10-24,wk inc flu hosp,quantile,0.01,0.0
51,2026-10-10,2,2026-10-24,wk inc flu hosp,quantile,0.01,0.0
53,2026-10-10,2,2026-10-24,wk inc flu hosp,quantile,0.01,21.260124210698265
54,2026-10-10,2,2026-10-24,wk inc flu hosp,quantile,0.01,0.0
55,2026-10-10,2,2026-10-24,wk inc flu hosp,quantile,0.01,0.0
56,2026-10-10,2,2026-10-24,wk inc flu hosp,quantile,0.01,0.0
72,2026-10-10,2,2026-10-24,wk inc flu hosp,quantile,0.01,15.196850070068459
US,2026-10-10,2,2026-10-24,wk inc flu hosp,quantile,0.01,954.091376974345
01,2026-10-10,3,2026-10-31,wk inc flu hosp,quantile,0.01,0.0
02,2026-10-10,3,2026-10-31,wk inc flu hosp,quantile,0.01,0.8171844298174757
04,2026-10-10,3,2026-10-31,wk inc flu hosp,quantile,0.01,0.0
05,2026-10-10,3,2026-10-31,wk inc flu hosp,quantile,0.01,0.0
06,2026-10-10,3,2026-10-31,wk inc flu hosp,quantile,0.01,25.09014658088771
08,2026-10-10,3,2026-10-31,wk inc flu hosp,quantile,0.01,0.0
09,2026-10-10,3,2026-10-31,wk inc flu hosp,quantile,0.01,0.0
10,2026-10-10,3,2026-10-31,wk inc flu hosp,quantile,0.01,0.0
11,2026-10-10,3,2026-10-31,wk inc flu hosp,quantile,0.01,0.0
12,2026-10-10,3,2026-10-31,wk inc flu hosp,quantile,0.01,126.26155875274634
13,2026-10-10,3,2026-10-31,wk inc flu hosp,quantile,0.01,0.0
15,2026-10-10,3,2026-10-31,wk inc flu hosp,quantile,0.01,9.047170020103954
16,2026-10-10,3,2026-10-31,wk inc flu hosp,quantile,0.01,0.0
17,2026-10-10,3,2026-10-31,wk inc flu hosp,quantile,0.01,0.0
18,2026-10-10,3,2026-10-31,wk inc flu hosp,quantile,0.01,0.0
19,2026-10-10,3,2026-10-31,wk inc flu hosp,quantile,0.01,0.0
20,2026-10-10,3,2026-10-31,wk inc flu hosp,quantile,0.01,0.0
21,2026-10-10,3,2026-10-31,wk inc flu hosp,quantile,0.01,0.0
22,2026-10-10,3,2026-10-31,wk inc flu hosp,quantile,0.01,11.387190799918692
23,2026-10-10,3,2026-10-31,wk inc flu hosp,quantile,0.01,0.0
24,2026-10-10,3,2026-10-31,wk inc flu hosp,quantile,0.01,0.0
25,2026-10-10,3,2026-10-31,wk inc flu hosp,quantile,0.01,0.0
26,2026-10-10,3,2026-10-31,wk inc flu hosp,quantile,0.01,0.0
27,2026-10-10,3,2026-10-31,wk inc flu hosp,quantile,0.01,0.0
28,2026-10-10,3,2026-10-31,wk inc flu hosp,quantile,0.01,0.0
29,2026-10-10,3,2026-10-31,wk inc flu hosp,quantile,0.01,0.0
30,2026-10-10,3,2026-10-31,wk inc flu hosp,quantile,0.01,0.0
31,2026-10-10,3,2026-10-31,wk inc flu hosp,quantile,0.01,0.0
32,2026-10-10,3,2026-10-31,wk inc flu hosp,quantile,0.01,0.0
33,2026-10-10,3,2026-10-31,wk inc flu hosp,quantile,0.01,0.0
34,2026-10-10,3,2026-10-31,wk inc flu hosp,quantile,0.01,0.0
35,2026-10-10,3,2026-10-31,wk inc flu hosp,quantile,0.01,0.0
36,2026-10-10,3,2026-10-31,wk inc flu hosp,quantile,0.01,0.0
37,2026-10-10,3,2026-10-31,wk inc flu hosp,quantile,0.01,0.0
38,2026-10-10,3,2026-10-31,wk inc flu hosp,quantile,0.01,0.0
39,2026-10-10,3,2026-10-31,wk inc flu hosp,quantile,0.01,0.0
40,2026-10-10,3,2026-10-31,wk inc flu hosp,quantile,0.01,0.0
41,2026-10-10,3,2026-10-31,wk inc flu hosp,quantile,0.01,0.0
42,2026-10-10,3,2026-10-31,wk inc flu hosp,quantile,0.01,0.0
44,2026-10-10,3,2026-10-31,wk inc flu hosp,quantile,0.01,0.0
45,2026-10-10,3,2026-10-31,wk inc flu hosp,quantile,0.01,0.0
46,2026-10-10,3,2026-10-31,wk inc flu hosp,quantile,0.01,0.0
47,2026-10-10,3,2026-10-31,wk inc flu hosp,quantile,0.01,0.0
48,2026-10-10,3,2026-10-31,wk inc flu hosp,quantile,0.01,11.40850516916575
49,2026-10-10,3,2026-10-31,wk inc flu hosp,quantile,0.01,0.0
50,2026-10-10,3,2026-10-31,wk inc flu hosp,quantile,0.01,0.0
51,2026-10-10,3,2026-10-31,wk inc flu hosp,quantile,0.01,0.0
53,2026-10-10,3,2026-10-31,wk inc flu hosp,quantile,0.01,7.860383215821093
54,2026-10-10,3,2026-10-31,wk inc flu hosp,quantile,0.01,0.0
55,2026-10-10,3,2026-10-31,wk inc flu hosp,quantile,0.01,0.0
56,2026-10-10,3,2026-10-31,wk inc flu hosp,quantile,0.01,0.0
72,2026-10-10,3,2026-10-31,wk inc flu hosp,quantile,0.01,10.363986304559209
US,2026-10-10,3,2026-10-31,wk inc flu hosp,quantile,0.01,293.65158682693095
01,2026-10-10,0,2026-10-10,wk inc flu hosp,quantile,0.025,25.92023463290257
02,2026-10-10,0,2026-10-10,wk inc flu hosp,quantile,0.025,6.670622485443419
04,2026-10-10,0,2026-10-10,wk inc flu hosp,quantile,0.025,24.369792196146207
05,2026-10-10,0,2026-10-10,wk inc flu hosp,quantile,0.025,3.4241038941313757
06,2026-10-10,0,2026-10-10,wk inc flu hosp,quantile,0.025,326.0637884906199
08,2026-10-10,0,2026-10-10,wk inc flu hosp,quantile,0.025,15.010209569724344
09,2026-10-10,0,2026-10-10,wk inc flu hosp,quantile,0.025,8.42580610347076
10,2026-10-10,0,2026-10-10,wk inc flu hosp,quantile,0.025,1.9438728908592964
11,2026-10-10,0,2026-10-10,wk inc flu hosp,quantile,0.025,0.0
12,2026-10-10,0,2026-10-10,wk inc flu hosp,quantile,0.025,428.2349860167241
13,2026-10-10,0,2026-10-10,wk inc flu hosp,quantile,0.025,17.313906315564992
15,2026-10-10,0,2026-10-10,wk inc flu hosp,quantile,0.025,25.16091274118729
16,2026-10-10,0,2026-10-10,wk inc flu hosp,quantile,0.025,3.9794528095239308
17,2026-10-10,0,2026-10-10,wk inc flu hosp,quantile,0.025,21.478246739226865
18,2026-10-10,0,2026-10-10,wk inc flu hosp,quantile,0.025,33.95255218275754
19,2026-10-10,0,2026-10-10,wk inc flu hosp,quantile,0.025,4.795356148725244
20,2026-10-10,0,2026-10-10,wk inc flu hosp,quantile,0.025,3.2868726594957662
21,2026-10-10,0,2026-10-10,wk inc flu hosp,quantile,0.025,28.556656723135436
22,2026-10-10,0,2026-10-10,wk inc flu hosp,quantile,0.025,60.81412568140507
23,2026-10-10,0,2026-10-10,wk inc flu hosp,quantile,0.025,5.338151646243377
24,2026-10-10,0,2026-10-10,wk inc flu hosp,quantile,0.025,0.8652104894803153
25,2026-10-10,0,2026-10-10,wk inc flu hosp,quantile,0.025,4.327736238909078
26,2026-10-10,0,2026-10-10,wk inc flu hosp,quantile,0.025,9.41413394341494
27,2026-10-10,0,2026-10-10,wk inc flu hosp,quantile,0.025,5.691294475627121
28,2026-10-10,0,2026-10-10,wk inc flu hosp,quantile,0.025,5.06161580341228
29,2026-10-10,0,2026-10-10,wk inc flu hosp,quantile,0.025,6.851674321757027
30,2026-10-10,0,2026-10-10,wk inc flu hosp,quantile,0.025,3.730391422995493
31,2026-10-10,0,2026-10-10,wk inc flu hosp,quantile,0.025,8.353737023578113
32,2026-10-10,0,2026-10-10,wk inc flu hosp,quantile,0.025,18.072584577049657
33,2026-10-10,0,2026-10-10,wk inc flu hosp,quantile,0.025,2.7666227581333684
34,2026-10-10,0,2026-10-10,wk inc flu hosp,quantile,0.025,27.934299633520826
35,2026-10-10,0,2026-10-10,wk inc flu hosp,quantile,0.025,0.0
36,2026-10-10,0,2026-10-10,wk inc flu hosp,quantile,0.025,96.17052153359545
37,2026-10-10,0,2026-10-10,wk inc flu hosp,quantile,0.025,40.879471758417694
38,2026-10-10,0,2026-10-10,wk inc flu hosp,quantile,0.025,0.0
39,2026-10-10,0,2026-10-10,wk inc flu hosp,quantile,0.025,10.9818959768819
40,2026-10-10,0,2026-10-10,wk inc flu hosp,quantile,0.025,6.101960662802682
41,2026-10-10,0,2026-10-10,wk inc flu hosp,quantile,0.025,12.495830045132832
42,2026-10-10,0,2026-10-10,wk inc flu hosp,quantile,0.025,71.98412405229855
44,2026-10-10,0,2026-10-10,wk inc flu hosp,quantile,0.025,1.1177754629265588
45,2026-10-10,0,2026-10-10,wk inc flu hosp,quantile,0.025,12.667594136598586
46,2026-10-10,0,2026-10-10,wk inc flu hosp,quantile,0.025,0.0
47,2026-10-10,0,2026-10-10,wk inc flu hosp,quantile,0.025,33.22600262466669
48,2026-10-10,0,2026-10-10,wk inc flu hosp,quantile,0.025,227.0172531193556
49,2026-10-10,0,2026-10-10,wk inc flu hosp,quantile,0.025,9.220890718328102
50,2026-10-10,0,2026-10-10,wk inc flu hosp,quantile,0.025,0.0
51,2026-10-10,0,2026-10-10,wk inc flu hosp,quantile,0.025,7.68502355540781
53,2026-10-10,0,2026-10-10,wk inc flu hosp,quantile,0.025,83.49795543805976
54,2026-10-10,0,2026-10-10,wk inc flu hosp,quantile,0.025,0.0
55,2026-10-10,0,2026-10-10,wk inc flu hosp,quantile,0.025,10.0287576826458
56,2026-10-10,0,2026-10-10,wk inc flu hosp,quantile,0.025,0.0
72,2026-10-10,0,2026-10-10,wk inc flu hosp,quantile,0.025,38.46208418406352
US,2026-10-10,0,2026-10-10,wk inc flu hosp,quantile,0.025,2529.6189536654506
01,2026-10-10,1,2026-10-17,wk inc flu hosp,quantile,0.025,13.646412165009338
02,2026-10-10,1,2026-10-17,wk inc flu hosp,quantile,0.025,4.418423712056781
04,2026-10-10,1,2026-10-17,wk inc flu hosp,quantile,0.025,9.893456736751478
05,2026-10-10,1,2026-10-17,wk inc flu hosp,quantile,0.025,0.0
06,2026-10-10,1,2026-10-17,wk inc flu hosp,quantile,0.025,231.59020298247992
08,2026-10-10,1,2026-10-17,wk inc flu hosp,quantile,0.025,3.5568298494360184
09,2026-10-10,1,2026-10-17,wk inc flu hosp,quantile,0.025,1.201195342688049
10,2026-10-10,1,2026-10-17,wk inc flu hosp,quantile,0.025,0.0
11,2026-10-10,1,2026-10-17,wk inc flu hosp,quantile,0.025,0.0
12,2026-10-10,1,2026-10-17,wk inc flu hosp,quantile,0.025,328.2184912324198
13,2026-10-10,1,2026-10-17,wk inc flu hosp,quantile,0.025,0.4202511539273987
15,2026-10-10,1,2026-10-17,wk inc flu hosp,quantile,0.025,21.603407468842157
16,2026-10-10,1,2026-10-17,wk inc flu hosp,quantile,0.025,0.5194644718540617
17,2026-10-10,1,2026-10-17,wk inc flu hosp,quantile,0.025,0.0
18,2026-10-10,1,2026-10-17,wk inc flu hosp,quantile,0.025,15.559029330085627
19,2026-10-10,1,2026-10-17,wk inc flu hosp,quantile,0.025,0.0
20,2026-10-10,1,2026-10-17,wk inc flu hosp,quantile,0.025,0.0
21,2026-10-10,1,2026-10-17,wk inc flu hosp,quantile,0.025,17.23348281490229
22,2026-10-10,1,2026-10-17,wk inc flu hosp,quantile,0.025,40.335591205874216
23,2026-10-10,1,2026-10-17,wk inc flu hosp,quantile,0.025,1.2795947248331718
24,2026-10-10,1,2026-10-17,wk inc flu hosp,quantile,0.025,0.0
25,2026-10-10,1,2026-10-17,wk inc flu hosp,quantile,0.025,0.0
26,2026-10-10,1,2026-10-17,wk inc flu hosp,quantile,0.025,0.0
27,2026-10-10,1,2026-10-17,wk inc flu hosp,quantile,0.025,0.0
28,2026-10-10,1,2026-10-17,wk inc flu hosp,quantile,0.025,0.0
29,2026-10-10,1,2026-10-17,wk inc flu hosp,quantile,0.025,0.0
30,2026-10-10,1,2026-10-17,wk inc flu hosp,quantile,0.025,1.0292626837932446
31,2026-10-10,1,2026-10-17,wk inc flu hosp,quantile,0.025,3.9070890185811815
32,2026-10-10,1,2026-10-17,wk inc flu hosp,quantile,0.025,9.024716872159749
33,2026-10-10,1,2026-10-17,wk inc flu hosp,quantile,0.025,0.11590310049931897
34,2026-10-10,1,2026-10-17,wk inc flu hosp,quantile,0.025,6.490666926336554
35,2026-10-10,1,2026-10-17,wk inc flu hosp,quantile,0.025,0.0
36,2026-10-10,1,2026-10-17,wk inc flu hosp,quantile,0.025,61.08427408588237
37,2026-10-10,1,2026-10-17,wk inc flu hosp,quantile,0.025,17.031041207626682
38,2026-10-10,1,2026-10-17,wk inc flu hosp,quantile,0.025,0.0
39,2026-10-10,1,2026-10-17,wk inc flu hosp,quantile,0.025,0.0
40,2026-10-10,1,2026-10-17,wk inc flu hosp,quantile,0.025,0.0
41,2026-10-10,1,2026-10-17,wk inc flu hosp,quantile,0.025,0.905233977343458
42,2026-10-10,1,2026-10-17,wk inc flu hosp,quantile,0.025,32.19617336009542
44,2026-10-10,1,2026-10-17,wk inc flu hosp,quantile,0.025,0.0
45,2026-10-10,1,2026-10-17,wk inc flu hosp,quantile,0.025,0.7995917743528441
46,2026-10-10,1,2026-10-17,wk inc flu hosp,quantile,0.025,0.0
47,2026-10-10,1,2026-10-17,wk inc flu hosp,quantile,0.025,15.250527740549423
48,2026-10-10,1,2026-10-17,wk inc flu hosp,quantile,0.025,149.54119017257173
49,2026-10-10,1,2026-10-17,wk inc flu hosp,quantile,0.025,3.1966967139797635
50,2026-10-10,1,2026-10-17,wk inc flu hosp,quantile,0.025,0.0
51,2026-10-10,1,2026-10-17,wk inc flu hosp,quantile,0.025,0.0
53,2026-10-10,1,2026-10-17,wk inc flu hosp,quantile,0.025,55.14653613548664
54,2026-10-10,1,2026-10-17,wk inc flu hosp,quantile,0.025,0.0
55,2026-10-10,1,2026-10-17,wk inc flu hosp,quantile,0.025,0.0
56,2026-10-10,1,2026-10-17,wk inc flu hosp,quantile,0.025,0.0
72,2026-10-10,1,2026-10-17,wk inc flu hosp,quantile,0.025,26.72733359220987
US,2026-10-10,1,2026-10-17,wk inc flu hosp,quantile,0.025,1946.2140487908816
01,2026-10-10,2,2026-10-24,wk inc flu hosp,quantile,0.025,3.8696391205181975
02,2026-10-10,2,2026-10-24,wk inc flu hosp,quantile,0.025,2.9811152909877117
04,2026-10-10,2,2026-10-24,wk inc flu hosp,quantile,0.025,1.177080933765737
05,2026-10-10,2,2026-10-24,wk inc flu hosp,quantile,0.025,0.0
06,2026-10-10,2,2026-10-24,wk inc flu hosp,quantile,0.025,143.73018146695713
08,2026-10-10,2,2026-10-24,wk inc flu hosp,quantile,0.025,0.0
09,2026-10-10,2,2026-10-24,wk inc flu hosp,quantile,0.025,0.0
10,2026-10-10,2,2026-10-24,wk inc flu hosp,quantile,0.025,0.0
11,2026-10-10,2,2026-10-24,wk inc flu hosp,quantile,0.025,0.0
12,2026-10-10,2,2026-10-24,wk inc flu hosp,quantile,0.025,250.25259434441165
13,2026-10-10,2,2026-10-24,wk inc flu hosp,quantile,0.025,0.0
15,2026-10-10,2,2026-10-24,wk inc flu hosp,quantile,0.025,15.30312088128934
16,2026-10-10,2,2026-10-24,wk inc flu hosp,quantile,0.025,0.0
17,2026-10-10,2,2026-10-24,wk inc flu hosp,quantile,0.025,0.0
18,2026-10-10,2,2026-10-24,wk inc flu hosp,quantile,0.025,2.193926947030356
19,2026-10-10,2,2026-10-24,wk inc flu hosp,quantile,0.025,0.0
20,2026-10-10,2,2026-10-24,wk inc flu hosp,quantile,0.025,0.0
21,2026-10-10,2,2026-10-24,wk inc flu hosp,quantile,0.025,7.356902369695257
22,2026-10-10,2,2026-10-24,wk inc flu hosp,quantile,0.025,28.734322001994993
23,2026-10-10,2,2026-10-24,wk inc flu hosp,quantile,0.025,0.0
24,2026-10-10,2,2026-10-24,wk inc flu hosp,quantile,0.025,0.0
25,2026-10-10,2,2026-10-24,wk inc flu hosp,quantile,0.025,0.0
26,2026-10-10,2,2026-10-24,wk inc flu hosp,quantile,0.025,0.0
27,2026-10-10,2,2026-10-24,wk inc flu hosp,quantile,0.025,0.0
28,2026-10-10,2,2026-10-24,wk inc flu hosp,quantile,0.025,0.0
29,2026-10-10,2,2026-10-24,wk inc flu hosp,quantile,0.025,0.0
30,2026-10-10,2,2026-10-24,wk inc flu hosp,quantile,0.025,0.0
31,2026-10-10,2,2026-10-24,wk inc flu hosp,quantile,0.025,1.1053934051099394
32,2026-10-10,2,2026-10-24,wk inc flu hosp,quantile,0.025,3.186972520174859
33,2026-10-10,2,2026-10-24,wk inc flu hosp,quantile,0.025,0.0
34,2026-10-10,2,2026-10-24,wk inc flu hosp,quantile,0.025,0.0
35,2026-10-10,2,2026-10-24,wk inc flu hosp,quantile,0.025,0.0
36,2026-10-10,2,2026-10-24,wk inc flu hosp,quantile,0.025,33.11428200754656
37,2026-10-10,2,2026-10-24,wk inc flu hosp,quantile,0.025,0.21922267883891794
38,2026-10-10,2,2026-10-24,wk inc flu hosp,quantile,0.025,0.0
39,2026-10-10,2,2026-10-24,wk inc flu hosp,quantile,0.025,0.0
40,2026-10-10,2,2026-10-24,wk inc flu hosp,quantile,0.025,0.0
41,2026-10-10,2,2026-10-24,wk inc flu hosp,quantile,0.025,0.0
42,2026-10-10,2,2026-10-24,wk inc flu hosp,quantile,0.025,11.293257247566007
44,2026-10-10,2,2026-10-24,wk inc flu hosp,quantile,0.025,0.0
45,2026-10-10,2,2026-10-24,wk inc flu hosp,quantile,0.025,0.0
46,2026-10-10,2,2026-10-24,wk inc flu hosp,quantile,0.025,0.0
47,2026-10-10,2,2026-10-24,wk inc flu hosp,quantile,0.025,2.5901642919147325
48,2026-10-10,2,2026-10-24,wk inc flu hosp,quantile,0.025,81.82733960874944
49,2026-10-10,2,2026-10-24,wk inc flu hosp,quantile,0.025,0.0
50,2026-10-10,2,2026-10-24,wk inc flu hosp,quantile,0.025,0.0
51,2026-10-10,2,2026-10-24,wk inc flu hosp,quantile,0.025,0.0
53,2026-10-10,2,2026-10-24,wk inc flu hosp,quantile,0.025,31.639714286347836
54,2026-10-10,2,2026-10-24,wk inc flu hosp,quantile,0.025,0.0
55,2026-10-10,2,2026-10-24,wk inc flu hosp,quantile,0.025,0.0
56,2026-10-10,2,2026-10-24,wk inc flu hosp,quantile,0.025,0.0
72,2026-10-10,2,2026-10-24,wk inc flu hosp,quantile,0.025,23.086341634346176
US,2026-10-10,2,2026-10-24,wk inc flu hosp,quantile,0.025,1367.405172498241
01,2026-10-10,3,2026-10-31,wk inc flu hosp,quantile,0.025,0.0
02,2026-10-10,3,2026-10-31,wk inc flu hosp,quantile,0.025,2.197850612001552
04,2026-10-10,3,2026-10-31,wk inc flu hosp,quantile,0.025,0.0
05,2026-10-10,3,2026-10-31,wk inc flu hosp,quantile,0.025,0.0
06,2026-10-10,3,2026-10-31,wk inc flu hosp,quantile,0.025,73.83885879631944
08,2026-10-10,3,2026-10-31,wk inc flu hosp,quantile,0.025,0.0
09,2026-10-10,3,2026-10-31,wk inc flu hosp,quantile,0.025,0.0
10,2026-10-10,3,2026-10-31,wk inc flu hosp,quantile,0.025,0.0
11,2026-10-10,3,2026-10-31,wk inc flu hosp,quantile,0.025,0.0
12,2026-10-10,3,2026-10-31,wk inc flu hosp,quantile,0.025,195.76752405128767
13,2026-10-10,3,2026-10-31,wk inc flu hosp,quantile,0.025,0.0
15,2026-10-10,3,2026-10-31,wk inc flu hosp,quantile,0.025,12.228588205802062
16,2026-10-10,3,2026-10-31,wk inc flu hosp,quantile,0.025,0.0
17,2026-10-10,3,2026-10-31,wk inc flu hosp,quantile,0.025,0.0
18,2026-10-10,3,2026-10-31,wk inc flu hosp,quantile,0.025,0.0
19,2026-10-10,3,2026-10-31,wk inc flu hosp,quantile,0.025,0.0
20,2026-10-10,3,2026-10-31,wk inc flu hosp,quantile,0.025,0.0
21,2026-10-10,3,2026-10-31,wk inc flu hosp,quantile,0.025,1.3505050661947893
22,2026-10-10,3,2026-10-31,wk inc flu hosp,quantile,0.025,21.881419590079176
23,2026-10-10,3,2026-10-31,wk inc flu hosp,quantile,0.025,0.0
24,2026-10-10,3,2026-10-31,wk inc flu hosp,quantile,0.025,0.0
25,2026-10-10,3,2026-10-31,wk inc flu hosp,quantile,0.025,0.0
26,2026-10-10,3,2026-10-31,wk inc flu hosp,quantile,0.025,0.0
27,2026-10-10,3,2026-10-31,wk inc flu hosp,quantile,0.025,0.0
28,2026-10-10,3,2026-10-31,wk inc flu hosp,quantile,0.025,0.0
29,2026-10-10,3,2026-10-31,wk inc flu hosp,quantile,0.025,0.0
30,2026-10-10,3,2026-10-31,wk inc flu hosp,quantile,0.025,0.0
31,2026-10-10,3,2026-10-31,wk inc flu hosp,quantile,0.025,0.0
32,2026-10-10,3,2026-10-31,wk inc flu hosp,quantile,0.025,0.05069655602578589
33,2026-10-10,3,2026-10-31,wk inc flu hosp,quantile,0.025,0.0
34,2026-10-10,3,2026-10-31,wk inc flu hosp,quantile,0.025,0.0
35,2026-10-10,3,2026-10-31,wk inc flu hosp,quantile,0.025,0.0
36,2026-10-10,3,2026-10-31,wk inc flu hosp,quantile,0.025,7.698307687416171
37,2026-10-10,3,2026-10-31,wk inc flu hosp,quantile,0.025,0.0
38,2026-10-10,3,2026-10-31,wk inc flu hosp,quantile,0.025,0.0
39,2026-10-10,3,2026-10-31,wk inc flu hosp,quantile,0.025,0.0
40,2026-10-10,3,2026-10-31,wk inc flu hosp,quantile,0.025,0.0
41,2026-10-10,3,2026-10-31,wk inc flu hosp,quantile,0.025,0.0
42,2026-10-10,3,2026-10-31,wk inc flu hosp,quantile,0.025,0.0
44,2026-10-10,3,2026-10-31,wk inc flu hosp,quantile,0.025,0.0
45,2026-10-10,3,2026-10-31,wk inc flu hosp,quantile,0.025,0.0
46,2026-10-10,3,2026-10-31,wk inc flu hosp,quantile,0.025,0.0
47,2026-10-10,3,2026-10-31,wk inc flu hosp,quantile,0.025,0.0
48,2026-10-10,3,2026-10-31,wk inc flu hosp,quantile,0.025,51.50003459329294
49,2026-10-10,3,2026-10-31,wk inc flu hosp,quantile,0.025,0.0
50,2026-10-10,3,2026-10-31,wk inc flu hosp,quantile,0.025,0.0
51,2026-10-10,3,2026-10-31,wk inc flu hosp,quantile,0.025,0.0
53,2026-10-10,3,2026-10-31,wk inc flu hosp,quantile,0.025,16.985315991063505
54,2026-10-10,3,2026-10-31,wk inc flu hosp,quantile,0.025,0.0
55,2026-10-10,3,2026-10-31,wk inc flu hosp,quantile,0.025,0.0
56,2026-10-10,3,2026-10-31,wk inc flu hosp,quantile,0.025,0.0
72,2026-10-10,3,2026-10-31,wk inc flu hosp,quantile,0.025,17.649835477629324
US,2026-10-10,3,2026-10-31,wk inc flu hosp,quantile,0.025,870.6862448032481
01,2026-10-10,0,2026-10-10,wk inc flu hosp,quantile,0.05,29.822430856096926
02,2026-10-10,0,2026-10-10,wk inc flu hosp,quantile,0.05,8.561136797104854
04,2026-10-10,0,2026-10-10,wk inc flu hosp,quantile,0.05,29.579450852955755
05,2026-10-10,0,2026-10-10,wk inc flu hosp,quantile,0.05,5.614656275388576
06,2026-10-10,0,2026-10-10,wk inc flu hosp,quantile,0.05,348.1490017208681
08,2026-10-10,0,2026-10-10,wk inc flu hosp,quantile,0.05,18.300237784614914
09,2026-10-10,0,2026-10-10,wk inc flu hosp,quantile,0.05,11.172152045635515
10,2026-10-10,0,2026-10-10,wk inc flu hosp,quantile,0.05,2.7690126163991082
11,2026-10-10,0,2026-10-10,wk inc flu hosp,quantile,0.05,0.0
12,2026-10-10,0,2026-10-10,wk inc flu hosp,quantile,0.05,452.4429406841279
13,2026-10-10,0,2026-10-10,wk inc flu hosp,quantile,0.05,22.51842918538938
15,2026-10-10,0,2026-10-10,wk inc flu hosp,quantile,0.05,28.471039133978678
16,2026-10-10,0,2026-10-10,wk inc flu hosp,quantile,0.05,5.429307480164355
17,2026-10-10,0,2026-10-10,wk inc flu hosp,quantile,0.05,28.85933024581161
18,2026-10-10,0,2026-10-10,wk inc flu hosp,quantile,0.05,38.664493736121145
19,2026-10-10,0,2026-10-10,wk inc flu hosp,quantile,0.05,6.3668703803771525
20,2026-10-10,0,2026-10-10,wk inc flu hosp,quantile,0.05,4.702274241287986
21,2026-10-10,0,2026-10-10,wk inc flu hosp,quantile,0.05,33.92483620705826
22,2026-10-10,0,2026-10-10,wk inc flu hosp,quantile,0.05,69.1403871837417
23,2026-10-10,0,2026-10-10,wk inc flu hosp,quantile,0.05,6.549139143965057
24,2026-10-10,0,2026-10-10,wk inc flu hosp,quantile,0.05,2.825308827021574
25,2026-10-10,0,2026-10-10,wk inc flu hosp,quantile,0.05,7.127834411946841
26,2026-10-10,0,2026-10-10,wk inc flu hosp,quantile,0.05,13.102611286272413
27,2026-10-10,0,2026-10-10,wk inc flu hosp,quantile,0.05,9.096975069013821
28,2026-10-10,0,2026-10-10,wk inc flu hosp,quantile,0.05,6.8375107505833395
29,2026-10-10,0,2026-10-10,wk inc flu hosp,quantile,0.05,10.431400598320302
30,2026-10-10,0,2026-10-10,wk inc flu hosp,quantile,0.05,4.7338817996787865
31,2026-10-10,0,2026-10-10,wk inc flu hosp,quantile,0.05,10.259471438550351
32,2026-10-10,0,2026-10-10,wk inc flu hosp,quantile,0.05,21.147707220472615
33,2026-10-10,0,2026-10-10,wk inc flu hosp,quantile,0.05,3.8291955569975404
34,2026-10-10,0,2026-10-10,wk inc flu hosp,quantile,0.05,33.83713397292378
35,2026-10-10,0,2026-10-10,wk inc flu hosp,quantile,0.05,0.8609176059058652
36,2026-10-10,0,2026-10-10,wk inc flu hosp,quantile,0.05,107.92940880496711
37,2026-10-10,0,2026-10-10,wk inc flu hosp,quantile,0.05,47.75639734294952
38,2026-10-10,0,2026-10-10,wk inc flu hosp,quantile,0.05,0.15788378508214676
39,2026-10-10,0,2026-10-10,wk inc flu hosp,quantile,0.05,18.190007591131472
40,2026-10-10,0,2026-10-10,wk inc flu hosp,quantile,0.05,9.386695290538844
41,2026-10-10,0,2026-10-10,wk inc flu hosp,quantile,0.05,16.18367919730902
42,2026-10-10,0,2026-10-10,wk inc flu hosp,quantile,0.05,84.29176245209709
44,2026-10-10,0,2026-10-10,wk inc flu hosp,quantile,0.05,2.0270504401676477
45,2026-10-10,0,2026-10-10,wk inc flu hosp,quantile,0.05,17.489379154508637
46,2026-10-10,0,2026-10-10,wk inc flu hosp,quantile,0.05,0.23835755908183318
47,2026-10-10,0,2026-10-10,wk inc flu hosp,quantile,0.05,39.62471976907489
48,2026-10-10,0,2026-10-10,wk inc flu hosp,quantile,0.05,249.99696580658588
49,2026-10-10,0,2026-10-10,wk inc flu hosp,quantile,0.05,11.321201149020068
50,2026-10-10,0,2026-10-10,wk inc flu hosp,quantile,0.05,0.0
51,2026-10-10,0,2026-10-10,wk inc flu hosp,quantile,0.05,11.451340234575442
53,2026-10-10,0,2026-10-10,wk inc flu hosp,quantile,0.05,94.25854485656612
54,2026-10-10,0,2026-10-10,wk inc flu hosp,quantile,0.05,0.42903222324905715
55,2026-10-10,0,2026-10-10,wk inc flu hosp,quantile,0.05,13.884660799599953
56,2026-10-10,0,2026-10-10,wk inc flu hosp,quantile,0.05,0.0
72,2026-10-10,0,2026-10-10,wk inc flu hosp,quantile,0.05,43.68144032081816
US,2026-10-10,0,2026-10-10,wk inc flu hosp,quantile,0.05,2717.6983715368806
01,2026-10-10,1,2026-10-17,wk inc flu hosp,quantile,0.05,19.806165929085942
02,2026-10-10,1,2026-10-17,wk inc flu hosp,quantile,0.05,5.8635873024655485
04,2026-10-10,1,2026-10-17,wk inc flu hosp,quantile,0.05,17.27846630733429
05,2026-10-10,1,2026-10-17,wk inc flu hosp,quantile,0.05,1.0664561709359184
06,2026-10-10,1,2026-10-17,wk inc flu hosp,quantile,0.05,266.0417930612559
08,2026-10-10,1,2026-10-17,wk inc flu hosp,quantile,0.05,7.476174990911287
09,2026-10-10,1,2026-10-17,wk inc flu hosp,quantile,0.05,5.096444908660453
10,2026-10-10,1,2026-10-17,wk inc flu hosp,quantile,0.05,0.7028188687725772
11,2026-10-10,1,2026-10-17,wk inc flu hosp,quantile,0.05,0.0
12,2026-10-10,1,2026-10-17,wk inc flu hosp,quantile,0.05,368.2744852661956
13,2026-10-10,1,2026-10-17,wk inc flu hosp,quantile,0.05,6.436599811173709
15,2026-10-10,1,2026-10-17,wk inc flu hosp,quantile,0.05,24.511860343860622
16,2026-10-10,1,2026-10-17,wk inc flu hosp,quantile,0.05,2.2577721562064412
17,2026-10-10,1,2026-10-17,wk inc flu hosp,quantile,0.05,8.4032366429818
18,2026-10-10,1,2026-10-17,wk inc flu hosp,quantile,0.05,23.599805376282564
19,2026-10-10,1,2026-10-17,wk inc flu hosp,quantile,0.05,1.8704465651383635
20,2026-10-10,1,2026-10-17,wk inc flu hosp,quantile,0.05,0.7110185970221852
21,2026-10-10,1,2026-10-17,wk inc flu hosp,quantile,0.05,24.04838566220187
22,2026-10-10,1,2026-10-17,wk inc flu hosp,quantile,0.05,49.1170238195794
23,2026-10-10,1,2026-10-17,wk inc flu hosp,quantile,0.05,3.3604120643093727
24,2026-10-10,1,2026-10-17,wk inc flu hosp,quantile,0.05,0.0
25,2026-10-10,1,2026-10-17,wk inc flu hosp,quantile,0.05,0.0
26,2026-10-10,1,2026-10-17,wk inc flu hosp,quantile,0.05,0.0
27,2026-10-10,1,2026-10-17,wk inc flu hosp,quantile,0.05,0.4250980390046957
28,2026-10-10,1,2026-10-17,wk inc flu hosp,quantile,0.05,2.2960882392307935
29,2026-10-10,1,2026-10-17,wk inc flu hosp,quantile,0.05,0.0
30,2026-10-10,1,2026-10-17,wk inc flu hosp,quantile,0.05,2.309572260288753
31,2026-10-10,1,2026-10-17,wk inc flu hosp,quantile,0.05,6.198556965913909
32,2026-10-10,1,2026-10-17,wk inc flu hosp,quantile,0.05,12.318370348463135
33,2026-10-10,1,2026-10-17,wk inc flu hosp,quantile,0.05,1.1435785304646096
34,2026-10-10,1,2026-10-17,wk inc flu hosp,quantile,0.05,13.530175228524177
35,2026-10-10,1,2026-10-17,wk inc flu hosp,quantile,0.05,0.0
36,2026-10-10,1,2026-10-17,wk inc flu hosp,quantile,0.05,82.21604294075672
37,2026-10-10,1,2026-10-17,wk inc flu hosp,quantile,0.05,29.09918912787929
38,2026-10-10,1,2026-10-17,wk inc flu hosp,quantile,0.05,0.0
39,2026-10-10,1,2026-10-17,wk inc flu hosp,quantile,0.05,0.0
40,2026-10-10,1,2026-10-17,wk inc flu hosp,quantile,0.05,2.7246796804101194
41,2026-10-10,1,2026-10-17,wk inc flu hosp,quantile,0.05,5.702700051334954
42,2026-10-10,1,2026-10-17,wk inc flu hosp,quantile,0.05,46.79649652839146
44,2026-10-10,1,2026-10-17,wk inc flu hosp,quantile,0.05,0.1858381139163031
45,2026-10-10,1,2026-10-17,wk inc flu hosp,quantile,0.05,6.114514064982974
46,2026-10-10,1,2026-10-17,wk inc flu hosp,quantile,0.05,0.0
47,2026-10-10,1,2026-10-17,wk inc flu hosp,quantile,0.05,22.11847015295826
48,2026-10-10,1,2026-10-17,wk inc flu hosp,quantile,0.05,186.8655568968309
49,2026-10-10,1,2026-10-17,wk inc flu hosp,quantile,0.05,5.888571057306199
50,2026-10-10,1,2026-10-17,wk inc flu hosp,quantile,0.05,0.0
51,2026-10-10,1,2026-10-17,wk inc flu hosp,quantile,0.05,0.8266705721534783
53,2026-10-10,1,2026-10-17,wk inc flu hosp,quantile,0.05,64.30594980760665
54,2026-10-10,1,2026-10-17,wk inc flu hosp,quantile,0.05,0.0
55,2026-10-10,1,2026-10-17,wk inc flu hosp,quantile,0.05,1.6973467908781206
56,2026-10-10,1,2026-10-17,wk inc flu hosp,quantile,0.05,0.0
72,2026-10-10,1,2026-10-17,wk inc flu hosp,quantile,0.05,33.647621876858395
US,2026-10-10,1,2026-10-17,wk inc flu hosp,quantile,0.05,2298.245310702652
01,2026-10-10,2,2026-10-24,wk inc flu hosp,quantile,0.05,10.842602840744604
02,2026-10-10,2,2026-10-24,wk inc flu hosp,quantile,0.05,4.351173533943866
04,2026-10-10,2,2026-10-24,wk inc flu hosp,quantile,0.05,9.756501381106169
05,2026-10-10,2,2026-10-24,wk inc flu hosp,quantile,0.05,0.0
06,2026-10-10,2,2026-10-24,wk inc flu hosp,quantile,0.05,183.91622550937853
08,2026-10-10,2,2026-10-24,wk inc flu hosp,quantile,0.05,1.0523414018714097
09,2026-10-10,2,2026-10-24,wk inc flu hosp,quantile,0.05,1.565489685066241
10,2026-10-10,2,2026-10-24,wk inc flu hosp,quantile,0.05,0.0
11,2026-10-10,2,2026-10-24,wk inc flu hosp,quantile,0.05,0.0
12,2026-10-10,2,2026-10-24,wk inc flu hosp,quantile,0.05,302.4385773107499
13,2026-10-10,2,2026-10-24,wk inc flu hosp,quantile,0.05,0.0
15,2026-10-10,2,2026-10-24,wk inc flu hosp,quantile,0.05,18.70057383672168
16,2026-10-10,2,2026-10-24,wk inc flu hosp,quantile,0.05,0.3682881752061285
17,2026-10-10,2,2026-10-24,wk inc flu hosp,quantile,0.05,0.0
18,2026-10-10,2,2026-10-24,wk inc flu hosp,quantile,0.05,12.513336758051889
19,2026-10-10,2,2026-10-24,wk inc flu hosp,quantile,0.05,0.0
20,2026-10-10,2,2026-10-24,wk inc flu hosp,quantile,0.05,0.0
21,2026-10-10,2,2026-10-24,wk inc flu hosp,quantile,0.05,14.3522970249229
22,2026-10-10,2,2026-10-24,wk inc flu hosp,quantile,0.05,37.769766574426264
23,2026-10-10,2,2026-10-24,wk inc flu hosp,quantile,0.05,1.2213863409952
24,2026-10-10,2,2026-10-24,wk inc flu hosp,quantile,0.05,0.0
25,2026-10-10,2,2026-10-24,wk inc flu hosp,quantile,0.05,0.0
26,2026-10-10,2,2026-10-24,wk inc flu hosp,quantile,0.05,0.0
27,2026-10-10,2,2026-10-24,wk inc flu hosp,quantile,0.05,0.0
28,2026-10-10,2,2026-10-24,wk inc flu hosp,quantile,0.05,0.2691924075023643
29,2026-10-10,2,2026-10-24,wk inc flu hosp,quantile,0.05,0.0
30,2026-10-10,2,2026-10-24,wk inc flu hosp,quantile,0.05,0.8033669215557484
31,2026-10-10,2,2026-10-24,wk inc flu hosp,quantile,0.05,3.5222046832835248
32,2026-10-10,2,2026-10-24,wk inc flu hosp,quantile,0.05,6.783745911452245
33,2026-10-10,2,2026-10-24,wk inc flu hosp,quantile,0.05,0.14503582180869223
34,2026-10-10,2,2026-10-24,wk inc flu hosp,quantile,0.05,2.963737722083765
35,2026-10-10,2,2026-10-24,wk inc flu hosp,quantile,0.05,0.0
36,2026-10-10,2,2026-10-24,wk inc flu hosp,quantile,0.05,57.1338745261922
37,2026-10-10,2,2026-10-24,wk inc flu hosp,quantile,0.05,10.883738345248169
38,2026-10-10,2,2026-10-24,wk inc flu hosp,quantile,0.05,0.0
39,2026-10-10,2,2026-10-24,wk inc flu hosp,quantile,0.05,0.0
40,2026-10-10,2,2026-10-24,wk inc flu hosp,quantile,0.05,0.0
41,2026-10-10,2,2026-10-24,wk inc flu hosp,quantile,0.05,0.5452479323992162
42,2026-10-10,2,2026-10-24,wk inc flu hosp,quantile,0.05,25.071344981502588
44,2026-10-10,2,2026-10-24,wk inc flu hosp,quantile,0.05,0.0
45,2026-10-10,2,2026-10-24,wk inc flu hosp,quantile,0.05,0.0
46,2026-10-10,2,2026-10-24,wk inc flu hosp,quantile,0.05,0.0
47,2026-10-10,2,2026-10-24,wk inc flu hosp,quantile,0.05,12.143169622868133
48,2026-10-10,2,2026-10-24,wk inc flu hosp,quantile,0.05,135.63469860951378
49,2026-10-10,2,2026-10-24,wk inc flu hosp,quantile,0.05,3.121274907960544
50,2026-10-10,2,2026-10-24,wk inc flu hosp,quantile,0.05,0.0
51,2026-10-10,2,2026-10-24,wk inc flu hosp,quantile,0.05,0.0
53,2026-10-10,2,2026-10-24,wk inc flu hosp,quantile,0.05,41.89293411740065
54,2026-10-10,2,2026-10-24,wk inc flu hosp,quantile,0.05,0.0
55,2026-10-10,2,2026-10-24,wk inc flu hosp,quantile,0.05,0.0
56,2026-10-10,2,2026-10-24,wk inc flu hosp,quantile,0.05,0.0
72,2026-10-10,2,2026-10-24,wk inc flu hosp,quantile,0.05,30.526750735355126
US,2026-10-10,2,2026-10-24,wk inc flu hosp,quantile,0.05,1804.3348937545961
01,2026-10-10,3,2026-10-31,wk inc flu hosp,quantile,0.05,5.15108896005831
02,2026-10-10,3,2026-10-31,wk inc flu hosp,quantile,0.05,3.517487408610605
04,2026-10-10,3,2026-10-31,wk inc flu hosp,quantile,0.05,2.759831961456908
05,2026-10-10,3,2026-10-31,wk inc flu hosp,quantile,0.05,0.0
06,2026-10-10,3,2026-10-31,wk inc flu hosp,quantile,0.05,120.5069333703026
08,2026-10-10,3,2026-10-31,wk inc flu hosp,quantile,0.05,0.0
09,2026-10-10,3,2026-10-31,wk inc flu hosp,quantile,0.05,0.0
10,2026-10-10,3,2026-10-31,wk inc flu hosp,quantile,0.05,0.0
11,2026-10-10,3,2026-10-31,wk inc flu hosp,quantile,0.05,0.0
12,2026-10-10,3,2026-10-31,wk inc flu hosp,quantile,0.05,242.94408166602616
13,2026-10-10,3,2026-10-31,wk inc flu hosp,quantile,0.05,0.0
15,2026-10-10,3,2026-10-31,wk inc flu hosp,quantile,0.05,15.702534260176435
16,2026-10-10,3,2026-10-31,wk inc flu hosp,quantile,0.05,0.0
17,2026-10-10,3,2026-10-31,wk inc flu hosp,quantile,0.05,0.0
18,2026-10-10,3,2026-10-31,wk inc flu hosp,quantile,0.05,4.076257715934029
19,2026-10-10,3,2026-10-31,wk inc flu hosp,quantile,0.05,0.0
20,2026-10-10,3,2026-10-31,wk inc flu hosp,quantile,0.05,0.0
21,2026-10-10,3,2026-10-31,wk inc flu hosp,quantile,0.05,7.305049060113316
22,2026-10-10,3,2026-10-31,wk inc flu hosp,quantile,0.05,30.472486141310455
23,2026-10-10,3,2026-10-31,wk inc flu hosp,quantile,0.05,0.0
24,2026-10-10,3,2026-10-31,wk inc flu hosp,quantile,0.05,0.0
25,2026-10-10,3,2026-10-31,wk inc flu hosp,quantile,0.05,0.0
26,2026-10-10,3,2026-10-31,wk inc flu hosp,quantile,0.05,0.0
27,2026-10-10,3,2026-10-31,wk inc flu hosp,quantile,0.05,0.0
28,2026-10-10,3,2026-10-31,wk inc flu hosp,quantile,0.05,0.0
29,2026-10-10,3,2026-10-31,wk inc flu hosp,quantile,0.05,0.0
30,2026-10-10,3,2026-10-31,wk inc flu hosp,quantile,0.05,0.0
31,2026-10-10,3,2026-10-31,wk inc flu hosp,quantile,0.05,2.0440267013747286
32,2026-10-10,3,2026-10-31,wk inc flu hosp,quantile,0.05,3.5191852884973587
33,2026-10-10,3,2026-10-31,wk inc flu hosp,quantile,0.05,0.0
34,2026-10-10,3,2026-10-31,wk inc flu hosp,quantile,0.05,0.0
35,2026-10-10,3,2026-10-31,wk inc flu hosp,quantile,0.05,0.0
36,2026-10-10,3,2026-10-31,wk inc flu hosp,quantile,0.05,35.71590211008011
37,2026-10-10,3,2026-10-31,wk inc flu hosp,quantile,0.05,1.136407480168636
38,2026-10-10,3,2026-10-31,wk inc flu hosp,quantile,0.05,0.0
39,2026-10-10,3,2026-10-31,wk inc flu hosp,quantile,0.05,0.0
40,2026-10-10,3,2026-10-31,wk inc flu hosp,quantile,0.05,0.0
41,2026-10-10,3,2026-10-31,wk inc flu hosp,quantile,0.05,0.0
42,2026-10-10,3,2026-10-31,wk inc flu hosp,quantile,0.05,11.60500216407853
44,2026-10-10,3,2026-10-31,wk inc flu hosp,quantile,0.05,0.0
45,2026-10-10,3,2026-10-31,wk inc flu hosp,quantile,0.05,0.0
46,2026-10-10,3,2026-10-31,wk inc flu hosp,quantile,0.05,0.0
47,2026-10-10,3,2026-10-31,wk inc flu hosp,quantile,0.05,4.1717094968786625
48,2026-10-10,3,2026-10-31,wk inc flu hosp,quantile,0.05,96.74310522407228
49,2026-10-10,3,2026-10-31,wk inc flu hosp,quantile,0.05,1.115576988118305
50,2026-10-10,3,2026-10-31,wk inc flu hosp,quantile,0.05,0.0
51,2026-10-10,3,2026-10-31,wk inc flu hosp,quantile,0.05,0.0
53,2026-10-10,3,2026-10-31,wk inc flu hosp,quantile,0.05,27.090306202354242
54,2026-10-10,3,2026-10-31,wk inc flu hosp,quantile,0.05,0.0
55,2026-10-10,3,2026-10-31,wk inc flu hosp,quantile,0.05,0.0
56,2026-10-10,3,2026-10-31,wk inc flu hosp,quantile,0.05,0.0
72,2026-10-10,3,2026-10-31,wk inc flu hosp,quantile,0.05,25.033687834968312
US,2026-10-10,3,2026-10-31,wk inc flu hosp,quantile,0.05,1341.7911703822697
01,2026-10-10,0,2026-10-10,wk inc flu hosp,quantile,0.1,35.43994419619727
02,2026-10-10,0,2026-10-10,wk inc flu hosp,quantile,0.1,10.774727356517445
04,2026-10-10,0,2026-10-10,wk inc flu hosp,quantile,0.1,39.00541469932875
05,2026-10-10,0,2026-10-10,wk inc flu hosp,quantile,0.1,8.405581346724803
06,2026-10-10,0,2026-10-10,wk inc flu hosp,quantile,0.1,377.59032992442286
08,2026-10-10,0,2026-10-10,wk inc flu hosp,quantile,0.1,22.749873620966667
09,2026-10-10,0,2026-10-10,wk inc flu hosp,quantile,0.1,14.289111174172847
10,2026-10-10,0,2026-10-10,wk inc flu hosp,quantile,0.1,4.09024569234352
11,2026-10-10,0,2026-10-10,wk inc flu hosp,quantile,0.1,0.0
12,2026-10-10,0,2026-10-10,wk inc flu hosp,quantile,0.1,488.31407259828285
13,2026-10-10,0,2026-10-10,wk inc flu hosp,quantile,0.1,30.22158894960012
15,2026-10-10,0,2026-10-10,wk inc flu hosp,quantile,0.1,32.98357505094375
16,2026-10-10,0,2026-10-10,wk inc flu hosp,quantile,0.1,7.236649675805403
17,2026-10-10,0,2026-10-10,wk inc flu hosp,quantile,0.1,36.321211606754524
18,2026-10-10,0,2026-10-10,wk inc flu hosp,quantile,0.1,45.16096088892512
19,2026-10-10,0,2026-10-10,wk inc flu hosp,quantile,0.1,8.755975996156879
20,2026-10-10,0,2026-10-10,wk inc flu hosp,quantile,0.1,7.048713840248757
21,2026-10-10,0,2026-10-10,wk inc flu hosp,quantile,0.1,39.82526531455371
22,2026-10-10,0,2026-10-10,wk inc flu hosp,quantile,0.1,76.47254202725733
23,2026-10-10,0,2026-10-10,wk inc flu hosp,quantile,0.1,8.95530538549341
24,2026-10-10,0,2026-10-10,wk inc flu hosp,quantile,0.1,5.644373684955779
25,2026-10-10,0,2026-10-10,wk inc flu hosp,quantile,0.1,10.70010096100862
26,2026-10-10,0,2026-10-10,wk inc flu hosp,quantile,0.1,18.32015816784628
27,2026-10-10,0,2026-10-10,wk inc flu hosp,quantile,0.1,13.313308936355407
28,2026-10-10,0,2026-10-10,wk inc flu hosp,quantile,0.1,9.273840283184372
29,2026-10-10,0,2026-10-10,wk inc flu hosp,quantile,0.1,14.552102296867275
30,2026-10-10,0,2026-10-10,wk inc flu hosp,quantile,0.1,6.276229340629346
31,2026-10-10,0,2026-10-10,wk inc flu hosp,quantile,0.1,12.978770156934619
32,2026-10-10,0,2026-10-10,wk inc flu hosp,quantile,0.1,24.67398772419806
33,2026-10-10,0,2026-10-10,wk inc flu hosp,quantile,0.1,4.982617928450977
34,2026-10-10,0,2026-10-10,wk inc flu hosp,quantile,0.1,40.887142530290234
35,2026-10-10,0,2026-10-10,wk inc flu hosp,quantile,0.1,2.3990915063136047
36,2026-10-10,0,2026-10-10,wk inc flu hosp,quantile,0.1,122.72741675831557
37,2026-10-10,0,2026-10-10,wk inc flu hosp,quantile,0.1,58.329631900883776
38,2026-10-10,0,2026-10-10,wk inc flu hosp,quantile,0.1,0.88428354660167
39,2026-10-10,0,2026-10-10,wk inc flu hosp,quantile,0.1,31.01903009879771
40,2026-10-10,0,2026-10-10,wk inc flu hosp,quantile,0.1,13.969895545848217
41,2026-10-10,0,2026-10-10,wk inc flu hosp,quantile,0.1,19.75286049798521
42,2026-10-10,0,2026-10-10,wk inc flu hosp,quantile,0.1,97.00548547662886
44,2026-10-10,0,2026-10-10,wk inc flu hosp,quantile,0.1,3.064915938317311
45,2026-10-10,0,2026-10-10,wk inc flu hosp,quantile,0.1,21.295622174396676
46,2026-10-10,0,2026-10-10,wk inc flu hosp,quantile,0.1,1.0347866194329507
47,2026-10-10,0,2026-10-10,wk inc flu hosp,quantile,0.1,47.31889007263218
48,2026-10-10,0,2026-10-10,wk inc flu hosp,quantile,0.1,274.6879767173519
49,2026-10-10,0,2026-10-10,wk inc flu hosp,quantile,0.1,13.717109393159822
50,2026-10-10,0,2026-10-10,wk inc flu hosp,quantile,0.1,0.0
51,2026-10-10,0,2026-10-10,wk inc flu hosp,quantile,0.1,16.365314730826928
53,2026-10-10,0,2026-10-10,wk inc flu hosp,quantile,0.1,104.0915471812475
54,2026-10-10,0,2026-10-10,wk inc flu hosp,quantile,0.1,1.8023658585386606
55,2026-10-10,0,2026-10-10,wk inc flu hosp,quantile,0.1,17.374678593222995
56,2026-10-10,0,2026-10-10,wk inc flu hosp,quantile,0.1,0.4617856113035034
72,2026-10-10,0,2026-10-10,wk inc flu hosp,quantile,0.1,51.90976351201874
US,2026-10-10,0,2026-10-10,wk inc flu hosp,quantile,0.1,3007.5349865716153
01,2026-10-10,1,2026-10-17,wk inc flu hosp,quantile,0.1,26.359788932966474
02,2026-10-10,1,2026-10-17,wk inc flu hosp,quantile,0.1,8.144837617665951
04,2026-10-10,1,2026-10-17,wk inc flu hosp,quantile,0.1,27.165058237834234
05,2026-10-10,1,2026-10-17,wk inc flu hosp,quantile,0.1,4.39623946890355
06,2026-10-10,1,2026-10-17,wk inc flu hosp,quantile,0.1,307.57030783229806
08,2026-10-10,1,2026-10-17,wk inc flu hosp,quantile,0.1,13.793399545779918
09,2026-10-10,1,2026-10-17,wk inc flu hosp,quantile,0.1,9.990722386862954
10,2026-10-10,1,2026-10-17,wk inc flu hosp,quantile,0.1,2.1511192472241216
11,2026-10-10,1,2026-10-17,wk inc flu hosp,quantile,0.1,0.0
12,2026-10-10,1,2026-10-17,wk inc flu hosp,quantile,0.1,423.53441777693337
13,2026-10-10,1,2026-10-17,wk inc flu hosp,quantile,0.1,17.75675103985185
15,2026-10-10,1,2026-10-17,wk inc flu hosp,quantile,0.1,28.795102269652787
16,2026-10-10,1,2026-10-17,wk inc flu hosp,quantile,0.1,4.65864663510095
17,2026-10-10,1,2026-10-17,wk inc flu hosp,quantile,0.1,20.223626629046215
18,2026-10-10,1,2026-10-17,wk inc flu hosp,quantile,0.1,35.27258276127667
19,2026-10-10,1,2026-10-17,wk inc flu hosp,quantile,0.1,4.766274324964033
20,2026-10-10,1,2026-10-17,wk inc flu hosp,quantile,0.1,3.8305706457065494
21,2026-10-10,1,2026-10-17,wk inc flu hosp,quantile,0.1,32.709880619776655
22,2026-10-10,1,2026-10-17,wk inc flu hosp,quantile,0.1,62.31393477715134
23,2026-10-10,1,2026-10-17,wk inc flu hosp,quantile,0.1,5.7776856839683965
24,2026-10-10,1,2026-10-17,wk inc flu hosp,quantile,0.1,0.0
25,2026-10-10,1,2026-10-17,wk inc flu hosp,quantile,0.1,5.37124335359748
26,2026-10-10,1,2026-10-17,wk inc flu hosp,quantile,0.1,6.7387726470473535
27,2026-10-10,1,2026-10-17,wk inc flu hosp,quantile,0.1,5.901698793903884
28,2026-10-10,1,2026-10-17,wk inc flu hosp,quantile,0.1,5.422317863479237
29,2026-10-10,1,2026-10-17,wk inc flu hosp,quantile,0.1,5.3380719354430655
30,2026-10-10,1,2026-10-17,wk inc flu hosp,quantile,0.1,3.7966783274297895
31,2026-10-10,1,2026-10-17,wk inc flu hosp,quantile,0.1,9.055478196833219
32,2026-10-10,1,2026-10-17,wk inc flu hosp,quantile,0.1,16.602827709633015
33,2026-10-10,1,2026-10-17,wk inc flu hosp,quantile,0.1,3.008373925949993
34,2026-10-10,1,2026-10-17,wk inc flu hosp,quantile,0.1,25.705660948640276
35,2026-10-10,1,2026-10-17,wk inc flu hosp,quantile,0.1,0.42693499985192707
36,2026-10-10,1,2026-10-17,wk inc flu hosp,quantile,0.1,107.1092106877733
37,2026-10-10,1,2026-10-17,wk inc flu hosp,quantile,0.1,42.48315094973864
38,2026-10-10,1,2026-10-17,wk inc flu hosp,quantile,0.1,0.23629990174398627
39,2026-10-10,1,2026-10-17,wk inc flu hosp,quantile,0.1,12.434256961841621
40,2026-10-10,1,2026-10-17,wk inc flu hosp,quantile,0.1,8.30941635120178
41,2026-10-10,1,2026-10-17,wk inc flu hosp,quantile,0.1,11.1940735464216
42,2026-10-10,1,2026-10-17,wk inc flu hosp,quantile,0.1,65.54626589335314
44,2026-10-10,1,2026-10-17,wk inc flu hosp,quantile,0.1,1.4031628592862762
45,2026-10-10,1,2026-10-17,wk inc flu hosp,quantile,0.1,12.181684833155728
46,2026-10-10,1,2026-10-17,wk inc flu hosp,quantile,0.1,0.16085790762828625
47,2026-10-10,1,2026-10-17,wk inc flu hosp,quantile,0.1,31.26705888672309
48,2026-10-10,1,2026-10-17,wk inc flu hosp,quantile,0.1,228.51844858656142
49,2026-10-10,1,2026-10-17,wk inc flu hosp,quantile,0.1,8.983808662584506
50,2026-10-10,1,2026-10-17,wk inc flu hosp,quantile,0.1,0.0
51,2026-10-10,1,2026-10-17,wk inc flu hosp,quantile,0.1,7.867614524594218
53,2026-10-10,1,2026-10-17,wk inc flu hosp,quantile,0.1,77.53429798990067
54,2026-10-10,1,2026-10-17,wk inc flu hosp,quantile,0.1,0.0
55,2026-10-10,1,2026-10-17,wk inc flu hosp,quantile,0.1,8.104128296350073
56,2026-10-10,1,2026-10-17,wk inc flu hosp,quantile,0.1,0.10636320742040585
72,2026-10-10,1,2026-10-17,wk inc flu hosp,quantile,0.1,44.62218296018249
US,2026-10-10,1,2026-10-17,wk inc flu hosp,quantile,0.1,2699.5120603983564
01,2026-10-10,2,2026-10-24,wk inc flu hosp,quantile,0.1,20.829748286685675
02,2026-10-10,2,2026-10-24,wk inc flu hosp,quantile,0.1,6.364698330594395
04,2026-10-10,2,2026-10-24,wk inc flu hosp,quantile,0.1,20.10411394613055
05,2026-10-10,2,2026-10-24,wk inc flu hosp,quantile,0.1,2.574033487920595
06,2026-10-10,2,2026-10-24,wk inc flu hosp,quantile,0.1,251.2963629311801
08,2026-10-10,2,2026-10-24,wk inc flu hosp,quantile,0.1,7.797843088737282
09,2026-10-10,2,2026-10-24,wk inc flu hosp,quantile,0.1,6.721187086218453
10,2026-10-10,2,2026-10-24,wk inc flu hosp,quantile,0.1,1.4108948708543438
11,2026-10-10,2,2026-10-24,wk inc flu hosp,quantile,0.1,0.0
12,2026-10-10,2,2026-10-24,wk inc flu hosp,quantile,0.1,364.9594558349152
13,2026-10-10,2,2026-10-24,wk inc flu hosp,quantile,0.1,11.38483634451839
15,2026-10-10,2,2026-10-24,wk inc flu hosp,quantile,0.1,23.633615403786344
16,2026-10-10,2,2026-10-24,wk inc flu hosp,quantile,0.1,2.6215237253588293
17,2026-10-10,2,2026-10-24,wk inc flu hosp,quantile,0.1,8.047512508545834
18,2026-10-10,2,2026-10-24,wk inc flu hosp,quantile,0.1,24.391355519792107
19,2026-10-10,2,2026-10-24,wk inc flu hosp,quantile,0.1,2.0201898818172497
20,2026-10-10,2,2026-10-24,wk inc flu hosp,quantile,0.1,1.2510045727808186
21,2026-10-10,2,2026-10-24,wk inc flu hosp,quantile,0.1,26.739717380997615
22,2026-10-10,2,2026-10-24,wk inc flu hosp,quantile,0.1,53.68901832523992
23,2026-10-10,2,2026-10-24,wk inc flu hosp,quantile,0.1,3.6817947761360528
24,2026-10-10,2,2026-10-24,wk inc flu hosp,quantile,0.1,0.0
25,2026-10-10,2,2026-10-24,wk inc flu hosp,quantile,0.1,0.4452539139198929
26,2026-10-10,2,2026-10-24,wk inc flu hosp,quantile,0.1,0.0
27,2026-10-10,2,2026-10-24,wk inc flu hosp,quantile,0.1,1.3807359279713602
28,2026-10-10,2,2026-10-24,wk inc flu hosp,quantile,0.1,3.466063070598278
29,2026-10-10,2,2026-10-24,wk inc flu hosp,quantile,0.1,0.4530175626389569
30,2026-10-10,2,2026-10-24,wk inc flu hosp,quantile,0.1,2.5664791461909897
31,2026-10-10,2,2026-10-24,wk inc flu hosp,quantile,0.1,7.14470168348482
32,2026-10-10,2,2026-10-24,wk inc flu hosp,quantile,0.1,11.524339550344175
33,2026-10-10,2,2026-10-24,wk inc flu hosp,quantile,0.1,1.8040882585623303
34,2026-10-10,2,2026-10-24,wk inc flu hosp,quantile,0.1,14.70246375294588
35,2026-10-10,2,2026-10-24,wk inc flu hosp,quantile,0.1,0.0
36,2026-10-10,2,2026-10-24,wk inc flu hosp,quantile,0.1,93.36121455556786
37,2026-10-10,2,2026-10-24,wk inc flu hosp,quantile,0.1,30.1312789923729
38,2026-10-10,2,2026-10-24,wk inc flu hosp,quantile,0.1,0.0
39,2026-10-10,2,2026-10-24,wk inc flu hosp,quantile,0.1,3.884946184715184
40,2026-10-10,2,2026-10-24,wk inc flu hosp,quantile,0.1,4.8439272876351325
41,2026-10-10,2,2026-10-24,wk inc flu hosp,quantile,0.1,5.3249619130717
42,2026-10-10,2,2026-10-24,wk inc flu hosp,quantile,0.1,46.25680600936891
44,2026-10-10,2,2026-10-24,wk inc flu hosp,quantile,0.1,0.7000654834068064
45,2026-10-10,2,2026-10-24,wk inc flu hosp,quantile,0.1,6.1271886623414655
46,2026-10-10,2,2026-10-24,wk inc flu hosp,quantile,0.1,0.0
47,2026-10-10,2,2026-10-24,wk inc flu hosp,quantile,0.1,22.216977240522162
48,2026-10-10,2,2026-10-24,wk inc flu hosp,quantile,0.1,190.89451700778474
49,2026-10-10,2,2026-10-24,wk inc flu hosp,quantile,0.1,7.358866791811344
50,2026-10-10,2,2026-10-24,wk inc flu hosp,quantile,0.1,0.0
51,2026-10-10,2,2026-10-24,wk inc flu hosp,quantile,0.1,1.7337625633847178
53,2026-10-10,2,2026-10-24,wk inc flu hosp,quantile,0.1,59.16005689158221
54,2026-10-10,2,2026-10-24,wk inc flu hosp,quantile,0.1,0.0
55,2026-10-10,2,2026-10-24,wk inc flu hosp,quantile,0.1,1.02102338933207
56,2026-10-10,2,2026-10-24,wk inc flu hosp,quantile,0.1,0.0
72,2026-10-10,2,2026-10-24,wk inc flu hosp,quantile,0.1,39.19739357575226
US,2026-10-10,2,2026-10-24,wk inc flu hosp,quantile,0.1,2339.9141920736483
01,2026-10-10,3,2026-10-31,wk inc flu hosp,quantile,0.1,15.318787669593242
02,2026-10-10,3,2026-10-31,wk inc flu hosp,quantile,0.1,5.409304327371129
04,2026-10-10,3,2026-10-31,wk inc flu hosp,quantile,0.1,15.585507053653588
05,2026-10-10,3,2026-10-31,wk inc flu hosp,quantile,0.1,1.0978981261748564
06,2026-10-10,3,2026-10-31,wk inc flu hosp,quantile,0.1,192.1187445120228
08,2026-10-10,3,2026-10-31,wk inc flu hosp,quantile,0.1,4.23890254238938
09,2026-10-10,3,2026-10-31,wk inc flu hosp,quantile,0.1,3.0937883541459827
10,2026-10-10,3,2026-10-31,wk inc flu hosp,quantile,0.1,0.5839827135550243
11,2026-10-10,3,2026-10-31,wk inc flu hosp,quantile,0.1,0.0
12,2026-10-10,3,2026-10-31,wk inc flu hosp,quantile,0.1,312.5876421299365
13,2026-10-10,3,2026-10-31,wk inc flu hosp,quantile,0.1,5.717223884381743
15,2026-10-10,3,2026-10-31,wk inc flu hosp,quantile,0.1,20.522415684308925
16,2026-10-10,3,2026-10-31,wk inc flu hosp,quantile,0.1,1.7716846628412117
17,2026-10-10,3,2026-10-31,wk inc flu hosp,quantile,0.1,0.48739013416505056
18,2026-10-10,3,2026-10-31,wk inc flu hosp,quantile,0.1,16.433380699001773
19,2026-10-10,3,2026-10-31,wk inc flu hosp,quantile,0.1,0.20673317282201925
20,2026-10-10,3,2026-10-31,wk inc flu hosp,quantile,0.1,0.0
21,2026-10-10,3,2026-10-31,wk inc flu hosp,quantile,0.1,19.577339898061215
22,2026-10-10,3,2026-10-31,wk inc flu hosp,quantile,0.1,44.95498865450834
23,2026-10-10,3,2026-10-31,wk inc flu hosp,quantile,0.1,2.2680637414531075
24,2026-10-10,3,2026-10-31,wk inc flu hosp,quantile,0.1,0.0
25,2026-10-10,3,2026-10-31,wk inc flu hosp,quantile,0.1,0.0
26,2026-10-10,3,2026-10-31,wk inc flu hosp,quantile,0.1,0.0
27,2026-10-10,3,2026-10-31,wk inc flu hosp,quantile,0.1,0.0
28,2026-10-10,3,2026-10-31,wk inc flu hosp,quantile,0.1,2.3650791780530303
29,2026-10-10,3,2026-10-31,wk inc flu hosp,quantile,0.1,0.0
30,2026-10-10,3,2026-10-31,wk inc flu hosp,quantile,0.1,2.079987940990439
31,2026-10-10,3,2026-10-31,wk inc flu hosp,quantile,0.1,5.544676720253106
32,2026-10-10,3,2026-10-31,wk inc flu hosp,quantile,0.1,9.214149540603751
33,2026-10-10,3,2026-10-31,wk inc flu hosp,quantile,0.1,0.48817980482268186
34,2026-10-10,3,2026-10-31,wk inc flu hosp,quantile,0.1,8.033085887457645
35,2026-10-10,3,2026-10-31,wk inc flu hosp,quantile,0.1,0.0
36,2026-10-10,3,2026-10-31,wk inc flu hosp,quantile,0.1,73.77250734643766
37,2026-10-10,3,2026-10-31,wk inc flu hosp,quantile,0.1,20.81288655276134
38,2026-10-10,3,2026-10-31,wk inc flu hosp,quantile,0.1,0.0
39,2026-10-10,3,2026-10-31,wk inc flu hosp,quantile,0.1,0.0
40,2026-10-10,3,2026-10-31,wk inc flu hosp,quantile,0.1,2.6422571387026843
41,2026-10-10,3,2026-10-31,wk inc flu hosp,quantile,0.1,2.5729395620369893
42,2026-10-10,3,2026-10-31,wk inc flu hosp,quantile,0.1,32.6063749444944
44,2026-10-10,3,2026-10-31,wk inc flu hosp,quantile,0.1,0.26002142637678055
45,2026-10-10,3,2026-10-31,wk inc flu hosp,quantile,0.1,1.8639006734057346
46,2026-10-10,3,2026-10-31,wk inc flu hosp,quantile,0.1,0.0
47,2026-10-10,3,2026-10-31,wk inc flu hosp,quantile,0.1,17.373310750648955
48,2026-10-10,3,2026-10-31,wk inc flu hosp,quantile,0.1,154.53429537802893
49,2026-10-10,3,2026-10-31,wk inc flu hosp,quantile,0.1,4.5989854331716
50,2026-10-10,3,2026-10-31,wk inc flu hosp,quantile,0.1,0.0
51,2026-10-10,3,2026-10-31,wk inc flu hosp,quantile,0.1,0.0
53,2026-10-10,3,2026-10-31,wk inc flu hosp,quantile,0.1,42.62532825798386
54,2026-10-10,3,2026-10-31,wk inc flu hosp,quantile,0.1,0.0
55,2026-10-10,3,2026-10-31,wk inc flu hosp,quantile,0.1,0.0
56,2026-10-10,3,2026-10-31,wk inc flu hosp,quantile,0.1,0.0
72,2026-10-10,3,2026-10-31,wk inc flu hosp,quantile,0.1,37.05579389041271
US,2026-10-10,3,2026-10-31,wk inc flu hosp,quantile,0.1,1988.015112164223
01,2026-10-10,0,2026-10-10,wk inc flu hosp,quantile,0.15,39.645994508376226
02,2026-10-10,0,2026-10-10,wk inc flu hosp,quantile,0.15,12.134468011769151
04,2026-10-10,0,2026-10-10,wk inc flu hosp,quantile,0.15,45.48630281362009
05,2026-10-10,0,2026-10-10,wk inc flu hosp,quantile,0.15,10.068005152813706
06,2026-10-10,0,2026-10-10,wk inc flu hosp,quantile,0.15,396.7476520375993
08,2026-10-10,0,2026-10-10,wk inc flu hosp,quantile,0.15,25.623679833294222
09,2026-10-10,0,2026-10-10,wk inc flu hosp,quantile,0.15,16.751590120667483
10,2026-10-10,0,2026-10-10,wk inc flu hosp,quantile,0.15,5.128209511883286
11,2026-10-10,0,2026-10-10,wk inc flu hosp,quantile,0.15,0.12303179396950542
12,2026-10-10,0,2026-10-10,wk inc flu hosp,quantile,0.15,514.3210618770156
13,2026-10-10,0,2026-10-10,wk inc flu hosp,quantile,0.15,34.93492317356997
15,2026-10-10,0,2026-10-10,wk inc flu hosp,quantile,0.15,36.523888133548866
16,2026-10-10,0,2026-10-10,wk inc flu hosp,quantile,0.15,9.134282153587877
17,2026-10-10,0,2026-10-10,wk inc flu hosp,quantile,0.15,42.771847332570616
18,2026-10-10,0,2026-10-10,wk inc flu hosp,quantile,0.15,50.450144276567585
19,2026-10-10,0,2026-10-10,wk inc flu hosp,quantile,0.15,10.401435961423289
20,2026-10-10,0,2026-10-10,wk inc flu hosp,quantile,0.15,8.571582670565574
21,2026-10-10,0,2026-10-10,wk inc flu hosp,quantile,0.15,44.204800620877975
22,2026-10-10,0,2026-10-10,wk inc flu hosp,quantile,0.15,83.22470795247168
23,2026-10-10,0,2026-10-10,wk inc flu hosp,quantile,0.15,10.149041102672602
24,2026-10-10,0,2026-10-10,wk inc flu hosp,quantile,0.15,7.651675796895226
25,2026-10-10,0,2026-10-10,wk inc flu hosp,quantile,0.15,13.476425507196655
26,2026-10-10,0,2026-10-10,wk inc flu hosp,quantile,0.15,22.912252408162473
27,2026-10-10,0,2026-10-10,wk inc flu hosp,quantile,0.15,16.786769683356212
28,2026-10-10,0,2026-10-10,wk inc flu hosp,quantile,0.15,11.164625193065712
29,2026-10-10,0,2026-10-10,wk inc flu hosp,quantile,0.15,17.775622759800708
30,2026-10-10,0,2026-10-10,wk inc flu hosp,quantile,0.15,7.580543010016424
31,2026-10-10,0,2026-10-10,wk inc flu hosp,quantile,0.15,14.682548351201941
32,2026-10-10,0,2026-10-10,wk inc flu hosp,quantile,0.15,27.146539677771628
33,2026-10-10,0,2026-10-10,wk inc flu hosp,quantile,0.15,5.953111891202417
34,2026-10-10,0,2026-10-10,wk inc flu hosp,quantile,0.15,46.124023270421844
35,2026-10-10,0,2026-10-10,wk inc flu hosp,quantile,0.15,3.608482477592364
36,2026-10-10,0,2026-10-10,wk inc flu hosp,quantile,0.15,132.05701695560955
37,2026-10-10,0,2026-10-10,wk inc flu hosp,quantile,0.15,65.02000657456513
38,2026-10-10,0,2026-10-10,wk inc flu hosp,quantile,0.15,1.3931672023001944
39,2026-10-10,0,2026-10-10,wk inc flu hosp,quantile,0.15,38.07618321570293
40,2026-10-10,0,2026-10-10,wk inc flu hosp,quantile,0.15,16.743733821699387
41,2026-10-10,0,2026-10-10,wk inc flu hosp,quantile,0.15,22.10749115653184
42,2026-10-10,0,2026-10-10,wk inc flu hosp,quantile,0.15,107.03406937117025
44,2026-10-10,0,2026-10-10,wk inc flu hosp,quantile,0.15,3.7577463253077417
45,2026-10-10,0,2026-10-10,wk inc flu hosp,quantile,0.15,24.37521240741474
46,2026-10-10,0,2026-10-10,wk inc flu hosp,quantile,0.15,1.5582633186428405
47,2026-10-10,0,2026-10-10,wk inc flu hosp,quantile,0.15,51.82159955767329
48,2026-10-10,0,2026-10-10,wk inc flu hosp,quantile,0.15,292.13183792150676
49,2026-10-10,0,2026-10-10,wk inc flu hosp,quantile,0.15,15.877376933371243
50,2026-10-10,0,2026-10-10,wk inc flu hosp,quantile,0.15,0.0
51,2026-10-10,0,2026-10-10,wk inc flu hosp,quantile,0.15,19.972466313879757
53,2026-10-10,0,2026-10-10,wk inc flu hosp,quantile,0.15,110.88982056065312
54,2026-10-10,0,2026-10-10,wk inc flu hosp,quantile,0.15,2.583762473001118
55,2026-10-10,0,2026-10-10,wk inc flu hosp,quantile,0.15,19.515492913834056
56,2026-10-10,0,2026-10-10,wk inc flu hosp,quantile,0.15,0.9190681130807591
72,2026-10-10,0,2026-10-10,wk inc flu hosp,quantile,0.15,57.98814538147151
US,2026-10-10,0,2026-10-10,wk inc flu hosp,quantile,0.15,3185.8602208285724
01,2026-10-10,1,2026-10-17,wk inc flu hosp,quantile,0.15,32.117085804704615
02,2026-10-10,1,2026-10-17,wk inc flu hosp,quantile,0.15,9.974016804392619
04,2026-10-10,1,2026-10-17,wk inc flu hosp,quantile,0.15,37.574398190353044
05,2026-10-10,1,2026-10-17,wk inc flu hosp,quantile,0.15,6.84700224692073
06,2026-10-10,1,2026-10-17,wk inc flu hosp,quantile,0.15,345.98431987870754
08,2026-10-10,1,2026-10-17,wk inc flu hosp,quantile,0.15,18.10115191642371
09,2026-10-10,1,2026-10-17,wk inc flu hosp,quantile,0.15,13.085267235605675
10,2026-10-10,1,2026-10-17,wk inc flu hosp,quantile,0.15,3.450467031327657
11,2026-10-10,1,2026-10-17,wk inc flu hosp,quantile,0.15,0.0
12,2026-10-10,1,2026-10-17,wk inc flu hosp,quantile,0.15,460.1426316700492
13,2026-10-10,1,2026-10-17,wk inc flu hosp,quantile,0.15,25.792085698526645
15,2026-10-10,1,2026-10-17,wk inc flu hosp,quantile,0.15,32.614604651346845
16,2026-10-10,1,2026-10-17,wk inc flu hosp,quantile,0.15,6.635786888624183
17,2026-10-10,1,2026-10-17,wk inc flu hosp,quantile,0.15,28.857822414369302
18,2026-10-10,1,2026-10-17,wk inc flu hosp,quantile,0.15,43.63001821215281
19,2026-10-10,1,2026-10-17,wk inc flu hosp,quantile,0.15,7.351745179218625
20,2026-10-10,1,2026-10-17,wk inc flu hosp,quantile,0.15,6.119325421191815
21,2026-10-10,1,2026-10-17,wk inc flu hosp,quantile,0.15,40.181040726694434
22,2026-10-10,1,2026-10-17,wk inc flu hosp,quantile,0.15,70.95403059666884
23,2026-10-10,1,2026-10-17,wk inc flu hosp,quantile,0.15,7.728867787309856
24,2026-10-10,1,2026-10-17,wk inc flu hosp,quantile,0.15,1.9419184783452645
25,2026-10-10,1,2026-10-17,wk inc flu hosp,quantile,0.15,9.95735906612348
26,2026-10-10,1,2026-10-17,wk inc flu hosp,quantile,0.15,13.41354798004725
27,2026-10-10,1,2026-10-17,wk inc flu hosp,quantile,0.15,10.055962361620523
28,2026-10-10,1,2026-10-17,wk inc flu hosp,quantile,0.15,8.138802632278887
29,2026-10-10,1,2026-10-17,wk inc flu hosp,quantile,0.15,10.816466515754273
30,2026-10-10,1,2026-10-17,wk inc flu hosp,quantile,0.15,5.200220553914898
31,2026-10-10,1,2026-10-17,wk inc flu hosp,quantile,0.15,11.316971444565063
32,2026-10-10,1,2026-10-17,wk inc flu hosp,quantile,0.15,19.98897222394134
33,2026-10-10,1,2026-10-17,wk inc flu hosp,quantile,0.15,4.284732656033171
34,2026-10-10,1,2026-10-17,wk inc flu hosp,quantile,0.15,33.42437336344595
35,2026-10-10,1,2026-10-17,wk inc flu hosp,quantile,0.15,1.872656325791731
36,2026-10-10,1,2026-10-17,wk inc flu hosp,quantile,0.15,123.98495498081279
37,2026-10-10,1,2026-10-17,wk inc flu hosp,quantile,0.15,53.01025878490811
38,2026-10-10,1,2026-10-17,wk inc flu hosp,quantile,0.15,0.7925024457949451
39,2026-10-10,1,2026-10-17,wk inc flu hosp,quantile,0.15,23.949386609067012
40,2026-10-10,1,2026-10-17,wk inc flu hosp,quantile,0.15,12.089566993644041
41,2026-10-10,1,2026-10-17,wk inc flu hosp,quantile,0.15,15.367055304003337
42,2026-10-10,1,2026-10-17,wk inc flu hosp,quantile,0.15,79.16835828814456
44,2026-10-10,1,2026-10-17,wk inc flu hosp,quantile,0.15,2.4217321315435485
45,2026-10-10,1,2026-10-17,wk inc flu hosp,quantile,0.15,17.49031264564042
46,2026-10-10,1,2026-10-17,wk inc flu hosp,quantile,0.15,0.9813030874132793
47,2026-10-10,1,2026-10-17,wk inc flu hosp,quantile,0.15,39.889889221514416
48,2026-10-10,1,2026-10-17,wk inc flu hosp,quantile,0.15,259.22706166813134
49,2026-10-10,1,2026-10-17,wk inc flu hosp,quantile,0.15,12.187569689052426
50,2026-10-10,1,2026-10-17,wk inc flu hosp,quantile,0.15,0.0
51,2026-10-10,1,2026-10-17,wk inc flu hosp,quantile,0.15,12.039505372109016
53,2026-10-10,1,2026-10-17,wk inc flu hosp,quantile,0.15,90.04671178101836
54,2026-10-10,1,2026-10-17,wk inc flu hosp,quantile,0.15,0.8580802750733754
55,2026-10-10,1,2026-10-17,wk inc flu hosp,quantile,0.15,11.608215793464751
56,2026-10-10,1,2026-10-17,wk inc flu hosp,quantile,0.15,0.6973948850833162
72,2026-10-10,1,2026-10-17,wk inc flu hosp,quantile,0.15,50.46214723985768
US,2026-10-10,1,2026-10-17,wk inc flu hosp,quantile,0.15,2999.84628828394
01,2026-10-10,2,2026-10-24,wk inc flu hosp,quantile,0.15,27.19707585353584
02,2026-10-10,2,2026-10-24,wk inc flu hosp,quantile,0.15,8.120522903818893
04,2026-10-10,2,2026-10-24,wk inc flu hosp,quantile,0.15,29.540179995193185
05,2026-10-10,2,2026-10-24,wk inc flu hosp,quantile,0.15,5.597896303708225
06,2026-10-10,2,2026-10-24,wk inc flu hosp,quantile,0.15,295.96517752124413
08,2026-10-10,2,2026-10-24,wk inc flu hosp,quantile,0.15,13.623541712008599
09,2026-10-10,2,2026-10-24,wk inc flu hosp,quantile,0.15,10.683342963322552
10,2026-10-10,2,2026-10-24,wk inc flu hosp,quantile,0.15,2.649313137765437
11,2026-10-10,2,2026-10-24,wk inc flu hosp,quantile,0.15,0.0
12,2026-10-10,2,2026-10-24,wk inc flu hosp,quantile,0.15,413.21750880326374
13,2026-10-10,2,2026-10-24,wk inc flu hosp,quantile,0.15,19.630432048595566
15,2026-10-10,2,2026-10-24,wk inc flu hosp,quantile,0.15,27.21253785588054
16,2026-10-10,2,2026-10-24,wk inc flu hosp,quantile,0.15,4.854217096983662
17,2026-10-10,2,2026-10-24,wk inc flu hosp,quantile,0.15,19.47173998352633
18,2026-10-10,2,2026-10-24,wk inc flu hosp,quantile,0.15,33.919879888759844
19,2026-10-10,2,2026-10-24,wk inc flu hosp,quantile,0.15,4.9646102767594
20,2026-10-10,2,2026-10-24,wk inc flu hosp,quantile,0.15,3.6470305085891246
21,2026-10-10,2,2026-10-24,wk inc flu hosp,quantile,0.15,35.05534153788371
22,2026-10-10,2,2026-10-24,wk inc flu hosp,quantile,0.15,63.091325396556094
23,2026-10-10,2,2026-10-24,wk inc flu hosp,quantile,0.15,5.785867483522835
24,2026-10-10,2,2026-10-24,wk inc flu hosp,quantile,0.15,0.0
25,2026-10-10,2,2026-10-24,wk inc flu hosp,quantile,0.15,6.839078142943466
26,2026-10-10,2,2026-10-24,wk inc flu hosp,quantile,0.15,8.524638005031582
27,2026-10-10,2,2026-10-24,wk inc flu hosp,quantile,0.15,6.166162874987371
28,2026-10-10,2,2026-10-24,wk inc flu hosp,quantile,0.15,6.66039695858475
29,2026-10-10,2,2026-10-24,wk inc flu hosp,quantile,0.15,6.562370682472966
30,2026-10-10,2,2026-10-24,wk inc flu hosp,quantile,0.15,4.33095190349517
31,2026-10-10,2,2026-10-24,wk inc flu hosp,quantile,0.15,9.273881070777163
32,2026-10-10,2,2026-10-24,wk inc flu hosp,quantile,0.15,16.065343935444023
33,2026-10-10,2,2026-10-24,wk inc flu hosp,quantile,0.15,3.1312132040448057
34,2026-10-10,2,2026-10-24,wk inc flu hosp,quantile,0.15,24.259908135057014
35,2026-10-10,2,2026-10-24,wk inc flu hosp,quantile,0.15,0.4380057831991682
36,2026-10-10,2,2026-10-24,wk inc flu hosp,quantile,0.15,113.70937475601545
37,2026-10-10,2,2026-10-24,wk inc flu hosp,quantile,0.15,43.77518557933986
38,2026-10-10,2,2026-10-24,wk inc flu hosp,quantile,0.15,0.5447055167684898
39,2026-10-10,2,2026-10-24,wk inc flu hosp,quantile,0.15,14.794436637695247
40,2026-10-10,2,2026-10-24,wk inc flu hosp,quantile,0.15,9.30443884227309
41,2026-10-10,2,2026-10-24,wk inc flu hosp,quantile,0.15,9.741537215027273
42,2026-10-10,2,2026-10-24,wk inc flu hosp,quantile,0.15,64.40840246279676
44,2026-10-10,2,2026-10-24,wk inc flu hosp,quantile,0.15,1.7737449701921877
45,2026-10-10,2,2026-10-24,wk inc flu hosp,quantile,0.15,11.829656537165542
46,2026-10-10,2,2026-10-24,wk inc flu hosp,quantile,0.15,0.44629010873839653
47,2026-10-10,2,2026-10-24,wk inc flu hosp,quantile,0.15,32.19569486075263
48,2026-10-10,2,2026-10-24,wk inc flu hosp,quantile,0.15,227.25797709748397
49,2026-10-10,2,2026-10-24,wk inc flu hosp,quantile,0.15,9.791086761956645
50,2026-10-10,2,2026-10-24,wk inc flu hosp,quantile,0.15,0.0
51,2026-10-10,2,2026-10-24,wk inc flu hosp,quantile,0.15,8.103491529330823
53,2026-10-10,2,2026-10-24,wk inc flu hosp,quantile,0.15,70.70831624206846
54,2026-10-10,2,2026-10-24,wk inc flu hosp,quantile,0.15,0.0
55,2026-10-10,2,2026-10-24,wk inc flu hosp,quantile,0.15,6.334858269333228
56,2026-10-10,2,2026-10-24,wk inc flu hosp,quantile,0.15,0.45968187558523116
72,2026-10-10,2,2026-10-24,wk inc flu hosp,quantile,0.15,46.502935575900565
US,2026-10-10,2,2026-10-24,wk inc flu hosp,quantile,0.15,2752.392626572097
01,2026-10-10,3,2026-10-31,wk inc flu hosp,quantile,0.15,22.899759490615693
02,2026-10-10,3,2026-10-31,wk inc flu hosp,quantile,0.15,6.91229907600218
04,2026-10-10,3,2026-10-31,wk inc flu hosp,quantile,0.15,24.856822928712322
05,2026-10-10,3,2026-10-31,wk inc flu hosp,quantile,0.15,4.619035622182858
06,2026-10-10,3,2026-10-31,wk inc flu hosp,quantile,0.15,254.83325017814127
08,2026-10-10,3,2026-10-31,wk inc flu hosp,quantile,0.15,10.606649312823262
09,2026-10-10,3,2026-10-31,wk inc flu hosp,quantile,0.15,7.688341092126813
10,2026-10-10,3,2026-10-31,wk inc flu hosp,quantile,0.15,1.93693899607267
11,2026-10-10,3,2026-10-31,wk inc flu hosp,quantile,0.15,0.0
12,2026-10-10,3,2026-10-31,wk inc flu hosp,quantile,0.15,370.0923718698275
13,2026-10-10,3,2026-10-31,wk inc flu hosp,quantile,0.15,16.23120450520356
15,2026-10-10,3,2026-10-31,wk inc flu hosp,quantile,0.15,23.61150298895323
16,2026-10-10,3,2026-10-31,wk inc flu hosp,quantile,0.15,4.126804400974618
17,2026-10-10,3,2026-10-31,wk inc flu hosp,quantile,0.15,10.817826547602776
18,2026-10-10,3,2026-10-31,wk inc flu hosp,quantile,0.15,27.17544715220686
19,2026-10-10,3,2026-10-31,wk inc flu hosp,quantile,0.15,3.7309604940490475
20,2026-10-10,3,2026-10-31,wk inc flu hosp,quantile,0.15,2.7469195973071114
21,2026-10-10,3,2026-10-31,wk inc flu hosp,quantile,0.15,29.042280130233724
22,2026-10-10,3,2026-10-31,wk inc flu hosp,quantile,0.15,55.616661493263
23,2026-10-10,3,2026-10-31,wk inc flu hosp,quantile,0.15,4.553067407458508
24,2026-10-10,3,2026-10-31,wk inc flu hosp,quantile,0.15,0.0
25,2026-10-10,3,2026-10-31,wk inc flu hosp,quantile,0.15,3.42801505682295
26,2026-10-10,3,2026-10-31,wk inc flu hosp,quantile,0.15,2.664143761430067
27,2026-10-10,3,2026-10-31,wk inc flu hosp,quantile,0.15,3.3217694885982696
28,2026-10-10,3,2026-10-31,wk inc flu hosp,quantile,0.15,5.737841623585808
29,2026-10-10,3,2026-10-31,wk inc flu hosp,quantile,0.15,3.337475290998467
30,2026-10-10,3,2026-10-31,wk inc flu hosp,quantile,0.15,3.570597240124337
31,2026-10-10,3,2026-10-31,wk inc flu hosp,quantile,0.15,7.9656514366128635
32,2026-10-10,3,2026-10-31,wk inc flu hosp,quantile,0.15,13.151188951456907
33,2026-10-10,3,2026-10-31,wk inc flu hosp,quantile,0.15,2.220160625790812
34,2026-10-10,3,2026-10-31,wk inc flu hosp,quantile,0.15,17.716399879289956
35,2026-10-10,3,2026-10-31,wk inc flu hosp,quantile,0.15,0.0
36,2026-10-10,3,2026-10-31,wk inc flu hosp,quantile,0.15,99.51708989687778
37,2026-10-10,3,2026-10-31,wk inc flu hosp,quantile,0.15,35.08683653012768
38,2026-10-10,3,2026-10-31,wk inc flu hosp,quantile,0.15,0.2355670315645085
39,2026-10-10,3,2026-10-31,wk inc flu hosp,quantile,0.15,9.844423771259551
40,2026-10-10,3,2026-10-31,wk inc flu hosp,quantile,0.15,8.020935282566981
41,2026-10-10,3,2026-10-31,wk inc flu hosp,quantile,0.15,7.330318957767829
42,2026-10-10,3,2026-10-31,wk inc flu hosp,quantile,0.15,54.71275442583628
44,2026-10-10,3,2026-10-31,wk inc flu hosp,quantile,0.15,1.4354507741276736
45,2026-10-10,3,2026-10-31,wk inc flu hosp,quantile,0.15,8.274990860183935
46,2026-10-10,3,2026-10-31,wk inc flu hosp,quantile,0.15,0.24259188831968936
47,2026-10-10,3,2026-10-31,wk inc flu hosp,quantile,0.15,27.53704776614154
48,2026-10-10,3,2026-10-31,wk inc flu hosp,quantile,0.15,203.93477241032247
49,2026-10-10,3,2026-10-31,wk inc flu hosp,quantile,0.15,7.487602762355105
50,2026-10-10,3,2026-10-31,wk inc flu hosp,quantile,0.15,0.0
51,2026-10-10,3,2026-10-31,wk inc flu hosp,quantile,0.15,3.8819772647479165
53,2026-10-10,3,2026-10-31,wk inc flu hosp,quantile,0.15,56.23663085198595
54,2026-10-10,3,2026-10-31,wk inc flu hosp,quantile,0.15,0.0
55,2026-10-10,3,2026-10-31,wk inc flu hosp,quantile,0.15,2.3286331766393884
56,2026-10-10,3,2026-10-31,wk inc flu hosp,quantile,0.15,0.2780906500292884
72,2026-10-10,3,2026-10-31,wk inc flu hosp,quantile,0.15,44.42168791316405
US,2026-10-10,3,2026-10-31,wk inc flu hosp,quantile,0.15,2502.3600789398215
01,2026-10-10,0,2026-10-10,wk inc flu hosp,quantile,0.2,42.612304530733134
02,2026-10-10,0,2026-10-10,wk inc flu hosp,quantile,0.2,13.541456884910385
04,2026-10-10,0,2026-10-10,wk inc flu hosp,quantile,0.2,50.062245731314185
05,2026-10-10,0,2026-10-10,wk inc flu hosp,quantile,0.2,11.66864602590166
06,2026-10-10,0,2026-10-10,wk inc flu hosp,quantile,0.2,415.31263809991367
08,2026-10-10,0,2026-10-10,wk inc flu hosp,quantile,0.2,28.249175578241392
09,2026-10-10,0,2026-10-10,wk inc flu hosp,quantile,0.2,18.721263949464877
10,2026-10-10,0,2026-10-10,wk inc flu hosp,quantile,0.2,5.895403479483719
11,2026-10-10,0,2026-10-10,wk inc flu hosp,quantile,0.2,0.4521661046007803
12,2026-10-10,0,2026-10-10,wk inc flu hosp,quantile,0.2,533.4784128424456
13,2026-10-10,0,2026-10-10,wk inc flu hosp,quantile,0.2,39.064548131218565
15,2026-10-10,0,2026-10-10,wk inc flu hosp,quantile,0.2,38.88946206448668
16,2026-10-10,0,2026-10-10,wk inc flu hosp,quantile,0.2,10.42747911788326
17,2026-10-10,0,2026-10-10,wk inc flu hosp,quantile,0.2,48.026425093239176
18,2026-10-10,0,2026-10-10,wk inc flu hosp,quantile,0.2,54.030689651145295
19,2026-10-10,0,2026-10-10,wk inc flu hosp,quantile,0.2,11.88342749672848
20,2026-10-10,0,2026-10-10,wk inc flu hosp,quantile,0.2,9.715568990661371
21,2026-10-10,0,2026-10-10,wk inc flu hosp,quantile,0.2,48.29090525054136
22,2026-10-10,0,2026-10-10,wk inc flu hosp,quantile,0.2,87.80376246900565
23,2026-10-10,0,2026-10-10,wk inc flu hosp,quantile,0.2,11.199209057704872
24,2026-10-10,0,2026-10-10,wk inc flu hosp,quantile,0.2,9.453871759493241
25,2026-10-10,0,2026-10-10,wk inc flu hosp,quantile,0.2,15.414083733421188
26,2026-10-10,0,2026-10-10,wk inc flu hosp,quantile,0.2,26.915722313745626
27,2026-10-10,0,2026-10-10,wk inc flu hosp,quantile,0.2,19.707563775525422
28,2026-10-10,0,2026-10-10,wk inc flu hosp,quantile,0.2,12.821411180159387
29,2026-10-10,0,2026-10-10,wk inc flu hosp,quantile,0.2,20.64325448058616
30,2026-10-10,0,2026-10-10,wk inc flu hosp,quantile,0.2,8.46416868116104
31,2026-10-10,0,2026-10-10,wk inc flu hosp,quantile,0.2,16.292212107146103
32,2026-10-10,0,2026-10-10,wk inc flu hosp,quantile,0.2,29.142953714185822
33,2026-10-10,0,2026-10-10,wk inc flu hosp,quantile,0.2,6.820838339125345
34,2026-10-10,0,2026-10-10,wk inc flu hosp,quantile,0.2,50.59291008638721
35,2026-10-10,0,2026-10-10,wk inc flu hosp,quantile,0.2,4.748825270334559
36,2026-10-10,0,2026-10-10,wk inc flu hosp,quantile,0.2,138.39639991925978
37,2026-10-10,0,2026-10-10,wk inc flu hosp,quantile,0.2,71.39731139030557
38,2026-10-10,0,2026-10-10,wk inc flu hosp,quantile,0.2,1.8676842242031326
39,2026-10-10,0,2026-10-10,wk inc flu hosp,quantile,0.2,45.02002164760155
40,2026-10-10,0,2026-10-10,wk inc flu hosp,quantile,0.2,18.490298042640884
41,2026-10-10,0,2026-10-10,wk inc flu hosp,quantile,0.2,24.205374601051318
42,2026-10-10,0,2026-10-10,wk inc flu hosp,quantile,0.2,114.2451278885945
44,2026-10-10,0,2026-10-10,wk inc flu hosp,quantile,0.2,4.381583348277158
45,2026-10-10,0,2026-10-10,wk inc flu hosp,quantile,0.2,27.18202683680522
46,2026-10-10,0,2026-10-10,wk inc flu hosp,quantile,0.2,2.121797616032482
47,2026-10-10,0,2026-10-10,wk inc flu hosp,quantile,0.2,56.07592131735894
48,2026-10-10,0,2026-10-10,wk inc flu hosp,quantile,0.2,308.8155604370661
49,2026-10-10,0,2026-10-10,wk inc flu hosp,quantile,0.2,17.22205129386479
50,2026-10-10,0,2026-10-10,wk inc flu hosp,quantile,0.2,0.0
51,2026-10-10,0,2026-10-10,wk inc flu hosp,quantile,0.2,22.736257546160317
53,2026-10-10,0,2026-10-10,wk inc flu hosp,quantile,0.2,115.67215165880212
54,2026-10-10,0,2026-10-10,wk inc flu hosp,quantile,0.2,3.345878796506346
55,2026-10-10,0,2026-10-10,wk inc flu hosp,quantile,0.2,21.598621205955727
56,2026-10-10,0,2026-10-10,wk inc flu hosp,quantile,0.2,1.4165755797185242
72,2026-10-10,0,2026-10-10,wk inc flu hosp,quantile,0.2,62.426837397558934
US,2026-10-10,0,2026-10-10,wk inc flu hosp,quantile,0.2,3281.92314165799
01,2026-10-10,1,2026-10-17,wk inc flu hosp,quantile,0.2,37.25257474427641
02,2026-10-10,1,2026-10-17,wk inc flu hosp,quantile,0.2,11.39236605417873
04,2026-10-10,1,2026-10-17,wk inc flu hosp,quantile,0.2,46.40843420236321
05,2026-10-10,1,2026-10-17,wk inc flu hosp,quantile,0.2,9.08244037820064
06,2026-10-10,1,2026-10-17,wk inc flu hosp,quantile,0.2,376.7295384556158
08,2026-10-10,1,2026-10-17,wk inc flu hosp,quantile,0.2,22.472721866086232
09,2026-10-10,1,2026-10-17,wk inc flu hosp,quantile,0.2,16.595441464121667
10,2026-10-10,1,2026-10-17,wk inc flu hosp,quantile,0.2,4.708430783791109
11,2026-10-10,1,2026-10-17,wk inc flu hosp,quantile,0.2,0.1909306302808017
12,2026-10-10,1,2026-10-17,wk inc flu hosp,quantile,0.2,490.34168556614736
13,2026-10-10,1,2026-10-17,wk inc flu hosp,quantile,0.2,32.67707821145125
15,2026-10-10,1,2026-10-17,wk inc flu hosp,quantile,0.2,35.34729875283449
16,2026-10-10,1,2026-10-17,wk inc flu hosp,quantile,0.2,8.304145787768476
17,2026-10-10,1,2026-10-17,wk inc flu hosp,quantile,0.2,38.150521547963606
18,2026-10-10,1,2026-10-17,wk inc flu hosp,quantile,0.2,50.14851023505078
19,2026-10-10,1,2026-10-17,wk inc flu hosp,quantile,0.2,9.75782959297291
20,2026-10-10,1,2026-10-17,wk inc flu hosp,quantile,0.2,8.099600383032174
21,2026-10-10,1,2026-10-17,wk inc flu hosp,quantile,0.2,46.141125417602964
22,2026-10-10,1,2026-10-17,wk inc flu hosp,quantile,0.2,79.33441215501193
23,2026-10-10,1,2026-10-17,wk inc flu hosp,quantile,0.2,9.390593431293954
24,2026-10-10,1,2026-10-17,wk inc flu hosp,quantile,0.2,4.754582585304455
25,2026-10-10,1,2026-10-17,wk inc flu hosp,quantile,0.2,13.548631701734893
26,2026-10-10,1,2026-10-17,wk inc flu hosp,quantile,0.2,18.970829535451397
27,2026-10-10,1,2026-10-17,wk inc flu hosp,quantile,0.2,13.931392747102809
28,2026-10-10,1,2026-10-17,wk inc flu hosp,quantile,0.2,10.079351224175198
29,2026-10-10,1,2026-10-17,wk inc flu hosp,quantile,0.2,14.37742139857926
30,2026-10-10,1,2026-10-17,wk inc flu hosp,quantile,0.2,6.77533365395943
31,2026-10-10,1,2026-10-17,wk inc flu hosp,quantile,0.2,14.080268901256805
32,2026-10-10,1,2026-10-17,wk inc flu hosp,quantile,0.2,23.56720985262386
33,2026-10-10,1,2026-10-17,wk inc flu hosp,quantile,0.2,5.545250828349457
34,2026-10-10,1,2026-10-17,wk inc flu hosp,quantile,0.2,39.58150899155516
35,2026-10-10,1,2026-10-17,wk inc flu hosp,quantile,0.2,3.1123832678469205
36,2026-10-10,1,2026-10-17,wk inc flu hosp,quantile,0.2,138.54609943825304
37,2026-10-10,1,2026-10-17,wk inc flu hosp,quantile,0.2,62.05177374672816
38,2026-10-10,1,2026-10-17,wk inc flu hosp,quantile,0.2,1.3850830761609434
39,2026-10-10,1,2026-10-17,wk inc flu hosp,quantile,0.2,32.68303017020349
40,2026-10-10,1,2026-10-17,wk inc flu hosp,quantile,0.2,15.6791867820275
41,2026-10-10,1,2026-10-17,wk inc flu hosp,quantile,0.2,18.16208250205258
42,2026-10-10,1,2026-10-17,wk inc flu hosp,quantile,0.2,89.98885743775652
44,2026-10-10,1,2026-10-17,wk inc flu hosp,quantile,0.2,3.250882749975193
45,2026-10-10,1,2026-10-17,wk inc flu hosp,quantile,0.2,22.214259864477636
46,2026-10-10,1,2026-10-17,wk inc flu hosp,quantile,0.2,1.557090189112342
47,2026-10-10,1,2026-10-17,wk inc flu hosp,quantile,0.2,45.68800110314428
48,2026-10-10,1,2026-10-17,wk inc flu hosp,quantile,0.2,281.5580890574091
49,2026-10-10,1,2026-10-17,wk inc flu hosp,quantile,0.2,14.176608172320297
50,2026-10-10,1,2026-10-17,wk inc flu hosp,quantile,0.2,0.0
51,2026-10-10,1,2026-10-17,wk inc flu hosp,quantile,0.2,16.667208395114134
53,2026-10-10,1,2026-10-17,wk inc flu hosp,quantile,0.2,98.6276474377245
54,2026-10-10,1,2026-10-17,wk inc flu hosp,quantile,0.2,2.0217380384321464
55,2026-10-10,1,2026-10-17,wk inc flu hosp,quantile,0.2,15.221479648400596
56,2026-10-10,1,2026-10-17,wk inc flu hosp,quantile,0.2,1.180750087506556
72,2026-10-10,1,2026-10-17,wk inc flu hosp,quantile,0.2,56.27950370112167
US,2026-10-10,1,2026-10-17,wk inc flu hosp,quantile,0.2,3230.3963147150594
01,2026-10-10,2,2026-10-24,wk inc flu hosp,quantile,0.2,32.53105281477868
02,2026-10-10,2,2026-10-24,wk inc flu hosp,quantile,0.2,9.714518056833311
04,2026-10-10,2,2026-10-24,wk inc flu hosp,quantile,0.2,38.733950406551784
05,2026-10-10,2,2026-10-24,wk inc flu hosp,quantile,0.2,8.066197594858405
06,2026-10-10,2,2026-10-24,wk inc flu hosp,quantile,0.2,336.22465396078303
08,2026-10-10,2,2026-10-24,wk inc flu hosp,quantile,0.2,18.76089310034935
09,2026-10-10,2,2026-10-24,wk inc flu hosp,quantile,0.2,14.083134918975198
10,2026-10-10,2,2026-10-24,wk inc flu hosp,quantile,0.2,3.7174535255692613
11,2026-10-10,2,2026-10-24,wk inc flu hosp,quantile,0.2,0.1033845562728964
12,2026-10-10,2,2026-10-24,wk inc flu hosp,quantile,0.2,454.36984049485653
13,2026-10-10,2,2026-10-24,wk inc flu hosp,quantile,0.2,27.12465493196
15,2026-10-10,2,2026-10-24,wk inc flu hosp,quantile,0.2,30.950222178657516
16,2026-10-10,2,2026-10-24,wk inc flu hosp,quantile,0.2,6.921500075126947
17,2026-10-10,2,2026-10-24,wk inc flu hosp,quantile,0.2,28.744716184599795
18,2026-10-10,2,2026-10-24,wk inc flu hosp,quantile,0.2,43.402144058442424
19,2026-10-10,2,2026-10-24,wk inc flu hosp,quantile,0.2,7.9019495756026625
20,2026-10-10,2,2026-10-24,wk inc flu hosp,quantile,0.2,6.278597113560253
21,2026-10-10,2,2026-10-24,wk inc flu hosp,quantile,0.2,42.65702266700973
22,2026-10-10,2,2026-10-24,wk inc flu hosp,quantile,0.2,71.45711565718894
23,2026-10-10,2,2026-10-24,wk inc flu hosp,quantile,0.2,8.039424542855754
24,2026-10-10,2,2026-10-24,wk inc flu hosp,quantile,0.2,2.4963942753449713
25,2026-10-10,2,2026-10-24,wk inc flu hosp,quantile,0.2,11.440673589375958
26,2026-10-10,2,2026-10-24,wk inc flu hosp,quantile,0.2,15.433887202109956
27,2026-10-10,2,2026-10-24,wk inc flu hosp,quantile,0.2,10.291344885503097
28,2026-10-10,2,2026-10-24,wk inc flu hosp,quantile,0.2,8.986711817935607
29,2026-10-10,2,2026-10-24,wk inc flu hosp,quantile,0.2,11.16057476707529
30,2026-10-10,2,2026-10-24,wk inc flu hosp,quantile,0.2,5.766287002596313
31,2026-10-10,2,2026-10-24,wk inc flu hosp,quantile,0.2,11.977286309138618
32,2026-10-10,2,2026-10-24,wk inc flu hosp,quantile,0.2,20.263072370872866
33,2026-10-10,2,2026-10-24,wk inc flu hosp,quantile,0.2,4.3201852787045905
34,2026-10-10,2,2026-10-24,wk inc flu hosp,quantile,0.2,31.735536873081784
35,2026-10-10,2,2026-10-24,wk inc flu hosp,quantile,0.2,2.0966650374080924
36,2026-10-10,2,2026-10-24,wk inc flu hosp,quantile,0.2,132.88421555754618
37,2026-10-10,2,2026-10-24,wk inc flu hosp,quantile,0.2,54.16711217257764
38,2026-10-10,2,2026-10-24,wk inc flu hosp,quantile,0.2,1.1954912354296123
39,2026-10-10,2,2026-10-24,wk inc flu hosp,quantile,0.2,24.375052837570767
40,2026-10-10,2,2026-10-24,wk inc flu hosp,quantile,0.2,14.130965036964255
41,2026-10-10,2,2026-10-24,wk inc flu hosp,quantile,0.2,14.610303090033801
42,2026-10-10,2,2026-10-24,wk inc flu hosp,quantile,0.2,78.5680911906265
44,2026-10-10,2,2026-10-24,wk inc flu hosp,quantile,0.2,2.65394414280055
45,2026-10-10,2,2026-10-24,wk inc flu hosp,quantile,0.2,16.78356370345184
46,2026-10-10,2,2026-10-24,wk inc flu hosp,quantile,0.2,1.0831381553043797
47,2026-10-10,2,2026-10-24,wk inc flu hosp,quantile,0.2,40.52304358858895
48,2026-10-10,2,2026-10-24,wk inc flu hosp,quantile,0.2,257.6050073664507
49,2026-10-10,2,2026-10-24,wk inc flu hosp,quantile,0.2,12.30411297680094
50,2026-10-10,2,2026-10-24,wk inc flu hosp,quantile,0.2,0.0
51,2026-10-10,2,2026-10-24,wk inc flu hosp,quantile,0.2,13.621866974978568
53,2026-10-10,2,2026-10-24,wk inc flu hosp,quantile,0.2,80.73410073586965
54,2026-10-10,2,2026-10-24,wk inc flu hosp,quantile,0.2,0.8730442570243118
55,2026-10-10,2,2026-10-24,wk inc flu hosp,quantile,0.2,10.938999341665445
56,2026-10-10,2,2026-10-24,wk inc flu hosp,quantile,0.2,0.9234667847800969
72,2026-10-10,2,2026-10-24,wk inc flu hosp,quantile,0.2,53.02647929472154
US,2026-10-10,2,2026-10-24,wk inc flu hosp,quantile,0.2,3157.395073712452
01,2026-10-10,3,2026-10-31,wk inc flu hosp,quantile,0.2,29.626487495086533
02,2026-10-10,3,2026-10-31,wk inc flu hosp,quantile,0.2,8.165901936457503
04,2026-10-10,3,2026-10-31,wk inc flu hosp,quantile,0.2,36.17193403240514
05,2026-10-10,3,2026-10-31,wk inc flu hosp,quantile,0.2,7.394949500848486
06,2026-10-10,3,2026-10-31,wk inc flu hosp,quantile,0.2,298.03152581915685
08,2026-10-10,3,2026-10-31,wk inc flu hosp,quantile,0.2,15.655540995874334
09,2026-10-10,3,2026-10-31,wk inc flu hosp,quantile,0.2,12.748737727512463
10,2026-10-10,3,2026-10-31,wk inc flu hosp,quantile,0.2,3.10552787741103
11,2026-10-10,3,2026-10-31,wk inc flu hosp,quantile,0.2,0.0
12,2026-10-10,3,2026-10-31,wk inc flu hosp,quantile,0.2,419.288197797247
13,2026-10-10,3,2026-10-31,wk inc flu hosp,quantile,0.2,24.374984953258693
15,2026-10-10,3,2026-10-31,wk inc flu hosp,quantile,0.2,27.204307289117175
16,2026-10-10,3,2026-10-31,wk inc flu hosp,quantile,0.2,6.167099484257261
17,2026-10-10,3,2026-10-31,wk inc flu hosp,quantile,0.2,23.5217060165586
18,2026-10-10,3,2026-10-31,wk inc flu hosp,quantile,0.2,39.759398021775326
19,2026-10-10,3,2026-10-31,wk inc flu hosp,quantile,0.2,7.04660136785987
20,2026-10-10,3,2026-10-31,wk inc flu hosp,quantile,0.2,5.825826288062362
21,2026-10-10,3,2026-10-31,wk inc flu hosp,quantile,0.2,38.924640062564855
22,2026-10-10,3,2026-10-31,wk inc flu hosp,quantile,0.2,65.2505283185
23,2026-10-10,3,2026-10-31,wk inc flu hosp,quantile,0.2,6.72406031150511
24,2026-10-10,3,2026-10-31,wk inc flu hosp,quantile,0.2,1.2188914705712453
25,2026-10-10,3,2026-10-31,wk inc flu hosp,quantile,0.2,8.894586741792263
26,2026-10-10,3,2026-10-31,wk inc flu hosp,quantile,0.2,11.361493466615608
27,2026-10-10,3,2026-10-31,wk inc flu hosp,quantile,0.2,8.004789954391088
28,2026-10-10,3,2026-10-31,wk inc flu hosp,quantile,0.2,8.319223302437585
29,2026-10-10,3,2026-10-31,wk inc flu hosp,quantile,0.2,9.889524760513067
30,2026-10-10,3,2026-10-31,wk inc flu hosp,quantile,0.2,5.027436863369071
31,2026-10-10,3,2026-10-31,wk inc flu hosp,quantile,0.2,10.53599966651567
32,2026-10-10,3,2026-10-31,wk inc flu hosp,quantile,0.2,16.64528346090027
33,2026-10-10,3,2026-10-31,wk inc flu hosp,quantile,0.2,3.5607074365268314
34,2026-10-10,3,2026-10-31,wk inc flu hosp,quantile,0.2,27.8981335950865
35,2026-10-10,3,2026-10-31,wk inc flu hosp,quantile,0.2,1.671163456435696
36,2026-10-10,3,2026-10-31,wk inc flu hosp,quantile,0.2,128.74420994529092
37,2026-10-10,3,2026-10-31,wk inc flu hosp,quantile,0.2,47.865514886383956
38,2026-10-10,3,2026-10-31,wk inc flu hosp,quantile,0.2,0.8011985501922814
39,2026-10-10,3,2026-10-31,wk inc flu hosp,quantile,0.2,21.42679720168593
40,2026-10-10,3,2026-10-31,wk inc flu hosp,quantile,0.2,12.672260759328337
41,2026-10-10,3,2026-10-31,wk inc flu hosp,quantile,0.2,11.497017807805761
42,2026-10-10,3,2026-10-31,wk inc flu hosp,quantile,0.2,74.58278577843014
44,2026-10-10,3,2026-10-31,wk inc flu hosp,quantile,0.2,2.35928712216694
45,2026-10-10,3,2026-10-31,wk inc flu hosp,quantile,0.2,14.348373846994548
46,2026-10-10,3,2026-10-31,wk inc flu hosp,quantile,0.2,0.9373620606964653
47,2026-10-10,3,2026-10-31,wk inc flu hosp,quantile,0.2,37.14978243655383
48,2026-10-10,3,2026-10-31,wk inc flu hosp,quantile,0.2,240.77800905010238
49,2026-10-10,3,2026-10-31,wk inc flu hosp,quantile,0.2,10.333988547665161
50,2026-10-10,3,2026-10-31,wk inc flu hosp,quantile,0.2,0.0
51,2026-10-10,3,2026-10-31,wk inc flu hosp,quantile,0.2,10.6455777297318
53,2026-10-10,3,2026-10-31,wk inc flu hosp,quantile,0.2,67.7282292652334
54,2026-10-10,3,2026-10-31,wk inc flu hosp,quantile,0.2,0.4268313868097257
55,2026-10-10,3,2026-10-31,wk inc flu hosp,quantile,0.2,8.173143715435437
56,2026-10-10,3,2026-10-31,wk inc flu hosp,quantile,0.2,0.9124072049142343
72,2026-10-10,3,2026-10-31,wk inc flu hosp,quantile,0.2,51.04271349639985
US,2026-10-10,3,2026-10-31,wk inc flu hosp,quantile,0.2,2954.1337041883435
01,2026-10-10,0,2026-10-10,wk inc flu hosp,quantile,0.25,45.20269020415473
02,2026-10-10,0,2026-10-10,wk inc flu hosp,quantile,0.25,14.617184899681728
04,2026-10-10,0,2026-10-10,wk inc flu hosp,quantile,0.25,55.03579649908664
05,2026-10-10,0,2026-10-10,wk inc flu hosp,quantile,0.25,13.101798427922144
06,2026-10-10,0,2026-10-10,wk inc flu hosp,quantile,0.25,429.350981370714
08,2026-10-10,0,2026-10-10,wk inc flu hosp,quantile,0.25,31.027471118400488
09,2026-10-10,0,2026-10-10,wk inc flu hosp,quantile,0.25,20.84263770159629
10,2026-10-10,0,2026-10-10,wk inc flu hosp,quantile,0.25,6.915566209121911
11,2026-10-10,0,2026-10-10,wk inc flu hosp,quantile,0.25,0.758027979483118
12,2026-10-10,0,2026-10-10,wk inc flu hosp,quantile,0.25,551.2201970978944
13,2026-10-10,0,2026-10-10,wk inc flu hosp,quantile,0.25,42.882469623124955
15,2026-10-10,0,2026-10-10,wk inc flu hosp,quantile,0.25,40.7324770315466
16,2026-10-10,0,2026-10-10,wk inc flu hosp,quantile,0.25,11.40615813972667
17,2026-10-10,0,2026-10-10,wk inc flu hosp,quantile,0.25,52.87645433362258
18,2026-10-10,0,2026-10-10,wk inc flu hosp,quantile,0.25,57.30325075532903
19,2026-10-10,0,2026-10-10,wk inc flu hosp,quantile,0.25,13.180250274995101
20,2026-10-10,0,2026-10-10,wk inc flu hosp,quantile,0.25,11.044541139176989
21,2026-10-10,0,2026-10-10,wk inc flu hosp,quantile,0.25,51.435759850710006
22,2026-10-10,0,2026-10-10,wk inc flu hosp,quantile,0.25,92.95458672325307
23,2026-10-10,0,2026-10-10,wk inc flu hosp,quantile,0.25,12.474497006080641
24,2026-10-10,0,2026-10-10,wk inc flu hosp,quantile,0.25,11.247877569441377
25,2026-10-10,0,2026-10-10,wk inc flu hosp,quantile,0.25,17.675746588987295
26,2026-10-10,0,2026-10-10,wk inc flu hosp,quantile,0.25,29.882629396688408
27,2026-10-10,0,2026-10-10,wk inc flu hosp,quantile,0.25,21.75506452317319
28,2026-10-10,0,2026-10-10,wk inc flu hosp,quantile,0.25,14.291358156356324
29,2026-10-10,0,2026-10-10,wk inc flu hosp,quantile,0.25,22.90685763541295
30,2026-10-10,0,2026-10-10,wk inc flu hosp,quantile,0.25,9.5062886004877
31,2026-10-10,0,2026-10-10,wk inc flu hosp,quantile,0.25,17.527574570004145
32,2026-10-10,0,2026-10-10,wk inc flu hosp,quantile,0.25,31.22621345956595
33,2026-10-10,0,2026-10-10,wk inc flu hosp,quantile,0.25,7.617473020294367
34,2026-10-10,0,2026-10-10,wk inc flu hosp,quantile,0.25,54.872713372985494
35,2026-10-10,0,2026-10-10,wk inc flu hosp,quantile,0.25,5.680114019030175
36,2026-10-10,0,2026-10-10,wk inc flu hosp,quantile,0.25,145.33644765317018
37,2026-10-10,0,2026-10-10,wk inc flu hosp,quantile,0.25,76.07406269185829
38,2026-10-10,0,2026-10-10,wk inc flu hosp,quantile,0.25,2.3888469409601796
39,2026-10-10,0,2026-10-10,wk inc flu hosp,quantile,0.25,51.09558489963129
40,2026-10-10,0,2026-10-10,wk inc flu hosp,quantile,0.25,20.779518243775605
41,2026-10-10,0,2026-10-10,wk inc flu hosp,quantile,0.25,26.311865985272014
42,2026-10-10,0,2026-10-10,wk inc flu hosp,quantile,0.25,121.77483911322977
44,2026-10-10,0,2026-10-10,wk inc flu hosp,quantile,0.25,5.0459538078544215
45,2026-10-10,0,2026-10-10,wk inc flu hosp,quantile,0.25,29.588700158574934
46,2026-10-10,0,2026-10-10,wk inc flu hosp,quantile,0.25,2.5521505491692897
47,2026-10-10,0,2026-10-10,wk inc flu hosp,quantile,0.25,59.66644248700725
48,2026-10-10,0,2026-10-10,wk inc flu hosp,quantile,0.25,321.8346045924112
49,2026-10-10,0,2026-10-10,wk inc flu hosp,quantile,0.25,18.62651252613712
50,2026-10-10,0,2026-10-10,wk inc flu hosp,quantile,0.25,0.14805539575865578
51,2026-10-10,0,2026-10-10,wk inc flu hosp,quantile,0.25,25.423000078619957
53,2026-10-10,0,2026-10-10,wk inc flu hosp,quantile,0.25,120.74437530524435
54,2026-10-10,0,2026-10-10,wk inc flu hosp,quantile,0.25,4.125520795066272
55,2026-10-10,0,2026-10-10,wk inc flu hosp,quantile,0.25,23.726178928629746
56,2026-10-10,0,2026-10-10,wk inc flu hosp,quantile,0.25,1.8712142220367682
72,2026-10-10,0,2026-10-10,wk inc flu hosp,quantile,0.25,66.1206070161449
US,2026-10-10,0,2026-10-10,wk inc flu hosp,quantile,0.25,3399.4742646084233
01,2026-10-10,1,2026-10-17,wk inc flu hosp,quantile,0.25,41.46116713982201
02,2026-10-10,1,2026-10-17,wk inc flu hosp,quantile,0.25,12.62509956855135
04,2026-10-10,1,2026-10-17,wk inc flu hosp,quantile,0.25,53.11779600621878
05,2026-10-10,1,2026-10-17,wk inc flu hosp,quantile,0.25,11.375152991119258
06,2026-10-10,1,2026-10-17,wk inc flu hosp,quantile,0.25,397.846091581827
08,2026-10-10,1,2026-10-17,wk inc flu hosp,quantile,0.25,26.478672232555233
09,2026-10-10,1,2026-10-17,wk inc flu hosp,quantile,0.25,19.311381275951213
10,2026-10-10,1,2026-10-17,wk inc flu hosp,quantile,0.25,5.616138397075926
11,2026-10-10,1,2026-10-17,wk inc flu hosp,quantile,0.25,0.6053903132968785
12,2026-10-10,1,2026-10-17,wk inc flu hosp,quantile,0.25,522.2294996700452
13,2026-10-10,1,2026-10-17,wk inc flu hosp,quantile,0.25,39.23846066487515
15,2026-10-10,1,2026-10-17,wk inc flu hosp,quantile,0.25,38.10364997664004
16,2026-10-10,1,2026-10-17,wk inc flu hosp,quantile,0.25,10.033573901991874
17,2026-10-10,1,2026-10-17,wk inc flu hosp,quantile,0.25,43.72465212305566
18,2026-10-10,1,2026-10-17,wk inc flu hosp,quantile,0.25,55.45766973532625
19,2026-10-10,1,2026-10-17,wk inc flu hosp,quantile,0.25,11.944117179268494
20,2026-10-10,1,2026-10-17,wk inc flu hosp,quantile,0.25,10.344052750985183
21,2026-10-10,1,2026-10-17,wk inc flu hosp,quantile,0.25,52.00828688808263
22,2026-10-10,1,2026-10-17,wk inc flu hosp,quantile,0.25,86.51531479832755
23,2026-10-10,1,2026-10-17,wk inc flu hosp,quantile,0.25,10.879053497484335
24,2026-10-10,1,2026-10-17,wk inc flu hosp,quantile,0.25,7.791229639803679
25,2026-10-10,1,2026-10-17,wk inc flu hosp,quantile,0.25,16.871817202080937
26,2026-10-10,1,2026-10-17,wk inc flu hosp,quantile,0.25,23.931586459644652
27,2026-10-10,1,2026-10-17,wk inc flu hosp,quantile,0.25,17.399592314053773
28,2026-10-10,1,2026-10-17,wk inc flu hosp,quantile,0.25,11.839398716750804
29,2026-10-10,1,2026-10-17,wk inc flu hosp,quantile,0.25,18.069222983608057
30,2026-10-10,1,2026-10-17,wk inc flu hosp,quantile,0.25,8.123891772989948
31,2026-10-10,1,2026-10-17,wk inc flu hosp,quantile,0.25,16.474676963240316
32,2026-10-10,1,2026-10-17,wk inc flu hosp,quantile,0.25,26.451264733573968
33,2026-10-10,1,2026-10-17,wk inc flu hosp,quantile,0.25,6.398067807367092
34,2026-10-10,1,2026-10-17,wk inc flu hosp,quantile,0.25,44.15676703616839
35,2026-10-10,1,2026-10-17,wk inc flu hosp,quantile,0.25,4.460509741702444
36,2026-10-10,1,2026-10-17,wk inc flu hosp,quantile,0.25,150.72820115100916
37,2026-10-10,1,2026-10-17,wk inc flu hosp,quantile,0.25,71.04246546266162
38,2026-10-10,1,2026-10-17,wk inc flu hosp,quantile,0.25,1.9453846912472532
39,2026-10-10,1,2026-10-17,wk inc flu hosp,quantile,0.25,41.24490385554513
40,2026-10-10,1,2026-10-17,wk inc flu hosp,quantile,0.25,19.38149663153781
41,2026-10-10,1,2026-10-17,wk inc flu hosp,quantile,0.25,21.466485980403068
42,2026-10-10,1,2026-10-17,wk inc flu hosp,quantile,0.25,100.04087121768309
44,2026-10-10,1,2026-10-17,wk inc flu hosp,quantile,0.25,4.248390893480995
45,2026-10-10,1,2026-10-17,wk inc flu hosp,quantile,0.25,26.14956321763481
46,2026-10-10,1,2026-10-17,wk inc flu hosp,quantile,0.25,2.1307268540753372
47,2026-10-10,1,2026-10-17,wk inc flu hosp,quantile,0.25,52.80156989702006
48,2026-10-10,1,2026-10-17,wk inc flu hosp,quantile,0.25,305.63234392355116
49,2026-10-10,1,2026-10-17,wk inc flu hosp,quantile,0.25,15.898700855426833
50,2026-10-10,1,2026-10-17,wk inc flu hosp,quantile,0.25,0.0
51,2026-10-10,1,2026-10-17,wk inc flu hosp,quantile,0.25,20.820480730915154
53,2026-10-10,1,2026-10-17,wk inc flu hosp,quantile,0.25,106.8359586765071
54,2026-10-10,1,2026-10-17,wk inc flu hosp,quantile,0.25,3.0775524990647187
55,2026-10-10,1,2026-10-17,wk inc flu hosp,quantile,0.25,18.35543090940033
56,2026-10-10,1,2026-10-17,wk inc flu hosp,quantile,0.25,1.6346305094886082
72,2026-10-10,1,2026-10-17,wk inc flu hosp,quantile,0.25,61.245347595846646
US,2026-10-10,1,2026-10-17,wk inc flu hosp,quantile,0.25,3467.7318125561887
01,2026-10-10,2,2026-10-24,wk inc flu hosp,quantile,0.25,38.14434357051095
02,2026-10-10,2,2026-10-24,wk inc flu hosp,quantile,0.25,11.006616828171646
04,2026-10-10,2,2026-10-24,wk inc flu hosp,quantile,0.25,48.162670613229515
05,2026-10-10,2,2026-10-24,wk inc flu hosp,quantile,0.25,10.442515399309524
06,2026-10-10,2,2026-10-24,wk inc flu hosp,quantile,0.25,366.0701986916918
08,2026-10-10,2,2026-10-24,wk inc flu hosp,quantile,0.25,23.072555478445953
09,2026-10-10,2,2026-10-24,wk inc flu hosp,quantile,0.25,17.524306379038325
10,2026-10-10,2,2026-10-24,wk inc flu hosp,quantile,0.25,4.72718078584252
11,2026-10-10,2,2026-10-24,wk inc flu hosp,quantile,0.25,0.509448474467582
12,2026-10-10,2,2026-10-24,wk inc flu hosp,quantile,0.25,493.42060998920056
13,2026-10-10,2,2026-10-24,wk inc flu hosp,quantile,0.25,35.734366620955264
15,2026-10-10,2,2026-10-24,wk inc flu hosp,quantile,0.25,34.38475029494946
16,2026-10-10,2,2026-10-24,wk inc flu hosp,quantile,0.25,8.57056530719036
17,2026-10-10,2,2026-10-24,wk inc flu hosp,quantile,0.25,37.678930453624126
18,2026-10-10,2,2026-10-24,wk inc flu hosp,quantile,0.25,52.40585633015951
19,2026-10-10,2,2026-10-24,wk inc flu hosp,quantile,0.25,10.085073997056886
20,2026-10-10,2,2026-10-24,wk inc flu hosp,quantile,0.25,8.732725377700714
21,2026-10-10,2,2026-10-24,wk inc flu hosp,quantile,0.25,50.426537173757694
22,2026-10-10,2,2026-10-24,wk inc flu hosp,quantile,0.25,78.89956361634243
23,2026-10-10,2,2026-10-24,wk inc flu hosp,quantile,0.25,9.69238431635982
24,2026-10-10,2,2026-10-24,wk inc flu hosp,quantile,0.25,5.827779957302144
25,2026-10-10,2,2026-10-24,wk inc flu hosp,quantile,0.25,16.767831671308272
26,2026-10-10,2,2026-10-24,wk inc flu hosp,quantile,0.25,20.343969112072788
27,2026-10-10,2,2026-10-24,wk inc flu hosp,quantile,0.25,14.186607566686638
28,2026-10-10,2,2026-10-24,wk inc flu hosp,quantile,0.25,11.404220505714854
29,2026-10-10,2,2026-10-24,wk inc flu hosp,quantile,0.25,16.330380695248216
30,2026-10-10,2,2026-10-24,wk inc flu hosp,quantile,0.25,7.209816703226082
31,2026-10-10,2,2026-10-24,wk inc flu hosp,quantile,0.25,14.352781954220347
32,2026-10-10,2,2026-10-24,wk inc flu hosp,quantile,0.25,23.19644446237933
33,2026-10-10,2,2026-10-24,wk inc flu hosp,quantile,0.25,5.631808764917648
34,2026-10-10,2,2026-10-24,wk inc flu hosp,quantile,0.25,39.39243265045568
35,2026-10-10,2,2026-10-24,wk inc flu hosp,quantile,0.25,3.800117432387135
36,2026-10-10,2,2026-10-24,wk inc flu hosp,quantile,0.25,154.46846736624434
37,2026-10-10,2,2026-10-24,wk inc flu hosp,quantile,0.25,65.88708949703118
38,2026-10-10,2,2026-10-24,wk inc flu hosp,quantile,0.25,1.7960262121678292
39,2026-10-10,2,2026-10-24,wk inc flu hosp,quantile,0.25,35.300140670558896
40,2026-10-10,2,2026-10-24,wk inc flu hosp,quantile,0.25,18.622508125244515
41,2026-10-10,2,2026-10-24,wk inc flu hosp,quantile,0.25,18.59266735787819
42,2026-10-10,2,2026-10-24,wk inc flu hosp,quantile,0.25,93.01602193731502
44,2026-10-10,2,2026-10-24,wk inc flu hosp,quantile,0.25,3.5247509178406955
45,2026-10-10,2,2026-10-24,wk inc flu hosp,quantile,0.25,21.713403774198188
46,2026-10-10,2,2026-10-24,wk inc flu hosp,quantile,0.25,1.916242948893403
47,2026-10-10,2,2026-10-24,wk inc flu hosp,quantile,0.25,49.23662876120599
48,2026-10-10,2,2026-10-24,wk inc flu hosp,quantile,0.25,291.45672083706205
49,2026-10-10,2,2026-10-24,wk inc flu hosp,quantile,0.25,14.292296663302478
50,2026-10-10,2,2026-10-24,wk inc flu hosp,quantile,0.25,0.0
51,2026-10-10,2,2026-10-24,wk inc flu hosp,quantile,0.25,17.854101282937062
53,2026-10-10,2,2026-10-24,wk inc flu hosp,quantile,0.25,90.48411164863897
54,2026-10-10,2,2026-10-24,wk inc flu hosp,quantile,0.25,2.563154116790432
55,2026-10-10,2,2026-10-24,wk inc flu hosp,quantile,0.25,14.78529941851429
56,2026-10-10,2,2026-10-24,wk inc flu hosp,quantile,0.25,1.4994951060361943
72,2026-10-10,2,2026-10-24,wk inc flu hosp,quantile,0.25,58.78191421445289
US,2026-10-10,2,2026-10-24,wk inc flu hosp,quantile,0.25,3487.8672471996956
01,2026-10-10,3,2026-10-31,wk inc flu hosp,quantile,0.25,36.84766676059419
02,2026-10-10,3,2026-10-31,wk inc flu hosp,quantile,0.25,9.602402277372208
04,2026-10-10,3,2026-10-31,wk inc flu hosp,quantile,0.25,46.26085730821067
05,2026-10-10,3,2026-10-31,wk inc flu hosp,quantile,0.25,9.779403554997579
06,2026-10-10,3,2026-10-31,wk inc flu hosp,quantile,0.25,338.8451400948145
08,2026-10-10,3,2026-10-31,wk inc flu hosp,quantile,0.25,21.083966679078323
09,2026-10-10,3,2026-10-31,wk inc flu hosp,quantile,0.25,17.675631742990472
10,2026-10-10,3,2026-10-31,wk inc flu hosp,quantile,0.25,4.293087161633181
11,2026-10-10,3,2026-10-31,wk inc flu hosp,quantile,0.25,0.5830551818219938
12,2026-10-10,3,2026-10-31,wk inc flu hosp,quantile,0.25,463.2633547728014
13,2026-10-10,3,2026-10-31,wk inc flu hosp,quantile,0.25,33.18531371197469
15,2026-10-10,3,2026-10-31,wk inc flu hosp,quantile,0.25,30.349826340448534
16,2026-10-10,3,2026-10-31,wk inc flu hosp,quantile,0.25,8.502877856972617
17,2026-10-10,3,2026-10-31,wk inc flu hosp,quantile,0.25,35.786603308028866
18,2026-10-10,3,2026-10-31,wk inc flu hosp,quantile,0.25,48.50549935419726
19,2026-10-10,3,2026-10-31,wk inc flu hosp,quantile,0.25,10.048054184036213
20,2026-10-10,3,2026-10-31,wk inc flu hosp,quantile,0.25,8.004043293259762
21,2026-10-10,3,2026-10-31,wk inc flu hosp,quantile,0.25,48.987226799324155
22,2026-10-10,3,2026-10-31,wk inc flu hosp,quantile,0.25,74.36480481363789
23,2026-10-10,3,2026-10-31,wk inc flu hosp,quantile,0.25,8.692676850902677
24,2026-10-10,3,2026-10-31,wk inc flu hosp,quantile,0.25,4.9412779474902955
25,2026-10-10,3,2026-10-31,wk inc flu hosp,quantile,0.25,14.765969151774549
26,2026-10-10,3,2026-10-31,wk inc flu hosp,quantile,0.25,19.185907346796174
27,2026-10-10,3,2026-10-31,wk inc flu hosp,quantile,0.25,13.410422658871155
28,2026-10-10,3,2026-10-31,wk inc flu hosp,quantile,0.25,10.98734720419201
29,2026-10-10,3,2026-10-31,wk inc flu hosp,quantile,0.25,15.907745985335822
30,2026-10-10,3,2026-10-31,wk inc flu hosp,quantile,0.25,6.60459970713321
31,2026-10-10,3,2026-10-31,wk inc flu hosp,quantile,0.25,13.067073197121289
32,2026-10-10,3,2026-10-31,wk inc flu hosp,quantile,0.25,20.05658204653366
33,2026-10-10,3,2026-10-31,wk inc flu hosp,quantile,0.25,5.101978690112611
34,2026-10-10,3,2026-10-31,wk inc flu hosp,quantile,0.25,37.14708587807993
35,2026-10-10,3,2026-10-31,wk inc flu hosp,quantile,0.25,3.398422271079036
36,2026-10-10,3,2026-10-31,wk inc flu hosp,quantile,0.25,154.28076978865073
37,2026-10-10,3,2026-10-31,wk inc flu hosp,quantile,0.25,60.872691742979555
38,2026-10-10,3,2026-10-31,wk inc flu hosp,quantile,0.25,1.4817757838556194
39,2026-10-10,3,2026-10-31,wk inc flu hosp,quantile,0.25,30.40241163708579
40,2026-10-10,3,2026-10-31,wk inc flu hosp,quantile,0.25,17.39994836396065
41,2026-10-10,3,2026-10-31,wk inc flu hosp,quantile,0.25,16.0306313683775
42,2026-10-10,3,2026-10-31,wk inc flu hosp,quantile,0.25,88.12140868973923
44,2026-10-10,3,2026-10-31,wk inc flu hosp,quantile,0.25,3.3473535080841743
45,2026-10-10,3,2026-10-31,wk inc flu hosp,quantile,0.25,19.986168466982125
46,2026-10-10,3,2026-10-31,wk inc flu hosp,quantile,0.25,1.727805499151373
47,2026-10-10,3,2026-10-31,wk inc flu hosp,quantile,0.25,45.978021140812274
48,2026-10-10,3,2026-10-31,wk inc flu hosp,quantile,0.25,282.09728379240386
49,2026-10-10,3,2026-10-31,wk inc flu hosp,quantile,0.25,12.349826956447878
50,2026-10-10,3,2026-10-31,wk inc flu hosp,quantile,0.25,0.0
51,2026-10-10,3,2026-10-31,wk inc flu hosp,quantile,0.25,17.17580580546868
53,2026-10-10,3,2026-10-31,wk inc flu hosp,quantile,0.25,79.10119427053678
54,2026-10-10,3,2026-10-31,wk inc flu hosp,quantile,0.25,1.9126190103774536
55,2026-10-10,3,2026-10-31,wk inc flu hosp,quantile,0.25,13.292978982511412
56,2026-10-10,3,2026-10-31,wk inc flu hosp,quantile,0.25,1.4049809419168613
72,2026-10-10,3,2026-10-31,wk inc flu hosp,quantile,0.25,56.79576493261177
US,2026-10-10,3,2026-10-31,wk inc flu hosp,quantile,0.25,3436.6989550743897
01,2026-10-10,0,2026-10-10,wk inc flu hosp,quantile,0.3,47.75791250170398
02,2026-10-10,0,2026-10-10,wk inc flu hosp,quantile,0.3,15.632646615514126
04,2026-10-10,0,2026-10-10,wk inc flu hosp,quantile,0.3,59.933593329128676
05,2026-10-10,0,2026-10-10,wk inc flu hosp,quantile,0.3,14.700492331876605
06,2026-10-10,0,2026-10-10,wk inc flu hosp,quantile,0.3,442.6747216701766
08,2026-10-10,0,2026-10-10,wk inc flu hosp,quantile,0.3,33.08423370494933
09,2026-10-10,0,2026-10-10,wk inc flu hosp,quantile,0.3,22.34532479830916
10,2026-10-10,0,2026-10-10,wk inc flu hosp,quantile,0.3,7.70508253361465
11,2026-10-10,0,2026-10-10,wk inc flu hosp,quantile,0.3,1.0994158275599848
12,2026-10-10,0,2026-10-10,wk inc flu hosp,quantile,0.3,566.5577689393897
13,2026-10-10,0,2026-10-10,wk inc flu hosp,quantile,0.3,46.625212262203895
15,2026-10-10,0,2026-10-10,wk inc flu hosp,quantile,0.3,42.97505898926931
16,2026-10-10,0,2026-10-10,wk inc flu hosp,quantile,0.3,12.261866092401203
17,2026-10-10,0,2026-10-10,wk inc flu hosp,quantile,0.3,57.72674959780994
18,2026-10-10,0,2026-10-10,wk inc flu hosp,quantile,0.3,60.735374782639205
19,2026-10-10,0,2026-10-10,wk inc flu hosp,quantile,0.3,14.42308176211975
20,2026-10-10,0,2026-10-10,wk inc flu hosp,quantile,0.3,12.188015119758271
21,2026-10-10,0,2026-10-10,wk inc flu hosp,quantile,0.3,54.480624586603
22,2026-10-10,0,2026-10-10,wk inc flu hosp,quantile,0.3,97.93181798259536
23,2026-10-10,0,2026-10-10,wk inc flu hosp,quantile,0.3,13.594750966091773
24,2026-10-10,0,2026-10-10,wk inc flu hosp,quantile,0.3,12.846414019616448
25,2026-10-10,0,2026-10-10,wk inc flu hosp,quantile,0.3,19.360740773118724
26,2026-10-10,0,2026-10-10,wk inc flu hosp,quantile,0.3,33.08322127823262
27,2026-10-10,0,2026-10-10,wk inc flu hosp,quantile,0.3,24.165893907306668
28,2026-10-10,0,2026-10-10,wk inc flu hosp,quantile,0.3,15.59049340217137
29,2026-10-10,0,2026-10-10,wk inc flu hosp,quantile,0.3,24.874889760645225
30,2026-10-10,0,2026-10-10,wk inc flu hosp,quantile,0.3,10.451610642648586
31,2026-10-10,0,2026-10-10,wk inc flu hosp,quantile,0.3,18.87950420389549
32,2026-10-10,0,2026-10-10,wk inc flu hosp,quantile,0.3,33.196870514588085
33,2026-10-10,0,2026-10-10,wk inc flu hosp,quantile,0.3,8.364498617470042
34,2026-10-10,0,2026-10-10,wk inc flu hosp,quantile,0.3,58.425807046661646
35,2026-10-10,0,2026-10-10,wk inc flu hosp,quantile,0.3,6.570815173854121
36,2026-10-10,0,2026-10-10,wk inc flu hosp,quantile,0.3,151.11006768118895
37,2026-10-10,0,2026-10-10,wk inc flu hosp,quantile,0.3,80.88623458996837
38,2026-10-10,0,2026-10-10,wk inc flu hosp,quantile,0.3,2.803126018876192
39,2026-10-10,0,2026-10-10,wk inc flu hosp,quantile,0.3,56.5808601779781
40,2026-10-10,0,2026-10-10,wk inc flu hosp,quantile,0.3,23.0946450312484
41,2026-10-10,0,2026-10-10,wk inc flu hosp,quantile,0.3,28.324877645557095
42,2026-10-10,0,2026-10-10,wk inc flu hosp,quantile,0.3,127.90819970477216
44,2026-10-10,0,2026-10-10,wk inc flu hosp,quantile,0.3,5.603863682253454
45,2026-10-10,0,2026-10-10,wk inc flu hosp,quantile,0.3,31.52582486246914
46,2026-10-10,0,2026-10-10,wk inc flu hosp,quantile,0.3,2.969569000037954
47,2026-10-10,0,2026-10-10,wk inc flu hosp,quantile,0.3,63.099819500354414
48,2026-10-10,0,2026-10-10,wk inc flu hosp,quantile,0.3,331.3089212590622
49,2026-10-10,0,2026-10-10,wk inc flu hosp,quantile,0.3,20.03373471524545
50,2026-10-10,0,2026-10-10,wk inc flu hosp,quantile,0.3,0.3396902128349895
51,2026-10-10,0,2026-10-10,wk inc flu hosp,quantile,0.3,28.480049207896847
53,2026-10-10,0,2026-10-10,wk inc flu hosp,quantile,0.3,125.50696607280183
54,2026-10-10,0,2026-10-10,wk inc flu hosp,quantile,0.3,4.756929329474116
55,2026-10-10,0,2026-10-10,wk inc flu hosp,quantile,0.3,25.31644645080307
56,2026-10-10,0,2026-10-10,wk inc flu hosp,quantile,0.3,2.197501358838773
72,2026-10-10,0,2026-10-10,wk inc flu hosp,quantile,0.3,70.10602869219223
US,2026-10-10,0,2026-10-10,wk inc flu hosp,quantile,0.3,3503.5345026229734
01,2026-10-10,1,2026-10-17,wk inc flu hosp,quantile,0.3,45.774898044552536
02,2026-10-10,1,2026-10-17,wk inc flu hosp,quantile,0.3,13.657927342015558
04,2026-10-10,1,2026-10-17,wk inc flu hosp,quantile,0.3,60.10546263686093
05,2026-10-10,1,2026-10-17,wk inc flu hosp,quantile,0.3,13.639870825318274
06,2026-10-10,1,2026-10-17,wk inc flu hosp,quantile,0.3,422.62846769740105
08,2026-10-10,1,2026-10-17,wk inc flu hosp,quantile,0.3,29.61940501130623
09,2026-10-10,1,2026-10-17,wk inc flu hosp,quantile,0.3,22.360142643893038
10,2026-10-10,1,2026-10-17,wk inc flu hosp,quantile,0.3,6.712259225918532
11,2026-10-10,1,2026-10-17,wk inc flu hosp,quantile,0.3,1.0379304155369888
12,2026-10-10,1,2026-10-17,wk inc flu hosp,quantile,0.3,554.2326279764857
13,2026-10-10,1,2026-10-17,wk inc flu hosp,quantile,0.3,45.094615064588766
15,2026-10-10,1,2026-10-17,wk inc flu hosp,quantile,0.3,40.51774822237035
16,2026-10-10,1,2026-10-17,wk inc flu hosp,quantile,0.3,11.394800379764575
17,2026-10-10,1,2026-10-17,wk inc flu hosp,quantile,0.3,51.60757271361152
18,2026-10-10,1,2026-10-17,wk inc flu hosp,quantile,0.3,60.855270981014186
19,2026-10-10,1,2026-10-17,wk inc flu hosp,quantile,0.3,13.696749884569643
20,2026-10-10,1,2026-10-17,wk inc flu hosp,quantile,0.3,12.134942294715332
21,2026-10-10,1,2026-10-17,wk inc flu hosp,quantile,0.3,56.93037567032916
22,2026-10-10,1,2026-10-17,wk inc flu hosp,quantile,0.3,92.9063293345729
23,2026-10-10,1,2026-10-17,wk inc flu hosp,quantile,0.3,12.44196712851312
24,2026-10-10,1,2026-10-17,wk inc flu hosp,quantile,0.3,10.233851665994623
25,2026-10-10,1,2026-10-17,wk inc flu hosp,quantile,0.3,19.804756104322994
26,2026-10-10,1,2026-10-17,wk inc flu hosp,quantile,0.3,29.26329926586732
27,2026-10-10,1,2026-10-17,wk inc flu hosp,quantile,0.3,21.629414570052084
28,2026-10-10,1,2026-10-17,wk inc flu hosp,quantile,0.3,14.14752578447568
29,2026-10-10,1,2026-10-17,wk inc flu hosp,quantile,0.3,21.79435170022768
30,2026-10-10,1,2026-10-17,wk inc flu hosp,quantile,0.3,9.242215552995626
31,2026-10-10,1,2026-10-17,wk inc flu hosp,quantile,0.3,18.435015812045233
32,2026-10-10,1,2026-10-17,wk inc flu hosp,quantile,0.3,28.973363975364393
33,2026-10-10,1,2026-10-17,wk inc flu hosp,quantile,0.3,7.4875995257199675
34,2026-10-10,1,2026-10-17,wk inc flu hosp,quantile,0.3,49.616181770884964
35,2026-10-10,1,2026-10-17,wk inc flu hosp,quantile,0.3,5.790797539239955
36,2026-10-10,1,2026-10-17,wk inc flu hosp,quantile,0.3,161.7417902523681
37,2026-10-10,1,2026-10-17,wk inc flu hosp,quantile,0.3,79.75296537967162
38,2026-10-10,1,2026-10-17,wk inc flu hosp,quantile,0.3,2.499256044387501
39,2026-10-10,1,2026-10-17,wk inc flu hosp,quantile,0.3,49.848924110854064
40,2026-10-10,1,2026-10-17,wk inc flu hosp,quantile,0.3,22.317712454835963
41,2026-10-10,1,2026-10-17,wk inc flu hosp,quantile,0.3,24.726427728974098
42,2026-10-10,1,2026-10-17,wk inc flu hosp,quantile,0.3,113.20397906147934
44,2026-10-10,1,2026-10-17,wk inc flu hosp,quantile,0.3,5.120311569977045
45,2026-10-10,1,2026-10-17,wk inc flu hosp,quantile,0.3,29.161181040408792
46,2026-10-10,1,2026-10-17,wk inc flu hosp,quantile,0.3,2.743723954635392
47,2026-10-10,1,2026-10-17,wk inc flu hosp,quantile,0.3,58.807521082786444
48,2026-10-10,1,2026-10-17,wk inc flu hosp,quantile,0.3,330.1048972312882
49,2026-10-10,1,2026-10-17,wk inc flu hosp,quantile,0.3,17.75626083991564
50,2026-10-10,1,2026-10-17,wk inc flu hosp,quantile,0.3,0.18728570892100274
51,2026-10-10,1,2026-10-17,wk inc flu hosp,quantile,0.3,25.32115959382632
53,2026-10-10,1,2026-10-17,wk inc flu hosp,quantile,0.3,113.45091418737357
54,2026-10-10,1,2026-10-17,wk inc flu hosp,quantile,0.3,4.105971733890545
55,2026-10-10,1,2026-10-17,wk inc flu hosp,quantile,0.3,21.877473646276435
56,2026-10-10,1,2026-10-17,wk inc flu hosp,quantile,0.3,2.0821110433285086
72,2026-10-10,1,2026-10-17,wk inc flu hosp,quantile,0.3,66.86124036278161
US,2026-10-10,1,2026-10-17,wk inc flu hosp,quantile,0.3,3711.008562549783
01,2026-10-10,2,2026-10-24,wk inc flu hosp,quantile,0.3,43.41881811686724
02,2026-10-10,2,2026-10-24,wk inc flu hosp,quantile,0.3,12.179962591093949
04,2026-10-10,2,2026-10-24,wk inc flu hosp,quantile,0.3,56.86139016484594
05,2026-10-10,2,2026-10-24,wk inc flu hosp,quantile,0.3,12.859999320342135
06,2026-10-10,2,2026-10-24,wk inc flu hosp,quantile,0.3,399.04762989788713
08,2026-10-10,2,2026-10-24,wk inc flu hosp,quantile,0.3,28.406596700392374
09,2026-10-10,2,2026-10-24,wk inc flu hosp,quantile,0.3,21.717045863027963
10,2026-10-10,2,2026-10-24,wk inc flu hosp,quantile,0.3,6.149300662078217
11,2026-10-10,2,2026-10-24,wk inc flu hosp,quantile,0.3,1.0759885558689966
12,2026-10-10,2,2026-10-24,wk inc flu hosp,quantile,0.3,531.037607126173
13,2026-10-10,2,2026-10-24,wk inc flu hosp,quantile,0.3,43.37695846284815
15,2026-10-10,2,2026-10-24,wk inc flu hosp,quantile,0.3,36.76991844269656
16,2026-10-10,2,2026-10-24,wk inc flu hosp,quantile,0.3,10.585349028523721
17,2026-10-10,2,2026-10-24,wk inc flu hosp,quantile,0.3,47.191415104331455
18,2026-10-10,2,2026-10-24,wk inc flu hosp,quantile,0.3,60.205043216725485
19,2026-10-10,2,2026-10-24,wk inc flu hosp,quantile,0.3,12.668913432337536
20,2026-10-10,2,2026-10-24,wk inc flu hosp,quantile,0.3,11.70277642250292
21,2026-10-10,2,2026-10-24,wk inc flu hosp,quantile,0.3,58.48231234185643
22,2026-10-10,2,2026-10-24,wk inc flu hosp,quantile,0.3,87.99965083382968
23,2026-10-10,2,2026-10-24,wk inc flu hosp,quantile,0.3,11.509231286817306
24,2026-10-10,2,2026-10-24,wk inc flu hosp,quantile,0.3,8.69491189595354
25,2026-10-10,2,2026-10-24,wk inc flu hosp,quantile,0.3,21.469831067862668
26,2026-10-10,2,2026-10-24,wk inc flu hosp,quantile,0.3,26.735671206730213
27,2026-10-10,2,2026-10-24,wk inc flu hosp,quantile,0.3,19.23166491734236
28,2026-10-10,2,2026-10-24,wk inc flu hosp,quantile,0.3,13.76180772711103
29,2026-10-10,2,2026-10-24,wk inc flu hosp,quantile,0.3,21.434471808083448
30,2026-10-10,2,2026-10-24,wk inc flu hosp,quantile,0.3,8.513527885002004
31,2026-10-10,2,2026-10-24,wk inc flu hosp,quantile,0.3,16.698897001671597
32,2026-10-10,2,2026-10-24,wk inc flu hosp,quantile,0.3,26.38372334770121
33,2026-10-10,2,2026-10-24,wk inc flu hosp,quantile,0.3,7.081513467691253
34,2026-10-10,2,2026-10-24,wk inc flu hosp,quantile,0.3,47.09183058029547
35,2026-10-10,2,2026-10-24,wk inc flu hosp,quantile,0.3,5.315072134333458
36,2026-10-10,2,2026-10-24,wk inc flu hosp,quantile,0.3,174.17002277096182
37,2026-10-10,2,2026-10-24,wk inc flu hosp,quantile,0.3,76.27775753125975
38,2026-10-10,2,2026-10-24,wk inc flu hosp,quantile,0.3,2.4432842045061998
39,2026-10-10,2,2026-10-24,wk inc flu hosp,quantile,0.3,44.3804944724605
40,2026-10-10,2,2026-10-24,wk inc flu hosp,quantile,0.3,23.04400096595027
41,2026-10-10,2,2026-10-24,wk inc flu hosp,quantile,0.3,22.911761352111
42,2026-10-10,2,2026-10-24,wk inc flu hosp,quantile,0.3,107.11499823585021
44,2026-10-10,2,2026-10-24,wk inc flu hosp,quantile,0.3,4.576790537337178
45,2026-10-10,2,2026-10-24,wk inc flu hosp,quantile,0.3,26.750204932131773
46,2026-10-10,2,2026-10-24,wk inc flu hosp,quantile,0.3,2.659525986759597
47,2026-10-10,2,2026-10-24,wk inc flu hosp,quantile,0.3,56.25788780168419
48,2026-10-10,2,2026-10-24,wk inc flu hosp,quantile,0.3,320.80539092915194
49,2026-10-10,2,2026-10-24,wk inc flu hosp,quantile,0.3,16.30762734895038
50,2026-10-10,2,2026-10-24,wk inc flu hosp,quantile,0.3,0.16582422175133885
51,2026-10-10,2,2026-10-24,wk inc flu hosp,quantile,0.3,23.306357151153684
53,2026-10-10,2,2026-10-24,wk inc flu hosp,quantile,0.3,100.89603968588695
54,2026-10-10,2,2026-10-24,wk inc flu hosp,quantile,0.3,4.092035400372234
55,2026-10-10,2,2026-10-24,wk inc flu hosp,quantile,0.3,19.49536931519901
56,2026-10-10,2,2026-10-24,wk inc flu hosp,quantile,0.3,2.035347289979766
72,2026-10-10,2,2026-10-24,wk inc flu hosp,quantile,0.3,64.71602101438693
US,2026-10-10,2,2026-10-24,wk inc flu hosp,quantile,0.3,3811.699551791768
01,2026-10-10,3,2026-10-31,wk inc flu hosp,quantile,0.3,42.08256289303788
02,2026-10-10,3,2026-10-31,wk inc flu hosp,quantile,0.3,11.105689413875611
04,2026-10-10,3,2026-10-31,wk inc flu hosp,quantile,0.3,53.77277839380978
05,2026-10-10,3,2026-10-31,wk inc flu hosp,quantile,0.3,12.833763059216263
06,2026-10-10,3,2026-10-31,wk inc flu hosp,quantile,0.3,376.0000708808583
08,2026-10-10,3,2026-10-31,wk inc flu hosp,quantile,0.3,26.554205109807494
09,2026-10-10,3,2026-10-31,wk inc flu hosp,quantile,0.3,21.72089939369835
10,2026-10-10,3,2026-10-31,wk inc flu hosp,quantile,0.3,5.3690907166002555
11,2026-10-10,3,2026-10-31,wk inc flu hosp,quantile,0.3,1.1242184753265925
12,2026-10-10,3,2026-10-31,wk inc flu hosp,quantile,0.3,499.35420886802564
13,2026-10-10,3,2026-10-31,wk inc flu hosp,quantile,0.3,41.64222706287858
15,2026-10-10,3,2026-10-31,wk inc flu hosp,quantile,0.3,33.56266115010253
16,2026-10-10,3,2026-10-31,wk inc flu hosp,quantile,0.3,10.427286470490976
17,2026-10-10,3,2026-10-31,wk inc flu hosp,quantile,0.3,46.89954518224179
18,2026-10-10,3,2026-10-31,wk inc flu hosp,quantile,0.3,57.916370751705294
19,2026-10-10,3,2026-10-31,wk inc flu hosp,quantile,0.3,13.077097187894518
20,2026-10-10,3,2026-10-31,wk inc flu hosp,quantile,0.3,10.666261438829268
21,2026-10-10,3,2026-10-31,wk inc flu hosp,quantile,0.3,56.24486947444866
22,2026-10-10,3,2026-10-31,wk inc flu hosp,quantile,0.3,83.32645145366163
23,2026-10-10,3,2026-10-31,wk inc flu hosp,quantile,0.3,11.032389004233606
24,2026-10-10,3,2026-10-31,wk inc flu hosp,quantile,0.3,9.086021513295448
25,2026-10-10,3,2026-10-31,wk inc flu hosp,quantile,0.3,22.267853035369544
26,2026-10-10,3,2026-10-31,wk inc flu hosp,quantile,0.3,27.627906654462297
27,2026-10-10,3,2026-10-31,wk inc flu hosp,quantile,0.3,18.33509145281954
28,2026-10-10,3,2026-10-31,wk inc flu hosp,quantile,0.3,13.556960176353911
29,2026-10-10,3,2026-10-31,wk inc flu hosp,quantile,0.3,21.270282207744778
30,2026-10-10,3,2026-10-31,wk inc flu hosp,quantile,0.3,7.9760732936825045
31,2026-10-10,3,2026-10-31,wk inc flu hosp,quantile,0.3,15.580112571028074
32,2026-10-10,3,2026-10-31,wk inc flu hosp,quantile,0.3,23.577404816249334
33,2026-10-10,3,2026-10-31,wk inc flu hosp,quantile,0.3,6.815366368251259
34,2026-10-10,3,2026-10-31,wk inc flu hosp,quantile,0.3,45.87215304104836
35,2026-10-10,3,2026-10-31,wk inc flu hosp,quantile,0.3,5.338361975847037
36,2026-10-10,3,2026-10-31,wk inc flu hosp,quantile,0.3,179.62745953862418
37,2026-10-10,3,2026-10-31,wk inc flu hosp,quantile,0.3,72.66228544878068
38,2026-10-10,3,2026-10-31,wk inc flu hosp,quantile,0.3,2.136459140506264
39,2026-10-10,3,2026-10-31,wk inc flu hosp,quantile,0.3,43.17624951472122
40,2026-10-10,3,2026-10-31,wk inc flu hosp,quantile,0.3,21.726201026136405
41,2026-10-10,3,2026-10-31,wk inc flu hosp,quantile,0.3,20.688021114178618
42,2026-10-10,3,2026-10-31,wk inc flu hosp,quantile,0.3,106.97953765738117
44,2026-10-10,3,2026-10-31,wk inc flu hosp,quantile,0.3,4.450067594745351
45,2026-10-10,3,2026-10-31,wk inc flu hosp,quantile,0.3,25.77319461147322
46,2026-10-10,3,2026-10-31,wk inc flu hosp,quantile,0.3,2.505035823425847
47,2026-10-10,3,2026-10-31,wk inc flu hosp,quantile,0.3,54.60914748170001
48,2026-10-10,3,2026-10-31,wk inc flu hosp,quantile,0.3,319.26711145058255
49,2026-10-10,3,2026-10-31,wk inc flu hosp,quantile,0.3,14.894591949401901
50,2026-10-10,3,2026-10-31,wk inc flu hosp,quantile,0.3,0.1950354080554059
51,2026-10-10,3,2026-10-31,wk inc flu hosp,quantile,0.3,23.231848419379116
53,2026-10-10,3,2026-10-31,wk inc flu hosp,quantile,0.3,90.06662320610214
54,2026-10-10,3,2026-10-31,wk inc flu hosp,quantile,0.3,3.962723362714589
55,2026-10-10,3,2026-10-31,wk inc flu hosp,quantile,0.3,18.422748040952893
56,2026-10-10,3,2026-10-31,wk inc flu hosp,quantile,0.3,1.9272725824655303
72,2026-10-10,3,2026-10-31,wk inc flu hosp,quantile,0.3,62.90168389405766
US,2026-10-10,3,2026-10-31,wk inc flu hosp,quantile,0.3,3917.820732386843
01,2026-10-10,0,2026-10-10,wk inc flu hosp,quantile,0.35,50.05575509886567
02,2026-10-10,0,2026-10-10,wk inc flu hosp,quantile,0.35,16.58120435479091
04,2026-10-10,0,2026-10-10,wk inc flu hosp,quantile,0.35,63.10902762035999
05,2026-10-10,0,2026-10-10,wk inc flu hosp,quantile,0.35,16.161233795469546
06,2026-10-10,0,2026-10-10,wk inc flu hosp,quantile,0.35,452.8273460548306
08,2026-10-10,0,2026-10-10,wk inc flu hosp,quantile,0.35,35.033561791173184
09,2026-10-10,0,2026-10-10,wk inc flu hosp,quantile,0.35,23.96380264811012
10,2026-10-10,0,2026-10-10,wk inc flu hosp,quantile,0.35,8.377067008451542
11,2026-10-10,0,2026-10-10,wk inc flu hosp,quantile,0.35,1.385716305091646
12,2026-10-10,0,2026-10-10,wk inc flu hosp,quantile,0.35,583.2862518554092
13,2026-10-10,0,2026-10-10,wk inc flu hosp,quantile,0.35,50.55269719388804
15,2026-10-10,0,2026-10-10,wk inc flu hosp,quantile,0.35,45.046144378599365
16,2026-10-10,0,2026-10-10,wk inc flu hosp,quantile,0.35,13.27199430636044
17,2026-10-10,0,2026-10-10,wk inc flu hosp,quantile,0.35,61.743680951252024
18,2026-10-10,0,2026-10-10,wk inc flu hosp,quantile,0.35,63.3849742528171
19,2026-10-10,0,2026-10-10,wk inc flu hosp,quantile,0.35,15.74238614542244
20,2026-10-10,0,2026-10-10,wk inc flu hosp,quantile,0.35,13.298481085272678
21,2026-10-10,0,2026-10-10,wk inc flu hosp,quantile,0.35,57.53621576740595
22,2026-10-10,0,2026-10-10,wk inc flu hosp,quantile,0.35,102.20963477806295
23,2026-10-10,0,2026-10-10,wk inc flu hosp,quantile,0.35,14.44862583578555
24,2026-10-10,0,2026-10-10,wk inc flu hosp,quantile,0.35,14.352497718563646
25,2026-10-10,0,2026-10-10,wk inc flu hosp,quantile,0.35,21.120038452856424
26,2026-10-10,0,2026-10-10,wk inc flu hosp,quantile,0.35,35.77822225382342
27,2026-10-10,0,2026-10-10,wk inc flu hosp,quantile,0.35,26.351835998238283
28,2026-10-10,0,2026-10-10,wk inc flu hosp,quantile,0.35,16.91112152165513
29,2026-10-10,0,2026-10-10,wk inc flu hosp,quantile,0.35,27.085454850906075
30,2026-10-10,0,2026-10-10,wk inc flu hosp,quantile,0.35,11.383018415002233
31,2026-10-10,0,2026-10-10,wk inc flu hosp,quantile,0.35,20.05563089522767
32,2026-10-10,0,2026-10-10,wk inc flu hosp,quantile,0.35,34.738222773162526
33,2026-10-10,0,2026-10-10,wk inc flu hosp,quantile,0.35,9.132466019900091
34,2026-10-10,0,2026-10-10,wk inc flu hosp,quantile,0.35,61.931297717749885
35,2026-10-10,0,2026-10-10,wk inc flu hosp,quantile,0.35,7.437289422618602
36,2026-10-10,0,2026-10-10,wk inc flu hosp,quantile,0.35,156.38177368092173
37,2026-10-10,0,2026-10-10,wk inc flu hosp,quantile,0.35,85.39088998120742
38,2026-10-10,0,2026-10-10,wk inc flu hosp,quantile,0.35,3.2289985055561266
39,2026-10-10,0,2026-10-10,wk inc flu hosp,quantile,0.35,63.07890567799216
40,2026-10-10,0,2026-10-10,wk inc flu hosp,quantile,0.35,25.09564306561693
41,2026-10-10,0,2026-10-10,wk inc flu hosp,quantile,0.35,30.01060708445702
42,2026-10-10,0,2026-10-10,wk inc flu hosp,quantile,0.35,134.9926371264305
44,2026-10-10,0,2026-10-10,wk inc flu hosp,quantile,0.35,6.187585642854855
45,2026-10-10,0,2026-10-10,wk inc flu hosp,quantile,0.35,33.91197164544261
46,2026-10-10,0,2026-10-10,wk inc flu hosp,quantile,0.35,3.4391488562026726
47,2026-10-10,0,2026-10-10,wk inc flu hosp,quantile,0.35,66.40889108862001
48,2026-10-10,0,2026-10-10,wk inc flu hosp,quantile,0.35,342.2912673378507
49,2026-10-10,0,2026-10-10,wk inc flu hosp,quantile,0.35,21.280943177595272
50,2026-10-10,0,2026-10-10,wk inc flu hosp,quantile,0.35,0.5400761395198361
51,2026-10-10,0,2026-10-10,wk inc flu hosp,quantile,0.35,31.145812934338213
53,2026-10-10,0,2026-10-10,wk inc flu hosp,quantile,0.35,129.64517546885043
54,2026-10-10,0,2026-10-10,wk inc flu hosp,quantile,0.35,5.4180933869877785
55,2026-10-10,0,2026-10-10,wk inc flu hosp,quantile,0.35,27.267117281156327
56,2026-10-10,0,2026-10-10,wk inc flu hosp,quantile,0.35,2.5944078224900853
72,2026-10-10,0,2026-10-10,wk inc flu hosp,quantile,0.35,73.42694464368252
US,2026-10-10,0,2026-10-10,wk inc flu hosp,quantile,0.35,3604.6083454531736
01,2026-10-10,1,2026-10-17,wk inc flu hosp,quantile,0.35,50.86266719782858
02,2026-10-10,1,2026-10-17,wk inc flu hosp,quantile,0.35,14.758477622442706
04,2026-10-10,1,2026-10-17,wk inc flu hosp,quantile,0.35,66.34075674921226
05,2026-10-10,1,2026-10-17,wk inc flu hosp,quantile,0.35,16.016110003734756
06,2026-10-10,1,2026-10-17,wk inc flu hosp,quantile,0.35,445.6745475523805
08,2026-10-10,1,2026-10-17,wk inc flu hosp,quantile,0.35,33.603528260298816
09,2026-10-10,1,2026-10-17,wk inc flu hosp,quantile,0.35,25.2484080395483
10,2026-10-10,1,2026-10-17,wk inc flu hosp,quantile,0.35,7.8068180481939
11,2026-10-10,1,2026-10-17,wk inc flu hosp,quantile,0.35,1.4545855320378605
12,2026-10-10,1,2026-10-17,wk inc flu hosp,quantile,0.35,580.6215984931008
13,2026-10-10,1,2026-10-17,wk inc flu hosp,quantile,0.35,51.46845911427381
15,2026-10-10,1,2026-10-17,wk inc flu hosp,quantile,0.35,42.76931329574283
16,2026-10-10,1,2026-10-17,wk inc flu hosp,quantile,0.35,13.149579609762196
17,2026-10-10,1,2026-10-17,wk inc flu hosp,quantile,0.35,58.83955590873519
18,2026-10-10,1,2026-10-17,wk inc flu hosp,quantile,0.35,66.06160651234921
19,2026-10-10,1,2026-10-17,wk inc flu hosp,quantile,0.35,15.38185585767733
20,2026-10-10,1,2026-10-17,wk inc flu hosp,quantile,0.35,13.913150059647508
21,2026-10-10,1,2026-10-17,wk inc flu hosp,quantile,0.35,63.461588350282966
22,2026-10-10,1,2026-10-17,wk inc flu hosp,quantile,0.35,98.46203244957559
23,2026-10-10,1,2026-10-17,wk inc flu hosp,quantile,0.35,13.861076755962646
24,2026-10-10,1,2026-10-17,wk inc flu hosp,quantile,0.35,12.716944772579234
25,2026-10-10,1,2026-10-17,wk inc flu hosp,quantile,0.35,23.59564949382245
26,2026-10-10,1,2026-10-17,wk inc flu hosp,quantile,0.35,34.261567120337396
27,2026-10-10,1,2026-10-17,wk inc flu hosp,quantile,0.35,24.698472119213505
28,2026-10-10,1,2026-10-17,wk inc flu hosp,quantile,0.35,16.36808670169529
29,2026-10-10,1,2026-10-17,wk inc flu hosp,quantile,0.35,25.61397424871293
30,2026-10-10,1,2026-10-17,wk inc flu hosp,quantile,0.35,10.475863005857386
31,2026-10-10,1,2026-10-17,wk inc flu hosp,quantile,0.35,20.4514653581913
32,2026-10-10,1,2026-10-17,wk inc flu hosp,quantile,0.35,31.239464717579555
33,2026-10-10,1,2026-10-17,wk inc flu hosp,quantile,0.35,8.473114414923023
34,2026-10-10,1,2026-10-17,wk inc flu hosp,quantile,0.35,55.20271030286466
35,2026-10-10,1,2026-10-17,wk inc flu hosp,quantile,0.35,7.168217203880251
36,2026-10-10,1,2026-10-17,wk inc flu hosp,quantile,0.35,173.91681920480048
37,2026-10-10,1,2026-10-17,wk inc flu hosp,quantile,0.35,86.376361500505
38,2026-10-10,1,2026-10-17,wk inc flu hosp,quantile,0.35,3.053736639019521
39,2026-10-10,1,2026-10-17,wk inc flu hosp,quantile,0.35,58.94464239534061
40,2026-10-10,1,2026-10-17,wk inc flu hosp,quantile,0.35,25.52651382117847
41,2026-10-10,1,2026-10-17,wk inc flu hosp,quantile,0.35,27.828600760210346
42,2026-10-10,1,2026-10-17,wk inc flu hosp,quantile,0.35,124.5077245372384
44,2026-10-10,1,2026-10-17,wk inc flu hosp,quantile,0.35,5.871583530735665
45,2026-10-10,1,2026-10-17,wk inc flu hosp,quantile,0.35,32.8144963599097
46,2026-10-10,1,2026-10-17,wk inc flu hosp,quantile,0.35,3.4101572605659336
47,2026-10-10,1,2026-10-17,wk inc flu hosp,quantile,0.35,64.51404518041653
48,2026-10-10,1,2026-10-17,wk inc flu hosp,quantile,0.35,350.08094159277647
49,2026-10-10,1,2026-10-17,wk inc flu hosp,quantile,0.35,19.916724290154658
50,2026-10-10,1,2026-10-17,wk inc flu hosp,quantile,0.35,0.4805183231447013
51,2026-10-10,1,2026-10-17,wk inc flu hosp,quantile,0.35,29.015417326275646
53,2026-10-10,1,2026-10-17,wk inc flu hosp,quantile,0.35,120.70964354267551
54,2026-10-10,1,2026-10-17,wk inc flu hosp,quantile,0.35,5.485977967336206
55,2026-10-10,1,2026-10-17,wk inc flu hosp,quantile,0.35,25.30322947191967
56,2026-10-10,1,2026-10-17,wk inc flu hosp,quantile,0.35,2.5063696982567616
72,2026-10-10,1,2026-10-17,wk inc flu hosp,quantile,0.35,71.11048493856731
US,2026-10-10,1,2026-10-17,wk inc flu hosp,quantile,0.35,3900.332670854712
01,2026-10-10,2,2026-10-24,wk inc flu hosp,quantile,0.35,48.08640533148762
02,2026-10-10,2,2026-10-24,wk inc flu hosp,quantile,0.35,13.396718730143698
04,2026-10-10,2,2026-10-24,wk inc flu hosp,quantile,0.35,64.83297291096329
05,2026-10-10,2,2026-10-24,wk inc flu hosp,quantile,0.35,15.859047292570882
06,2026-10-10,2,2026-10-24,wk inc flu hosp,quantile,0.35,433.1901693985661
08,2026-10-10,2,2026-10-24,wk inc flu hosp,quantile,0.35,32.99800694544783
09,2026-10-10,2,2026-10-24,wk inc flu hosp,quantile,0.35,25.606816799437688
10,2026-10-10,2,2026-10-24,wk inc flu hosp,quantile,0.35,7.249010746146817
11,2026-10-10,2,2026-10-24,wk inc flu hosp,quantile,0.35,1.5516242763761285
12,2026-10-10,2,2026-10-24,wk inc flu hosp,quantile,0.35,565.1086763551506
13,2026-10-10,2,2026-10-24,wk inc flu hosp,quantile,0.35,51.65457136128566
15,2026-10-10,2,2026-10-24,wk inc flu hosp,quantile,0.35,39.68484810898357
16,2026-10-10,2,2026-10-24,wk inc flu hosp,quantile,0.35,12.832033054061867
17,2026-10-10,2,2026-10-24,wk inc flu hosp,quantile,0.35,58.49140393482827
18,2026-10-10,2,2026-10-24,wk inc flu hosp,quantile,0.35,67.95897093879977
19,2026-10-10,2,2026-10-24,wk inc flu hosp,quantile,0.35,15.477290178210643
20,2026-10-10,2,2026-10-24,wk inc flu hosp,quantile,0.35,14.204642552683616
21,2026-10-10,2,2026-10-24,wk inc flu hosp,quantile,0.35,64.9580973887694
22,2026-10-10,2,2026-10-24,wk inc flu hosp,quantile,0.35,95.94629034450831
23,2026-10-10,2,2026-10-24,wk inc flu hosp,quantile,0.35,13.437214382621264
24,2026-10-10,2,2026-10-24,wk inc flu hosp,quantile,0.35,11.430020757158422
25,2026-10-10,2,2026-10-24,wk inc flu hosp,quantile,0.35,26.790467523428266
26,2026-10-10,2,2026-10-24,wk inc flu hosp,quantile,0.35,33.25786068594271
27,2026-10-10,2,2026-10-24,wk inc flu hosp,quantile,0.35,24.19550126082028
28,2026-10-10,2,2026-10-24,wk inc flu hosp,quantile,0.35,16.26408125879277
29,2026-10-10,2,2026-10-24,wk inc flu hosp,quantile,0.35,25.876570890753936
30,2026-10-10,2,2026-10-24,wk inc flu hosp,quantile,0.35,9.975510530041918
31,2026-10-10,2,2026-10-24,wk inc flu hosp,quantile,0.35,18.97589695557641
32,2026-10-10,2,2026-10-24,wk inc flu hosp,quantile,0.35,29.944902896947386
33,2026-10-10,2,2026-10-24,wk inc flu hosp,quantile,0.35,8.565944273944096
34,2026-10-10,2,2026-10-24,wk inc flu hosp,quantile,0.35,54.04734576285662
35,2026-10-10,2,2026-10-24,wk inc flu hosp,quantile,0.35,6.949010050684302
36,2026-10-10,2,2026-10-24,wk inc flu hosp,quantile,0.35,188.90475119340465
37,2026-10-10,2,2026-10-24,wk inc flu hosp,quantile,0.35,86.72294609465656
38,2026-10-10,2,2026-10-24,wk inc flu hosp,quantile,0.35,3.1386480291598606
39,2026-10-10,2,2026-10-24,wk inc flu hosp,quantile,0.35,54.32490516985157
40,2026-10-10,2,2026-10-24,wk inc flu hosp,quantile,0.35,27.299623709794965
41,2026-10-10,2,2026-10-24,wk inc flu hosp,quantile,0.35,26.55349364250352
42,2026-10-10,2,2026-10-24,wk inc flu hosp,quantile,0.35,123.06645994643685
44,2026-10-10,2,2026-10-24,wk inc flu hosp,quantile,0.35,5.687946691398135
45,2026-10-10,2,2026-10-24,wk inc flu hosp,quantile,0.35,32.26067779305602
46,2026-10-10,2,2026-10-24,wk inc flu hosp,quantile,0.35,3.326246778821916
47,2026-10-10,2,2026-10-24,wk inc flu hosp,quantile,0.35,64.94664560727344
48,2026-10-10,2,2026-10-24,wk inc flu hosp,quantile,0.35,345.6770565932651
49,2026-10-10,2,2026-10-24,wk inc flu hosp,quantile,0.35,18.230461099148982
50,2026-10-10,2,2026-10-24,wk inc flu hosp,quantile,0.35,0.4447773868123151
51,2026-10-10,2,2026-10-24,wk inc flu hosp,quantile,0.35,28.046188692546096
53,2026-10-10,2,2026-10-24,wk inc flu hosp,quantile,0.35,111.07531045012597
54,2026-10-10,2,2026-10-24,wk inc flu hosp,quantile,0.35,5.549149856923333
55,2026-10-10,2,2026-10-24,wk inc flu hosp,quantile,0.35,23.70614978761305
56,2026-10-10,2,2026-10-24,wk inc flu hosp,quantile,0.35,2.5788577454842914
72,2026-10-10,2,2026-10-24,wk inc flu hosp,quantile,0.35,69.6437146192896
US,2026-10-10,2,2026-10-24,wk inc flu hosp,quantile,0.35,4126.46898295352
01,2026-10-10,3,2026-10-31,wk inc flu hosp,quantile,0.35,48.68296152575517
02,2026-10-10,3,2026-10-31,wk inc flu hosp,quantile,0.35,12.623292150786343
04,2026-10-10,3,2026-10-31,wk inc flu hosp,quantile,0.35,63.961923488079634
05,2026-10-10,3,2026-10-31,wk inc flu hosp,quantile,0.35,15.267448446801756
06,2026-10-10,3,2026-10-31,wk inc flu hosp,quantile,0.35,419.5291334226887
08,2026-10-10,3,2026-10-31,wk inc flu hosp,quantile,0.35,32.2305419451321
09,2026-10-10,3,2026-10-31,wk inc flu hosp,quantile,0.35,25.64007075661647
10,2026-10-10,3,2026-10-31,wk inc flu hosp,quantile,0.35,6.93455656908369
11,2026-10-10,3,2026-10-31,wk inc flu hosp,quantile,0.35,1.7759513517325671
12,2026-10-10,3,2026-10-31,wk inc flu hosp,quantile,0.35,534.8304671845464
13,2026-10-10,3,2026-10-31,wk inc flu hosp,quantile,0.35,50.79345725066755
15,2026-10-10,3,2026-10-31,wk inc flu hosp,quantile,0.35,36.485598352718334
16,2026-10-10,3,2026-10-31,wk inc flu hosp,quantile,0.35,12.435627080366016
17,2026-10-10,3,2026-10-31,wk inc flu hosp,quantile,0.35,57.38337308132162
18,2026-10-10,3,2026-10-31,wk inc flu hosp,quantile,0.35,67.33460791205098
19,2026-10-10,3,2026-10-31,wk inc flu hosp,quantile,0.35,15.759418586906301
20,2026-10-10,3,2026-10-31,wk inc flu hosp,quantile,0.35,13.602469599502173
21,2026-10-10,3,2026-10-31,wk inc flu hosp,quantile,0.35,65.37946517871165
22,2026-10-10,3,2026-10-31,wk inc flu hosp,quantile,0.35,91.78111520122674
23,2026-10-10,3,2026-10-31,wk inc flu hosp,quantile,0.35,13.158840516389073
24,2026-10-10,3,2026-10-31,wk inc flu hosp,quantile,0.35,13.469503655461253
25,2026-10-10,3,2026-10-31,wk inc flu hosp,quantile,0.35,28.2228104540175
26,2026-10-10,3,2026-10-31,wk inc flu hosp,quantile,0.35,35.65033825596566
27,2026-10-10,3,2026-10-31,wk inc flu hosp,quantile,0.35,23.957215293442818
28,2026-10-10,3,2026-10-31,wk inc flu hosp,quantile,0.35,16.40306424955102
29,2026-10-10,3,2026-10-31,wk inc flu hosp,quantile,0.35,27.821115807736003
30,2026-10-10,3,2026-10-31,wk inc flu hosp,quantile,0.35,9.513782208798478
31,2026-10-10,3,2026-10-31,wk inc flu hosp,quantile,0.35,18.173217913046113
32,2026-10-10,3,2026-10-31,wk inc flu hosp,quantile,0.35,27.609985044376316
33,2026-10-10,3,2026-10-31,wk inc flu hosp,quantile,0.35,8.255630064177367
34,2026-10-10,3,2026-10-31,wk inc flu hosp,quantile,0.35,55.24173615594877
35,2026-10-10,3,2026-10-31,wk inc flu hosp,quantile,0.35,7.14200581690661
36,2026-10-10,3,2026-10-31,wk inc flu hosp,quantile,0.35,202.657406125327
37,2026-10-10,3,2026-10-31,wk inc flu hosp,quantile,0.35,87.373713756484
38,2026-10-10,3,2026-10-31,wk inc flu hosp,quantile,0.35,2.8339739732443836
39,2026-10-10,3,2026-10-31,wk inc flu hosp,quantile,0.35,54.98303925306274
40,2026-10-10,3,2026-10-31,wk inc flu hosp,quantile,0.35,26.73810697111583
41,2026-10-10,3,2026-10-31,wk inc flu hosp,quantile,0.35,26.015404604731984
42,2026-10-10,3,2026-10-31,wk inc flu hosp,quantile,0.35,121.35107960110815
44,2026-10-10,3,2026-10-31,wk inc flu hosp,quantile,0.35,5.518888090381829
45,2026-10-10,3,2026-10-31,wk inc flu hosp,quantile,0.35,31.217890193385063
46,2026-10-10,3,2026-10-31,wk inc flu hosp,quantile,0.35,3.2943100720000924
47,2026-10-10,3,2026-10-31,wk inc flu hosp,quantile,0.35,63.735692162333464
48,2026-10-10,3,2026-10-31,wk inc flu hosp,quantile,0.35,349.2158246830381
49,2026-10-10,3,2026-10-31,wk inc flu hosp,quantile,0.35,17.254129082280784
50,2026-10-10,3,2026-10-31,wk inc flu hosp,quantile,0.35,0.6021352518261411
51,2026-10-10,3,2026-10-31,wk inc flu hosp,quantile,0.35,28.945308082450293
53,2026-10-10,3,2026-10-31,wk inc flu hosp,quantile,0.35,100.86443921152858
54,2026-10-10,3,2026-10-31,wk inc flu hosp,quantile,0.35,5.849817341751531
55,2026-10-10,3,2026-10-31,wk inc flu hosp,quantile,0.35,23.924792562983267
56,2026-10-10,3,2026-10-31,wk inc flu hosp,quantile,0.35,2.5408081708699344
72,2026-10-10,3,2026-10-31,wk inc flu hosp,quantile,0.35,69.00555066783886
US,2026-10-10,3,2026-10-31,wk inc flu hosp,quantile,0.35,4351.4472058123765
01,2026-10-10,0,2026-10-10,wk inc flu hosp,quantile,0.4,52.59609492817726
02,2026-10-10,0,2026-10-10,wk inc flu hosp,quantile,0.4,17.68663129177191
04,2026-10-10,0,2026-10-10,wk inc flu hosp,quantile,0.4,66.73070271186856
05,2026-10-10,0,2026-10-10,wk inc flu hosp,quantile,0.4,17.463942909345178
06,2026-10-10,0,2026-10-10,wk inc flu hosp,quantile,0.4,465.3550089262105
08,2026-10-10,0,2026-10-10,wk inc flu hosp,quantile,0.4,36.73734417118652
09,2026-10-10,0,2026-10-10,wk inc flu hosp,quantile,0.4,25.279685872929637
10,2026-10-10,0,2026-10-10,wk inc flu hosp,quantile,0.4,9.066323553138806
11,2026-10-10,0,2026-10-10,wk inc flu hosp,quantile,0.4,1.6914117652176675
12,2026-10-10,0,2026-10-10,wk inc flu hosp,quantile,0.4,597.2718866991589
13,2026-10-10,0,2026-10-10,wk inc flu hosp,quantile,0.4,54.320564207548735
15,2026-10-10,0,2026-10-10,wk inc flu hosp,quantile,0.4,47.03405209676995
16,2026-10-10,0,2026-10-10,wk inc flu hosp,quantile,0.4,14.582393568053433
17,2026-10-10,0,2026-10-10,wk inc flu hosp,quantile,0.4,65.83374818793733
18,2026-10-10,0,2026-10-10,wk inc flu hosp,quantile,0.4,66.74515348766336
19,2026-10-10,0,2026-10-10,wk inc flu hosp,quantile,0.4,16.839758289427913
20,2026-10-10,0,2026-10-10,wk inc flu hosp,quantile,0.4,14.12682482250411
21,2026-10-10,0,2026-10-10,wk inc flu hosp,quantile,0.4,60.29837381784716
22,2026-10-10,0,2026-10-10,wk inc flu hosp,quantile,0.4,106.55935500551489
23,2026-10-10,0,2026-10-10,wk inc flu hosp,quantile,0.4,15.479446382753911
24,2026-10-10,0,2026-10-10,wk inc flu hosp,quantile,0.4,15.809212594503881
25,2026-10-10,0,2026-10-10,wk inc flu hosp,quantile,0.4,22.92218786546371
26,2026-10-10,0,2026-10-10,wk inc flu hosp,quantile,0.4,39.310534894656065
27,2026-10-10,0,2026-10-10,wk inc flu hosp,quantile,0.4,28.319511269106627
28,2026-10-10,0,2026-10-10,wk inc flu hosp,quantile,0.4,18.066657352478856
29,2026-10-10,0,2026-10-10,wk inc flu hosp,quantile,0.4,29.452631610178486
30,2026-10-10,0,2026-10-10,wk inc flu hosp,quantile,0.4,12.252773061145438
31,2026-10-10,0,2026-10-10,wk inc flu hosp,quantile,0.4,21.47129091007179
32,2026-10-10,0,2026-10-10,wk inc flu hosp,quantile,0.4,36.52339091924938
33,2026-10-10,0,2026-10-10,wk inc flu hosp,quantile,0.4,9.820591691373817
34,2026-10-10,0,2026-10-10,wk inc flu hosp,quantile,0.4,65.51130709392747
35,2026-10-10,0,2026-10-10,wk inc flu hosp,quantile,0.4,8.1605566659563
36,2026-10-10,0,2026-10-10,wk inc flu hosp,quantile,0.4,162.3783360639737
37,2026-10-10,0,2026-10-10,wk inc flu hosp,quantile,0.4,89.729753778542
38,2026-10-10,0,2026-10-10,wk inc flu hosp,quantile,0.4,3.6123238402451685
39,2026-10-10,0,2026-10-10,wk inc flu hosp,quantile,0.4,69.5416279622894
40,2026-10-10,0,2026-10-10,wk inc flu hosp,quantile,0.4,26.916290745553574
41,2026-10-10,0,2026-10-10,wk inc flu hosp,quantile,0.4,31.56242203656965
42,2026-10-10,0,2026-10-10,wk inc flu hosp,quantile,0.4,140.6008723069919
44,2026-10-10,0,2026-10-10,wk inc flu hosp,quantile,0.4,6.7615703037254455
45,2026-10-10,0,2026-10-10,wk inc flu hosp,quantile,0.4,35.98526913874192
46,2026-10-10,0,2026-10-10,wk inc flu hosp,quantile,0.4,3.8339271940992634
47,2026-10-10,0,2026-10-10,wk inc flu hosp,quantile,0.4,69.79698880629333
48,2026-10-10,0,2026-10-10,wk inc flu hosp,quantile,0.4,354.3542852209558
49,2026-10-10,0,2026-10-10,wk inc flu hosp,quantile,0.4,22.464556922411393
50,2026-10-10,0,2026-10-10,wk inc flu hosp,quantile,0.4,0.7380450144926204
51,2026-10-10,0,2026-10-10,wk inc flu hosp,quantile,0.4,33.52352493707689
53,2026-10-10,0,2026-10-10,wk inc flu hosp,quantile,0.4,133.52783050193312
54,2026-10-10,0,2026-10-10,wk inc flu hosp,quantile,0.4,6.13393615255211
55,2026-10-10,0,2026-10-10,wk inc flu hosp,quantile,0.4,28.85269791478859
56,2026-10-10,0,2026-10-10,wk inc flu hosp,quantile,0.4,2.9713113266617106
72,2026-10-10,0,2026-10-10,wk inc flu hosp,quantile,0.4,77.07729861531985
US,2026-10-10,0,2026-10-10,wk inc flu hosp,quantile,0.4,3702.667770592901
01,2026-10-10,1,2026-10-17,wk inc flu hosp,quantile,0.4,54.93800515945495
02,2026-10-10,1,2026-10-17,wk inc flu hosp,quantile,0.4,15.991777760994804
04,2026-10-10,1,2026-10-17,wk inc flu hosp,quantile,0.4,72.4520226441569
05,2026-10-10,1,2026-10-17,wk inc flu hosp,quantile,0.4,17.925460273226008
06,2026-10-10,1,2026-10-17,wk inc flu hosp,quantile,0.4,470.25335769251654
08,2026-10-10,1,2026-10-17,wk inc flu hosp,quantile,0.4,37.01371112131967
09,2026-10-10,1,2026-10-17,wk inc flu hosp,quantile,0.4,27.945982418363066
10,2026-10-10,1,2026-10-17,wk inc flu hosp,quantile,0.4,8.767453425018449
11,2026-10-10,1,2026-10-17,wk inc flu hosp,quantile,0.4,1.8759849904614134
12,2026-10-10,1,2026-10-17,wk inc flu hosp,quantile,0.4,606.3727074686301
13,2026-10-10,1,2026-10-17,wk inc flu hosp,quantile,0.4,57.40623336616066
15,2026-10-10,1,2026-10-17,wk inc flu hosp,quantile,0.4,45.530106349361176
16,2026-10-10,1,2026-10-17,wk inc flu hosp,quantile,0.4,14.722960901321725
17,2026-10-10,1,2026-10-17,wk inc flu hosp,quantile,0.4,65.19501539984674
18,2026-10-10,1,2026-10-17,wk inc flu hosp,quantile,0.4,72.6741435009487
19,2026-10-10,1,2026-10-17,wk inc flu hosp,quantile,0.4,17.077125864691713
20,2026-10-10,1,2026-10-17,wk inc flu hosp,quantile,0.4,15.593984832654199
21,2026-10-10,1,2026-10-17,wk inc flu hosp,quantile,0.4,68.37700675638176
22,2026-10-10,1,2026-10-17,wk inc flu hosp,quantile,0.4,104.53194610942684
23,2026-10-10,1,2026-10-17,wk inc flu hosp,quantile,0.4,15.065690143620907
24,2026-10-10,1,2026-10-17,wk inc flu hosp,quantile,0.4,15.143975839749624
25,2026-10-10,1,2026-10-17,wk inc flu hosp,quantile,0.4,26.66711952162094
26,2026-10-10,1,2026-10-17,wk inc flu hosp,quantile,0.4,39.25421052206419
27,2026-10-10,1,2026-10-17,wk inc flu hosp,quantile,0.4,29.013312954534516
28,2026-10-10,1,2026-10-17,wk inc flu hosp,quantile,0.4,18.325632800330432
29,2026-10-10,1,2026-10-17,wk inc flu hosp,quantile,0.4,29.497642992885517
30,2026-10-10,1,2026-10-17,wk inc flu hosp,quantile,0.4,11.63182868601043
31,2026-10-10,1,2026-10-17,wk inc flu hosp,quantile,0.4,22.423383754264446
32,2026-10-10,1,2026-10-17,wk inc flu hosp,quantile,0.4,34.298084298795615
33,2026-10-10,1,2026-10-17,wk inc flu hosp,quantile,0.4,9.636625129948126
34,2026-10-10,1,2026-10-17,wk inc flu hosp,quantile,0.4,61.28908907002221
35,2026-10-10,1,2026-10-17,wk inc flu hosp,quantile,0.4,8.33758370279546
36,2026-10-10,1,2026-10-17,wk inc flu hosp,quantile,0.4,184.73579362047602
37,2026-10-10,1,2026-10-17,wk inc flu hosp,quantile,0.4,94.2436366373967
38,2026-10-10,1,2026-10-17,wk inc flu hosp,quantile,0.4,3.5246786758845245
39,2026-10-10,1,2026-10-17,wk inc flu hosp,quantile,0.4,67.56938042356332
40,2026-10-10,1,2026-10-17,wk inc flu hosp,quantile,0.4,29.456502655109276
41,2026-10-10,1,2026-10-17,wk inc flu hosp,quantile,0.4,31.33083908637121
42,2026-10-10,1,2026-10-17,wk inc flu hosp,quantile,0.4,136.1154527392382
44,2026-10-10,1,2026-10-17,wk inc flu hosp,quantile,0.4,6.600792112807441
45,2026-10-10,1,2026-10-17,wk inc flu hosp,quantile,0.4,36.45301297952534
46,2026-10-10,1,2026-10-17,wk inc flu hosp,quantile,0.4,3.97442485435252
47,2026-10-10,1,2026-10-17,wk inc flu hosp,quantile,0.4,70.0923497825081
48,2026-10-10,1,2026-10-17,wk inc flu hosp,quantile,0.4,370.94744778432647
49,2026-10-10,1,2026-10-17,wk inc flu hosp,quantile,0.4,21.614650086709084
50,2026-10-10,1,2026-10-17,wk inc flu hosp,quantile,0.4,0.7748509265655213
51,2026-10-10,1,2026-10-17,wk inc flu hosp,quantile,0.4,32.99279590715117
53,2026-10-10,1,2026-10-17,wk inc flu hosp,quantile,0.4,128.5714392531914
54,2026-10-10,1,2026-10-17,wk inc flu hosp,quantile,0.4,6.630193614558027
55,2026-10-10,1,2026-10-17,wk inc flu hosp,quantile,0.4,28.40652498839366
56,2026-10-10,1,2026-10-17,wk inc flu hosp,quantile,0.4,2.951372608800137
72,2026-10-10,1,2026-10-17,wk inc flu hosp,quantile,0.4,75.16917094733378
US,2026-10-10,1,2026-10-17,wk inc flu hosp,quantile,0.4,4073.21352334779
01,2026-10-10,2,2026-10-24,wk inc flu hosp,quantile,0.4,53.75600601234055
02,2026-10-10,2,2026-10-24,wk inc flu hosp,quantile,0.4,14.619800304097488
04,2026-10-10,2,2026-10-24,wk inc flu hosp,quantile,0.4,72.9226873106121
05,2026-10-10,2,2026-10-24,wk inc flu hosp,quantile,0.4,18.718264446080703
06,2026-10-10,2,2026-10-24,wk inc flu hosp,quantile,0.4,468.4023496071126
08,2026-10-10,2,2026-10-24,wk inc flu hosp,quantile,0.4,37.092352506738976
09,2026-10-10,2,2026-10-24,wk inc flu hosp,quantile,0.4,28.942041008030813
10,2026-10-10,2,2026-10-24,wk inc flu hosp,quantile,0.4,8.44778018486488
11,2026-10-10,2,2026-10-24,wk inc flu hosp,quantile,0.4,2.120909476988792
12,2026-10-10,2,2026-10-24,wk inc flu hosp,quantile,0.4,597.325807570057
13,2026-10-10,2,2026-10-24,wk inc flu hosp,quantile,0.4,59.18020798236797
15,2026-10-10,2,2026-10-24,wk inc flu hosp,quantile,0.4,42.154220440662115
16,2026-10-10,2,2026-10-24,wk inc flu hosp,quantile,0.4,14.890706725080626
17,2026-10-10,2,2026-10-24,wk inc flu hosp,quantile,0.4,69.20448104956074
18,2026-10-10,2,2026-10-24,wk inc flu hosp,quantile,0.4,76.4828851762418
19,2026-10-10,2,2026-10-24,wk inc flu hosp,quantile,0.4,17.964422281642147
20,2026-10-10,2,2026-10-24,wk inc flu hosp,quantile,0.4,16.663878086921095
21,2026-10-10,2,2026-10-24,wk inc flu hosp,quantile,0.4,72.74976275693311
22,2026-10-10,2,2026-10-24,wk inc flu hosp,quantile,0.4,104.23295499978433
23,2026-10-10,2,2026-10-24,wk inc flu hosp,quantile,0.4,15.049699532657375
24,2026-10-10,2,2026-10-24,wk inc flu hosp,quantile,0.4,15.32544007506239
25,2026-10-10,2,2026-10-24,wk inc flu hosp,quantile,0.4,31.395544565715642
26,2026-10-10,2,2026-10-24,wk inc flu hosp,quantile,0.4,39.71382787974725
27,2026-10-10,2,2026-10-24,wk inc flu hosp,quantile,0.4,28.957280413307185
28,2026-10-10,2,2026-10-24,wk inc flu hosp,quantile,0.4,18.67602179691137
29,2026-10-10,2,2026-10-24,wk inc flu hosp,quantile,0.4,31.38788774161765
30,2026-10-10,2,2026-10-24,wk inc flu hosp,quantile,0.4,11.292531680500293
31,2026-10-10,2,2026-10-24,wk inc flu hosp,quantile,0.4,21.72887161154776
32,2026-10-10,2,2026-10-24,wk inc flu hosp,quantile,0.4,33.45640801994755
33,2026-10-10,2,2026-10-24,wk inc flu hosp,quantile,0.4,9.750481653486338
34,2026-10-10,2,2026-10-24,wk inc flu hosp,quantile,0.4,62.696740169199
35,2026-10-10,2,2026-10-24,wk inc flu hosp,quantile,0.4,8.621844191251052
36,2026-10-10,2,2026-10-24,wk inc flu hosp,quantile,0.4,204.8398165428848
37,2026-10-10,2,2026-10-24,wk inc flu hosp,quantile,0.4,100.19305919638558
38,2026-10-10,2,2026-10-24,wk inc flu hosp,quantile,0.4,3.72453206336001
39,2026-10-10,2,2026-10-24,wk inc flu hosp,quantile,0.4,65.65789377533764
40,2026-10-10,2,2026-10-24,wk inc flu hosp,quantile,0.4,31.492635797692866
41,2026-10-10,2,2026-10-24,wk inc flu hosp,quantile,0.4,30.076794670016127
42,2026-10-10,2,2026-10-24,wk inc flu hosp,quantile,0.4,135.51979999688268
44,2026-10-10,2,2026-10-24,wk inc flu hosp,quantile,0.4,6.798182686911279
45,2026-10-10,2,2026-10-24,wk inc flu hosp,quantile,0.4,37.7347178330865
46,2026-10-10,2,2026-10-24,wk inc flu hosp,quantile,0.4,3.9992409632960295
47,2026-10-10,2,2026-10-24,wk inc flu hosp,quantile,0.4,70.79093169008547
48,2026-10-10,2,2026-10-24,wk inc flu hosp,quantile,0.4,370.44340339135255
49,2026-10-10,2,2026-10-24,wk inc flu hosp,quantile,0.4,20.329810970020997
50,2026-10-10,2,2026-10-24,wk inc flu hosp,quantile,0.4,0.8260129213852456
51,2026-10-10,2,2026-10-24,wk inc flu hosp,quantile,0.4,34.429254725445965
53,2026-10-10,2,2026-10-24,wk inc flu hosp,quantile,0.4,120.92862559122275
54,2026-10-10,2,2026-10-24,wk inc flu hosp,quantile,0.4,7.215821282885466
55,2026-10-10,2,2026-10-24,wk inc flu hosp,quantile,0.4,27.567111189064025
56,2026-10-10,2,2026-10-24,wk inc flu hosp,quantile,0.4,3.2038924314062167
72,2026-10-10,2,2026-10-24,wk inc flu hosp,quantile,0.4,74.86124548988242
US,2026-10-10,2,2026-10-24,wk inc flu hosp,quantile,0.4,4382.16214739966
01,2026-10-10,3,2026-10-31,wk inc flu hosp,quantile,0.4,55.136647366693516
02,2026-10-10,3,2026-10-31,wk inc flu hosp,quantile,0.4,14.068288511164463
04,2026-10-10,3,2026-10-31,wk inc flu hosp,quantile,0.4,76.15926421839515
05,2026-10-10,3,2026-10-31,wk inc flu hosp,quantile,0.4,19.036795070158565
06,2026-10-10,3,2026-10-31,wk inc flu hosp,quantile,0.4,462.02569171292754
08,2026-10-10,3,2026-10-31,wk inc flu hosp,quantile,0.4,37.147978024418755
09,2026-10-10,3,2026-10-31,wk inc flu hosp,quantile,0.4,30.055812227330474
10,2026-10-10,3,2026-10-31,wk inc flu hosp,quantile,0.4,8.304303447648573
11,2026-10-10,3,2026-10-31,wk inc flu hosp,quantile,0.4,2.3594488770802076
12,2026-10-10,3,2026-10-31,wk inc flu hosp,quantile,0.4,570.6918733233271
13,2026-10-10,3,2026-10-31,wk inc flu hosp,quantile,0.4,59.96489501278152
15,2026-10-10,3,2026-10-31,wk inc flu hosp,quantile,0.4,39.00413340578391
16,2026-10-10,3,2026-10-31,wk inc flu hosp,quantile,0.4,14.588742793249947
17,2026-10-10,3,2026-10-31,wk inc flu hosp,quantile,0.4,68.97056100675525
18,2026-10-10,3,2026-10-31,wk inc flu hosp,quantile,0.4,78.34592762789104
19,2026-10-10,3,2026-10-31,wk inc flu hosp,quantile,0.4,19.021795350845515
20,2026-10-10,3,2026-10-31,wk inc flu hosp,quantile,0.4,16.438473686981755
21,2026-10-10,3,2026-10-31,wk inc flu hosp,quantile,0.4,73.70202477186824
22,2026-10-10,3,2026-10-31,wk inc flu hosp,quantile,0.4,100.40767133226645
23,2026-10-10,3,2026-10-31,wk inc flu hosp,quantile,0.4,15.340681805475809
24,2026-10-10,3,2026-10-31,wk inc flu hosp,quantile,0.4,17.42207318979254
25,2026-10-10,3,2026-10-31,wk inc flu hosp,quantile,0.4,35.46169855524216
26,2026-10-10,3,2026-10-31,wk inc flu hosp,quantile,0.4,43.93012884033697
27,2026-10-10,3,2026-10-31,wk inc flu hosp,quantile,0.4,29.802036798009553
28,2026-10-10,3,2026-10-31,wk inc flu hosp,quantile,0.4,19.395645674365188
29,2026-10-10,3,2026-10-31,wk inc flu hosp,quantile,0.4,34.94817208107219
30,2026-10-10,3,2026-10-31,wk inc flu hosp,quantile,0.4,11.169182827914264
31,2026-10-10,3,2026-10-31,wk inc flu hosp,quantile,0.4,20.379273258707464
32,2026-10-10,3,2026-10-31,wk inc flu hosp,quantile,0.4,31.536829833007214
33,2026-10-10,3,2026-10-31,wk inc flu hosp,quantile,0.4,9.718448843503264
34,2026-10-10,3,2026-10-31,wk inc flu hosp,quantile,0.4,65.33321323486071
35,2026-10-10,3,2026-10-31,wk inc flu hosp,quantile,0.4,9.4029718548697
36,2026-10-10,3,2026-10-31,wk inc flu hosp,quantile,0.4,223.71141519128318
37,2026-10-10,3,2026-10-31,wk inc flu hosp,quantile,0.4,100.28771135641446
38,2026-10-10,3,2026-10-31,wk inc flu hosp,quantile,0.4,3.7005663775230757
39,2026-10-10,3,2026-10-31,wk inc flu hosp,quantile,0.4,68.28223805948751
40,2026-10-10,3,2026-10-31,wk inc flu hosp,quantile,0.4,31.7224028410043
41,2026-10-10,3,2026-10-31,wk inc flu hosp,quantile,0.4,30.77689503068542
42,2026-10-10,3,2026-10-31,wk inc flu hosp,quantile,0.4,136.5716711730839
44,2026-10-10,3,2026-10-31,wk inc flu hosp,quantile,0.4,6.734270189296415
45,2026-10-10,3,2026-10-31,wk inc flu hosp,quantile,0.4,36.93042121674226
46,2026-10-10,3,2026-10-31,wk inc flu hosp,quantile,0.4,4.1302101911159355
47,2026-10-10,3,2026-10-31,wk inc flu hosp,quantile,0.4,72.54014252251643
48,2026-10-10,3,2026-10-31,wk inc flu hosp,quantile,0.4,384.92388865987147
49,2026-10-10,3,2026-10-31,wk inc flu hosp,quantile,0.4,20.019887200200426
50,2026-10-10,3,2026-10-31,wk inc flu hosp,quantile,0.4,1.0161382019594145
51,2026-10-10,3,2026-10-31,wk inc flu hosp,quantile,0.4,36.4440317240927
53,2026-10-10,3,2026-10-31,wk inc flu hosp,quantile,0.4,111.63044157192832
54,2026-10-10,3,2026-10-31,wk inc flu hosp,quantile,0.4,8.10489009603068
55,2026-10-10,3,2026-10-31,wk inc flu hosp,quantile,0.4,29.330381626530528
56,2026-10-10,3,2026-10-31,wk inc flu hosp,quantile,0.4,3.169519010790403
72,2026-10-10,3,2026-10-31,wk inc flu hosp,quantile,0.4,75.86499585695165
US,2026-10-10,3,2026-10-31,wk inc flu hosp,quantile,0.4,4709.336218911563
01,2026-10-10,0,2026-10-10,wk inc flu hosp,quantile,0.45,54.89113135618054
02,2026-10-10,0,2026-10-10,wk inc flu hosp,quantile,0.45,18.638190312565918
04,2026-10-10,0,2026-10-10,wk inc flu hosp,quantile,0.45,70.64619866877929
05,2026-10-10,0,2026-10-10,wk inc flu hosp,quantile,0.45,18.779857384040973
06,2026-10-10,0,2026-10-10,wk inc flu hosp,quantile,0.45,476.0608010387643
08,2026-10-10,0,2026-10-10,wk inc flu hosp,quantile,0.45,38.51808689667785
09,2026-10-10,0,2026-10-10,wk inc flu hosp,quantile,0.45,26.837022025658666
10,2026-10-10,0,2026-10-10,wk inc flu hosp,quantile,0.45,9.804136431694559
11,2026-10-10,0,2026-10-10,wk inc flu hosp,quantile,0.45,2.035346407385798
12,2026-10-10,0,2026-10-10,wk inc flu hosp,quantile,0.45,615.8217296469487
13,2026-10-10,0,2026-10-10,wk inc flu hosp,quantile,0.45,57.63192637892238
15,2026-10-10,0,2026-10-10,wk inc flu hosp,quantile,0.45,48.91363736022599
16,2026-10-10,0,2026-10-10,wk inc flu hosp,quantile,0.45,15.575267611224055
17,2026-10-10,0,2026-10-10,wk inc flu hosp,quantile,0.45,69.51220563868927
18,2026-10-10,0,2026-10-10,wk inc flu hosp,quantile,0.45,69.18099800805838
19,2026-10-10,0,2026-10-10,wk inc flu hosp,quantile,0.45,17.709292976262958
20,2026-10-10,0,2026-10-10,wk inc flu hosp,quantile,0.45,15.237643682232918
21,2026-10-10,0,2026-10-10,wk inc flu hosp,quantile,0.45,63.16381615293031
22,2026-10-10,0,2026-10-10,wk inc flu hosp,quantile,0.45,110.82561521219445
23,2026-10-10,0,2026-10-10,wk inc flu hosp,quantile,0.45,16.307233400171473
24,2026-10-10,0,2026-10-10,wk inc flu hosp,quantile,0.45,17.235855609491384
25,2026-10-10,0,2026-10-10,wk inc flu hosp,quantile,0.45,24.328082859200528
26,2026-10-10,0,2026-10-10,wk inc flu hosp,quantile,0.45,41.64989728481983
27,2026-10-10,0,2026-10-10,wk inc flu hosp,quantile,0.45,30.452952332487893
28,2026-10-10,0,2026-10-10,wk inc flu hosp,quantile,0.45,19.310064298607845
29,2026-10-10,0,2026-10-10,wk inc flu hosp,quantile,0.45,31.52764650441635
30,2026-10-10,0,2026-10-10,wk inc flu hosp,quantile,0.45,13.10265155199074
31,2026-10-10,0,2026-10-10,wk inc flu hosp,quantile,0.45,22.907595576895037
32,2026-10-10,0,2026-10-10,wk inc flu hosp,quantile,0.45,38.100922199224954
33,2026-10-10,0,2026-10-10,wk inc flu hosp,quantile,0.45,10.548579421824831
34,2026-10-10,0,2026-10-10,wk inc flu hosp,quantile,0.45,69.19232681970347
35,2026-10-10,0,2026-10-10,wk inc flu hosp,quantile,0.45,9.053984829111759
36,2026-10-10,0,2026-10-10,wk inc flu hosp,quantile,0.45,168.31064572609455
37,2026-10-10,0,2026-10-10,wk inc flu hosp,quantile,0.45,94.12451809699351
38,2026-10-10,0,2026-10-10,wk inc flu hosp,quantile,0.45,4.012166115766951
39,2026-10-10,0,2026-10-10,wk inc flu hosp,quantile,0.45,74.00070123330207
40,2026-10-10,0,2026-10-10,wk inc flu hosp,quantile,0.45,28.64664331290233
41,2026-10-10,0,2026-10-10,wk inc flu hosp,quantile,0.45,33.56544443811248
42,2026-10-10,0,2026-10-10,wk inc flu hosp,quantile,0.45,147.09916835286452
44,2026-10-10,0,2026-10-10,wk inc flu hosp,quantile,0.45,7.34644555285173
45,2026-10-10,0,2026-10-10,wk inc flu hosp,quantile,0.45,37.80416944617449
46,2026-10-10,0,2026-10-10,wk inc flu hosp,quantile,0.45,4.350379490516262
47,2026-10-10,0,2026-10-10,wk inc flu hosp,quantile,0.45,73.92925508131277
48,2026-10-10,0,2026-10-10,wk inc flu hosp,quantile,0.45,367.6189204976893
49,2026-10-10,0,2026-10-10,wk inc flu hosp,quantile,0.45,23.974480456298526
50,2026-10-10,0,2026-10-10,wk inc flu hosp,quantile,0.45,0.950882783648658
51,2026-10-10,0,2026-10-10,wk inc flu hosp,quantile,0.45,35.59188060995659
53,2026-10-10,0,2026-10-10,wk inc flu hosp,quantile,0.45,137.6841712647704
54,2026-10-10,0,2026-10-10,wk inc flu hosp,quantile,0.45,6.752806239002348
55,2026-10-10,0,2026-10-10,wk inc flu hosp,quantile,0.45,30.49052053734683
56,2026-10-10,0,2026-10-10,wk inc flu hosp,quantile,0.45,3.3906073236884926
72,2026-10-10,0,2026-10-10,wk inc flu hosp,quantile,0.45,79.86166736378836
US,2026-10-10,0,2026-10-10,wk inc flu hosp,quantile,0.45,3790.7146314150746
01,2026-10-10,1,2026-10-17,wk inc flu hosp,quantile,0.45,58.71810673165943
02,2026-10-10,1,2026-10-17,wk inc flu hosp,quantile,0.45,17.22356597354265
04,2026-10-10,1,2026-10-17,wk inc flu hosp,quantile,0.45,78.96179101137749
05,2026-10-10,1,2026-10-17,wk inc flu hosp,quantile,0.45,20.012056664779365
06,2026-10-10,1,2026-10-17,wk inc flu hosp,quantile,0.45,488.55620547042884
08,2026-10-10,1,2026-10-17,wk inc flu hosp,quantile,0.45,40.74977902527489
09,2026-10-10,1,2026-10-17,wk inc flu hosp,quantile,0.45,30.982678578276122
10,2026-10-10,1,2026-10-17,wk inc flu hosp,quantile,0.45,9.871628516741934
11,2026-10-10,1,2026-10-17,wk inc flu hosp,quantile,0.45,2.3692735682404424
12,2026-10-10,1,2026-10-17,wk inc flu hosp,quantile,0.45,634.1969551316533
13,2026-10-10,1,2026-10-17,wk inc flu hosp,quantile,0.45,62.74125444035049
15,2026-10-10,1,2026-10-17,wk inc flu hosp,quantile,0.45,47.72460061297969
16,2026-10-10,1,2026-10-17,wk inc flu hosp,quantile,0.45,16.29732613581588
17,2026-10-10,1,2026-10-17,wk inc flu hosp,quantile,0.45,73.03700212620774
18,2026-10-10,1,2026-10-17,wk inc flu hosp,quantile,0.45,77.50964466500372
19,2026-10-10,1,2026-10-17,wk inc flu hosp,quantile,0.45,19.349986458356113
20,2026-10-10,1,2026-10-17,wk inc flu hosp,quantile,0.45,17.085438576186927
21,2026-10-10,1,2026-10-17,wk inc flu hosp,quantile,0.45,73.66289734225174
22,2026-10-10,1,2026-10-17,wk inc flu hosp,quantile,0.45,111.37487155901296
23,2026-10-10,1,2026-10-17,wk inc flu hosp,quantile,0.45,16.741007775337497
24,2026-10-10,1,2026-10-17,wk inc flu hosp,quantile,0.45,18.012561761536112
25,2026-10-10,1,2026-10-17,wk inc flu hosp,quantile,0.45,30.19678367878361
26,2026-10-10,1,2026-10-17,wk inc flu hosp,quantile,0.45,44.55334151099352
27,2026-10-10,1,2026-10-17,wk inc flu hosp,quantile,0.45,32.13708435428519
28,2026-10-10,1,2026-10-17,wk inc flu hosp,quantile,0.45,20.2169519447068
29,2026-10-10,1,2026-10-17,wk inc flu hosp,quantile,0.45,33.84651492825664
30,2026-10-10,1,2026-10-17,wk inc flu hosp,quantile,0.45,12.561349138703207
31,2026-10-10,1,2026-10-17,wk inc flu hosp,quantile,0.45,24.58476764935941
32,2026-10-10,1,2026-10-17,wk inc flu hosp,quantile,0.45,37.23153653536411
33,2026-10-10,1,2026-10-17,wk inc flu hosp,quantile,0.45,10.661989715397924
34,2026-10-10,1,2026-10-17,wk inc flu hosp,quantile,0.45,67.64838996691282
35,2026-10-10,1,2026-10-17,wk inc flu hosp,quantile,0.45,9.749110018800158
36,2026-10-10,1,2026-10-17,wk inc flu hosp,quantile,0.45,196.80697162660368
37,2026-10-10,1,2026-10-17,wk inc flu hosp,quantile,0.45,101.92716111500076
38,2026-10-10,1,2026-10-17,wk inc flu hosp,quantile,0.45,4.130863062162268
39,2026-10-10,1,2026-10-17,wk inc flu hosp,quantile,0.45,76.02675652936277
40,2026-10-10,1,2026-10-17,wk inc flu hosp,quantile,0.45,33.32151475568519
41,2026-10-10,1,2026-10-17,wk inc flu hosp,quantile,0.45,34.41976364527878
42,2026-10-10,1,2026-10-17,wk inc flu hosp,quantile,0.45,145.83821086516494
44,2026-10-10,1,2026-10-17,wk inc flu hosp,quantile,0.45,7.446053505040736
45,2026-10-10,1,2026-10-17,wk inc flu hosp,quantile,0.45,40.02904458191121
46,2026-10-10,1,2026-10-17,wk inc flu hosp,quantile,0.45,4.686906309497873
47,2026-10-10,1,2026-10-17,wk inc flu hosp,quantile,0.45,76.88100022637283
48,2026-10-10,1,2026-10-17,wk inc flu hosp,quantile,0.45,389.7794847050357
49,2026-10-10,1,2026-10-17,wk inc flu hosp,quantile,0.45,23.553300326348776
50,2026-10-10,1,2026-10-17,wk inc flu hosp,quantile,0.45,1.0610372265745909
51,2026-10-10,1,2026-10-17,wk inc flu hosp,quantile,0.45,37.39149659755416
53,2026-10-10,1,2026-10-17,wk inc flu hosp,quantile,0.45,135.9592376841643
54,2026-10-10,1,2026-10-17,wk inc flu hosp,quantile,0.45,7.94885109413628
55,2026-10-10,1,2026-10-17,wk inc flu hosp,quantile,0.45,31.357501554505248
56,2026-10-10,1,2026-10-17,wk inc flu hosp,quantile,0.45,3.409292959948841
72,2026-10-10,1,2026-10-17,wk inc flu hosp,quantile,0.45,78.95560987450601
US,2026-10-10,1,2026-10-17,wk inc flu hosp,quantile,0.45,4248.015502139626
01,2026-10-10,2,2026-10-24,wk inc flu hosp,quantile,0.45,59.08381333281589
02,2026-10-10,2,2026-10-24,wk inc flu hosp,quantile,0.45,16.198063573903916
04,2026-10-10,2,2026-10-24,wk inc flu hosp,quantile,0.45,82.97738067635699
05,2026-10-10,2,2026-10-24,wk inc flu hosp,quantile,0.45,21.310976753279906
06,2026-10-10,2,2026-10-24,wk inc flu hosp,quantile,0.45,501.2390170805255
08,2026-10-10,2,2026-10-24,wk inc flu hosp,quantile,0.45,42.338725675770554
09,2026-10-10,2,2026-10-24,wk inc flu hosp,quantile,0.45,32.71277871524277
10,2026-10-10,2,2026-10-24,wk inc flu hosp,quantile,0.45,9.930764374937684
11,2026-10-10,2,2026-10-24,wk inc flu hosp,quantile,0.45,2.7617958467797465
12,2026-10-10,2,2026-10-24,wk inc flu hosp,quantile,0.45,630.4483426875615
13,2026-10-10,2,2026-10-24,wk inc flu hosp,quantile,0.45,66.62659598526
15,2026-10-10,2,2026-10-24,wk inc flu hosp,quantile,0.45,44.557953864530354
16,2026-10-10,2,2026-10-24,wk inc flu hosp,quantile,0.45,16.71551795616919
17,2026-10-10,2,2026-10-24,wk inc flu hosp,quantile,0.45,80.69189611483193
18,2026-10-10,2,2026-10-24,wk inc flu hosp,quantile,0.45,86.0262086348346
19,2026-10-10,2,2026-10-24,wk inc flu hosp,quantile,0.45,20.56928416712248
20,2026-10-10,2,2026-10-24,wk inc flu hosp,quantile,0.45,18.859974825723018
21,2026-10-10,2,2026-10-24,wk inc flu hosp,quantile,0.45,80.73162008654407
22,2026-10-10,2,2026-10-24,wk inc flu hosp,quantile,0.45,113.06568974819955
23,2026-10-10,2,2026-10-24,wk inc flu hosp,quantile,0.45,17.06389464275363
24,2026-10-10,2,2026-10-24,wk inc flu hosp,quantile,0.45,19.02851966908816
25,2026-10-10,2,2026-10-24,wk inc flu hosp,quantile,0.45,36.86801114836508
26,2026-10-10,2,2026-10-24,wk inc flu hosp,quantile,0.45,47.951987870491074
27,2026-10-10,2,2026-10-24,wk inc flu hosp,quantile,0.45,33.919605247888185
28,2026-10-10,2,2026-10-24,wk inc flu hosp,quantile,0.45,21.0162569008577
29,2026-10-10,2,2026-10-24,wk inc flu hosp,quantile,0.45,36.09225040823679
30,2026-10-10,2,2026-10-24,wk inc flu hosp,quantile,0.45,12.530970337242843
31,2026-10-10,2,2026-10-24,wk inc flu hosp,quantile,0.45,24.012661082099406
32,2026-10-10,2,2026-10-24,wk inc flu hosp,quantile,0.45,36.41307493143122
33,2026-10-10,2,2026-10-24,wk inc flu hosp,quantile,0.45,11.171210346018455
34,2026-10-10,2,2026-10-24,wk inc flu hosp,quantile,0.45,71.77306199374375
35,2026-10-10,2,2026-10-24,wk inc flu hosp,quantile,0.45,10.521529580044483
36,2026-10-10,2,2026-10-24,wk inc flu hosp,quantile,0.45,221.86971790162008
37,2026-10-10,2,2026-10-24,wk inc flu hosp,quantile,0.45,110.43820207400309
38,2026-10-10,2,2026-10-24,wk inc flu hosp,quantile,0.45,4.31794363994474
39,2026-10-10,2,2026-10-24,wk inc flu hosp,quantile,0.45,75.79362053432706
40,2026-10-10,2,2026-10-24,wk inc flu hosp,quantile,0.45,35.804641088763496
41,2026-10-10,2,2026-10-24,wk inc flu hosp,quantile,0.45,34.710687623284066
42,2026-10-10,2,2026-10-24,wk inc flu hosp,quantile,0.45,152.2432055111035
44,2026-10-10,2,2026-10-24,wk inc flu hosp,quantile,0.45,7.689327408479528
45,2026-10-10,2,2026-10-24,wk inc flu hosp,quantile,0.45,42.42442425663859
46,2026-10-10,2,2026-10-24,wk inc flu hosp,quantile,0.45,4.855720362396826
47,2026-10-10,2,2026-10-24,wk inc flu hosp,quantile,0.45,78.01501465021714
48,2026-10-10,2,2026-10-24,wk inc flu hosp,quantile,0.45,403.27313844083585
49,2026-10-10,2,2026-10-24,wk inc flu hosp,quantile,0.45,22.412005470815906
50,2026-10-10,2,2026-10-24,wk inc flu hosp,quantile,0.45,1.2074208519790992
51,2026-10-10,2,2026-10-24,wk inc flu hosp,quantile,0.45,40.66798921004787
53,2026-10-10,2,2026-10-24,wk inc flu hosp,quantile,0.45,130.52803034993227
54,2026-10-10,2,2026-10-24,wk inc flu hosp,quantile,0.45,9.154905404490723
55,2026-10-10,2,2026-10-24,wk inc flu hosp,quantile,0.45,32.514572541445496
56,2026-10-10,2,2026-10-24,wk inc flu hosp,quantile,0.45,3.7580329684625893
72,2026-10-10,2,2026-10-24,wk inc flu hosp,quantile,0.45,80.91929645287821
US,2026-10-10,2,2026-10-24,wk inc flu hosp,quantile,0.45,4674.721103790009
01,2026-10-10,3,2026-10-31,wk inc flu hosp,quantile,0.45,63.462302795507874
02,2026-10-10,3,2026-10-31,wk inc flu hosp,quantile,0.45,15.33052817356341
04,2026-10-10,3,2026-10-31,wk inc flu hosp,quantile,0.45,86.16838810697719
05,2026-10-10,3,2026-10-31,wk inc flu hosp,quantile,0.45,21.97179979436262
06,2026-10-10,3,2026-10-31,wk inc flu hosp,quantile,0.45,498.25044585298167
08,2026-10-10,3,2026-10-31,wk inc flu hosp,quantile,0.45,43.6502219034154
09,2026-10-10,3,2026-10-31,wk inc flu hosp,quantile,0.45,34.91395708394459
10,2026-10-10,3,2026-10-31,wk inc flu hosp,quantile,0.45,9.79248388752358
11,2026-10-10,3,2026-10-31,wk inc flu hosp,quantile,0.45,2.9833247347376792
12,2026-10-10,3,2026-10-31,wk inc flu hosp,quantile,0.45,612.780594654157
13,2026-10-10,3,2026-10-31,wk inc flu hosp,quantile,0.45,71.97427651703507
15,2026-10-10,3,2026-10-31,wk inc flu hosp,quantile,0.45,41.780996750861455
16,2026-10-10,3,2026-10-31,wk inc flu hosp,quantile,0.45,16.784450106642478
17,2026-10-10,3,2026-10-31,wk inc flu hosp,quantile,0.45,82.81764516302312
18,2026-10-10,3,2026-10-31,wk inc flu hosp,quantile,0.45,89.73721273165137
19,2026-10-10,3,2026-10-31,wk inc flu hosp,quantile,0.45,21.70853659761815
20,2026-10-10,3,2026-10-31,wk inc flu hosp,quantile,0.45,19.704724896978842
21,2026-10-10,3,2026-10-31,wk inc flu hosp,quantile,0.45,82.93967757967609
22,2026-10-10,3,2026-10-31,wk inc flu hosp,quantile,0.45,110.9313477837706
23,2026-10-10,3,2026-10-31,wk inc flu hosp,quantile,0.45,17.41959705812168
24,2026-10-10,3,2026-10-31,wk inc flu hosp,quantile,0.45,21.862681143642895
25,2026-10-10,3,2026-10-31,wk inc flu hosp,quantile,0.45,43.262347757733444
26,2026-10-10,3,2026-10-31,wk inc flu hosp,quantile,0.45,52.49498037548829
27,2026-10-10,3,2026-10-31,wk inc flu hosp,quantile,0.45,36.30325772860278
28,2026-10-10,3,2026-10-31,wk inc flu hosp,quantile,0.45,22.403785786837283
29,2026-10-10,3,2026-10-31,wk inc flu hosp,quantile,0.45,41.80783188556649
30,2026-10-10,3,2026-10-31,wk inc flu hosp,quantile,0.45,12.852666076911383
31,2026-10-10,3,2026-10-31,wk inc flu hosp,quantile,0.45,23.212237551330666
32,2026-10-10,3,2026-10-31,wk inc flu hosp,quantile,0.45,35.76702187913055
33,2026-10-10,3,2026-10-31,wk inc flu hosp,quantile,0.45,11.455240568686465
34,2026-10-10,3,2026-10-31,wk inc flu hosp,quantile,0.45,74.52688165926975
35,2026-10-10,3,2026-10-31,wk inc flu hosp,quantile,0.45,11.751597930337688
36,2026-10-10,3,2026-10-31,wk inc flu hosp,quantile,0.45,249.66889751595383
37,2026-10-10,3,2026-10-31,wk inc flu hosp,quantile,0.45,115.08099743363736
38,2026-10-10,3,2026-10-31,wk inc flu hosp,quantile,0.45,4.495487520557488
39,2026-10-10,3,2026-10-31,wk inc flu hosp,quantile,0.45,80.97972648066813
40,2026-10-10,3,2026-10-31,wk inc flu hosp,quantile,0.45,37.00977901296478
41,2026-10-10,3,2026-10-31,wk inc flu hosp,quantile,0.45,34.99802616015616
42,2026-10-10,3,2026-10-31,wk inc flu hosp,quantile,0.45,153.81635772215068
44,2026-10-10,3,2026-10-31,wk inc flu hosp,quantile,0.45,7.652459945909239
45,2026-10-10,3,2026-10-31,wk inc flu hosp,quantile,0.45,43.267475218833
46,2026-10-10,3,2026-10-31,wk inc flu hosp,quantile,0.45,5.144237912199381
47,2026-10-10,3,2026-10-31,wk inc flu hosp,quantile,0.45,82.12984513133947
48,2026-10-10,3,2026-10-31,wk inc flu hosp,quantile,0.45,419.57792484504563
49,2026-10-10,3,2026-10-31,wk inc flu hosp,quantile,0.45,22.352450959190875
50,2026-10-10,3,2026-10-31,wk inc flu hosp,quantile,0.45,1.5099894465568833
51,2026-10-10,3,2026-10-31,wk inc flu hosp,quantile,0.45,44.67852645341814
53,2026-10-10,3,2026-10-31,wk inc flu hosp,quantile,0.45,122.54652806951889
54,2026-10-10,3,2026-10-31,wk inc flu hosp,quantile,0.45,10.49680163341568
55,2026-10-10,3,2026-10-31,wk inc flu hosp,quantile,0.45,34.88310359313023
56,2026-10-10,3,2026-10-31,wk inc flu hosp,quantile,0.45,3.8367636968644474
72,2026-10-10,3,2026-10-31,wk inc flu hosp,quantile,0.45,81.98718627227754
US,2026-10-10,3,2026-10-31,wk inc flu hosp,quantile,0.45,5132.251332290892
01,2026-10-10,0,2026-10-10,wk inc flu hosp,quantile,0.5,57.184434464251815
02,2026-10-10,0,2026-10-10,wk inc flu hosp,quantile,0.5,19.673329517278923
04,2026-10-10,0,2026-10-10,wk inc flu hosp,quantile,0.5,74.95125759501101
05,2026-10-10,0,2026-10-10,wk inc flu hosp,quantile,0.5,20.198130905282973
06,2026-10-10,0,2026-10-10,wk inc flu hosp,quantile,0.5,488.37372813983524
08,2026-10-10,0,2026-10-10,wk inc flu hosp,quantile,0.5,40.27417668960209
09,2026-10-10,0,2026-10-10,wk inc flu hosp,quantile,0.5,28.305384356778738
10,2026-10-10,0,2026-10-10,wk inc flu hosp,quantile,0.5,10.595328729737682
11,2026-10-10,0,2026-10-10,wk inc flu hosp,quantile,0.5,2.4103825231478373
12,2026-10-10,0,2026-10-10,wk inc flu hosp,quantile,0.5,631.1403058318017
13,2026-10-10,0,2026-10-10,wk inc flu hosp,quantile,0.5,60.840503300251775
15,2026-10-10,0,2026-10-10,wk inc flu hosp,quantile,0.5,50.82849006965411
16,2026-10-10,0,2026-10-10,wk inc flu hosp,quantile,0.5,16.556964147411286
17,2026-10-10,0,2026-10-10,wk inc flu hosp,quantile,0.5,74.1064424521027
18,2026-10-10,0,2026-10-10,wk inc flu hosp,quantile,0.5,72.11673246503176
19,2026-10-10,0,2026-10-10,wk inc flu hosp,quantile,0.5,18.978314117753293
20,2026-10-10,0,2026-10-10,wk inc flu hosp,quantile,0.5,16.537405040905824
21,2026-10-10,0,2026-10-10,wk inc flu hosp,quantile,0.5,65.46815467021298
22,2026-10-10,0,2026-10-10,wk inc flu hosp,quantile,0.5,115.46959114278019
23,2026-10-10,0,2026-10-10,wk inc flu hosp,quantile,0.5,17.325138567635523
24,2026-10-10,0,2026-10-10,wk inc flu hosp,quantile,0.5,18.831387743463818
25,2026-10-10,0,2026-10-10,wk inc flu hosp,quantile,0.5,25.86576972962137
26,2026-10-10,0,2026-10-10,wk inc flu hosp,quantile,0.5,44.989275270241315
27,2026-10-10,0,2026-10-10,wk inc flu hosp,quantile,0.5,32.54044163558852
28,2026-10-10,0,2026-10-10,wk inc flu hosp,quantile,0.5,20.688707729771288
29,2026-10-10,0,2026-10-10,wk inc flu hosp,quantile,0.5,33.55251837461225
30,2026-10-10,0,2026-10-10,wk inc flu hosp,quantile,0.5,13.89757517032184
31,2026-10-10,0,2026-10-10,wk inc flu hosp,quantile,0.5,24.260280489519527
32,2026-10-10,0,2026-10-10,wk inc flu hosp,quantile,0.5,39.62540341539847
33,2026-10-10,0,2026-10-10,wk inc flu hosp,quantile,0.5,11.174159169543975
34,2026-10-10,0,2026-10-10,wk inc flu hosp,quantile,0.5,72.47476271292068
35,2026-10-10,0,2026-10-10,wk inc flu hosp,quantile,0.5,9.992513109351831
36,2026-10-10,0,2026-10-10,wk inc flu hosp,quantile,0.5,173.7436054187405
37,2026-10-10,0,2026-10-10,wk inc flu hosp,quantile,0.5,97.8954598168438
38,2026-10-10,0,2026-10-10,wk inc flu hosp,quantile,0.5,4.375625216868931
39,2026-10-10,0,2026-10-10,wk inc flu hosp,quantile,0.5,80.1402920477089
40,2026-10-10,0,2026-10-10,wk inc flu hosp,quantile,0.5,30.859498227257497
41,2026-10-10,0,2026-10-10,wk inc flu hosp,quantile,0.5,35.35267852820945
42,2026-10-10,0,2026-10-10,wk inc flu hosp,quantile,0.5,152.94826737391563
44,2026-10-10,0,2026-10-10,wk inc flu hosp,quantile,0.5,7.822730063414576
45,2026-10-10,0,2026-10-10,wk inc flu hosp,quantile,0.5,39.80522678228151
46,2026-10-10,0,2026-10-10,wk inc flu hosp,quantile,0.5,4.719730729786439
47,2026-10-10,0,2026-10-10,wk inc flu hosp,quantile,0.5,76.90926395271269
48,2026-10-10,0,2026-10-10,wk inc flu hosp,quantile,0.5,377.7141123462828
49,2026-10-10,0,2026-10-10,wk inc flu hosp,quantile,0.5,25.259155800832612
50,2026-10-10,0,2026-10-10,wk inc flu hosp,quantile,0.5,1.142768413652443
51,2026-10-10,0,2026-10-10,wk inc flu hosp,quantile,0.5,38.35296178763108
53,2026-10-10,0,2026-10-10,wk inc flu hosp,quantile,0.5,141.72304116361317
54,2026-10-10,0,2026-10-10,wk inc flu hosp,quantile,0.5,7.5235368080419684
55,2026-10-10,0,2026-10-10,wk inc flu hosp,quantile,0.5,32.44636043161952
56,2026-10-10,0,2026-10-10,wk inc flu hosp,quantile,0.5,3.7892849940483306
72,2026-10-10,0,2026-10-10,wk inc flu hosp,quantile,0.5,83.35152733470154
US,2026-10-10,0,2026-10-10,wk inc flu hosp,quantile,0.5,3892.3830693173136
01,2026-10-10,1,2026-10-17,wk inc flu hosp,quantile,0.5,62.684053220941784
02,2026-10-10,1,2026-10-17,wk inc flu hosp,quantile,0.5,18.794733766657227
04,2026-10-10,1,2026-10-17,wk inc flu hosp,quantile,0.5,85.78399719247214
05,2026-10-10,1,2026-10-17,wk inc flu hosp,quantile,0.5,22.427738403403445
06,2026-10-10,1,2026-10-17,wk inc flu hosp,quantile,0.5,517.152128466235
08,2026-10-10,1,2026-10-17,wk inc flu hosp,quantile,0.5,44.58887383325289
09,2026-10-10,1,2026-10-17,wk inc flu hosp,quantile,0.5,34.31545707460015
10,2026-10-10,1,2026-10-17,wk inc flu hosp,quantile,0.5,11.044155866444976
11,2026-10-10,1,2026-10-17,wk inc flu hosp,quantile,0.5,2.898489817270448
12,2026-10-10,1,2026-10-17,wk inc flu hosp,quantile,0.5,664.0954480840762
13,2026-10-10,1,2026-10-17,wk inc flu hosp,quantile,0.5,70.09323866253473
15,2026-10-10,1,2026-10-17,wk inc flu hosp,quantile,0.5,49.86867484744949
16,2026-10-10,1,2026-10-17,wk inc flu hosp,quantile,0.5,18.040081721644796
17,2026-10-10,1,2026-10-17,wk inc flu hosp,quantile,0.5,81.6933881890263
18,2026-10-10,1,2026-10-17,wk inc flu hosp,quantile,0.5,83.6952524257935
19,2026-10-10,1,2026-10-17,wk inc flu hosp,quantile,0.5,21.28257696008383
20,2026-10-10,1,2026-10-17,wk inc flu hosp,quantile,0.5,18.824892776600365
21,2026-10-10,1,2026-10-17,wk inc flu hosp,quantile,0.5,78.8974798968363
22,2026-10-10,1,2026-10-17,wk inc flu hosp,quantile,0.5,117.15645273283214
23,2026-10-10,1,2026-10-17,wk inc flu hosp,quantile,0.5,18.297786048028605
24,2026-10-10,1,2026-10-17,wk inc flu hosp,quantile,0.5,21.047766684708247
25,2026-10-10,1,2026-10-17,wk inc flu hosp,quantile,0.5,33.55286166438843
26,2026-10-10,1,2026-10-17,wk inc flu hosp,quantile,0.5,49.240508934805
27,2026-10-10,1,2026-10-17,wk inc flu hosp,quantile,0.5,36.174155433248075
28,2026-10-10,1,2026-10-17,wk inc flu hosp,quantile,0.5,22.322993682008338
29,2026-10-10,1,2026-10-17,wk inc flu hosp,quantile,0.5,37.5843210693171
30,2026-10-10,1,2026-10-17,wk inc flu hosp,quantile,0.5,13.987348685430497
31,2026-10-10,1,2026-10-17,wk inc flu hosp,quantile,0.5,26.404946030309283
32,2026-10-10,1,2026-10-17,wk inc flu hosp,quantile,0.5,40.12382270504568
33,2026-10-10,1,2026-10-17,wk inc flu hosp,quantile,0.5,11.829893793689712
34,2026-10-10,1,2026-10-17,wk inc flu hosp,quantile,0.5,73.04290269082503
35,2026-10-10,1,2026-10-17,wk inc flu hosp,quantile,0.5,10.79035633650156
36,2026-10-10,1,2026-10-17,wk inc flu hosp,quantile,0.5,207.29538634329688
37,2026-10-10,1,2026-10-17,wk inc flu hosp,quantile,0.5,111.55459911023839
38,2026-10-10,1,2026-10-17,wk inc flu hosp,quantile,0.5,4.684234129085793
39,2026-10-10,1,2026-10-17,wk inc flu hosp,quantile,0.5,84.98723036226492
40,2026-10-10,1,2026-10-17,wk inc flu hosp,quantile,0.5,37.07258676609558
41,2026-10-10,1,2026-10-17,wk inc flu hosp,quantile,0.5,37.55913648080007
42,2026-10-10,1,2026-10-17,wk inc flu hosp,quantile,0.5,157.8346966721599
44,2026-10-10,1,2026-10-17,wk inc flu hosp,quantile,0.5,8.241434760400102
45,2026-10-10,1,2026-10-17,wk inc flu hosp,quantile,0.5,43.858969054188925
46,2026-10-10,1,2026-10-17,wk inc flu hosp,quantile,0.5,5.464474211560549
47,2026-10-10,1,2026-10-17,wk inc flu hosp,quantile,0.5,82.6103186666818
48,2026-10-10,1,2026-10-17,wk inc flu hosp,quantile,0.5,408.16955431522933
49,2026-10-10,1,2026-10-17,wk inc flu hosp,quantile,0.5,25.387915124520852
50,2026-10-10,1,2026-10-17,wk inc flu hosp,quantile,0.5,1.4214777539751
51,2026-10-10,1,2026-10-17,wk inc flu hosp,quantile,0.5,41.94614647208641
53,2026-10-10,1,2026-10-17,wk inc flu hosp,quantile,0.5,142.00854907675958
54,2026-10-10,1,2026-10-17,wk inc flu hosp,quantile,0.5,9.404544937827321
55,2026-10-10,1,2026-10-17,wk inc flu hosp,quantile,0.5,34.30476607747077
56,2026-10-10,1,2026-10-17,wk inc flu hosp,quantile,0.5,3.899993495062874
72,2026-10-10,1,2026-10-17,wk inc flu hosp,quantile,0.5,83.68796943471003
US,2026-10-10,1,2026-10-17,wk inc flu hosp,quantile,0.5,4472.119914101141
01,2026-10-10,2,2026-10-24,wk inc flu hosp,quantile,0.5,65.75552920919397
02,2026-10-10,2,2026-10-24,wk inc flu hosp,quantile,0.5,17.442186870570296
04,2026-10-10,2,2026-10-24,wk inc flu hosp,quantile,0.5,92.75827733005576
05,2026-10-10,2,2026-10-24,wk inc flu hosp,quantile,0.5,24.44893447366946
06,2026-10-10,2,2026-10-24,wk inc flu hosp,quantile,0.5,535.6808134130818
08,2026-10-10,2,2026-10-24,wk inc flu hosp,quantile,0.5,47.38951079808579
09,2026-10-10,2,2026-10-24,wk inc flu hosp,quantile,0.5,37.47800814531496
10,2026-10-10,2,2026-10-24,wk inc flu hosp,quantile,0.5,11.181873687956523
11,2026-10-10,2,2026-10-24,wk inc flu hosp,quantile,0.5,3.457194541970361
12,2026-10-10,2,2026-10-24,wk inc flu hosp,quantile,0.5,665.4586555947019
13,2026-10-10,2,2026-10-24,wk inc flu hosp,quantile,0.5,74.72233397396808
15,2026-10-10,2,2026-10-24,wk inc flu hosp,quantile,0.5,46.89622968446768
16,2026-10-10,2,2026-10-24,wk inc flu hosp,quantile,0.5,18.69392062638034
17,2026-10-10,2,2026-10-24,wk inc flu hosp,quantile,0.5,90.07937962275082
18,2026-10-10,2,2026-10-24,wk inc flu hosp,quantile,0.5,93.6250106854832
19,2026-10-10,2,2026-10-24,wk inc flu hosp,quantile,0.5,23.583211005022353
20,2026-10-10,2,2026-10-24,wk inc flu hosp,quantile,0.5,21.36779207577436
21,2026-10-10,2,2026-10-24,wk inc flu hosp,quantile,0.5,87.96316913880257
22,2026-10-10,2,2026-10-24,wk inc flu hosp,quantile,0.5,119.4511776110029
23,2026-10-10,2,2026-10-24,wk inc flu hosp,quantile,0.5,19.077728281089264
24,2026-10-10,2,2026-10-24,wk inc flu hosp,quantile,0.5,22.73318023785221
25,2026-10-10,2,2026-10-24,wk inc flu hosp,quantile,0.5,41.48889271705623
26,2026-10-10,2,2026-10-24,wk inc flu hosp,quantile,0.5,55.896167780645506
27,2026-10-10,2,2026-10-24,wk inc flu hosp,quantile,0.5,38.91735146486316
28,2026-10-10,2,2026-10-24,wk inc flu hosp,quantile,0.5,23.427827460128544
29,2026-10-10,2,2026-10-24,wk inc flu hosp,quantile,0.5,41.885566206673474
30,2026-10-10,2,2026-10-24,wk inc flu hosp,quantile,0.5,13.997660119968302
31,2026-10-10,2,2026-10-24,wk inc flu hosp,quantile,0.5,26.368752104497
32,2026-10-10,2,2026-10-24,wk inc flu hosp,quantile,0.5,40.36148473101871
33,2026-10-10,2,2026-10-24,wk inc flu hosp,quantile,0.5,13.020475572721248
34,2026-10-10,2,2026-10-24,wk inc flu hosp,quantile,0.5,80.75181565536732
35,2026-10-10,2,2026-10-24,wk inc flu hosp,quantile,0.5,12.442855106004762
36,2026-10-10,2,2026-10-24,wk inc flu hosp,quantile,0.5,244.1655871378116
37,2026-10-10,2,2026-10-24,wk inc flu hosp,quantile,0.5,121.43079931142096
38,2026-10-10,2,2026-10-24,wk inc flu hosp,quantile,0.5,4.991462682211936
39,2026-10-10,2,2026-10-24,wk inc flu hosp,quantile,0.5,89.17203053746668
40,2026-10-10,2,2026-10-24,wk inc flu hosp,quantile,0.5,39.47293550600038
41,2026-10-10,2,2026-10-24,wk inc flu hosp,quantile,0.5,38.59504287826693
42,2026-10-10,2,2026-10-24,wk inc flu hosp,quantile,0.5,165.31360092432783
44,2026-10-10,2,2026-10-24,wk inc flu hosp,quantile,0.5,8.789436819957087
45,2026-10-10,2,2026-10-24,wk inc flu hosp,quantile,0.5,47.18143570460332
46,2026-10-10,2,2026-10-24,wk inc flu hosp,quantile,0.5,5.710613431258578
47,2026-10-10,2,2026-10-24,wk inc flu hosp,quantile,0.5,86.10231757123263
48,2026-10-10,2,2026-10-24,wk inc flu hosp,quantile,0.5,434.5292516121114
49,2026-10-10,2,2026-10-24,wk inc flu hosp,quantile,0.5,24.992285561881726
50,2026-10-10,2,2026-10-24,wk inc flu hosp,quantile,0.5,1.6547602491636728
51,2026-10-10,2,2026-10-24,wk inc flu hosp,quantile,0.5,47.76249463810879
53,2026-10-10,2,2026-10-24,wk inc flu hosp,quantile,0.5,138.79699427298527
54,2026-10-10,2,2026-10-24,wk inc flu hosp,quantile,0.5,10.84307529242051
55,2026-10-10,2,2026-10-24,wk inc flu hosp,quantile,0.5,37.07701030763088
56,2026-10-10,2,2026-10-24,wk inc flu hosp,quantile,0.5,4.404528545578382
72,2026-10-10,2,2026-10-24,wk inc flu hosp,quantile,0.5,85.4255949230473
US,2026-10-10,2,2026-10-24,wk inc flu hosp,quantile,0.5,5034.190510022212
01,2026-10-10,3,2026-10-31,wk inc flu hosp,quantile,0.5,70.6980509255256
02,2026-10-10,3,2026-10-31,wk inc flu hosp,quantile,0.5,16.857980380485582
04,2026-10-10,3,2026-10-31,wk inc flu hosp,quantile,0.5,96.95510561111888
05,2026-10-10,3,2026-10-31,wk inc flu hosp,quantile,0.5,25.839361770921336
06,2026-10-10,3,2026-10-31,wk inc flu hosp,quantile,0.5,536.8702964760942
08,2026-10-10,3,2026-10-31,wk inc flu hosp,quantile,0.5,50.25591913958686
09,2026-10-10,3,2026-10-31,wk inc flu hosp,quantile,0.5,39.66548817952789
10,2026-10-10,3,2026-10-31,wk inc flu hosp,quantile,0.5,11.537319724567002
11,2026-10-10,3,2026-10-31,wk inc flu hosp,quantile,0.5,3.879102561644366
12,2026-10-10,3,2026-10-31,wk inc flu hosp,quantile,0.5,656.327438023585
13,2026-10-10,3,2026-10-31,wk inc flu hosp,quantile,0.5,80.73797477847658
15,2026-10-10,3,2026-10-31,wk inc flu hosp,quantile,0.5,45.06086586826534
16,2026-10-10,3,2026-10-31,wk inc flu hosp,quantile,0.5,18.9143116354991
17,2026-10-10,3,2026-10-31,wk inc flu hosp,quantile,0.5,95.28070633757369
18,2026-10-10,3,2026-10-31,wk inc flu hosp,quantile,0.5,101.2463940223799
19,2026-10-10,3,2026-10-31,wk inc flu hosp,quantile,0.5,25.183873295880705
20,2026-10-10,3,2026-10-31,wk inc flu hosp,quantile,0.5,23.46273362508972
21,2026-10-10,3,2026-10-31,wk inc flu hosp,quantile,0.5,92.4891597122345
22,2026-10-10,3,2026-10-31,wk inc flu hosp,quantile,0.5,121.97714997046793
23,2026-10-10,3,2026-10-31,wk inc flu hosp,quantile,0.5,19.56462381139998
24,2026-10-10,3,2026-10-31,wk inc flu hosp,quantile,0.5,26.7755999476993
25,2026-10-10,3,2026-10-31,wk inc flu hosp,quantile,0.5,50.756841828804326
26,2026-10-10,3,2026-10-31,wk inc flu hosp,quantile,0.5,65.13638006931635
27,2026-10-10,3,2026-10-31,wk inc flu hosp,quantile,0.5,42.34849493161007
28,2026-10-10,3,2026-10-31,wk inc flu hosp,quantile,0.5,25.607516345097938
29,2026-10-10,3,2026-10-31,wk inc flu hosp,quantile,0.5,49.52020989515759
30,2026-10-10,3,2026-10-31,wk inc flu hosp,quantile,0.5,14.578584938953474
31,2026-10-10,3,2026-10-31,wk inc flu hosp,quantile,0.5,26.685880511824525
32,2026-10-10,3,2026-10-31,wk inc flu hosp,quantile,0.5,40.0757458809441
33,2026-10-10,3,2026-10-31,wk inc flu hosp,quantile,0.5,13.002489345162992
34,2026-10-10,3,2026-10-31,wk inc flu hosp,quantile,0.5,84.38776775882977
35,2026-10-10,3,2026-10-31,wk inc flu hosp,quantile,0.5,13.842372911568694
36,2026-10-10,3,2026-10-31,wk inc flu hosp,quantile,0.5,272.6829128546957
37,2026-10-10,3,2026-10-31,wk inc flu hosp,quantile,0.5,128.4552128277633
38,2026-10-10,3,2026-10-31,wk inc flu hosp,quantile,0.5,5.340535842096494
39,2026-10-10,3,2026-10-31,wk inc flu hosp,quantile,0.5,94.04902331922386
40,2026-10-10,3,2026-10-31,wk inc flu hosp,quantile,0.5,42.516678819856274
41,2026-10-10,3,2026-10-31,wk inc flu hosp,quantile,0.5,40.25754806714776
42,2026-10-10,3,2026-10-31,wk inc flu hosp,quantile,0.5,174.91254450086598
44,2026-10-10,3,2026-10-31,wk inc flu hosp,quantile,0.5,8.748373674625189
45,2026-10-10,3,2026-10-31,wk inc flu hosp,quantile,0.5,50.07258897193305
46,2026-10-10,3,2026-10-31,wk inc flu hosp,quantile,0.5,6.193390955139882
47,2026-10-10,3,2026-10-31,wk inc flu hosp,quantile,0.5,90.91967079664326
48,2026-10-10,3,2026-10-31,wk inc flu hosp,quantile,0.5,450.8139961428406
49,2026-10-10,3,2026-10-31,wk inc flu hosp,quantile,0.5,24.86041339245508
50,2026-10-10,3,2026-10-31,wk inc flu hosp,quantile,0.5,1.9178515312207796
51,2026-10-10,3,2026-10-31,wk inc flu hosp,quantile,0.5,52.5999263658234
53,2026-10-10,3,2026-10-31,wk inc flu hosp,quantile,0.5,133.17912584282786
54,2026-10-10,3,2026-10-31,wk inc flu hosp,quantile,0.5,12.648163390694444
55,2026-10-10,3,2026-10-31,wk inc flu hosp,quantile,0.5,41.09968048061943
56,2026-10-10,3,2026-10-31,wk inc flu hosp,quantile,0.5,4.511888249336529
72,2026-10-10,3,2026-10-31,wk inc flu hosp,quantile,0.5,87.7499975939554
US,2026-10-10,3,2026-10-31,wk inc flu hosp,quantile,0.5,5507.623968545631
01,2026-10-10,0,2026-10-10,wk inc flu hosp,quantile,0.55,59.60146096993336
02,2026-10-10,0,2026-10-10,wk inc flu hosp,quantile,0.55,20.925983078571466
04,2026-10-10,0,2026-10-10,wk inc flu hosp,quantile,0.55,79.27159016822506
05,2026-10-10,0,2026-10-10,wk inc flu hosp,quantile,0.55,21.794753823533384
06,2026-10-10,0,2026-10-10,wk inc flu hosp,quantile,0.55,500.05853691413864
08,2026-10-10,0,2026-10-10,wk inc flu hosp,quantile,0.55,42.22255956315981
09,2026-10-10,0,2026-10-10,wk inc flu hosp,quantile,0.55,29.97246211693028
10,2026-10-10,0,2026-10-10,wk inc flu hosp,quantile,0.55,11.539776049734845
11,2026-10-10,0,2026-10-10,wk inc flu hosp,quantile,0.55,2.770491003163873
12,2026-10-10,0,2026-10-10,wk inc flu hosp,quantile,0.55,647.0937458411374
13,2026-10-10,0,2026-10-10,wk inc flu hosp,quantile,0.55,63.99243706839943
15,2026-10-10,0,2026-10-10,wk inc flu hosp,quantile,0.55,53.12575887382449
16,2026-10-10,0,2026-10-10,wk inc flu hosp,quantile,0.55,17.650524256955247
17,2026-10-10,0,2026-10-10,wk inc flu hosp,quantile,0.55,79.30206010573453
18,2026-10-10,0,2026-10-10,wk inc flu hosp,quantile,0.55,74.93992526946369
19,2026-10-10,0,2026-10-10,wk inc flu hosp,quantile,0.55,20.09231505196348
20,2026-10-10,0,2026-10-10,wk inc flu hosp,quantile,0.55,17.573161909771358
21,2026-10-10,0,2026-10-10,wk inc flu hosp,quantile,0.55,69.0646711758008
22,2026-10-10,0,2026-10-10,wk inc flu hosp,quantile,0.55,119.29550840549688
23,2026-10-10,0,2026-10-10,wk inc flu hosp,quantile,0.55,18.283446815528226
24,2026-10-10,0,2026-10-10,wk inc flu hosp,quantile,0.55,20.248797874007646
25,2026-10-10,0,2026-10-10,wk inc flu hosp,quantile,0.55,27.647040804379056
26,2026-10-10,0,2026-10-10,wk inc flu hosp,quantile,0.55,48.1137175910543
27,2026-10-10,0,2026-10-10,wk inc flu hosp,quantile,0.55,34.80716888343565
28,2026-10-10,0,2026-10-10,wk inc flu hosp,quantile,0.55,21.971210218036777
29,2026-10-10,0,2026-10-10,wk inc flu hosp,quantile,0.55,35.782593262783465
30,2026-10-10,0,2026-10-10,wk inc flu hosp,quantile,0.55,14.724907411229207
31,2026-10-10,0,2026-10-10,wk inc flu hosp,quantile,0.55,25.404052660527583
32,2026-10-10,0,2026-10-10,wk inc flu hosp,quantile,0.55,41.26289748593456
33,2026-10-10,0,2026-10-10,wk inc flu hosp,quantile,0.55,12.00371097529306
34,2026-10-10,0,2026-10-10,wk inc flu hosp,quantile,0.55,76.68007514873487
35,2026-10-10,0,2026-10-10,wk inc flu hosp,quantile,0.55,11.00539159438568
36,2026-10-10,0,2026-10-10,wk inc flu hosp,quantile,0.55,178.93981942041566
37,2026-10-10,0,2026-10-10,wk inc flu hosp,quantile,0.55,102.26506156141362
38,2026-10-10,0,2026-10-10,wk inc flu hosp,quantile,0.55,4.7074825117005625
39,2026-10-10,0,2026-10-10,wk inc flu hosp,quantile,0.55,86.10961664698128
40,2026-10-10,0,2026-10-10,wk inc flu hosp,quantile,0.55,32.677675629345345
41,2026-10-10,0,2026-10-10,wk inc flu hosp,quantile,0.55,37.020974771376856
42,2026-10-10,0,2026-10-10,wk inc flu hosp,quantile,0.55,158.5297206324063
44,2026-10-10,0,2026-10-10,wk inc flu hosp,quantile,0.55,8.407448402160677
45,2026-10-10,0,2026-10-10,wk inc flu hosp,quantile,0.55,42.07669729840132
46,2026-10-10,0,2026-10-10,wk inc flu hosp,quantile,0.55,5.21738108220263
47,2026-10-10,0,2026-10-10,wk inc flu hosp,quantile,0.55,80.45944459516848
48,2026-10-10,0,2026-10-10,wk inc flu hosp,quantile,0.55,387.2396567763299
49,2026-10-10,0,2026-10-10,wk inc flu hosp,quantile,0.55,26.49809889796428
50,2026-10-10,0,2026-10-10,wk inc flu hosp,quantile,0.55,1.3199398468997412
51,2026-10-10,0,2026-10-10,wk inc flu hosp,quantile,0.55,40.603594311815776
53,2026-10-10,0,2026-10-10,wk inc flu hosp,quantile,0.55,145.98297386862353
54,2026-10-10,0,2026-10-10,wk inc flu hosp,quantile,0.55,8.21713373293726
55,2026-10-10,0,2026-10-10,wk inc flu hosp,quantile,0.55,33.98024730798949
56,2026-10-10,0,2026-10-10,wk inc flu hosp,quantile,0.55,4.145042499822372
72,2026-10-10,0,2026-10-10,wk inc flu hosp,quantile,0.55,87.17762903747547
US,2026-10-10,0,2026-10-10,wk inc flu hosp,quantile,0.55,3986.8113534067315
01,2026-10-10,1,2026-10-17,wk inc flu hosp,quantile,0.55,67.0795911758877
02,2026-10-10,1,2026-10-17,wk inc flu hosp,quantile,0.55,20.239848534607873
04,2026-10-10,1,2026-10-17,wk inc flu hosp,quantile,0.55,92.89278256028862
05,2026-10-10,1,2026-10-17,wk inc flu hosp,quantile,0.55,24.241017297251727
06,2026-10-10,1,2026-10-17,wk inc flu hosp,quantile,0.55,545.2956398683889
08,2026-10-10,1,2026-10-17,wk inc flu hosp,quantile,0.55,47.97895502807714
09,2026-10-10,1,2026-10-17,wk inc flu hosp,quantile,0.55,37.21080700282105
10,2026-10-10,1,2026-10-17,wk inc flu hosp,quantile,0.55,12.257610702259214
11,2026-10-10,1,2026-10-17,wk inc flu hosp,quantile,0.55,3.49239898601578
12,2026-10-10,1,2026-10-17,wk inc flu hosp,quantile,0.55,687.7718216231372
13,2026-10-10,1,2026-10-17,wk inc flu hosp,quantile,0.55,76.35951309846368
15,2026-10-10,1,2026-10-17,wk inc flu hosp,quantile,0.55,52.37139868739052
16,2026-10-10,1,2026-10-17,wk inc flu hosp,quantile,0.55,19.553471467538408
17,2026-10-10,1,2026-10-17,wk inc flu hosp,quantile,0.55,90.54766295336435
18,2026-10-10,1,2026-10-17,wk inc flu hosp,quantile,0.55,90.3188962667048
19,2026-10-10,1,2026-10-17,wk inc flu hosp,quantile,0.55,23.566332085942197
20,2026-10-10,1,2026-10-17,wk inc flu hosp,quantile,0.55,21.436000681583703
21,2026-10-10,1,2026-10-17,wk inc flu hosp,quantile,0.55,84.71781904400116
22,2026-10-10,1,2026-10-17,wk inc flu hosp,quantile,0.55,124.23030444212245
23,2026-10-10,1,2026-10-17,wk inc flu hosp,quantile,0.55,20.199102542706356
24,2026-10-10,1,2026-10-17,wk inc flu hosp,quantile,0.55,23.80995456867857
25,2026-10-10,1,2026-10-17,wk inc flu hosp,quantile,0.55,36.98534662818351
26,2026-10-10,1,2026-10-17,wk inc flu hosp,quantile,0.55,55.01546135666486
27,2026-10-10,1,2026-10-17,wk inc flu hosp,quantile,0.55,40.024444961815554
28,2026-10-10,1,2026-10-17,wk inc flu hosp,quantile,0.55,24.198315131958584
29,2026-10-10,1,2026-10-17,wk inc flu hosp,quantile,0.55,41.68231374846044
30,2026-10-10,1,2026-10-17,wk inc flu hosp,quantile,0.55,15.510144332700555
31,2026-10-10,1,2026-10-17,wk inc flu hosp,quantile,0.55,28.369347261760147
32,2026-10-10,1,2026-10-17,wk inc flu hosp,quantile,0.55,42.46124692176491
33,2026-10-10,1,2026-10-17,wk inc flu hosp,quantile,0.55,12.936118183038868
34,2026-10-10,1,2026-10-17,wk inc flu hosp,quantile,0.55,79.61743019117236
35,2026-10-10,1,2026-10-17,wk inc flu hosp,quantile,0.55,12.389715078321649
36,2026-10-10,1,2026-10-17,wk inc flu hosp,quantile,0.55,219.47865441158646
37,2026-10-10,1,2026-10-17,wk inc flu hosp,quantile,0.55,120.10302684728589
38,2026-10-10,1,2026-10-17,wk inc flu hosp,quantile,0.55,5.293119961949155
39,2026-10-10,1,2026-10-17,wk inc flu hosp,quantile,0.55,95.10776398142512
40,2026-10-10,1,2026-10-17,wk inc flu hosp,quantile,0.55,40.91037358639483
41,2026-10-10,1,2026-10-17,wk inc flu hosp,quantile,0.55,40.698998629893815
42,2026-10-10,1,2026-10-17,wk inc flu hosp,quantile,0.55,167.64776654407294
44,2026-10-10,1,2026-10-17,wk inc flu hosp,quantile,0.55,9.09567621261811
45,2026-10-10,1,2026-10-17,wk inc flu hosp,quantile,0.55,48.16083112980484
46,2026-10-10,1,2026-10-17,wk inc flu hosp,quantile,0.55,6.086511368309078
47,2026-10-10,1,2026-10-17,wk inc flu hosp,quantile,0.55,88.67080201871092
48,2026-10-10,1,2026-10-17,wk inc flu hosp,quantile,0.55,427.5480279696088
49,2026-10-10,1,2026-10-17,wk inc flu hosp,quantile,0.55,27.255957929557447
50,2026-10-10,1,2026-10-17,wk inc flu hosp,quantile,0.55,1.7419359848132732
51,2026-10-10,1,2026-10-17,wk inc flu hosp,quantile,0.55,46.8634441499812
53,2026-10-10,1,2026-10-17,wk inc flu hosp,quantile,0.55,149.65984953222662
54,2026-10-10,1,2026-10-17,wk inc flu hosp,quantile,0.55,11.04020522310861
55,2026-10-10,1,2026-10-17,wk inc flu hosp,quantile,0.55,37.764511235841375
56,2026-10-10,1,2026-10-17,wk inc flu hosp,quantile,0.55,4.473676272540582
72,2026-10-10,1,2026-10-17,wk inc flu hosp,quantile,0.55,88.28412940525908
US,2026-10-10,1,2026-10-17,wk inc flu hosp,quantile,0.55,4664.962103641166
01,2026-10-10,2,2026-10-24,wk inc flu hosp,quantile,0.55,72.28490770066176
02,2026-10-10,2,2026-10-24,wk inc flu hosp,quantile,0.55,19.268167104351054
04,2026-10-10,2,2026-10-24,wk inc flu hosp,quantile,0.55,102.87300807285288
05,2026-10-10,2,2026-10-24,wk inc flu hosp,quantile,0.55,27.551510910349087
06,2026-10-10,2,2026-10-24,wk inc flu hosp,quantile,0.55,573.5893544216831
08,2026-10-10,2,2026-10-24,wk inc flu hosp,quantile,0.55,53.15463620240784
09,2026-10-10,2,2026-10-24,wk inc flu hosp,quantile,0.55,42.10177021500996
10,2026-10-10,2,2026-10-24,wk inc flu hosp,quantile,0.55,12.74689361833459
11,2026-10-10,2,2026-10-24,wk inc flu hosp,quantile,0.55,4.219328287323017
12,2026-10-10,2,2026-10-24,wk inc flu hosp,quantile,0.55,697.7132044113672
13,2026-10-10,2,2026-10-24,wk inc flu hosp,quantile,0.55,82.75237434305286
15,2026-10-10,2,2026-10-24,wk inc flu hosp,quantile,0.55,50.25903847215758
16,2026-10-10,2,2026-10-24,wk inc flu hosp,quantile,0.55,20.875876610196073
17,2026-10-10,2,2026-10-24,wk inc flu hosp,quantile,0.55,100.84365375742078
18,2026-10-10,2,2026-10-24,wk inc flu hosp,quantile,0.55,101.86659556354788
19,2026-10-10,2,2026-10-24,wk inc flu hosp,quantile,0.55,27.00480775746017
20,2026-10-10,2,2026-10-24,wk inc flu hosp,quantile,0.55,24.20978357544626
21,2026-10-10,2,2026-10-24,wk inc flu hosp,quantile,0.55,95.46353179718321
22,2026-10-10,2,2026-10-24,wk inc flu hosp,quantile,0.55,127.61193800944775
23,2026-10-10,2,2026-10-24,wk inc flu hosp,quantile,0.55,21.302912845536717
24,2026-10-10,2,2026-10-24,wk inc flu hosp,quantile,0.55,26.79670632040931
25,2026-10-10,2,2026-10-24,wk inc flu hosp,quantile,0.55,47.75989843276515
26,2026-10-10,2,2026-10-24,wk inc flu hosp,quantile,0.55,63.44272331152955
27,2026-10-10,2,2026-10-24,wk inc flu hosp,quantile,0.55,45.30901133787912
28,2026-10-10,2,2026-10-24,wk inc flu hosp,quantile,0.55,26.322859230926927
29,2026-10-10,2,2026-10-24,wk inc flu hosp,quantile,0.55,48.52982042743702
30,2026-10-10,2,2026-10-24,wk inc flu hosp,quantile,0.55,15.64763210561046
31,2026-10-10,2,2026-10-24,wk inc flu hosp,quantile,0.55,29.081370621886965
32,2026-10-10,2,2026-10-24,wk inc flu hosp,quantile,0.55,44.6924056069874
33,2026-10-10,2,2026-10-24,wk inc flu hosp,quantile,0.55,14.625808942943026
34,2026-10-10,2,2026-10-24,wk inc flu hosp,quantile,0.55,87.42104221979231
35,2026-10-10,2,2026-10-24,wk inc flu hosp,quantile,0.55,14.346446926583669
36,2026-10-10,2,2026-10-24,wk inc flu hosp,quantile,0.55,261.2094428617809
37,2026-10-10,2,2026-10-24,wk inc flu hosp,quantile,0.55,133.96832768601823
38,2026-10-10,2,2026-10-24,wk inc flu hosp,quantile,0.55,5.8070039479101645
39,2026-10-10,2,2026-10-24,wk inc flu hosp,quantile,0.55,102.862902790078
40,2026-10-10,2,2026-10-24,wk inc flu hosp,quantile,0.55,44.558349297649535
41,2026-10-10,2,2026-10-24,wk inc flu hosp,quantile,0.55,43.49570290596065
42,2026-10-10,2,2026-10-24,wk inc flu hosp,quantile,0.55,182.0104210103389
44,2026-10-10,2,2026-10-24,wk inc flu hosp,quantile,0.55,9.935314109575163
45,2026-10-10,2,2026-10-24,wk inc flu hosp,quantile,0.55,53.559171129323225
46,2026-10-10,2,2026-10-24,wk inc flu hosp,quantile,0.55,6.7119559058590434
47,2026-10-10,2,2026-10-24,wk inc flu hosp,quantile,0.55,93.87394420526402
48,2026-10-10,2,2026-10-24,wk inc flu hosp,quantile,0.55,465.38172964563347
49,2026-10-10,2,2026-10-24,wk inc flu hosp,quantile,0.55,27.127681642539475
50,2026-10-10,2,2026-10-24,wk inc flu hosp,quantile,0.55,2.036550835211724
51,2026-10-10,2,2026-10-24,wk inc flu hosp,quantile,0.55,53.093350111084646
53,2026-10-10,2,2026-10-24,wk inc flu hosp,quantile,0.55,149.39790558583132
54,2026-10-10,2,2026-10-24,wk inc flu hosp,quantile,0.55,12.646073723155027
55,2026-10-10,2,2026-10-24,wk inc flu hosp,quantile,0.55,42.183528977617414
56,2026-10-10,2,2026-10-24,wk inc flu hosp,quantile,0.55,5.075669901382512
72,2026-10-10,2,2026-10-24,wk inc flu hosp,quantile,0.55,91.07488373090644
US,2026-10-10,2,2026-10-24,wk inc flu hosp,quantile,0.55,5407.977001773014
01,2026-10-10,3,2026-10-31,wk inc flu hosp,quantile,0.55,77.27327144206633
02,2026-10-10,3,2026-10-31,wk inc flu hosp,quantile,0.55,18.330092620437544
04,2026-10-10,3,2026-10-31,wk inc flu hosp,quantile,0.55,107.3521063974142
05,2026-10-10,3,2026-10-31,wk inc flu hosp,quantile,0.55,29.826348044690718
06,2026-10-10,3,2026-10-31,wk inc flu hosp,quantile,0.55,579.6905031363434
08,2026-10-10,3,2026-10-31,wk inc flu hosp,quantile,0.55,56.82362428617734
09,2026-10-10,3,2026-10-31,wk inc flu hosp,quantile,0.55,44.638357541242165
10,2026-10-10,3,2026-10-31,wk inc flu hosp,quantile,0.55,13.208722427344838
11,2026-10-10,3,2026-10-31,wk inc flu hosp,quantile,0.55,4.74352031242415
12,2026-10-10,3,2026-10-31,wk inc flu hosp,quantile,0.55,704.2063697651797
13,2026-10-10,3,2026-10-31,wk inc flu hosp,quantile,0.55,90.49002816139003
15,2026-10-10,3,2026-10-31,wk inc flu hosp,quantile,0.55,48.308210114822174
16,2026-10-10,3,2026-10-31,wk inc flu hosp,quantile,0.55,21.408044858591587
17,2026-10-10,3,2026-10-31,wk inc flu hosp,quantile,0.55,109.54235990851764
18,2026-10-10,3,2026-10-31,wk inc flu hosp,quantile,0.55,113.80241495154857
19,2026-10-10,3,2026-10-31,wk inc flu hosp,quantile,0.55,29.1474160384107
20,2026-10-10,3,2026-10-31,wk inc flu hosp,quantile,0.55,26.842406984381853
21,2026-10-10,3,2026-10-31,wk inc flu hosp,quantile,0.55,102.40060347006188
22,2026-10-10,3,2026-10-31,wk inc flu hosp,quantile,0.55,130.82637270450388
23,2026-10-10,3,2026-10-31,wk inc flu hosp,quantile,0.55,22.03488382044029
24,2026-10-10,3,2026-10-31,wk inc flu hosp,quantile,0.55,31.187297734962637
25,2026-10-10,3,2026-10-31,wk inc flu hosp,quantile,0.55,58.00916413853548
26,2026-10-10,3,2026-10-31,wk inc flu hosp,quantile,0.55,74.86331302713823
27,2026-10-10,3,2026-10-31,wk inc flu hosp,quantile,0.55,48.261142098954075
28,2026-10-10,3,2026-10-31,wk inc flu hosp,quantile,0.55,29.3679788390008
29,2026-10-10,3,2026-10-31,wk inc flu hosp,quantile,0.55,56.514086100366136
30,2026-10-10,3,2026-10-31,wk inc flu hosp,quantile,0.55,16.429935145776334
31,2026-10-10,3,2026-10-31,wk inc flu hosp,quantile,0.55,29.584895828249277
32,2026-10-10,3,2026-10-31,wk inc flu hosp,quantile,0.55,44.60350087414904
33,2026-10-10,3,2026-10-31,wk inc flu hosp,quantile,0.55,15.085093094859822
34,2026-10-10,3,2026-10-31,wk inc flu hosp,quantile,0.55,97.60507368511973
35,2026-10-10,3,2026-10-31,wk inc flu hosp,quantile,0.55,15.957301437369972
36,2026-10-10,3,2026-10-31,wk inc flu hosp,quantile,0.55,296.06664562753934
37,2026-10-10,3,2026-10-31,wk inc flu hosp,quantile,0.55,145.29790557808667
38,2026-10-10,3,2026-10-31,wk inc flu hosp,quantile,0.55,6.21010248011595
39,2026-10-10,3,2026-10-31,wk inc flu hosp,quantile,0.55,110.97844440966634
40,2026-10-10,3,2026-10-31,wk inc flu hosp,quantile,0.55,49.59380549637367
41,2026-10-10,3,2026-10-31,wk inc flu hosp,quantile,0.55,45.09876384227607
42,2026-10-10,3,2026-10-31,wk inc flu hosp,quantile,0.55,195.2010739780746
44,2026-10-10,3,2026-10-31,wk inc flu hosp,quantile,0.55,10.319737705383877
45,2026-10-10,3,2026-10-31,wk inc flu hosp,quantile,0.55,57.808526905478
46,2026-10-10,3,2026-10-31,wk inc flu hosp,quantile,0.55,7.290583821939946
47,2026-10-10,3,2026-10-31,wk inc flu hosp,quantile,0.55,99.71849739609053
48,2026-10-10,3,2026-10-31,wk inc flu hosp,quantile,0.55,490.47866268419966
49,2026-10-10,3,2026-10-31,wk inc flu hosp,quantile,0.55,27.73609414309251
50,2026-10-10,3,2026-10-31,wk inc flu hosp,quantile,0.55,2.48534071276274
51,2026-10-10,3,2026-10-31,wk inc flu hosp,quantile,0.55,59.426272610166684
53,2026-10-10,3,2026-10-31,wk inc flu hosp,quantile,0.55,145.060274498567
54,2026-10-10,3,2026-10-31,wk inc flu hosp,quantile,0.55,14.996586391512752
55,2026-10-10,3,2026-10-31,wk inc flu hosp,quantile,0.55,47.788110817298694
56,2026-10-10,3,2026-10-31,wk inc flu hosp,quantile,0.55,5.377453299382308
72,2026-10-10,3,2026-10-31,wk inc flu hosp,quantile,0.55,94.38843515085922
US,2026-10-10,3,2026-10-31,wk inc flu hosp,quantile,0.55,5918.105876058485
01,2026-10-10,0,2026-10-10,wk inc flu hosp,quantile,0.6,62.52781929224118
02,2026-10-10,0,2026-10-10,wk inc flu hosp,quantile,0.6,21.99588109346909
04,2026-10-10,0,2026-10-10,wk inc flu hosp,quantile,0.6,83.32839120613215
05,2026-10-10,0,2026-10-10,wk inc flu hosp,quantile,0.6,23.098566160763088
06,2026-10-10,0,2026-10-10,wk inc flu hosp,quantile,0.6,513.8836213551659
08,2026-10-10,0,2026-10-10,wk inc flu hosp,quantile,0.6,44.130099527804106
09,2026-10-10,0,2026-10-10,wk inc flu hosp,quantile,0.6,31.895453290027106
10,2026-10-10,0,2026-10-10,wk inc flu hosp,quantile,0.6,12.401134376123112
11,2026-10-10,0,2026-10-10,wk inc flu hosp,quantile,0.6,3.1719488293355167
12,2026-10-10,0,2026-10-10,wk inc flu hosp,quantile,0.6,663.1089326886403
13,2026-10-10,0,2026-10-10,wk inc flu hosp,quantile,0.6,67.29471817818407
15,2026-10-10,0,2026-10-10,wk inc flu hosp,quantile,0.6,54.81057951833641
16,2026-10-10,0,2026-10-10,wk inc flu hosp,quantile,0.6,18.698601820429367
17,2026-10-10,0,2026-10-10,wk inc flu hosp,quantile,0.6,83.2561250886399
18,2026-10-10,0,2026-10-10,wk inc flu hosp,quantile,0.6,78.88225405863587
19,2026-10-10,0,2026-10-10,wk inc flu hosp,quantile,0.6,21.61249551466211
20,2026-10-10,0,2026-10-10,wk inc flu hosp,quantile,0.6,18.789488642215407
21,2026-10-10,0,2026-10-10,wk inc flu hosp,quantile,0.6,71.83909394761615
22,2026-10-10,0,2026-10-10,wk inc flu hosp,quantile,0.6,123.53376594381997
23,2026-10-10,0,2026-10-10,wk inc flu hosp,quantile,0.6,19.174001117343334
24,2026-10-10,0,2026-10-10,wk inc flu hosp,quantile,0.6,21.620270091401213
25,2026-10-10,0,2026-10-10,wk inc flu hosp,quantile,0.6,29.349338137073975
26,2026-10-10,0,2026-10-10,wk inc flu hosp,quantile,0.6,51.08105023351527
27,2026-10-10,0,2026-10-10,wk inc flu hosp,quantile,0.6,37.18000267543753
28,2026-10-10,0,2026-10-10,wk inc flu hosp,quantile,0.6,23.427664758060732
29,2026-10-10,0,2026-10-10,wk inc flu hosp,quantile,0.6,38.28250915426545
30,2026-10-10,0,2026-10-10,wk inc flu hosp,quantile,0.6,15.724857215641876
31,2026-10-10,0,2026-10-10,wk inc flu hosp,quantile,0.6,26.89291144206965
32,2026-10-10,0,2026-10-10,wk inc flu hosp,quantile,0.6,43.172316588356225
33,2026-10-10,0,2026-10-10,wk inc flu hosp,quantile,0.6,12.669903990588878
34,2026-10-10,0,2026-10-10,wk inc flu hosp,quantile,0.6,80.39727017502157
35,2026-10-10,0,2026-10-10,wk inc flu hosp,quantile,0.6,11.91564001879068
36,2026-10-10,0,2026-10-10,wk inc flu hosp,quantile,0.6,184.64303420230803
37,2026-10-10,0,2026-10-10,wk inc flu hosp,quantile,0.6,107.74561795667678
38,2026-10-10,0,2026-10-10,wk inc flu hosp,quantile,0.6,5.165468651023819
39,2026-10-10,0,2026-10-10,wk inc flu hosp,quantile,0.6,92.90068145387802
40,2026-10-10,0,2026-10-10,wk inc flu hosp,quantile,0.6,34.7336175790776
41,2026-10-10,0,2026-10-10,wk inc flu hosp,quantile,0.6,38.69315300448302
42,2026-10-10,0,2026-10-10,wk inc flu hosp,quantile,0.6,165.46507388183534
44,2026-10-10,0,2026-10-10,wk inc flu hosp,quantile,0.6,9.193751192917162
45,2026-10-10,0,2026-10-10,wk inc flu hosp,quantile,0.6,44.416052394202175
46,2026-10-10,0,2026-10-10,wk inc flu hosp,quantile,0.6,5.732427816943805
47,2026-10-10,0,2026-10-10,wk inc flu hosp,quantile,0.6,84.31798359179176
48,2026-10-10,0,2026-10-10,wk inc flu hosp,quantile,0.6,397.84078740345547
49,2026-10-10,0,2026-10-10,wk inc flu hosp,quantile,0.6,27.89022497472487
50,2026-10-10,0,2026-10-10,wk inc flu hosp,quantile,0.6,1.568340224147222
51,2026-10-10,0,2026-10-10,wk inc flu hosp,quantile,0.6,43.18217563044535
53,2026-10-10,0,2026-10-10,wk inc flu hosp,quantile,0.6,150.04309529785996
54,2026-10-10,0,2026-10-10,wk inc flu hosp,quantile,0.6,8.994701849800549
55,2026-10-10,0,2026-10-10,wk inc flu hosp,quantile,0.6,35.841483102307336
56,2026-10-10,0,2026-10-10,wk inc flu hosp,quantile,0.6,4.61109642988065
72,2026-10-10,0,2026-10-10,wk inc flu hosp,quantile,0.6,90.69420332531824
US,2026-10-10,0,2026-10-10,wk inc flu hosp,quantile,0.6,4092.1224931514407
01,2026-10-10,1,2026-10-17,wk inc flu hosp,quantile,0.6,71.96772366259026
02,2026-10-10,1,2026-10-17,wk inc flu hosp,quantile,0.6,21.545930394565783
04,2026-10-10,1,2026-10-17,wk inc flu hosp,quantile,0.6,101.08664175934237
05,2026-10-10,1,2026-10-17,wk inc flu hosp,quantile,0.6,27.12138086792436
06,2026-10-10,1,2026-10-17,wk inc flu hosp,quantile,0.6,569.8883035265188
08,2026-10-10,1,2026-10-17,wk inc flu hosp,quantile,0.6,52.10810446830546
09,2026-10-10,1,2026-10-17,wk inc flu hosp,quantile,0.6,40.01878783981421
10,2026-10-10,1,2026-10-17,wk inc flu hosp,quantile,0.6,13.81277216510543
11,2026-10-10,1,2026-10-17,wk inc flu hosp,quantile,0.6,4.057134136756819
12,2026-10-10,1,2026-10-17,wk inc flu hosp,quantile,0.6,716.4699090068975
13,2026-10-10,1,2026-10-17,wk inc flu hosp,quantile,0.6,83.21319878841445
15,2026-10-10,1,2026-10-17,wk inc flu hosp,quantile,0.6,54.99919568546646
16,2026-10-10,1,2026-10-17,wk inc flu hosp,quantile,0.6,21.354284309440168
17,2026-10-10,1,2026-10-17,wk inc flu hosp,quantile,0.6,99.6700004152463
18,2026-10-10,1,2026-10-17,wk inc flu hosp,quantile,0.6,97.27404889697628
19,2026-10-10,1,2026-10-17,wk inc flu hosp,quantile,0.6,26.105956006463483
20,2026-10-10,1,2026-10-17,wk inc flu hosp,quantile,0.6,23.333992721478428
21,2026-10-10,1,2026-10-17,wk inc flu hosp,quantile,0.6,91.45129748635678
22,2026-10-10,1,2026-10-17,wk inc flu hosp,quantile,0.6,131.0634955591104
23,2026-10-10,1,2026-10-17,wk inc flu hosp,quantile,0.6,21.936732797281792
24,2026-10-10,1,2026-10-17,wk inc flu hosp,quantile,0.6,26.406400936939818
25,2026-10-10,1,2026-10-17,wk inc flu hosp,quantile,0.6,40.57223179792282
26,2026-10-10,1,2026-10-17,wk inc flu hosp,quantile,0.6,60.19712202119553
27,2026-10-10,1,2026-10-17,wk inc flu hosp,quantile,0.6,44.04735066003892
28,2026-10-10,1,2026-10-17,wk inc flu hosp,quantile,0.6,26.1828614015067
29,2026-10-10,1,2026-10-17,wk inc flu hosp,quantile,0.6,45.108576072939854
30,2026-10-10,1,2026-10-17,wk inc flu hosp,quantile,0.6,16.946133197177538
31,2026-10-10,1,2026-10-17,wk inc flu hosp,quantile,0.6,30.474980832782997
32,2026-10-10,1,2026-10-17,wk inc flu hosp,quantile,0.6,45.76218420948389
33,2026-10-10,1,2026-10-17,wk inc flu hosp,quantile,0.6,14.526316295319935
34,2026-10-10,1,2026-10-17,wk inc flu hosp,quantile,0.6,87.87199429444965
35,2026-10-10,1,2026-10-17,wk inc flu hosp,quantile,0.6,14.03216286621511
36,2026-10-10,1,2026-10-17,wk inc flu hosp,quantile,0.6,234.20168896321948
37,2026-10-10,1,2026-10-17,wk inc flu hosp,quantile,0.6,130.5560327028896
38,2026-10-10,1,2026-10-17,wk inc flu hosp,quantile,0.6,6.0189803144479175
39,2026-10-10,1,2026-10-17,wk inc flu hosp,quantile,0.6,106.33555067023853
40,2026-10-10,1,2026-10-17,wk inc flu hosp,quantile,0.6,44.753462894214366
41,2026-10-10,1,2026-10-17,wk inc flu hosp,quantile,0.6,43.482514671662756
42,2026-10-10,1,2026-10-17,wk inc flu hosp,quantile,0.6,182.12360833405486
44,2026-10-10,1,2026-10-17,wk inc flu hosp,quantile,0.6,10.108591689120512
45,2026-10-10,1,2026-10-17,wk inc flu hosp,quantile,0.6,51.673019543705514
46,2026-10-10,1,2026-10-17,wk inc flu hosp,quantile,0.6,6.905796379080437
47,2026-10-10,1,2026-10-17,wk inc flu hosp,quantile,0.6,94.66895486627297
48,2026-10-10,1,2026-10-17,wk inc flu hosp,quantile,0.6,452.23868404760714
49,2026-10-10,1,2026-10-17,wk inc flu hosp,quantile,0.6,29.272902341998616
50,2026-10-10,1,2026-10-17,wk inc flu hosp,quantile,0.6,2.140602882393598
51,2026-10-10,1,2026-10-17,wk inc flu hosp,quantile,0.6,52.07809765965165
53,2026-10-10,1,2026-10-17,wk inc flu hosp,quantile,0.6,156.99045891302558
54,2026-10-10,1,2026-10-17,wk inc flu hosp,quantile,0.6,12.427002722374503
55,2026-10-10,1,2026-10-17,wk inc flu hosp,quantile,0.6,41.148460954844
56,2026-10-10,1,2026-10-17,wk inc flu hosp,quantile,0.6,5.135782893334732
72,2026-10-10,1,2026-10-17,wk inc flu hosp,quantile,0.6,93.71394175820453
US,2026-10-10,1,2026-10-17,wk inc flu hosp,quantile,0.6,4888.6698084802365
01,2026-10-10,2,2026-10-24,wk inc flu hosp,quantile,0.6,79.5564153947901
02,2026-10-10,2,2026-10-24,wk inc flu hosp,quantile,0.6,20.703599958211477
04,2026-10-10,2,2026-10-24,wk inc flu hosp,quantile,0.6,113.15031260722678
05,2026-10-10,2,2026-10-24,wk inc flu hosp,quantile,0.6,30.540965963694184
06,2026-10-10,2,2026-10-24,wk inc flu hosp,quantile,0.6,611.9456436799717
08,2026-10-10,2,2026-10-24,wk inc flu hosp,quantile,0.6,58.364652934399004
09,2026-10-10,2,2026-10-24,wk inc flu hosp,quantile,0.6,46.64394757889601
10,2026-10-10,2,2026-10-24,wk inc flu hosp,quantile,0.6,14.30327401903799
11,2026-10-10,2,2026-10-24,wk inc flu hosp,quantile,0.6,4.959923436891673
12,2026-10-10,2,2026-10-24,wk inc flu hosp,quantile,0.6,737.2331186557741
13,2026-10-10,2,2026-10-24,wk inc flu hosp,quantile,0.6,94.18641641448252
15,2026-10-10,2,2026-10-24,wk inc flu hosp,quantile,0.6,52.9245206859792
16,2026-10-10,2,2026-10-24,wk inc flu hosp,quantile,0.6,23.1425743717031
17,2026-10-10,2,2026-10-24,wk inc flu hosp,quantile,0.6,111.96285356104622
18,2026-10-10,2,2026-10-24,wk inc flu hosp,quantile,0.6,112.71206616185593
19,2026-10-10,2,2026-10-24,wk inc flu hosp,quantile,0.6,30.72018953767258
20,2026-10-10,2,2026-10-24,wk inc flu hosp,quantile,0.6,27.148487479047038
21,2026-10-10,2,2026-10-24,wk inc flu hosp,quantile,0.6,104.10742707706483
22,2026-10-10,2,2026-10-24,wk inc flu hosp,quantile,0.6,135.36543683573268
23,2026-10-10,2,2026-10-24,wk inc flu hosp,quantile,0.6,23.712166836188366
24,2026-10-10,2,2026-10-24,wk inc flu hosp,quantile,0.6,31.052993175849178
25,2026-10-10,2,2026-10-24,wk inc flu hosp,quantile,0.6,53.262512481487455
26,2026-10-10,2,2026-10-24,wk inc flu hosp,quantile,0.6,72.92920822953285
27,2026-10-10,2,2026-10-24,wk inc flu hosp,quantile,0.6,51.412099256983716
28,2026-10-10,2,2026-10-24,wk inc flu hosp,quantile,0.6,29.411914240467468
29,2026-10-10,2,2026-10-24,wk inc flu hosp,quantile,0.6,56.40549739706187
30,2026-10-10,2,2026-10-24,wk inc flu hosp,quantile,0.6,17.523254326928722
31,2026-10-10,2,2026-10-24,wk inc flu hosp,quantile,0.6,32.151522624804244
32,2026-10-10,2,2026-10-24,wk inc flu hosp,quantile,0.6,48.57553322408992
33,2026-10-10,2,2026-10-24,wk inc flu hosp,quantile,0.6,16.33673378236813
34,2026-10-10,2,2026-10-24,wk inc flu hosp,quantile,0.6,97.49211360621888
35,2026-10-10,2,2026-10-24,wk inc flu hosp,quantile,0.6,16.788685022500896
36,2026-10-10,2,2026-10-24,wk inc flu hosp,quantile,0.6,284.52248765364146
37,2026-10-10,2,2026-10-24,wk inc flu hosp,quantile,0.6,147.82627241576697
38,2026-10-10,2,2026-10-24,wk inc flu hosp,quantile,0.6,6.624312350471385
39,2026-10-10,2,2026-10-24,wk inc flu hosp,quantile,0.6,117.81822934911368
40,2026-10-10,2,2026-10-24,wk inc flu hosp,quantile,0.6,50.11069302750893
41,2026-10-10,2,2026-10-24,wk inc flu hosp,quantile,0.6,48.36968888720886
42,2026-10-10,2,2026-10-24,wk inc flu hosp,quantile,0.6,201.0560760624908
44,2026-10-10,2,2026-10-24,wk inc flu hosp,quantile,0.6,11.075821402631327
45,2026-10-10,2,2026-10-24,wk inc flu hosp,quantile,0.6,60.03430441012646
46,2026-10-10,2,2026-10-24,wk inc flu hosp,quantile,0.6,7.848380242215574
47,2026-10-10,2,2026-10-24,wk inc flu hosp,quantile,0.6,103.00138931732664
48,2026-10-10,2,2026-10-24,wk inc flu hosp,quantile,0.6,496.7725863048532
49,2026-10-10,2,2026-10-24,wk inc flu hosp,quantile,0.6,29.635517924972895
50,2026-10-10,2,2026-10-24,wk inc flu hosp,quantile,0.6,2.5209564496891543
51,2026-10-10,2,2026-10-24,wk inc flu hosp,quantile,0.6,59.19893254623569
53,2026-10-10,2,2026-10-24,wk inc flu hosp,quantile,0.6,158.21311787705366
54,2026-10-10,2,2026-10-24,wk inc flu hosp,quantile,0.6,14.753648782226252
55,2026-10-10,2,2026-10-24,wk inc flu hosp,quantile,0.6,47.336865295997576
56,2026-10-10,2,2026-10-24,wk inc flu hosp,quantile,0.6,5.659799117828802
72,2026-10-10,2,2026-10-24,wk inc flu hosp,quantile,0.6,97.64972824928225
US,2026-10-10,2,2026-10-24,wk inc flu hosp,quantile,0.6,5722.833766018241
01,2026-10-10,3,2026-10-31,wk inc flu hosp,quantile,0.6,84.82403892444056
02,2026-10-10,3,2026-10-31,wk inc flu hosp,quantile,0.6,19.790168985452755
04,2026-10-10,3,2026-10-31,wk inc flu hosp,quantile,0.6,121.73544091223862
05,2026-10-10,3,2026-10-31,wk inc flu hosp,quantile,0.6,34.22518906679562
06,2026-10-10,3,2026-10-31,wk inc flu hosp,quantile,0.6,622.7816833644403
08,2026-10-10,3,2026-10-31,wk inc flu hosp,quantile,0.6,64.46370166961928
09,2026-10-10,3,2026-10-31,wk inc flu hosp,quantile,0.6,51.0874029971335
10,2026-10-10,3,2026-10-31,wk inc flu hosp,quantile,0.6,15.321606750041484
11,2026-10-10,3,2026-10-31,wk inc flu hosp,quantile,0.6,5.724331260424002
12,2026-10-10,3,2026-10-31,wk inc flu hosp,quantile,0.6,757.1716294235752
13,2026-10-10,3,2026-10-31,wk inc flu hosp,quantile,0.6,102.42760534501329
15,2026-10-10,3,2026-10-31,wk inc flu hosp,quantile,0.6,51.207290587745234
16,2026-10-10,3,2026-10-31,wk inc flu hosp,quantile,0.6,24.771690237855605
17,2026-10-10,3,2026-10-31,wk inc flu hosp,quantile,0.6,125.78856510102642
18,2026-10-10,3,2026-10-31,wk inc flu hosp,quantile,0.6,127.39899238625463
19,2026-10-10,3,2026-10-31,wk inc flu hosp,quantile,0.6,33.61182889588555
20,2026-10-10,3,2026-10-31,wk inc flu hosp,quantile,0.6,30.711244147231334
21,2026-10-10,3,2026-10-31,wk inc flu hosp,quantile,0.6,115.40799721169132
22,2026-10-10,3,2026-10-31,wk inc flu hosp,quantile,0.6,140.8310001899863
23,2026-10-10,3,2026-10-31,wk inc flu hosp,quantile,0.6,24.613430417130935
24,2026-10-10,3,2026-10-31,wk inc flu hosp,quantile,0.6,36.58007242189292
25,2026-10-10,3,2026-10-31,wk inc flu hosp,quantile,0.6,66.74623686915581
26,2026-10-10,3,2026-10-31,wk inc flu hosp,quantile,0.6,85.54209010499126
27,2026-10-10,3,2026-10-31,wk inc flu hosp,quantile,0.6,57.116327012648846
28,2026-10-10,3,2026-10-31,wk inc flu hosp,quantile,0.6,32.65636043946839
29,2026-10-10,3,2026-10-31,wk inc flu hosp,quantile,0.6,66.6982502290854
30,2026-10-10,3,2026-10-31,wk inc flu hosp,quantile,0.6,18.42544931723925
31,2026-10-10,3,2026-10-31,wk inc flu hosp,quantile,0.6,32.91311002562206
32,2026-10-10,3,2026-10-31,wk inc flu hosp,quantile,0.6,49.72003928683383
33,2026-10-10,3,2026-10-31,wk inc flu hosp,quantile,0.6,17.118049299173666
34,2026-10-10,3,2026-10-31,wk inc flu hosp,quantile,0.6,110.432178108642
35,2026-10-10,3,2026-10-31,wk inc flu hosp,quantile,0.6,18.90205248804251
36,2026-10-10,3,2026-10-31,wk inc flu hosp,quantile,0.6,324.67776764786663
37,2026-10-10,3,2026-10-31,wk inc flu hosp,quantile,0.6,163.9662811306228
38,2026-10-10,3,2026-10-31,wk inc flu hosp,quantile,0.6,7.197432727031935
39,2026-10-10,3,2026-10-31,wk inc flu hosp,quantile,0.6,125.56831458838515
40,2026-10-10,3,2026-10-31,wk inc flu hosp,quantile,0.6,57.547666515991736
41,2026-10-10,3,2026-10-31,wk inc flu hosp,quantile,0.6,51.15230547476982
42,2026-10-10,3,2026-10-31,wk inc flu hosp,quantile,0.6,219.39761077686842
44,2026-10-10,3,2026-10-31,wk inc flu hosp,quantile,0.6,11.629865242926213
45,2026-10-10,3,2026-10-31,wk inc flu hosp,quantile,0.6,66.3052756798339
46,2026-10-10,3,2026-10-31,wk inc flu hosp,quantile,0.6,8.62951817504795
47,2026-10-10,3,2026-10-31,wk inc flu hosp,quantile,0.6,112.94118782569372
48,2026-10-10,3,2026-10-31,wk inc flu hosp,quantile,0.6,535.1771815972924
49,2026-10-10,3,2026-10-31,wk inc flu hosp,quantile,0.6,30.590281430704486
50,2026-10-10,3,2026-10-31,wk inc flu hosp,quantile,0.6,3.0653842891453458
51,2026-10-10,3,2026-10-31,wk inc flu hosp,quantile,0.6,67.53312062373327
53,2026-10-10,3,2026-10-31,wk inc flu hosp,quantile,0.6,159.80629041986586
54,2026-10-10,3,2026-10-31,wk inc flu hosp,quantile,0.6,17.702943269437355
55,2026-10-10,3,2026-10-31,wk inc flu hosp,quantile,0.6,55.13552696091886
56,2026-10-10,3,2026-10-31,wk inc flu hosp,quantile,0.6,6.262952551426032
72,2026-10-10,3,2026-10-31,wk inc flu hosp,quantile,0.6,101.55998100078588
US,2026-10-10,3,2026-10-31,wk inc flu hosp,quantile,0.6,6439.8262238173975
01,2026-10-10,0,2026-10-10,wk inc flu hosp,quantile,0.65,65.09148466359447
02,2026-10-10,0,2026-10-10,wk inc flu hosp,quantile,0.65,23.070469697829573
04,2026-10-10,0,2026-10-10,wk inc flu hosp,quantile,0.65,89.0209704570624
05,2026-10-10,0,2026-10-10,wk inc flu hosp,quantile,0.65,24.81967872703094
06,2026-10-10,0,2026-10-10,wk inc flu hosp,quantile,0.65,527.5039533710127
08,2026-10-10,0,2026-10-10,wk inc flu hosp,quantile,0.65,46.65475143951631
09,2026-10-10,0,2026-10-10,wk inc flu hosp,quantile,0.65,33.631052891136065
10,2026-10-10,0,2026-10-10,wk inc flu hosp,quantile,0.65,13.263542588637256
11,2026-10-10,0,2026-10-10,wk inc flu hosp,quantile,0.65,3.556825710235112
12,2026-10-10,0,2026-10-10,wk inc flu hosp,quantile,0.65,680.0291037189747
13,2026-10-10,0,2026-10-10,wk inc flu hosp,quantile,0.65,70.78120527279721
15,2026-10-10,0,2026-10-10,wk inc flu hosp,quantile,0.65,56.79269827087937
16,2026-10-10,0,2026-10-10,wk inc flu hosp,quantile,0.65,19.862963947274288
17,2026-10-10,0,2026-10-10,wk inc flu hosp,quantile,0.65,88.22686421889104
18,2026-10-10,0,2026-10-10,wk inc flu hosp,quantile,0.65,82.29157198635485
19,2026-10-10,0,2026-10-10,wk inc flu hosp,quantile,0.65,23.060903248568458
20,2026-10-10,0,2026-10-10,wk inc flu hosp,quantile,0.65,19.807422374282332
21,2026-10-10,0,2026-10-10,wk inc flu hosp,quantile,0.65,74.80926976623792
22,2026-10-10,0,2026-10-10,wk inc flu hosp,quantile,0.65,127.21482551752396
23,2026-10-10,0,2026-10-10,wk inc flu hosp,quantile,0.65,20.480339593091582
24,2026-10-10,0,2026-10-10,wk inc flu hosp,quantile,0.65,23.185444211056417
25,2026-10-10,0,2026-10-10,wk inc flu hosp,quantile,0.65,31.31508329863867
26,2026-10-10,0,2026-10-10,wk inc flu hosp,quantile,0.65,53.892002987110715
27,2026-10-10,0,2026-10-10,wk inc flu hosp,quantile,0.65,39.915635175999554
28,2026-10-10,0,2026-10-10,wk inc flu hosp,quantile,0.65,24.816094081668883
29,2026-10-10,0,2026-10-10,wk inc flu hosp,quantile,0.65,40.55212054746187
30,2026-10-10,0,2026-10-10,wk inc flu hosp,quantile,0.65,16.78631350053577
31,2026-10-10,0,2026-10-10,wk inc flu hosp,quantile,0.65,28.36135079120267
32,2026-10-10,0,2026-10-10,wk inc flu hosp,quantile,0.65,45.10493465485105
33,2026-10-10,0,2026-10-10,wk inc flu hosp,quantile,0.65,13.583520314213326
34,2026-10-10,0,2026-10-10,wk inc flu hosp,quantile,0.65,84.09726846409303
35,2026-10-10,0,2026-10-10,wk inc flu hosp,quantile,0.65,13.052598110573003
36,2026-10-10,0,2026-10-10,wk inc flu hosp,quantile,0.65,191.63333131030998
37,2026-10-10,0,2026-10-10,wk inc flu hosp,quantile,0.65,111.78408049994214
38,2026-10-10,0,2026-10-10,wk inc flu hosp,quantile,0.65,5.579131506585411
39,2026-10-10,0,2026-10-10,wk inc flu hosp,quantile,0.65,99.11012713108737
40,2026-10-10,0,2026-10-10,wk inc flu hosp,quantile,0.65,36.86672368318484
41,2026-10-10,0,2026-10-10,wk inc flu hosp,quantile,0.65,40.9105925122618
42,2026-10-10,0,2026-10-10,wk inc flu hosp,quantile,0.65,173.0539147201206
44,2026-10-10,0,2026-10-10,wk inc flu hosp,quantile,0.65,9.908491063755001
45,2026-10-10,0,2026-10-10,wk inc flu hosp,quantile,0.65,46.64157114700517
46,2026-10-10,0,2026-10-10,wk inc flu hosp,quantile,0.65,6.3232918259516335
47,2026-10-10,0,2026-10-10,wk inc flu hosp,quantile,0.65,87.78106149656853
48,2026-10-10,0,2026-10-10,wk inc flu hosp,quantile,0.65,409.8640776125832
49,2026-10-10,0,2026-10-10,wk inc flu hosp,quantile,0.65,29.2328260937046
50,2026-10-10,0,2026-10-10,wk inc flu hosp,quantile,0.65,1.848046227990109
51,2026-10-10,0,2026-10-10,wk inc flu hosp,quantile,0.65,46.0513462180434
53,2026-10-10,0,2026-10-10,wk inc flu hosp,quantile,0.65,154.39085711657026
54,2026-10-10,0,2026-10-10,wk inc flu hosp,quantile,0.65,9.841256583159756
55,2026-10-10,0,2026-10-10,wk inc flu hosp,quantile,0.65,37.94681342728731
56,2026-10-10,0,2026-10-10,wk inc flu hosp,quantile,0.65,5.110522095432064
72,2026-10-10,0,2026-10-10,wk inc flu hosp,quantile,0.65,94.83838956829305
US,2026-10-10,0,2026-10-10,wk inc flu hosp,quantile,0.65,4182.412305932373
01,2026-10-10,1,2026-10-17,wk inc flu hosp,quantile,0.65,76.4585834926764
02,2026-10-10,1,2026-10-17,wk inc flu hosp,quantile,0.65,23.030949059549087
04,2026-10-10,1,2026-10-17,wk inc flu hosp,quantile,0.65,109.61236790068494
05,2026-10-10,1,2026-10-17,wk inc flu hosp,quantile,0.65,29.71889994572581
06,2026-10-10,1,2026-10-17,wk inc flu hosp,quantile,0.65,594.4359494107904
08,2026-10-10,1,2026-10-17,wk inc flu hosp,quantile,0.65,55.523267269749084
09,2026-10-10,1,2026-10-17,wk inc flu hosp,quantile,0.65,44.231333514247595
10,2026-10-10,1,2026-10-17,wk inc flu hosp,quantile,0.65,15.223180089592557
11,2026-10-10,1,2026-10-17,wk inc flu hosp,quantile,0.65,4.641320150451417
12,2026-10-10,1,2026-10-17,wk inc flu hosp,quantile,0.65,744.8956518826576
13,2026-10-10,1,2026-10-17,wk inc flu hosp,quantile,0.65,90.09176841755482
15,2026-10-10,1,2026-10-17,wk inc flu hosp,quantile,0.65,57.572081440827496
16,2026-10-10,1,2026-10-17,wk inc flu hosp,quantile,0.65,23.37030256715092
17,2026-10-10,1,2026-10-17,wk inc flu hosp,quantile,0.65,107.4706691893311
18,2026-10-10,1,2026-10-17,wk inc flu hosp,quantile,0.65,105.7726136629922
19,2026-10-10,1,2026-10-17,wk inc flu hosp,quantile,0.65,28.506774407123054
20,2026-10-10,1,2026-10-17,wk inc flu hosp,quantile,0.65,25.533742486910125
21,2026-10-10,1,2026-10-17,wk inc flu hosp,quantile,0.65,98.27258780293846
22,2026-10-10,1,2026-10-17,wk inc flu hosp,quantile,0.65,139.41783871828002
23,2026-10-10,1,2026-10-17,wk inc flu hosp,quantile,0.65,24.07948306919393
24,2026-10-10,1,2026-10-17,wk inc flu hosp,quantile,0.65,29.334628311459053
25,2026-10-10,1,2026-10-17,wk inc flu hosp,quantile,0.65,45.33431478807639
26,2026-10-10,1,2026-10-17,wk inc flu hosp,quantile,0.65,66.39496455398911
27,2026-10-10,1,2026-10-17,wk inc flu hosp,quantile,0.65,49.2832942291077
28,2026-10-10,1,2026-10-17,wk inc flu hosp,quantile,0.65,28.311535720116332
29,2026-10-10,1,2026-10-17,wk inc flu hosp,quantile,0.65,50.54780378555066
30,2026-10-10,1,2026-10-17,wk inc flu hosp,quantile,0.65,18.43057680310311
31,2026-10-10,1,2026-10-17,wk inc flu hosp,quantile,0.65,33.011776236220726
32,2026-10-10,1,2026-10-17,wk inc flu hosp,quantile,0.65,48.7311934709193
33,2026-10-10,1,2026-10-17,wk inc flu hosp,quantile,0.65,15.977092064908971
34,2026-10-10,1,2026-10-17,wk inc flu hosp,quantile,0.65,95.5698156567417
35,2026-10-10,1,2026-10-17,wk inc flu hosp,quantile,0.65,16.24829557043321
36,2026-10-10,1,2026-10-17,wk inc flu hosp,quantile,0.65,251.31045042297688
37,2026-10-10,1,2026-10-17,wk inc flu hosp,quantile,0.65,140.3101089550418
38,2026-10-10,1,2026-10-17,wk inc flu hosp,quantile,0.65,6.702255014951796
39,2026-10-10,1,2026-10-17,wk inc flu hosp,quantile,0.65,119.4423300225865
40,2026-10-10,1,2026-10-17,wk inc flu hosp,quantile,0.65,48.756726933528924
41,2026-10-10,1,2026-10-17,wk inc flu hosp,quantile,0.65,47.384235022819645
42,2026-10-10,1,2026-10-17,wk inc flu hosp,quantile,0.65,195.07850074878283
44,2026-10-10,1,2026-10-17,wk inc flu hosp,quantile,0.65,11.140724417911867
45,2026-10-10,1,2026-10-17,wk inc flu hosp,quantile,0.65,56.10283186417214
46,2026-10-10,1,2026-10-17,wk inc flu hosp,quantile,0.65,7.835012140631522
47,2026-10-10,1,2026-10-17,wk inc flu hosp,quantile,0.65,99.8167116322487
48,2026-10-10,1,2026-10-17,wk inc flu hosp,quantile,0.65,480.71428432758654
49,2026-10-10,1,2026-10-17,wk inc flu hosp,quantile,0.65,31.279134419711312
50,2026-10-10,1,2026-10-17,wk inc flu hosp,quantile,0.65,2.58872421093951
51,2026-10-10,1,2026-10-17,wk inc flu hosp,quantile,0.65,55.846064852680946
53,2026-10-10,1,2026-10-17,wk inc flu hosp,quantile,0.65,166.06221696981308
54,2026-10-10,1,2026-10-17,wk inc flu hosp,quantile,0.65,14.122743794039325
55,2026-10-10,1,2026-10-17,wk inc flu hosp,quantile,0.65,44.96464620790466
56,2026-10-10,1,2026-10-17,wk inc flu hosp,quantile,0.65,5.842478824815804
72,2026-10-10,1,2026-10-17,wk inc flu hosp,quantile,0.65,99.95415000840006
US,2026-10-10,1,2026-10-17,wk inc flu hosp,quantile,0.65,5124.779414308615
01,2026-10-10,2,2026-10-24,wk inc flu hosp,quantile,0.65,86.4271851725515
02,2026-10-10,2,2026-10-24,wk inc flu hosp,quantile,0.65,22.56050512784954
04,2026-10-10,2,2026-10-24,wk inc flu hosp,quantile,0.65,125.30266924017761
05,2026-10-10,2,2026-10-24,wk inc flu hosp,quantile,0.65,34.24375913135125
06,2026-10-10,2,2026-10-24,wk inc flu hosp,quantile,0.65,648.7687725812652
08,2026-10-10,2,2026-10-24,wk inc flu hosp,quantile,0.65,64.8335296410543
09,2026-10-10,2,2026-10-24,wk inc flu hosp,quantile,0.65,51.54463559239857
10,2026-10-10,2,2026-10-24,wk inc flu hosp,quantile,0.65,16.34061579125609
11,2026-10-10,2,2026-10-24,wk inc flu hosp,quantile,0.65,6.021277216286049
12,2026-10-10,2,2026-10-24,wk inc flu hosp,quantile,0.65,779.8176511299628
13,2026-10-10,2,2026-10-24,wk inc flu hosp,quantile,0.65,104.74500867125852
15,2026-10-10,2,2026-10-24,wk inc flu hosp,quantile,0.65,55.822046469625235
16,2026-10-10,2,2026-10-24,wk inc flu hosp,quantile,0.65,25.74681155579714
17,2026-10-10,2,2026-10-24,wk inc flu hosp,quantile,0.65,126.44698531438124
18,2026-10-10,2,2026-10-24,wk inc flu hosp,quantile,0.65,123.86768327558651
19,2026-10-10,2,2026-10-24,wk inc flu hosp,quantile,0.65,34.12633225182306
20,2026-10-10,2,2026-10-24,wk inc flu hosp,quantile,0.65,30.066709104669908
21,2026-10-10,2,2026-10-24,wk inc flu hosp,quantile,0.65,113.3743804259039
22,2026-10-10,2,2026-10-24,wk inc flu hosp,quantile,0.65,145.38341007904285
23,2026-10-10,2,2026-10-24,wk inc flu hosp,quantile,0.65,26.922652765455638
24,2026-10-10,2,2026-10-24,wk inc flu hosp,quantile,0.65,35.924207984044884
25,2026-10-10,2,2026-10-24,wk inc flu hosp,quantile,0.65,60.688540645434934
26,2026-10-10,2,2026-10-24,wk inc flu hosp,quantile,0.65,82.07516593013278
27,2026-10-10,2,2026-10-24,wk inc flu hosp,quantile,0.65,58.07748431822825
28,2026-10-10,2,2026-10-24,wk inc flu hosp,quantile,0.65,32.492449852760586
29,2026-10-10,2,2026-10-24,wk inc flu hosp,quantile,0.65,64.68103923059574
30,2026-10-10,2,2026-10-24,wk inc flu hosp,quantile,0.65,19.897514267394772
31,2026-10-10,2,2026-10-24,wk inc flu hosp,quantile,0.65,35.132349907649626
32,2026-10-10,2,2026-10-24,wk inc flu hosp,quantile,0.65,53.09212690239254
33,2026-10-10,2,2026-10-24,wk inc flu hosp,quantile,0.65,18.232278808047216
34,2026-10-10,2,2026-10-24,wk inc flu hosp,quantile,0.65,110.08745980486597
35,2026-10-10,2,2026-10-24,wk inc flu hosp,quantile,0.65,19.56582666169726
36,2026-10-10,2,2026-10-24,wk inc flu hosp,quantile,0.65,309.7656161657019
37,2026-10-10,2,2026-10-24,wk inc flu hosp,quantile,0.65,162.51698595988574
38,2026-10-10,2,2026-10-24,wk inc flu hosp,quantile,0.65,7.476805693845976
39,2026-10-10,2,2026-10-24,wk inc flu hosp,quantile,0.65,133.930421011267
40,2026-10-10,2,2026-10-24,wk inc flu hosp,quantile,0.65,55.890196324596985
41,2026-10-10,2,2026-10-24,wk inc flu hosp,quantile,0.65,54.254228102950464
42,2026-10-10,2,2026-10-24,wk inc flu hosp,quantile,0.65,216.782562307469
44,2026-10-10,2,2026-10-24,wk inc flu hosp,quantile,0.65,12.464657677176685
45,2026-10-10,2,2026-10-24,wk inc flu hosp,quantile,0.65,66.48788831684338
46,2026-10-10,2,2026-10-24,wk inc flu hosp,quantile,0.65,8.956641693688322
47,2026-10-10,2,2026-10-24,wk inc flu hosp,quantile,0.65,113.43507597719308
48,2026-10-10,2,2026-10-24,wk inc flu hosp,quantile,0.65,533.4788942631668
49,2026-10-10,2,2026-10-24,wk inc flu hosp,quantile,0.65,32.494873644938615
50,2026-10-10,2,2026-10-24,wk inc flu hosp,quantile,0.65,3.040652737972499
51,2026-10-10,2,2026-10-24,wk inc flu hosp,quantile,0.65,66.40696784799891
53,2026-10-10,2,2026-10-24,wk inc flu hosp,quantile,0.65,169.99580804553534
54,2026-10-10,2,2026-10-24,wk inc flu hosp,quantile,0.65,17.028834947882103
55,2026-10-10,2,2026-10-24,wk inc flu hosp,quantile,0.65,54.12471470597037
56,2026-10-10,2,2026-10-24,wk inc flu hosp,quantile,0.65,6.492768713540154
72,2026-10-10,2,2026-10-24,wk inc flu hosp,quantile,0.65,104.56667888973098
US,2026-10-10,2,2026-10-24,wk inc flu hosp,quantile,0.65,6050.052668394551
01,2026-10-10,3,2026-10-31,wk inc flu hosp,quantile,0.65,94.06144481784983
02,2026-10-10,3,2026-10-31,wk inc flu hosp,quantile,0.65,21.58031175416044
04,2026-10-10,3,2026-10-31,wk inc flu hosp,quantile,0.65,134.1556847156561
05,2026-10-10,3,2026-10-31,wk inc flu hosp,quantile,0.65,38.449528890276866
06,2026-10-10,3,2026-10-31,wk inc flu hosp,quantile,0.65,683.3945357579177
08,2026-10-10,3,2026-10-31,wk inc flu hosp,quantile,0.65,73.37831280428628
09,2026-10-10,3,2026-10-31,wk inc flu hosp,quantile,0.65,59.0488350163104
10,2026-10-10,3,2026-10-31,wk inc flu hosp,quantile,0.65,17.29779953916081
11,2026-10-10,3,2026-10-31,wk inc flu hosp,quantile,0.65,6.847307363083144
12,2026-10-10,3,2026-10-31,wk inc flu hosp,quantile,0.65,811.6616430878098
13,2026-10-10,3,2026-10-31,wk inc flu hosp,quantile,0.65,115.93044302718803
15,2026-10-10,3,2026-10-31,wk inc flu hosp,quantile,0.65,54.668836217202305
16,2026-10-10,3,2026-10-31,wk inc flu hosp,quantile,0.65,28.089483389699556
17,2026-10-10,3,2026-10-31,wk inc flu hosp,quantile,0.65,140.4173898485522
18,2026-10-10,3,2026-10-31,wk inc flu hosp,quantile,0.65,140.36609999434384
19,2026-10-10,3,2026-10-31,wk inc flu hosp,quantile,0.65,39.125718618549506
20,2026-10-10,3,2026-10-31,wk inc flu hosp,quantile,0.65,35.130502962282364
21,2026-10-10,3,2026-10-31,wk inc flu hosp,quantile,0.65,127.90622270795407
22,2026-10-10,3,2026-10-31,wk inc flu hosp,quantile,0.65,152.21677260708333
23,2026-10-10,3,2026-10-31,wk inc flu hosp,quantile,0.65,28.09596825347473
24,2026-10-10,3,2026-10-31,wk inc flu hosp,quantile,0.65,42.65468407813765
25,2026-10-10,3,2026-10-31,wk inc flu hosp,quantile,0.65,76.3602106934858
26,2026-10-10,3,2026-10-31,wk inc flu hosp,quantile,0.65,98.39191479220962
27,2026-10-10,3,2026-10-31,wk inc flu hosp,quantile,0.65,66.1550234009638
28,2026-10-10,3,2026-10-31,wk inc flu hosp,quantile,0.65,36.60762165463802
29,2026-10-10,3,2026-10-31,wk inc flu hosp,quantile,0.65,77.38532196478086
30,2026-10-10,3,2026-10-31,wk inc flu hosp,quantile,0.65,21.102378537820556
31,2026-10-10,3,2026-10-31,wk inc flu hosp,quantile,0.65,36.20336977500616
32,2026-10-10,3,2026-10-31,wk inc flu hosp,quantile,0.65,55.89658432108105
33,2026-10-10,3,2026-10-31,wk inc flu hosp,quantile,0.65,19.565546050754843
34,2026-10-10,3,2026-10-31,wk inc flu hosp,quantile,0.65,126.17829066457965
35,2026-10-10,3,2026-10-31,wk inc flu hosp,quantile,0.65,21.839146440583715
36,2026-10-10,3,2026-10-31,wk inc flu hosp,quantile,0.65,356.8979498221228
37,2026-10-10,3,2026-10-31,wk inc flu hosp,quantile,0.65,186.97453590441856
38,2026-10-10,3,2026-10-31,wk inc flu hosp,quantile,0.65,8.166781696983557
39,2026-10-10,3,2026-10-31,wk inc flu hosp,quantile,0.65,145.3631927099661
40,2026-10-10,3,2026-10-31,wk inc flu hosp,quantile,0.65,63.57212375272339
41,2026-10-10,3,2026-10-31,wk inc flu hosp,quantile,0.65,58.11926087354677
42,2026-10-10,3,2026-10-31,wk inc flu hosp,quantile,0.65,246.10997014137945
44,2026-10-10,3,2026-10-31,wk inc flu hosp,quantile,0.65,13.153021676558847
45,2026-10-10,3,2026-10-31,wk inc flu hosp,quantile,0.65,75.03954447362513
46,2026-10-10,3,2026-10-31,wk inc flu hosp,quantile,0.65,9.918735912347511
47,2026-10-10,3,2026-10-31,wk inc flu hosp,quantile,0.65,124.36600252332133
48,2026-10-10,3,2026-10-31,wk inc flu hosp,quantile,0.65,574.9274606940694
49,2026-10-10,3,2026-10-31,wk inc flu hosp,quantile,0.65,34.02049016521103
50,2026-10-10,3,2026-10-31,wk inc flu hosp,quantile,0.65,3.6236503909932147
51,2026-10-10,3,2026-10-31,wk inc flu hosp,quantile,0.65,75.95367470344215
53,2026-10-10,3,2026-10-31,wk inc flu hosp,quantile,0.65,173.93374605577353
54,2026-10-10,3,2026-10-31,wk inc flu hosp,quantile,0.65,20.592388585014046
55,2026-10-10,3,2026-10-31,wk inc flu hosp,quantile,0.65,62.784770657048114
56,2026-10-10,3,2026-10-31,wk inc flu hosp,quantile,0.65,7.504870272306446
72,2026-10-10,3,2026-10-31,wk inc flu hosp,quantile,0.65,109.55117196829168
US,2026-10-10,3,2026-10-31,wk inc flu hosp,quantile,0.65,6933.49021915356
01,2026-10-10,0,2026-10-10,wk inc flu hosp,quantile,0.7,67.53628616612251
02,2026-10-10,0,2026-10-10,wk inc flu hosp,quantile,0.7,24.51377342282956
04,2026-10-10,0,2026-10-10,wk inc flu hosp,quantile,0.7,94.25313124941376
05,2026-10-10,0,2026-10-10,wk inc flu hosp,quantile,0.7,26.568988734623552
06,2026-10-10,0,2026-10-10,wk inc flu hosp,quantile,0.7,541.8090339225488
08,2026-10-10,0,2026-10-10,wk inc flu hosp,quantile,0.7,49.42379973868915
09,2026-10-10,0,2026-10-10,wk inc flu hosp,quantile,0.7,35.76688849785381
10,2026-10-10,0,2026-10-10,wk inc flu hosp,quantile,0.7,14.250134117489846
11,2026-10-10,0,2026-10-10,wk inc flu hosp,quantile,0.7,4.028385029118667
12,2026-10-10,0,2026-10-10,wk inc flu hosp,quantile,0.7,695.5740709317603
13,2026-10-10,0,2026-10-10,wk inc flu hosp,quantile,0.7,74.92498383188023
15,2026-10-10,0,2026-10-10,wk inc flu hosp,quantile,0.7,59.264328692414146
16,2026-10-10,0,2026-10-10,wk inc flu hosp,quantile,0.7,21.33520367579705
17,2026-10-10,0,2026-10-10,wk inc flu hosp,quantile,0.7,93.64369389905691
18,2026-10-10,0,2026-10-10,wk inc flu hosp,quantile,0.7,85.4631679868943
19,2026-10-10,0,2026-10-10,wk inc flu hosp,quantile,0.7,24.412888269766405
20,2026-10-10,0,2026-10-10,wk inc flu hosp,quantile,0.7,20.99128792254059
21,2026-10-10,0,2026-10-10,wk inc flu hosp,quantile,0.7,78.33410066729121
22,2026-10-10,0,2026-10-10,wk inc flu hosp,quantile,0.7,131.63154953778255
23,2026-10-10,0,2026-10-10,wk inc flu hosp,quantile,0.7,21.647744172356912
24,2026-10-10,0,2026-10-10,wk inc flu hosp,quantile,0.7,24.95160148644529
25,2026-10-10,0,2026-10-10,wk inc flu hosp,quantile,0.7,33.482475393012095
26,2026-10-10,0,2026-10-10,wk inc flu hosp,quantile,0.7,57.53287033941141
27,2026-10-10,0,2026-10-10,wk inc flu hosp,quantile,0.7,43.007488314883595
28,2026-10-10,0,2026-10-10,wk inc flu hosp,quantile,0.7,26.152724912172438
29,2026-10-10,0,2026-10-10,wk inc flu hosp,quantile,0.7,43.14285349015028
30,2026-10-10,0,2026-10-10,wk inc flu hosp,quantile,0.7,17.971406934086197
31,2026-10-10,0,2026-10-10,wk inc flu hosp,quantile,0.7,29.922078165217926
32,2026-10-10,0,2026-10-10,wk inc flu hosp,quantile,0.7,46.93838437841593
33,2026-10-10,0,2026-10-10,wk inc flu hosp,quantile,0.7,14.303307733966632
34,2026-10-10,0,2026-10-10,wk inc flu hosp,quantile,0.7,88.06099627335014
35,2026-10-10,0,2026-10-10,wk inc flu hosp,quantile,0.7,14.197402100334186
36,2026-10-10,0,2026-10-10,wk inc flu hosp,quantile,0.7,198.27343527241436
37,2026-10-10,0,2026-10-10,wk inc flu hosp,quantile,0.7,116.85975008401496
38,2026-10-10,0,2026-10-10,wk inc flu hosp,quantile,0.7,6.131018793843576
39,2026-10-10,0,2026-10-10,wk inc flu hosp,quantile,0.7,106.45668433139997
40,2026-10-10,0,2026-10-10,wk inc flu hosp,quantile,0.7,39.732264389504074
41,2026-10-10,0,2026-10-10,wk inc flu hosp,quantile,0.7,43.00331871152056
42,2026-10-10,0,2026-10-10,wk inc flu hosp,quantile,0.7,179.48791931136174
44,2026-10-10,0,2026-10-10,wk inc flu hosp,quantile,0.7,10.683971968809965
45,2026-10-10,0,2026-10-10,wk inc flu hosp,quantile,0.7,49.13386969382831
46,2026-10-10,0,2026-10-10,wk inc flu hosp,quantile,0.7,7.0322424614863275
47,2026-10-10,0,2026-10-10,wk inc flu hosp,quantile,0.7,92.28053503046276
48,2026-10-10,0,2026-10-10,wk inc flu hosp,quantile,0.7,422.7005795605765
49,2026-10-10,0,2026-10-10,wk inc flu hosp,quantile,0.7,30.643904120205143
50,2026-10-10,0,2026-10-10,wk inc flu hosp,quantile,0.7,2.175751839074089
51,2026-10-10,0,2026-10-10,wk inc flu hosp,quantile,0.7,48.84278343904149
53,2026-10-10,0,2026-10-10,wk inc flu hosp,quantile,0.7,158.80842804119996
54,2026-10-10,0,2026-10-10,wk inc flu hosp,quantile,0.7,10.98315374244497
55,2026-10-10,0,2026-10-10,wk inc flu hosp,quantile,0.7,40.27419021399925
56,2026-10-10,0,2026-10-10,wk inc flu hosp,quantile,0.7,5.645744320439683
72,2026-10-10,0,2026-10-10,wk inc flu hosp,quantile,0.7,99.55699711364406
US,2026-10-10,0,2026-10-10,wk inc flu hosp,quantile,0.7,4285.707160531293
01,2026-10-10,1,2026-10-17,wk inc flu hosp,quantile,0.7,83.69372806482018
02,2026-10-10,1,2026-10-17,wk inc flu hosp,quantile,0.7,24.73959311514863
04,2026-10-10,1,2026-10-17,wk inc flu hosp,quantile,0.7,118.27570525150513
05,2026-10-10,1,2026-10-17,wk inc flu hosp,quantile,0.7,32.598922706101796
06,2026-10-10,1,2026-10-17,wk inc flu hosp,quantile,0.7,621.7966786587516
08,2026-10-10,1,2026-10-17,wk inc flu hosp,quantile,0.7,60.58407180742978
09,2026-10-10,1,2026-10-17,wk inc flu hosp,quantile,0.7,48.584404573595506
10,2026-10-10,1,2026-10-17,wk inc flu hosp,quantile,0.7,17.001947387707347
11,2026-10-10,1,2026-10-17,wk inc flu hosp,quantile,0.7,5.420229213723638
12,2026-10-10,1,2026-10-17,wk inc flu hosp,quantile,0.7,773.1080996638028
13,2026-10-10,1,2026-10-17,wk inc flu hosp,quantile,0.7,97.29004897473796
15,2026-10-10,1,2026-10-17,wk inc flu hosp,quantile,0.7,60.41234847392529
16,2026-10-10,1,2026-10-17,wk inc flu hosp,quantile,0.7,25.866478267843664
17,2026-10-10,1,2026-10-17,wk inc flu hosp,quantile,0.7,118.64072883766532
18,2026-10-10,1,2026-10-17,wk inc flu hosp,quantile,0.7,113.04208442364423
19,2026-10-10,1,2026-10-17,wk inc flu hosp,quantile,0.7,31.712455330637148
20,2026-10-10,1,2026-10-17,wk inc flu hosp,quantile,0.7,28.36220443930391
21,2026-10-10,1,2026-10-17,wk inc flu hosp,quantile,0.7,106.07531204226714
22,2026-10-10,1,2026-10-17,wk inc flu hosp,quantile,0.7,147.78673735364984
23,2026-10-10,1,2026-10-17,wk inc flu hosp,quantile,0.7,26.097656360015
24,2026-10-10,1,2026-10-17,wk inc flu hosp,quantile,0.7,33.36591333353117
25,2026-10-10,1,2026-10-17,wk inc flu hosp,quantile,0.7,50.184741682062864
26,2026-10-10,1,2026-10-17,wk inc flu hosp,quantile,0.7,75.5931611647983
27,2026-10-10,1,2026-10-17,wk inc flu hosp,quantile,0.7,54.57686111148142
28,2026-10-10,1,2026-10-17,wk inc flu hosp,quantile,0.7,30.523464565190864
29,2026-10-10,1,2026-10-17,wk inc flu hosp,quantile,0.7,55.73338031076383
30,2026-10-10,1,2026-10-17,wk inc flu hosp,quantile,0.7,20.34063276997158
31,2026-10-10,1,2026-10-17,wk inc flu hosp,quantile,0.7,35.54240857387572
32,2026-10-10,1,2026-10-17,wk inc flu hosp,quantile,0.7,52.374894767463964
33,2026-10-10,1,2026-10-17,wk inc flu hosp,quantile,0.7,17.639227990477977
34,2026-10-10,1,2026-10-17,wk inc flu hosp,quantile,0.7,103.93293741335411
35,2026-10-10,1,2026-10-17,wk inc flu hosp,quantile,0.7,18.536128505710742
36,2026-10-10,1,2026-10-17,wk inc flu hosp,quantile,0.7,268.0446734280207
37,2026-10-10,1,2026-10-17,wk inc flu hosp,quantile,0.7,150.5281101853082
38,2026-10-10,1,2026-10-17,wk inc flu hosp,quantile,0.7,7.6136112636301005
39,2026-10-10,1,2026-10-17,wk inc flu hosp,quantile,0.7,132.24087314497723
40,2026-10-10,1,2026-10-17,wk inc flu hosp,quantile,0.7,53.19724048661116
41,2026-10-10,1,2026-10-17,wk inc flu hosp,quantile,0.7,51.30546269176443
42,2026-10-10,1,2026-10-17,wk inc flu hosp,quantile,0.7,209.7848794109927
44,2026-10-10,1,2026-10-17,wk inc flu hosp,quantile,0.7,12.377103760049811
45,2026-10-10,1,2026-10-17,wk inc flu hosp,quantile,0.7,61.7458367859639
46,2026-10-10,1,2026-10-17,wk inc flu hosp,quantile,0.7,8.900434770560745
47,2026-10-10,1,2026-10-17,wk inc flu hosp,quantile,0.7,107.22269569628124
48,2026-10-10,1,2026-10-17,wk inc flu hosp,quantile,0.7,506.79577669044966
49,2026-10-10,1,2026-10-17,wk inc flu hosp,quantile,0.7,33.625185052573016
50,2026-10-10,1,2026-10-17,wk inc flu hosp,quantile,0.7,3.0205063384337665
51,2026-10-10,1,2026-10-17,wk inc flu hosp,quantile,0.7,61.87212414772711
53,2026-10-10,1,2026-10-17,wk inc flu hosp,quantile,0.7,175.06337089956457
54,2026-10-10,1,2026-10-17,wk inc flu hosp,quantile,0.7,15.94694653836037
55,2026-10-10,1,2026-10-17,wk inc flu hosp,quantile,0.7,49.212016634457456
56,2026-10-10,1,2026-10-17,wk inc flu hosp,quantile,0.7,6.711105928613734
72,2026-10-10,1,2026-10-17,wk inc flu hosp,quantile,0.7,106.04107812751323
US,2026-10-10,1,2026-10-17,wk inc flu hosp,quantile,0.7,5384.335303344484
01,2026-10-10,2,2026-10-24,wk inc flu hosp,quantile,0.7,96.68009161088081
02,2026-10-10,2,2026-10-24,wk inc flu hosp,quantile,0.7,24.415020098840614
04,2026-10-10,2,2026-10-24,wk inc flu hosp,quantile,0.7,139.95318675385246
05,2026-10-10,2,2026-10-24,wk inc flu hosp,quantile,0.7,37.80553807062947
06,2026-10-10,2,2026-10-24,wk inc flu hosp,quantile,0.7,699.5043562131476
08,2026-10-10,2,2026-10-24,wk inc flu hosp,quantile,0.7,71.70234810185899
09,2026-10-10,2,2026-10-24,wk inc flu hosp,quantile,0.7,57.87567788504765
10,2026-10-10,2,2026-10-24,wk inc flu hosp,quantile,0.7,18.64598923192871
11,2026-10-10,2,2026-10-24,wk inc flu hosp,quantile,0.7,7.117394070800884
12,2026-10-10,2,2026-10-24,wk inc flu hosp,quantile,0.7,829.6121702075039
13,2026-10-10,2,2026-10-24,wk inc flu hosp,quantile,0.7,115.38522049615965
15,2026-10-10,2,2026-10-24,wk inc flu hosp,quantile,0.7,59.13931186579029
16,2026-10-10,2,2026-10-24,wk inc flu hosp,quantile,0.7,28.957376477529547
17,2026-10-10,2,2026-10-24,wk inc flu hosp,quantile,0.7,142.25604578237068
18,2026-10-10,2,2026-10-24,wk inc flu hosp,quantile,0.7,137.49165504524143
19,2026-10-10,2,2026-10-24,wk inc flu hosp,quantile,0.7,38.86063585834381
20,2026-10-10,2,2026-10-24,wk inc flu hosp,quantile,0.7,34.40394569044862
21,2026-10-10,2,2026-10-24,wk inc flu hosp,quantile,0.7,125.85113734539978
22,2026-10-10,2,2026-10-24,wk inc flu hosp,quantile,0.7,155.80499904071456
23,2026-10-10,2,2026-10-24,wk inc flu hosp,quantile,0.7,29.55214764135368
24,2026-10-10,2,2026-10-24,wk inc flu hosp,quantile,0.7,41.05789831383664
25,2026-10-10,2,2026-10-24,wk inc flu hosp,quantile,0.7,68.34703384519348
26,2026-10-10,2,2026-10-24,wk inc flu hosp,quantile,0.7,94.29751783222422
27,2026-10-10,2,2026-10-24,wk inc flu hosp,quantile,0.7,66.0854420472762
28,2026-10-10,2,2026-10-24,wk inc flu hosp,quantile,0.7,36.88843360757114
29,2026-10-10,2,2026-10-24,wk inc flu hosp,quantile,0.7,73.35092336424756
30,2026-10-10,2,2026-10-24,wk inc flu hosp,quantile,0.7,21.893311099935914
31,2026-10-10,2,2026-10-24,wk inc flu hosp,quantile,0.7,38.66521496536228
32,2026-10-10,2,2026-10-24,wk inc flu hosp,quantile,0.7,57.268979147887585
33,2026-10-10,2,2026-10-24,wk inc flu hosp,quantile,0.7,20.16521951054783
34,2026-10-10,2,2026-10-24,wk inc flu hosp,quantile,0.7,122.56298291993396
35,2026-10-10,2,2026-10-24,wk inc flu hosp,quantile,0.7,21.947380124756247
36,2026-10-10,2,2026-10-24,wk inc flu hosp,quantile,0.7,334.7425875968457
37,2026-10-10,2,2026-10-24,wk inc flu hosp,quantile,0.7,179.6765552918122
38,2026-10-10,2,2026-10-24,wk inc flu hosp,quantile,0.7,8.542353117088215
39,2026-10-10,2,2026-10-24,wk inc flu hosp,quantile,0.7,152.45250365968658
40,2026-10-10,2,2026-10-24,wk inc flu hosp,quantile,0.7,64.3739996781898
41,2026-10-10,2,2026-10-24,wk inc flu hosp,quantile,0.7,59.26399407393269
42,2026-10-10,2,2026-10-24,wk inc flu hosp,quantile,0.7,236.18163541581202
44,2026-10-10,2,2026-10-24,wk inc flu hosp,quantile,0.7,14.008046028053762
45,2026-10-10,2,2026-10-24,wk inc flu hosp,quantile,0.7,74.36498780304635
46,2026-10-10,2,2026-10-24,wk inc flu hosp,quantile,0.7,10.352107737216684
47,2026-10-10,2,2026-10-24,wk inc flu hosp,quantile,0.7,123.51379788743816
48,2026-10-10,2,2026-10-24,wk inc flu hosp,quantile,0.7,572.6620059774893
49,2026-10-10,2,2026-10-24,wk inc flu hosp,quantile,0.7,34.98331462251648
50,2026-10-10,2,2026-10-24,wk inc flu hosp,quantile,0.7,3.74006827884616
51,2026-10-10,2,2026-10-24,wk inc flu hosp,quantile,0.7,74.36126161351702
53,2026-10-10,2,2026-10-24,wk inc flu hosp,quantile,0.7,182.58243978777531
54,2026-10-10,2,2026-10-24,wk inc flu hosp,quantile,0.7,19.64422320708286
55,2026-10-10,2,2026-10-24,wk inc flu hosp,quantile,0.7,60.62421672967121
56,2026-10-10,2,2026-10-24,wk inc flu hosp,quantile,0.7,7.445982911348524
72,2026-10-10,2,2026-10-24,wk inc flu hosp,quantile,0.7,111.7265688267445
US,2026-10-10,2,2026-10-24,wk inc flu hosp,quantile,0.7,6416.4765752907015
01,2026-10-10,3,2026-10-31,wk inc flu hosp,quantile,0.7,102.69755259109182
02,2026-10-10,3,2026-10-31,wk inc flu hosp,quantile,0.7,23.745455874914942
04,2026-10-10,3,2026-10-31,wk inc flu hosp,quantile,0.7,149.1847681106957
05,2026-10-10,3,2026-10-31,wk inc flu hosp,quantile,0.7,43.851703066842916
06,2026-10-10,3,2026-10-31,wk inc flu hosp,quantile,0.7,750.8983451702434
08,2026-10-10,3,2026-10-31,wk inc flu hosp,quantile,0.7,81.93387212926531
09,2026-10-10,3,2026-10-31,wk inc flu hosp,quantile,0.7,67.60750131419049
10,2026-10-10,3,2026-10-31,wk inc flu hosp,quantile,0.7,19.655249064431935
11,2026-10-10,3,2026-10-31,wk inc flu hosp,quantile,0.7,8.123882395535505
12,2026-10-10,3,2026-10-31,wk inc flu hosp,quantile,0.7,866.4692887946069
13,2026-10-10,3,2026-10-31,wk inc flu hosp,quantile,0.7,127.80826001819581
15,2026-10-10,3,2026-10-31,wk inc flu hosp,quantile,0.7,58.3950558259242
16,2026-10-10,3,2026-10-31,wk inc flu hosp,quantile,0.7,31.67875493406281
17,2026-10-10,3,2026-10-31,wk inc flu hosp,quantile,0.7,161.89818141081193
18,2026-10-10,3,2026-10-31,wk inc flu hosp,quantile,0.7,157.48355413384166
19,2026-10-10,3,2026-10-31,wk inc flu hosp,quantile,0.7,45.4699911869355
20,2026-10-10,3,2026-10-31,wk inc flu hosp,quantile,0.7,39.38430239314149
21,2026-10-10,3,2026-10-31,wk inc flu hosp,quantile,0.7,142.64319966278092
22,2026-10-10,3,2026-10-31,wk inc flu hosp,quantile,0.7,162.6489334624438
23,2026-10-10,3,2026-10-31,wk inc flu hosp,quantile,0.7,31.33502032681484
24,2026-10-10,3,2026-10-31,wk inc flu hosp,quantile,0.7,49.35743486155128
25,2026-10-10,3,2026-10-31,wk inc flu hosp,quantile,0.7,88.65114180178445
26,2026-10-10,3,2026-10-31,wk inc flu hosp,quantile,0.7,113.73924232769467
27,2026-10-10,3,2026-10-31,wk inc flu hosp,quantile,0.7,76.2824529405223
28,2026-10-10,3,2026-10-31,wk inc flu hosp,quantile,0.7,41.622612132382855
29,2026-10-10,3,2026-10-31,wk inc flu hosp,quantile,0.7,89.1701862150175
30,2026-10-10,3,2026-10-31,wk inc flu hosp,quantile,0.7,23.576391545702073
31,2026-10-10,3,2026-10-31,wk inc flu hosp,quantile,0.7,41.982525874041805
32,2026-10-10,3,2026-10-31,wk inc flu hosp,quantile,0.7,61.8967958768702
33,2026-10-10,3,2026-10-31,wk inc flu hosp,quantile,0.7,22.47024553916431
34,2026-10-10,3,2026-10-31,wk inc flu hosp,quantile,0.7,143.23859268789835
35,2026-10-10,3,2026-10-31,wk inc flu hosp,quantile,0.7,25.57107259611706
36,2026-10-10,3,2026-10-31,wk inc flu hosp,quantile,0.7,397.69604476978975
37,2026-10-10,3,2026-10-31,wk inc flu hosp,quantile,0.7,208.44851601028432
38,2026-10-10,3,2026-10-31,wk inc flu hosp,quantile,0.7,9.421926078858592
39,2026-10-10,3,2026-10-31,wk inc flu hosp,quantile,0.7,172.4443271393901
40,2026-10-10,3,2026-10-31,wk inc flu hosp,quantile,0.7,71.86040894711172
41,2026-10-10,3,2026-10-31,wk inc flu hosp,quantile,0.7,65.68457122170665
42,2026-10-10,3,2026-10-31,wk inc flu hosp,quantile,0.7,274.4230264149073
44,2026-10-10,3,2026-10-31,wk inc flu hosp,quantile,0.7,15.207997900992392
45,2026-10-10,3,2026-10-31,wk inc flu hosp,quantile,0.7,85.43922967743168
46,2026-10-10,3,2026-10-31,wk inc flu hosp,quantile,0.7,11.406341759275604
47,2026-10-10,3,2026-10-31,wk inc flu hosp,quantile,0.7,136.75816906474304
48,2026-10-10,3,2026-10-31,wk inc flu hosp,quantile,0.7,621.8189832959052
49,2026-10-10,3,2026-10-31,wk inc flu hosp,quantile,0.7,37.23892383179484
50,2026-10-10,3,2026-10-31,wk inc flu hosp,quantile,0.7,4.305535482714488
51,2026-10-10,3,2026-10-31,wk inc flu hosp,quantile,0.7,87.90146363886348
53,2026-10-10,3,2026-10-31,wk inc flu hosp,quantile,0.7,187.13695269219815
54,2026-10-10,3,2026-10-31,wk inc flu hosp,quantile,0.7,24.653335422799277
55,2026-10-10,3,2026-10-31,wk inc flu hosp,quantile,0.7,71.63624962629864
56,2026-10-10,3,2026-10-31,wk inc flu hosp,quantile,0.7,8.723907152428628
72,2026-10-10,3,2026-10-31,wk inc flu hosp,quantile,0.7,117.38861427729385
US,2026-10-10,3,2026-10-31,wk inc flu hosp,quantile,0.7,7474.020275452843
01,2026-10-10,0,2026-10-10,wk inc flu hosp,quantile,0.75,71.52954072874408
02,2026-10-10,0,2026-10-10,wk inc flu hosp,quantile,0.75,26.095434949665908
04,2026-10-10,0,2026-10-10,wk inc flu hosp,quantile,0.75,99.25890589520276
05,2026-10-10,0,2026-10-10,wk inc flu hosp,quantile,0.75,28.629379522978674
06,2026-10-10,0,2026-10-10,wk inc flu hosp,quantile,0.75,555.7944215627323
08,2026-10-10,0,2026-10-10,wk inc flu hosp,quantile,0.75,52.018323974121145
09,2026-10-10,0,2026-10-10,wk inc flu hosp,quantile,0.75,38.01422306313723
10,2026-10-10,0,2026-10-10,wk inc flu hosp,quantile,0.75,15.427798839397274
11,2026-10-10,0,2026-10-10,wk inc flu hosp,quantile,0.75,4.591801783377888
12,2026-10-10,0,2026-10-10,wk inc flu hosp,quantile,0.75,716.9410700359945
13,2026-10-10,0,2026-10-10,wk inc flu hosp,quantile,0.75,79.53961165754728
15,2026-10-10,0,2026-10-10,wk inc flu hosp,quantile,0.75,61.79544735805372
16,2026-10-10,0,2026-10-10,wk inc flu hosp,quantile,0.75,22.60925542143168
17,2026-10-10,0,2026-10-10,wk inc flu hosp,quantile,0.75,99.35858369900588
18,2026-10-10,0,2026-10-10,wk inc flu hosp,quantile,0.75,89.80606899625286
19,2026-10-10,0,2026-10-10,wk inc flu hosp,quantile,0.75,25.95729044031585
20,2026-10-10,0,2026-10-10,wk inc flu hosp,quantile,0.75,22.2397312615784
21,2026-10-10,0,2026-10-10,wk inc flu hosp,quantile,0.75,82.13469028360284
22,2026-10-10,0,2026-10-10,wk inc flu hosp,quantile,0.75,138.2129596342025
23,2026-10-10,0,2026-10-10,wk inc flu hosp,quantile,0.75,22.957243477536533
24,2026-10-10,0,2026-10-10,wk inc flu hosp,quantile,0.75,27.03563979955854
25,2026-10-10,0,2026-10-10,wk inc flu hosp,quantile,0.75,36.20262678156513
26,2026-10-10,0,2026-10-10,wk inc flu hosp,quantile,0.75,61.861963320728464
27,2026-10-10,0,2026-10-10,wk inc flu hosp,quantile,0.75,46.05613607537089
28,2026-10-10,0,2026-10-10,wk inc flu hosp,quantile,0.75,27.610163894833395
29,2026-10-10,0,2026-10-10,wk inc flu hosp,quantile,0.75,46.14812412566929
30,2026-10-10,0,2026-10-10,wk inc flu hosp,quantile,0.75,19.48386698176709
31,2026-10-10,0,2026-10-10,wk inc flu hosp,quantile,0.75,31.589060962135328
32,2026-10-10,0,2026-10-10,wk inc flu hosp,quantile,0.75,49.27123560672368
33,2026-10-10,0,2026-10-10,wk inc flu hosp,quantile,0.75,15.33724420653451
34,2026-10-10,0,2026-10-10,wk inc flu hosp,quantile,0.75,91.86340190501654
35,2026-10-10,0,2026-10-10,wk inc flu hosp,quantile,0.75,15.399567968340065
36,2026-10-10,0,2026-10-10,wk inc flu hosp,quantile,0.75,206.25464768701306
37,2026-10-10,0,2026-10-10,wk inc flu hosp,quantile,0.75,122.78152620220472
38,2026-10-10,0,2026-10-10,wk inc flu hosp,quantile,0.75,6.7355050493538045
39,2026-10-10,0,2026-10-10,wk inc flu hosp,quantile,0.75,113.57083298540435
40,2026-10-10,0,2026-10-10,wk inc flu hosp,quantile,0.75,42.33224468750395
41,2026-10-10,0,2026-10-10,wk inc flu hosp,quantile,0.75,45.788054853004006
42,2026-10-10,0,2026-10-10,wk inc flu hosp,quantile,0.75,186.70128172637
44,2026-10-10,0,2026-10-10,wk inc flu hosp,quantile,0.75,11.551654277895318
45,2026-10-10,0,2026-10-10,wk inc flu hosp,quantile,0.75,51.865084607096684
46,2026-10-10,0,2026-10-10,wk inc flu hosp,quantile,0.75,7.633997597176771
47,2026-10-10,0,2026-10-10,wk inc flu hosp,quantile,0.75,96.68797223300487
48,2026-10-10,0,2026-10-10,wk inc flu hosp,quantile,0.75,438.7236729620054
49,2026-10-10,0,2026-10-10,wk inc flu hosp,quantile,0.75,32.233351334783734
50,2026-10-10,0,2026-10-10,wk inc flu hosp,quantile,0.75,2.4403806394210976
51,2026-10-10,0,2026-10-10,wk inc flu hosp,quantile,0.75,51.59813839950267
53,2026-10-10,0,2026-10-10,wk inc flu hosp,quantile,0.75,164.69191874917271
54,2026-10-10,0,2026-10-10,wk inc flu hosp,quantile,0.75,12.027254779893314
55,2026-10-10,0,2026-10-10,wk inc flu hosp,quantile,0.75,42.35291730543684
56,2026-10-10,0,2026-10-10,wk inc flu hosp,quantile,0.75,6.277381126319471
72,2026-10-10,0,2026-10-10,wk inc flu hosp,quantile,0.75,103.8101286117515
US,2026-10-10,0,2026-10-10,wk inc flu hosp,quantile,0.75,4400.429311842827
01,2026-10-10,1,2026-10-17,wk inc flu hosp,quantile,0.75,89.69473645819889
02,2026-10-10,1,2026-10-17,wk inc flu hosp,quantile,0.75,26.468176784464774
04,2026-10-10,1,2026-10-17,wk inc flu hosp,quantile,0.75,129.34220877743803
05,2026-10-10,1,2026-10-17,wk inc flu hosp,quantile,0.75,35.95250649955899
06,2026-10-10,1,2026-10-17,wk inc flu hosp,quantile,0.75,655.939902948523
08,2026-10-10,1,2026-10-17,wk inc flu hosp,quantile,0.75,65.83148194299599
09,2026-10-10,1,2026-10-17,wk inc flu hosp,quantile,0.75,52.875984636622604
10,2026-10-10,1,2026-10-17,wk inc flu hosp,quantile,0.75,18.569947913042455
11,2026-10-10,1,2026-10-17,wk inc flu hosp,quantile,0.75,6.243455886976531
12,2026-10-10,1,2026-10-17,wk inc flu hosp,quantile,0.75,812.237552849035
13,2026-10-10,1,2026-10-17,wk inc flu hosp,quantile,0.75,106.67354902765382
15,2026-10-10,1,2026-10-17,wk inc flu hosp,quantile,0.75,63.65607743315424
16,2026-10-10,1,2026-10-17,wk inc flu hosp,quantile,0.75,28.3628637177516
17,2026-10-10,1,2026-10-17,wk inc flu hosp,quantile,0.75,128.88865882487949
18,2026-10-10,1,2026-10-17,wk inc flu hosp,quantile,0.75,121.29822029822343
19,2026-10-10,1,2026-10-17,wk inc flu hosp,quantile,0.75,35.06518517295452
20,2026-10-10,1,2026-10-17,wk inc flu hosp,quantile,0.75,30.73294312121563
21,2026-10-10,1,2026-10-17,wk inc flu hosp,quantile,0.75,113.87178071258683
22,2026-10-10,1,2026-10-17,wk inc flu hosp,quantile,0.75,156.92165145182946
23,2026-10-10,1,2026-10-17,wk inc flu hosp,quantile,0.75,28.56186952931549
24,2026-10-10,1,2026-10-17,wk inc flu hosp,quantile,0.75,37.148130292894216
25,2026-10-10,1,2026-10-17,wk inc flu hosp,quantile,0.75,56.70454765659628
26,2026-10-10,1,2026-10-17,wk inc flu hosp,quantile,0.75,82.63802000706544
27,2026-10-10,1,2026-10-17,wk inc flu hosp,quantile,0.75,61.1951043173465
28,2026-10-10,1,2026-10-17,wk inc flu hosp,quantile,0.75,33.98559213111311
29,2026-10-10,1,2026-10-17,wk inc flu hosp,quantile,0.75,61.95785772055585
30,2026-10-10,1,2026-10-17,wk inc flu hosp,quantile,0.75,22.234060926374926
31,2026-10-10,1,2026-10-17,wk inc flu hosp,quantile,0.75,38.284037572799775
32,2026-10-10,1,2026-10-17,wk inc flu hosp,quantile,0.75,55.98985855895104
33,2026-10-10,1,2026-10-17,wk inc flu hosp,quantile,0.75,19.78892610723862
34,2026-10-10,1,2026-10-17,wk inc flu hosp,quantile,0.75,113.82610502235825
35,2026-10-10,1,2026-10-17,wk inc flu hosp,quantile,0.75,21.20995398297479
36,2026-10-10,1,2026-10-17,wk inc flu hosp,quantile,0.75,283.40870699122377
37,2026-10-10,1,2026-10-17,wk inc flu hosp,quantile,0.75,163.2727699204785
38,2026-10-10,1,2026-10-17,wk inc flu hosp,quantile,0.75,8.594543362748738
39,2026-10-10,1,2026-10-17,wk inc flu hosp,quantile,0.75,149.04648023621777
40,2026-10-10,1,2026-10-17,wk inc flu hosp,quantile,0.75,58.50823067010199
41,2026-10-10,1,2026-10-17,wk inc flu hosp,quantile,0.75,55.54150529995895
42,2026-10-10,1,2026-10-17,wk inc flu hosp,quantile,0.75,225.57278537447252
44,2026-10-10,1,2026-10-17,wk inc flu hosp,quantile,0.75,13.907705935020186
45,2026-10-10,1,2026-10-17,wk inc flu hosp,quantile,0.75,67.5658741069169
46,2026-10-10,1,2026-10-17,wk inc flu hosp,quantile,0.75,10.149736471511698
47,2026-10-10,1,2026-10-17,wk inc flu hosp,quantile,0.75,115.4264041243431
48,2026-10-10,1,2026-10-17,wk inc flu hosp,quantile,0.75,535.3811325422009
49,2026-10-10,1,2026-10-17,wk inc flu hosp,quantile,0.75,36.514276552927385
50,2026-10-10,1,2026-10-17,wk inc flu hosp,quantile,0.75,3.4747491715430336
51,2026-10-10,1,2026-10-17,wk inc flu hosp,quantile,0.75,67.72972523853925
53,2026-10-10,1,2026-10-17,wk inc flu hosp,quantile,0.75,183.38307643099662
54,2026-10-10,1,2026-10-17,wk inc flu hosp,quantile,0.75,17.77525111981159
55,2026-10-10,1,2026-10-17,wk inc flu hosp,quantile,0.75,53.98232051582478
56,2026-10-10,1,2026-10-17,wk inc flu hosp,quantile,0.75,7.511100946069265
72,2026-10-10,1,2026-10-17,wk inc flu hosp,quantile,0.75,112.87362824815108
US,2026-10-10,1,2026-10-17,wk inc flu hosp,quantile,0.75,5615.1147545540025
01,2026-10-10,2,2026-10-24,wk inc flu hosp,quantile,0.75,105.27723234356364
02,2026-10-10,2,2026-10-24,wk inc flu hosp,quantile,0.75,26.557369198559314
04,2026-10-10,2,2026-10-24,wk inc flu hosp,quantile,0.75,154.00371015792558
05,2026-10-10,2,2026-10-24,wk inc flu hosp,quantile,0.75,42.93513655227829
06,2026-10-10,2,2026-10-24,wk inc flu hosp,quantile,0.75,754.8427896632436
08,2026-10-10,2,2026-10-24,wk inc flu hosp,quantile,0.75,79.15135482943354
09,2026-10-10,2,2026-10-24,wk inc flu hosp,quantile,0.75,66.20190221250664
10,2026-10-10,2,2026-10-24,wk inc flu hosp,quantile,0.75,20.6381434964068
11,2026-10-10,2,2026-10-24,wk inc flu hosp,quantile,0.75,8.286889847570173
12,2026-10-10,2,2026-10-24,wk inc flu hosp,quantile,0.75,876.5794421403759
13,2026-10-10,2,2026-10-24,wk inc flu hosp,quantile,0.75,128.93558557155293
15,2026-10-10,2,2026-10-24,wk inc flu hosp,quantile,0.75,63.58099605681791
16,2026-10-10,2,2026-10-24,wk inc flu hosp,quantile,0.75,32.14951021391588
17,2026-10-10,2,2026-10-24,wk inc flu hosp,quantile,0.75,160.41601640343129
18,2026-10-10,2,2026-10-24,wk inc flu hosp,quantile,0.75,151.57031197447586
19,2026-10-10,2,2026-10-24,wk inc flu hosp,quantile,0.75,44.06214598125555
20,2026-10-10,2,2026-10-24,wk inc flu hosp,quantile,0.75,38.48983041384886
21,2026-10-10,2,2026-10-24,wk inc flu hosp,quantile,0.75,135.9541345827541
22,2026-10-10,2,2026-10-24,wk inc flu hosp,quantile,0.75,168.00572890694733
23,2026-10-10,2,2026-10-24,wk inc flu hosp,quantile,0.75,32.365438238980936
24,2026-10-10,2,2026-10-24,wk inc flu hosp,quantile,0.75,47.30217346716302
25,2026-10-10,2,2026-10-24,wk inc flu hosp,quantile,0.75,77.49813002845117
26,2026-10-10,2,2026-10-24,wk inc flu hosp,quantile,0.75,107.42264739280456
27,2026-10-10,2,2026-10-24,wk inc flu hosp,quantile,0.75,76.32919378905956
28,2026-10-10,2,2026-10-24,wk inc flu hosp,quantile,0.75,40.95382787918535
29,2026-10-10,2,2026-10-24,wk inc flu hosp,quantile,0.75,81.14071212303395
30,2026-10-10,2,2026-10-24,wk inc flu hosp,quantile,0.75,24.79219763889992
31,2026-10-10,2,2026-10-24,wk inc flu hosp,quantile,0.75,42.688211644988506
32,2026-10-10,2,2026-10-24,wk inc flu hosp,quantile,0.75,62.94596651490726
33,2026-10-10,2,2026-10-24,wk inc flu hosp,quantile,0.75,22.901346894024226
34,2026-10-10,2,2026-10-24,wk inc flu hosp,quantile,0.75,136.54293927262884
35,2026-10-10,2,2026-10-24,wk inc flu hosp,quantile,0.75,25.217300218574483
36,2026-10-10,2,2026-10-24,wk inc flu hosp,quantile,0.75,362.41491115638917
37,2026-10-10,2,2026-10-24,wk inc flu hosp,quantile,0.75,201.55171008891412
38,2026-10-10,2,2026-10-24,wk inc flu hosp,quantile,0.75,9.989799167733851
39,2026-10-10,2,2026-10-24,wk inc flu hosp,quantile,0.75,174.4704430186215
40,2026-10-10,2,2026-10-24,wk inc flu hosp,quantile,0.75,72.57258656304823
41,2026-10-10,2,2026-10-24,wk inc flu hosp,quantile,0.75,65.15588374038519
42,2026-10-10,2,2026-10-24,wk inc flu hosp,quantile,0.75,262.98580136715486
44,2026-10-10,2,2026-10-24,wk inc flu hosp,quantile,0.75,15.72250011422211
45,2026-10-10,2,2026-10-24,wk inc flu hosp,quantile,0.75,82.58498537614945
46,2026-10-10,2,2026-10-24,wk inc flu hosp,quantile,0.75,12.027236553919694
47,2026-10-10,2,2026-10-24,wk inc flu hosp,quantile,0.75,135.4332930043972
48,2026-10-10,2,2026-10-24,wk inc flu hosp,quantile,0.75,612.6237919131524
49,2026-10-10,2,2026-10-24,wk inc flu hosp,quantile,0.75,39.18295638714754
50,2026-10-10,2,2026-10-24,wk inc flu hosp,quantile,0.75,4.553909234898059
51,2026-10-10,2,2026-10-24,wk inc flu hosp,quantile,0.75,85.5126811957531
53,2026-10-10,2,2026-10-24,wk inc flu hosp,quantile,0.75,195.7365188163697
54,2026-10-10,2,2026-10-24,wk inc flu hosp,quantile,0.75,23.271317089457735
55,2026-10-10,2,2026-10-24,wk inc flu hosp,quantile,0.75,68.36433213172825
56,2026-10-10,2,2026-10-24,wk inc flu hosp,quantile,0.75,8.562222939153106
72,2026-10-10,2,2026-10-24,wk inc flu hosp,quantile,0.75,121.9466913764974
US,2026-10-10,2,2026-10-24,wk inc flu hosp,quantile,0.75,6822.173144302101
01,2026-10-10,3,2026-10-31,wk inc flu hosp,quantile,0.75,114.41427546667822
02,2026-10-10,3,2026-10-31,wk inc flu hosp,quantile,0.75,26.30453548325612
04,2026-10-10,3,2026-10-31,wk inc flu hosp,quantile,0.75,168.8830127885469
05,2026-10-10,3,2026-10-31,wk inc flu hosp,quantile,0.75,49.58434740116399
06,2026-10-10,3,2026-10-31,wk inc flu hosp,quantile,0.75,824.9268270999429
08,2026-10-10,3,2026-10-31,wk inc flu hosp,quantile,0.75,90.92888511101393
09,2026-10-10,3,2026-10-31,wk inc flu hosp,quantile,0.75,77.22551372517914
10,2026-10-10,3,2026-10-31,wk inc flu hosp,quantile,0.75,23.054464091247983
11,2026-10-10,3,2026-10-31,wk inc flu hosp,quantile,0.75,9.724699545109344
12,2026-10-10,3,2026-10-31,wk inc flu hosp,quantile,0.75,938.58722054114
13,2026-10-10,3,2026-10-31,wk inc flu hosp,quantile,0.75,147.25135702933773
15,2026-10-10,3,2026-10-31,wk inc flu hosp,quantile,0.75,62.73073590245077
16,2026-10-10,3,2026-10-31,wk inc flu hosp,quantile,0.75,36.54087229789601
17,2026-10-10,3,2026-10-31,wk inc flu hosp,quantile,0.75,186.94335678950264
18,2026-10-10,3,2026-10-31,wk inc flu hosp,quantile,0.75,177.9067817414496
19,2026-10-10,3,2026-10-31,wk inc flu hosp,quantile,0.75,51.651484101018106
20,2026-10-10,3,2026-10-31,wk inc flu hosp,quantile,0.75,44.741088091371566
21,2026-10-10,3,2026-10-31,wk inc flu hosp,quantile,0.75,160.6327425848655
22,2026-10-10,3,2026-10-31,wk inc flu hosp,quantile,0.75,175.98939318503767
23,2026-10-10,3,2026-10-31,wk inc flu hosp,quantile,0.75,35.46049892476428
24,2026-10-10,3,2026-10-31,wk inc flu hosp,quantile,0.75,56.82220504991889
25,2026-10-10,3,2026-10-31,wk inc flu hosp,quantile,0.75,103.80999794881262
26,2026-10-10,3,2026-10-31,wk inc flu hosp,quantile,0.75,135.85969178021898
27,2026-10-10,3,2026-10-31,wk inc flu hosp,quantile,0.75,87.21574757638253
28,2026-10-10,3,2026-10-31,wk inc flu hosp,quantile,0.75,45.85638919006661
29,2026-10-10,3,2026-10-31,wk inc flu hosp,quantile,0.75,102.49836271560171
30,2026-10-10,3,2026-10-31,wk inc flu hosp,quantile,0.75,26.284317516462163
31,2026-10-10,3,2026-10-31,wk inc flu hosp,quantile,0.75,46.704406549989926
32,2026-10-10,3,2026-10-31,wk inc flu hosp,quantile,0.75,69.52038012903061
33,2026-10-10,3,2026-10-31,wk inc flu hosp,quantile,0.75,25.746760540156448
34,2026-10-10,3,2026-10-31,wk inc flu hosp,quantile,0.75,159.72750495720084
35,2026-10-10,3,2026-10-31,wk inc flu hosp,quantile,0.75,29.430390636162926
36,2026-10-10,3,2026-10-31,wk inc flu hosp,quantile,0.75,438.51548588824966
37,2026-10-10,3,2026-10-31,wk inc flu hosp,quantile,0.75,237.3332835492516
38,2026-10-10,3,2026-10-31,wk inc flu hosp,quantile,0.75,11.036908199445225
39,2026-10-10,3,2026-10-31,wk inc flu hosp,quantile,0.75,197.66138913976084
40,2026-10-10,3,2026-10-31,wk inc flu hosp,quantile,0.75,82.44401296406035
41,2026-10-10,3,2026-10-31,wk inc flu hosp,quantile,0.75,72.90135066287864
42,2026-10-10,3,2026-10-31,wk inc flu hosp,quantile,0.75,306.051239444619
44,2026-10-10,3,2026-10-31,wk inc flu hosp,quantile,0.75,17.30009790247397
45,2026-10-10,3,2026-10-31,wk inc flu hosp,quantile,0.75,97.32430390006428
46,2026-10-10,3,2026-10-31,wk inc flu hosp,quantile,0.75,13.031753857873417
47,2026-10-10,3,2026-10-31,wk inc flu hosp,quantile,0.75,149.77078011630638
48,2026-10-10,3,2026-10-31,wk inc flu hosp,quantile,0.75,689.0909612060211
49,2026-10-10,3,2026-10-31,wk inc flu hosp,quantile,0.75,40.879347016880324
50,2026-10-10,3,2026-10-31,wk inc flu hosp,quantile,0.75,5.326976445528584
51,2026-10-10,3,2026-10-31,wk inc flu hosp,quantile,0.75,97.85790410533507
53,2026-10-10,3,2026-10-31,wk inc flu hosp,quantile,0.75,203.43651130280037
54,2026-10-10,3,2026-10-31,wk inc flu hosp,quantile,0.75,28.978893008984016
55,2026-10-10,3,2026-10-31,wk inc flu hosp,quantile,0.75,82.12326883359331
56,2026-10-10,3,2026-10-31,wk inc flu hosp,quantile,0.75,9.99495339764205
72,2026-10-10,3,2026-10-31,wk inc flu hosp,quantile,0.75,127.57492556310702
US,2026-10-10,3,2026-10-31,wk inc flu hosp,quantile,0.75,8127.530822375861
01,2026-10-10,0,2026-10-10,wk inc flu hosp,quantile,0.8,75.24416600440398
02,2026-10-10,0,2026-10-10,wk inc flu hosp,quantile,0.8,27.765186791788615
04,2026-10-10,0,2026-10-10,wk inc flu hosp,quantile,0.8,105.45237571625806
05,2026-10-10,0,2026-10-10,wk inc flu hosp,quantile,0.8,30.903625030221388
06,2026-10-10,0,2026-10-10,wk inc flu hosp,quantile,0.8,574.8182119142566
08,2026-10-10,0,2026-10-10,wk inc flu hosp,quantile,0.8,54.52332741645616
09,2026-10-10,0,2026-10-10,wk inc flu hosp,quantile,0.8,40.017383053894584
10,2026-10-10,0,2026-10-10,wk inc flu hosp,quantile,0.8,16.617339727743673
11,2026-10-10,0,2026-10-10,wk inc flu hosp,quantile,0.8,5.132179471038095
12,2026-10-10,0,2026-10-10,wk inc flu hosp,quantile,0.8,735.6918798395357
13,2026-10-10,0,2026-10-10,wk inc flu hosp,quantile,0.8,85.38862205250386
15,2026-10-10,0,2026-10-10,wk inc flu hosp,quantile,0.8,64.21744606920744
16,2026-10-10,0,2026-10-10,wk inc flu hosp,quantile,0.8,24.330528789852792
17,2026-10-10,0,2026-10-10,wk inc flu hosp,quantile,0.8,105.41712256240497
18,2026-10-10,0,2026-10-10,wk inc flu hosp,quantile,0.8,94.88497723566097
19,2026-10-10,0,2026-10-10,wk inc flu hosp,quantile,0.8,27.806088842803963
20,2026-10-10,0,2026-10-10,wk inc flu hosp,quantile,0.8,23.805831328469967
21,2026-10-10,0,2026-10-10,wk inc flu hosp,quantile,0.8,86.04629423978007
22,2026-10-10,0,2026-10-10,wk inc flu hosp,quantile,0.8,144.71350906460043
23,2026-10-10,0,2026-10-10,wk inc flu hosp,quantile,0.8,24.587795301163947
24,2026-10-10,0,2026-10-10,wk inc flu hosp,quantile,0.8,29.230297412277082
25,2026-10-10,0,2026-10-10,wk inc flu hosp,quantile,0.8,38.89464354612423
26,2026-10-10,0,2026-10-10,wk inc flu hosp,quantile,0.8,66.10030441997856
27,2026-10-10,0,2026-10-10,wk inc flu hosp,quantile,0.8,49.71726644098192
28,2026-10-10,0,2026-10-10,wk inc flu hosp,quantile,0.8,29.67529453097362
29,2026-10-10,0,2026-10-10,wk inc flu hosp,quantile,0.8,49.8117861273066
30,2026-10-10,0,2026-10-10,wk inc flu hosp,quantile,0.8,20.980643421503935
31,2026-10-10,0,2026-10-10,wk inc flu hosp,quantile,0.8,33.518926120735316
32,2026-10-10,0,2026-10-10,wk inc flu hosp,quantile,0.8,51.747282692336405
33,2026-10-10,0,2026-10-10,wk inc flu hosp,quantile,0.8,16.366403840493117
34,2026-10-10,0,2026-10-10,wk inc flu hosp,quantile,0.8,97.64026316421393
35,2026-10-10,0,2026-10-10,wk inc flu hosp,quantile,0.8,17.050972567621812
36,2026-10-10,0,2026-10-10,wk inc flu hosp,quantile,0.8,215.00845902569026
37,2026-10-10,0,2026-10-10,wk inc flu hosp,quantile,0.8,130.09043752534126
38,2026-10-10,0,2026-10-10,wk inc flu hosp,quantile,0.8,7.547075193058812
39,2026-10-10,0,2026-10-10,wk inc flu hosp,quantile,0.8,123.91679731317606
40,2026-10-10,0,2026-10-10,wk inc flu hosp,quantile,0.8,46.076474365534615
41,2026-10-10,0,2026-10-10,wk inc flu hosp,quantile,0.8,48.47587118875984
42,2026-10-10,0,2026-10-10,wk inc flu hosp,quantile,0.8,195.1000121464892
44,2026-10-10,0,2026-10-10,wk inc flu hosp,quantile,0.8,12.520227184604451
45,2026-10-10,0,2026-10-10,wk inc flu hosp,quantile,0.8,54.79660190698215
46,2026-10-10,0,2026-10-10,wk inc flu hosp,quantile,0.8,8.389290961859388
47,2026-10-10,0,2026-10-10,wk inc flu hosp,quantile,0.8,101.63841606554175
48,2026-10-10,0,2026-10-10,wk inc flu hosp,quantile,0.8,455.02567079951035
49,2026-10-10,0,2026-10-10,wk inc flu hosp,quantile,0.8,34.22849256700228
50,2026-10-10,0,2026-10-10,wk inc flu hosp,quantile,0.8,2.854175039345405
51,2026-10-10,0,2026-10-10,wk inc flu hosp,quantile,0.8,55.28375682291267
53,2026-10-10,0,2026-10-10,wk inc flu hosp,quantile,0.8,170.33988646774557
54,2026-10-10,0,2026-10-10,wk inc flu hosp,quantile,0.8,13.550165271532437
55,2026-10-10,0,2026-10-10,wk inc flu hosp,quantile,0.8,44.96017982389276
56,2026-10-10,0,2026-10-10,wk inc flu hosp,quantile,0.8,7.0353644242033955
72,2026-10-10,0,2026-10-10,wk inc flu hosp,quantile,0.8,110.10668706414532
US,2026-10-10,0,2026-10-10,wk inc flu hosp,quantile,0.8,4535.679688058064
01,2026-10-10,1,2026-10-17,wk inc flu hosp,quantile,0.8,97.39815037182385
02,2026-10-10,1,2026-10-17,wk inc flu hosp,quantile,0.8,28.600738694380933
04,2026-10-10,1,2026-10-17,wk inc flu hosp,quantile,0.8,141.96609368567348
05,2026-10-10,1,2026-10-17,wk inc flu hosp,quantile,0.8,40.46802769755797
06,2026-10-10,1,2026-10-17,wk inc flu hosp,quantile,0.8,693.4678246205985
08,2026-10-10,1,2026-10-17,wk inc flu hosp,quantile,0.8,72.28067033932923
09,2026-10-10,1,2026-10-17,wk inc flu hosp,quantile,0.8,58.236044094343164
10,2026-10-10,1,2026-10-17,wk inc flu hosp,quantile,0.8,20.53517536512771
11,2026-10-10,1,2026-10-17,wk inc flu hosp,quantile,0.8,7.526934315924427
12,2026-10-10,1,2026-10-17,wk inc flu hosp,quantile,0.8,860.4247156707278
13,2026-10-10,1,2026-10-17,wk inc flu hosp,quantile,0.8,116.72739802155274
15,2026-10-10,1,2026-10-17,wk inc flu hosp,quantile,0.8,67.78224563965273
16,2026-10-10,1,2026-10-17,wk inc flu hosp,quantile,0.8,31.92302332338818
17,2026-10-10,1,2026-10-17,wk inc flu hosp,quantile,0.8,140.48532743149428
18,2026-10-10,1,2026-10-17,wk inc flu hosp,quantile,0.8,130.1507913687307
19,2026-10-10,1,2026-10-17,wk inc flu hosp,quantile,0.8,38.94552831036058
20,2026-10-10,1,2026-10-17,wk inc flu hosp,quantile,0.8,34.06519550176489
21,2026-10-10,1,2026-10-17,wk inc flu hosp,quantile,0.8,123.12183688526619
22,2026-10-10,1,2026-10-17,wk inc flu hosp,quantile,0.8,166.82211858491857
23,2026-10-10,1,2026-10-17,wk inc flu hosp,quantile,0.8,31.70258697842829
24,2026-10-10,1,2026-10-17,wk inc flu hosp,quantile,0.8,41.356092565863214
25,2026-10-10,1,2026-10-17,wk inc flu hosp,quantile,0.8,63.41853743933584
26,2026-10-10,1,2026-10-17,wk inc flu hosp,quantile,0.8,92.93053666126305
27,2026-10-10,1,2026-10-17,wk inc flu hosp,quantile,0.8,70.31332226875482
28,2026-10-10,1,2026-10-17,wk inc flu hosp,quantile,0.8,37.33582194821474
29,2026-10-10,1,2026-10-17,wk inc flu hosp,quantile,0.8,70.31466360242028
30,2026-10-10,1,2026-10-17,wk inc flu hosp,quantile,0.8,24.59173017249039
31,2026-10-10,1,2026-10-17,wk inc flu hosp,quantile,0.8,41.58752947841314
32,2026-10-10,1,2026-10-17,wk inc flu hosp,quantile,0.8,60.577432833203375
33,2026-10-10,1,2026-10-17,wk inc flu hosp,quantile,0.8,21.936583506595237
34,2026-10-10,1,2026-10-17,wk inc flu hosp,quantile,0.8,123.47941317724558
35,2026-10-10,1,2026-10-17,wk inc flu hosp,quantile,0.8,24.23822591026607
36,2026-10-10,1,2026-10-17,wk inc flu hosp,quantile,0.8,303.10960368891534
37,2026-10-10,1,2026-10-17,wk inc flu hosp,quantile,0.8,181.33644051059048
38,2026-10-10,1,2026-10-17,wk inc flu hosp,quantile,0.8,9.635013567497536
39,2026-10-10,1,2026-10-17,wk inc flu hosp,quantile,0.8,169.8316881589926
40,2026-10-10,1,2026-10-17,wk inc flu hosp,quantile,0.8,65.41175914113921
41,2026-10-10,1,2026-10-17,wk inc flu hosp,quantile,0.8,60.63757176875906
42,2026-10-10,1,2026-10-17,wk inc flu hosp,quantile,0.8,246.04096496246927
44,2026-10-10,1,2026-10-17,wk inc flu hosp,quantile,0.8,15.401941583417287
45,2026-10-10,1,2026-10-17,wk inc flu hosp,quantile,0.8,72.677828481895
46,2026-10-10,1,2026-10-17,wk inc flu hosp,quantile,0.8,11.366603119395814
47,2026-10-10,1,2026-10-17,wk inc flu hosp,quantile,0.8,125.14745766894369
48,2026-10-10,1,2026-10-17,wk inc flu hosp,quantile,0.8,567.4868735714009
49,2026-10-10,1,2026-10-17,wk inc flu hosp,quantile,0.8,39.624817871061246
50,2026-10-10,1,2026-10-17,wk inc flu hosp,quantile,0.8,4.133712216799399
51,2026-10-10,1,2026-10-17,wk inc flu hosp,quantile,0.8,75.30126063740012
53,2026-10-10,1,2026-10-17,wk inc flu hosp,quantile,0.8,194.9998850002009
54,2026-10-10,1,2026-10-17,wk inc flu hosp,quantile,0.8,20.592536645899806
55,2026-10-10,1,2026-10-17,wk inc flu hosp,quantile,0.8,60.18266035631756
56,2026-10-10,1,2026-10-17,wk inc flu hosp,quantile,0.8,8.6264516588629
72,2026-10-10,1,2026-10-17,wk inc flu hosp,quantile,0.8,120.38083768115602
US,2026-10-10,1,2026-10-17,wk inc flu hosp,quantile,0.8,5917.9624423025
01,2026-10-10,2,2026-10-24,wk inc flu hosp,quantile,0.8,116.19790189431959
02,2026-10-10,2,2026-10-24,wk inc flu hosp,quantile,0.8,29.26084071870509
04,2026-10-10,2,2026-10-24,wk inc flu hosp,quantile,0.8,170.63652313472406
05,2026-10-10,2,2026-10-24,wk inc flu hosp,quantile,0.8,48.33634076311025
06,2026-10-10,2,2026-10-24,wk inc flu hosp,quantile,0.8,811.268957997738
08,2026-10-10,2,2026-10-24,wk inc flu hosp,quantile,0.8,86.8765738135902
09,2026-10-10,2,2026-10-24,wk inc flu hosp,quantile,0.8,74.48098041896178
10,2026-10-10,2,2026-10-24,wk inc flu hosp,quantile,0.8,23.477742823304514
11,2026-10-10,2,2026-10-24,wk inc flu hosp,quantile,0.8,10.085489514377915
12,2026-10-10,2,2026-10-24,wk inc flu hosp,quantile,0.8,937.8693823927291
13,2026-10-10,2,2026-10-24,wk inc flu hosp,quantile,0.8,143.99618691425692
15,2026-10-10,2,2026-10-24,wk inc flu hosp,quantile,0.8,68.14113125150057
16,2026-10-10,2,2026-10-24,wk inc flu hosp,quantile,0.8,36.71569552954256
17,2026-10-10,2,2026-10-24,wk inc flu hosp,quantile,0.8,180.8008406973045
18,2026-10-10,2,2026-10-24,wk inc flu hosp,quantile,0.8,167.6901657206597
19,2026-10-10,2,2026-10-24,wk inc flu hosp,quantile,0.8,49.95896428669162
20,2026-10-10,2,2026-10-24,wk inc flu hosp,quantile,0.8,43.63024560308682
21,2026-10-10,2,2026-10-24,wk inc flu hosp,quantile,0.8,153.3040537100554
22,2026-10-10,2,2026-10-24,wk inc flu hosp,quantile,0.8,181.17557684171
23,2026-10-10,2,2026-10-24,wk inc flu hosp,quantile,0.8,36.41119016935142
24,2026-10-10,2,2026-10-24,wk inc flu hosp,quantile,0.8,56.07512371768493
25,2026-10-10,2,2026-10-24,wk inc flu hosp,quantile,0.8,90.09217009192936
26,2026-10-10,2,2026-10-24,wk inc flu hosp,quantile,0.8,121.23783965967546
27,2026-10-10,2,2026-10-24,wk inc flu hosp,quantile,0.8,86.43840118085254
28,2026-10-10,2,2026-10-24,wk inc flu hosp,quantile,0.8,45.37999775391714
29,2026-10-10,2,2026-10-24,wk inc flu hosp,quantile,0.8,93.32584237998158
30,2026-10-10,2,2026-10-24,wk inc flu hosp,quantile,0.8,28.080407480248912
31,2026-10-10,2,2026-10-24,wk inc flu hosp,quantile,0.8,47.60010466780902
32,2026-10-10,2,2026-10-24,wk inc flu hosp,quantile,0.8,69.46099447371716
33,2026-10-10,2,2026-10-24,wk inc flu hosp,quantile,0.8,26.067714822384488
34,2026-10-10,2,2026-10-24,wk inc flu hosp,quantile,0.8,155.4334804013366
35,2026-10-10,2,2026-10-24,wk inc flu hosp,quantile,0.8,28.96045487293121
36,2026-10-10,2,2026-10-24,wk inc flu hosp,quantile,0.8,399.52535086198674
37,2026-10-10,2,2026-10-24,wk inc flu hosp,quantile,0.8,227.35420563372688
38,2026-10-10,2,2026-10-24,wk inc flu hosp,quantile,0.8,11.396277015243488
39,2026-10-10,2,2026-10-24,wk inc flu hosp,quantile,0.8,202.21064810431085
40,2026-10-10,2,2026-10-24,wk inc flu hosp,quantile,0.8,81.61365054583672
41,2026-10-10,2,2026-10-24,wk inc flu hosp,quantile,0.8,73.58924146904754
42,2026-10-10,2,2026-10-24,wk inc flu hosp,quantile,0.8,293.5820803010348
44,2026-10-10,2,2026-10-24,wk inc flu hosp,quantile,0.8,17.718685672240145
45,2026-10-10,2,2026-10-24,wk inc flu hosp,quantile,0.8,92.59525491662838
46,2026-10-10,2,2026-10-24,wk inc flu hosp,quantile,0.8,13.7041681374396
47,2026-10-10,2,2026-10-24,wk inc flu hosp,quantile,0.8,150.76554292537264
48,2026-10-10,2,2026-10-24,wk inc flu hosp,quantile,0.8,663.0747800895621
49,2026-10-10,2,2026-10-24,wk inc flu hosp,quantile,0.8,42.62215549043591
50,2026-10-10,2,2026-10-24,wk inc flu hosp,quantile,0.8,5.377074376886809
51,2026-10-10,2,2026-10-24,wk inc flu hosp,quantile,0.8,94.92019933846223
53,2026-10-10,2,2026-10-24,wk inc flu hosp,quantile,0.8,212.00607656547635
54,2026-10-10,2,2026-10-24,wk inc flu hosp,quantile,0.8,27.120834965507534
55,2026-10-10,2,2026-10-24,wk inc flu hosp,quantile,0.8,78.01685230305733
56,2026-10-10,2,2026-10-24,wk inc flu hosp,quantile,0.8,9.920111658402467
72,2026-10-10,2,2026-10-24,wk inc flu hosp,quantile,0.8,130.64823047880222
US,2026-10-10,2,2026-10-24,wk inc flu hosp,quantile,0.8,7379.419127029183
01,2026-10-10,3,2026-10-31,wk inc flu hosp,quantile,0.8,128.53006580351163
02,2026-10-10,3,2026-10-31,wk inc flu hosp,quantile,0.8,29.28737282354153
04,2026-10-10,3,2026-10-31,wk inc flu hosp,quantile,0.8,191.60335214447673
05,2026-10-10,3,2026-10-31,wk inc flu hosp,quantile,0.8,57.30647897184638
06,2026-10-10,3,2026-10-31,wk inc flu hosp,quantile,0.8,901.3567353835231
08,2026-10-10,3,2026-10-31,wk inc flu hosp,quantile,0.8,101.57076546236729
09,2026-10-10,3,2026-10-31,wk inc flu hosp,quantile,0.8,88.99707973579541
10,2026-10-10,3,2026-10-31,wk inc flu hosp,quantile,0.8,25.953743125657518
11,2026-10-10,3,2026-10-31,wk inc flu hosp,quantile,0.8,11.864541619992059
12,2026-10-10,3,2026-10-31,wk inc flu hosp,quantile,0.8,1010.0748854434981
13,2026-10-10,3,2026-10-31,wk inc flu hosp,quantile,0.8,169.41745038932004
15,2026-10-10,3,2026-10-31,wk inc flu hosp,quantile,0.8,66.8919576986189
16,2026-10-10,3,2026-10-31,wk inc flu hosp,quantile,0.8,41.19810856366754
17,2026-10-10,3,2026-10-31,wk inc flu hosp,quantile,0.8,212.54402816629567
18,2026-10-10,3,2026-10-31,wk inc flu hosp,quantile,0.8,198.80458316248664
19,2026-10-10,3,2026-10-31,wk inc flu hosp,quantile,0.8,59.51175463898317
20,2026-10-10,3,2026-10-31,wk inc flu hosp,quantile,0.8,52.23014146964646
21,2026-10-10,3,2026-10-31,wk inc flu hosp,quantile,0.8,177.75859225104827
22,2026-10-10,3,2026-10-31,wk inc flu hosp,quantile,0.8,192.84651588331013
23,2026-10-10,3,2026-10-31,wk inc flu hosp,quantile,0.8,39.38659190488664
24,2026-10-10,3,2026-10-31,wk inc flu hosp,quantile,0.8,67.71181626493409
25,2026-10-10,3,2026-10-31,wk inc flu hosp,quantile,0.8,118.34050225173456
26,2026-10-10,3,2026-10-31,wk inc flu hosp,quantile,0.8,153.03733055330287
27,2026-10-10,3,2026-10-31,wk inc flu hosp,quantile,0.8,101.14777649753042
28,2026-10-10,3,2026-10-31,wk inc flu hosp,quantile,0.8,52.661935361201564
29,2026-10-10,3,2026-10-31,wk inc flu hosp,quantile,0.8,117.62711502799948
30,2026-10-10,3,2026-10-31,wk inc flu hosp,quantile,0.8,30.20487701309321
31,2026-10-10,3,2026-10-31,wk inc flu hosp,quantile,0.8,54.14023001803671
32,2026-10-10,3,2026-10-31,wk inc flu hosp,quantile,0.8,76.56791231006774
33,2026-10-10,3,2026-10-31,wk inc flu hosp,quantile,0.8,30.28127826311064
34,2026-10-10,3,2026-10-31,wk inc flu hosp,quantile,0.8,183.18645990641497
35,2026-10-10,3,2026-10-31,wk inc flu hosp,quantile,0.8,34.25315925084923
36,2026-10-10,3,2026-10-31,wk inc flu hosp,quantile,0.8,498.93473628532814
37,2026-10-10,3,2026-10-31,wk inc flu hosp,quantile,0.8,270.5771394854357
38,2026-10-10,3,2026-10-31,wk inc flu hosp,quantile,0.8,12.82561607420433
39,2026-10-10,3,2026-10-31,wk inc flu hosp,quantile,0.8,233.65234855307307
40,2026-10-10,3,2026-10-31,wk inc flu hosp,quantile,0.8,96.06992774266715
41,2026-10-10,3,2026-10-31,wk inc flu hosp,quantile,0.8,85.14384785593614
42,2026-10-10,3,2026-10-31,wk inc flu hosp,quantile,0.8,346.83946965194883
44,2026-10-10,3,2026-10-31,wk inc flu hosp,quantile,0.8,20.277884442801106
45,2026-10-10,3,2026-10-31,wk inc flu hosp,quantile,0.8,109.81518554822425
46,2026-10-10,3,2026-10-31,wk inc flu hosp,quantile,0.8,15.46235973829037
47,2026-10-10,3,2026-10-31,wk inc flu hosp,quantile,0.8,169.61727821714365
48,2026-10-10,3,2026-10-31,wk inc flu hosp,quantile,0.8,751.6147958983678
49,2026-10-10,3,2026-10-31,wk inc flu hosp,quantile,0.8,45.75110263716342
50,2026-10-10,3,2026-10-31,wk inc flu hosp,quantile,0.8,6.410621401435938
51,2026-10-10,3,2026-10-31,wk inc flu hosp,quantile,0.8,113.22342110211665
53,2026-10-10,3,2026-10-31,wk inc flu hosp,quantile,0.8,222.69920331908114
54,2026-10-10,3,2026-10-31,wk inc flu hosp,quantile,0.8,34.6451402327199
55,2026-10-10,3,2026-10-31,wk inc flu hosp,quantile,0.8,93.86727866792359
56,2026-10-10,3,2026-10-31,wk inc flu hosp,quantile,0.8,11.314626237591552
72,2026-10-10,3,2026-10-31,wk inc flu hosp,quantile,0.8,139.942430794895
US,2026-10-10,3,2026-10-31,wk inc flu hosp,quantile,0.8,8895.587160452491
01,2026-10-10,0,2026-10-10,wk inc flu hosp,quantile,0.85,80.0819361257156
02,2026-10-10,0,2026-10-10,wk inc flu hosp,quantile,0.85,29.5513451620406
04,2026-10-10,0,2026-10-10,wk inc flu hosp,quantile,0.85,113.87635524074139
05,2026-10-10,0,2026-10-10,wk inc flu hosp,quantile,0.85,33.84496939999443
06,2026-10-10,0,2026-10-10,wk inc flu hosp,quantile,0.85,595.7336473009988
08,2026-10-10,0,2026-10-10,wk inc flu hosp,quantile,0.85,58.144158224224
09,2026-10-10,0,2026-10-10,wk inc flu hosp,quantile,0.85,42.922214836973474
10,2026-10-10,0,2026-10-10,wk inc flu hosp,quantile,0.85,18.204039015883783
11,2026-10-10,0,2026-10-10,wk inc flu hosp,quantile,0.85,5.928474331526911
12,2026-10-10,0,2026-10-10,wk inc flu hosp,quantile,0.85,763.2795918210599
13,2026-10-10,0,2026-10-10,wk inc flu hosp,quantile,0.85,93.01473991893735
15,2026-10-10,0,2026-10-10,wk inc flu hosp,quantile,0.85,68.25262945626821
16,2026-10-10,0,2026-10-10,wk inc flu hosp,quantile,0.85,26.38220316193333
17,2026-10-10,0,2026-10-10,wk inc flu hosp,quantile,0.85,114.0933328885643
18,2026-10-10,0,2026-10-10,wk inc flu hosp,quantile,0.85,100.14983517585928
19,2026-10-10,0,2026-10-10,wk inc flu hosp,quantile,0.85,29.999745147642866
20,2026-10-10,0,2026-10-10,wk inc flu hosp,quantile,0.85,25.70180611119791
21,2026-10-10,0,2026-10-10,wk inc flu hosp,quantile,0.85,91.61114181876707
22,2026-10-10,0,2026-10-10,wk inc flu hosp,quantile,0.85,151.4965101174413
23,2026-10-10,0,2026-10-10,wk inc flu hosp,quantile,0.85,26.32572716813647
24,2026-10-10,0,2026-10-10,wk inc flu hosp,quantile,0.85,31.763251826669375
25,2026-10-10,0,2026-10-10,wk inc flu hosp,quantile,0.85,42.04810369855475
26,2026-10-10,0,2026-10-10,wk inc flu hosp,quantile,0.85,71.53774492822545
27,2026-10-10,0,2026-10-10,wk inc flu hosp,quantile,0.85,53.539189187406485
28,2026-10-10,0,2026-10-10,wk inc flu hosp,quantile,0.85,32.21618121283787
29,2026-10-10,0,2026-10-10,wk inc flu hosp,quantile,0.85,54.522872855511324
30,2026-10-10,0,2026-10-10,wk inc flu hosp,quantile,0.85,23.031459857651043
31,2026-10-10,0,2026-10-10,wk inc flu hosp,quantile,0.85,35.35939707266433
32,2026-10-10,0,2026-10-10,wk inc flu hosp,quantile,0.85,54.861388236635726
33,2026-10-10,0,2026-10-10,wk inc flu hosp,quantile,0.85,18.040296194921588
34,2026-10-10,0,2026-10-10,wk inc flu hosp,quantile,0.85,102.67114235671157
35,2026-10-10,0,2026-10-10,wk inc flu hosp,quantile,0.85,19.032216356565026
36,2026-10-10,0,2026-10-10,wk inc flu hosp,quantile,0.85,225.096569535536
37,2026-10-10,0,2026-10-10,wk inc flu hosp,quantile,0.85,138.06576062258065
38,2026-10-10,0,2026-10-10,wk inc flu hosp,quantile,0.85,8.498753066409373
39,2026-10-10,0,2026-10-10,wk inc flu hosp,quantile,0.85,137.1890084844312
40,2026-10-10,0,2026-10-10,wk inc flu hosp,quantile,0.85,49.77252439363017
41,2026-10-10,0,2026-10-10,wk inc flu hosp,quantile,0.85,51.613540995155155
42,2026-10-10,0,2026-10-10,wk inc flu hosp,quantile,0.85,207.64200059228205
44,2026-10-10,0,2026-10-10,wk inc flu hosp,quantile,0.85,13.703132328396885
45,2026-10-10,0,2026-10-10,wk inc flu hosp,quantile,0.85,58.84666920402736
46,2026-10-10,0,2026-10-10,wk inc flu hosp,quantile,0.85,9.40116135565448
47,2026-10-10,0,2026-10-10,wk inc flu hosp,quantile,0.85,109.10331161841195
48,2026-10-10,0,2026-10-10,wk inc flu hosp,quantile,0.85,472.06923574656275
49,2026-10-10,0,2026-10-10,wk inc flu hosp,quantile,0.85,36.82051690296479
50,2026-10-10,0,2026-10-10,wk inc flu hosp,quantile,0.85,3.329385576239202
51,2026-10-10,0,2026-10-10,wk inc flu hosp,quantile,0.85,59.67639504425973
53,2026-10-10,0,2026-10-10,wk inc flu hosp,quantile,0.85,177.06961912321214
54,2026-10-10,0,2026-10-10,wk inc flu hosp,quantile,0.85,15.40750277791053
55,2026-10-10,0,2026-10-10,wk inc flu hosp,quantile,0.85,47.9271702418899
56,2026-10-10,0,2026-10-10,wk inc flu hosp,quantile,0.85,8.082099654764388
72,2026-10-10,0,2026-10-10,wk inc flu hosp,quantile,0.85,117.1363928820201
US,2026-10-10,0,2026-10-10,wk inc flu hosp,quantile,0.85,4674.118887359693
01,2026-10-10,1,2026-10-17,wk inc flu hosp,quantile,0.85,106.44818438084211
02,2026-10-10,1,2026-10-17,wk inc flu hosp,quantile,0.85,31.58144736376509
04,2026-10-10,1,2026-10-17,wk inc flu hosp,quantile,0.85,157.60223338410455
05,2026-10-10,1,2026-10-17,wk inc flu hosp,quantile,0.85,44.74042192465178
06,2026-10-10,1,2026-10-17,wk inc flu hosp,quantile,0.85,743.1892500368297
08,2026-10-10,1,2026-10-17,wk inc flu hosp,quantile,0.85,79.17070927750522
09,2026-10-10,1,2026-10-17,wk inc flu hosp,quantile,0.85,65.2943380443888
10,2026-10-10,1,2026-10-17,wk inc flu hosp,quantile,0.85,22.76218417675493
11,2026-10-10,1,2026-10-17,wk inc flu hosp,quantile,0.85,8.915953254650896
12,2026-10-10,1,2026-10-17,wk inc flu hosp,quantile,0.85,911.3677711972103
13,2026-10-10,1,2026-10-17,wk inc flu hosp,quantile,0.85,128.35656029330042
15,2026-10-10,1,2026-10-17,wk inc flu hosp,quantile,0.85,71.90016003271566
16,2026-10-10,1,2026-10-17,wk inc flu hosp,quantile,0.85,35.06000561780886
17,2026-10-10,1,2026-10-17,wk inc flu hosp,quantile,0.85,158.0189558445501
18,2026-10-10,1,2026-10-17,wk inc flu hosp,quantile,0.85,144.1228085614724
19,2026-10-10,1,2026-10-17,wk inc flu hosp,quantile,0.85,44.13047237175194
20,2026-10-10,1,2026-10-17,wk inc flu hosp,quantile,0.85,39.13570163124654
21,2026-10-10,1,2026-10-17,wk inc flu hosp,quantile,0.85,134.26096998429145
22,2026-10-10,1,2026-10-17,wk inc flu hosp,quantile,0.85,179.35860413359015
23,2026-10-10,1,2026-10-17,wk inc flu hosp,quantile,0.85,34.72426492622181
24,2026-10-10,1,2026-10-17,wk inc flu hosp,quantile,0.85,47.56991727737883
25,2026-10-10,1,2026-10-17,wk inc flu hosp,quantile,0.85,71.1648889988709
26,2026-10-10,1,2026-10-17,wk inc flu hosp,quantile,0.85,104.95816336834822
27,2026-10-10,1,2026-10-17,wk inc flu hosp,quantile,0.85,77.73575315272004
28,2026-10-10,1,2026-10-17,wk inc flu hosp,quantile,0.85,41.63787995423127
29,2026-10-10,1,2026-10-17,wk inc flu hosp,quantile,0.85,79.94760996649876
30,2026-10-10,1,2026-10-17,wk inc flu hosp,quantile,0.85,27.887333367508095
31,2026-10-10,1,2026-10-17,wk inc flu hosp,quantile,0.85,46.2241275815552
32,2026-10-10,1,2026-10-17,wk inc flu hosp,quantile,0.85,67.18030662217828
33,2026-10-10,1,2026-10-17,wk inc flu hosp,quantile,0.85,24.867978453365183
34,2026-10-10,1,2026-10-17,wk inc flu hosp,quantile,0.85,140.6227564551887
35,2026-10-10,1,2026-10-17,wk inc flu hosp,quantile,0.85,27.505485246031604
36,2026-10-10,1,2026-10-17,wk inc flu hosp,quantile,0.85,331.2858083135711
37,2026-10-10,1,2026-10-17,wk inc flu hosp,quantile,0.85,199.1818666000083
38,2026-10-10,1,2026-10-17,wk inc flu hosp,quantile,0.85,11.063303560394845
39,2026-10-10,1,2026-10-17,wk inc flu hosp,quantile,0.85,190.35220713122297
40,2026-10-10,1,2026-10-17,wk inc flu hosp,quantile,0.85,72.40602649529725
41,2026-10-10,1,2026-10-17,wk inc flu hosp,quantile,0.85,66.96925086035074
42,2026-10-10,1,2026-10-17,wk inc flu hosp,quantile,0.85,267.50895683141397
44,2026-10-10,1,2026-10-17,wk inc flu hosp,quantile,0.85,17.28965761513327
45,2026-10-10,1,2026-10-17,wk inc flu hosp,quantile,0.85,81.74328792061073
46,2026-10-10,1,2026-10-17,wk inc flu hosp,quantile,0.85,13.121729742764977
47,2026-10-10,1,2026-10-17,wk inc flu hosp,quantile,0.85,138.02228078288246
48,2026-10-10,1,2026-10-17,wk inc flu hosp,quantile,0.85,603.7639984432719
49,2026-10-10,1,2026-10-17,wk inc flu hosp,quantile,0.85,43.60275078884848
50,2026-10-10,1,2026-10-17,wk inc flu hosp,quantile,0.85,4.903598974376812
51,2026-10-10,1,2026-10-17,wk inc flu hosp,quantile,0.85,83.94604553564702
53,2026-10-10,1,2026-10-17,wk inc flu hosp,quantile,0.85,207.7537665922171
54,2026-10-10,1,2026-10-17,wk inc flu hosp,quantile,0.85,24.052881838957727
55,2026-10-10,1,2026-10-17,wk inc flu hosp,quantile,0.85,67.38993163537288
56,2026-10-10,1,2026-10-17,wk inc flu hosp,quantile,0.85,9.870960462225836
72,2026-10-10,1,2026-10-17,wk inc flu hosp,quantile,0.85,129.66050025809503
US,2026-10-10,1,2026-10-17,wk inc flu hosp,quantile,0.85,6289.396472662443
01,2026-10-10,2,2026-10-24,wk inc flu hosp,quantile,0.85,128.1607524704024
02,2026-10-10,2,2026-10-24,wk inc flu hosp,quantile,0.85,32.64744520233516
04,2026-10-10,2,2026-10-24,wk inc flu hosp,quantile,0.85,193.36037383626692
05,2026-10-10,2,2026-10-24,wk inc flu hosp,quantile,0.85,55.95613819677131
06,2026-10-10,2,2026-10-24,wk inc flu hosp,quantile,0.85,872.7560915738912
08,2026-10-10,2,2026-10-24,wk inc flu hosp,quantile,0.85,98.07125521536013
09,2026-10-10,2,2026-10-24,wk inc flu hosp,quantile,0.85,86.4381540133625
10,2026-10-10,2,2026-10-24,wk inc flu hosp,quantile,0.85,26.807689066890926
11,2026-10-10,2,2026-10-24,wk inc flu hosp,quantile,0.85,12.142625892977444
12,2026-10-10,2,2026-10-24,wk inc flu hosp,quantile,0.85,1023.0822679019245
13,2026-10-10,2,2026-10-24,wk inc flu hosp,quantile,0.85,165.46935525539686
15,2026-10-10,2,2026-10-24,wk inc flu hosp,quantile,0.85,73.44844551311789
16,2026-10-10,2,2026-10-24,wk inc flu hosp,quantile,0.85,42.09323151968543
17,2026-10-10,2,2026-10-24,wk inc flu hosp,quantile,0.85,203.49386423249112
18,2026-10-10,2,2026-10-24,wk inc flu hosp,quantile,0.85,185.46407756544926
19,2026-10-10,2,2026-10-24,wk inc flu hosp,quantile,0.85,57.15922424406071
20,2026-10-10,2,2026-10-24,wk inc flu hosp,quantile,0.85,51.418029873181425
21,2026-10-10,2,2026-10-24,wk inc flu hosp,quantile,0.85,174.90963502006258
22,2026-10-10,2,2026-10-24,wk inc flu hosp,quantile,0.85,198.46568860519264
23,2026-10-10,2,2026-10-24,wk inc flu hosp,quantile,0.85,41.063765743584305
24,2026-10-10,2,2026-10-24,wk inc flu hosp,quantile,0.85,64.07390485244477
25,2026-10-10,2,2026-10-24,wk inc flu hosp,quantile,0.85,104.22407923573532
26,2026-10-10,2,2026-10-24,wk inc flu hosp,quantile,0.85,141.4242385497789
27,2026-10-10,2,2026-10-24,wk inc flu hosp,quantile,0.85,97.77704544187553
28,2026-10-10,2,2026-10-24,wk inc flu hosp,quantile,0.85,52.57336647622863
29,2026-10-10,2,2026-10-24,wk inc flu hosp,quantile,0.85,107.66566216237439
30,2026-10-10,2,2026-10-24,wk inc flu hosp,quantile,0.85,31.3804991017038
31,2026-10-10,2,2026-10-24,wk inc flu hosp,quantile,0.85,55.246776140022746
32,2026-10-10,2,2026-10-24,wk inc flu hosp,quantile,0.85,77.63907659906306
33,2026-10-10,2,2026-10-24,wk inc flu hosp,quantile,0.85,30.48845939935318
34,2026-10-10,2,2026-10-24,wk inc flu hosp,quantile,0.85,178.16174397757888
35,2026-10-10,2,2026-10-24,wk inc flu hosp,quantile,0.85,34.5437947333678
36,2026-10-10,2,2026-10-24,wk inc flu hosp,quantile,0.85,450.67504532445224
37,2026-10-10,2,2026-10-24,wk inc flu hosp,quantile,0.85,261.2745395508773
38,2026-10-10,2,2026-10-24,wk inc flu hosp,quantile,0.85,13.200906732121776
39,2026-10-10,2,2026-10-24,wk inc flu hosp,quantile,0.85,242.60161772340146
40,2026-10-10,2,2026-10-24,wk inc flu hosp,quantile,0.85,95.45653459976606
41,2026-10-10,2,2026-10-24,wk inc flu hosp,quantile,0.85,84.1188635091346
42,2026-10-10,2,2026-10-24,wk inc flu hosp,quantile,0.85,333.35964897105555
44,2026-10-10,2,2026-10-24,wk inc flu hosp,quantile,0.85,20.26815264833275
45,2026-10-10,2,2026-10-24,wk inc flu hosp,quantile,0.85,105.7224775720454
46,2026-10-10,2,2026-10-24,wk inc flu hosp,quantile,0.85,15.874164844603664
47,2026-10-10,2,2026-10-24,wk inc flu hosp,quantile,0.85,167.0503398153333
48,2026-10-10,2,2026-10-24,wk inc flu hosp,quantile,0.85,718.8740182061416
49,2026-10-10,2,2026-10-24,wk inc flu hosp,quantile,0.85,47.967284929440154
50,2026-10-10,2,2026-10-24,wk inc flu hosp,quantile,0.85,6.581014553245348
51,2026-10-10,2,2026-10-24,wk inc flu hosp,quantile,0.85,110.71762143745863
53,2026-10-10,2,2026-10-24,wk inc flu hosp,quantile,0.85,231.97162778292068
54,2026-10-10,2,2026-10-24,wk inc flu hosp,quantile,0.85,32.70589493381401
55,2026-10-10,2,2026-10-24,wk inc flu hosp,quantile,0.85,89.54598683591128
56,2026-10-10,2,2026-10-24,wk inc flu hosp,quantile,0.85,11.462023213024477
72,2026-10-10,2,2026-10-24,wk inc flu hosp,quantile,0.85,142.7141175728622
US,2026-10-10,2,2026-10-24,wk inc flu hosp,quantile,0.85,8046.074804909931
01,2026-10-10,3,2026-10-31,wk inc flu hosp,quantile,0.85,147.1203084896183
02,2026-10-10,3,2026-10-31,wk inc flu hosp,quantile,0.85,33.51317123548407
04,2026-10-10,3,2026-10-31,wk inc flu hosp,quantile,0.85,219.98551262706727
05,2026-10-10,3,2026-10-31,wk inc flu hosp,quantile,0.85,65.44589318367272
06,2026-10-10,3,2026-10-31,wk inc flu hosp,quantile,0.85,988.3015995499414
08,2026-10-10,3,2026-10-31,wk inc flu hosp,quantile,0.85,116.23034506357685
09,2026-10-10,3,2026-10-31,wk inc flu hosp,quantile,0.85,103.76132207674111
10,2026-10-10,3,2026-10-31,wk inc flu hosp,quantile,0.85,30.04898461226097
11,2026-10-10,3,2026-10-31,wk inc flu hosp,quantile,0.85,14.693485683911977
12,2026-10-10,3,2026-10-31,wk inc flu hosp,quantile,0.85,1105.824929391844
13,2026-10-10,3,2026-10-31,wk inc flu hosp,quantile,0.85,193.27535942688226
15,2026-10-10,3,2026-10-31,wk inc flu hosp,quantile,0.85,73.06998221288288
16,2026-10-10,3,2026-10-31,wk inc flu hosp,quantile,0.85,48.5835271930907
17,2026-10-10,3,2026-10-31,wk inc flu hosp,quantile,0.85,241.6709972300499
18,2026-10-10,3,2026-10-31,wk inc flu hosp,quantile,0.85,227.1028587100145
19,2026-10-10,3,2026-10-31,wk inc flu hosp,quantile,0.85,69.49160881706283
20,2026-10-10,3,2026-10-31,wk inc flu hosp,quantile,0.85,59.31481984702139
21,2026-10-10,3,2026-10-31,wk inc flu hosp,quantile,0.85,205.1041483072487
22,2026-10-10,3,2026-10-31,wk inc flu hosp,quantile,0.85,216.25210022254507
23,2026-10-10,3,2026-10-31,wk inc flu hosp,quantile,0.85,46.1982193216196
24,2026-10-10,3,2026-10-31,wk inc flu hosp,quantile,0.85,80.39645511851796
25,2026-10-10,3,2026-10-31,wk inc flu hosp,quantile,0.85,139.3795839546299
26,2026-10-10,3,2026-10-31,wk inc flu hosp,quantile,0.85,180.51397410463582
27,2026-10-10,3,2026-10-31,wk inc flu hosp,quantile,0.85,118.03324671209859
28,2026-10-10,3,2026-10-31,wk inc flu hosp,quantile,0.85,61.56901877708987
29,2026-10-10,3,2026-10-31,wk inc flu hosp,quantile,0.85,139.170151403243
30,2026-10-10,3,2026-10-31,wk inc flu hosp,quantile,0.85,34.449733361773326
31,2026-10-10,3,2026-10-31,wk inc flu hosp,quantile,0.85,62.690903876448395
32,2026-10-10,3,2026-10-31,wk inc flu hosp,quantile,0.85,87.2152727411428
33,2026-10-10,3,2026-10-31,wk inc flu hosp,quantile,0.85,34.87542410684463
34,2026-10-10,3,2026-10-31,wk inc flu hosp,quantile,0.85,215.70386252455114
35,2026-10-10,3,2026-10-31,wk inc flu hosp,quantile,0.85,41.06115325955472
36,2026-10-10,3,2026-10-31,wk inc flu hosp,quantile,0.85,573.4194999200707
37,2026-10-10,3,2026-10-31,wk inc flu hosp,quantile,0.85,313.3184505993515
38,2026-10-10,3,2026-10-31,wk inc flu hosp,quantile,0.85,14.850604157166567
39,2026-10-10,3,2026-10-31,wk inc flu hosp,quantile,0.85,274.857387936554
40,2026-10-10,3,2026-10-31,wk inc flu hosp,quantile,0.85,113.44196570534542
41,2026-10-10,3,2026-10-31,wk inc flu hosp,quantile,0.85,98.2371656131141
42,2026-10-10,3,2026-10-31,wk inc flu hosp,quantile,0.85,395.37698252708003
44,2026-10-10,3,2026-10-31,wk inc flu hosp,quantile,0.85,23.55951723846897
45,2026-10-10,3,2026-10-31,wk inc flu hosp,quantile,0.85,128.2957069871661
46,2026-10-10,3,2026-10-31,wk inc flu hosp,quantile,0.85,18.527559161279186
47,2026-10-10,3,2026-10-31,wk inc flu hosp,quantile,0.85,189.2687873505002
48,2026-10-10,3,2026-10-31,wk inc flu hosp,quantile,0.85,823.9384100329311
49,2026-10-10,3,2026-10-31,wk inc flu hosp,quantile,0.85,52.22684883360051
50,2026-10-10,3,2026-10-31,wk inc flu hosp,quantile,0.85,8.010502103085685
51,2026-10-10,3,2026-10-31,wk inc flu hosp,quantile,0.85,130.06192287737957
53,2026-10-10,3,2026-10-31,wk inc flu hosp,quantile,0.85,244.61037852003054
54,2026-10-10,3,2026-10-31,wk inc flu hosp,quantile,0.85,40.850926488449396
55,2026-10-10,3,2026-10-31,wk inc flu hosp,quantile,0.85,110.84091540859421
56,2026-10-10,3,2026-10-31,wk inc flu hosp,quantile,0.85,13.364030010898182
72,2026-10-10,3,2026-10-31,wk inc flu hosp,quantile,0.85,154.5620954688744
US,2026-10-10,3,2026-10-31,wk inc flu hosp,quantile,0.85,9645.875393414204
01,2026-10-10,0,2026-10-10,wk inc flu hosp,quantile,0.9,86.61042829690285
02,2026-10-10,0,2026-10-10,wk inc flu hosp,quantile,0.9,31.838291672662656
04,2026-10-10,0,2026-10-10,wk inc flu hosp,quantile,0.9,123.65996910502209
05,2026-10-10,0,2026-10-10,wk inc flu hosp,quantile,0.9,37.218569506573104
06,2026-10-10,0,2026-10-10,wk inc flu hosp,quantile,0.9,622.9712291979565
08,2026-10-10,0,2026-10-10,wk inc flu hosp,quantile,0.9,63.41181923009817
09,2026-10-10,0,2026-10-10,wk inc flu hosp,quantile,0.9,47.31261182174368
10,2026-10-10,0,2026-10-10,wk inc flu hosp,quantile,0.9,20.419832652059245
11,2026-10-10,0,2026-10-10,wk inc flu hosp,quantile,0.9,7.014676570942577
12,2026-10-10,0,2026-10-10,wk inc flu hosp,quantile,0.9,797.4945649816066
13,2026-10-10,0,2026-10-10,wk inc flu hosp,quantile,0.9,101.64345087530819
15,2026-10-10,0,2026-10-10,wk inc flu hosp,quantile,0.9,72.69350462749878
16,2026-10-10,0,2026-10-10,wk inc flu hosp,quantile,0.9,29.453208008793453
17,2026-10-10,0,2026-10-10,wk inc flu hosp,quantile,0.9,124.02875742601618
18,2026-10-10,0,2026-10-10,wk inc flu hosp,quantile,0.9,106.50383538823775
19,2026-10-10,0,2026-10-10,wk inc flu hosp,quantile,0.9,32.93987810921659
20,2026-10-10,0,2026-10-10,wk inc flu hosp,quantile,0.9,28.50700970004154
21,2026-10-10,0,2026-10-10,wk inc flu hosp,quantile,0.9,98.44784955357355
22,2026-10-10,0,2026-10-10,wk inc flu hosp,quantile,0.9,162.41746236266087
23,2026-10-10,0,2026-10-10,wk inc flu hosp,quantile,0.9,29.21672217145789
24,2026-10-10,0,2026-10-10,wk inc flu hosp,quantile,0.9,35.17795403197747
25,2026-10-10,0,2026-10-10,wk inc flu hosp,quantile,0.9,46.043277298796845
26,2026-10-10,0,2026-10-10,wk inc flu hosp,quantile,0.9,77.33303248428898
27,2026-10-10,0,2026-10-10,wk inc flu hosp,quantile,0.9,58.29607457675142
28,2026-10-10,0,2026-10-10,wk inc flu hosp,quantile,0.9,35.325235091070056
29,2026-10-10,0,2026-10-10,wk inc flu hosp,quantile,0.9,59.60552694973161
30,2026-10-10,0,2026-10-10,wk inc flu hosp,quantile,0.9,25.630946738805687
31,2026-10-10,0,2026-10-10,wk inc flu hosp,quantile,0.9,38.28913421949267
32,2026-10-10,0,2026-10-10,wk inc flu hosp,quantile,0.9,59.29254546414219
33,2026-10-10,0,2026-10-10,wk inc flu hosp,quantile,0.9,20.386892152755802
34,2026-10-10,0,2026-10-10,wk inc flu hosp,quantile,0.9,111.7221151971081
35,2026-10-10,0,2026-10-10,wk inc flu hosp,quantile,0.9,21.695323994448515
36,2026-10-10,0,2026-10-10,wk inc flu hosp,quantile,0.9,238.37117154230057
37,2026-10-10,0,2026-10-10,wk inc flu hosp,quantile,0.9,149.49106900710134
38,2026-10-10,0,2026-10-10,wk inc flu hosp,quantile,0.9,9.946514015166493
39,2026-10-10,0,2026-10-10,wk inc flu hosp,quantile,0.9,153.9925253708616
40,2026-10-10,0,2026-10-10,wk inc flu hosp,quantile,0.9,55.54895544839205
41,2026-10-10,0,2026-10-10,wk inc flu hosp,quantile,0.9,56.54055825786985
42,2026-10-10,0,2026-10-10,wk inc flu hosp,quantile,0.9,223.771116841257
44,2026-10-10,0,2026-10-10,wk inc flu hosp,quantile,0.9,15.123522904702227
45,2026-10-10,0,2026-10-10,wk inc flu hosp,quantile,0.9,63.953293976822806
46,2026-10-10,0,2026-10-10,wk inc flu hosp,quantile,0.9,10.900954245528924
47,2026-10-10,0,2026-10-10,wk inc flu hosp,quantile,0.9,116.51150661694922
48,2026-10-10,0,2026-10-10,wk inc flu hosp,quantile,0.9,493.37894247157647
49,2026-10-10,0,2026-10-10,wk inc flu hosp,quantile,0.9,39.88982665636444
50,2026-10-10,0,2026-10-10,wk inc flu hosp,quantile,0.9,3.9026851518893397
51,2026-10-10,0,2026-10-10,wk inc flu hosp,quantile,0.9,65.75359169771662
53,2026-10-10,0,2026-10-10,wk inc flu hosp,quantile,0.9,187.87588804480814
54,2026-10-10,0,2026-10-10,wk inc flu hosp,quantile,0.9,17.543746978693775
55,2026-10-10,0,2026-10-10,wk inc flu hosp,quantile,0.9,52.14404208064392
56,2026-10-10,0,2026-10-10,wk inc flu hosp,quantile,0.9,9.406499173407372
72,2026-10-10,0,2026-10-10,wk inc flu hosp,quantile,0.9,126.23613815119991
US,2026-10-10,0,2026-10-10,wk inc flu hosp,quantile,0.9,4888.583790651566
01,2026-10-10,1,2026-10-17,wk inc flu hosp,quantile,0.9,119.32636427601382
02,2026-10-10,1,2026-10-17,wk inc flu hosp,quantile,0.9,36.235493624274184
04,2026-10-10,1,2026-10-17,wk inc flu hosp,quantile,0.9,180.07858628176194
05,2026-10-10,1,2026-10-17,wk inc flu hosp,quantile,0.9,50.73637813620072
06,2026-10-10,1,2026-10-17,wk inc flu hosp,quantile,0.9,797.8449494996362
08,2026-10-10,1,2026-10-17,wk inc flu hosp,quantile,0.9,88.32952715461678
09,2026-10-10,1,2026-10-17,wk inc flu hosp,quantile,0.9,76.62579335038558
10,2026-10-10,1,2026-10-17,wk inc flu hosp,quantile,0.9,26.351699262834778
11,2026-10-10,1,2026-10-17,wk inc flu hosp,quantile,0.9,10.76686412750973
12,2026-10-10,1,2026-10-17,wk inc flu hosp,quantile,0.9,976.867007767457
13,2026-10-10,1,2026-10-17,wk inc flu hosp,quantile,0.9,147.91842754646018
15,2026-10-10,1,2026-10-17,wk inc flu hosp,quantile,0.9,78.2955601181453
16,2026-10-10,1,2026-10-17,wk inc flu hosp,quantile,0.9,40.18470882833203
17,2026-10-10,1,2026-10-17,wk inc flu hosp,quantile,0.9,181.18554328556905
18,2026-10-10,1,2026-10-17,wk inc flu hosp,quantile,0.9,158.8604497458398
19,2026-10-10,1,2026-10-17,wk inc flu hosp,quantile,0.9,50.98221412670771
20,2026-10-10,1,2026-10-17,wk inc flu hosp,quantile,0.9,45.29321729480682
21,2026-10-10,1,2026-10-17,wk inc flu hosp,quantile,0.9,152.58218578979566
22,2026-10-10,1,2026-10-17,wk inc flu hosp,quantile,0.9,196.78181477308766
23,2026-10-10,1,2026-10-17,wk inc flu hosp,quantile,0.9,39.52282797952147
24,2026-10-10,1,2026-10-17,wk inc flu hosp,quantile,0.9,54.54948923830512
25,2026-10-10,1,2026-10-17,wk inc flu hosp,quantile,0.9,81.02367894967772
26,2026-10-10,1,2026-10-17,wk inc flu hosp,quantile,0.9,120.62402244129274
27,2026-10-10,1,2026-10-17,wk inc flu hosp,quantile,0.9,89.68202548292555
28,2026-10-10,1,2026-10-17,wk inc flu hosp,quantile,0.9,46.84820327655302
29,2026-10-10,1,2026-10-17,wk inc flu hosp,quantile,0.9,94.57990549772867
30,2026-10-10,1,2026-10-17,wk inc flu hosp,quantile,0.9,31.8298519772989
31,2026-10-10,1,2026-10-17,wk inc flu hosp,quantile,0.9,52.44335176320534
32,2026-10-10,1,2026-10-17,wk inc flu hosp,quantile,0.9,75.86198122669784
33,2026-10-10,1,2026-10-17,wk inc flu hosp,quantile,0.9,28.860093383165722
34,2026-10-10,1,2026-10-17,wk inc flu hosp,quantile,0.9,158.66906020259864
35,2026-10-10,1,2026-10-17,wk inc flu hosp,quantile,0.9,32.066228460552466
36,2026-10-10,1,2026-10-17,wk inc flu hosp,quantile,0.9,369.83073460336755
37,2026-10-10,1,2026-10-17,wk inc flu hosp,quantile,0.9,225.66505927718723
38,2026-10-10,1,2026-10-17,wk inc flu hosp,quantile,0.9,13.098730711851347
39,2026-10-10,1,2026-10-17,wk inc flu hosp,quantile,0.9,226.1183749690493
40,2026-10-10,1,2026-10-17,wk inc flu hosp,quantile,0.9,86.29851319490538
41,2026-10-10,1,2026-10-17,wk inc flu hosp,quantile,0.9,75.83852834126753
42,2026-10-10,1,2026-10-17,wk inc flu hosp,quantile,0.9,296.0080899727641
44,2026-10-10,1,2026-10-17,wk inc flu hosp,quantile,0.9,20.11047058135005
45,2026-10-10,1,2026-10-17,wk inc flu hosp,quantile,0.9,91.98368826407757
46,2026-10-10,1,2026-10-17,wk inc flu hosp,quantile,0.9,15.739652452678728
47,2026-10-10,1,2026-10-17,wk inc flu hosp,quantile,0.9,153.51061021686655
48,2026-10-10,1,2026-10-17,wk inc flu hosp,quantile,0.9,650.3802759261031
49,2026-10-10,1,2026-10-17,wk inc flu hosp,quantile,0.9,48.232771369329946
50,2026-10-10,1,2026-10-17,wk inc flu hosp,quantile,0.9,5.934256694987867
51,2026-10-10,1,2026-10-17,wk inc flu hosp,quantile,0.9,98.03693640224486
53,2026-10-10,1,2026-10-17,wk inc flu hosp,quantile,0.9,228.3465100596894
54,2026-10-10,1,2026-10-17,wk inc flu hosp,quantile,0.9,30.162148159166065
55,2026-10-10,1,2026-10-17,wk inc flu hosp,quantile,0.9,77.19011716598713
56,2026-10-10,1,2026-10-17,wk inc flu hosp,quantile,0.9,11.751262416501211
72,2026-10-10,1,2026-10-17,wk inc flu hosp,quantile,0.9,142.85326658100365
US,2026-10-10,1,2026-10-17,wk inc flu hosp,quantile,0.9,6812.046941042446
01,2026-10-10,2,2026-10-24,wk inc flu hosp,quantile,0.9,148.49927248345236
02,2026-10-10,2,2026-10-24,wk inc flu hosp,quantile,0.9,36.90311392630727
04,2026-10-10,2,2026-10-24,wk inc flu hosp,quantile,0.9,223.52264193111404
05,2026-10-10,2,2026-10-24,wk inc flu hosp,quantile,0.9,67.76397611474675
06,2026-10-10,2,2026-10-24,wk inc flu hosp,quantile,0.9,971.9863071839658
08,2026-10-10,2,2026-10-24,wk inc flu hosp,quantile,0.9,112.66238860904156
09,2026-10-10,2,2026-10-24,wk inc flu hosp,quantile,0.9,99.99827366187495
10,2026-10-10,2,2026-10-24,wk inc flu hosp,quantile,0.9,31.950603632553374
11,2026-10-10,2,2026-10-24,wk inc flu hosp,quantile,0.9,14.734057925479403
12,2026-10-10,2,2026-10-24,wk inc flu hosp,quantile,0.9,1136.294242593681
13,2026-10-10,2,2026-10-24,wk inc flu hosp,quantile,0.9,194.16413264748883
15,2026-10-10,2,2026-10-24,wk inc flu hosp,quantile,0.9,80.08203275414292
16,2026-10-10,2,2026-10-24,wk inc flu hosp,quantile,0.9,50.68395936897781
17,2026-10-10,2,2026-10-24,wk inc flu hosp,quantile,0.9,236.95167881025935
18,2026-10-10,2,2026-10-24,wk inc flu hosp,quantile,0.9,216.3275878810121
19,2026-10-10,2,2026-10-24,wk inc flu hosp,quantile,0.9,67.78866806716468
20,2026-10-10,2,2026-10-24,wk inc flu hosp,quantile,0.9,59.16433941110569
21,2026-10-10,2,2026-10-24,wk inc flu hosp,quantile,0.9,206.51445677119224
22,2026-10-10,2,2026-10-24,wk inc flu hosp,quantile,0.9,220.82591723333607
23,2026-10-10,2,2026-10-24,wk inc flu hosp,quantile,0.9,49.35894396384946
24,2026-10-10,2,2026-10-24,wk inc flu hosp,quantile,0.9,78.3931923804812
25,2026-10-10,2,2026-10-24,wk inc flu hosp,quantile,0.9,123.90836983319657
26,2026-10-10,2,2026-10-24,wk inc flu hosp,quantile,0.9,170.78183326484165
27,2026-10-10,2,2026-10-24,wk inc flu hosp,quantile,0.9,118.21145393529125
28,2026-10-10,2,2026-10-24,wk inc flu hosp,quantile,0.9,60.90991988738792
29,2026-10-10,2,2026-10-24,wk inc flu hosp,quantile,0.9,131.7431574364838
30,2026-10-10,2,2026-10-24,wk inc flu hosp,quantile,0.9,36.38696002432894
31,2026-10-10,2,2026-10-24,wk inc flu hosp,quantile,0.9,66.09509141855486
32,2026-10-10,2,2026-10-24,wk inc flu hosp,quantile,0.9,89.80637058278322
33,2026-10-10,2,2026-10-24,wk inc flu hosp,quantile,0.9,35.53774828192344
34,2026-10-10,2,2026-10-24,wk inc flu hosp,quantile,0.9,209.20759637449692
35,2026-10-10,2,2026-10-24,wk inc flu hosp,quantile,0.9,42.394108854234965
36,2026-10-10,2,2026-10-24,wk inc flu hosp,quantile,0.9,523.7009170434441
37,2026-10-10,2,2026-10-24,wk inc flu hosp,quantile,0.9,303.5404261148608
38,2026-10-10,2,2026-10-24,wk inc flu hosp,quantile,0.9,15.637048127439245
39,2026-10-10,2,2026-10-24,wk inc flu hosp,quantile,0.9,289.8014729216443
40,2026-10-10,2,2026-10-24,wk inc flu hosp,quantile,0.9,111.79561769687152
41,2026-10-10,2,2026-10-24,wk inc flu hosp,quantile,0.9,96.03098716872361
42,2026-10-10,2,2026-10-24,wk inc flu hosp,quantile,0.9,381.3789485815584
44,2026-10-10,2,2026-10-24,wk inc flu hosp,quantile,0.9,24.403501665375977
45,2026-10-10,2,2026-10-24,wk inc flu hosp,quantile,0.9,125.45172490673205
46,2026-10-10,2,2026-10-24,wk inc flu hosp,quantile,0.9,19.511122106387127
47,2026-10-10,2,2026-10-24,wk inc flu hosp,quantile,0.9,193.9268886236101
48,2026-10-10,2,2026-10-24,wk inc flu hosp,quantile,0.9,799.9386697293648
49,2026-10-10,2,2026-10-24,wk inc flu hosp,quantile,0.9,56.4607151975783
50,2026-10-10,2,2026-10-24,wk inc flu hosp,quantile,0.9,8.055451255582161
51,2026-10-10,2,2026-10-24,wk inc flu hosp,quantile,0.9,129.4525488489881
53,2026-10-10,2,2026-10-24,wk inc flu hosp,quantile,0.9,258.702382650073
54,2026-10-10,2,2026-10-24,wk inc flu hosp,quantile,0.9,41.09277831496122
55,2026-10-10,2,2026-10-24,wk inc flu hosp,quantile,0.9,104.17087381788423
56,2026-10-10,2,2026-10-24,wk inc flu hosp,quantile,0.9,13.356178794917012
72,2026-10-10,2,2026-10-24,wk inc flu hosp,quantile,0.9,157.2546400489707
US,2026-10-10,2,2026-10-24,wk inc flu hosp,quantile,0.9,8760.660541346273
01,2026-10-10,3,2026-10-31,wk inc flu hosp,quantile,0.9,174.27475600296208
02,2026-10-10,3,2026-10-31,wk inc flu hosp,quantile,0.9,38.81870033281762
04,2026-10-10,3,2026-10-31,wk inc flu hosp,quantile,0.9,259.7520897177569
05,2026-10-10,3,2026-10-31,wk inc flu hosp,quantile,0.9,80.5978186433639
06,2026-10-10,3,2026-10-31,wk inc flu hosp,quantile,0.9,1114.7471484000764
08,2026-10-10,3,2026-10-31,wk inc flu hosp,quantile,0.9,138.14298216341524
09,2026-10-10,3,2026-10-31,wk inc flu hosp,quantile,0.9,121.52691789681046
10,2026-10-10,3,2026-10-31,wk inc flu hosp,quantile,0.9,35.550226746459224
11,2026-10-10,3,2026-10-31,wk inc flu hosp,quantile,0.9,18.31762693637291
12,2026-10-10,3,2026-10-31,wk inc flu hosp,quantile,0.9,1244.3320332675628
13,2026-10-10,3,2026-10-31,wk inc flu hosp,quantile,0.9,224.21355490601997
15,2026-10-10,3,2026-10-31,wk inc flu hosp,quantile,0.9,82.06897680530415
16,2026-10-10,3,2026-10-31,wk inc flu hosp,quantile,0.9,60.273159585299986
17,2026-10-10,3,2026-10-31,wk inc flu hosp,quantile,0.9,290.8907255547607
18,2026-10-10,3,2026-10-31,wk inc flu hosp,quantile,0.9,264.79635436178654
19,2026-10-10,3,2026-10-31,wk inc flu hosp,quantile,0.9,82.57433901733822
20,2026-10-10,3,2026-10-31,wk inc flu hosp,quantile,0.9,75.46568605066793
21,2026-10-10,3,2026-10-31,wk inc flu hosp,quantile,0.9,249.84985271777745
22,2026-10-10,3,2026-10-31,wk inc flu hosp,quantile,0.9,249.8670643117314
23,2026-10-10,3,2026-10-31,wk inc flu hosp,quantile,0.9,54.89245705851002
24,2026-10-10,3,2026-10-31,wk inc flu hosp,quantile,0.9,95.72560454511559
25,2026-10-10,3,2026-10-31,wk inc flu hosp,quantile,0.9,164.34716907418175
26,2026-10-10,3,2026-10-31,wk inc flu hosp,quantile,0.9,224.37353128115882
27,2026-10-10,3,2026-10-31,wk inc flu hosp,quantile,0.9,145.05530671504616
28,2026-10-10,3,2026-10-31,wk inc flu hosp,quantile,0.9,72.72794007036939
29,2026-10-10,3,2026-10-31,wk inc flu hosp,quantile,0.9,167.94195577564196
30,2026-10-10,3,2026-10-31,wk inc flu hosp,quantile,0.9,41.444922962408626
31,2026-10-10,3,2026-10-31,wk inc flu hosp,quantile,0.9,75.67702033215858
32,2026-10-10,3,2026-10-31,wk inc flu hosp,quantile,0.9,100.69045126536122
33,2026-10-10,3,2026-10-31,wk inc flu hosp,quantile,0.9,42.46703728345433
34,2026-10-10,3,2026-10-31,wk inc flu hosp,quantile,0.9,252.18929572132527
35,2026-10-10,3,2026-10-31,wk inc flu hosp,quantile,0.9,51.31548648876901
36,2026-10-10,3,2026-10-31,wk inc flu hosp,quantile,0.9,683.7701594567443
37,2026-10-10,3,2026-10-31,wk inc flu hosp,quantile,0.9,376.9200525360672
38,2026-10-10,3,2026-10-31,wk inc flu hosp,quantile,0.9,17.64323925381091
39,2026-10-10,3,2026-10-31,wk inc flu hosp,quantile,0.9,338.90716627941976
40,2026-10-10,3,2026-10-31,wk inc flu hosp,quantile,0.9,143.0548747571785
41,2026-10-10,3,2026-10-31,wk inc flu hosp,quantile,0.9,120.17557091801535
42,2026-10-10,3,2026-10-31,wk inc flu hosp,quantile,0.9,470.93660164863525
44,2026-10-10,3,2026-10-31,wk inc flu hosp,quantile,0.9,28.954429302814454
45,2026-10-10,3,2026-10-31,wk inc flu hosp,quantile,0.9,160.81141758184071
46,2026-10-10,3,2026-10-31,wk inc flu hosp,quantile,0.9,23.105097105379862
47,2026-10-10,3,2026-10-31,wk inc flu hosp,quantile,0.9,223.93390161848734
48,2026-10-10,3,2026-10-31,wk inc flu hosp,quantile,0.9,929.0422455657482
49,2026-10-10,3,2026-10-31,wk inc flu hosp,quantile,0.9,61.236548797146696
50,2026-10-10,3,2026-10-31,wk inc flu hosp,quantile,0.9,10.145005493401518
51,2026-10-10,3,2026-10-31,wk inc flu hosp,quantile,0.9,156.6131375847516
53,2026-10-10,3,2026-10-31,wk inc flu hosp,quantile,0.9,279.6720190076532
54,2026-10-10,3,2026-10-31,wk inc flu hosp,quantile,0.9,51.850841994435704
55,2026-10-10,3,2026-10-31,wk inc flu hosp,quantile,0.9,137.88360203432666
56,2026-10-10,3,2026-10-31,wk inc flu hosp,quantile,0.9,15.350593649292593
72,2026-10-10,3,2026-10-31,wk inc flu hosp,quantile,0.9,173.397326047894
US,2026-10-10,3,2026-10-31,wk inc flu hosp,quantile,0.9,10906.395542713035
01,2026-10-10,0,2026-10-10,wk inc flu hosp,quantile,0.95,95.9283481945136
02,2026-10-10,0,2026-10-10,wk inc flu hosp,quantile,0.95,37.1121777281255
04,2026-10-10,0,2026-10-10,wk inc flu hosp,quantile,0.95,139.29282393617964
05,2026-10-10,0,2026-10-10,wk inc flu hosp,quantile,0.95,43.41533611856902
06,2026-10-10,0,2026-10-10,wk inc flu hosp,quantile,0.95,664.0894058743917
08,2026-10-10,0,2026-10-10,wk inc flu hosp,quantile,0.95,69.96201034764917
09,2026-10-10,0,2026-10-10,wk inc flu hosp,quantile,0.95,53.48472735716757
10,2026-10-10,0,2026-10-10,wk inc flu hosp,quantile,0.95,24.186724192877893
11,2026-10-10,0,2026-10-10,wk inc flu hosp,quantile,0.95,8.992136906487168
12,2026-10-10,0,2026-10-10,wk inc flu hosp,quantile,0.95,849.2627256785221
13,2026-10-10,0,2026-10-10,wk inc flu hosp,quantile,0.95,115.07970379166593
15,2026-10-10,0,2026-10-10,wk inc flu hosp,quantile,0.95,79.85605583761512
16,2026-10-10,0,2026-10-10,wk inc flu hosp,quantile,0.95,34.478939425226535
17,2026-10-10,0,2026-10-10,wk inc flu hosp,quantile,0.95,139.3546967288842
18,2026-10-10,0,2026-10-10,wk inc flu hosp,quantile,0.95,118.62107340938469
19,2026-10-10,0,2026-10-10,wk inc flu hosp,quantile,0.95,37.89565455927306
20,2026-10-10,0,2026-10-10,wk inc flu hosp,quantile,0.95,33.00195993105882
21,2026-10-10,0,2026-10-10,wk inc flu hosp,quantile,0.95,109.87820497768864
22,2026-10-10,0,2026-10-10,wk inc flu hosp,quantile,0.95,175.92583002655223
23,2026-10-10,0,2026-10-10,wk inc flu hosp,quantile,0.95,33.879263412601574
24,2026-10-10,0,2026-10-10,wk inc flu hosp,quantile,0.95,41.75073112220152
25,2026-10-10,0,2026-10-10,wk inc flu hosp,quantile,0.95,52.02989973829234
26,2026-10-10,0,2026-10-10,wk inc flu hosp,quantile,0.95,88.87648251534071
27,2026-10-10,0,2026-10-10,wk inc flu hosp,quantile,0.95,67.43401214757557
28,2026-10-10,0,2026-10-10,wk inc flu hosp,quantile,0.95,40.66844411421908
29,2026-10-10,0,2026-10-10,wk inc flu hosp,quantile,0.95,68.02987194398483
30,2026-10-10,0,2026-10-10,wk inc flu hosp,quantile,0.95,29.36324869934488
31,2026-10-10,0,2026-10-10,wk inc flu hosp,quantile,0.95,43.68537200066039
32,2026-10-10,0,2026-10-10,wk inc flu hosp,quantile,0.95,66.77262775551021
33,2026-10-10,0,2026-10-10,wk inc flu hosp,quantile,0.95,23.083029570800583
34,2026-10-10,0,2026-10-10,wk inc flu hosp,quantile,0.95,129.03501393203229
35,2026-10-10,0,2026-10-10,wk inc flu hosp,quantile,0.95,25.664300030045542
36,2026-10-10,0,2026-10-10,wk inc flu hosp,quantile,0.95,257.1642742393231
37,2026-10-10,0,2026-10-10,wk inc flu hosp,quantile,0.95,168.02446602764104
38,2026-10-10,0,2026-10-10,wk inc flu hosp,quantile,0.95,12.178179742138322
39,2026-10-10,0,2026-10-10,wk inc flu hosp,quantile,0.95,177.74956233239726
40,2026-10-10,0,2026-10-10,wk inc flu hosp,quantile,0.95,63.61690633877021
41,2026-10-10,0,2026-10-10,wk inc flu hosp,quantile,0.95,62.85293708116352
42,2026-10-10,0,2026-10-10,wk inc flu hosp,quantile,0.95,245.16597895113256
44,2026-10-10,0,2026-10-10,wk inc flu hosp,quantile,0.95,17.617746320368486
45,2026-10-10,0,2026-10-10,wk inc flu hosp,quantile,0.95,73.01838831676893
46,2026-10-10,0,2026-10-10,wk inc flu hosp,quantile,0.95,13.209782072894344
47,2026-10-10,0,2026-10-10,wk inc flu hosp,quantile,0.95,130.22617913852406
48,2026-10-10,0,2026-10-10,wk inc flu hosp,quantile,0.95,534.4153827704642
49,2026-10-10,0,2026-10-10,wk inc flu hosp,quantile,0.95,44.52365359927401
50,2026-10-10,0,2026-10-10,wk inc flu hosp,quantile,0.95,5.09862649299406
51,2026-10-10,0,2026-10-10,wk inc flu hosp,quantile,0.95,74.73042249608729
53,2026-10-10,0,2026-10-10,wk inc flu hosp,quantile,0.95,203.45529489147626
54,2026-10-10,0,2026-10-10,wk inc flu hosp,quantile,0.95,21.242266739619286
55,2026-10-10,0,2026-10-10,wk inc flu hosp,quantile,0.95,58.296420675199556
56,2026-10-10,0,2026-10-10,wk inc flu hosp,quantile,0.95,11.73613723863262
72,2026-10-10,0,2026-10-10,wk inc flu hosp,quantile,0.95,141.23225596264754
US,2026-10-10,0,2026-10-10,wk inc flu hosp,quantile,0.95,5193.775987726528
01,2026-10-10,1,2026-10-17,wk inc flu hosp,quantile,0.95,141.49366998957547
02,2026-10-10,1,2026-10-17,wk inc flu hosp,quantile,0.95,42.04805442768477
04,2026-10-10,1,2026-10-17,wk inc flu hosp,quantile,0.95,210.35899436608645
05,2026-10-10,1,2026-10-17,wk inc flu hosp,quantile,0.95,62.82448916593295
06,2026-10-10,1,2026-10-17,wk inc flu hosp,quantile,0.95,890.6422274029266
08,2026-10-10,1,2026-10-17,wk inc flu hosp,quantile,0.95,101.94609510934744
09,2026-10-10,1,2026-10-17,wk inc flu hosp,quantile,0.95,90.44908553216891
10,2026-10-10,1,2026-10-17,wk inc flu hosp,quantile,0.95,32.731467402212324
11,2026-10-10,1,2026-10-17,wk inc flu hosp,quantile,0.95,14.609302583431692
12,2026-10-10,1,2026-10-17,wk inc flu hosp,quantile,0.95,1082.3105330263143
13,2026-10-10,1,2026-10-17,wk inc flu hosp,quantile,0.95,184.9703990971808
15,2026-10-10,1,2026-10-17,wk inc flu hosp,quantile,0.95,87.0091275213361
16,2026-10-10,1,2026-10-17,wk inc flu hosp,quantile,0.95,50.26025851308979
17,2026-10-10,1,2026-10-17,wk inc flu hosp,quantile,0.95,213.03874888936363
18,2026-10-10,1,2026-10-17,wk inc flu hosp,quantile,0.95,186.94575890835674
19,2026-10-10,1,2026-10-17,wk inc flu hosp,quantile,0.95,62.95741385732954
20,2026-10-10,1,2026-10-17,wk inc flu hosp,quantile,0.95,53.68581601962479
21,2026-10-10,1,2026-10-17,wk inc flu hosp,quantile,0.95,180.49482711577366
22,2026-10-10,1,2026-10-17,wk inc flu hosp,quantile,0.95,225.79019932910333
23,2026-10-10,1,2026-10-17,wk inc flu hosp,quantile,0.95,48.77539916356943
24,2026-10-10,1,2026-10-17,wk inc flu hosp,quantile,0.95,67.78568129495174
25,2026-10-10,1,2026-10-17,wk inc flu hosp,quantile,0.95,96.76494778710497
26,2026-10-10,1,2026-10-17,wk inc flu hosp,quantile,0.95,147.23624736350763
27,2026-10-10,1,2026-10-17,wk inc flu hosp,quantile,0.95,107.81947006970437
28,2026-10-10,1,2026-10-17,wk inc flu hosp,quantile,0.95,57.37088120564257
29,2026-10-10,1,2026-10-17,wk inc flu hosp,quantile,0.95,112.68539880759805
30,2026-10-10,1,2026-10-17,wk inc flu hosp,quantile,0.95,38.086075552895686
31,2026-10-10,1,2026-10-17,wk inc flu hosp,quantile,0.95,62.95282386488446
32,2026-10-10,1,2026-10-17,wk inc flu hosp,quantile,0.95,89.30435640566425
33,2026-10-10,1,2026-10-17,wk inc flu hosp,quantile,0.95,35.692165839263
34,2026-10-10,1,2026-10-17,wk inc flu hosp,quantile,0.95,187.21764514602748
35,2026-10-10,1,2026-10-17,wk inc flu hosp,quantile,0.95,40.20562966158175
36,2026-10-10,1,2026-10-17,wk inc flu hosp,quantile,0.95,423.4469562126082
37,2026-10-10,1,2026-10-17,wk inc flu hosp,quantile,0.95,268.86719417010187
38,2026-10-10,1,2026-10-17,wk inc flu hosp,quantile,0.95,16.187340949532864
39,2026-10-10,1,2026-10-17,wk inc flu hosp,quantile,0.95,276.73633195596943
40,2026-10-10,1,2026-10-17,wk inc flu hosp,quantile,0.95,104.82118432306605
41,2026-10-10,1,2026-10-17,wk inc flu hosp,quantile,0.95,90.12186590266762
42,2026-10-10,1,2026-10-17,wk inc flu hosp,quantile,0.95,353.71624683360716
44,2026-10-10,1,2026-10-17,wk inc flu hosp,quantile,0.95,24.899476988087624
45,2026-10-10,1,2026-10-17,wk inc flu hosp,quantile,0.95,115.01821418347454
46,2026-10-10,1,2026-10-17,wk inc flu hosp,quantile,0.95,19.623540312703053
47,2026-10-10,1,2026-10-17,wk inc flu hosp,quantile,0.95,179.29282201048224
48,2026-10-10,1,2026-10-17,wk inc flu hosp,quantile,0.95,735.3704467519982
49,2026-10-10,1,2026-10-17,wk inc flu hosp,quantile,0.95,57.09727155732377
50,2026-10-10,1,2026-10-17,wk inc flu hosp,quantile,0.95,8.212399284365107
51,2026-10-10,1,2026-10-17,wk inc flu hosp,quantile,0.95,118.88810961097349
53,2026-10-10,1,2026-10-17,wk inc flu hosp,quantile,0.95,254.47591900399885
54,2026-10-10,1,2026-10-17,wk inc flu hosp,quantile,0.95,37.97915687767609
55,2026-10-10,1,2026-10-17,wk inc flu hosp,quantile,0.95,91.61989352522599
56,2026-10-10,1,2026-10-17,wk inc flu hosp,quantile,0.95,15.219500135364711
72,2026-10-10,1,2026-10-17,wk inc flu hosp,quantile,0.95,162.35484108028737
US,2026-10-10,1,2026-10-17,wk inc flu hosp,quantile,0.95,7395.030250131132
01,2026-10-10,2,2026-10-24,wk inc flu hosp,quantile,0.95,181.09472922687243
02,2026-10-10,2,2026-10-24,wk inc flu hosp,quantile,0.95,44.47772522634018
04,2026-10-10,2,2026-10-24,wk inc flu hosp,quantile,0.95,271.0629215975557
05,2026-10-10,2,2026-10-24,wk inc flu hosp,quantile,0.95,87.5547471715457
06,2026-10-10,2,2026-10-24,wk inc flu hosp,quantile,0.95,1113.6077220992145
08,2026-10-10,2,2026-10-24,wk inc flu hosp,quantile,0.95,139.56066414376755
09,2026-10-10,2,2026-10-24,wk inc flu hosp,quantile,0.95,126.86466713354217
10,2026-10-10,2,2026-10-24,wk inc flu hosp,quantile,0.95,39.75622173059725
11,2026-10-10,2,2026-10-24,wk inc flu hosp,quantile,0.95,19.257477811974447
12,2026-10-10,2,2026-10-24,wk inc flu hosp,quantile,0.95,1279.9141590099537
13,2026-10-10,2,2026-10-24,wk inc flu hosp,quantile,0.95,237.11529606290725
15,2026-10-10,2,2026-10-24,wk inc flu hosp,quantile,0.95,93.01701099848886
16,2026-10-10,2,2026-10-24,wk inc flu hosp,quantile,0.95,64.62432680226863
17,2026-10-10,2,2026-10-24,wk inc flu hosp,quantile,0.95,299.9013054077809
18,2026-10-10,2,2026-10-24,wk inc flu hosp,quantile,0.95,257.99098526233166
19,2026-10-10,2,2026-10-24,wk inc flu hosp,quantile,0.95,85.25141553536419
20,2026-10-10,2,2026-10-24,wk inc flu hosp,quantile,0.95,73.93932754227046
21,2026-10-10,2,2026-10-24,wk inc flu hosp,quantile,0.95,247.15247430323777
22,2026-10-10,2,2026-10-24,wk inc flu hosp,quantile,0.95,266.8032338291824
23,2026-10-10,2,2026-10-24,wk inc flu hosp,quantile,0.95,62.9085579623189
24,2026-10-10,2,2026-10-24,wk inc flu hosp,quantile,0.95,97.43178834685804
25,2026-10-10,2,2026-10-24,wk inc flu hosp,quantile,0.95,153.35089471566428
26,2026-10-10,2,2026-10-24,wk inc flu hosp,quantile,0.95,215.16928852985166
27,2026-10-10,2,2026-10-24,wk inc flu hosp,quantile,0.95,147.44246096428108
28,2026-10-10,2,2026-10-24,wk inc flu hosp,quantile,0.95,74.86365325596148
29,2026-10-10,2,2026-10-24,wk inc flu hosp,quantile,0.95,162.4908190153965
30,2026-10-10,2,2026-10-24,wk inc flu hosp,quantile,0.95,46.13764207157512
31,2026-10-10,2,2026-10-24,wk inc flu hosp,quantile,0.95,81.83215753846584
32,2026-10-10,2,2026-10-24,wk inc flu hosp,quantile,0.95,110.22547790432262
33,2026-10-10,2,2026-10-24,wk inc flu hosp,quantile,0.95,45.043670115874164
34,2026-10-10,2,2026-10-24,wk inc flu hosp,quantile,0.95,262.0773170052029
35,2026-10-10,2,2026-10-24,wk inc flu hosp,quantile,0.95,54.76677432046592
36,2026-10-10,2,2026-10-24,wk inc flu hosp,quantile,0.95,623.9897237434103
37,2026-10-10,2,2026-10-24,wk inc flu hosp,quantile,0.95,381.76602550283343
38,2026-10-10,2,2026-10-24,wk inc flu hosp,quantile,0.95,19.379566700896895
39,2026-10-10,2,2026-10-24,wk inc flu hosp,quantile,0.95,378.5697018706135
40,2026-10-10,2,2026-10-24,wk inc flu hosp,quantile,0.95,145.25394734329194
41,2026-10-10,2,2026-10-24,wk inc flu hosp,quantile,0.95,118.63590027828883
42,2026-10-10,2,2026-10-24,wk inc flu hosp,quantile,0.95,474.33594185176077
44,2026-10-10,2,2026-10-24,wk inc flu hosp,quantile,0.95,31.989858523419933
45,2026-10-10,2,2026-10-24,wk inc flu hosp,quantile,0.95,158.5752112019289
46,2026-10-10,2,2026-10-24,wk inc flu hosp,quantile,0.95,25.266711615295335
47,2026-10-10,2,2026-10-24,wk inc flu hosp,quantile,0.95,231.14656865656468
48,2026-10-10,2,2026-10-24,wk inc flu hosp,quantile,0.95,922.0429847318704
49,2026-10-10,2,2026-10-24,wk inc flu hosp,quantile,0.95,67.30537977095919
50,2026-10-10,2,2026-10-24,wk inc flu hosp,quantile,0.95,10.81890034912243
51,2026-10-10,2,2026-10-24,wk inc flu hosp,quantile,0.95,164.29326658398392
53,2026-10-10,2,2026-10-24,wk inc flu hosp,quantile,0.95,307.7964534558236
54,2026-10-10,2,2026-10-24,wk inc flu hosp,quantile,0.95,56.009476676833586
55,2026-10-10,2,2026-10-24,wk inc flu hosp,quantile,0.95,135.39441914993435
56,2026-10-10,2,2026-10-24,wk inc flu hosp,quantile,0.95,17.784091381258634
72,2026-10-10,2,2026-10-24,wk inc flu hosp,quantile,0.95,181.3239575992987
US,2026-10-10,2,2026-10-24,wk inc flu hosp,quantile,0.95,9968.280552308639
01,2026-10-10,3,2026-10-31,wk inc flu hosp,quantile,0.95,218.10250307555185
02,2026-10-10,3,2026-10-31,wk inc flu hosp,quantile,0.95,47.21118391385644
04,2026-10-10,3,2026-10-31,wk inc flu hosp,quantile,0.95,337.35378292470205
05,2026-10-10,3,2026-10-31,wk inc flu hosp,quantile,0.95,104.53947065642384
06,2026-10-10,3,2026-10-31,wk inc flu hosp,quantile,0.95,1304.068550901485
08,2026-10-10,3,2026-10-31,wk inc flu hosp,quantile,0.95,171.94387998936995
09,2026-10-10,3,2026-10-31,wk inc flu hosp,quantile,0.95,153.55459398256434
10,2026-10-10,3,2026-10-31,wk inc flu hosp,quantile,0.95,46.04530483530856
11,2026-10-10,3,2026-10-31,wk inc flu hosp,quantile,0.95,23.927585305717457
12,2026-10-10,3,2026-10-31,wk inc flu hosp,quantile,0.95,1460.5261048241496
13,2026-10-10,3,2026-10-31,wk inc flu hosp,quantile,0.95,283.6403511545832
15,2026-10-10,3,2026-10-31,wk inc flu hosp,quantile,0.95,98.0949905872223
16,2026-10-10,3,2026-10-31,wk inc flu hosp,quantile,0.95,75.92146994137964
17,2026-10-10,3,2026-10-31,wk inc flu hosp,quantile,0.95,375.45670514364497
18,2026-10-10,3,2026-10-31,wk inc flu hosp,quantile,0.95,346.42685475387117
19,2026-10-10,3,2026-10-31,wk inc flu hosp,quantile,0.95,107.04506105204169
20,2026-10-10,3,2026-10-31,wk inc flu hosp,quantile,0.95,100.24120231208045
21,2026-10-10,3,2026-10-31,wk inc flu hosp,quantile,0.95,303.1261045022981
22,2026-10-10,3,2026-10-31,wk inc flu hosp,quantile,0.95,297.2186427094278
23,2026-10-10,3,2026-10-31,wk inc flu hosp,quantile,0.95,69.36601658923325
24,2026-10-10,3,2026-10-31,wk inc flu hosp,quantile,0.95,128.20068497904575
25,2026-10-10,3,2026-10-31,wk inc flu hosp,quantile,0.95,219.1008920379575
26,2026-10-10,3,2026-10-31,wk inc flu hosp,quantile,0.95,283.47381483185956
27,2026-10-10,3,2026-10-31,wk inc flu hosp,quantile,0.95,185.06574249855646
28,2026-10-10,3,2026-10-31,wk inc flu hosp,quantile,0.95,91.14099537542701
29,2026-10-10,3,2026-10-31,wk inc flu hosp,quantile,0.95,219.00485326845572
30,2026-10-10,3,2026-10-31,wk inc flu hosp,quantile,0.95,52.012869261826594
31,2026-10-10,3,2026-10-31,wk inc flu hosp,quantile,0.95,97.22348591188342
32,2026-10-10,3,2026-10-31,wk inc flu hosp,quantile,0.95,125.235137062953
33,2026-10-10,3,2026-10-31,wk inc flu hosp,quantile,0.95,53.02468268669636
34,2026-10-10,3,2026-10-31,wk inc flu hosp,quantile,0.95,331.75300883899655
35,2026-10-10,3,2026-10-31,wk inc flu hosp,quantile,0.95,69.9026343202489
36,2026-10-10,3,2026-10-31,wk inc flu hosp,quantile,0.95,862.5404474020255
37,2026-10-10,3,2026-10-31,wk inc flu hosp,quantile,0.95,483.2826644822118
38,2026-10-10,3,2026-10-31,wk inc flu hosp,quantile,0.95,22.81032468669808
39,2026-10-10,3,2026-10-31,wk inc flu hosp,quantile,0.95,447.9552249290564
40,2026-10-10,3,2026-10-31,wk inc flu hosp,quantile,0.95,184.4205381402721
41,2026-10-10,3,2026-10-31,wk inc flu hosp,quantile,0.95,154.9213661678454
42,2026-10-10,3,2026-10-31,wk inc flu hosp,quantile,0.95,571.3143666233923
44,2026-10-10,3,2026-10-31,wk inc flu hosp,quantile,0.95,38.84088006837901
45,2026-10-10,3,2026-10-31,wk inc flu hosp,quantile,0.95,197.6651621070585
46,2026-10-10,3,2026-10-31,wk inc flu hosp,quantile,0.95,30.947861069890802
47,2026-10-10,3,2026-10-31,wk inc flu hosp,quantile,0.95,282.342549499461
48,2026-10-10,3,2026-10-31,wk inc flu hosp,quantile,0.95,1116.8835530805736
49,2026-10-10,3,2026-10-31,wk inc flu hosp,quantile,0.95,74.9545004465152
50,2026-10-10,3,2026-10-31,wk inc flu hosp,quantile,0.95,13.940970857776463
51,2026-10-10,3,2026-10-31,wk inc flu hosp,quantile,0.95,199.73203008522327
53,2026-10-10,3,2026-10-31,wk inc flu hosp,quantile,0.95,338.25661161994384
54,2026-10-10,3,2026-10-31,wk inc flu hosp,quantile,0.95,72.70618900082005
55,2026-10-10,3,2026-10-31,wk inc flu hosp,quantile,0.95,185.44114793692017
56,2026-10-10,3,2026-10-31,wk inc flu hosp,quantile,0.95,20.683405515961404
72,2026-10-10,3,2026-10-31,wk inc flu hosp,quantile,0.95,200.37149960120158
US,2026-10-10,3,2026-10-31,wk inc flu hosp,quantile,0.95,12951.16255912227
01,2026-10-10,0,2026-10-10,wk inc flu hosp,quantile,0.975,104.17082831969378
02,2026-10-10,0,2026-10-10,wk inc flu hosp,quantile,0.975,40.26759118778925
04,2026-10-10,0,2026-10-10,wk inc flu hosp,quantile,0.975,152.2143999230494
05,2026-10-10,0,2026-10-10,wk inc flu hosp,quantile,0.975,49.779868382686416
06,2026-10-10,0,2026-10-10,wk inc flu hosp,quantile,0.975,702.1116748700108
08,2026-10-10,0,2026-10-10,wk inc flu hosp,quantile,0.975,79.96567612398738
09,2026-10-10,0,2026-10-10,wk inc flu hosp,quantile,0.975,60.707111612059165
10,2026-10-10,0,2026-10-10,wk inc flu hosp,quantile,0.975,27.239989094666083
11,2026-10-10,0,2026-10-10,wk inc flu hosp,quantile,0.975,11.11098411112437
12,2026-10-10,0,2026-10-10,wk inc flu hosp,quantile,0.975,898.0465552460936
13,2026-10-10,0,2026-10-10,wk inc flu hosp,quantile,0.975,128.51578207204244
15,2026-10-10,0,2026-10-10,wk inc flu hosp,quantile,0.975,86.9045427212772
16,2026-10-10,0,2026-10-10,wk inc flu hosp,quantile,0.975,39.271333730709856
17,2026-10-10,0,2026-10-10,wk inc flu hosp,quantile,0.975,152.0436943764262
18,2026-10-10,0,2026-10-10,wk inc flu hosp,quantile,0.975,126.4492455100146
19,2026-10-10,0,2026-10-10,wk inc flu hosp,quantile,0.975,42.110959498197644
20,2026-10-10,0,2026-10-10,wk inc flu hosp,quantile,0.975,36.02617538315278
21,2026-10-10,0,2026-10-10,wk inc flu hosp,quantile,0.975,121.11518922337495
22,2026-10-10,0,2026-10-10,wk inc flu hosp,quantile,0.975,190.34742186120764
23,2026-10-10,0,2026-10-10,wk inc flu hosp,quantile,0.975,37.5482499254533
24,2026-10-10,0,2026-10-10,wk inc flu hosp,quantile,0.975,45.92610555104362
25,2026-10-10,0,2026-10-10,wk inc flu hosp,quantile,0.975,57.600312795258986
26,2026-10-10,0,2026-10-10,wk inc flu hosp,quantile,0.975,98.31518458386671
27,2026-10-10,0,2026-10-10,wk inc flu hosp,quantile,0.975,77.66275000055597
28,2026-10-10,0,2026-10-10,wk inc flu hosp,quantile,0.975,45.34016406923316
29,2026-10-10,0,2026-10-10,wk inc flu hosp,quantile,0.975,76.00846057106098
30,2026-10-10,0,2026-10-10,wk inc flu hosp,quantile,0.975,32.22784368129208
31,2026-10-10,0,2026-10-10,wk inc flu hosp,quantile,0.975,47.77639700969547
32,2026-10-10,0,2026-10-10,wk inc flu hosp,quantile,0.975,73.03180487436147
33,2026-10-10,0,2026-10-10,wk inc flu hosp,quantile,0.975,25.306615701315383
34,2026-10-10,0,2026-10-10,wk inc flu hosp,quantile,0.975,139.7895532336531
35,2026-10-10,0,2026-10-10,wk inc flu hosp,quantile,0.975,28.84272151015359
36,2026-10-10,0,2026-10-10,wk inc flu hosp,quantile,0.975,274.46452870157407
37,2026-10-10,0,2026-10-10,wk inc flu hosp,quantile,0.975,183.67318177440666
38,2026-10-10,0,2026-10-10,wk inc flu hosp,quantile,0.975,13.728877113120683
39,2026-10-10,0,2026-10-10,wk inc flu hosp,quantile,0.975,203.0749612830725
40,2026-10-10,0,2026-10-10,wk inc flu hosp,quantile,0.975,71.95280572058464
41,2026-10-10,0,2026-10-10,wk inc flu hosp,quantile,0.975,68.40733099511337
42,2026-10-10,0,2026-10-10,wk inc flu hosp,quantile,0.975,275.89594842945075
44,2026-10-10,0,2026-10-10,wk inc flu hosp,quantile,0.975,20.046931836347593
45,2026-10-10,0,2026-10-10,wk inc flu hosp,quantile,0.975,81.28100655785492
46,2026-10-10,0,2026-10-10,wk inc flu hosp,quantile,0.975,15.35409093209492
47,2026-10-10,0,2026-10-10,wk inc flu hosp,quantile,0.975,141.1912913900879
48,2026-10-10,0,2026-10-10,wk inc flu hosp,quantile,0.975,562.826701930229
49,2026-10-10,0,2026-10-10,wk inc flu hosp,quantile,0.975,48.40932724481764
50,2026-10-10,0,2026-10-10,wk inc flu hosp,quantile,0.975,6.149160832662786
51,2026-10-10,0,2026-10-10,wk inc flu hosp,quantile,0.975,82.53701029417303
53,2026-10-10,0,2026-10-10,wk inc flu hosp,quantile,0.975,214.74442979155268
54,2026-10-10,0,2026-10-10,wk inc flu hosp,quantile,0.975,24.658119102455565
55,2026-10-10,0,2026-10-10,wk inc flu hosp,quantile,0.975,65.44150208822097
56,2026-10-10,0,2026-10-10,wk inc flu hosp,quantile,0.975,14.482446742377512
72,2026-10-10,0,2026-10-10,wk inc flu hosp,quantile,0.975,153.55672695687667
US,2026-10-10,0,2026-10-10,wk inc flu hosp,quantile,0.975,5458.120343528312
01,2026-10-10,1,2026-10-17,wk inc flu hosp,quantile,0.975,157.99821960578967
02,2026-10-10,1,2026-10-17,wk inc flu hosp,quantile,0.975,48.68435896082117
04,2026-10-10,1,2026-10-17,wk inc flu hosp,quantile,0.975,244.5272267976331
05,2026-10-10,1,2026-10-17,wk inc flu hosp,quantile,0.975,76.35510030436943
06,2026-10-10,1,2026-10-17,wk inc flu hosp,quantile,0.975,981.8439798128098
08,2026-10-10,1,2026-10-17,wk inc flu hosp,quantile,0.975,116.13832594959989
09,2026-10-10,1,2026-10-17,wk inc flu hosp,quantile,0.975,103.76752864298207
10,2026-10-10,1,2026-10-17,wk inc flu hosp,quantile,0.975,41.59158412172725
11,2026-10-10,1,2026-10-17,wk inc flu hosp,quantile,0.975,18.538891129245194
12,2026-10-10,1,2026-10-17,wk inc flu hosp,quantile,0.975,1193.5567620556124
13,2026-10-10,1,2026-10-17,wk inc flu hosp,quantile,0.975,211.140878335502
15,2026-10-10,1,2026-10-17,wk inc flu hosp,quantile,0.975,96.72449766050627
16,2026-10-10,1,2026-10-17,wk inc flu hosp,quantile,0.975,60.11335752882091
17,2026-10-10,1,2026-10-17,wk inc flu hosp,quantile,0.975,256.53812494323137
18,2026-10-10,1,2026-10-17,wk inc flu hosp,quantile,0.975,212.70240047131438
19,2026-10-10,1,2026-10-17,wk inc flu hosp,quantile,0.975,71.83955786120968
20,2026-10-10,1,2026-10-17,wk inc flu hosp,quantile,0.975,60.71372187606097
21,2026-10-10,1,2026-10-17,wk inc flu hosp,quantile,0.975,203.68273361704823
22,2026-10-10,1,2026-10-17,wk inc flu hosp,quantile,0.975,258.4712751068855
23,2026-10-10,1,2026-10-17,wk inc flu hosp,quantile,0.975,57.65066152999731
24,2026-10-10,1,2026-10-17,wk inc flu hosp,quantile,0.975,81.77846723960478
25,2026-10-10,1,2026-10-17,wk inc flu hosp,quantile,0.975,114.01147667009826
26,2026-10-10,1,2026-10-17,wk inc flu hosp,quantile,0.975,169.20336093791823
27,2026-10-10,1,2026-10-17,wk inc flu hosp,quantile,0.975,126.23104609686393
28,2026-10-10,1,2026-10-17,wk inc flu hosp,quantile,0.975,68.48813248245162
29,2026-10-10,1,2026-10-17,wk inc flu hosp,quantile,0.975,132.9889466573691
30,2026-10-10,1,2026-10-17,wk inc flu hosp,quantile,0.975,45.353647549852866
31,2026-10-10,1,2026-10-17,wk inc flu hosp,quantile,0.975,76.09046476694087
32,2026-10-10,1,2026-10-17,wk inc flu hosp,quantile,0.975,103.95016121341018
33,2026-10-10,1,2026-10-17,wk inc flu hosp,quantile,0.975,42.67741044898878
34,2026-10-10,1,2026-10-17,wk inc flu hosp,quantile,0.975,216.03308781517285
35,2026-10-10,1,2026-10-17,wk inc flu hosp,quantile,0.975,46.08071858893201
36,2026-10-10,1,2026-10-17,wk inc flu hosp,quantile,0.975,472.47502459261807
37,2026-10-10,1,2026-10-17,wk inc flu hosp,quantile,0.975,308.82695017819145
38,2026-10-10,1,2026-10-17,wk inc flu hosp,quantile,0.975,18.75388755847692
39,2026-10-10,1,2026-10-17,wk inc flu hosp,quantile,0.975,327.2980256680262
40,2026-10-10,1,2026-10-17,wk inc flu hosp,quantile,0.975,126.11293865265732
41,2026-10-10,1,2026-10-17,wk inc flu hosp,quantile,0.975,101.7238555262108
42,2026-10-10,1,2026-10-17,wk inc flu hosp,quantile,0.975,414.69775369041696
44,2026-10-10,1,2026-10-17,wk inc flu hosp,quantile,0.975,28.632249068376108
45,2026-10-10,1,2026-10-17,wk inc flu hosp,quantile,0.975,133.5971949301251
46,2026-10-10,1,2026-10-17,wk inc flu hosp,quantile,0.975,23.278882640687698
47,2026-10-10,1,2026-10-17,wk inc flu hosp,quantile,0.975,208.10577666097004
48,2026-10-10,1,2026-10-17,wk inc flu hosp,quantile,0.975,819.8341413092785
49,2026-10-10,1,2026-10-17,wk inc flu hosp,quantile,0.975,64.7944996167465
50,2026-10-10,1,2026-10-17,wk inc flu hosp,quantile,0.975,10.11153754568293
51,2026-10-10,1,2026-10-17,wk inc flu hosp,quantile,0.975,138.6658818364291
53,2026-10-10,1,2026-10-17,wk inc flu hosp,quantile,0.975,282.14701234340043
54,2026-10-10,1,2026-10-17,wk inc flu hosp,quantile,0.975,44.741702035313125
55,2026-10-10,1,2026-10-17,wk inc flu hosp,quantile,0.975,104.81432169919947
56,2026-10-10,1,2026-10-17,wk inc flu hosp,quantile,0.975,18.18780126544326
72,2026-10-10,1,2026-10-17,wk inc flu hosp,quantile,0.975,183.67927498964866
US,2026-10-10,1,2026-10-17,wk inc flu hosp,quantile,0.975,8008.424151402234
01,2026-10-10,2,2026-10-24,wk inc flu hosp,quantile,0.975,212.6830150302782
02,2026-10-10,2,2026-10-24,wk inc flu hosp,quantile,0.975,51.55661520446467
04,2026-10-10,2,2026-10-24,wk inc flu hosp,quantile,0.975,311.69986076845026
05,2026-10-10,2,2026-10-24,wk inc flu hosp,quantile,0.975,103.48054140610611
06,2026-10-10,2,2026-10-24,wk inc flu hosp,quantile,0.975,1275.9847956112037
08,2026-10-10,2,2026-10-24,wk inc flu hosp,quantile,0.975,158.66357806475474
09,2026-10-10,2,2026-10-24,wk inc flu hosp,quantile,0.975,147.05945006411358
10,2026-10-10,2,2026-10-24,wk inc flu hosp,quantile,0.975,48.32752265841841
11,2026-10-10,2,2026-10-24,wk inc flu hosp,quantile,0.975,23.929497144748414
12,2026-10-10,2,2026-10-24,wk inc flu hosp,quantile,0.975,1448.1533321834438
13,2026-10-10,2,2026-10-24,wk inc flu hosp,quantile,0.975,290.9452681728315
15,2026-10-10,2,2026-10-24,wk inc flu hosp,quantile,0.975,105.31382781072226
16,2026-10-10,2,2026-10-24,wk inc flu hosp,quantile,0.975,77.93426613151227
17,2026-10-10,2,2026-10-24,wk inc flu hosp,quantile,0.975,371.6290030188537
18,2026-10-10,2,2026-10-24,wk inc flu hosp,quantile,0.975,311.6591841850578
19,2026-10-10,2,2026-10-24,wk inc flu hosp,quantile,0.975,99.75981577052256
20,2026-10-10,2,2026-10-24,wk inc flu hosp,quantile,0.975,88.68833388128469
21,2026-10-10,2,2026-10-24,wk inc flu hosp,quantile,0.975,295.33663532870645
22,2026-10-10,2,2026-10-24,wk inc flu hosp,quantile,0.975,313.66786911571495
23,2026-10-10,2,2026-10-24,wk inc flu hosp,quantile,0.975,75.21853965727226
24,2026-10-10,2,2026-10-24,wk inc flu hosp,quantile,0.975,120.63961222498622
25,2026-10-10,2,2026-10-24,wk inc flu hosp,quantile,0.975,183.44288845511076
26,2026-10-10,2,2026-10-24,wk inc flu hosp,quantile,0.975,250.56839822902822
27,2026-10-10,2,2026-10-24,wk inc flu hosp,quantile,0.975,173.9906829798188
28,2026-10-10,2,2026-10-24,wk inc flu hosp,quantile,0.975,87.35748000960467
29,2026-10-10,2,2026-10-24,wk inc flu hosp,quantile,0.975,205.29673154473127
30,2026-10-10,2,2026-10-24,wk inc flu hosp,quantile,0.975,57.80551270566362
31,2026-10-10,2,2026-10-24,wk inc flu hosp,quantile,0.975,94.6446808051443
32,2026-10-10,2,2026-10-24,wk inc flu hosp,quantile,0.975,127.77858556794368
33,2026-10-10,2,2026-10-24,wk inc flu hosp,quantile,0.975,57.411022364376116
34,2026-10-10,2,2026-10-24,wk inc flu hosp,quantile,0.975,304.27769049062977
35,2026-10-10,2,2026-10-24,wk inc flu hosp,quantile,0.975,66.07731114247937
36,2026-10-10,2,2026-10-24,wk inc flu hosp,quantile,0.975,720.7056552924442
37,2026-10-10,2,2026-10-24,wk inc flu hosp,quantile,0.975,435.1485255132984
38,2026-10-10,2,2026-10-24,wk inc flu hosp,quantile,0.975,24.35092664003071
39,2026-10-10,2,2026-10-24,wk inc flu hosp,quantile,0.975,444.1837372165789
40,2026-10-10,2,2026-10-24,wk inc flu hosp,quantile,0.975,182.9370024361759
41,2026-10-10,2,2026-10-24,wk inc flu hosp,quantile,0.975,137.2152331428336
42,2026-10-10,2,2026-10-24,wk inc flu hosp,quantile,0.975,559.5113826430459
44,2026-10-10,2,2026-10-24,wk inc flu hosp,quantile,0.975,38.54119465132059
45,2026-10-10,2,2026-10-24,wk inc flu hosp,quantile,0.975,198.1957576653785
46,2026-10-10,2,2026-10-24,wk inc flu hosp,quantile,0.975,31.75443926609174
47,2026-10-10,2,2026-10-24,wk inc flu hosp,quantile,0.975,268.1122238224889
48,2026-10-10,2,2026-10-24,wk inc flu hosp,quantile,0.975,1025.2045135955507
49,2026-10-10,2,2026-10-24,wk inc flu hosp,quantile,0.975,79.9496992752133
50,2026-10-10,2,2026-10-24,wk inc flu hosp,quantile,0.975,13.901422152935679
51,2026-10-10,2,2026-10-24,wk inc flu hosp,quantile,0.975,194.033751864997
53,2026-10-10,2,2026-10-24,wk inc flu hosp,quantile,0.975,353.14743025711675
54,2026-10-10,2,2026-10-24,wk inc flu hosp,quantile,0.975,71.39547823920091
55,2026-10-10,2,2026-10-24,wk inc flu hosp,quantile,0.975,159.12607557122053
56,2026-10-10,2,2026-10-24,wk inc flu hosp,quantile,0.975,22.109128638910427
72,2026-10-10,2,2026-10-24,wk inc flu hosp,quantile,0.975,210.99406573225016
US,2026-10-10,2,2026-10-24,wk inc flu hosp,quantile,0.975,11267.012015264818
01,2026-10-10,3,2026-10-31,wk inc flu hosp,quantile,0.975,261.54076015222034
02,2026-10-10,3,2026-10-31,wk inc flu hosp,quantile,0.975,56.995885863995376
04,2026-10-10,3,2026-10-31,wk inc flu hosp,quantile,0.975,387.7898914559281
05,2026-10-10,3,2026-10-31,wk inc flu hosp,quantile,0.975,135.88871903252848
06,2026-10-10,3,2026-10-31,wk inc flu hosp,quantile,0.975,1603.9755758264323
08,2026-10-10,3,2026-10-31,wk inc flu hosp,quantile,0.975,207.26592991234702
09,2026-10-10,3,2026-10-31,wk inc flu hosp,quantile,0.975,195.47513808370928
10,2026-10-10,3,2026-10-31,wk inc flu hosp,quantile,0.975,57.13175104077903
11,2026-10-10,3,2026-10-31,wk inc flu hosp,quantile,0.975,31.490418202169245
12,2026-10-10,3,2026-10-31,wk inc flu hosp,quantile,0.975,1683.5109038362564
13,2026-10-10,3,2026-10-31,wk inc flu hosp,quantile,0.975,358.2307773622992
15,2026-10-10,3,2026-10-31,wk inc flu hosp,quantile,0.975,111.74994712529859
16,2026-10-10,3,2026-10-31,wk inc flu hosp,quantile,0.975,89.56582089543346
17,2026-10-10,3,2026-10-31,wk inc flu hosp,quantile,0.975,477.71707274274104
18,2026-10-10,3,2026-10-31,wk inc flu hosp,quantile,0.975,414.1688652386213
19,2026-10-10,3,2026-10-31,wk inc flu hosp,quantile,0.975,130.573812746532
20,2026-10-10,3,2026-10-31,wk inc flu hosp,quantile,0.975,117.50297350987769
21,2026-10-10,3,2026-10-31,wk inc flu hosp,quantile,0.975,375.1377322409128
22,2026-10-10,3,2026-10-31,wk inc flu hosp,quantile,0.975,357.04729871931227
23,2026-10-10,3,2026-10-31,wk inc flu hosp,quantile,0.975,85.02572636840172
24,2026-10-10,3,2026-10-31,wk inc flu hosp,quantile,0.975,160.20718491180068
25,2026-10-10,3,2026-10-31,wk inc flu hosp,quantile,0.975,266.9828344271562
26,2026-10-10,3,2026-10-31,wk inc flu hosp,quantile,0.975,340.1212152232539
27,2026-10-10,3,2026-10-31,wk inc flu hosp,quantile,0.975,234.74507653075028
28,2026-10-10,3,2026-10-31,wk inc flu hosp,quantile,0.975,109.30453739970268
29,2026-10-10,3,2026-10-31,wk inc flu hosp,quantile,0.975,271.94226895040134
30,2026-10-10,3,2026-10-31,wk inc flu hosp,quantile,0.975,61.71813967071697
31,2026-10-10,3,2026-10-31,wk inc flu hosp,quantile,0.975,113.6388394928586
32,2026-10-10,3,2026-10-31,wk inc flu hosp,quantile,0.975,154.13880325214592
33,2026-10-10,3,2026-10-31,wk inc flu hosp,quantile,0.975,66.96526526525005
34,2026-10-10,3,2026-10-31,wk inc flu hosp,quantile,0.975,414.12785911059154
35,2026-10-10,3,2026-10-31,wk inc flu hosp,quantile,0.975,88.80054753727647
36,2026-10-10,3,2026-10-31,wk inc flu hosp,quantile,0.975,998.555624843977
37,2026-10-10,3,2026-10-31,wk inc flu hosp,quantile,0.975,592.7112997714033
38,2026-10-10,3,2026-10-31,wk inc flu hosp,quantile,0.975,27.90431104934355
39,2026-10-10,3,2026-10-31,wk inc flu hosp,quantile,0.975,586.9276112337064
40,2026-10-10,3,2026-10-31,wk inc flu hosp,quantile,0.975,226.15211412537533
41,2026-10-10,3,2026-10-31,wk inc flu hosp,quantile,0.975,178.89931056874096
42,2026-10-10,3,2026-10-31,wk inc flu hosp,quantile,0.975,695.8605585623678
44,2026-10-10,3,2026-10-31,wk inc flu hosp,quantile,0.975,47.96737401048202
45,2026-10-10,3,2026-10-31,wk inc flu hosp,quantile,0.975,257.41554409355064
46,2026-10-10,3,2026-10-31,wk inc flu hosp,quantile,0.975,41.25799509289997
47,2026-10-10,3,2026-10-31,wk inc flu hosp,quantile,0.975,337.34884166877345
48,2026-10-10,3,2026-10-31,wk inc flu hosp,quantile,0.975,1280.3710816429411
49,2026-10-10,3,2026-10-31,wk inc flu hosp,quantile,0.975,91.69914644230406
50,2026-10-10,3,2026-10-31,wk inc flu hosp,quantile,0.975,18.20877878936661
51,2026-10-10,3,2026-10-31,wk inc flu hosp,quantile,0.975,249.12661261134994
53,2026-10-10,3,2026-10-31,wk inc flu hosp,quantile,0.975,393.3750295349064
54,2026-10-10,3,2026-10-31,wk inc flu hosp,quantile,0.975,91.35308806407144
55,2026-10-10,3,2026-10-31,wk inc flu hosp,quantile,0.975,225.0289085525043
56,2026-10-10,3,2026-10-31,wk inc flu hosp,quantile,0.975,26.015000363475945
72,2026-10-10,3,2026-10-31,wk inc flu hosp,quantile,0.975,231.0531776703865
US,2026-10-10,3,2026-10-31,wk inc flu hosp,quantile,0.975,15194.656562721993
01,2026-10-10,0,2026-10-10,wk inc flu hosp,quantile,0.99,116.94545765265178
02,2026-10-10,0,2026-10-10,wk inc flu hosp,quantile,0.99,44.10107849267265
04,2026-10-10,0,2026-10-10,wk inc flu hosp,quantile,0.99,171.80072031620924
05,2026-10-10,0,2026-10-10,wk inc flu hosp,quantile,0.99,56.944160767958785
06,2026-10-10,0,2026-10-10,wk inc flu hosp,quantile,0.99,742.3892011401846
08,2026-10-10,0,2026-10-10,wk inc flu hosp,quantile,0.99,89.08505778173621
09,2026-10-10,0,2026-10-10,wk inc flu hosp,quantile,0.99,67.24931746313564
10,2026-10-10,0,2026-10-10,wk inc flu hosp,quantile,0.99,33.11225720187421
11,2026-10-10,0,2026-10-10,wk inc flu hosp,quantile,0.99,13.945262389757133
12,2026-10-10,0,2026-10-10,wk inc flu hosp,quantile,0.99,953.9206952839254
13,2026-10-10,0,2026-10-10,wk inc flu hosp,quantile,0.99,149.39317249598776
15,2026-10-10,0,2026-10-10,wk inc flu hosp,quantile,0.99,93.02137051385589
16,2026-10-10,0,2026-10-10,wk inc flu hosp,quantile,0.99,47.939157250675606
17,2026-10-10,0,2026-10-10,wk inc flu hosp,quantile,0.99,169.9738016324919
18,2026-10-10,0,2026-10-10,wk inc flu hosp,quantile,0.99,140.85059422341573
19,2026-10-10,0,2026-10-10,wk inc flu hosp,quantile,0.99,47.52335833378463
20,2026-10-10,0,2026-10-10,wk inc flu hosp,quantile,0.99,40.90950224893226
21,2026-10-10,0,2026-10-10,wk inc flu hosp,quantile,0.99,134.92215570886276
22,2026-10-10,0,2026-10-10,wk inc flu hosp,quantile,0.99,207.34639626331898
23,2026-10-10,0,2026-10-10,wk inc flu hosp,quantile,0.99,42.54336193120605
24,2026-10-10,0,2026-10-10,wk inc flu hosp,quantile,0.99,50.09963700311291
25,2026-10-10,0,2026-10-10,wk inc flu hosp,quantile,0.99,66.214553061815
26,2026-10-10,0,2026-10-10,wk inc flu hosp,quantile,0.99,113.71698070293797
27,2026-10-10,0,2026-10-10,wk inc flu hosp,quantile,0.99,89.08954682370035
28,2026-10-10,0,2026-10-10,wk inc flu hosp,quantile,0.99,51.69318787005032
29,2026-10-10,0,2026-10-10,wk inc flu hosp,quantile,0.99,87.67452281000678
30,2026-10-10,0,2026-10-10,wk inc flu hosp,quantile,0.99,38.39557530864459
31,2026-10-10,0,2026-10-10,wk inc flu hosp,quantile,0.99,54.12468044251752
32,2026-10-10,0,2026-10-10,wk inc flu hosp,quantile,0.99,81.412634767097
33,2026-10-10,0,2026-10-10,wk inc flu hosp,quantile,0.99,29.51087102111153
34,2026-10-10,0,2026-10-10,wk inc flu hosp,quantile,0.99,151.78352267675706
35,2026-10-10,0,2026-10-10,wk inc flu hosp,quantile,0.99,32.47869609446286
36,2026-10-10,0,2026-10-10,wk inc flu hosp,quantile,0.99,294.6576538915169
37,2026-10-10,0,2026-10-10,wk inc flu hosp,quantile,0.99,200.76585254713208
38,2026-10-10,0,2026-10-10,wk inc flu hosp,quantile,0.99,16.21132928476028
39,2026-10-10,0,2026-10-10,wk inc flu hosp,quantile,0.99,236.83215287074378
40,2026-10-10,0,2026-10-10,wk inc flu hosp,quantile,0.99,77.75371737296226
41,2026-10-10,0,2026-10-10,wk inc flu hosp,quantile,0.99,78.60438336225303
42,2026-10-10,0,2026-10-10,wk inc flu hosp,quantile,0.99,303.39529742198346
44,2026-10-10,0,2026-10-10,wk inc flu hosp,quantile,0.99,22.09076186595622
45,2026-10-10,0,2026-10-10,wk inc flu hosp,quantile,0.99,90.33905986710334
46,2026-10-10,0,2026-10-10,wk inc flu hosp,quantile,0.99,18.60946242042941
47,2026-10-10,0,2026-10-10,wk inc flu hosp,quantile,0.99,155.41397124802293
48,2026-10-10,0,2026-10-10,wk inc flu hosp,quantile,0.99,606.0763741753203
49,2026-10-10,0,2026-10-10,wk inc flu hosp,quantile,0.99,56.28219152419682
50,2026-10-10,0,2026-10-10,wk inc flu hosp,quantile,0.99,7.6086794862408
51,2026-10-10,0,2026-10-10,wk inc flu hosp,quantile,0.99,93.69185764916573
53,2026-10-10,0,2026-10-10,wk inc flu hosp,quantile,0.99,228.2560081578805
54,2026-10-10,0,2026-10-10,wk inc flu hosp,quantile,0.99,29.026444395086482
55,2026-10-10,0,2026-10-10,wk inc flu hosp,quantile,0.99,70.14772089728379
56,2026-10-10,0,2026-10-10,wk inc flu hosp,quantile,0.99,17.682150402299857
72,2026-10-10,0,2026-10-10,wk inc flu hosp,quantile,0.99,171.47145359025467
US,2026-10-10,0,2026-10-10,wk inc flu hosp,quantile,0.99,5773.3580458582055
01,2026-10-10,1,2026-10-17,wk inc flu hosp,quantile,0.99,185.53452991097325
02,2026-10-10,1,2026-10-17,wk inc flu hosp,quantile,0.99,55.2385039013251
04,2026-10-10,1,2026-10-17,wk inc flu hosp,quantile,0.99,273.4674806913958
05,2026-10-10,1,2026-10-17,wk inc flu hosp,quantile,0.99,90.57307516784543
06,2026-10-10,1,2026-10-17,wk inc flu hosp,quantile,0.99,1055.4371080681872
08,2026-10-10,1,2026-10-17,wk inc flu hosp,quantile,0.99,135.8624311619566
09,2026-10-10,1,2026-10-17,wk inc flu hosp,quantile,0.99,122.28647454333017
10,2026-10-10,1,2026-10-17,wk inc flu hosp,quantile,0.99,51.58568093876083
11,2026-10-10,1,2026-10-17,wk inc flu hosp,quantile,0.99,25.328548954785383
12,2026-10-10,1,2026-10-17,wk inc flu hosp,quantile,0.99,1329.5149285765287
13,2026-10-10,1,2026-10-17,wk inc flu hosp,quantile,0.99,252.71743230455823
15,2026-10-10,1,2026-10-17,wk inc flu hosp,quantile,0.99,109.84218962685583
16,2026-10-10,1,2026-10-17,wk inc flu hosp,quantile,0.99,70.81013209783322
17,2026-10-10,1,2026-10-17,wk inc flu hosp,quantile,0.99,296.3400288510611
18,2026-10-10,1,2026-10-17,wk inc flu hosp,quantile,0.99,251.54366300174118
19,2026-10-10,1,2026-10-17,wk inc flu hosp,quantile,0.99,81.05279260186154
20,2026-10-10,1,2026-10-17,wk inc flu hosp,quantile,0.99,74.87510143284325
21,2026-10-10,1,2026-10-17,wk inc flu hosp,quantile,0.99,237.73695056113067
22,2026-10-10,1,2026-10-17,wk inc flu hosp,quantile,0.99,296.1276336113793
23,2026-10-10,1,2026-10-17,wk inc flu hosp,quantile,0.99,68.07311314168292
24,2026-10-10,1,2026-10-17,wk inc flu hosp,quantile,0.99,93.1424107413103
25,2026-10-10,1,2026-10-17,wk inc flu hosp,quantile,0.99,135.26887191724705
26,2026-10-10,1,2026-10-17,wk inc flu hosp,quantile,0.99,193.6416548172475
27,2026-10-10,1,2026-10-17,wk inc flu hosp,quantile,0.99,153.51428017021175
28,2026-10-10,1,2026-10-17,wk inc flu hosp,quantile,0.99,75.51076446826129
29,2026-10-10,1,2026-10-17,wk inc flu hosp,quantile,0.99,155.03890358352092
30,2026-10-10,1,2026-10-17,wk inc flu hosp,quantile,0.99,52.012366859244004
31,2026-10-10,1,2026-10-17,wk inc flu hosp,quantile,0.99,87.15447575442214
32,2026-10-10,1,2026-10-17,wk inc flu hosp,quantile,0.99,128.82248034195158
33,2026-10-10,1,2026-10-17,wk inc flu hosp,quantile,0.99,51.81681442286307
34,2026-10-10,1,2026-10-17,wk inc flu hosp,quantile,0.99,248.02376021599227
35,2026-10-10,1,2026-10-17,wk inc flu hosp,quantile,0.99,58.90777101154232
36,2026-10-10,1,2026-10-17,wk inc flu hosp,quantile,0.99,526.1030040563538
37,2026-10-10,1,2026-10-17,wk inc flu hosp,quantile,0.99,369.08528354724064
38,2026-10-10,1,2026-10-17,wk inc flu hosp,quantile,0.99,22.543978989106115
39,2026-10-10,1,2026-10-17,wk inc flu hosp,quantile,0.99,393.2596320796726
40,2026-10-10,1,2026-10-17,wk inc flu hosp,quantile,0.99,147.1173632539352
41,2026-10-10,1,2026-10-17,wk inc flu hosp,quantile,0.99,128.38572519531104
42,2026-10-10,1,2026-10-17,wk inc flu hosp,quantile,0.99,482.8400942583347
44,2026-10-10,1,2026-10-17,wk inc flu hosp,quantile,0.99,34.26249869731172
45,2026-10-10,1,2026-10-17,wk inc flu hosp,quantile,0.99,164.7348235692594
46,2026-10-10,1,2026-10-17,wk inc flu hosp,quantile,0.99,28.48523772923098
47,2026-10-10,1,2026-10-17,wk inc flu hosp,quantile,0.99,242.2718168476188
48,2026-10-10,1,2026-10-17,wk inc flu hosp,quantile,0.99,889.8418478901342
49,2026-10-10,1,2026-10-17,wk inc flu hosp,quantile,0.99,72.4080715073003
50,2026-10-10,1,2026-10-17,wk inc flu hosp,quantile,0.99,13.600292058705605
51,2026-10-10,1,2026-10-17,wk inc flu hosp,quantile,0.99,173.25803957514208
53,2026-10-10,1,2026-10-17,wk inc flu hosp,quantile,0.99,327.0867547814384
54,2026-10-10,1,2026-10-17,wk inc flu hosp,quantile,0.99,56.65649853353195
55,2026-10-10,1,2026-10-17,wk inc flu hosp,quantile,0.99,121.82427291840654
56,2026-10-10,1,2026-10-17,wk inc flu hosp,quantile,0.99,24.348602127193043
72,2026-10-10,1,2026-10-17,wk inc flu hosp,quantile,0.99,208.0194065055567
US,2026-10-10,1,2026-10-17,wk inc flu hosp,quantile,0.99,9077.569032463749
01,2026-10-10,2,2026-10-24,wk inc flu hosp,quantile,0.99,256.22063112565456
02,2026-10-10,2,2026-10-24,wk inc flu hosp,quantile,0.99,63.99281924926625
04,2026-10-10,2,2026-10-24,wk inc flu hosp,quantile,0.99,389.41146859319684
05,2026-10-10,2,2026-10-24,wk inc flu hosp,quantile,0.99,125.66987987097008
06,2026-10-10,2,2026-10-24,wk inc flu hosp,quantile,0.99,1493.1567482662601
08,2026-10-10,2,2026-10-24,wk inc flu hosp,quantile,0.99,189.73417843879815
09,2026-10-10,2,2026-10-24,wk inc flu hosp,quantile,0.99,179.0443673895962
10,2026-10-10,2,2026-10-24,wk inc flu hosp,quantile,0.99,60.01461466698996
11,2026-10-10,2,2026-10-24,wk inc flu hosp,quantile,0.99,31.958105075531133
12,2026-10-10,2,2026-10-24,wk inc flu hosp,quantile,0.99,1621.6296736120794
13,2026-10-10,2,2026-10-24,wk inc flu hosp,quantile,0.99,340.23631818348105
15,2026-10-10,2,2026-10-24,wk inc flu hosp,quantile,0.99,121.01627276883907
16,2026-10-10,2,2026-10-24,wk inc flu hosp,quantile,0.99,92.3094860820449
17,2026-10-10,2,2026-10-24,wk inc flu hosp,quantile,0.99,459.779310367332
18,2026-10-10,2,2026-10-24,wk inc flu hosp,quantile,0.99,369.3033563496352
19,2026-10-10,2,2026-10-24,wk inc flu hosp,quantile,0.99,121.29025439876276
20,2026-10-10,2,2026-10-24,wk inc flu hosp,quantile,0.99,103.70386213161824
21,2026-10-10,2,2026-10-24,wk inc flu hosp,quantile,0.99,362.6949978599786
22,2026-10-10,2,2026-10-24,wk inc flu hosp,quantile,0.99,370.51148968582453
23,2026-10-10,2,2026-10-24,wk inc flu hosp,quantile,0.99,87.82325270666296
24,2026-10-10,2,2026-10-24,wk inc flu hosp,quantile,0.99,147.46776003448318
25,2026-10-10,2,2026-10-24,wk inc flu hosp,quantile,0.99,227.45290189785433
26,2026-10-10,2,2026-10-24,wk inc flu hosp,quantile,0.99,305.55755900786085
27,2026-10-10,2,2026-10-24,wk inc flu hosp,quantile,0.99,214.94555989611584
28,2026-10-10,2,2026-10-24,wk inc flu hosp,quantile,0.99,109.71091554526177
29,2026-10-10,2,2026-10-24,wk inc flu hosp,quantile,0.99,241.90670422903818
30,2026-10-10,2,2026-10-24,wk inc flu hosp,quantile,0.99,68.15597350805382
31,2026-10-10,2,2026-10-24,wk inc flu hosp,quantile,0.99,114.84225009791321
32,2026-10-10,2,2026-10-24,wk inc flu hosp,quantile,0.99,156.81486547807037
33,2026-10-10,2,2026-10-24,wk inc flu hosp,quantile,0.99,70.78470117168
34,2026-10-10,2,2026-10-24,wk inc flu hosp,quantile,0.99,383.15445394654216
35,2026-10-10,2,2026-10-24,wk inc flu hosp,quantile,0.99,82.79454915680198
36,2026-10-10,2,2026-10-24,wk inc flu hosp,quantile,0.99,846.2295331349933
37,2026-10-10,2,2026-10-24,wk inc flu hosp,quantile,0.99,531.5274340993456
38,2026-10-10,2,2026-10-24,wk inc flu hosp,quantile,0.99,30.971586112448094
39,2026-10-10,2,2026-10-24,wk inc flu hosp,quantile,0.99,532.1482084469013
40,2026-10-10,2,2026-10-24,wk inc flu hosp,quantile,0.99,228.07564022497252
41,2026-10-10,2,2026-10-24,wk inc flu hosp,quantile,0.99,183.90943889255627
42,2026-10-10,2,2026-10-24,wk inc flu hosp,quantile,0.99,653.3079960012211
44,2026-10-10,2,2026-10-24,wk inc flu hosp,quantile,0.99,46.80499259921073
45,2026-10-10,2,2026-10-24,wk inc flu hosp,quantile,0.99,261.77375185581644
46,2026-10-10,2,2026-10-24,wk inc flu hosp,quantile,0.99,40.19936593219886
47,2026-10-10,2,2026-10-24,wk inc flu hosp,quantile,0.99,327.47260195473615
48,2026-10-10,2,2026-10-24,wk inc flu hosp,quantile,0.99,1170.0948024589925
49,2026-10-10,2,2026-10-24,wk inc flu hosp,quantile,0.99,90.5864582308829
50,2026-10-10,2,2026-10-24,wk inc flu hosp,quantile,0.99,18.494460259754895
51,2026-10-10,2,2026-10-24,wk inc flu hosp,quantile,0.99,237.05973190240798
53,2026-10-10,2,2026-10-24,wk inc flu hosp,quantile,0.99,397.70869929689536
54,2026-10-10,2,2026-10-24,wk inc flu hosp,quantile,0.99,88.75273624367878
55,2026-10-10,2,2026-10-24,wk inc flu hosp,quantile,0.99,185.26588024112078
56,2026-10-10,2,2026-10-24,wk inc flu hosp,quantile,0.99,28.674413169185463
72,2026-10-10,2,2026-10-24,wk inc flu hosp,quantile,0.99,242.84422196427755
US,2026-10-10,2,2026-10-24,wk inc flu hosp,quantile,0.99,13473.112789513094
01,2026-10-10,3,2026-10-31,wk inc flu hosp,quantile,0.99,328.7194807727138
02,2026-10-10,3,2026-10-31,wk inc flu hosp,quantile,0.99,71.23799263171637
04,2026-10-10,3,2026-10-31,wk inc flu hosp,quantile,0.99,491.50218616898485
05,2026-10-10,3,2026-10-31,wk inc flu hosp,quantile,0.99,169.25923280599986
06,2026-10-10,3,2026-10-31,wk inc flu hosp,quantile,0.99,1936.2744076782935
08,2026-10-10,3,2026-10-31,wk inc flu hosp,quantile,0.99,259.95671750069937
09,2026-10-10,3,2026-10-31,wk inc flu hosp,quantile,0.99,241.39522908288276
10,2026-10-10,3,2026-10-31,wk inc flu hosp,quantile,0.99,78.22895484624019
11,2026-10-10,3,2026-10-31,wk inc flu hosp,quantile,0.99,41.5047540203666
12,2026-10-10,3,2026-10-31,wk inc flu hosp,quantile,0.99,1964.4422765151862
13,2026-10-10,3,2026-10-31,wk inc flu hosp,quantile,0.99,448.1090738353654
15,2026-10-10,3,2026-10-31,wk inc flu hosp,quantile,0.99,131.3455013526896
16,2026-10-10,3,2026-10-31,wk inc flu hosp,quantile,0.99,113.1439877094831
17,2026-10-10,3,2026-10-31,wk inc flu hosp,quantile,0.99,591.0452429944531
18,2026-10-10,3,2026-10-31,wk inc flu hosp,quantile,0.99,517.3618814864715
19,2026-10-10,3,2026-10-31,wk inc flu hosp,quantile,0.99,159.68534938825422
20,2026-10-10,3,2026-10-31,wk inc flu hosp,quantile,0.99,159.02820807344148
21,2026-10-10,3,2026-10-31,wk inc flu hosp,quantile,0.99,462.9711003916189
22,2026-10-10,3,2026-10-31,wk inc flu hosp,quantile,0.99,410.99670295909755
23,2026-10-10,3,2026-10-31,wk inc flu hosp,quantile,0.99,113.3113404768938
24,2026-10-10,3,2026-10-31,wk inc flu hosp,quantile,0.99,217.82094639305868
25,2026-10-10,3,2026-10-31,wk inc flu hosp,quantile,0.99,335.4418710251308
26,2026-10-10,3,2026-10-31,wk inc flu hosp,quantile,0.99,407.52704733592407
27,2026-10-10,3,2026-10-31,wk inc flu hosp,quantile,0.99,295.4019578794119
28,2026-10-10,3,2026-10-31,wk inc flu hosp,quantile,0.99,128.88612116663876
29,2026-10-10,3,2026-10-31,wk inc flu hosp,quantile,0.99,342.50575725884846
30,2026-10-10,3,2026-10-31,wk inc flu hosp,quantile,0.99,78.5059509218469
31,2026-10-10,3,2026-10-31,wk inc flu hosp,quantile,0.99,139.6923481143968
32,2026-10-10,3,2026-10-31,wk inc flu hosp,quantile,0.99,183.9268015483053
33,2026-10-10,3,2026-10-31,wk inc flu hosp,quantile,0.99,82.39992294120628
34,2026-10-10,3,2026-10-31,wk inc flu hosp,quantile,0.99,504.20865160689124
35,2026-10-10,3,2026-10-31,wk inc flu hosp,quantile,0.99,118.07222699982316
36,2026-10-10,3,2026-10-31,wk inc flu hosp,quantile,0.99,1200.3232355896703
37,2026-10-10,3,2026-10-31,wk inc flu hosp,quantile,0.99,711.4535861791655
38,2026-10-10,3,2026-10-31,wk inc flu hosp,quantile,0.99,37.37341970213057
39,2026-10-10,3,2026-10-31,wk inc flu hosp,quantile,0.99,715.7604194852142
40,2026-10-10,3,2026-10-31,wk inc flu hosp,quantile,0.99,300.0987944594477
41,2026-10-10,3,2026-10-31,wk inc flu hosp,quantile,0.99,230.08036000966754
42,2026-10-10,3,2026-10-31,wk inc flu hosp,quantile,0.99,895.9513346072537
44,2026-10-10,3,2026-10-31,wk inc flu hosp,quantile,0.99,58.62880824989073
45,2026-10-10,3,2026-10-31,wk inc flu hosp,quantile,0.99,320.66664902430733
46,2026-10-10,3,2026-10-31,wk inc flu hosp,quantile,0.99,54.78731638348339
47,2026-10-10,3,2026-10-31,wk inc flu hosp,quantile,0.99,409.4966068563936
48,2026-10-10,3,2026-10-31,wk inc flu hosp,quantile,0.99,1495.8422210670042
49,2026-10-10,3,2026-10-31,wk inc flu hosp,quantile,0.99,115.16773991191772
50,2026-10-10,3,2026-10-31,wk inc flu hosp,quantile,0.99,24.44883336680518
51,2026-10-10,3,2026-10-31,wk inc flu hosp,quantile,0.99,302.9141787487487
53,2026-10-10,3,2026-10-31,wk inc flu hosp,quantile,0.99,470.0395129625807
54,2026-10-10,3,2026-10-31,wk inc flu hosp,quantile,0.99,117.0806092019701
55,2026-10-10,3,2026-10-31,wk inc flu hosp,quantile,0.99,274.1853281154023
56,2026-10-10,3,2026-10-31,wk inc flu hosp,quantile,0.99,32.09853508833924
72,2026-10-10,3,2026-10-31,wk inc flu hosp,quantile,0.99,272.82325770877975
US,2026-10-10,3,2026-10-31,wk inc flu hosp,quantile,0.99,17939.659666414074
