reference_date,target,horizon,target_end_date,location,output_type,output_type_id,value
2026-10-10,wk inc flu hosp,0,2026-10-10,01,quantile,0.01,20
2026-10-10,wk inc flu hosp,0,2026-10-10,01,quantile,0.025,24
2026-10-10,wk inc flu hosp,0,2026-10-10,01,quantile,0.05,28
2026-10-10,wk inc flu hosp,0,2026-10-10,01,quantile,0.1,33
2026-10-10,wk inc flu hosp,0,2026-10-10,01,quantile,0.15,37
2026-10-10,wk inc flu hosp,0,2026-10-10,01,quantile,0.2,40
2026-10-10,wk inc flu hosp,0,2026-10-10,01,quantile,0.25,43
2026-10-10,wk inc flu hosp,0,2026-10-10,01,quantile,0.3,46
2026-10-10,wk inc flu hosp,0,2026-10-10,01,quantile,0.35,50
2026-10-10,wk inc flu hosp,0,2026-10-10,01,quantile,0.4,53
2026-10-10,wk inc flu hosp,0,2026-10-10,01,quantile,0.45,56
2026-10-10,wk inc flu hosp,0,2026-10-10,01,quantile,0.5,59
2026-10-10,wk inc flu hosp,0,2026-10-10,01,quantile,0.55,62
2026-10-10,wk inc flu hosp,0,2026-10-10,01,quantile,0.6,66
2026-10-10,wk inc flu hosp,0,2026-10-10,01,quantile,0.65,70
2026-10-10,wk inc flu hosp,0,2026-10-10,01,quantile,0.7,75
2026-10-10,wk inc flu hosp,0,2026-10-10,01,quantile,0.75,80
2026-10-10,wk inc flu hosp,0,2026-10-10,01,quantile,0.8,86
2026-10-10,wk inc flu hosp,0,2026-10-10,01,quantile,0.85,94
2026-10-10,wk inc flu hosp,0,2026-10-10,01,quantile,0.9,105
2026-10-10,wk inc flu hosp,0,2026-10-10,01,quantile,0.95,124
2026-10-10,wk inc flu hosp,0,2026-10-10,01,quantile,0.975,143
2026-10-10,wk inc flu hosp,0,2026-10-10,01,quantile,0.99,168
2026-10-10,wk inc flu hosp,1,2026-10-17,01,quantile,0.01,19
2026-10-10,wk inc flu hosp,1,2026-10-17,01,quantile,0.025,23
2026-10-10,wk inc flu hosp,1,2026-10-17,01,quantile,0.05,27
2026-10-10,wk inc flu hosp,1,2026-10-17,01,quantile,0.1,33
2026-10-10,wk inc flu hosp,1,2026-10-17,01,quantile,0.15,38
2026-10-10,wk inc flu hosp,1,2026-10-17,01,quantile,0.2,42
2026-10-10,wk inc flu hosp,1,2026-10-17,01,quantile,0.25,46
2026-10-10,wk inc flu hosp,1,2026-10-17,01,quantile,0.3,50
2026-10-10,wk inc flu hosp,1,2026-10-17,01,quantile,0.35,53
2026-10-10,wk inc flu hosp,1,2026-10-17,01,quantile,0.4,57
2026-10-10,wk inc flu hosp,1,2026-10-17,01,quantile,0.45,61
2026-10-10,wk inc flu hosp,1,2026-10-17,01,quantile,0.5,66
2026-10-10,wk inc flu hosp,1,2026-10-17,01,quantile,0.55,70
2026-10-10,wk inc flu hosp,1,2026-10-17,01,quantile,0.6,75
2026-10-10,wk inc flu hosp,1,2026-10-17,01,quantile,0.65,80
2026-10-10,wk inc flu hosp,1,2026-10-17,01,quantile,0.7,86
2026-10-10,wk inc flu hosp,1,2026-10-17,01,quantile,0.75,93
2026-10-10,wk inc flu hosp,1,2026-10-17,01,quantile,0.8,102
2026-10-10,wk inc flu hosp,1,2026-10-17,01,quantile,0.85,113
2026-10-10,wk inc flu hosp,1,2026-10-17,01,quantile,0.9,128
2026-10-10,wk inc flu hosp,1,2026-10-17,01,quantile,0.95,155
2026-10-10,wk inc flu hosp,1,2026-10-17,01,quantile,0.975,183
2026-10-10,wk inc flu hosp,1,2026-10-17,01,quantile,0.99,221
2026-10-10,wk inc flu hosp,2,2026-10-24,01,quantile,0.01,18
2026-10-10,wk inc flu hosp,2,2026-10-24,01,quantile,0.025,22
2026-10-10,wk inc flu hosp,2,2026-10-24,01,quantile,0.05,27
2026-10-10,wk inc flu hosp,2,2026-10-24,01,quantile,0.1,34
2026-10-10,wk inc flu hosp,2,2026-10-24,01,quantile,0.15,40
2026-10-10,wk inc flu hosp,2,2026-10-24,01,quantile,0.2,45
2026-10-10,wk inc flu hosp,2,2026-10-24,01,quantile,0.25,49
2026-10-10,wk inc flu hosp,2,2026-10-24,01,quantile,0.3,54
2026-10-10,wk inc flu hosp,2,2026-10-24,01,quantile,0.35,59
2026-10-10,wk inc flu hosp,2,2026-10-24,01,quantile,0.4,64
2026-10-10,wk inc flu hosp,2,2026-10-24,01,quantile,0.45,69
2026-10-10,wk inc flu hosp,2,2026-10-24,01,quantile,0.5,74
2026-10-10,wk inc flu hosp,2,2026-10-24,01,quantile,0.55,80
2026-10-10,wk inc flu hosp,2,2026-10-24,01,quantile,0.6,87
2026-10-10,wk inc flu hosp,2,2026-10-24,01,quantile,0.65,94
2026-10-10,wk inc flu hosp,2,2026-10-24,01,quantile,0.7,102
2026-10-10,wk inc flu hosp,2,2026-10-24,01,quantile,0.75,112
2026-10-10,wk inc flu hosp,2,2026-10-24,01,quantile,0.8,124
2026-10-10,wk inc flu hosp,2,2026-10-24,01,quantile,0.85,139
2026-10-10,wk inc flu hosp,2,2026-10-24,01,quantile,0.9,161
2026-10-10,wk inc flu hosp,2,2026-10-24,01,quantile,0.95,201
2026-10-10,wk inc flu hosp,2,2026-10-24,01,quantile,0.975,243
2026-10-10,wk inc flu hosp,2,2026-10-24,01,quantile,0.99,303
2026-10-10,wk inc flu hosp,3,2026-10-31,01,quantile,0.01,17
2026-10-10,wk inc flu hosp,3,2026-10-31,01,quantile,0.025,22
2026-10-10,wk inc flu hosp,3,2026-10-31,01,quantile,0.05,27
2026-10-10,wk inc flu hosp,3,2026-10-31,01,quantile,0.1,35
2026-10-10,wk inc flu hosp,3,2026-10-31,01,quantile,0.15,41
2026-10-10,wk inc flu hosp,3,2026-10-31,01,quantile,0.2,47
2026-10-10,wk inc flu hosp,3,2026-10-31,01,quantile,0.25,52
2026-10-10,wk inc flu hosp,3,2026-10-31,01,quantile,0.3,58
2026-10-10,wk inc flu hosp,3,2026-10-31,01,quantile,0.35,64
2026-10-10,wk inc flu hosp,3,2026-10-31,01,quantile,0.4,70
2026-10-10,wk inc flu hosp,3,2026-10-31,01,quantile,0.45,76
2026-10-10,wk inc flu hosp,3,2026-10-31,01,quantile,0.5,83
2026-10-10,wk inc flu hosp,3,2026-10-31,01,quantile,0.55,90
2026-10-10,wk inc flu hosp,3,2026-10-31,01,quantile,0.6,98
2026-10-10,wk inc flu hosp,3,2026-10-31,01,quantile,0.65,107
2026-10-10,wk inc flu hosp,3,2026-10-31,01,quantile,0.7,118
2026-10-10,wk inc flu hosp,3,2026-10-31,01,quantile,0.75,131
2026-10-10,wk inc flu hosp,3,2026-10-31,01,quantile,0.8,146
2026-10-10,wk inc flu hosp,3,2026-10-31,01,quantile,0.85,167
2026-10-10,wk inc flu hosp,3,2026-10-31,01,quantile,0.9,197
2026-10-10,wk inc flu hosp,3,2026-10-31,01,quantile,0.95,251
2026-10-10,wk inc flu hosp,3,2026-10-31,01,quantile,0.975,310
2026-10-10,wk inc flu hosp,3,2026-10-31,01,quantile,0.99,397
2026-10-10,wk inc flu hosp,0,2026-10-10,02,quantile,0.01,8
2026-10-10,wk inc flu hosp,0,2026-10-10,02,quantile,0.025,10
2026-10-10,wk inc flu hosp,0,2026-10-10,02,quantile,0.05,12
2026-10-10,wk inc flu hosp,0,2026-10-10,02,quantile,0.1,14
2026-10-10,wk inc flu hosp,0,2026-10-10,02,quantile,0.15,16
2026-10-10,wk inc flu hosp,0,2026-10-10,02,quantile,0.2,18
2026-10-10,wk inc flu hosp,0,2026-10-10,02,quantile,0.25,19
2026-10-10,wk inc flu hosp,0,2026-10-10,02,quantile,0.3,21
2026-10-10,wk inc flu hosp,0,2026-10-10,02,quantile,0.35,22
2026-10-10,wk inc flu hosp,0,2026-10-10,02,quantile,0.4,24
2026-10-10,wk inc flu hosp,0,2026-10-10,02,quantile,0.45,25
2026-10-10,wk inc flu hosp,0,2026-10-10,02,quantile,0.5,27
2026-10-10,wk inc flu hosp,0,2026-10-10,02,quantile,0.55,29
2026-10-10,wk inc flu hosp,0,2026-10-10,02,quantile,0.6,30
2026-10-10,wk inc flu hosp,0,2026-10-10,02,quantile,0.65,32
2026-10-10,wk inc flu hosp,0,2026-10-10,02,quantile,0.7,35
2026-10-10,wk inc flu hosp,0,2026-10-10,02,quantile,0.75,37
2026-10-10,wk inc flu hosp,0,2026-10-10,02,quantile,0.8,40
2026-10-10,wk inc flu hosp,0,2026-10-10,02,quantile,0.85,44
2026-10-10,wk inc flu hosp,0,2026-10-10,02,quantile,0.9,50
2026-10-10,wk inc flu hosp,0,2026-10-10,02,quantile,0.95,59
2026-10-10,wk inc flu hosp,0,2026-10-10,02,quantile,0.975,69
2026-10-10,wk inc flu hosp,0,2026-10-10,02,quantile,0.99,82
2026-10-10,wk inc flu hosp,1,2026-10-17,02,quantile,0.01,8
2026-10-10,wk inc flu hosp,1,2026-10-17,02,quantile,0.025,9
2026-10-10,wk inc flu hosp,1,2026-10-17,02,quantile,0.05,11
2026-10-10,wk inc flu hosp,1,2026-10-17,02,quantile,0.1,14
2026-10-10,wk inc flu hosp,1,2026-10-17,02,quantile,0.15,16
2026-10-10,wk inc flu hosp,1,2026-10-17,02,quantile,0.2,18
2026-10-10,wk inc flu hosp,1,2026-10-17,02,quantile,0.25,20
2026-10-10,wk inc flu hosp,1,2026-10-17,02,quantile,0.3,22
2026-10-10,wk inc flu hosp,1,2026-10-17,02,quantile,0.35,24
2026-10-10,wk inc flu hosp,1,2026-10-17,02,quantile,0.4,25
2026-10-10,wk inc flu hosp,1,2026-10-17,02,quantile,0.45,27
2026-10-10,wk inc flu hosp,1,2026-10-17,02,quantile,0.5,29
2026-10-10,wk inc flu hosp,1,2026-10-17,02,quantile,0.55,31
2026-10-10,wk inc flu hosp,1,2026-10-17,02,quantile,0.6,34
2026-10-10,wk inc flu hosp,1,2026-10-17,02,quantile,0.65,36
2026-10-10,wk inc flu hosp,1,2026-10-17,02,quantile,0.7,39
2026-10-10,wk inc flu hosp,1,2026-10-17,02,quantile,0.75,43
2026-10-10,wk inc flu hosp,1,2026-10-17,02,quantile,0.8,47
2026-10-10,wk inc flu hosp,1,2026-10-17,02,quantile,0.85,52
2026-10-10,wk inc flu hosp,1,2026-10-17,02,quantile,0.9,60
2026-10-10,wk inc flu hosp,1,2026-10-17,02,quantile,0.95,73
2026-10-10,wk inc flu hosp,1,2026-10-17,02,quantile,0.975,87
2026-10-10,wk inc flu hosp,1,2026-10-17,02,quantile,0.99,107
2026-10-10,wk inc flu hosp,2,2026-10-24,02,quantile,0.01,7
2026-10-10,wk inc flu hosp,2,2026-10-24,02,quantile,0.025,9
2026-10-10,wk inc flu hosp,2,2026-10-24,02,quantile,0.05,11
2026-10-10,wk inc flu hosp,2,2026-10-24,02,quantile,0.1,14
2026-10-10,wk inc flu hosp,2,2026-10-24,02,quantile,0.15,17
2026-10-10,wk inc flu hosp,2,2026-10-24,02,quantile,0.2,19
2026-10-10,wk inc flu hosp,2,2026-10-24,02,quantile,0.25,21
2026-10-10,wk inc flu hosp,2,2026-10-24,02,quantile,0.3,23
2026-10-10,wk inc flu hosp,2,2026-10-24,02,quantile,0.35,26
2026-10-10,wk inc flu hosp,2,2026-10-24,02,quantile,0.4,28
2026-10-10,wk inc flu hosp,2,2026-10-24,02,quantile,0.45,30
2026-10-10,wk inc flu hosp,2,2026-10-24,02,quantile,0.5,33
2026-10-10,wk inc flu hosp,2,2026-10-24,02,quantile,0.55,36
2026-10-10,wk inc flu hosp,2,2026-10-24,02,quantile,0.6,39
2026-10-10,wk inc flu hosp,2,2026-10-24,02,quantile,0.65,42
2026-10-10,wk inc flu hosp,2,2026-10-24,02,quantile,0.7,46
2026-10-10,wk inc flu hosp,2,2026-10-24,02,quantile,0.75,51
2026-10-10,wk inc flu hosp,2,2026-10-24,02,quantile,0.8,57
2026-10-10,wk inc flu hosp,2,2026-10-24,02,quantile,0.85,64
2026-10-10,wk inc flu hosp,2,2026-10-24,02,quantile,0.9,75
2026-10-10,wk inc flu hosp,2,2026-10-24,02,quantile,0.95,95
2026-10-10,wk inc flu hosp,2,2026-10-24,02,quantile,0.975,116
2026-10-10,wk inc flu hosp,2,2026-10-24,02,quantile,0.99,146
2026-10-10,wk inc flu hosp,3,2026-10-31,02,quantile,0.01,6
2026-10-10,wk inc flu hosp,3,2026-10-31,02,quantile,0.025,9
2026-10-10,wk inc flu hosp,3,2026-10-31,02,quantile,0.05,11
2026-10-10,wk inc flu hosp,3,2026-10-31,02,quantile,0.1,14
2026-10-10,wk inc flu hosp,3,2026-10-31,02,quantile,0.15,17
2026-10-10,wk inc flu hosp,3,2026-10-31,02,quantile,0.2,20
2026-10-10,wk inc flu hosp,3,2026-10-31,02,quantile,0.25,23
2026-10-10,wk inc flu hosp,3,2026-10-31,02,quantile,0.3,25
2026-10-10,wk inc flu hosp,3,2026-10-31,02,quantile,0.35,28
2026-10-10,wk inc flu hosp,3,2026-10-31,02,quantile,0.4,31
2026-10-10,wk inc flu hosp,3,2026-10-31,02,quantile,0.45,34
2026-10-10,wk inc flu hosp,3,2026-10-31,02,quantile,0.5,37
2026-10-10,wk inc flu hosp,3,2026-10-31,02,quantile,0.55,40
2026-10-10,wk inc flu hosp,3,2026-10-31,02,quantile,0.6,44
2026-10-10,wk inc flu hosp,3,2026-10-31,02,quantile,0.65,49
2026-10-10,wk inc flu hosp,3,2026-10-31,02,quantile,0.7,54
2026-10-10,wk inc flu hosp,3,2026-10-31,02,quantile,0.75,60
2026-10-10,wk inc flu hosp,3,2026-10-31,02,quantile,0.8,67
2026-10-10,wk inc flu hosp,3,2026-10-31,02,quantile,0.85,77
2026-10-10,wk inc flu hosp,3,2026-10-31,02,quantile,0.9,92
2026-10-10,wk inc flu hosp,3,2026-10-31,02,quantile,0.95,119
2026-10-10,wk inc flu hosp,3,2026-10-31,02,quantile,0.975,149
2026-10-10,wk inc flu hosp,3,2026-10-31,02,quantile,0.99,194
2026-10-10,wk inc flu hosp,0,2026-10-10,04,quantile,0.01,19
2026-10-10,wk inc flu hosp,0,2026-10-10,04,quantile,0.025,23
2026-10-10,wk inc flu hosp,0,2026-10-10,04,quantile,0.05,27
2026-10-10,wk inc flu hosp,0,2026-10-10,04,quantile,0.1,33
2026-10-10,wk inc flu hosp,0,2026-10-10,04,quantile,0.15,37
2026-10-10,wk inc flu hosp,0,2026-10-10,04,quantile,0.2,41
2026-10-10,wk inc flu hosp,0,2026-10-10,04,quantile,0.25,45
2026-10-10,wk inc flu hosp,0,2026-10-10,04,quantile,0.3,48
2026-10-10,wk inc flu hosp,0,2026-10-10,04,quantile,0.35,52
2026-10-10,wk inc flu hosp,0,2026-10-10,04,quantile,0.4,55
2026-10-10,wk inc flu hosp,0,2026-10-10,04,quantile,0.45,59
2026-10-10,wk inc flu hosp,0,2026-10-10,04,quantile,0.5,63
2026-10-10,wk inc flu hosp,0,2026-10-10,04,quantile,0.55,67
2026-10-10,wk inc flu hosp,0,2026-10-10,04,quantile,0.6,72
2026-10-10,wk inc flu hosp,0,2026-10-10,04,quantile,0.65,77
2026-10-10,wk inc flu hosp,0,2026-10-10,04,quantile,0.7,82
2026-10-10,wk inc flu hosp,0,2026-10-10,04,quantile,0.75,89
2026-10-10,wk inc flu hosp,0,2026-10-10,04,quantile,0.8,96
2026-10-10,wk inc flu hosp,0,2026-10-10,04,quantile,0.85,106
2026-10-10,wk inc flu hosp,0,2026-10-10,04,quantile,0.9,120
2026-10-10,wk inc flu hosp,0,2026-10-10,04,quantile,0.95,144
2026-10-10,wk inc flu hosp,0,2026-10-10,04,quantile,0.975,169
2026-10-10,wk inc flu hosp,0,2026-10-10,04,quantile,0.99,203
2026-10-10,wk inc flu hosp,1,2026-10-17,04,quantile,0.01,18
2026-10-10,wk inc flu hosp,1,2026-10-17,04,quantile,0.025,22
2026-10-10,wk inc flu hosp,1,2026-10-17,04,quantile,0.05,27
2026-10-10,wk inc flu hosp,1,2026-10-17,04,quantile,0.1,33
2026-10-10,wk inc flu hosp,1,2026-10-17,04,quantile,0.15,38
2026-10-10,wk inc flu hosp,1,2026-10-17,04,quantile,0.2,43
2026-10-10,wk inc flu hosp,1,2026-10-17,04,quantile,0.25,47
2026-10-10,wk inc flu hosp,1,2026-10-17,04,quantile,0.3,52
2026-10-10,wk inc flu hosp,1,2026-10-17,04,quantile,0.35,56
2026-10-10,wk inc flu hosp,1,2026-10-17,04,quantile,0.4,61
2026-10-10,wk inc flu hosp,1,2026-10-17,04,quantile,0.45,65
2026-10-10,wk inc flu hosp,1,2026-10-17,04,quantile,0.5,70
2026-10-10,wk inc flu hosp,1,2026-10-17,04,quantile,0.55,76
2026-10-10,wk inc flu hosp,1,2026-10-17,04,quantile,0.6,82
2026-10-10,wk inc flu hosp,1,2026-10-17,04,quantile,0.65,88
2026-10-10,wk inc flu hosp,1,2026-10-17,04,quantile,0.7,96
2026-10-10,wk inc flu hosp,1,2026-10-17,04,quantile,0.75,104
2026-10-10,wk inc flu hosp,1,2026-10-17,04,quantile,0.8,115
2026-10-10,wk inc flu hosp,1,2026-10-17,04,quantile,0.85,129
2026-10-10,wk inc flu hosp,1,2026-10-17,04,quantile,0.9,149
2026-10-10,wk inc flu hosp,1,2026-10-17,04,quantile,0.95,184
2026-10-10,wk inc flu hosp,1,2026-10-17,04,quantile,0.975,220
2026-10-10,wk inc flu hosp,1,2026-10-17,04,quantile,0.99,273
2026-10-10,wk inc flu hosp,2,2026-10-24,04,quantile,0.01,16
2026-10-10,wk inc flu hosp,2,2026-10-24,04,quantile,0.025,21
2026-10-10,wk inc flu hosp,2,2026-10-24,04,quantile,0.05,26
2026-10-10,wk inc flu hosp,2,2026-10-24,04,quantile,0.1,33
2026-10-10,wk inc flu hosp,2,2026-10-24,04,quantile,0.15,39
2026-10-10,wk inc flu hosp,2,2026-10-24,04,quantile,0.2,45
2026-10-10,wk inc flu hosp,2,2026-10-24,04,quantile,0.25,51
2026-10-10,wk inc flu hosp,2,2026-10-24,04,quantile,0.3,56
2026-10-10,wk inc flu hosp,2,2026-10-24,04,quantile,0.35,62
2026-10-10,wk inc flu hosp,2,2026-10-24,04,quantile,0.4,67
2026-10-10,wk inc flu hosp,2,2026-10-24,04,quantile,0.45,73
2026-10-10,wk inc flu hosp,2,2026-10-24,04,quantile,0.5,80
2026-10-10,wk inc flu hosp,2,2026-10-24,04,quantile,0.55,87
2026-10-10,wk inc flu hosp,2,2026-10-24,04,quantile,0.6,95
2026-10-10,wk inc flu hosp,2,2026-10-24,04,quantile,0.65,104
2026-10-10,wk inc flu hosp,2,2026-10-24,04,quantile,0.7,114
2026-10-10,wk inc flu hosp,2,2026-10-24,04,quantile,0.75,126
2026-10-10,wk inc flu hosp,2,2026-10-24,04,quantile,0.8,141
2026-10-10,wk inc flu hosp,2,2026-10-24,04,quantile,0.85,161
2026-10-10,wk inc flu hosp,2,2026-10-24,04,quantile,0.9,190
2026-10-10,wk inc flu hosp,2,2026-10-24,04,quantile,0.95,242
2026-10-10,wk inc flu hosp,2,2026-10-24,04,quantile,0.975,299
2026-10-10,wk inc flu hosp,2,2026-10-24,04,quantile,0.99,382
2026-10-10,wk inc flu hosp,3,2026-10-31,04,quantile,0.01,15
2026-10-10,wk inc flu hosp,3,2026-10-31,04,quantile,0.025,20
2026-10-10,wk inc flu hosp,3,2026-10-31,04,quantile,0.05,25
2026-10-10,wk inc flu hosp,3,2026-10-31,04,quantile,0.1,34
2026-10-10,wk inc flu hosp,3,2026-10-31,04,quantile,0.15,41
2026-10-10,wk inc flu hosp,3,2026-10-31,04,quantile,0.2,47
2026-10-10,wk inc flu hosp,3,2026-10-31,04,quantile,0.25,53
2026-10-10,wk inc flu hosp,3,2026-10-31,04,quantile,0.3,60
2026-10-10,wk inc flu hosp,3,2026-10-31,04,quantile,0.35,67
2026-10-10,wk inc flu hosp,3,2026-10-31,04,quantile,0.4,74
2026-10-10,wk inc flu hosp,3,2026-10-31,04,quantile,0.45,81
2026-10-10,wk inc flu hosp,3,2026-10-31,04,quantile,0.5,89
2026-10-10,wk inc flu hosp,3,2026-10-31,04,quantile,0.55,98
2026-10-10,wk inc flu hosp,3,2026-10-31,04,quantile,0.6,108
2026-10-10,wk inc flu hosp,3,2026-10-31,04,quantile,0.65,119
2026-10-10,wk inc flu hosp,3,2026-10-31,04,quantile,0.7,132
2026-10-10,wk inc flu hosp,3,2026-10-31,04,quantile,0.75,148
2026-10-10,wk inc flu hosp,3,2026-10-31,04,quantile,0.8,168
2026-10-10,wk inc flu hosp,3,2026-10-31,04,quantile,0.85,194
2026-10-10,wk inc flu hosp,3,2026-10-31,04,quantile,0.9,234
2026-10-10,wk inc flu hosp,3,2026-10-31,04,quantile,0.95,307
2026-10-10,wk inc flu hosp,3,2026-10-31,04,quantile,0.975,389
2026-10-10,wk inc flu hosp,3,2026-10-31,04,quantile,0.99,512
2026-10-10,wk inc flu hosp,0,2026-10-10,05,quantile,0.01,5
2026-10-10,wk inc flu hosp,0,2026-10-10,05,quantile,0.025,6
2026-10-10,wk inc flu hosp,0,2026-10-10,05,quantile,0.05,8
2026-10-10,wk inc flu hosp,0,2026-10-10,05,quantile,0.1,10
2026-10-10,wk inc flu hosp,0,2026-10-10,05,quantile,0.15,11
2026-10-10,wk inc flu hosp,0,2026-10-10,05,quantile,0.2,12
2026-10-10,wk inc flu hosp,0,2026-10-10,05,quantile,0.25,13
2026-10-10,wk inc flu hosp,0,2026-10-10,05,quantile,0.3,14
2026-10-10,wk inc flu hosp,0,2026-10-10,05,quantile,0.35,16
2026-10-10,wk inc flu hosp,0,2026-10-10,05,quantile,0.4,17
2026-10-10,wk inc flu hosp,0,2026-10-10,05,quantile,0.45,18
2026-10-10,wk inc flu hosp,0,2026-10-10,05,quantile,0.5,19
2026-10-10,wk inc flu hosp,0,2026-10-10,05,quantile,0.55,20
2026-10-10,wk inc flu hosp,0,2026-10-10,05,quantile,0.6,22
2026-10-10,wk inc flu hosp,0,2026-10-10,05,quantile,0.65,24
2026-10-10,wk inc flu hosp,0,2026-10-10,05,quantile,0.7,25
2026-10-10,wk inc flu hosp,0,2026-10-10,05,quantile,0.75,27
2026-10-10,wk inc flu hosp,0,2026-10-10,05,quantile,0.8,30
2026-10-10,wk inc flu hosp,0,2026-10-10,05,quantile,0.85,33
2026-10-10,wk inc flu hosp,0,2026-10-10,05,quantile,0.9,38
2026-10-10,wk inc flu hosp,0,2026-10-10,05,quantile,0.95,46
2026-10-10,wk inc flu hosp,0,2026-10-10,05,quantile,0.975,54
2026-10-10,wk inc flu hosp,0,2026-10-10,05,quantile,0.99,65
2026-10-10,wk inc flu hosp,1,2026-10-17,05,quantile,0.01,5
2026-10-10,wk inc flu hosp,1,2026-10-17,05,quantile,0.025,6
2026-10-10,wk inc flu hosp,1,2026-10-17,05,quantile,0.05,8
2026-10-10,wk inc flu hosp,1,2026-10-17,05,quantile,0.1,10
2026-10-10,wk inc flu hosp,1,2026-10-17,05,quantile,0.15,12
2026-10-10,wk inc flu hosp,1,2026-10-17,05,quantile,0.2,13
2026-10-10,wk inc flu hosp,1,2026-10-17,05,quantile,0.25,15
2026-10-10,wk inc flu hosp,1,2026-10-17,05,quantile,0.3,16
2026-10-10,wk inc flu hosp,1,2026-10-17,05,quantile,0.35,18
2026-10-10,wk inc flu hosp,1,2026-10-17,05,quantile,0.4,19
2026-10-10,wk inc flu hosp,1,2026-10-17,05,quantile,0.45,21
2026-10-10,wk inc flu hosp,1,2026-10-17,05,quantile,0.5,22
2026-10-10,wk inc flu hosp,1,2026-10-17,05,quantile,0.55,24
2026-10-10,wk inc flu hosp,1,2026-10-17,05,quantile,0.6,26
2026-10-10,wk inc flu hosp,1,2026-10-17,05,quantile,0.65,28
2026-10-10,wk inc flu hosp,1,2026-10-17,05,quantile,0.7,31
2026-10-10,wk inc flu hosp,1,2026-10-17,05,quantile,0.75,34
2026-10-10,wk inc flu hosp,1,2026-10-17,05,quantile,0.8,37
2026-10-10,wk inc flu hosp,1,2026-10-17,05,quantile,0.85,42
2026-10-10,wk inc flu hosp,1,2026-10-17,05,quantile,0.9,49
2026-10-10,wk inc flu hosp,1,2026-10-17,05,quantile,0.95,61
2026-10-10,wk inc flu hosp,1,2026-10-17,05,quantile,0.975,73
2026-10-10,wk inc flu hosp,1,2026-10-17,05,quantile,0.99,91
2026-10-10,wk inc flu hosp,2,2026-10-24,05,quantile,0.01,5
2026-10-10,wk inc flu hosp,2,2026-10-24,05,quantile,0.025,6
2026-10-10,wk inc flu hosp,2,2026-10-24,05,quantile,0.05,8
2026-10-10,wk inc flu hosp,2,2026-10-24,05,quantile,0.1,10
2026-10-10,wk inc flu hosp,2,2026-10-24,05,quantile,0.15,12
2026-10-10,wk inc flu hosp,2,2026-10-24,05,quantile,0.2,14
2026-10-10,wk inc flu hosp,2,2026-10-24,05,quantile,0.25,16
2026-10-10,wk inc flu hosp,2,2026-10-24,05,quantile,0.3,18
2026-10-10,wk inc flu hosp,2,2026-10-24,05,quantile,0.35,20
2026-10-10,wk inc flu hosp,2,2026-10-24,05,quantile,0.4,22
2026-10-10,wk inc flu hosp,2,2026-10-24,05,quantile,0.45,24
2026-10-10,wk inc flu hosp,2,2026-10-24,05,quantile,0.5,26
2026-10-10,wk inc flu hosp,2,2026-10-24,05,quantile,0.55,28
2026-10-10,wk inc flu hosp,2,2026-10-24,05,quantile,0.6,31
2026-10-10,wk inc flu hosp,2,2026-10-24,05,quantile,0.65,34
2026-10-10,wk inc flu hosp,2,2026-10-24,05,quantile,0.7,38
2026-10-10,wk inc flu hosp,2,2026-10-24,05,quantile,0.75,42
2026-10-10,wk inc flu hosp,2,2026-10-24,05,quantile,0.8,47
2026-10-10,wk inc flu hosp,2,2026-10-24,05,quantile,0.85,54
2026-10-10,wk inc flu hosp,2,2026-10-24,05,quantile,0.9,64
2026-10-10,wk inc flu hosp,2,2026-10-24,05,quantile,0.95,82
2026-10-10,wk inc flu hosp,2,2026-10-24,05,quantile,0.975,102
2026-10-10,wk inc flu hosp,2,2026-10-24,05,quantile,0.99,132
2026-10-10,wk inc flu hosp,3,2026-10-31,05,quantile,0.01,4
2026-10-10,wk inc flu hosp,3,2026-10-31,05,quantile,0.025,6
2026-10-10,wk inc flu hosp,3,2026-10-31,05,quantile,0.05,8
2026-10-10,wk inc flu hosp,3,2026-10-31,05,quantile,0.1,11
2026-10-10,wk inc flu hosp,3,2026-10-31,05,quantile,0.15,13
2026-10-10,wk inc flu hosp,3,2026-10-31,05,quantile,0.2,15
2026-10-10,wk inc flu hosp,3,2026-10-31,05,quantile,0.25,17
2026-10-10,wk inc flu hosp,3,2026-10-31,05,quantile,0.3,20
2026-10-10,wk inc flu hosp,3,2026-10-31,05,quantile,0.35,22
2026-10-10,wk inc flu hosp,3,2026-10-31,05,quantile,0.4,24
2026-10-10,wk inc flu hosp,3,2026-10-31,05,quantile,0.45,27
2026-10-10,wk inc flu hosp,3,2026-10-31,05,quantile,0.5,30
2026-10-10,wk inc flu hosp,3,2026-10-31,05,quantile,0.55,33
2026-10-10,wk inc flu hosp,3,2026-10-31,05,quantile,0.6,36
2026-10-10,wk inc flu hosp,3,2026-10-31,05,quantile,0.65,40
2026-10-10,wk inc flu hosp,3,2026-10-31,05,quantile,0.7,45
2026-10-10,wk inc flu hosp,3,2026-10-31,05,quantile,0.75,51
2026-10-10,wk inc flu hosp,3,2026-10-31,05,quantile,0.8,58
2026-10-10,wk inc flu hosp,3,2026-10-31,05,quantile,0.85,67
2026-10-10,wk inc flu hosp,3,2026-10-31,05,quantile,0.9,81
2026-10-10,wk inc flu hosp,3,2026-10-31,05,quantile,0.95,107
2026-10-10,wk inc flu hosp,3,2026-10-31,05,quantile,0.975,137
2026-10-10,wk inc flu hosp,3,2026-10-31,05,quantile,0.99,182
2026-10-10,wk inc flu hosp,0,2026-10-10,06,quantile,0.01,203
2026-10-10,wk inc flu hosp,0,2026-10-10,06,quantile,0.025,236
2026-10-10,wk inc flu hosp,0,2026-10-10,06,quantile,0.05,269
2026-10-10,wk inc flu hosp,0,2026-10-10,06,quantile,0.1,312
2026-10-10,wk inc flu hosp,0,2026-10-10,06,quantile,0.15,346
2026-10-10,wk inc flu hosp,0,2026-10-10,06,quantile,0.2,374
2026-10-10,wk inc flu hosp,0,2026-10-10,06,quantile,0.25,401
2026-10-10,wk inc flu hosp,0,2026-10-10,06,quantile,0.3,427
2026-10-10,wk inc flu hosp,0,2026-10-10,06,quantile,0.35,452
2026-10-10,wk inc flu hosp,0,2026-10-10,06,quantile,0.4,477
2026-10-10,wk inc flu hosp,0,2026-10-10,06,quantile,0.45,503
2026-10-10,wk inc flu hosp,0,2026-10-10,06,quantile,0.5,530
2026-10-10,wk inc flu hosp,0,2026-10-10,06,quantile,0.55,558
2026-10-10,wk inc flu hosp,0,2026-10-10,06,quantile,0.6,588
2026-10-10,wk inc flu hosp,0,2026-10-10,06,quantile,0.65,621
2026-10-10,wk inc flu hosp,0,2026-10-10,06,quantile,0.7,658
2026-10-10,wk inc flu hosp,0,2026-10-10,06,quantile,0.75,700
2026-10-10,wk inc flu hosp,0,2026-10-10,06,quantile,0.8,750
2026-10-10,wk inc flu hosp,0,2026-10-10,06,quantile,0.85,812
2026-10-10,wk inc flu hosp,0,2026-10-10,06,quantile,0.9,899
2026-10-10,wk inc flu hosp,0,2026-10-10,06,quantile,0.95,1044
2026-10-10,wk inc flu hosp,0,2026-10-10,06,quantile,0.975,1189
2026-10-10,wk inc flu hosp,0,2026-10-10,06,quantile,0.99,1382
2026-10-10,wk inc flu hosp,1,2026-10-17,06,quantile,0.01,187
2026-10-10,wk inc flu hosp,1,2026-10-17,06,quantile,0.025,223
2026-10-10,wk inc flu hosp,1,2026-10-17,06,quantile,0.05,260
2026-10-10,wk inc flu hosp,1,2026-10-17,06,quantile,0.1,309
2026-10-10,wk inc flu hosp,1,2026-10-17,06,quantile,0.15,348
2026-10-10,wk inc flu hosp,1,2026-10-17,06,quantile,0.2,382
2026-10-10,wk inc flu hosp,1,2026-10-17,06,quantile,0.25,414
2026-10-10,wk inc flu hosp,1,2026-10-17,06,quantile,0.3,444
2026-10-10,wk inc flu hosp,1,2026-10-17,06,quantile,0.35,475
2026-10-10,wk inc flu hosp,1,2026-10-17,06,quantile,0.4,506
2026-10-10,wk inc flu hosp,1,2026-10-17,06,quantile,0.45,538
2026-10-10,wk inc flu hosp,1,2026-10-17,06,quantile,0.5,571
2026-10-10,wk inc flu hosp,1,2026-10-17,06,quantile,0.55,607
2026-10-10,wk inc flu hosp,1,2026-10-17,06,quantile,0.6,645
2026-10-10,wk inc flu hosp,1,2026-10-17,06,quantile,0.65,687
2026-10-10,wk inc flu hosp,1,2026-10-17,06,quantile,0.7,735
2026-10-10,wk inc flu hosp,1,2026-10-17,06,quantile,0.75,789
2026-10-10,wk inc flu hosp,1,2026-10-17,06,quantile,0.8,855
2026-10-10,wk inc flu hosp,1,2026-10-17,06,quantile,0.85,939
2026-10-10,wk inc flu hosp,1,2026-10-17,06,quantile,0.9,1056
2026-10-10,wk inc flu hosp,1,2026-10-17,06,quantile,0.95,1257
2026-10-10,wk inc flu hosp,1,2026-10-17,06,quantile,0.975,1461
2026-10-10,wk inc flu hosp,1,2026-10-17,06,quantile,0.99,1741
2026-10-10,wk inc flu hosp,2,2026-10-24,06,quantile,0.01,165
2026-10-10,wk inc flu hosp,2,2026-10-24,06,quantile,0.025,203
2026-10-10,wk inc flu hosp,2,2026-10-24,06,quantile,0.05,241
2026-10-10,wk inc flu hosp,2,2026-10-24,06,quantile,0.1,295
2026-10-10,wk inc flu hosp,2,2026-10-24,06,quantile,0.15,338
2026-10-10,wk inc flu hosp,2,2026-10-24,06,quantile,0.2,377
2026-10-10,wk inc flu hosp,2,2026-10-24,06,quantile,0.25,414
2026-10-10,wk inc flu hosp,2,2026-10-24,06,quantile,0.3,449
2026-10-10,wk inc flu hosp,2,2026-10-24,06,quantile,0.35,485
2026-10-10,wk inc flu hosp,2,2026-10-24,06,quantile,0.4,522
2026-10-10,wk inc flu hosp,2,2026-10-24,06,quantile,0.45,561
2026-10-10,wk inc flu hosp,2,2026-10-24,06,quantile,0.5,601
2026-10-10,wk inc flu hosp,2,2026-10-24,06,quantile,0.55,644
2026-10-10,wk inc flu hosp,2,2026-10-24,06,quantile,0.6,692
2026-10-10,wk inc flu hosp,2,2026-10-24,06,quantile,0.65,744
2026-10-10,wk inc flu hosp,2,2026-10-24,06,quantile,0.7,804
2026-10-10,wk inc flu hosp,2,2026-10-24,06,quantile,0.75,873
2026-10-10,wk inc flu hosp,2,2026-10-24,06,quantile,0.8,958
2026-10-10,wk inc flu hosp,2,2026-10-24,06,quantile,0.85,1067
2026-10-10,wk inc flu hosp,2,2026-10-24,06,quantile,0.9,1222
2026-10-10,wk inc flu hosp,2,2026-10-24,06,quantile,0.95,1495
2026-10-10,wk inc flu hosp,2,2026-10-24,06,quantile,0.975,1780
2026-10-10,wk inc flu hosp,2,2026-10-24,06,quantile,0.99,2180
2026-10-10,wk inc flu hosp,3,2026-10-31,06,quantile,0.01,150
2026-10-10,wk inc flu hosp,3,2026-10-31,06,quantile,0.025,188
2026-10-10,wk inc flu hosp,3,2026-10-31,06,quantile,0.05,229
2026-10-10,wk inc flu hosp,3,2026-10-31,06,quantile,0.1,287
2026-10-10,wk inc flu hosp,3,2026-10-31,06,quantile,0.15,334
2026-10-10,wk inc flu hosp,3,2026-10-31,06,quantile,0.2,377
2026-10-10,wk inc flu hosp,3,2026-10-31,06,quantile,0.25,419
2026-10-10,wk inc flu hosp,3,2026-10-31,06,quantile,0.3,459
2026-10-10,wk inc flu hosp,3,2026-10-31,06,quantile,0.35,501
2026-10-10,wk inc flu hosp,3,2026-10-31,06,quantile,0.4,543
2026-10-10,wk inc flu hosp,3,2026-10-31,06,quantile,0.45,588
2026-10-10,wk inc flu hosp,3,2026-10-31,06,quantile,0.5,636
2026-10-10,wk inc flu hosp,3,2026-10-31,06,quantile,0.55,687
2026-10-10,wk inc flu hosp,3,2026-10-31,06,quantile,0.6,744
2026-10-10,wk inc flu hosp,3,2026-10-31,06,quantile,0.65,807
2026-10-10,wk inc flu hosp,3,2026-10-31,06,quantile,0.7,880
2026-10-10,wk inc flu hosp,3,2026-10-31,06,quantile,0.75,966
2026-10-10,wk inc flu hosp,3,2026-10-31,06,quantile,0.8,1071
2026-10-10,wk inc flu hosp,3,2026-10-31,06,quantile,0.85,1208
2026-10-10,wk inc flu hosp,3,2026-10-31,06,quantile,0.9,1406
2026-10-10,wk inc flu hosp,3,2026-10-31,06,quantile,0.95,1761
2026-10-10,wk inc flu hosp,3,2026-10-31,06,quantile,0.975,2140
2026-10-10,wk inc flu hosp,3,2026-10-31,06,quantile,0.99,2685
2026-10-10,wk inc flu hosp,0,2026-10-10,08,quantile,0.01,13
2026-10-10,wk inc flu hosp,0,2026-10-10,08,quantile,0.025,16
2026-10-10,wk inc flu hosp,0,2026-10-10,08,quantile,0.05,18
2026-10-10,wk inc flu hosp,0,2026-10-10,08,quantile,0.1,22
2026-10-10,wk inc flu hosp,0,2026-10-10,08,quantile,0.15,25
2026-10-10,wk inc flu hosp,0,2026-10-10,08,quantile,0.2,27
2026-10-10,wk inc flu hosp,0,2026-10-10,08,quantile,0.25,30
2026-10-10,wk inc flu hosp,0,2026-10-10,08,quantile,0.3,32
2026-10-10,wk inc flu hosp,0,2026-10-10,08,quantile,0.35,34
2026-10-10,wk inc flu hosp,0,2026-10-10,08,quantile,0.4,37
2026-10-10,wk inc flu hosp,0,2026-10-10,08,quantile,0.45,39
2026-10-10,wk inc flu hosp,0,2026-10-10,08,quantile,0.5,41
2026-10-10,wk inc flu hosp,0,2026-10-10,08,quantile,0.55,44
2026-10-10,wk inc flu hosp,0,2026-10-10,08,quantile,0.6,47
2026-10-10,wk inc flu hosp,0,2026-10-10,08,quantile,0.65,50
2026-10-10,wk inc flu hosp,0,2026-10-10,08,quantile,0.7,53
2026-10-10,wk inc flu hosp,0,2026-10-10,08,quantile,0.75,57
2026-10-10,wk inc flu hosp,0,2026-10-10,08,quantile,0.8,62
2026-10-10,wk inc flu hosp,0,2026-10-10,08,quantile,0.85,68
2026-10-10,wk inc flu hosp,0,2026-10-10,08,quantile,0.9,76
2026-10-10,wk inc flu hosp,0,2026-10-10,08,quantile,0.95,91
2026-10-10,wk inc flu hosp,0,2026-10-10,08,quantile,0.975,105
2026-10-10,wk inc flu hosp,0,2026-10-10,08,quantile,0.99,126
2026-10-10,wk inc flu hosp,1,2026-10-17,08,quantile,0.01,12
2026-10-10,wk inc flu hosp,1,2026-10-17,08,quantile,0.025,15
2026-10-10,wk inc flu hosp,1,2026-10-17,08,quantile,0.05,18
2026-10-10,wk inc flu hosp,1,2026-10-17,08,quantile,0.1,22
2026-10-10,wk inc flu hosp,1,2026-10-17,08,quantile,0.15,26
2026-10-10,wk inc flu hosp,1,2026-10-17,08,quantile,0.2,29
2026-10-10,wk inc flu hosp,1,2026-10-17,08,quantile,0.25,32
2026-10-10,wk inc flu hosp,1,2026-10-17,08,quantile,0.3,35
2026-10-10,wk inc flu hosp,1,2026-10-17,08,quantile,0.35,37
2026-10-10,wk inc flu hosp,1,2026-10-17,08,quantile,0.4,40
2026-10-10,wk inc flu hosp,1,2026-10-17,08,quantile,0.45,43
2026-10-10,wk inc flu hosp,1,2026-10-17,08,quantile,0.5,46
2026-10-10,wk inc flu hosp,1,2026-10-17,08,quantile,0.55,50
2026-10-10,wk inc flu hosp,1,2026-10-17,08,quantile,0.6,53
2026-10-10,wk inc flu hosp,1,2026-10-17,08,quantile,0.65,58
2026-10-10,wk inc flu hosp,1,2026-10-17,08,quantile,0.7,62
2026-10-10,wk inc flu hosp,1,2026-10-17,08,quantile,0.75,68
2026-10-10,wk inc flu hosp,1,2026-10-17,08,quantile,0.8,74
2026-10-10,wk inc flu hosp,1,2026-10-17,08,quantile,0.85,83
2026-10-10,wk inc flu hosp,1,2026-10-17,08,quantile,0.9,95
2026-10-10,wk inc flu hosp,1,2026-10-17,08,quantile,0.95,116
2026-10-10,wk inc flu hosp,1,2026-10-17,08,quantile,0.975,138
2026-10-10,wk inc flu hosp,1,2026-10-17,08,quantile,0.99,169
2026-10-10,wk inc flu hosp,2,2026-10-24,08,quantile,0.01,11
2026-10-10,wk inc flu hosp,2,2026-10-24,08,quantile,0.025,14
2026-10-10,wk inc flu hosp,2,2026-10-24,08,quantile,0.05,18
2026-10-10,wk inc flu hosp,2,2026-10-24,08,quantile,0.1,22
2026-10-10,wk inc flu hosp,2,2026-10-24,08,quantile,0.15,26
2026-10-10,wk inc flu hosp,2,2026-10-24,08,quantile,0.2,30
2026-10-10,wk inc flu hosp,2,2026-10-24,08,quantile,0.25,33
2026-10-10,wk inc flu hosp,2,2026-10-24,08,quantile,0.3,37
2026-10-10,wk inc flu hosp,2,2026-10-24,08,quantile,0.35,40
2026-10-10,wk inc flu hosp,2,2026-10-24,08,quantile,0.4,44
2026-10-10,wk inc flu hosp,2,2026-10-24,08,quantile,0.45,48
2026-10-10,wk inc flu hosp,2,2026-10-24,08,quantile,0.5,52
2026-10-10,wk inc flu hosp,2,2026-10-24,08,quantile,0.55,56
2026-10-10,wk inc flu hosp,2,2026-10-24,08,quantile,0.6,61
2026-10-10,wk inc flu hosp,2,2026-10-24,08,quantile,0.65,66
2026-10-10,wk inc flu hosp,2,2026-10-24,08,quantile,0.7,73
2026-10-10,wk inc flu hosp,2,2026-10-24,08,quantile,0.75,80
2026-10-10,wk inc flu hosp,2,2026-10-24,08,quantile,0.8,89
2026-10-10,wk inc flu hosp,2,2026-10-24,08,quantile,0.85,101
2026-10-10,wk inc flu hosp,2,2026-10-24,08,quantile,0.9,118
2026-10-10,wk inc flu hosp,2,2026-10-24,08,quantile,0.95,149
2026-10-10,wk inc flu hosp,2,2026-10-24,08,quantile,0.975,182
2026-10-10,wk inc flu hosp,2,2026-10-24,08,quantile,0.99,229
2026-10-10,wk inc flu hosp,3,2026-10-31,08,quantile,0.01,10
2026-10-10,wk inc flu hosp,3,2026-10-31,08,quantile,0.025,14
2026-10-10,wk inc flu hosp,3,2026-10-31,08,quantile,0.05,17
2026-10-10,wk inc flu hosp,3,2026-10-31,08,quantile,0.1,23
2026-10-10,wk inc flu hosp,3,2026-10-31,08,quantile,0.15,27
2026-10-10,wk inc flu hosp,3,2026-10-31,08,quantile,0.2,32
2026-10-10,wk inc flu hosp,3,2026-10-31,08,quantile,0.25,36
2026-10-10,wk inc flu hosp,3,2026-10-31,08,quantile,0.3,40
2026-10-10,wk inc flu hosp,3,2026-10-31,08,quantile,0.35,44
2026-10-10,wk inc flu hosp,3,2026-10-31,08,quantile,0.4,49
2026-10-10,wk inc flu hosp,3,2026-10-31,08,quantile,0.45,53
2026-10-10,wk inc flu hosp,3,2026-10-31,08,quantile,0.5,58
2026-10-10,wk inc flu hosp,3,2026-10-31,08,quantile,0.55,64
2026-10-10,wk inc flu hosp,3,2026-10-31,08,quantile,0.6,70
2026-10-10,wk inc flu hosp,3,2026-10-31,08,quantile,0.65,77
2026-10-10,wk inc flu hosp,3,2026-10-31,08,quantile,0.7,85
2026-10-10,wk inc flu hosp,3,2026-10-31,08,quantile,0.75,95
2026-10-10,wk inc flu hosp,3,2026-10-31,08,quantile,0.8,107
2026-10-10,wk inc flu hosp,3,2026-10-31,08,quantile,0.85,123
2026-10-10,wk inc flu hosp,3,2026-10-31,08,quantile,0.9,146
2026-10-10,wk inc flu hosp,3,2026-10-31,08,quantile,0.95,189
2026-10-10,wk inc flu hosp,3,2026-10-31,08,quantile,0.975,237
2026-10-10,wk inc flu hosp,3,2026-10-31,08,quantile,0.99,307
2026-10-10,wk inc flu hosp,0,2026-10-10,09,quantile,0.01,5
2026-10-10,wk inc flu hosp,0,2026-10-10,09,quantile,0.025,6
2026-10-10,wk inc flu hosp,0,2026-10-10,09,quantile,0.05,8
2026-10-10,wk inc flu hosp,0,2026-10-10,09,quantile,0.1,9
2026-10-10,wk inc flu hosp,0,2026-10-10,09,quantile,0.15,11
2026-10-10,wk inc flu hosp,0,2026-10-10,09,quantile,0.2,12
2026-10-10,wk inc flu hosp,0,2026-10-10,09,quantile,0.25,14
2026-10-10,wk inc flu hosp,0,2026-10-10,09,quantile,0.3,15
2026-10-10,wk inc flu hosp,0,2026-10-10,09,quantile,0.35,16
2026-10-10,wk inc flu hosp,0,2026-10-10,09,quantile,0.4,17
2026-10-10,wk inc flu hosp,0,2026-10-10,09,quantile,0.45,19
2026-10-10,wk inc flu hosp,0,2026-10-10,09,quantile,0.5,20
2026-10-10,wk inc flu hosp,0,2026-10-10,09,quantile,0.55,22
2026-10-10,wk inc flu hosp,0,2026-10-10,09,quantile,0.6,23
2026-10-10,wk inc flu hosp,0,2026-10-10,09,quantile,0.65,25
2026-10-10,wk inc flu hosp,0,2026-10-10,09,quantile,0.7,27
2026-10-10,wk inc flu hosp,0,2026-10-10,09,quantile,0.75,30
2026-10-10,wk inc flu hosp,0,2026-10-10,09,quantile,0.8,33
2026-10-10,wk inc flu hosp,0,2026-10-10,09,quantile,0.85,36
2026-10-10,wk inc flu hosp,0,2026-10-10,09,quantile,0.9,42
2026-10-10,wk inc flu hosp,0,2026-10-10,09,quantile,0.95,51
2026-10-10,wk inc flu hosp,0,2026-10-10,09,quantile,0.975,61
2026-10-10,wk inc flu hosp,0,2026-10-10,09,quantile,0.99,75
2026-10-10,wk inc flu hosp,1,2026-10-17,09,quantile,0.01,4
2026-10-10,wk inc flu hosp,1,2026-10-17,09,quantile,0.025,6
2026-10-10,wk inc flu hosp,1,2026-10-17,09,quantile,0.05,7
2026-10-10,wk inc flu hosp,1,2026-10-17,09,quantile,0.1,9
2026-10-10,wk inc flu hosp,1,2026-10-17,09,quantile,0.15,11
2026-10-10,wk inc flu hosp,1,2026-10-17,09,quantile,0.2,13
2026-10-10,wk inc flu hosp,1,2026-10-17,09,quantile,0.25,14
2026-10-10,wk inc flu hosp,1,2026-10-17,09,quantile,0.3,16
2026-10-10,wk inc flu hosp,1,2026-10-17,09,quantile,0.35,17
2026-10-10,wk inc flu hosp,1,2026-10-17,09,quantile,0.4,19
2026-10-10,wk inc flu hosp,1,2026-10-17,09,quantile,0.45,21
2026-10-10,wk inc flu hosp,1,2026-10-17,09,quantile,0.5,22
2026-10-10,wk inc flu hosp,1,2026-10-17,09,quantile,0.55,24
2026-10-10,wk inc flu hosp,1,2026-10-17,09,quantile,0.6,26
2026-10-10,wk inc flu hosp,1,2026-10-17,09,quantile,0.65,29
2026-10-10,wk inc flu hosp,1,2026-10-17,09,quantile,0.7,32
2026-10-10,wk inc flu hosp,1,2026-10-17,09,quantile,0.75,35
2026-10-10,wk inc flu hosp,1,2026-10-17,09,quantile,0.8,39
2026-10-10,wk inc flu hosp,1,2026-10-17,09,quantile,0.85,44
2026-10-10,wk inc flu hosp,1,2026-10-17,09,quantile,0.9,52
2026-10-10,wk inc flu hosp,1,2026-10-17,09,quantile,0.95,66
2026-10-10,wk inc flu hosp,1,2026-10-17,09,quantile,0.975,80
2026-10-10,wk inc flu hosp,1,2026-10-17,09,quantile,0.99,102
2026-10-10,wk inc flu hosp,2,2026-10-24,09,quantile,0.01,4
2026-10-10,wk inc flu hosp,2,2026-10-24,09,quantile,0.025,5
2026-10-10,wk inc flu hosp,2,2026-10-24,09,quantile,0.05,7
2026-10-10,wk inc flu hosp,2,2026-10-24,09,quantile,0.1,10
2026-10-10,wk inc flu hosp,2,2026-10-24,09,quantile,0.15,12
2026-10-10,wk inc flu hosp,2,2026-10-24,09,quantile,0.2,14
2026-10-10,wk inc flu hosp,2,2026-10-24,09,quantile,0.25,15
2026-10-10,wk inc flu hosp,2,2026-10-24,09,quantile,0.3,17
2026-10-10,wk inc flu hosp,2,2026-10-24,09,quantile,0.35,19
2026-10-10,wk inc flu hosp,2,2026-10-24,09,quantile,0.4,21
2026-10-10,wk inc flu hosp,2,2026-10-24,09,quantile,0.45,24
2026-10-10,wk inc flu hosp,2,2026-10-24,09,quantile,0.5,26
2026-10-10,wk inc flu hosp,2,2026-10-24,09,quantile,0.55,29
2026-10-10,wk inc flu hosp,2,2026-10-24,09,quantile,0.6,32
2026-10-10,wk inc flu hosp,2,2026-10-24,09,quantile,0.65,35
2026-10-10,wk inc flu hosp,2,2026-10-24,09,quantile,0.7,39
2026-10-10,wk inc flu hosp,2,2026-10-24,09,quantile,0.75,43
2026-10-10,wk inc flu hosp,2,2026-10-24,09,quantile,0.8,49
2026-10-10,wk inc flu hosp,2,2026-10-24,09,quantile,0.85,57
2026-10-10,wk inc flu hosp,2,2026-10-24,09,quantile,0.9,68
2026-10-10,wk inc flu hosp,2,2026-10-24,09,quantile,0.95,90
2026-10-10,wk inc flu hosp,2,2026-10-24,09,quantile,0.975,113
2026-10-10,wk inc flu hosp,2,2026-10-24,09,quantile,0.99,149
2026-10-10,wk inc flu hosp,3,2026-10-31,09,quantile,0.01,3
2026-10-10,wk inc flu hosp,3,2026-10-31,09,quantile,0.025,5
2026-10-10,wk inc flu hosp,3,2026-10-31,09,quantile,0.05,7
2026-10-10,wk inc flu hosp,3,2026-10-31,09,quantile,0.1,9
2026-10-10,wk inc flu hosp,3,2026-10-31,09,quantile,0.15,12
2026-10-10,wk inc flu hosp,3,2026-10-31,09,quantile,0.2,14
2026-10-10,wk inc flu hosp,3,2026-10-31,09,quantile,0.25,16
2026-10-10,wk inc flu hosp,3,2026-10-31,09,quantile,0.3,19
2026-10-10,wk inc flu hosp,3,2026-10-31,09,quantile,0.35,21
2026-10-10,wk inc flu hosp,3,2026-10-31,09,quantile,0.4,23
2026-10-10,wk inc flu hosp,3,2026-10-31,09,quantile,0.45,26
2026-10-10,wk inc flu hosp,3,2026-10-31,09,quantile,0.5,29
2026-10-10,wk inc flu hosp,3,2026-10-31,09,quantile,0.55,32
2026-10-10,wk inc flu hosp,3,2026-10-31,09,quantile,0.6,36
2026-10-10,wk inc flu hosp,3,2026-10-31,09,quantile,0.65,40
2026-10-10,wk inc flu hosp,3,2026-10-31,09,quantile,0.7,45
2026-10-10,wk inc flu hosp,3,2026-10-31,09,quantile,0.75,51
2026-10-10,wk inc flu hosp,3,2026-10-31,09,quantile,0.8,59
2026-10-10,wk inc flu hosp,3,2026-10-31,09,quantile,0.85,70
2026-10-10,wk inc flu hosp,3,2026-10-31,09,quantile,0.9,85
2026-10-10,wk inc flu hosp,3,2026-10-31,09,quantile,0.95,116
2026-10-10,wk inc flu hosp,3,2026-10-31,09,quantile,0.975,150
2026-10-10,wk inc flu hosp,3,2026-10-31,09,quantile,0.99,203
2026-10-10,wk inc flu hosp,0,2026-10-10,10,quantile,0.01,0
2026-10-10,wk inc flu hosp,0,2026-10-10,10,quantile,0.025,0
2026-10-10,wk inc flu hosp,0,2026-10-10,10,quantile,0.05,0
2026-10-10,wk inc flu hosp,0,2026-10-10,10,quantile,0.1,1
2026-10-10,wk inc flu hosp,0,2026-10-10,10,quantile,0.15,2
2026-10-10,wk inc flu hosp,0,2026-10-10,10,quantile,0.2,2
2026-10-10,wk inc flu hosp,0,2026-10-10,10,quantile,0.25,3
2026-10-10,wk inc flu hosp,0,2026-10-10,10,quantile,0.3,3
2026-10-10,wk inc flu hosp,0,2026-10-10,10,quantile,0.35,4
2026-10-10,wk inc flu hosp,0,2026-10-10,10,quantile,0.4,4
2026-10-10,wk inc flu hosp,0,2026-10-10,10,quantile,0.45,5
2026-10-10,wk inc flu hosp,0,2026-10-10,10,quantile,0.5,6
2026-10-10,wk inc flu hosp,0,2026-10-10,10,quantile,0.55,7
2026-10-10,wk inc flu hosp,0,2026-10-10,10,quantile,0.6,8
2026-10-10,wk inc flu hosp,0,2026-10-10,10,quantile,0.65,9
2026-10-10,wk inc flu hosp,0,2026-10-10,10,quantile,0.7,10
2026-10-10,wk inc flu hosp,0,2026-10-10,10,quantile,0.75,12
2026-10-10,wk inc flu hosp,0,2026-10-10,10,quantile,0.8,14
2026-10-10,wk inc flu hosp,0,2026-10-10,10,quantile,0.85,17
2026-10-10,wk inc flu hosp,0,2026-10-10,10,quantile,0.9,22
2026-10-10,wk inc flu hosp,0,2026-10-10,10,quantile,0.95,31
2026-10-10,wk inc flu hosp,0,2026-10-10,10,quantile,0.975,42
2026-10-10,wk inc flu hosp,0,2026-10-10,10,quantile,0.99,60
2026-10-10,wk inc flu hosp,1,2026-10-17,10,quantile,0.01,0
2026-10-10,wk inc flu hosp,1,2026-10-17,10,quantile,0.025,0
2026-10-10,wk inc flu hosp,1,2026-10-17,10,quantile,0.05,0
2026-10-10,wk inc flu hosp,1,2026-10-17,10,quantile,0.1,1
2026-10-10,wk inc flu hosp,1,2026-10-17,10,quantile,0.15,2
2026-10-10,wk inc flu hosp,1,2026-10-17,10,quantile,0.2,2
2026-10-10,wk inc flu hosp,1,2026-10-17,10,quantile,0.25,3
2026-10-10,wk inc flu hosp,1,2026-10-17,10,quantile,0.3,4
2026-10-10,wk inc flu hosp,1,2026-10-17,10,quantile,0.35,4
2026-10-10,wk inc flu hosp,1,2026-10-17,10,quantile,0.4,5
2026-10-10,wk inc flu hosp,1,2026-10-17,10,quantile,0.45,6
2026-10-10,wk inc flu hosp,1,2026-10-17,10,quantile,0.5,7
2026-10-10,wk inc flu hosp,1,2026-10-17,10,quantile,0.55,8
2026-10-10,wk inc flu hosp,1,2026-10-17,10,quantile,0.6,10
2026-10-10,wk inc flu hosp,1,2026-10-17,10,quantile,0.65,11
2026-10-10,wk inc flu hosp,1,2026-10-17,10,quantile,0.7,13
2026-10-10,wk inc flu hosp,1,2026-10-17,10,quantile,0.75,16
2026-10-10,wk inc flu hosp,1,2026-10-17,10,quantile,0.8,19
2026-10-10,wk inc flu hosp,1,2026-10-17,10,quantile,0.85,24
2026-10-10,wk inc flu hosp,1,2026-10-17,10,quantile,0.9,32
2026-10-10,wk inc flu hosp,1,2026-10-17,10,quantile,0.95,48
2026-10-10,wk inc flu hosp,1,2026-10-17,10,quantile,0.975,68
2026-10-10,wk inc flu hosp,1,2026-10-17,10,quantile,0.99,102
2026-10-10,wk inc flu hosp,2,2026-10-24,10,quantile,0.01,0
2026-10-10,wk inc flu hosp,2,2026-10-24,10,quantile,0.025,0
2026-10-10,wk inc flu hosp,2,2026-10-24,10,quantile,0.05,0
2026-10-10,wk inc flu hosp,2,2026-10-24,10,quantile,0.1,1
2026-10-10,wk inc flu hosp,2,2026-10-24,10,quantile,0.15,2
2026-10-10,wk inc flu hosp,2,2026-10-24,10,quantile,0.2,2
2026-10-10,wk inc flu hosp,2,2026-10-24,10,quantile,0.25,3
2026-10-10,wk inc flu hosp,2,2026-10-24,10,quantile,0.3,4
2026-10-10,wk inc flu hosp,2,2026-10-24,10,quantile,0.35,5
2026-10-10,wk inc flu hosp,2,2026-10-24,10,quantile,0.4,6
2026-10-10,wk inc flu hosp,2,2026-10-24,10,quantile,0.45,7
2026-10-10,wk inc flu hosp,2,2026-10-24,10,quantile,0.5,9
2026-10-10,wk inc flu hosp,2,2026-10-24,10,quantile,0.55,11
2026-10-10,wk inc flu hosp,2,2026-10-24,10,quantile,0.6,13
2026-10-10,wk inc flu hosp,2,2026-10-24,10,quantile,0.65,15
2026-10-10,wk inc flu hosp,2,2026-10-24,10,quantile,0.7,18
2026-10-10,wk inc flu hosp,2,2026-10-24,10,quantile,0.75,22
2026-10-10,wk inc flu hosp,2,2026-10-24,10,quantile,0.8,28
2026-10-10,wk inc flu hosp,2,2026-10-24,10,quantile,0.85,36
2026-10-10,wk inc flu hosp,2,2026-10-24,10,quantile,0.9,49
2026-10-10,wk inc flu hosp,2,2026-10-24,10,quantile,0.95,78
2026-10-10,wk inc flu hosp,2,2026-10-24,10,quantile,0.975,116
2026-10-10,wk inc flu hosp,2,2026-10-24,10,quantile,0.99,185
2026-10-10,wk inc flu hosp,3,2026-10-31,10,quantile,0.01,0
2026-10-10,wk inc flu hosp,3,2026-10-31,10,quantile,0.025,0
2026-10-10,wk inc flu hosp,3,2026-10-31,10,quantile,0.05,0
2026-10-10,wk inc flu hosp,3,2026-10-31,10,quantile,0.1,1
2026-10-10,wk inc flu hosp,3,2026-10-31,10,quantile,0.15,2
2026-10-10,wk inc flu hosp,3,2026-10-31,10,quantile,0.2,3
2026-10-10,wk inc flu hosp,3,2026-10-31,10,quantile,0.25,4
2026-10-10,wk inc flu hosp,3,2026-10-31,10,quantile,0.3,5
2026-10-10,wk inc flu hosp,3,2026-10-31,10,quantile,0.35,6
2026-10-10,wk inc flu hosp,3,2026-10-31,10,quantile,0.4,7
2026-10-10,wk inc flu hosp,3,2026-10-31,10,quantile,0.45,9
2026-10-10,wk inc flu hosp,3,2026-10-31,10,quantile,0.5,11
2026-10-10,wk inc flu hosp,3,2026-10-31,10,quantile,0.55,13
2026-10-10,wk inc flu hosp,3,2026-10-31,10,quantile,0.6,16
2026-10-10,wk inc flu hosp,3,2026-10-31,10,quantile,0.65,19
2026-10-10,wk inc flu hosp,3,2026-10-31,10,quantile,0.7,24
2026-10-10,wk inc flu hosp,3,2026-10-31,10,quantile,0.75,30
2026-10-10,wk inc flu hosp,3,2026-10-31,10,quantile,0.8,38
2026-10-10,wk inc flu hosp,3,2026-10-31,10,quantile,0.85,50
2026-10-10,wk inc flu hosp,3,2026-10-31,10,quantile,0.9,71
2026-10-10,wk inc flu hosp,3,2026-10-31,10,quantile,0.95,119
2026-10-10,wk inc flu hosp,3,2026-10-31,10,quantile,0.975,186
2026-10-10,wk inc flu hosp,3,2026-10-31,10,quantile,0.99,313
2026-10-10,wk inc flu hosp,0,2026-10-10,11,quantile,0.01,1
2026-10-10,wk inc flu hosp,0,2026-10-10,11,quantile,0.025,1
2026-10-10,wk inc flu hosp,0,2026-10-10,11,quantile,0.05,1
2026-10-10,wk inc flu hosp,0,2026-10-10,11,quantile,0.1,2
2026-10-10,wk inc flu hosp,0,2026-10-10,11,quantile,0.15,2
2026-10-10,wk inc flu hosp,0,2026-10-10,11,quantile,0.2,2
2026-10-10,wk inc flu hosp,0,2026-10-10,11,quantile,0.25,3
2026-10-10,wk inc flu hosp,0,2026-10-10,11,quantile,0.3,3
2026-10-10,wk inc flu hosp,0,2026-10-10,11,quantile,0.35,3
2026-10-10,wk inc flu hosp,0,2026-10-10,11,quantile,0.4,3
2026-10-10,wk inc flu hosp,0,2026-10-10,11,quantile,0.45,4
2026-10-10,wk inc flu hosp,0,2026-10-10,11,quantile,0.5,4
2026-10-10,wk inc flu hosp,0,2026-10-10,11,quantile,0.55,4
2026-10-10,wk inc flu hosp,0,2026-10-10,11,quantile,0.6,5
2026-10-10,wk inc flu hosp,0,2026-10-10,11,quantile,0.65,5
2026-10-10,wk inc flu hosp,0,2026-10-10,11,quantile,0.7,5
2026-10-10,wk inc flu hosp,0,2026-10-10,11,quantile,0.75,6
2026-10-10,wk inc flu hosp,0,2026-10-10,11,quantile,0.8,7
2026-10-10,wk inc flu hosp,0,2026-10-10,11,quantile,0.85,7
2026-10-10,wk inc flu hosp,0,2026-10-10,11,quantile,0.9,8
2026-10-10,wk inc flu hosp,0,2026-10-10,11,quantile,0.95,10
2026-10-10,wk inc flu hosp,0,2026-10-10,11,quantile,0.975,12
2026-10-10,wk inc flu hosp,0,2026-10-10,11,quantile,0.99,15
2026-10-10,wk inc flu hosp,1,2026-10-17,11,quantile,0.01,1
2026-10-10,wk inc flu hosp,1,2026-10-17,11,quantile,0.025,1
2026-10-10,wk inc flu hosp,1,2026-10-17,11,quantile,0.05,1
2026-10-10,wk inc flu hosp,1,2026-10-17,11,quantile,0.1,2
2026-10-10,wk inc flu hosp,1,2026-10-17,11,quantile,0.15,2
2026-10-10,wk inc flu hosp,1,2026-10-17,11,quantile,0.2,3
2026-10-10,wk inc flu hosp,1,2026-10-17,11,quantile,0.25,3
2026-10-10,wk inc flu hosp,1,2026-10-17,11,quantile,0.3,3
2026-10-10,wk inc flu hosp,1,2026-10-17,11,quantile,0.35,4
2026-10-10,wk inc flu hosp,1,2026-10-17,11,quantile,0.4,4
2026-10-10,wk inc flu hosp,1,2026-10-17,11,quantile,0.45,4
2026-10-10,wk inc flu hosp,1,2026-10-17,11,quantile,0.5,5
2026-10-10,wk inc flu hosp,1,2026-10-17,11,quantile,0.55,5
2026-10-10,wk inc flu hosp,1,2026-10-17,11,quantile,0.6,6
2026-10-10,wk inc flu hosp,1,2026-10-17,11,quantile,0.65,6
2026-10-10,wk inc flu hosp,1,2026-10-17,11,quantile,0.7,7
2026-10-10,wk inc flu hosp,1,2026-10-17,11,quantile,0.75,7
2026-10-10,wk inc flu hosp,1,2026-10-17,11,quantile,0.8,8
2026-10-10,wk inc flu hosp,1,2026-10-17,11,quantile,0.85,9
2026-10-10,wk inc flu hosp,1,2026-10-17,11,quantile,0.9,11
2026-10-10,wk inc flu hosp,1,2026-10-17,11,quantile,0.95,14
2026-10-10,wk inc flu hosp,1,2026-10-17,11,quantile,0.975,17
2026-10-10,wk inc flu hosp,1,2026-10-17,11,quantile,0.99,21
2026-10-10,wk inc flu hosp,2,2026-10-24,11,quantile,0.01,0
2026-10-10,wk inc flu hosp,2,2026-10-24,11,quantile,0.025,1
2026-10-10,wk inc flu hosp,2,2026-10-24,11,quantile,0.05,1
2026-10-10,wk inc flu hosp,2,2026-10-24,11,quantile,0.1,2
2026-10-10,wk inc flu hosp,2,2026-10-24,11,quantile,0.15,2
2026-10-10,wk inc flu hosp,2,2026-10-24,11,quantile,0.2,3
2026-10-10,wk inc flu hosp,2,2026-10-24,11,quantile,0.25,3
2026-10-10,wk inc flu hosp,2,2026-10-24,11,quantile,0.3,4
2026-10-10,wk inc flu hosp,2,2026-10-24,11,quantile,0.35,4
2026-10-10,wk inc flu hosp,2,2026-10-24,11,quantile,0.4,5
2026-10-10,wk inc flu hosp,2,2026-10-24,11,quantile,0.45,5
2026-10-10,wk inc flu hosp,2,2026-10-24,11,quantile,0.5,6
2026-10-10,wk inc flu hosp,2,2026-10-24,11,quantile,0.55,7
2026-10-10,wk inc flu hosp,2,2026-10-24,11,quantile,0.6,7
2026-10-10,wk inc flu hosp,2,2026-10-24,11,quantile,0.65,8
2026-10-10,wk inc flu hosp,2,2026-10-24,11,quantile,0.7,9
2026-10-10,wk inc flu hosp,2,2026-10-24,11,quantile,0.75,10
2026-10-10,wk inc flu hosp,2,2026-10-24,11,quantile,0.8,11
2026-10-10,wk inc flu hosp,2,2026-10-24,11,quantile,0.85,13
2026-10-10,wk inc flu hosp,2,2026-10-24,11,quantile,0.9,15
2026-10-10,wk inc flu hosp,2,2026-10-24,11,quantile,0.95,20
2026-10-10,wk inc flu hosp,2,2026-10-24,11,quantile,0.975,25
2026-10-10,wk inc flu hosp,2,2026-10-24,11,quantile,0.99,32
2026-10-10,wk inc flu hosp,3,2026-10-31,11,quantile,0.01,0
2026-10-10,wk inc flu hosp,3,2026-10-31,11,quantile,0.025,1
2026-10-10,wk inc flu hosp,3,2026-10-31,11,quantile,0.05,1
2026-10-10,wk inc flu hosp,3,2026-10-31,11,quantile,0.1,2
2026-10-10,wk inc flu hosp,3,2026-10-31,11,quantile,0.15,3
2026-10-10,wk inc flu hosp,3,2026-10-31,11,quantile,0.2,3
2026-10-10,wk inc flu hosp,3,2026-10-31,11,quantile,0.25,4
2026-10-10,wk inc flu hosp,3,2026-10-31,11,quantile,0.3,5
2026-10-10,wk inc flu hosp,3,2026-10-31,11,quantile,0.35,5
2026-10-10,wk inc flu hosp,3,2026-10-31,11,quantile,0.4,6
2026-10-10,wk inc flu hosp,3,2026-10-31,11,quantile,0.45,7
2026-10-10,wk inc flu hosp,3,2026-10-31,11,quantile,0.5,7
2026-10-10,wk inc flu hosp,3,2026-10-31,11,quantile,0.55,8
2026-10-10,wk inc flu hosp,3,2026-10-31,11,quantile,0.6,9
2026-10-10,wk inc flu hosp,3,2026-10-31,11,quantile,0.65,10
2026-10-10,wk inc flu hosp,3,2026-10-31,11,quantile,0.7,11
2026-10-10,wk inc flu hosp,3,2026-10-31,11,quantile,0.75,13
2026-10-10,wk inc flu hosp,3,2026-10-31,11,quantile,0.8,15
2026-10-10,wk inc flu hosp,3,2026-10-31,11,quantile,0.85,17
2026-10-10,wk inc flu hosp,3,2026-10-31,11,quantile,0.9,21
2026-10-10,wk inc flu hosp,3,2026-10-31,11,quantile,0.95,28
2026-10-10,wk inc flu hosp,3,2026-10-31,11,quantile,0.975,35
2026-10-10,wk inc flu hosp,3,2026-10-31,11,quantile,0.99,46
2026-10-10,wk inc flu hosp,0,2026-10-10,12,quantile,0.01,247
2026-10-10,wk inc flu hosp,0,2026-10-10,12,quantile,0.025,287
2026-10-10,wk inc flu hosp,0,2026-10-10,12,quantile,0.05,326
2026-10-10,wk inc flu hosp,0,2026-10-10,12,quantile,0.1,378
2026-10-10,wk inc flu hosp,0,2026-10-10,12,quantile,0.15,418
2026-10-10,wk inc flu hosp,0,2026-10-10,12,quantile,0.2,452
2026-10-10,wk inc flu hosp,0,2026-10-10,12,quantile,0.25,484
2026-10-10,wk inc flu hosp,0,2026-10-10,12,quantile,0.3,514
2026-10-10,wk inc flu hosp,0,2026-10-10,12,quantile,0.35,544
2026-10-10,wk inc flu hosp,0,2026-10-10,12,quantile,0.4,574
2026-10-10,wk inc flu hosp,0,2026-10-10,12,quantile,0.45,604
2026-10-10,wk inc flu hosp,0,2026-10-10,12,quantile,0.5,636
2026-10-10,wk inc flu hosp,0,2026-10-10,12,quantile,0.55,669
2026-10-10,wk inc flu hosp,0,2026-10-10,12,quantile,0.6,705
2026-10-10,wk inc flu hosp,0,2026-10-10,12,quantile,0.65,743
2026-10-10,wk inc flu hosp,0,2026-10-10,12,quantile,0.7,787
2026-10-10,wk inc flu hosp,0,2026-10-10,12,quantile,0.75,836
2026-10-10,wk inc flu hosp,0,2026-10-10,12,quantile,0.8,895
2026-10-10,wk inc flu hosp,0,2026-10-10,12,quantile,0.85,968
2026-10-10,wk inc flu hosp,0,2026-10-10,12,quantile,0.9,1069
2026-10-10,wk inc flu hosp,0,2026-10-10,12,quantile,0.95,1239
2026-10-10,wk inc flu hosp,0,2026-10-10,12,quantile,0.975,1408
2026-10-10,wk inc flu hosp,0,2026-10-10,12,quantile,0.99,1633
2026-10-10,wk inc flu hosp,1,2026-10-17,12,quantile,0.01,230
2026-10-10,wk inc flu hosp,1,2026-10-17,12,quantile,0.025,274
2026-10-10,wk inc flu hosp,1,2026-10-17,12,quantile,0.05,317
2026-10-10,wk inc flu hosp,1,2026-10-17,12,quantile,0.1,377
2026-10-10,wk inc flu hosp,1,2026-10-17,12,quantile,0.15,423
2026-10-10,wk inc flu hosp,1,2026-10-17,12,quantile,0.2,464
2026-10-10,wk inc flu hosp,1,2026-10-17,12,quantile,0.25,502
2026-10-10,wk inc flu hosp,1,2026-10-17,12,quantile,0.3,539
2026-10-10,wk inc flu hosp,1,2026-10-17,12,quantile,0.35,575
2026-10-10,wk inc flu hosp,1,2026-10-17,12,quantile,0.4,612
2026-10-10,wk inc flu hosp,1,2026-10-17,12,quantile,0.45,650
2026-10-10,wk inc flu hosp,1,2026-10-17,12,quantile,0.5,690
2026-10-10,wk inc flu hosp,1,2026-10-17,12,quantile,0.55,732
2026-10-10,wk inc flu hosp,1,2026-10-17,12,quantile,0.6,777
2026-10-10,wk inc flu hosp,1,2026-10-17,12,quantile,0.65,827
2026-10-10,wk inc flu hosp,1,2026-10-17,12,quantile,0.7,883
2026-10-10,wk inc flu hosp,1,2026-10-17,12,quantile,0.75,948
2026-10-10,wk inc flu hosp,1,2026-10-17,12,quantile,0.8,1026
2026-10-10,wk inc flu hosp,1,2026-10-17,12,quantile,0.85,1125
2026-10-10,wk inc flu hosp,1,2026-10-17,12,quantile,0.9,1262
2026-10-10,wk inc flu hosp,1,2026-10-17,12,quantile,0.95,1498
2026-10-10,wk inc flu hosp,1,2026-10-17,12,quantile,0.975,1738
2026-10-10,wk inc flu hosp,1,2026-10-17,12,quantile,0.99,2065
2026-10-10,wk inc flu hosp,2,2026-10-24,12,quantile,0.01,206
2026-10-10,wk inc flu hosp,2,2026-10-24,12,quantile,0.025,251
2026-10-10,wk inc flu hosp,2,2026-10-24,12,quantile,0.05,299
2026-10-10,wk inc flu hosp,2,2026-10-24,12,quantile,0.1,364
2026-10-10,wk inc flu hosp,2,2026-10-24,12,quantile,0.15,416
2026-10-10,wk inc flu hosp,2,2026-10-24,12,quantile,0.2,463
2026-10-10,wk inc flu hosp,2,2026-10-24,12,quantile,0.25,507
2026-10-10,wk inc flu hosp,2,2026-10-24,12,quantile,0.3,551
2026-10-10,wk inc flu hosp,2,2026-10-24,12,quantile,0.35,594
2026-10-10,wk inc flu hosp,2,2026-10-24,12,quantile,0.4,638
2026-10-10,wk inc flu hosp,2,2026-10-24,12,quantile,0.45,684
2026-10-10,wk inc flu hosp,2,2026-10-24,12,quantile,0.5,733
2026-10-10,wk inc flu hosp,2,2026-10-24,12,quantile,0.55,785
2026-10-10,wk inc flu hosp,2,2026-10-24,12,quantile,0.6,841
2026-10-10,wk inc flu hosp,2,2026-10-24,12,quantile,0.65,904
2026-10-10,wk inc flu hosp,2,2026-10-24,12,quantile,0.7,975
2026-10-10,wk inc flu hosp,2,2026-10-24,12,quantile,0.75,1058
2026-10-10,wk inc flu hosp,2,2026-10-24,12,quantile,0.8,1159
2026-10-10,wk inc flu hosp,2,2026-10-24,12,quantile,0.85,1289
2026-10-10,wk inc flu hosp,2,2026-10-24,12,quantile,0.9,1473
2026-10-10,wk inc flu hosp,2,2026-10-24,12,quantile,0.95,1796
2026-10-10,wk inc flu hosp,2,2026-10-24,12,quantile,0.975,2132
2026-10-10,wk inc flu hosp,2,2026-10-24,12,quantile,0.99,2603
2026-10-10,wk inc flu hosp,3,2026-10-31,12,quantile,0.01,189
2026-10-10,wk inc flu hosp,3,2026-10-31,12,quantile,0.025,236
2026-10-10,wk inc flu hosp,3,2026-10-31,12,quantile,0.05,286
2026-10-10,wk inc flu hosp,3,2026-10-31,12,quantile,0.1,357
2026-10-10,wk inc flu hosp,3,2026-10-31,12,quantile,0.15,415
2026-10-10,wk inc flu hosp,3,2026-10-31,12,quantile,0.2,467
2026-10-10,wk inc flu hosp,3,2026-10-31,12,quantile,0.25,517
2026-10-10,wk inc flu hosp,3,2026-10-31,12,quantile,0.3,567
2026-10-10,wk inc flu hosp,3,2026-10-31,12,quantile,0.35,617
2026-10-10,wk inc flu hosp,3,2026-10-31,12,quantile,0.4,669
2026-10-10,wk inc flu hosp,3,2026-10-31,12,quantile,0.45,723
2026-10-10,wk inc flu hosp,3,2026-10-31,12,quantile,0.5,781
2026-10-10,wk inc flu hosp,3,2026-10-31,12,quantile,0.55,843
2026-10-10,wk inc flu hosp,3,2026-10-31,12,quantile,0.6,911
2026-10-10,wk inc flu hosp,3,2026-10-31,12,quantile,0.65,987
2026-10-10,wk inc flu hosp,3,2026-10-31,12,quantile,0.7,1075
2026-10-10,wk inc flu hosp,3,2026-10-31,12,quantile,0.75,1178
2026-10-10,wk inc flu hosp,3,2026-10-31,12,quantile,0.8,1304
2026-10-10,wk inc flu hosp,3,2026-10-31,12,quantile,0.85,1468
2026-10-10,wk inc flu hosp,3,2026-10-31,12,quantile,0.9,1705
2026-10-10,wk inc flu hosp,3,2026-10-31,12,quantile,0.95,2127
2026-10-10,wk inc flu hosp,3,2026-10-31,12,quantile,0.975,2577
2026-10-10,wk inc flu hosp,3,2026-10-31,12,quantile,0.99,3221
2026-10-10,wk inc flu hosp,0,2026-10-10,13,quantile,0.01,19
2026-10-10,wk inc flu hosp,0,2026-10-10,13,quantile,0.025,22
2026-10-10,wk inc flu hosp,0,2026-10-10,13,quantile,0.05,26
2026-10-10,wk inc flu hosp,0,2026-10-10,13,quantile,0.1,31
2026-10-10,wk inc flu hosp,0,2026-10-10,13,quantile,0.15,35
2026-10-10,wk inc flu hosp,0,2026-10-10,13,quantile,0.2,39
2026-10-10,wk inc flu hosp,0,2026-10-10,13,quantile,0.25,42
2026-10-10,wk inc flu hosp,0,2026-10-10,13,quantile,0.3,45
2026-10-10,wk inc flu hosp,0,2026-10-10,13,quantile,0.35,48
2026-10-10,wk inc flu hosp,0,2026-10-10,13,quantile,0.4,51
2026-10-10,wk inc flu hosp,0,2026-10-10,13,quantile,0.45,54
2026-10-10,wk inc flu hosp,0,2026-10-10,13,quantile,0.5,58
2026-10-10,wk inc flu hosp,0,2026-10-10,13,quantile,0.55,61
2026-10-10,wk inc flu hosp,0,2026-10-10,13,quantile,0.6,65
2026-10-10,wk inc flu hosp,0,2026-10-10,13,quantile,0.65,70
2026-10-10,wk inc flu hosp,0,2026-10-10,13,quantile,0.7,74
2026-10-10,wk inc flu hosp,0,2026-10-10,13,quantile,0.75,80
2026-10-10,wk inc flu hosp,0,2026-10-10,13,quantile,0.8,87
2026-10-10,wk inc flu hosp,0,2026-10-10,13,quantile,0.85,95
2026-10-10,wk inc flu hosp,0,2026-10-10,13,quantile,0.9,107
2026-10-10,wk inc flu hosp,0,2026-10-10,13,quantile,0.95,127
2026-10-10,wk inc flu hosp,0,2026-10-10,13,quantile,0.975,148
2026-10-10,wk inc flu hosp,0,2026-10-10,13,quantile,0.99,176
2026-10-10,wk inc flu hosp,1,2026-10-17,13,quantile,0.01,17
2026-10-10,wk inc flu hosp,1,2026-10-17,13,quantile,0.025,21
2026-10-10,wk inc flu hosp,1,2026-10-17,13,quantile,0.05,25
2026-10-10,wk inc flu hosp,1,2026-10-17,13,quantile,0.1,31
2026-10-10,wk inc flu hosp,1,2026-10-17,13,quantile,0.15,36
2026-10-10,wk inc flu hosp,1,2026-10-17,13,quantile,0.2,40
2026-10-10,wk inc flu hosp,1,2026-10-17,13,quantile,0.25,44
2026-10-10,wk inc flu hosp,1,2026-10-17,13,quantile,0.3,48
2026-10-10,wk inc flu hosp,1,2026-10-17,13,quantile,0.35,52
2026-10-10,wk inc flu hosp,1,2026-10-17,13,quantile,0.4,55
2026-10-10,wk inc flu hosp,1,2026-10-17,13,quantile,0.45,60
2026-10-10,wk inc flu hosp,1,2026-10-17,13,quantile,0.5,64
2026-10-10,wk inc flu hosp,1,2026-10-17,13,quantile,0.55,69
2026-10-10,wk inc flu hosp,1,2026-10-17,13,quantile,0.6,74
2026-10-10,wk inc flu hosp,1,2026-10-17,13,quantile,0.65,79
2026-10-10,wk inc flu hosp,1,2026-10-17,13,quantile,0.7,86
2026-10-10,wk inc flu hosp,1,2026-10-17,13,quantile,0.75,93
2026-10-10,wk inc flu hosp,1,2026-10-17,13,quantile,0.8,102
2026-10-10,wk inc flu hosp,1,2026-10-17,13,quantile,0.85,114
2026-10-10,wk inc flu hosp,1,2026-10-17,13,quantile,0.9,130
2026-10-10,wk inc flu hosp,1,2026-10-17,13,quantile,0.95,159
2026-10-10,wk inc flu hosp,1,2026-10-17,13,quantile,0.975,189
2026-10-10,wk inc flu hosp,1,2026-10-17,13,quantile,0.99,232
2026-10-10,wk inc flu hosp,2,2026-10-24,13,quantile,0.01,16
2026-10-10,wk inc flu hosp,2,2026-10-24,13,quantile,0.025,20
2026-10-10,wk inc flu hosp,2,2026-10-24,13,quantile,0.05,25
2026-10-10,wk inc flu hosp,2,2026-10-24,13,quantile,0.1,32
2026-10-10,wk inc flu hosp,2,2026-10-24,13,quantile,0.15,37
2026-10-10,wk inc flu hosp,2,2026-10-24,13,quantile,0.2,42
2026-10-10,wk inc flu hosp,2,2026-10-24,13,quantile,0.25,47
2026-10-10,wk inc flu hosp,2,2026-10-24,13,quantile,0.3,52
2026-10-10,wk inc flu hosp,2,2026-10-24,13,quantile,0.35,56
2026-10-10,wk inc flu hosp,2,2026-10-24,13,quantile,0.4,61
2026-10-10,wk inc flu hosp,2,2026-10-24,13,quantile,0.45,67
2026-10-10,wk inc flu hosp,2,2026-10-24,13,quantile,0.5,72
2026-10-10,wk inc flu hosp,2,2026-10-24,13,quantile,0.55,78
2026-10-10,wk inc flu hosp,2,2026-10-24,13,quantile,0.6,85
2026-10-10,wk inc flu hosp,2,2026-10-24,13,quantile,0.65,93
2026-10-10,wk inc flu hosp,2,2026-10-24,13,quantile,0.7,101
2026-10-10,wk inc flu hosp,2,2026-10-24,13,quantile,0.75,112
2026-10-10,wk inc flu hosp,2,2026-10-24,13,quantile,0.8,124
2026-10-10,wk inc flu hosp,2,2026-10-24,13,quantile,0.85,141
2026-10-10,wk inc flu hosp,2,2026-10-24,13,quantile,0.9,164
2026-10-10,wk inc flu hosp,2,2026-10-24,13,quantile,0.95,207
2026-10-10,wk inc flu hosp,2,2026-10-24,13,quantile,0.975,253
2026-10-10,wk inc flu hosp,2,2026-10-24,13,quantile,0.99,320
2026-10-10,wk inc flu hosp,3,2026-10-31,13,quantile,0.01,15
2026-10-10,wk inc flu hosp,3,2026-10-31,13,quantile,0.025,19
2026-10-10,wk inc flu hosp,3,2026-10-31,13,quantile,0.05,25
2026-10-10,wk inc flu hosp,3,2026-10-31,13,quantile,0.1,32
2026-10-10,wk inc flu hosp,3,2026-10-31,13,quantile,0.15,38
2026-10-10,wk inc flu hosp,3,2026-10-31,13,quantile,0.2,44
2026-10-10,wk inc flu hosp,3,2026-10-31,13,quantile,0.25,50
2026-10-10,wk inc flu hosp,3,2026-10-31,13,quantile,0.3,56
2026-10-10,wk inc flu hosp,3,2026-10-31,13,quantile,0.35,61
2026-10-10,wk inc flu hosp,3,2026-10-31,13,quantile,0.4,68
2026-10-10,wk inc flu hosp,3,2026-10-31,13,quantile,0.45,74
2026-10-10,wk inc flu hosp,3,2026-10-31,13,quantile,0.5,81
2026-10-10,wk inc flu hosp,3,2026-10-31,13,quantile,0.55,89
2026-10-10,wk inc flu hosp,3,2026-10-31,13,quantile,0.6,97
2026-10-10,wk inc flu hosp,3,2026-10-31,13,quantile,0.65,107
2026-10-10,wk inc flu hosp,3,2026-10-31,13,quantile,0.7,118
2026-10-10,wk inc flu hosp,3,2026-10-31,13,quantile,0.75,131
2026-10-10,wk inc flu hosp,3,2026-10-31,13,quantile,0.8,148
2026-10-10,wk inc flu hosp,3,2026-10-31,13,quantile,0.85,170
2026-10-10,wk inc flu hosp,3,2026-10-31,13,quantile,0.9,203
2026-10-10,wk inc flu hosp,3,2026-10-31,13,quantile,0.95,262
2026-10-10,wk inc flu hosp,3,2026-10-31,13,quantile,0.975,328
2026-10-10,wk inc flu hosp,3,2026-10-31,13,quantile,0.99,426
2026-10-10,wk inc flu hosp,0,2026-10-10,15,quantile,0.01,18
2026-10-10,wk inc flu hosp,0,2026-10-10,15,quantile,0.025,22
2026-10-10,wk inc flu hosp,0,2026-10-10,15,quantile,0.05,26
2026-10-10,wk inc flu hosp,0,2026-10-10,15,quantile,0.1,31
2026-10-10,wk inc flu hosp,0,2026-10-10,15,quantile,0.15,35
2026-10-10,wk inc flu hosp,0,2026-10-10,15,quantile,0.2,39
2026-10-10,wk inc flu hosp,0,2026-10-10,15,quantile,0.25,42
2026-10-10,wk inc flu hosp,0,2026-10-10,15,quantile,0.3,46
2026-10-10,wk inc flu hosp,0,2026-10-10,15,quantile,0.35,49
2026-10-10,wk inc flu hosp,0,2026-10-10,15,quantile,0.4,52
2026-10-10,wk inc flu hosp,0,2026-10-10,15,quantile,0.45,56
2026-10-10,wk inc flu hosp,0,2026-10-10,15,quantile,0.5,59
2026-10-10,wk inc flu hosp,0,2026-10-10,15,quantile,0.55,63
2026-10-10,wk inc flu hosp,0,2026-10-10,15,quantile,0.6,67
2026-10-10,wk inc flu hosp,0,2026-10-10,15,quantile,0.65,72
2026-10-10,wk inc flu hosp,0,2026-10-10,15,quantile,0.7,77
2026-10-10,wk inc flu hosp,0,2026-10-10,15,quantile,0.75,82
2026-10-10,wk inc flu hosp,0,2026-10-10,15,quantile,0.8,90
2026-10-10,wk inc flu hosp,0,2026-10-10,15,quantile,0.85,99
2026-10-10,wk inc flu hosp,0,2026-10-10,15,quantile,0.9,111
2026-10-10,wk inc flu hosp,0,2026-10-10,15,quantile,0.95,133
2026-10-10,wk inc flu hosp,0,2026-10-10,15,quantile,0.975,155
2026-10-10,wk inc flu hosp,0,2026-10-10,15,quantile,0.99,185
2026-10-10,wk inc flu hosp,1,2026-10-17,15,quantile,0.01,18
2026-10-10,wk inc flu hosp,1,2026-10-17,15,quantile,0.025,22
2026-10-10,wk inc flu hosp,1,2026-10-17,15,quantile,0.05,26
2026-10-10,wk inc flu hosp,1,2026-10-17,15,quantile,0.1,33
2026-10-10,wk inc flu hosp,1,2026-10-17,15,quantile,0.15,38
2026-10-10,wk inc flu hosp,1,2026-10-17,15,quantile,0.2,42
2026-10-10,wk inc flu hosp,1,2026-10-17,15,quantile,0.25,47
2026-10-10,wk inc flu hosp,1,2026-10-17,15,quantile,0.3,51
2026-10-10,wk inc flu hosp,1,2026-10-17,15,quantile,0.35,55
2026-10-10,wk inc flu hosp,1,2026-10-17,15,quantile,0.4,59
2026-10-10,wk inc flu hosp,1,2026-10-17,15,quantile,0.45,64
2026-10-10,wk inc flu hosp,1,2026-10-17,15,quantile,0.5,69
2026-10-10,wk inc flu hosp,1,2026-10-17,15,quantile,0.55,74
2026-10-10,wk inc flu hosp,1,2026-10-17,15,quantile,0.6,79
2026-10-10,wk inc flu hosp,1,2026-10-17,15,quantile,0.65,86
2026-10-10,wk inc flu hosp,1,2026-10-17,15,quantile,0.7,93
2026-10-10,wk inc flu hosp,1,2026-10-17,15,quantile,0.75,101
2026-10-10,wk inc flu hosp,1,2026-10-17,15,quantile,0.8,111
2026-10-10,wk inc flu hosp,1,2026-10-17,15,quantile,0.85,124
2026-10-10,wk inc flu hosp,1,2026-10-17,15,quantile,0.9,143
2026-10-10,wk inc flu hosp,1,2026-10-17,15,quantile,0.95,175
2026-10-10,wk inc flu hosp,1,2026-10-17,15,quantile,0.975,210
2026-10-10,wk inc flu hosp,1,2026-10-17,15,quantile,0.99,258
2026-10-10,wk inc flu hosp,2,2026-10-24,15,quantile,0.01,16
2026-10-10,wk inc flu hosp,2,2026-10-24,15,quantile,0.025,20
2026-10-10,wk inc flu hosp,2,2026-10-24,15,quantile,0.05,25
2026-10-10,wk inc flu hosp,2,2026-10-24,15,quantile,0.1,32
2026-10-10,wk inc flu hosp,2,2026-10-24,15,quantile,0.15,38
2026-10-10,wk inc flu hosp,2,2026-10-24,15,quantile,0.2,43
2026-10-10,wk inc flu hosp,2,2026-10-24,15,quantile,0.25,49
2026-10-10,wk inc flu hosp,2,2026-10-24,15,quantile,0.3,54
2026-10-10,wk inc flu hosp,2,2026-10-24,15,quantile,0.35,59
2026-10-10,wk inc flu hosp,2,2026-10-24,15,quantile,0.4,64
2026-10-10,wk inc flu hosp,2,2026-10-24,15,quantile,0.45,70
2026-10-10,wk inc flu hosp,2,2026-10-24,15,quantile,0.5,76
2026-10-10,wk inc flu hosp,2,2026-10-24,15,quantile,0.55,83
2026-10-10,wk inc flu hosp,2,2026-10-24,15,quantile,0.6,90
2026-10-10,wk inc flu hosp,2,2026-10-24,15,quantile,0.65,98
2026-10-10,wk inc flu hosp,2,2026-10-24,15,quantile,0.7,107
2026-10-10,wk inc flu hosp,2,2026-10-24,15,quantile,0.75,119
2026-10-10,wk inc flu hosp,2,2026-10-24,15,quantile,0.8,132
2026-10-10,wk inc flu hosp,2,2026-10-24,15,quantile,0.85,150
2026-10-10,wk inc flu hosp,2,2026-10-24,15,quantile,0.9,177
2026-10-10,wk inc flu hosp,2,2026-10-24,15,quantile,0.95,224
2026-10-10,wk inc flu hosp,2,2026-10-24,15,quantile,0.975,276
2026-10-10,wk inc flu hosp,2,2026-10-24,15,quantile,0.99,351
2026-10-10,wk inc flu hosp,3,2026-10-31,15,quantile,0.01,15
2026-10-10,wk inc flu hosp,3,2026-10-31,15,quantile,0.025,20
2026-10-10,wk inc flu hosp,3,2026-10-31,15,quantile,0.05,25
2026-10-10,wk inc flu hosp,3,2026-10-31,15,quantile,0.1,33
2026-10-10,wk inc flu hosp,3,2026-10-31,15,quantile,0.15,40
2026-10-10,wk inc flu hosp,3,2026-10-31,15,quantile,0.2,46
2026-10-10,wk inc flu hosp,3,2026-10-31,15,quantile,0.25,52
2026-10-10,wk inc flu hosp,3,2026-10-31,15,quantile,0.3,58
2026-10-10,wk inc flu hosp,3,2026-10-31,15,quantile,0.35,64
2026-10-10,wk inc flu hosp,3,2026-10-31,15,quantile,0.4,71
2026-10-10,wk inc flu hosp,3,2026-10-31,15,quantile,0.45,78
2026-10-10,wk inc flu hosp,3,2026-10-31,15,quantile,0.5,85
2026-10-10,wk inc flu hosp,3,2026-10-31,15,quantile,0.55,94
2026-10-10,wk inc flu hosp,3,2026-10-31,15,quantile,0.6,103
2026-10-10,wk inc flu hosp,3,2026-10-31,15,quantile,0.65,114
2026-10-10,wk inc flu hosp,3,2026-10-31,15,quantile,0.7,126
2026-10-10,wk inc flu hosp,3,2026-10-31,15,quantile,0.75,140
2026-10-10,wk inc flu hosp,3,2026-10-31,15,quantile,0.8,159
2026-10-10,wk inc flu hosp,3,2026-10-31,15,quantile,0.85,183
2026-10-10,wk inc flu hosp,3,2026-10-31,15,quantile,0.9,219
2026-10-10,wk inc flu hosp,3,2026-10-31,15,quantile,0.95,287
2026-10-10,wk inc flu hosp,3,2026-10-31,15,quantile,0.975,361
2026-10-10,wk inc flu hosp,3,2026-10-31,15,quantile,0.99,472
2026-10-10,wk inc flu hosp,0,2026-10-10,16,quantile,0.01,6
2026-10-10,wk inc flu hosp,0,2026-10-10,16,quantile,0.025,7
2026-10-10,wk inc flu hosp,0,2026-10-10,16,quantile,0.05,8
2026-10-10,wk inc flu hosp,0,2026-10-10,16,quantile,0.1,10
2026-10-10,wk inc flu hosp,0,2026-10-10,16,quantile,0.15,11
2026-10-10,wk inc flu hosp,0,2026-10-10,16,quantile,0.2,12
2026-10-10,wk inc flu hosp,0,2026-10-10,16,quantile,0.25,13
2026-10-10,wk inc flu hosp,0,2026-10-10,16,quantile,0.3,14
2026-10-10,wk inc flu hosp,0,2026-10-10,16,quantile,0.35,15
2026-10-10,wk inc flu hosp,0,2026-10-10,16,quantile,0.4,16
2026-10-10,wk inc flu hosp,0,2026-10-10,16,quantile,0.45,18
2026-10-10,wk inc flu hosp,0,2026-10-10,16,quantile,0.5,19
2026-10-10,wk inc flu hosp,0,2026-10-10,16,quantile,0.55,20
2026-10-10,wk inc flu hosp,0,2026-10-10,16,quantile,0.6,21
2026-10-10,wk inc flu hosp,0,2026-10-10,16,quantile,0.65,22
2026-10-10,wk inc flu hosp,0,2026-10-10,16,quantile,0.7,24
2026-10-10,wk inc flu hosp,0,2026-10-10,16,quantile,0.75,26
2026-10-10,wk inc flu hosp,0,2026-10-10,16,quantile,0.8,28
2026-10-10,wk inc flu hosp,0,2026-10-10,16,quantile,0.85,30
2026-10-10,wk inc flu hosp,0,2026-10-10,16,quantile,0.9,34
2026-10-10,wk inc flu hosp,0,2026-10-10,16,quantile,0.95,40
2026-10-10,wk inc flu hosp,0,2026-10-10,16,quantile,0.975,46
2026-10-10,wk inc flu hosp,0,2026-10-10,16,quantile,0.99,55
2026-10-10,wk inc flu hosp,1,2026-10-17,16,quantile,0.01,6
2026-10-10,wk inc flu hosp,1,2026-10-17,16,quantile,0.025,7
2026-10-10,wk inc flu hosp,1,2026-10-17,16,quantile,0.05,8
2026-10-10,wk inc flu hosp,1,2026-10-17,16,quantile,0.1,10
2026-10-10,wk inc flu hosp,1,2026-10-17,16,quantile,0.15,12
2026-10-10,wk inc flu hosp,1,2026-10-17,16,quantile,0.2,13
2026-10-10,wk inc flu hosp,1,2026-10-17,16,quantile,0.25,15
2026-10-10,wk inc flu hosp,1,2026-10-17,16,quantile,0.3,16
2026-10-10,wk inc flu hosp,1,2026-10-17,16,quantile,0.35,17
2026-10-10,wk inc flu hosp,1,2026-10-17,16,quantile,0.4,19
2026-10-10,wk inc flu hosp,1,2026-10-17,16,quantile,0.45,20
2026-10-10,wk inc flu hosp,1,2026-10-17,16,quantile,0.5,21
2026-10-10,wk inc flu hosp,1,2026-10-17,16,quantile,0.55,23
2026-10-10,wk inc flu hosp,1,2026-10-17,16,quantile,0.6,24
2026-10-10,wk inc flu hosp,1,2026-10-17,16,quantile,0.65,26
2026-10-10,wk inc flu hosp,1,2026-10-17,16,quantile,0.7,28
2026-10-10,wk inc flu hosp,1,2026-10-17,16,quantile,0.75,31
2026-10-10,wk inc flu hosp,1,2026-10-17,16,quantile,0.8,34
2026-10-10,wk inc flu hosp,1,2026-10-17,16,quantile,0.85,37
2026-10-10,wk inc flu hosp,1,2026-10-17,16,quantile,0.9,43
2026-10-10,wk inc flu hosp,1,2026-10-17,16,quantile,0.95,52
2026-10-10,wk inc flu hosp,1,2026-10-17,16,quantile,0.975,61
2026-10-10,wk inc flu hosp,1,2026-10-17,16,quantile,0.99,74
2026-10-10,wk inc flu hosp,2,2026-10-24,16,quantile,0.01,5
2026-10-10,wk inc flu hosp,2,2026-10-24,16,quantile,0.025,7
2026-10-10,wk inc flu hosp,2,2026-10-24,16,quantile,0.05,9
2026-10-10,wk inc flu hosp,2,2026-10-24,16,quantile,0.1,11
2026-10-10,wk inc flu hosp,2,2026-10-24,16,quantile,0.15,13
2026-10-10,wk inc flu hosp,2,2026-10-24,16,quantile,0.2,15
2026-10-10,wk inc flu hosp,2,2026-10-24,16,quantile,0.25,16
2026-10-10,wk inc flu hosp,2,2026-10-24,16,quantile,0.3,18
2026-10-10,wk inc flu hosp,2,2026-10-24,16,quantile,0.35,20
2026-10-10,wk inc flu hosp,2,2026-10-24,16,quantile,0.4,22
2026-10-10,wk inc flu hosp,2,2026-10-24,16,quantile,0.45,23
2026-10-10,wk inc flu hosp,2,2026-10-24,16,quantile,0.5,25
2026-10-10,wk inc flu hosp,2,2026-10-24,16,quantile,0.55,27
2026-10-10,wk inc flu hosp,2,2026-10-24,16,quantile,0.6,30
2026-10-10,wk inc flu hosp,2,2026-10-24,16,quantile,0.65,32
2026-10-10,wk inc flu hosp,2,2026-10-24,16,quantile,0.7,35
2026-10-10,wk inc flu hosp,2,2026-10-24,16,quantile,0.75,38
2026-10-10,wk inc flu hosp,2,2026-10-24,16,quantile,0.8,43
2026-10-10,wk inc flu hosp,2,2026-10-24,16,quantile,0.85,48
2026-10-10,wk inc flu hosp,2,2026-10-24,16,quantile,0.9,56
2026-10-10,wk inc flu hosp,2,2026-10-24,16,quantile,0.95,70
2026-10-10,wk inc flu hosp,2,2026-10-24,16,quantile,0.975,85
2026-10-10,wk inc flu hosp,2,2026-10-24,16,quantile,0.99,106
2026-10-10,wk inc flu hosp,3,2026-10-31,16,quantile,0.01,5
2026-10-10,wk inc flu hosp,3,2026-10-31,16,quantile,0.025,7
2026-10-10,wk inc flu hosp,3,2026-10-31,16,quantile,0.05,9
2026-10-10,wk inc flu hosp,3,2026-10-31,16,quantile,0.1,12
2026-10-10,wk inc flu hosp,3,2026-10-31,16,quantile,0.15,14
2026-10-10,wk inc flu hosp,3,2026-10-31,16,quantile,0.2,16
2026-10-10,wk inc flu hosp,3,2026-10-31,16,quantile,0.25,18
2026-10-10,wk inc flu hosp,3,2026-10-31,16,quantile,0.3,20
2026-10-10,wk inc flu hosp,3,2026-10-31,16,quantile,0.35,22
2026-10-10,wk inc flu hosp,3,2026-10-31,16,quantile,0.4,25
2026-10-10,wk inc flu hosp,3,2026-10-31,16,quantile,0.45,27
2026-10-10,wk inc flu hosp,3,2026-10-31,16,quantile,0.5,29
2026-10-10,wk inc flu hosp,3,2026-10-31,16,quantile,0.55,32
2026-10-10,wk inc flu hosp,3,2026-10-31,16,quantile,0.6,35
2026-10-10,wk inc flu hosp,3,2026-10-31,16,quantile,0.65,38
2026-10-10,wk inc flu hosp,3,2026-10-31,16,quantile,0.7,42
2026-10-10,wk inc flu hosp,3,2026-10-31,16,quantile,0.75,47
2026-10-10,wk inc flu hosp,3,2026-10-31,16,quantile,0.8,52
2026-10-10,wk inc flu hosp,3,2026-10-31,16,quantile,0.85,60
2026-10-10,wk inc flu hosp,3,2026-10-31,16,quantile,0.9,71
2026-10-10,wk inc flu hosp,3,2026-10-31,16,quantile,0.95,91
2026-10-10,wk inc flu hosp,3,2026-10-31,16,quantile,0.975,113
2026-10-10,wk inc flu hosp,3,2026-10-31,16,quantile,0.99,145
2026-10-10,wk inc flu hosp,0,2026-10-10,17,quantile,0.01,26
2026-10-10,wk inc flu hosp,0,2026-10-10,17,quantile,0.025,32
2026-10-10,wk inc flu hosp,0,2026-10-10,17,quantile,0.05,37
2026-10-10,wk inc flu hosp,0,2026-10-10,17,quantile,0.1,45
2026-10-10,wk inc flu hosp,0,2026-10-10,17,quantile,0.15,51
2026-10-10,wk inc flu hosp,0,2026-10-10,17,quantile,0.2,56
2026-10-10,wk inc flu hosp,0,2026-10-10,17,quantile,0.25,62
2026-10-10,wk inc flu hosp,0,2026-10-10,17,quantile,0.3,66
2026-10-10,wk inc flu hosp,0,2026-10-10,17,quantile,0.35,71
2026-10-10,wk inc flu hosp,0,2026-10-10,17,quantile,0.4,76
2026-10-10,wk inc flu hosp,0,2026-10-10,17,quantile,0.45,82
2026-10-10,wk inc flu hosp,0,2026-10-10,17,quantile,0.5,87
2026-10-10,wk inc flu hosp,0,2026-10-10,17,quantile,0.55,93
2026-10-10,wk inc flu hosp,0,2026-10-10,17,quantile,0.6,99
2026-10-10,wk inc flu hosp,0,2026-10-10,17,quantile,0.65,106
2026-10-10,wk inc flu hosp,0,2026-10-10,17,quantile,0.7,114
2026-10-10,wk inc flu hosp,0,2026-10-10,17,quantile,0.75,123
2026-10-10,wk inc flu hosp,0,2026-10-10,17,quantile,0.8,134
2026-10-10,wk inc flu hosp,0,2026-10-10,17,quantile,0.85,148
2026-10-10,wk inc flu hosp,0,2026-10-10,17,quantile,0.9,167
2026-10-10,wk inc flu hosp,0,2026-10-10,17,quantile,0.95,201
2026-10-10,wk inc flu hosp,0,2026-10-10,17,quantile,0.975,236
2026-10-10,wk inc flu hosp,0,2026-10-10,17,quantile,0.99,284
2026-10-10,wk inc flu hosp,1,2026-10-17,17,quantile,0.01,24
2026-10-10,wk inc flu hosp,1,2026-10-17,17,quantile,0.025,30
2026-10-10,wk inc flu hosp,1,2026-10-17,17,quantile,0.05,36
2026-10-10,wk inc flu hosp,1,2026-10-17,17,quantile,0.1,45
2026-10-10,wk inc flu hosp,1,2026-10-17,17,quantile,0.15,52
2026-10-10,wk inc flu hosp,1,2026-10-17,17,quantile,0.2,58
2026-10-10,wk inc flu hosp,1,2026-10-17,17,quantile,0.25,65
2026-10-10,wk inc flu hosp,1,2026-10-17,17,quantile,0.3,71
2026-10-10,wk inc flu hosp,1,2026-10-17,17,quantile,0.35,77
2026-10-10,wk inc flu hosp,1,2026-10-17,17,quantile,0.4,83
2026-10-10,wk inc flu hosp,1,2026-10-17,17,quantile,0.45,90
2026-10-10,wk inc flu hosp,1,2026-10-17,17,quantile,0.5,97
2026-10-10,wk inc flu hosp,1,2026-10-17,17,quantile,0.55,104
2026-10-10,wk inc flu hosp,1,2026-10-17,17,quantile,0.6,112
2026-10-10,wk inc flu hosp,1,2026-10-17,17,quantile,0.65,121
2026-10-10,wk inc flu hosp,1,2026-10-17,17,quantile,0.7,132
2026-10-10,wk inc flu hosp,1,2026-10-17,17,quantile,0.75,144
2026-10-10,wk inc flu hosp,1,2026-10-17,17,quantile,0.8,159
2026-10-10,wk inc flu hosp,1,2026-10-17,17,quantile,0.85,178
2026-10-10,wk inc flu hosp,1,2026-10-17,17,quantile,0.9,206
2026-10-10,wk inc flu hosp,1,2026-10-17,17,quantile,0.95,255
2026-10-10,wk inc flu hosp,1,2026-10-17,17,quantile,0.975,308
2026-10-10,wk inc flu hosp,1,2026-10-17,17,quantile,0.99,382
2026-10-10,wk inc flu hosp,2,2026-10-24,17,quantile,0.01,21
2026-10-10,wk inc flu hosp,2,2026-10-24,17,quantile,0.025,28
2026-10-10,wk inc flu hosp,2,2026-10-24,17,quantile,0.05,35
2026-10-10,wk inc flu hosp,2,2026-10-24,17,quantile,0.1,45
2026-10-10,wk inc flu hosp,2,2026-10-24,17,quantile,0.15,53
2026-10-10,wk inc flu hosp,2,2026-10-24,17,quantile,0.2,61
2026-10-10,wk inc flu hosp,2,2026-10-24,17,quantile,0.25,68
2026-10-10,wk inc flu hosp,2,2026-10-24,17,quantile,0.3,75
2026-10-10,wk inc flu hosp,2,2026-10-24,17,quantile,0.35,83
2026-10-10,wk inc flu hosp,2,2026-10-24,17,quantile,0.4,91
2026-10-10,wk inc flu hosp,2,2026-10-24,17,quantile,0.45,99
2026-10-10,wk inc flu hosp,2,2026-10-24,17,quantile,0.5,108
2026-10-10,wk inc flu hosp,2,2026-10-24,17,quantile,0.55,118
2026-10-10,wk inc flu hosp,2,2026-10-24,17,quantile,0.6,129
2026-10-10,wk inc flu hosp,2,2026-10-24,17,quantile,0.65,141
2026-10-10,wk inc flu hosp,2,2026-10-24,17,quantile,0.7,155
2026-10-10,wk inc flu hosp,2,2026-10-24,17,quantile,0.75,172
2026-10-10,wk inc flu hosp,2,2026-10-24,17,quantile,0.8,192
2026-10-10,wk inc flu hosp,2,2026-10-24,17,quantile,0.85,220
2026-10-10,wk inc flu hosp,2,2026-10-24,17,quantile,0.9,260
2026-10-10,wk inc flu hosp,2,2026-10-24,17,quantile,0.95,333
2026-10-10,wk inc flu hosp,2,2026-10-24,17,quantile,0.975,412
2026-10-10,wk inc flu hosp,2,2026-10-24,17,quantile,0.99,529
2026-10-10,wk inc flu hosp,3,2026-10-31,17,quantile,0.01,20
2026-10-10,wk inc flu hosp,3,2026-10-31,17,quantile,0.025,27
2026-10-10,wk inc flu hosp,3,2026-10-31,17,quantile,0.05,34
2026-10-10,wk inc flu hosp,3,2026-10-31,17,quantile,0.1,46
2026-10-10,wk inc flu hosp,3,2026-10-31,17,quantile,0.15,55
2026-10-10,wk inc flu hosp,3,2026-10-31,17,quantile,0.2,64
2026-10-10,wk inc flu hosp,3,2026-10-31,17,quantile,0.25,73
2026-10-10,wk inc flu hosp,3,2026-10-31,17,quantile,0.3,82
2026-10-10,wk inc flu hosp,3,2026-10-31,17,quantile,0.35,91
2026-10-10,wk inc flu hosp,3,2026-10-31,17,quantile,0.4,101
2026-10-10,wk inc flu hosp,3,2026-10-31,17,quantile,0.45,111
2026-10-10,wk inc flu hosp,3,2026-10-31,17,quantile,0.5,122
2026-10-10,wk inc flu hosp,3,2026-10-31,17,quantile,0.55,135
2026-10-10,wk inc flu hosp,3,2026-10-31,17,quantile,0.6,149
2026-10-10,wk inc flu hosp,3,2026-10-31,17,quantile,0.65,164
2026-10-10,wk inc flu hosp,3,2026-10-31,17,quantile,0.7,183
2026-10-10,wk inc flu hosp,3,2026-10-31,17,quantile,0.75,205
2026-10-10,wk inc flu hosp,3,2026-10-31,17,quantile,0.8,233
2026-10-10,wk inc flu hosp,3,2026-10-31,17,quantile,0.85,270
2026-10-10,wk inc flu hosp,3,2026-10-31,17,quantile,0.9,326
2026-10-10,wk inc flu hosp,3,2026-10-31,17,quantile,0.95,430
2026-10-10,wk inc flu hosp,3,2026-10-31,17,quantile,0.975,547
2026-10-10,wk inc flu hosp,3,2026-10-31,17,quantile,0.99,723
2026-10-10,wk inc flu hosp,0,2026-10-10,18,quantile,0.01,20
2026-10-10,wk inc flu hosp,0,2026-10-10,18,quantile,0.025,24
2026-10-10,wk inc flu hosp,0,2026-10-10,18,quantile,0.05,28
2026-10-10,wk inc flu hosp,0,2026-10-10,18,quantile,0.1,33
2026-10-10,wk inc flu hosp,0,2026-10-10,18,quantile,0.15,37
2026-10-10,wk inc flu hosp,0,2026-10-10,18,quantile,0.2,41
2026-10-10,wk inc flu hosp,0,2026-10-10,18,quantile,0.25,44
2026-10-10,wk inc flu hosp,0,2026-10-10,18,quantile,0.3,48
2026-10-10,wk inc flu hosp,0,2026-10-10,18,quantile,0.35,51
2026-10-10,wk inc flu hosp,0,2026-10-10,18,quantile,0.4,54
2026-10-10,wk inc flu hosp,0,2026-10-10,18,quantile,0.45,57
2026-10-10,wk inc flu hosp,0,2026-10-10,18,quantile,0.5,61
2026-10-10,wk inc flu hosp,0,2026-10-10,18,quantile,0.55,64
2026-10-10,wk inc flu hosp,0,2026-10-10,18,quantile,0.6,68
2026-10-10,wk inc flu hosp,0,2026-10-10,18,quantile,0.65,72
2026-10-10,wk inc flu hosp,0,2026-10-10,18,quantile,0.7,77
2026-10-10,wk inc flu hosp,0,2026-10-10,18,quantile,0.75,83
2026-10-10,wk inc flu hosp,0,2026-10-10,18,quantile,0.8,89
2026-10-10,wk inc flu hosp,0,2026-10-10,18,quantile,0.85,98
2026-10-10,wk inc flu hosp,0,2026-10-10,18,quantile,0.9,109
2026-10-10,wk inc flu hosp,0,2026-10-10,18,quantile,0.95,129
2026-10-10,wk inc flu hosp,0,2026-10-10,18,quantile,0.975,149
2026-10-10,wk inc flu hosp,0,2026-10-10,18,quantile,0.99,177
2026-10-10,wk inc flu hosp,1,2026-10-17,18,quantile,0.01,19
2026-10-10,wk inc flu hosp,1,2026-10-17,18,quantile,0.025,23
2026-10-10,wk inc flu hosp,1,2026-10-17,18,quantile,0.05,28
2026-10-10,wk inc flu hosp,1,2026-10-17,18,quantile,0.1,34
2026-10-10,wk inc flu hosp,1,2026-10-17,18,quantile,0.15,39
2026-10-10,wk inc flu hosp,1,2026-10-17,18,quantile,0.2,43
2026-10-10,wk inc flu hosp,1,2026-10-17,18,quantile,0.25,47
2026-10-10,wk inc flu hosp,1,2026-10-17,18,quantile,0.3,51
2026-10-10,wk inc flu hosp,1,2026-10-17,18,quantile,0.35,55
2026-10-10,wk inc flu hosp,1,2026-10-17,18,quantile,0.4,59
2026-10-10,wk inc flu hosp,1,2026-10-17,18,quantile,0.45,63
2026-10-10,wk inc flu hosp,1,2026-10-17,18,quantile,0.5,68
2026-10-10,wk inc flu hosp,1,2026-10-17,18,quantile,0.55,72
2026-10-10,wk inc flu hosp,1,2026-10-17,18,quantile,0.6,77
2026-10-10,wk inc flu hosp,1,2026-10-17,18,quantile,0.65,83
2026-10-10,wk inc flu hosp,1,2026-10-17,18,quantile,0.7,89
2026-10-10,wk inc flu hosp,1,2026-10-17,18,quantile,0.75,97
2026-10-10,wk inc flu hosp,1,2026-10-17,18,quantile,0.8,106
2026-10-10,wk inc flu hosp,1,2026-10-17,18,quantile,0.85,118
2026-10-10,wk inc flu hosp,1,2026-10-17,18,quantile,0.9,134
2026-10-10,wk inc flu hosp,1,2026-10-17,18,quantile,0.95,163
2026-10-10,wk inc flu hosp,1,2026-10-17,18,quantile,0.975,192
2026-10-10,wk inc flu hosp,1,2026-10-17,18,quantile,0.99,234
2026-10-10,wk inc flu hosp,2,2026-10-24,18,quantile,0.01,17
2026-10-10,wk inc flu hosp,2,2026-10-24,18,quantile,0.025,22
2026-10-10,wk inc flu hosp,2,2026-10-24,18,quantile,0.05,27
2026-10-10,wk inc flu hosp,2,2026-10-24,18,quantile,0.1,34
2026-10-10,wk inc flu hosp,2,2026-10-24,18,quantile,0.15,39
2026-10-10,wk inc flu hosp,2,2026-10-24,18,quantile,0.2,45
2026-10-10,wk inc flu hosp,2,2026-10-24,18,quantile,0.25,49
2026-10-10,wk inc flu hosp,2,2026-10-24,18,quantile,0.3,54
2026-10-10,wk inc flu hosp,2,2026-10-24,18,quantile,0.35,59
2026-10-10,wk inc flu hosp,2,2026-10-24,18,quantile,0.4,64
2026-10-10,wk inc flu hosp,2,2026-10-24,18,quantile,0.45,70
2026-10-10,wk inc flu hosp,2,2026-10-24,18,quantile,0.5,75
2026-10-10,wk inc flu hosp,2,2026-10-24,18,quantile,0.55,81
2026-10-10,wk inc flu hosp,2,2026-10-24,18,quantile,0.6,88
2026-10-10,wk inc flu hosp,2,2026-10-24,18,quantile,0.65,95
2026-10-10,wk inc flu hosp,2,2026-10-24,18,quantile,0.7,104
2026-10-10,wk inc flu hosp,2,2026-10-24,18,quantile,0.75,114
2026-10-10,wk inc flu hosp,2,2026-10-24,18,quantile,0.8,127
2026-10-10,wk inc flu hosp,2,2026-10-24,18,quantile,0.85,143
2026-10-10,wk inc flu hosp,2,2026-10-24,18,quantile,0.9,166
2026-10-10,wk inc flu hosp,2,2026-10-24,18,quantile,0.95,207
2026-10-10,wk inc flu hosp,2,2026-10-24,18,quantile,0.975,252
2026-10-10,wk inc flu hosp,2,2026-10-24,18,quantile,0.99,315
2026-10-10,wk inc flu hosp,3,2026-10-31,18,quantile,0.01,16
2026-10-10,wk inc flu hosp,3,2026-10-31,18,quantile,0.025,21
2026-10-10,wk inc flu hosp,3,2026-10-31,18,quantile,0.05,27
2026-10-10,wk inc flu hosp,3,2026-10-31,18,quantile,0.1,34
2026-10-10,wk inc flu hosp,3,2026-10-31,18,quantile,0.15,41
2026-10-10,wk inc flu hosp,3,2026-10-31,18,quantile,0.2,47
2026-10-10,wk inc flu hosp,3,2026-10-31,18,quantile,0.25,52
2026-10-10,wk inc flu hosp,3,2026-10-31,18,quantile,0.3,58
2026-10-10,wk inc flu hosp,3,2026-10-31,18,quantile,0.35,64
2026-10-10,wk inc flu hosp,3,2026-10-31,18,quantile,0.4,70
2026-10-10,wk inc flu hosp,3,2026-10-31,18,quantile,0.45,77
2026-10-10,wk inc flu hosp,3,2026-10-31,18,quantile,0.5,84
2026-10-10,wk inc flu hosp,3,2026-10-31,18,quantile,0.55,91
2026-10-10,wk inc flu hosp,3,2026-10-31,18,quantile,0.6,100
2026-10-10,wk inc flu hosp,3,2026-10-31,18,quantile,0.65,109
2026-10-10,wk inc flu hosp,3,2026-10-31,18,quantile,0.7,120
2026-10-10,wk inc flu hosp,3,2026-10-31,18,quantile,0.75,133
2026-10-10,wk inc flu hosp,3,2026-10-31,18,quantile,0.8,150
2026-10-10,wk inc flu hosp,3,2026-10-31,18,quantile,0.85,171
2026-10-10,wk inc flu hosp,3,2026-10-31,18,quantile,0.9,203
2026-10-10,wk inc flu hosp,3,2026-10-31,18,quantile,0.95,260
2026-10-10,wk inc flu hosp,3,2026-10-31,18,quantile,0.975,323
2026-10-10,wk inc flu hosp,3,2026-10-31,18,quantile,0.99,415
2026-10-10,wk inc flu hosp,0,2026-10-10,19,quantile,0.01,4
2026-10-10,wk inc flu hosp,0,2026-10-10,19,quantile,0.025,5
2026-10-10,wk inc flu hosp,0,2026-10-10,19,quantile,0.05,6
2026-10-10,wk inc flu hosp,0,2026-10-10,19,quantile,0.1,7
2026-10-10,wk inc flu hosp,0,2026-10-10,19,quantile,0.15,9
2026-10-10,wk inc flu hosp,0,2026-10-10,19,quantile,0.2,10
2026-10-10,wk inc flu hosp,0,2026-10-10,19,quantile,0.25,11
2026-10-10,wk inc flu hosp,0,2026-10-10,19,quantile,0.3,12
2026-10-10,wk inc flu hosp,0,2026-10-10,19,quantile,0.35,13
2026-10-10,wk inc flu hosp,0,2026-10-10,19,quantile,0.4,14
2026-10-10,wk inc flu hosp,0,2026-10-10,19,quantile,0.45,15
2026-10-10,wk inc flu hosp,0,2026-10-10,19,quantile,0.5,17
2026-10-10,wk inc flu hosp,0,2026-10-10,19,quantile,0.55,18
2026-10-10,wk inc flu hosp,0,2026-10-10,19,quantile,0.6,20
2026-10-10,wk inc flu hosp,0,2026-10-10,19,quantile,0.65,21
2026-10-10,wk inc flu hosp,0,2026-10-10,19,quantile,0.7,23
2026-10-10,wk inc flu hosp,0,2026-10-10,19,quantile,0.75,25
2026-10-10,wk inc flu hosp,0,2026-10-10,19,quantile,0.8,28
2026-10-10,wk inc flu hosp,0,2026-10-10,19,quantile,0.85,31
2026-10-10,wk inc flu hosp,0,2026-10-10,19,quantile,0.9,36
2026-10-10,wk inc flu hosp,0,2026-10-10,19,quantile,0.95,45
2026-10-10,wk inc flu hosp,0,2026-10-10,19,quantile,0.975,54
2026-10-10,wk inc flu hosp,0,2026-10-10,19,quantile,0.99,68
2026-10-10,wk inc flu hosp,1,2026-10-17,19,quantile,0.01,3
2026-10-10,wk inc flu hosp,1,2026-10-17,19,quantile,0.025,4
2026-10-10,wk inc flu hosp,1,2026-10-17,19,quantile,0.05,6
2026-10-10,wk inc flu hosp,1,2026-10-17,19,quantile,0.1,8
2026-10-10,wk inc flu hosp,1,2026-10-17,19,quantile,0.15,9
2026-10-10,wk inc flu hosp,1,2026-10-17,19,quantile,0.2,11
2026-10-10,wk inc flu hosp,1,2026-10-17,19,quantile,0.25,12
2026-10-10,wk inc flu hosp,1,2026-10-17,19,quantile,0.3,14
2026-10-10,wk inc flu hosp,1,2026-10-17,19,quantile,0.35,15
2026-10-10,wk inc flu hosp,1,2026-10-17,19,quantile,0.4,16
2026-10-10,wk inc flu hosp,1,2026-10-17,19,quantile,0.45,18
2026-10-10,wk inc flu hosp,1,2026-10-17,19,quantile,0.5,20
2026-10-10,wk inc flu hosp,1,2026-10-17,19,quantile,0.55,22
2026-10-10,wk inc flu hosp,1,2026-10-17,19,quantile,0.6,24
2026-10-10,wk inc flu hosp,1,2026-10-17,19,quantile,0.65,26
2026-10-10,wk inc flu hosp,1,2026-10-17,19,quantile,0.7,28
2026-10-10,wk inc flu hosp,1,2026-10-17,19,quantile,0.75,32
2026-10-10,wk inc flu hosp,1,2026-10-17,19,quantile,0.8,36
2026-10-10,wk inc flu hosp,1,2026-10-17,19,quantile,0.85,41
2026-10-10,wk inc flu hosp,1,2026-10-17,19,quantile,0.9,48
2026-10-10,wk inc flu hosp,1,2026-10-17,19,quantile,0.95,62
2026-10-10,wk inc flu hosp,1,2026-10-17,19,quantile,0.975,77
2026-10-10,wk inc flu hosp,1,2026-10-17,19,quantile,0.99,99
2026-10-10,wk inc flu hosp,2,2026-10-24,19,quantile,0.01,3
2026-10-10,wk inc flu hosp,2,2026-10-24,19,quantile,0.025,4
2026-10-10,wk inc flu hosp,2,2026-10-24,19,quantile,0.05,6
2026-10-10,wk inc flu hosp,2,2026-10-24,19,quantile,0.1,8
2026-10-10,wk inc flu hosp,2,2026-10-24,19,quantile,0.15,10
2026-10-10,wk inc flu hosp,2,2026-10-24,19,quantile,0.2,11
2026-10-10,wk inc flu hosp,2,2026-10-24,19,quantile,0.25,13
2026-10-10,wk inc flu hosp,2,2026-10-24,19,quantile,0.3,15
2026-10-10,wk inc flu hosp,2,2026-10-24,19,quantile,0.35,17
2026-10-10,wk inc flu hosp,2,2026-10-24,19,quantile,0.4,19
2026-10-10,wk inc flu hosp,2,2026-10-24,19,quantile,0.45,21
2026-10-10,wk inc flu hosp,2,2026-10-24,19,quantile,0.5,23
2026-10-10,wk inc flu hosp,2,2026-10-24,19,quantile,0.55,25
2026-10-10,wk inc flu hosp,2,2026-10-24,19,quantile,0.6,28
2026-10-10,wk inc flu hosp,2,2026-10-24,19,quantile,0.65,31
2026-10-10,wk inc flu hosp,2,2026-10-24,19,quantile,0.7,35
2026-10-10,wk inc flu hosp,2,2026-10-24,19,quantile,0.75,39
2026-10-10,wk inc flu hosp,2,2026-10-24,19,quantile,0.8,45
2026-10-10,wk inc flu hosp,2,2026-10-24,19,quantile,0.85,53
2026-10-10,wk inc flu hosp,2,2026-10-24,19,quantile,0.9,64
2026-10-10,wk inc flu hosp,2,2026-10-24,19,quantile,0.95,85
2026-10-10,wk inc flu hosp,2,2026-10-24,19,quantile,0.975,109
2026-10-10,wk inc flu hosp,2,2026-10-24,19,quantile,0.99,146
2026-10-10,wk inc flu hosp,3,2026-10-31,19,quantile,0.01,3
2026-10-10,wk inc flu hosp,3,2026-10-31,19,quantile,0.025,4
2026-10-10,wk inc flu hosp,3,2026-10-31,19,quantile,0.05,6
2026-10-10,wk inc flu hosp,3,2026-10-31,19,quantile,0.1,8
2026-10-10,wk inc flu hosp,3,2026-10-31,19,quantile,0.15,10
2026-10-10,wk inc flu hosp,3,2026-10-31,19,quantile,0.2,12
2026-10-10,wk inc flu hosp,3,2026-10-31,19,quantile,0.25,14
2026-10-10,wk inc flu hosp,3,2026-10-31,19,quantile,0.3,17
2026-10-10,wk inc flu hosp,3,2026-10-31,19,quantile,0.35,19
2026-10-10,wk inc flu hosp,3,2026-10-31,19,quantile,0.4,21
2026-10-10,wk inc flu hosp,3,2026-10-31,19,quantile,0.45,24
2026-10-10,wk inc flu hosp,3,2026-10-31,19,quantile,0.5,27
2026-10-10,wk inc flu hosp,3,2026-10-31,19,quantile,0.55,30
2026-10-10,wk inc flu hosp,3,2026-10-31,19,quantile,0.6,34
2026-10-10,wk inc flu hosp,3,2026-10-31,19,quantile,0.65,38
2026-10-10,wk inc flu hosp,3,2026-10-31,19,quantile,0.7,43
2026-10-10,wk inc flu hosp,3,2026-10-31,19,quantile,0.75,49
2026-10-10,wk inc flu hosp,3,2026-10-31,19,quantile,0.8,57
2026-10-10,wk inc flu hosp,3,2026-10-31,19,quantile,0.85,68
2026-10-10,wk inc flu hosp,3,2026-10-31,19,quantile,0.9,85
2026-10-10,wk inc flu hosp,3,2026-10-31,19,quantile,0.95,117
2026-10-10,wk inc flu hosp,3,2026-10-31,19,quantile,0.975,154
2026-10-10,wk inc flu hosp,3,2026-10-31,19,quantile,0.99,213
2026-10-10,wk inc flu hosp,0,2026-10-10,20,quantile,0.01,4
2026-10-10,wk inc flu hosp,0,2026-10-10,20,quantile,0.025,5
2026-10-10,wk inc flu hosp,0,2026-10-10,20,quantile,0.05,6
2026-10-10,wk inc flu hosp,0,2026-10-10,20,quantile,0.1,7
2026-10-10,wk inc flu hosp,0,2026-10-10,20,quantile,0.15,8
2026-10-10,wk inc flu hosp,0,2026-10-10,20,quantile,0.2,9
2026-10-10,wk inc flu hosp,0,2026-10-10,20,quantile,0.25,10
2026-10-10,wk inc flu hosp,0,2026-10-10,20,quantile,0.3,11
2026-10-10,wk inc flu hosp,0,2026-10-10,20,quantile,0.35,11
2026-10-10,wk inc flu hosp,0,2026-10-10,20,quantile,0.4,12
2026-10-10,wk inc flu hosp,0,2026-10-10,20,quantile,0.45,13
2026-10-10,wk inc flu hosp,0,2026-10-10,20,quantile,0.5,14
2026-10-10,wk inc flu hosp,0,2026-10-10,20,quantile,0.55,15
2026-10-10,wk inc flu hosp,0,2026-10-10,20,quantile,0.6,16
2026-10-10,wk inc flu hosp,0,2026-10-10,20,quantile,0.65,18
2026-10-10,wk inc flu hosp,0,2026-10-10,20,quantile,0.7,19
2026-10-10,wk inc flu hosp,0,2026-10-10,20,quantile,0.75,21
2026-10-10,wk inc flu hosp,0,2026-10-10,20,quantile,0.8,22
2026-10-10,wk inc flu hosp,0,2026-10-10,20,quantile,0.85,25
2026-10-10,wk inc flu hosp,0,2026-10-10,20,quantile,0.9,28
2026-10-10,wk inc flu hosp,0,2026-10-10,20,quantile,0.95,34
2026-10-10,wk inc flu hosp,0,2026-10-10,20,quantile,0.975,41
2026-10-10,wk inc flu hosp,0,2026-10-10,20,quantile,0.99,49
2026-10-10,wk inc flu hosp,1,2026-10-17,20,quantile,0.01,3
2026-10-10,wk inc flu hosp,1,2026-10-17,20,quantile,0.025,4
2026-10-10,wk inc flu hosp,1,2026-10-17,20,quantile,0.05,6
2026-10-10,wk inc flu hosp,1,2026-10-17,20,quantile,0.1,7
2026-10-10,wk inc flu hosp,1,2026-10-17,20,quantile,0.15,8
2026-10-10,wk inc flu hosp,1,2026-10-17,20,quantile,0.2,10
2026-10-10,wk inc flu hosp,1,2026-10-17,20,quantile,0.25,11
2026-10-10,wk inc flu hosp,1,2026-10-17,20,quantile,0.3,12
2026-10-10,wk inc flu hosp,1,2026-10-17,20,quantile,0.35,13
2026-10-10,wk inc flu hosp,1,2026-10-17,20,quantile,0.4,14
2026-10-10,wk inc flu hosp,1,2026-10-17,20,quantile,0.45,15
2026-10-10,wk inc flu hosp,1,2026-10-17,20,quantile,0.5,16
2026-10-10,wk inc flu hosp,1,2026-10-17,20,quantile,0.55,18
2026-10-10,wk inc flu hosp,1,2026-10-17,20,quantile,0.6,19
2026-10-10,wk inc flu hosp,1,2026-10-17,20,quantile,0.65,21
2026-10-10,wk inc flu hosp,1,2026-10-17,20,quantile,0.7,23
2026-10-10,wk inc flu hosp,1,2026-10-17,20,quantile,0.75,25
2026-10-10,wk inc flu hosp,1,2026-10-17,20,quantile,0.8,28
2026-10-10,wk inc flu hosp,1,2026-10-17,20,quantile,0.85,31
2026-10-10,wk inc flu hosp,1,2026-10-17,20,quantile,0.9,37
2026-10-10,wk inc flu hosp,1,2026-10-17,20,quantile,0.95,46
2026-10-10,wk inc flu hosp,1,2026-10-17,20,quantile,0.975,55
2026-10-10,wk inc flu hosp,1,2026-10-17,20,quantile,0.99,69
2026-10-10,wk inc flu hosp,2,2026-10-24,20,quantile,0.01,3
2026-10-10,wk inc flu hosp,2,2026-10-24,20,quantile,0.025,4
2026-10-10,wk inc flu hosp,2,2026-10-24,20,quantile,0.05,6
2026-10-10,wk inc flu hosp,2,2026-10-24,20,quantile,0.1,7
2026-10-10,wk inc flu hosp,2,2026-10-24,20,quantile,0.15,9
2026-10-10,wk inc flu hosp,2,2026-10-24,20,quantile,0.2,10
2026-10-10,wk inc flu hosp,2,2026-10-24,20,quantile,0.25,12
2026-10-10,wk inc flu hosp,2,2026-10-24,20,quantile,0.3,13
2026-10-10,wk inc flu hosp,2,2026-10-24,20,quantile,0.35,15
2026-10-10,wk inc flu hosp,2,2026-10-24,20,quantile,0.4,16
2026-10-10,wk inc flu hosp,2,2026-10-24,20,quantile,0.45,18
2026-10-10,wk inc flu hosp,2,2026-10-24,20,quantile,0.5,19
2026-10-10,wk inc flu hosp,2,2026-10-24,20,quantile,0.55,21
2026-10-10,wk inc flu hosp,2,2026-10-24,20,quantile,0.6,23
2026-10-10,wk inc flu hosp,2,2026-10-24,20,quantile,0.65,26
2026-10-10,wk inc flu hosp,2,2026-10-24,20,quantile,0.7,28
2026-10-10,wk inc flu hosp,2,2026-10-24,20,quantile,0.75,32
2026-10-10,wk inc flu hosp,2,2026-10-24,20,quantile,0.8,36
2026-10-10,wk inc flu hosp,2,2026-10-24,20,quantile,0.85,41
2026-10-10,wk inc flu hosp,2,2026-10-24,20,quantile,0.9,48
2026-10-10,wk inc flu hosp,2,2026-10-24,20,quantile,0.95,63
2026-10-10,wk inc flu hosp,2,2026-10-24,20,quantile,0.975,78
2026-10-10,wk inc flu hosp,2,2026-10-24,20,quantile,0.99,101
2026-10-10,wk inc flu hosp,3,2026-10-31,20,quantile,0.01,3
2026-10-10,wk inc flu hosp,3,2026-10-31,20,quantile,0.025,4
2026-10-10,wk inc flu hosp,3,2026-10-31,20,quantile,0.05,6
2026-10-10,wk inc flu hosp,3,2026-10-31,20,quantile,0.1,8
2026-10-10,wk inc flu hosp,3,2026-10-31,20,quantile,0.15,10
2026-10-10,wk inc flu hosp,3,2026-10-31,20,quantile,0.2,11
2026-10-10,wk inc flu hosp,3,2026-10-31,20,quantile,0.25,13
2026-10-10,wk inc flu hosp,3,2026-10-31,20,quantile,0.3,15
2026-10-10,wk inc flu hosp,3,2026-10-31,20,quantile,0.35,17
2026-10-10,wk inc flu hosp,3,2026-10-31,20,quantile,0.4,19
2026-10-10,wk inc flu hosp,3,2026-10-31,20,quantile,0.45,21
2026-10-10,wk inc flu hosp,3,2026-10-31,20,quantile,0.5,23
2026-10-10,wk inc flu hosp,3,2026-10-31,20,quantile,0.55,25
2026-10-10,wk inc flu hosp,3,2026-10-31,20,quantile,0.6,28
2026-10-10,wk inc flu hosp,3,2026-10-31,20,quantile,0.65,31
2026-10-10,wk inc flu hosp,3,2026-10-31,20,quantile,0.7,35
2026-10-10,wk inc flu hosp,3,2026-10-31,20,quantile,0.75,39
2026-10-10,wk inc flu hosp,3,2026-10-31,20,quantile,0.8,45
2026-10-10,wk inc flu hosp,3,2026-10-31,20,quantile,0.85,52
2026-10-10,wk inc flu hosp,3,2026-10-31,20,quantile,0.9,63
2026-10-10,wk inc flu hosp,3,2026-10-31,20,quantile,0.95,84
2026-10-10,wk inc flu hosp,3,2026-10-31,20,quantile,0.975,108
2026-10-10,wk inc flu hosp,3,2026-10-31,20,quantile,0.99,144
2026-10-10,wk inc flu hosp,0,2026-10-10,21,quantile,0.01,13
2026-10-10,wk inc flu hosp,0,2026-10-10,21,quantile,0.025,16
2026-10-10,wk inc flu hosp,0,2026-10-10,21,quantile,0.05,19
2026-10-10,wk inc flu hosp,0,2026-10-10,21,quantile,0.1,24
2026-10-10,wk inc flu hosp,0,2026-10-10,21,quantile,0.15,27
2026-10-10,wk inc flu hosp,0,2026-10-10,21,quantile,0.2,30
2026-10-10,wk inc flu hosp,0,2026-10-10,21,quantile,0.25,33
2026-10-10,wk inc flu hosp,0,2026-10-10,21,quantile,0.3,36
2026-10-10,wk inc flu hosp,0,2026-10-10,21,quantile,0.35,39
2026-10-10,wk inc flu hosp,0,2026-10-10,21,quantile,0.4,42
2026-10-10,wk inc flu hosp,0,2026-10-10,21,quantile,0.45,45
2026-10-10,wk inc flu hosp,0,2026-10-10,21,quantile,0.5,48
2026-10-10,wk inc flu hosp,0,2026-10-10,21,quantile,0.55,51
2026-10-10,wk inc flu hosp,0,2026-10-10,21,quantile,0.6,55
2026-10-10,wk inc flu hosp,0,2026-10-10,21,quantile,0.65,59
2026-10-10,wk inc flu hosp,0,2026-10-10,21,quantile,0.7,64
2026-10-10,wk inc flu hosp,0,2026-10-10,21,quantile,0.75,69
2026-10-10,wk inc flu hosp,0,2026-10-10,21,quantile,0.8,76
2026-10-10,wk inc flu hosp,0,2026-10-10,21,quantile,0.85,84
2026-10-10,wk inc flu hosp,0,2026-10-10,21,quantile,0.9,96
2026-10-10,wk inc flu hosp,0,2026-10-10,21,quantile,0.95,117
2026-10-10,wk inc flu hosp,0,2026-10-10,21,quantile,0.975,138
2026-10-10,wk inc flu hosp,0,2026-10-10,21,quantile,0.99,169
2026-10-10,wk inc flu hosp,1,2026-10-17,21,quantile,0.01,12
2026-10-10,wk inc flu hosp,1,2026-10-17,21,quantile,0.025,15
2026-10-10,wk inc flu hosp,1,2026-10-17,21,quantile,0.05,19
2026-10-10,wk inc flu hosp,1,2026-10-17,21,quantile,0.1,24
2026-10-10,wk inc flu hosp,1,2026-10-17,21,quantile,0.15,28
2026-10-10,wk inc flu hosp,1,2026-10-17,21,quantile,0.2,32
2026-10-10,wk inc flu hosp,1,2026-10-17,21,quantile,0.25,36
2026-10-10,wk inc flu hosp,1,2026-10-17,21,quantile,0.3,39
2026-10-10,wk inc flu hosp,1,2026-10-17,21,quantile,0.35,43
2026-10-10,wk inc flu hosp,1,2026-10-17,21,quantile,0.4,46
2026-10-10,wk inc flu hosp,1,2026-10-17,21,quantile,0.45,50
2026-10-10,wk inc flu hosp,1,2026-10-17,21,quantile,0.5,55
2026-10-10,wk inc flu hosp,1,2026-10-17,21,quantile,0.55,59
2026-10-10,wk inc flu hosp,1,2026-10-17,21,quantile,0.6,64
2026-10-10,wk inc flu hosp,1,2026-10-17,21,quantile,0.65,70
2026-10-10,wk inc flu hosp,1,2026-10-17,21,quantile,0.7,76
2026-10-10,wk inc flu hosp,1,2026-10-17,21,quantile,0.75,84
2026-10-10,wk inc flu hosp,1,2026-10-17,21,quantile,0.8,93
2026-10-10,wk inc flu hosp,1,2026-10-17,21,quantile,0.85,105
2026-10-10,wk inc flu hosp,1,2026-10-17,21,quantile,0.9,122
2026-10-10,wk inc flu hosp,1,2026-10-17,21,quantile,0.95,154
2026-10-10,wk inc flu hosp,1,2026-10-17,21,quantile,0.975,187
2026-10-10,wk inc flu hosp,1,2026-10-17,21,quantile,0.99,236
2026-10-10,wk inc flu hosp,2,2026-10-24,21,quantile,0.01,11
2026-10-10,wk inc flu hosp,2,2026-10-24,21,quantile,0.025,14
2026-10-10,wk inc flu hosp,2,2026-10-24,21,quantile,0.05,18
2026-10-10,wk inc flu hosp,2,2026-10-24,21,quantile,0.1,24
2026-10-10,wk inc flu hosp,2,2026-10-24,21,quantile,0.15,29
2026-10-10,wk inc flu hosp,2,2026-10-24,21,quantile,0.2,33
2026-10-10,wk inc flu hosp,2,2026-10-24,21,quantile,0.25,38
2026-10-10,wk inc flu hosp,2,2026-10-24,21,quantile,0.3,42
2026-10-10,wk inc flu hosp,2,2026-10-24,21,quantile,0.35,47
2026-10-10,wk inc flu hosp,2,2026-10-24,21,quantile,0.4,52
2026-10-10,wk inc flu hosp,2,2026-10-24,21,quantile,0.45,57
2026-10-10,wk inc flu hosp,2,2026-10-24,21,quantile,0.5,62
2026-10-10,wk inc flu hosp,2,2026-10-24,21,quantile,0.55,68
2026-10-10,wk inc flu hosp,2,2026-10-24,21,quantile,0.6,75
2026-10-10,wk inc flu hosp,2,2026-10-24,21,quantile,0.65,82
2026-10-10,wk inc flu hosp,2,2026-10-24,21,quantile,0.7,91
2026-10-10,wk inc flu hosp,2,2026-10-24,21,quantile,0.75,102
2026-10-10,wk inc flu hosp,2,2026-10-24,21,quantile,0.8,115
2026-10-10,wk inc flu hosp,2,2026-10-24,21,quantile,0.85,132
2026-10-10,wk inc flu hosp,2,2026-10-24,21,quantile,0.9,158
2026-10-10,wk inc flu hosp,2,2026-10-24,21,quantile,0.95,206
2026-10-10,wk inc flu hosp,2,2026-10-24,21,quantile,0.975,258
2026-10-10,wk inc flu hosp,2,2026-10-24,21,quantile,0.99,336
2026-10-10,wk inc flu hosp,3,2026-10-31,21,quantile,0.01,10
2026-10-10,wk inc flu hosp,3,2026-10-31,21,quantile,0.025,14
2026-10-10,wk inc flu hosp,3,2026-10-31,21,quantile,0.05,18
2026-10-10,wk inc flu hosp,3,2026-10-31,21,quantile,0.1,25
2026-10-10,wk inc flu hosp,3,2026-10-31,21,quantile,0.15,30
2026-10-10,wk inc flu hosp,3,2026-10-31,21,quantile,0.2,36
2026-10-10,wk inc flu hosp,3,2026-10-31,21,quantile,0.25,41
2026-10-10,wk inc flu hosp,3,2026-10-31,21,quantile,0.3,46
2026-10-10,wk inc flu hosp,3,2026-10-31,21,quantile,0.35,52
2026-10-10,wk inc flu hosp,3,2026-10-31,21,quantile,0.4,58
2026-10-10,wk inc flu hosp,3,2026-10-31,21,quantile,0.45,64
2026-10-10,wk inc flu hosp,3,2026-10-31,21,quantile,0.5,71
2026-10-10,wk inc flu hosp,3,2026-10-31,21,quantile,0.55,79
2026-10-10,wk inc flu hosp,3,2026-10-31,21,quantile,0.6,87
2026-10-10,wk inc flu hosp,3,2026-10-31,21,quantile,0.65,97
2026-10-10,wk inc flu hosp,3,2026-10-31,21,quantile,0.7,109
2026-10-10,wk inc flu hosp,3,2026-10-31,21,quantile,0.75,123
2026-10-10,wk inc flu hosp,3,2026-10-31,21,quantile,0.8,141
2026-10-10,wk inc flu hosp,3,2026-10-31,21,quantile,0.85,165
2026-10-10,wk inc flu hosp,3,2026-10-31,21,quantile,0.9,201
2026-10-10,wk inc flu hosp,3,2026-10-31,21,quantile,0.95,270
2026-10-10,wk inc flu hosp,3,2026-10-31,21,quantile,0.975,348
2026-10-10,wk inc flu hosp,3,2026-10-31,21,quantile,0.99,468
2026-10-10,wk inc flu hosp,0,2026-10-10,22,quantile,0.01,34
2026-10-10,wk inc flu hosp,0,2026-10-10,22,quantile,0.025,41
2026-10-10,wk inc flu hosp,0,2026-10-10,22,quantile,0.05,48
2026-10-10,wk inc flu hosp,0,2026-10-10,22,quantile,0.1,57
2026-10-10,wk inc flu hosp,0,2026-10-10,22,quantile,0.15,64
2026-10-10,wk inc flu hosp,0,2026-10-10,22,quantile,0.2,70
2026-10-10,wk inc flu hosp,0,2026-10-10,22,quantile,0.25,75
2026-10-10,wk inc flu hosp,0,2026-10-10,22,quantile,0.3,81
2026-10-10,wk inc flu hosp,0,2026-10-10,22,quantile,0.35,87
2026-10-10,wk inc flu hosp,0,2026-10-10,22,quantile,0.4,92
2026-10-10,wk inc flu hosp,0,2026-10-10,22,quantile,0.45,98
2026-10-10,wk inc flu hosp,0,2026-10-10,22,quantile,0.5,104
2026-10-10,wk inc flu hosp,0,2026-10-10,22,quantile,0.55,110
2026-10-10,wk inc flu hosp,0,2026-10-10,22,quantile,0.6,117
2026-10-10,wk inc flu hosp,0,2026-10-10,22,quantile,0.65,125
2026-10-10,wk inc flu hosp,0,2026-10-10,22,quantile,0.7,133
2026-10-10,wk inc flu hosp,0,2026-10-10,22,quantile,0.75,143
2026-10-10,wk inc flu hosp,0,2026-10-10,22,quantile,0.8,154
2026-10-10,wk inc flu hosp,0,2026-10-10,22,quantile,0.85,169
2026-10-10,wk inc flu hosp,0,2026-10-10,22,quantile,0.9,190
2026-10-10,wk inc flu hosp,0,2026-10-10,22,quantile,0.95,225
2026-10-10,wk inc flu hosp,0,2026-10-10,22,quantile,0.975,261
2026-10-10,wk inc flu hosp,0,2026-10-10,22,quantile,0.99,311
2026-10-10,wk inc flu hosp,1,2026-10-17,22,quantile,0.01,32
2026-10-10,wk inc flu hosp,1,2026-10-17,22,quantile,0.025,39
2026-10-10,wk inc flu hosp,1,2026-10-17,22,quantile,0.05,47
2026-10-10,wk inc flu hosp,1,2026-10-17,22,quantile,0.1,58
2026-10-10,wk inc flu hosp,1,2026-10-17,22,quantile,0.15,66
2026-10-10,wk inc flu hosp,1,2026-10-17,22,quantile,0.2,73
2026-10-10,wk inc flu hosp,1,2026-10-17,22,quantile,0.25,80
2026-10-10,wk inc flu hosp,1,2026-10-17,22,quantile,0.3,87
2026-10-10,wk inc flu hosp,1,2026-10-17,22,quantile,0.35,94
2026-10-10,wk inc flu hosp,1,2026-10-17,22,quantile,0.4,101
2026-10-10,wk inc flu hosp,1,2026-10-17,22,quantile,0.45,109
2026-10-10,wk inc flu hosp,1,2026-10-17,22,quantile,0.5,117
2026-10-10,wk inc flu hosp,1,2026-10-17,22,quantile,0.55,125
2026-10-10,wk inc flu hosp,1,2026-10-17,22,quantile,0.6,134
2026-10-10,wk inc flu hosp,1,2026-10-17,22,quantile,0.65,144
2026-10-10,wk inc flu hosp,1,2026-10-17,22,quantile,0.7,155
2026-10-10,wk inc flu hosp,1,2026-10-17,22,quantile,0.75,169
2026-10-10,wk inc flu hosp,1,2026-10-17,22,quantile,0.8,185
2026-10-10,wk inc flu hosp,1,2026-10-17,22,quantile,0.85,206
2026-10-10,wk inc flu hosp,1,2026-10-17,22,quantile,0.9,235
2026-10-10,wk inc flu hosp,1,2026-10-17,22,quantile,0.95,287
2026-10-10,wk inc flu hosp,1,2026-10-17,22,quantile,0.975,340
2026-10-10,wk inc flu hosp,1,2026-10-17,22,quantile,0.99,416
2026-10-10,wk inc flu hosp,2,2026-10-24,22,quantile,0.01,30
2026-10-10,wk inc flu hosp,2,2026-10-24,22,quantile,0.025,37
2026-10-10,wk inc flu hosp,2,2026-10-24,22,quantile,0.05,46
2026-10-10,wk inc flu hosp,2,2026-10-24,22,quantile,0.1,58
2026-10-10,wk inc flu hosp,2,2026-10-24,22,quantile,0.15,68
2026-10-10,wk inc flu hosp,2,2026-10-24,22,quantile,0.2,77
2026-10-10,wk inc flu hosp,2,2026-10-24,22,quantile,0.25,85
2026-10-10,wk inc flu hosp,2,2026-10-24,22,quantile,0.3,94
2026-10-10,wk inc flu hosp,2,2026-10-24,22,quantile,0.35,103
2026-10-10,wk inc flu hosp,2,2026-10-24,22,quantile,0.4,112
2026-10-10,wk inc flu hosp,2,2026-10-24,22,quantile,0.45,121
2026-10-10,wk inc flu hosp,2,2026-10-24,22,quantile,0.5,131
2026-10-10,wk inc flu hosp,2,2026-10-24,22,quantile,0.55,142
2026-10-10,wk inc flu hosp,2,2026-10-24,22,quantile,0.6,154
2026-10-10,wk inc flu hosp,2,2026-10-24,22,quantile,0.65,167
2026-10-10,wk inc flu hosp,2,2026-10-24,22,quantile,0.7,183
2026-10-10,wk inc flu hosp,2,2026-10-24,22,quantile,0.75,201
2026-10-10,wk inc flu hosp,2,2026-10-24,22,quantile,0.8,223
2026-10-10,wk inc flu hosp,2,2026-10-24,22,quantile,0.85,252
2026-10-10,wk inc flu hosp,2,2026-10-24,22,quantile,0.9,295
2026-10-10,wk inc flu hosp,2,2026-10-24,22,quantile,0.95,371
2026-10-10,wk inc flu hosp,2,2026-10-24,22,quantile,0.975,452
2026-10-10,wk inc flu hosp,2,2026-10-24,22,quantile,0.99,570
2026-10-10,wk inc flu hosp,3,2026-10-31,22,quantile,0.01,27
2026-10-10,wk inc flu hosp,3,2026-10-31,22,quantile,0.025,36
2026-10-10,wk inc flu hosp,3,2026-10-31,22,quantile,0.05,45
2026-10-10,wk inc flu hosp,3,2026-10-31,22,quantile,0.1,58
2026-10-10,wk inc flu hosp,3,2026-10-31,22,quantile,0.15,69
2026-10-10,wk inc flu hosp,3,2026-10-31,22,quantile,0.2,80
2026-10-10,wk inc flu hosp,3,2026-10-31,22,quantile,0.25,90
2026-10-10,wk inc flu hosp,3,2026-10-31,22,quantile,0.3,100
2026-10-10,wk inc flu hosp,3,2026-10-31,22,quantile,0.35,110
2026-10-10,wk inc flu hosp,3,2026-10-31,22,quantile,0.4,121
2026-10-10,wk inc flu hosp,3,2026-10-31,22,quantile,0.45,133
2026-10-10,wk inc flu hosp,3,2026-10-31,22,quantile,0.5,145
2026-10-10,wk inc flu hosp,3,2026-10-31,22,quantile,0.55,158
2026-10-10,wk inc flu hosp,3,2026-10-31,22,quantile,0.6,173
2026-10-10,wk inc flu hosp,3,2026-10-31,22,quantile,0.65,190
2026-10-10,wk inc flu hosp,3,2026-10-31,22,quantile,0.7,210
2026-10-10,wk inc flu hosp,3,2026-10-31,22,quantile,0.75,234
2026-10-10,wk inc flu hosp,3,2026-10-31,22,quantile,0.8,263
2026-10-10,wk inc flu hosp,3,2026-10-31,22,quantile,0.85,302
2026-10-10,wk inc flu hosp,3,2026-10-31,22,quantile,0.9,359
2026-10-10,wk inc flu hosp,3,2026-10-31,22,quantile,0.95,464
2026-10-10,wk inc flu hosp,3,2026-10-31,22,quantile,0.975,579
2026-10-10,wk inc flu hosp,3,2026-10-31,22,quantile,0.99,749
2026-10-10,wk inc flu hosp,0,2026-10-10,23,quantile,0.01,3
2026-10-10,wk inc flu hosp,0,2026-10-10,23,quantile,0.025,4
2026-10-10,wk inc flu hosp,0,2026-10-10,23,quantile,0.05,5
2026-10-10,wk inc flu hosp,0,2026-10-10,23,quantile,0.1,6
2026-10-10,wk inc flu hosp,0,2026-10-10,23,quantile,0.15,7
2026-10-10,wk inc flu hosp,0,2026-10-10,23,quantile,0.2,8
2026-10-10,wk inc flu hosp,0,2026-10-10,23,quantile,0.25,9
2026-10-10,wk inc flu hosp,0,2026-10-10,23,quantile,0.3,10
2026-10-10,wk inc flu hosp,0,2026-10-10,23,quantile,0.35,11
2026-10-10,wk inc flu hosp,0,2026-10-10,23,quantile,0.4,12
2026-10-10,wk inc flu hosp,0,2026-10-10,23,quantile,0.45,13
2026-10-10,wk inc flu hosp,0,2026-10-10,23,quantile,0.5,14
2026-10-10,wk inc flu hosp,0,2026-10-10,23,quantile,0.55,15
2026-10-10,wk inc flu hosp,0,2026-10-10,23,quantile,0.6,16
2026-10-10,wk inc flu hosp,0,2026-10-10,23,quantile,0.65,17
2026-10-10,wk inc flu hosp,0,2026-10-10,23,quantile,0.7,19
2026-10-10,wk inc flu hosp,0,2026-10-10,23,quantile,0.75,21
2026-10-10,wk inc flu hosp,0,2026-10-10,23,quantile,0.8,23
2026-10-10,wk inc flu hosp,0,2026-10-10,23,quantile,0.85,26
2026-10-10,wk inc flu hosp,0,2026-10-10,23,quantile,0.9,30
2026-10-10,wk inc flu hosp,0,2026-10-10,23,quantile,0.95,37
2026-10-10,wk inc flu hosp,0,2026-10-10,23,quantile,0.975,44
2026-10-10,wk inc flu hosp,0,2026-10-10,23,quantile,0.99,55
2026-10-10,wk inc flu hosp,1,2026-10-17,23,quantile,0.01,3
2026-10-10,wk inc flu hosp,1,2026-10-17,23,quantile,0.025,3
2026-10-10,wk inc flu hosp,1,2026-10-17,23,quantile,0.05,5
2026-10-10,wk inc flu hosp,1,2026-10-17,23,quantile,0.1,6
2026-10-10,wk inc flu hosp,1,2026-10-17,23,quantile,0.15,7
2026-10-10,wk inc flu hosp,1,2026-10-17,23,quantile,0.2,9
2026-10-10,wk inc flu hosp,1,2026-10-17,23,quantile,0.25,10
2026-10-10,wk inc flu hosp,1,2026-10-17,23,quantile,0.3,11
2026-10-10,wk inc flu hosp,1,2026-10-17,23,quantile,0.35,12
2026-10-10,wk inc flu hosp,1,2026-10-17,23,quantile,0.4,13
2026-10-10,wk inc flu hosp,1,2026-10-17,23,quantile,0.45,14
2026-10-10,wk inc flu hosp,1,2026-10-17,23,quantile,0.5,16
2026-10-10,wk inc flu hosp,1,2026-10-17,23,quantile,0.55,17
2026-10-10,wk inc flu hosp,1,2026-10-17,23,quantile,0.6,19
2026-10-10,wk inc flu hosp,1,2026-10-17,23,quantile,0.65,21
2026-10-10,wk inc flu hosp,1,2026-10-17,23,quantile,0.7,23
2026-10-10,wk inc flu hosp,1,2026-10-17,23,quantile,0.75,25
2026-10-10,wk inc flu hosp,1,2026-10-17,23,quantile,0.8,28
2026-10-10,wk inc flu hosp,1,2026-10-17,23,quantile,0.85,32
2026-10-10,wk inc flu hosp,1,2026-10-17,23,quantile,0.9,38
2026-10-10,wk inc flu hosp,1,2026-10-17,23,quantile,0.95,49
2026-10-10,wk inc flu hosp,1,2026-10-17,23,quantile,0.975,61
2026-10-10,wk inc flu hosp,1,2026-10-17,23,quantile,0.99,78
2026-10-10,wk inc flu hosp,2,2026-10-24,23,quantile,0.01,2
2026-10-10,wk inc flu hosp,2,2026-10-24,23,quantile,0.025,3
2026-10-10,wk inc flu hosp,2,2026-10-24,23,quantile,0.05,4
2026-10-10,wk inc flu hosp,2,2026-10-24,23,quantile,0.1,6
2026-10-10,wk inc flu hosp,2,2026-10-24,23,quantile,0.15,8
2026-10-10,wk inc flu hosp,2,2026-10-24,23,quantile,0.2,9
2026-10-10,wk inc flu hosp,2,2026-10-24,23,quantile,0.25,10
2026-10-10,wk inc flu hosp,2,2026-10-24,23,quantile,0.3,12
2026-10-10,wk inc flu hosp,2,2026-10-24,23,quantile,0.35,13
2026-10-10,wk inc flu hosp,2,2026-10-24,23,quantile,0.4,15
2026-10-10,wk inc flu hosp,2,2026-10-24,23,quantile,0.45,16
2026-10-10,wk inc flu hosp,2,2026-10-24,23,quantile,0.5,18
2026-10-10,wk inc flu hosp,2,2026-10-24,23,quantile,0.55,20
2026-10-10,wk inc flu hosp,2,2026-10-24,23,quantile,0.6,22
2026-10-10,wk inc flu hosp,2,2026-10-24,23,quantile,0.65,25
2026-10-10,wk inc flu hosp,2,2026-10-24,23,quantile,0.7,28
2026-10-10,wk inc flu hosp,2,2026-10-24,23,quantile,0.75,31
2026-10-10,wk inc flu hosp,2,2026-10-24,23,quantile,0.8,36
2026-10-10,wk inc flu hosp,2,2026-10-24,23,quantile,0.85,42
2026-10-10,wk inc flu hosp,2,2026-10-24,23,quantile,0.9,50
2026-10-10,wk inc flu hosp,2,2026-10-24,23,quantile,0.95,67
2026-10-10,wk inc flu hosp,2,2026-10-24,23,quantile,0.975,86
2026-10-10,wk inc flu hosp,2,2026-10-24,23,quantile,0.99,114
2026-10-10,wk inc flu hosp,3,2026-10-31,23,quantile,0.01,2
2026-10-10,wk inc flu hosp,3,2026-10-31,23,quantile,0.025,3
2026-10-10,wk inc flu hosp,3,2026-10-31,23,quantile,0.05,4
2026-10-10,wk inc flu hosp,3,2026-10-31,23,quantile,0.1,6
2026-10-10,wk inc flu hosp,3,2026-10-31,23,quantile,0.15,8
2026-10-10,wk inc flu hosp,3,2026-10-31,23,quantile,0.2,9
2026-10-10,wk inc flu hosp,3,2026-10-31,23,quantile,0.25,11
2026-10-10,wk inc flu hosp,3,2026-10-31,23,quantile,0.3,13
2026-10-10,wk inc flu hosp,3,2026-10-31,23,quantile,0.35,14
2026-10-10,wk inc flu hosp,3,2026-10-31,23,quantile,0.4,16
2026-10-10,wk inc flu hosp,3,2026-10-31,23,quantile,0.45,18
2026-10-10,wk inc flu hosp,3,2026-10-31,23,quantile,0.5,21
2026-10-10,wk inc flu hosp,3,2026-10-31,23,quantile,0.55,23
2026-10-10,wk inc flu hosp,3,2026-10-31,23,quantile,0.6,26
2026-10-10,wk inc flu hosp,3,2026-10-31,23,quantile,0.65,29
2026-10-10,wk inc flu hosp,3,2026-10-31,23,quantile,0.7,33
2026-10-10,wk inc flu hosp,3,2026-10-31,23,quantile,0.75,38
2026-10-10,wk inc flu hosp,3,2026-10-31,23,quantile,0.8,44
2026-10-10,wk inc flu hosp,3,2026-10-31,23,quantile,0.85,52
2026-10-10,wk inc flu hosp,3,2026-10-31,23,quantile,0.9,64
2026-10-10,wk inc flu hosp,3,2026-10-31,23,quantile,0.95,88
2026-10-10,wk inc flu hosp,3,2026-10-31,23,quantile,0.975,116
2026-10-10,wk inc flu hosp,3,2026-10-31,23,quantile,0.99,160
2026-10-10,wk inc flu hosp,0,2026-10-10,24,quantile,0.01,8
2026-10-10,wk inc flu hosp,0,2026-10-10,24,quantile,0.025,10
2026-10-10,wk inc flu hosp,0,2026-10-10,24,quantile,0.05,12
2026-10-10,wk inc flu hosp,0,2026-10-10,24,quantile,0.1,14
2026-10-10,wk inc flu hosp,0,2026-10-10,24,quantile,0.15,16
2026-10-10,wk inc flu hosp,0,2026-10-10,24,quantile,0.2,18
2026-10-10,wk inc flu hosp,0,2026-10-10,24,quantile,0.25,20
2026-10-10,wk inc flu hosp,0,2026-10-10,24,quantile,0.3,21
2026-10-10,wk inc flu hosp,0,2026-10-10,24,quantile,0.35,23
2026-10-10,wk inc flu hosp,0,2026-10-10,24,quantile,0.4,24
2026-10-10,wk inc flu hosp,0,2026-10-10,24,quantile,0.45,26
2026-10-10,wk inc flu hosp,0,2026-10-10,24,quantile,0.5,28
2026-10-10,wk inc flu hosp,0,2026-10-10,24,quantile,0.55,29
2026-10-10,wk inc flu hosp,0,2026-10-10,24,quantile,0.6,31
2026-10-10,wk inc flu hosp,0,2026-10-10,24,quantile,0.65,34
2026-10-10,wk inc flu hosp,0,2026-10-10,24,quantile,0.7,36
2026-10-10,wk inc flu hosp,0,2026-10-10,24,quantile,0.75,39
2026-10-10,wk inc flu hosp,0,2026-10-10,24,quantile,0.8,42
2026-10-10,wk inc flu hosp,0,2026-10-10,24,quantile,0.85,46
2026-10-10,wk inc flu hosp,0,2026-10-10,24,quantile,0.9,52
2026-10-10,wk inc flu hosp,0,2026-10-10,24,quantile,0.95,62
2026-10-10,wk inc flu hosp,0,2026-10-10,24,quantile,0.975,73
2026-10-10,wk inc flu hosp,0,2026-10-10,24,quantile,0.99,87
2026-10-10,wk inc flu hosp,1,2026-10-17,24,quantile,0.01,8
2026-10-10,wk inc flu hosp,1,2026-10-17,24,quantile,0.025,10
2026-10-10,wk inc flu hosp,1,2026-10-17,24,quantile,0.05,12
2026-10-10,wk inc flu hosp,1,2026-10-17,24,quantile,0.1,15
2026-10-10,wk inc flu hosp,1,2026-10-17,24,quantile,0.15,17
2026-10-10,wk inc flu hosp,1,2026-10-17,24,quantile,0.2,19
2026-10-10,wk inc flu hosp,1,2026-10-17,24,quantile,0.25,21
2026-10-10,wk inc flu hosp,1,2026-10-17,24,quantile,0.3,23
2026-10-10,wk inc flu hosp,1,2026-10-17,24,quantile,0.35,25
2026-10-10,wk inc flu hosp,1,2026-10-17,24,quantile,0.4,28
2026-10-10,wk inc flu hosp,1,2026-10-17,24,quantile,0.45,30
2026-10-10,wk inc flu hosp,1,2026-10-17,24,quantile,0.5,32
2026-10-10,wk inc flu hosp,1,2026-10-17,24,quantile,0.55,34
2026-10-10,wk inc flu hosp,1,2026-10-17,24,quantile,0.6,37
2026-10-10,wk inc flu hosp,1,2026-10-17,24,quantile,0.65,40
2026-10-10,wk inc flu hosp,1,2026-10-17,24,quantile,0.7,43
2026-10-10,wk inc flu hosp,1,2026-10-17,24,quantile,0.75,47
2026-10-10,wk inc flu hosp,1,2026-10-17,24,quantile,0.8,52
2026-10-10,wk inc flu hosp,1,2026-10-17,24,quantile,0.85,58
2026-10-10,wk inc flu hosp,1,2026-10-17,24,quantile,0.9,67
2026-10-10,wk inc flu hosp,1,2026-10-17,24,quantile,0.95,82
2026-10-10,wk inc flu hosp,1,2026-10-17,24,quantile,0.975,98
2026-10-10,wk inc flu hosp,1,2026-10-17,24,quantile,0.99,121
2026-10-10,wk inc flu hosp,2,2026-10-24,24,quantile,0.01,7
2026-10-10,wk inc flu hosp,2,2026-10-24,24,quantile,0.025,10
2026-10-10,wk inc flu hosp,2,2026-10-24,24,quantile,0.05,12
2026-10-10,wk inc flu hosp,2,2026-10-24,24,quantile,0.1,15
2026-10-10,wk inc flu hosp,2,2026-10-24,24,quantile,0.15,18
2026-10-10,wk inc flu hosp,2,2026-10-24,24,quantile,0.2,21
2026-10-10,wk inc flu hosp,2,2026-10-24,24,quantile,0.25,23
2026-10-10,wk inc flu hosp,2,2026-10-24,24,quantile,0.3,26
2026-10-10,wk inc flu hosp,2,2026-10-24,24,quantile,0.35,28
2026-10-10,wk inc flu hosp,2,2026-10-24,24,quantile,0.4,31
2026-10-10,wk inc flu hosp,2,2026-10-24,24,quantile,0.45,34
2026-10-10,wk inc flu hosp,2,2026-10-24,24,quantile,0.5,37
2026-10-10,wk inc flu hosp,2,2026-10-24,24,quantile,0.55,40
2026-10-10,wk inc flu hosp,2,2026-10-24,24,quantile,0.6,43
2026-10-10,wk inc flu hosp,2,2026-10-24,24,quantile,0.65,47
2026-10-10,wk inc flu hosp,2,2026-10-24,24,quantile,0.7,52
2026-10-10,wk inc flu hosp,2,2026-10-24,24,quantile,0.75,57
2026-10-10,wk inc flu hosp,2,2026-10-24,24,quantile,0.8,64
2026-10-10,wk inc flu hosp,2,2026-10-24,24,quantile,0.85,73
2026-10-10,wk inc flu hosp,2,2026-10-24,24,quantile,0.9,86
2026-10-10,wk inc flu hosp,2,2026-10-24,24,quantile,0.95,109
2026-10-10,wk inc flu hosp,2,2026-10-24,24,quantile,0.975,134
2026-10-10,wk inc flu hosp,2,2026-10-24,24,quantile,0.99,170
2026-10-10,wk inc flu hosp,3,2026-10-31,24,quantile,0.01,7
2026-10-10,wk inc flu hosp,3,2026-10-31,24,quantile,0.025,9
2026-10-10,wk inc flu hosp,3,2026-10-31,24,quantile,0.05,12
2026-10-10,wk inc flu hosp,3,2026-10-31,24,quantile,0.1,16
2026-10-10,wk inc flu hosp,3,2026-10-31,24,quantile,0.15,19
2026-10-10,wk inc flu hosp,3,2026-10-31,24,quantile,0.2,23
2026-10-10,wk inc flu hosp,3,2026-10-31,24,quantile,0.25,26
2026-10-10,wk inc flu hosp,3,2026-10-31,24,quantile,0.3,29
2026-10-10,wk inc flu hosp,3,2026-10-31,24,quantile,0.35,32
2026-10-10,wk inc flu hosp,3,2026-10-31,24,quantile,0.4,35
2026-10-10,wk inc flu hosp,3,2026-10-31,24,quantile,0.45,39
2026-10-10,wk inc flu hosp,3,2026-10-31,24,quantile,0.5,42
2026-10-10,wk inc flu hosp,3,2026-10-31,24,quantile,0.55,47
2026-10-10,wk inc flu hosp,3,2026-10-31,24,quantile,0.6,51
2026-10-10,wk inc flu hosp,3,2026-10-31,24,quantile,0.65,56
2026-10-10,wk inc flu hosp,3,2026-10-31,24,quantile,0.7,63
2026-10-10,wk inc flu hosp,3,2026-10-31,24,quantile,0.75,70
2026-10-10,wk inc flu hosp,3,2026-10-31,24,quantile,0.8,79
2026-10-10,wk inc flu hosp,3,2026-10-31,24,quantile,0.85,91
2026-10-10,wk inc flu hosp,3,2026-10-31,24,quantile,0.9,109
2026-10-10,wk inc flu hosp,3,2026-10-31,24,quantile,0.95,142
2026-10-10,wk inc flu hosp,3,2026-10-31,24,quantile,0.975,179
2026-10-10,wk inc flu hosp,3,2026-10-31,24,quantile,0.99,234
2026-10-10,wk inc flu hosp,0,2026-10-10,25,quantile,0.01,5
2026-10-10,wk inc flu hosp,0,2026-10-10,25,quantile,0.025,6
2026-10-10,wk inc flu hosp,0,2026-10-10,25,quantile,0.05,7
2026-10-10,wk inc flu hosp,0,2026-10-10,25,quantile,0.1,9
2026-10-10,wk inc flu hosp,0,2026-10-10,25,quantile,0.15,10
2026-10-10,wk inc flu hosp,0,2026-10-10,25,quantile,0.2,11
2026-10-10,wk inc flu hosp,0,2026-10-10,25,quantile,0.25,13
2026-10-10,wk inc flu hosp,0,2026-10-10,25,quantile,0.3,14
2026-10-10,wk inc flu hosp,0,2026-10-10,25,quantile,0.35,15
2026-10-10,wk inc flu hosp,0,2026-10-10,25,quantile,0.4,16
2026-10-10,wk inc flu hosp,0,2026-10-10,25,quantile,0.45,17
2026-10-10,wk inc flu hosp,0,2026-10-10,25,quantile,0.5,19
2026-10-10,wk inc flu hosp,0,2026-10-10,25,quantile,0.55,20
2026-10-10,wk inc flu hosp,0,2026-10-10,25,quantile,0.6,21
2026-10-10,wk inc flu hosp,0,2026-10-10,25,quantile,0.65,23
2026-10-10,wk inc flu hosp,0,2026-10-10,25,quantile,0.7,25
2026-10-10,wk inc flu hosp,0,2026-10-10,25,quantile,0.75,27
2026-10-10,wk inc flu hosp,0,2026-10-10,25,quantile,0.8,30
2026-10-10,wk inc flu hosp,0,2026-10-10,25,quantile,0.85,33
2026-10-10,wk inc flu hosp,0,2026-10-10,25,quantile,0.9,38
2026-10-10,wk inc flu hosp,0,2026-10-10,25,quantile,0.95,47
2026-10-10,wk inc flu hosp,0,2026-10-10,25,quantile,0.975,56
2026-10-10,wk inc flu hosp,0,2026-10-10,25,quantile,0.99,68
2026-10-10,wk inc flu hosp,1,2026-10-17,25,quantile,0.01,4
2026-10-10,wk inc flu hosp,1,2026-10-17,25,quantile,0.025,5
2026-10-10,wk inc flu hosp,1,2026-10-17,25,quantile,0.05,7
2026-10-10,wk inc flu hosp,1,2026-10-17,25,quantile,0.1,9
2026-10-10,wk inc flu hosp,1,2026-10-17,25,quantile,0.15,11
2026-10-10,wk inc flu hosp,1,2026-10-17,25,quantile,0.2,12
2026-10-10,wk inc flu hosp,1,2026-10-17,25,quantile,0.25,13
2026-10-10,wk inc flu hosp,1,2026-10-17,25,quantile,0.3,15
2026-10-10,wk inc flu hosp,1,2026-10-17,25,quantile,0.35,16
2026-10-10,wk inc flu hosp,1,2026-10-17,25,quantile,0.4,18
2026-10-10,wk inc flu hosp,1,2026-10-17,25,quantile,0.45,19
2026-10-10,wk inc flu hosp,1,2026-10-17,25,quantile,0.5,21
2026-10-10,wk inc flu hosp,1,2026-10-17,25,quantile,0.55,23
2026-10-10,wk inc flu hosp,1,2026-10-17,25,quantile,0.6,25
2026-10-10,wk inc flu hosp,1,2026-10-17,25,quantile,0.65,27
2026-10-10,wk inc flu hosp,1,2026-10-17,25,quantile,0.7,30
2026-10-10,wk inc flu hosp,1,2026-10-17,25,quantile,0.75,33
2026-10-10,wk inc flu hosp,1,2026-10-17,25,quantile,0.8,37
2026-10-10,wk inc flu hosp,1,2026-10-17,25,quantile,0.85,41
2026-10-10,wk inc flu hosp,1,2026-10-17,25,quantile,0.9,48
2026-10-10,wk inc flu hosp,1,2026-10-17,25,quantile,0.95,61
2026-10-10,wk inc flu hosp,1,2026-10-17,25,quantile,0.975,75
2026-10-10,wk inc flu hosp,1,2026-10-17,25,quantile,0.99,94
2026-10-10,wk inc flu hosp,2,2026-10-24,25,quantile,0.01,4
2026-10-10,wk inc flu hosp,2,2026-10-24,25,quantile,0.025,5
2026-10-10,wk inc flu hosp,2,2026-10-24,25,quantile,0.05,7
2026-10-10,wk inc flu hosp,2,2026-10-24,25,quantile,0.1,9
2026-10-10,wk inc flu hosp,2,2026-10-24,25,quantile,0.15,11
2026-10-10,wk inc flu hosp,2,2026-10-24,25,quantile,0.2,13
2026-10-10,wk inc flu hosp,2,2026-10-24,25,quantile,0.25,15
2026-10-10,wk inc flu hosp,2,2026-10-24,25,quantile,0.3,16
2026-10-10,wk inc flu hosp,2,2026-10-24,25,quantile,0.35,18
2026-10-10,wk inc flu hosp,2,2026-10-24,25,quantile,0.4,20
2026-10-10,wk inc flu hosp,2,2026-10-24,25,quantile,0.45,22
2026-10-10,wk inc flu hosp,2,2026-10-24,25,quantile,0.5,24
2026-10-10,wk inc flu hosp,2,2026-10-24,25,quantile,0.55,27
2026-10-10,wk inc flu hosp,2,2026-10-24,25,quantile,0.6,30
2026-10-10,wk inc flu hosp,2,2026-10-24,25,quantile,0.65,33
2026-10-10,wk inc flu hosp,2,2026-10-24,25,quantile,0.7,36
2026-10-10,wk inc flu hosp,2,2026-10-24,25,quantile,0.75,40
2026-10-10,wk inc flu hosp,2,2026-10-24,25,quantile,0.8,46
2026-10-10,wk inc flu hosp,2,2026-10-24,25,quantile,0.85,53
2026-10-10,wk inc flu hosp,2,2026-10-24,25,quantile,0.9,63
2026-10-10,wk inc flu hosp,2,2026-10-24,25,quantile,0.95,83
2026-10-10,wk inc flu hosp,2,2026-10-24,25,quantile,0.975,105
2026-10-10,wk inc flu hosp,2,2026-10-24,25,quantile,0.99,137
2026-10-10,wk inc flu hosp,3,2026-10-31,25,quantile,0.01,3
2026-10-10,wk inc flu hosp,3,2026-10-31,25,quantile,0.025,5
2026-10-10,wk inc flu hosp,3,2026-10-31,25,quantile,0.05,7
2026-10-10,wk inc flu hosp,3,2026-10-31,25,quantile,0.1,9
2026-10-10,wk inc flu hosp,3,2026-10-31,25,quantile,0.15,12
2026-10-10,wk inc flu hosp,3,2026-10-31,25,quantile,0.2,14
2026-10-10,wk inc flu hosp,3,2026-10-31,25,quantile,0.25,16
2026-10-10,wk inc flu hosp,3,2026-10-31,25,quantile,0.3,18
2026-10-10,wk inc flu hosp,3,2026-10-31,25,quantile,0.35,20
2026-10-10,wk inc flu hosp,3,2026-10-31,25,quantile,0.4,23
2026-10-10,wk inc flu hosp,3,2026-10-31,25,quantile,0.45,25
2026-10-10,wk inc flu hosp,3,2026-10-31,25,quantile,0.5,28
2026-10-10,wk inc flu hosp,3,2026-10-31,25,quantile,0.55,31
2026-10-10,wk inc flu hosp,3,2026-10-31,25,quantile,0.6,35
2026-10-10,wk inc flu hosp,3,2026-10-31,25,quantile,0.65,39
2026-10-10,wk inc flu hosp,3,2026-10-31,25,quantile,0.7,44
2026-10-10,wk inc flu hosp,3,2026-10-31,25,quantile,0.75,49
2026-10-10,wk inc flu hosp,3,2026-10-31,25,quantile,0.8,57
2026-10-10,wk inc flu hosp,3,2026-10-31,25,quantile,0.85,67
2026-10-10,wk inc flu hosp,3,2026-10-31,25,quantile,0.9,81
2026-10-10,wk inc flu hosp,3,2026-10-31,25,quantile,0.95,110
2026-10-10,wk inc flu hosp,3,2026-10-31,25,quantile,0.975,142
2026-10-10,wk inc flu hosp,3,2026-10-31,25,quantile,0.99,192
2026-10-10,wk inc flu hosp,0,2026-10-10,26,quantile,0.01,17
2026-10-10,wk inc flu hosp,0,2026-10-10,26,quantile,0.025,20
2026-10-10,wk inc flu hosp,0,2026-10-10,26,quantile,0.05,23
2026-10-10,wk inc flu hosp,0,2026-10-10,26,quantile,0.1,28
2026-10-10,wk inc flu hosp,0,2026-10-10,26,quantile,0.15,31
2026-10-10,wk inc flu hosp,0,2026-10-10,26,quantile,0.2,34
2026-10-10,wk inc flu hosp,0,2026-10-10,26,quantile,0.25,37
2026-10-10,wk inc flu hosp,0,2026-10-10,26,quantile,0.3,39
2026-10-10,wk inc flu hosp,0,2026-10-10,26,quantile,0.35,42
2026-10-10,wk inc flu hosp,0,2026-10-10,26,quantile,0.4,44
2026-10-10,wk inc flu hosp,0,2026-10-10,26,quantile,0.45,47
2026-10-10,wk inc flu hosp,0,2026-10-10,26,quantile,0.5,50
2026-10-10,wk inc flu hosp,0,2026-10-10,26,quantile,0.55,53
2026-10-10,wk inc flu hosp,0,2026-10-10,26,quantile,0.6,56
2026-10-10,wk inc flu hosp,0,2026-10-10,26,quantile,0.65,59
2026-10-10,wk inc flu hosp,0,2026-10-10,26,quantile,0.7,63
2026-10-10,wk inc flu hosp,0,2026-10-10,26,quantile,0.75,68
2026-10-10,wk inc flu hosp,0,2026-10-10,26,quantile,0.8,73
2026-10-10,wk inc flu hosp,0,2026-10-10,26,quantile,0.85,80
2026-10-10,wk inc flu hosp,0,2026-10-10,26,quantile,0.9,89
2026-10-10,wk inc flu hosp,0,2026-10-10,26,quantile,0.95,105
2026-10-10,wk inc flu hosp,0,2026-10-10,26,quantile,0.975,122
2026-10-10,wk inc flu hosp,0,2026-10-10,26,quantile,0.99,143
2026-10-10,wk inc flu hosp,1,2026-10-17,26,quantile,0.01,16
2026-10-10,wk inc flu hosp,1,2026-10-17,26,quantile,0.025,20
2026-10-10,wk inc flu hosp,1,2026-10-17,26,quantile,0.05,23
2026-10-10,wk inc flu hosp,1,2026-10-17,26,quantile,0.1,28
2026-10-10,wk inc flu hosp,1,2026-10-17,26,quantile,0.15,32
2026-10-10,wk inc flu hosp,1,2026-10-17,26,quantile,0.2,36
2026-10-10,wk inc flu hosp,1,2026-10-17,26,quantile,0.25,39
2026-10-10,wk inc flu hosp,1,2026-10-17,26,quantile,0.3,43
2026-10-10,wk inc flu hosp,1,2026-10-17,26,quantile,0.35,46
2026-10-10,wk inc flu hosp,1,2026-10-17,26,quantile,0.4,49
2026-10-10,wk inc flu hosp,1,2026-10-17,26,quantile,0.45,53
2026-10-10,wk inc flu hosp,1,2026-10-17,26,quantile,0.5,56
2026-10-10,wk inc flu hosp,1,2026-10-17,26,quantile,0.55,60
2026-10-10,wk inc flu hosp,1,2026-10-17,26,quantile,0.6,64
2026-10-10,wk inc flu hosp,1,2026-10-17,26,quantile,0.65,69
2026-10-10,wk inc flu hosp,1,2026-10-17,26,quantile,0.7,74
2026-10-10,wk inc flu hosp,1,2026-10-17,26,quantile,0.75,80
2026-10-10,wk inc flu hosp,1,2026-10-17,26,quantile,0.8,88
2026-10-10,wk inc flu hosp,1,2026-10-17,26,quantile,0.85,97
2026-10-10,wk inc flu hosp,1,2026-10-17,26,quantile,0.9,111
2026-10-10,wk inc flu hosp,1,2026-10-17,26,quantile,0.95,134
2026-10-10,wk inc flu hosp,1,2026-10-17,26,quantile,0.975,158
2026-10-10,wk inc flu hosp,1,2026-10-17,26,quantile,0.99,191
2026-10-10,wk inc flu hosp,2,2026-10-24,26,quantile,0.01,15
2026-10-10,wk inc flu hosp,2,2026-10-24,26,quantile,0.025,19
2026-10-10,wk inc flu hosp,2,2026-10-24,26,quantile,0.05,23
2026-10-10,wk inc flu hosp,2,2026-10-24,26,quantile,0.1,29
2026-10-10,wk inc flu hosp,2,2026-10-24,26,quantile,0.15,34
2026-10-10,wk inc flu hosp,2,2026-10-24,26,quantile,0.2,38
2026-10-10,wk inc flu hosp,2,2026-10-24,26,quantile,0.25,42
2026-10-10,wk inc flu hosp,2,2026-10-24,26,quantile,0.3,46
2026-10-10,wk inc flu hosp,2,2026-10-24,26,quantile,0.35,50
2026-10-10,wk inc flu hosp,2,2026-10-24,26,quantile,0.4,55
2026-10-10,wk inc flu hosp,2,2026-10-24,26,quantile,0.45,59
2026-10-10,wk inc flu hosp,2,2026-10-24,26,quantile,0.5,64
2026-10-10,wk inc flu hosp,2,2026-10-24,26,quantile,0.55,69
2026-10-10,wk inc flu hosp,2,2026-10-24,26,quantile,0.6,74
2026-10-10,wk inc flu hosp,2,2026-10-24,26,quantile,0.65,81
2026-10-10,wk inc flu hosp,2,2026-10-24,26,quantile,0.7,88
2026-10-10,wk inc flu hosp,2,2026-10-24,26,quantile,0.75,96
2026-10-10,wk inc flu hosp,2,2026-10-24,26,quantile,0.8,106
2026-10-10,wk inc flu hosp,2,2026-10-24,26,quantile,0.85,120
2026-10-10,wk inc flu hosp,2,2026-10-24,26,quantile,0.9,139
2026-10-10,wk inc flu hosp,2,2026-10-24,26,quantile,0.95,173
2026-10-10,wk inc flu hosp,2,2026-10-24,26,quantile,0.975,210
2026-10-10,wk inc flu hosp,2,2026-10-24,26,quantile,0.99,262
2026-10-10,wk inc flu hosp,3,2026-10-31,26,quantile,0.01,14
2026-10-10,wk inc flu hosp,3,2026-10-31,26,quantile,0.025,18
2026-10-10,wk inc flu hosp,3,2026-10-31,26,quantile,0.05,23
2026-10-10,wk inc flu hosp,3,2026-10-31,26,quantile,0.1,29
2026-10-10,wk inc flu hosp,3,2026-10-31,26,quantile,0.15,35
2026-10-10,wk inc flu hosp,3,2026-10-31,26,quantile,0.2,40
2026-10-10,wk inc flu hosp,3,2026-10-31,26,quantile,0.25,45
2026-10-10,wk inc flu hosp,3,2026-10-31,26,quantile,0.3,49
2026-10-10,wk inc flu hosp,3,2026-10-31,26,quantile,0.35,54
2026-10-10,wk inc flu hosp,3,2026-10-31,26,quantile,0.4,59
2026-10-10,wk inc flu hosp,3,2026-10-31,26,quantile,0.45,65
2026-10-10,wk inc flu hosp,3,2026-10-31,26,quantile,0.5,71
2026-10-10,wk inc flu hosp,3,2026-10-31,26,quantile,0.55,77
2026-10-10,wk inc flu hosp,3,2026-10-31,26,quantile,0.6,84
2026-10-10,wk inc flu hosp,3,2026-10-31,26,quantile,0.65,92
2026-10-10,wk inc flu hosp,3,2026-10-31,26,quantile,0.7,101
2026-10-10,wk inc flu hosp,3,2026-10-31,26,quantile,0.75,112
2026-10-10,wk inc flu hosp,3,2026-10-31,26,quantile,0.8,126
2026-10-10,wk inc flu hosp,3,2026-10-31,26,quantile,0.85,143
2026-10-10,wk inc flu hosp,3,2026-10-31,26,quantile,0.9,169
2026-10-10,wk inc flu hosp,3,2026-10-31,26,quantile,0.95,216
2026-10-10,wk inc flu hosp,3,2026-10-31,26,quantile,0.975,268
2026-10-10,wk inc flu hosp,3,2026-10-31,26,quantile,0.99,343
2026-10-10,wk inc flu hosp,0,2026-10-10,27,quantile,0.01,12
2026-10-10,wk inc flu hosp,0,2026-10-10,27,quantile,0.025,14
2026-10-10,wk inc flu hosp,0,2026-10-10,27,quantile,0.05,17
2026-10-10,wk inc flu hosp,0,2026-10-10,27,quantile,0.1,20
2026-10-10,wk inc flu hosp,0,2026-10-10,27,quantile,0.15,22
2026-10-10,wk inc flu hosp,0,2026-10-10,27,quantile,0.2,24
2026-10-10,wk inc flu hosp,0,2026-10-10,27,quantile,0.25,26
2026-10-10,wk inc flu hosp,0,2026-10-10,27,quantile,0.3,28
2026-10-10,wk inc flu hosp,0,2026-10-10,27,quantile,0.35,30
2026-10-10,wk inc flu hosp,0,2026-10-10,27,quantile,0.4,32
2026-10-10,wk inc flu hosp,0,2026-10-10,27,quantile,0.45,34
2026-10-10,wk inc flu hosp,0,2026-10-10,27,quantile,0.5,36
2026-10-10,wk inc flu hosp,0,2026-10-10,27,quantile,0.55,38
2026-10-10,wk inc flu hosp,0,2026-10-10,27,quantile,0.6,40
2026-10-10,wk inc flu hosp,0,2026-10-10,27,quantile,0.65,43
2026-10-10,wk inc flu hosp,0,2026-10-10,27,quantile,0.7,45
2026-10-10,wk inc flu hosp,0,2026-10-10,27,quantile,0.75,49
2026-10-10,wk inc flu hosp,0,2026-10-10,27,quantile,0.8,52
2026-10-10,wk inc flu hosp,0,2026-10-10,27,quantile,0.85,57
2026-10-10,wk inc flu hosp,0,2026-10-10,27,quantile,0.9,64
2026-10-10,wk inc flu hosp,0,2026-10-10,27,quantile,0.95,75
2026-10-10,wk inc flu hosp,0,2026-10-10,27,quantile,0.975,87
2026-10-10,wk inc flu hosp,0,2026-10-10,27,quantile,0.99,102
2026-10-10,wk inc flu hosp,1,2026-10-17,27,quantile,0.01,12
2026-10-10,wk inc flu hosp,1,2026-10-17,27,quantile,0.025,15
2026-10-10,wk inc flu hosp,1,2026-10-17,27,quantile,0.05,17
2026-10-10,wk inc flu hosp,1,2026-10-17,27,quantile,0.1,21
2026-10-10,wk inc flu hosp,1,2026-10-17,27,quantile,0.15,24
2026-10-10,wk inc flu hosp,1,2026-10-17,27,quantile,0.2,27
2026-10-10,wk inc flu hosp,1,2026-10-17,27,quantile,0.25,29
2026-10-10,wk inc flu hosp,1,2026-10-17,27,quantile,0.3,32
2026-10-10,wk inc flu hosp,1,2026-10-17,27,quantile,0.35,34
2026-10-10,wk inc flu hosp,1,2026-10-17,27,quantile,0.4,37
2026-10-10,wk inc flu hosp,1,2026-10-17,27,quantile,0.45,39
2026-10-10,wk inc flu hosp,1,2026-10-17,27,quantile,0.5,42
2026-10-10,wk inc flu hosp,1,2026-10-17,27,quantile,0.55,45
2026-10-10,wk inc flu hosp,1,2026-10-17,27,quantile,0.6,48
2026-10-10,wk inc flu hosp,1,2026-10-17,27,quantile,0.65,51
2026-10-10,wk inc flu hosp,1,2026-10-17,27,quantile,0.7,55
2026-10-10,wk inc flu hosp,1,2026-10-17,27,quantile,0.75,60
2026-10-10,wk inc flu hosp,1,2026-10-17,27,quantile,0.8,65
2026-10-10,wk inc flu hosp,1,2026-10-17,27,quantile,0.85,72
2026-10-10,wk inc flu hosp,1,2026-10-17,27,quantile,0.9,82
2026-10-10,wk inc flu hosp,1,2026-10-17,27,quantile,0.95,99
2026-10-10,wk inc flu hosp,1,2026-10-17,27,quantile,0.975,116
2026-10-10,wk inc flu hosp,1,2026-10-17,27,quantile,0.99,140
2026-10-10,wk inc flu hosp,2,2026-10-24,27,quantile,0.01,11
2026-10-10,wk inc flu hosp,2,2026-10-24,27,quantile,0.025,14
2026-10-10,wk inc flu hosp,2,2026-10-24,27,quantile,0.05,17
2026-10-10,wk inc flu hosp,2,2026-10-24,27,quantile,0.1,21
2026-10-10,wk inc flu hosp,2,2026-10-24,27,quantile,0.15,24
2026-10-10,wk inc flu hosp,2,2026-10-24,27,quantile,0.2,27
2026-10-10,wk inc flu hosp,2,2026-10-24,27,quantile,0.25,30
2026-10-10,wk inc flu hosp,2,2026-10-24,27,quantile,0.3,33
2026-10-10,wk inc flu hosp,2,2026-10-24,27,quantile,0.35,36
2026-10-10,wk inc flu hosp,2,2026-10-24,27,quantile,0.4,39
2026-10-10,wk inc flu hosp,2,2026-10-24,27,quantile,0.45,42
2026-10-10,wk inc flu hosp,2,2026-10-24,27,quantile,0.5,46
2026-10-10,wk inc flu hosp,2,2026-10-24,27,quantile,0.55,49
2026-10-10,wk inc flu hosp,2,2026-10-24,27,quantile,0.6,53
2026-10-10,wk inc flu hosp,2,2026-10-24,27,quantile,0.65,58
2026-10-10,wk inc flu hosp,2,2026-10-24,27,quantile,0.7,63
2026-10-10,wk inc flu hosp,2,2026-10-24,27,quantile,0.75,69
2026-10-10,wk inc flu hosp,2,2026-10-24,27,quantile,0.8,76
2026-10-10,wk inc flu hosp,2,2026-10-24,27,quantile,0.85,85
2026-10-10,wk inc flu hosp,2,2026-10-24,27,quantile,0.9,99
2026-10-10,wk inc flu hosp,2,2026-10-24,27,quantile,0.95,123
2026-10-10,wk inc flu hosp,2,2026-10-24,27,quantile,0.975,148
2026-10-10,wk inc flu hosp,2,2026-10-24,27,quantile,0.99,185
2026-10-10,wk inc flu hosp,3,2026-10-31,27,quantile,0.01,10
2026-10-10,wk inc flu hosp,3,2026-10-31,27,quantile,0.025,14
2026-10-10,wk inc flu hosp,3,2026-10-31,27,quantile,0.05,17
2026-10-10,wk inc flu hosp,3,2026-10-31,27,quantile,0.1,22
2026-10-10,wk inc flu hosp,3,2026-10-31,27,quantile,0.15,26
2026-10-10,wk inc flu hosp,3,2026-10-31,27,quantile,0.2,30
2026-10-10,wk inc flu hosp,3,2026-10-31,27,quantile,0.25,33
2026-10-10,wk inc flu hosp,3,2026-10-31,27,quantile,0.3,37
2026-10-10,wk inc flu hosp,3,2026-10-31,27,quantile,0.35,40
2026-10-10,wk inc flu hosp,3,2026-10-31,27,quantile,0.4,44
2026-10-10,wk inc flu hosp,3,2026-10-31,27,quantile,0.45,48
2026-10-10,wk inc flu hosp,3,2026-10-31,27,quantile,0.5,52
2026-10-10,wk inc flu hosp,3,2026-10-31,27,quantile,0.55,57
2026-10-10,wk inc flu hosp,3,2026-10-31,27,quantile,0.6,62
2026-10-10,wk inc flu hosp,3,2026-10-31,27,quantile,0.65,68
2026-10-10,wk inc flu hosp,3,2026-10-31,27,quantile,0.7,75
2026-10-10,wk inc flu hosp,3,2026-10-31,27,quantile,0.75,83
2026-10-10,wk inc flu hosp,3,2026-10-31,27,quantile,0.8,93
2026-10-10,wk inc flu hosp,3,2026-10-31,27,quantile,0.85,105
2026-10-10,wk inc flu hosp,3,2026-10-31,27,quantile,0.9,124
2026-10-10,wk inc flu hosp,3,2026-10-31,27,quantile,0.95,158
2026-10-10,wk inc flu hosp,3,2026-10-31,27,quantile,0.975,195
2026-10-10,wk inc flu hosp,3,2026-10-31,27,quantile,0.99,250
2026-10-10,wk inc flu hosp,0,2026-10-10,28,quantile,0.01,7
2026-10-10,wk inc flu hosp,0,2026-10-10,28,quantile,0.025,9
2026-10-10,wk inc flu hosp,0,2026-10-10,28,quantile,0.05,11
2026-10-10,wk inc flu hosp,0,2026-10-10,28,quantile,0.1,14
2026-10-10,wk inc flu hosp,0,2026-10-10,28,quantile,0.15,16
2026-10-10,wk inc flu hosp,0,2026-10-10,28,quantile,0.2,18
2026-10-10,wk inc flu hosp,0,2026-10-10,28,quantile,0.25,19
2026-10-10,wk inc flu hosp,0,2026-10-10,28,quantile,0.3,21
2026-10-10,wk inc flu hosp,0,2026-10-10,28,quantile,0.35,23
2026-10-10,wk inc flu hosp,0,2026-10-10,28,quantile,0.4,24
2026-10-10,wk inc flu hosp,0,2026-10-10,28,quantile,0.45,26
2026-10-10,wk inc flu hosp,0,2026-10-10,28,quantile,0.5,28
2026-10-10,wk inc flu hosp,0,2026-10-10,28,quantile,0.55,30
2026-10-10,wk inc flu hosp,0,2026-10-10,28,quantile,0.6,32
2026-10-10,wk inc flu hosp,0,2026-10-10,28,quantile,0.65,34
2026-10-10,wk inc flu hosp,0,2026-10-10,28,quantile,0.7,37
2026-10-10,wk inc flu hosp,0,2026-10-10,28,quantile,0.75,40
2026-10-10,wk inc flu hosp,0,2026-10-10,28,quantile,0.8,44
2026-10-10,wk inc flu hosp,0,2026-10-10,28,quantile,0.85,49
2026-10-10,wk inc flu hosp,0,2026-10-10,28,quantile,0.9,56
2026-10-10,wk inc flu hosp,0,2026-10-10,28,quantile,0.95,68
2026-10-10,wk inc flu hosp,0,2026-10-10,28,quantile,0.975,80
2026-10-10,wk inc flu hosp,0,2026-10-10,28,quantile,0.99,97
2026-10-10,wk inc flu hosp,1,2026-10-17,28,quantile,0.01,7
2026-10-10,wk inc flu hosp,1,2026-10-17,28,quantile,0.025,9
2026-10-10,wk inc flu hosp,1,2026-10-17,28,quantile,0.05,11
2026-10-10,wk inc flu hosp,1,2026-10-17,28,quantile,0.1,14
2026-10-10,wk inc flu hosp,1,2026-10-17,28,quantile,0.15,16
2026-10-10,wk inc flu hosp,1,2026-10-17,28,quantile,0.2,19
2026-10-10,wk inc flu hosp,1,2026-10-17,28,quantile,0.25,21
2026-10-10,wk inc flu hosp,1,2026-10-17,28,quantile,0.3,23
2026-10-10,wk inc flu hosp,1,2026-10-17,28,quantile,0.35,25
2026-10-10,wk inc flu hosp,1,2026-10-17,28,quantile,0.4,27
2026-10-10,wk inc flu hosp,1,2026-10-17,28,quantile,0.45,29
2026-10-10,wk inc flu hosp,1,2026-10-17,28,quantile,0.5,32
2026-10-10,wk inc flu hosp,1,2026-10-17,28,quantile,0.55,34
2026-10-10,wk inc flu hosp,1,2026-10-17,28,quantile,0.6,37
2026-10-10,wk inc flu hosp,1,2026-10-17,28,quantile,0.65,41
2026-10-10,wk inc flu hosp,1,2026-10-17,28,quantile,0.7,44
2026-10-10,wk inc flu hosp,1,2026-10-17,28,quantile,0.75,49
2026-10-10,wk inc flu hosp,1,2026-10-17,28,quantile,0.8,54
2026-10-10,wk inc flu hosp,1,2026-10-17,28,quantile,0.85,61
2026-10-10,wk inc flu hosp,1,2026-10-17,28,quantile,0.9,71
2026-10-10,wk inc flu hosp,1,2026-10-17,28,quantile,0.95,89
2026-10-10,wk inc flu hosp,1,2026-10-17,28,quantile,0.975,108
2026-10-10,wk inc flu hosp,1,2026-10-17,28,quantile,0.99,136
2026-10-10,wk inc flu hosp,2,2026-10-24,28,quantile,0.01,6
2026-10-10,wk inc flu hosp,2,2026-10-24,28,quantile,0.025,9
2026-10-10,wk inc flu hosp,2,2026-10-24,28,quantile,0.05,11
2026-10-10,wk inc flu hosp,2,2026-10-24,28,quantile,0.1,15
2026-10-10,wk inc flu hosp,2,2026-10-24,28,quantile,0.15,17
2026-10-10,wk inc flu hosp,2,2026-10-24,28,quantile,0.2,20
2026-10-10,wk inc flu hosp,2,2026-10-24,28,quantile,0.25,23
2026-10-10,wk inc flu hosp,2,2026-10-24,28,quantile,0.3,26
2026-10-10,wk inc flu hosp,2,2026-10-24,28,quantile,0.35,28
2026-10-10,wk inc flu hosp,2,2026-10-24,28,quantile,0.4,31
2026-10-10,wk inc flu hosp,2,2026-10-24,28,quantile,0.45,34
2026-10-10,wk inc flu hosp,2,2026-10-24,28,quantile,0.5,37
2026-10-10,wk inc flu hosp,2,2026-10-24,28,quantile,0.55,41
2026-10-10,wk inc flu hosp,2,2026-10-24,28,quantile,0.6,45
2026-10-10,wk inc flu hosp,2,2026-10-24,28,quantile,0.65,50
2026-10-10,wk inc flu hosp,2,2026-10-24,28,quantile,0.7,55
2026-10-10,wk inc flu hosp,2,2026-10-24,28,quantile,0.75,61
2026-10-10,wk inc flu hosp,2,2026-10-24,28,quantile,0.8,69
2026-10-10,wk inc flu hosp,2,2026-10-24,28,quantile,0.85,79
2026-10-10,wk inc flu hosp,2,2026-10-24,28,quantile,0.9,94
2026-10-10,wk inc flu hosp,2,2026-10-24,28,quantile,0.95,122
2026-10-10,wk inc flu hosp,2,2026-10-24,28,quantile,0.975,153
2026-10-10,wk inc flu hosp,2,2026-10-24,28,quantile,0.99,199
2026-10-10,wk inc flu hosp,3,2026-10-31,28,quantile,0.01,6
2026-10-10,wk inc flu hosp,3,2026-10-31,28,quantile,0.025,8
2026-10-10,wk inc flu hosp,3,2026-10-31,28,quantile,0.05,11
2026-10-10,wk inc flu hosp,3,2026-10-31,28,quantile,0.1,15
2026-10-10,wk inc flu hosp,3,2026-10-31,28,quantile,0.15,18
2026-10-10,wk inc flu hosp,3,2026-10-31,28,quantile,0.2,22
2026-10-10,wk inc flu hosp,3,2026-10-31,28,quantile,0.25,25
2026-10-10,wk inc flu hosp,3,2026-10-31,28,quantile,0.3,28
2026-10-10,wk inc flu hosp,3,2026-10-31,28,quantile,0.35,32
2026-10-10,wk inc flu hosp,3,2026-10-31,28,quantile,0.4,35
2026-10-10,wk inc flu hosp,3,2026-10-31,28,quantile,0.45,39
2026-10-10,wk inc flu hosp,3,2026-10-31,28,quantile,0.5,43
2026-10-10,wk inc flu hosp,3,2026-10-31,28,quantile,0.55,48
2026-10-10,wk inc flu hosp,3,2026-10-31,28,quantile,0.6,53
2026-10-10,wk inc flu hosp,3,2026-10-31,28,quantile,0.65,59
2026-10-10,wk inc flu hosp,3,2026-10-31,28,quantile,0.7,66
2026-10-10,wk inc flu hosp,3,2026-10-31,28,quantile,0.75,74
2026-10-10,wk inc flu hosp,3,2026-10-31,28,quantile,0.8,85
2026-10-10,wk inc flu hosp,3,2026-10-31,28,quantile,0.85,100
2026-10-10,wk inc flu hosp,3,2026-10-31,28,quantile,0.9,121
2026-10-10,wk inc flu hosp,3,2026-10-31,28,quantile,0.95,162
2026-10-10,wk inc flu hosp,3,2026-10-31,28,quantile,0.975,208
2026-10-10,wk inc flu hosp,3,2026-10-31,28,quantile,0.99,278
2026-10-10,wk inc flu hosp,0,2026-10-10,29,quantile,0.01,15
2026-10-10,wk inc flu hosp,0,2026-10-10,29,quantile,0.025,18
2026-10-10,wk inc flu hosp,0,2026-10-10,29,quantile,0.05,20
2026-10-10,wk inc flu hosp,0,2026-10-10,29,quantile,0.1,24
2026-10-10,wk inc flu hosp,0,2026-10-10,29,quantile,0.15,27
2026-10-10,wk inc flu hosp,0,2026-10-10,29,quantile,0.2,30
2026-10-10,wk inc flu hosp,0,2026-10-10,29,quantile,0.25,32
2026-10-10,wk inc flu hosp,0,2026-10-10,29,quantile,0.3,35
2026-10-10,wk inc flu hosp,0,2026-10-10,29,quantile,0.35,37
2026-10-10,wk inc flu hosp,0,2026-10-10,29,quantile,0.4,39
2026-10-10,wk inc flu hosp,0,2026-10-10,29,quantile,0.45,42
2026-10-10,wk inc flu hosp,0,2026-10-10,29,quantile,0.5,44
2026-10-10,wk inc flu hosp,0,2026-10-10,29,quantile,0.55,47
2026-10-10,wk inc flu hosp,0,2026-10-10,29,quantile,0.6,50
2026-10-10,wk inc flu hosp,0,2026-10-10,29,quantile,0.65,53
2026-10-10,wk inc flu hosp,0,2026-10-10,29,quantile,0.7,56
2026-10-10,wk inc flu hosp,0,2026-10-10,29,quantile,0.75,60
2026-10-10,wk inc flu hosp,0,2026-10-10,29,quantile,0.8,65
2026-10-10,wk inc flu hosp,0,2026-10-10,29,quantile,0.85,71
2026-10-10,wk inc flu hosp,0,2026-10-10,29,quantile,0.9,80
2026-10-10,wk inc flu hosp,0,2026-10-10,29,quantile,0.95,95
2026-10-10,wk inc flu hosp,0,2026-10-10,29,quantile,0.975,109
2026-10-10,wk inc flu hosp,0,2026-10-10,29,quantile,0.99,129
2026-10-10,wk inc flu hosp,1,2026-10-17,29,quantile,0.01,14
2026-10-10,wk inc flu hosp,1,2026-10-17,29,quantile,0.025,17
2026-10-10,wk inc flu hosp,1,2026-10-17,29,quantile,0.05,20
2026-10-10,wk inc flu hosp,1,2026-10-17,29,quantile,0.1,25
2026-10-10,wk inc flu hosp,1,2026-10-17,29,quantile,0.15,29
2026-10-10,wk inc flu hosp,1,2026-10-17,29,quantile,0.2,32
2026-10-10,wk inc flu hosp,1,2026-10-17,29,quantile,0.25,35
2026-10-10,wk inc flu hosp,1,2026-10-17,29,quantile,0.3,38
2026-10-10,wk inc flu hosp,1,2026-10-17,29,quantile,0.35,41
2026-10-10,wk inc flu hosp,1,2026-10-17,29,quantile,0.4,44
2026-10-10,wk inc flu hosp,1,2026-10-17,29,quantile,0.45,47
2026-10-10,wk inc flu hosp,1,2026-10-17,29,quantile,0.5,50
2026-10-10,wk inc flu hosp,1,2026-10-17,29,quantile,0.55,54
2026-10-10,wk inc flu hosp,1,2026-10-17,29,quantile,0.6,58
2026-10-10,wk inc flu hosp,1,2026-10-17,29,quantile,0.65,62
2026-10-10,wk inc flu hosp,1,2026-10-17,29,quantile,0.7,67
2026-10-10,wk inc flu hosp,1,2026-10-17,29,quantile,0.75,72
2026-10-10,wk inc flu hosp,1,2026-10-17,29,quantile,0.8,79
2026-10-10,wk inc flu hosp,1,2026-10-17,29,quantile,0.85,88
2026-10-10,wk inc flu hosp,1,2026-10-17,29,quantile,0.9,100
2026-10-10,wk inc flu hosp,1,2026-10-17,29,quantile,0.95,121
2026-10-10,wk inc flu hosp,1,2026-10-17,29,quantile,0.975,143
2026-10-10,wk inc flu hosp,1,2026-10-17,29,quantile,0.99,174
2026-10-10,wk inc flu hosp,2,2026-10-24,29,quantile,0.01,13
2026-10-10,wk inc flu hosp,2,2026-10-24,29,quantile,0.025,16
2026-10-10,wk inc flu hosp,2,2026-10-24,29,quantile,0.05,20
2026-10-10,wk inc flu hosp,2,2026-10-24,29,quantile,0.1,25
2026-10-10,wk inc flu hosp,2,2026-10-24,29,quantile,0.15,30
2026-10-10,wk inc flu hosp,2,2026-10-24,29,quantile,0.2,34
2026-10-10,wk inc flu hosp,2,2026-10-24,29,quantile,0.25,37
2026-10-10,wk inc flu hosp,2,2026-10-24,29,quantile,0.3,41
2026-10-10,wk inc flu hosp,2,2026-10-24,29,quantile,0.35,45
2026-10-10,wk inc flu hosp,2,2026-10-24,29,quantile,0.4,49
2026-10-10,wk inc flu hosp,2,2026-10-24,29,quantile,0.45,53
2026-10-10,wk inc flu hosp,2,2026-10-24,29,quantile,0.5,57
2026-10-10,wk inc flu hosp,2,2026-10-24,29,quantile,0.55,62
2026-10-10,wk inc flu hosp,2,2026-10-24,29,quantile,0.6,67
2026-10-10,wk inc flu hosp,2,2026-10-24,29,quantile,0.65,72
2026-10-10,wk inc flu hosp,2,2026-10-24,29,quantile,0.7,79
2026-10-10,wk inc flu hosp,2,2026-10-24,29,quantile,0.75,86
2026-10-10,wk inc flu hosp,2,2026-10-24,29,quantile,0.8,96
2026-10-10,wk inc flu hosp,2,2026-10-24,29,quantile,0.85,108
2026-10-10,wk inc flu hosp,2,2026-10-24,29,quantile,0.9,126
2026-10-10,wk inc flu hosp,2,2026-10-24,29,quantile,0.95,157
2026-10-10,wk inc flu hosp,2,2026-10-24,29,quantile,0.975,191
2026-10-10,wk inc flu hosp,2,2026-10-24,29,quantile,0.99,239
2026-10-10,wk inc flu hosp,3,2026-10-31,29,quantile,0.01,13
2026-10-10,wk inc flu hosp,3,2026-10-31,29,quantile,0.025,16
2026-10-10,wk inc flu hosp,3,2026-10-31,29,quantile,0.05,21
2026-10-10,wk inc flu hosp,3,2026-10-31,29,quantile,0.1,27
2026-10-10,wk inc flu hosp,3,2026-10-31,29,quantile,0.15,32
2026-10-10,wk inc flu hosp,3,2026-10-31,29,quantile,0.2,36
2026-10-10,wk inc flu hosp,3,2026-10-31,29,quantile,0.25,41
2026-10-10,wk inc flu hosp,3,2026-10-31,29,quantile,0.3,45
2026-10-10,wk inc flu hosp,3,2026-10-31,29,quantile,0.35,50
2026-10-10,wk inc flu hosp,3,2026-10-31,29,quantile,0.4,55
2026-10-10,wk inc flu hosp,3,2026-10-31,29,quantile,0.45,60
2026-10-10,wk inc flu hosp,3,2026-10-31,29,quantile,0.5,65
2026-10-10,wk inc flu hosp,3,2026-10-31,29,quantile,0.55,71
2026-10-10,wk inc flu hosp,3,2026-10-31,29,quantile,0.6,78
2026-10-10,wk inc flu hosp,3,2026-10-31,29,quantile,0.65,85
2026-10-10,wk inc flu hosp,3,2026-10-31,29,quantile,0.7,94
2026-10-10,wk inc flu hosp,3,2026-10-31,29,quantile,0.75,104
2026-10-10,wk inc flu hosp,3,2026-10-31,29,quantile,0.8,117
2026-10-10,wk inc flu hosp,3,2026-10-31,29,quantile,0.85,134
2026-10-10,wk inc flu hosp,3,2026-10-31,29,quantile,0.9,158
2026-10-10,wk inc flu hosp,3,2026-10-31,29,quantile,0.95,203
2026-10-10,wk inc flu hosp,3,2026-10-31,29,quantile,0.975,252
2026-10-10,wk inc flu hosp,3,2026-10-31,29,quantile,0.99,325
2026-10-10,wk inc flu hosp,0,2026-10-10,30,quantile,0.01,3
2026-10-10,wk inc flu hosp,0,2026-10-10,30,quantile,0.025,4
2026-10-10,wk inc flu hosp,0,2026-10-10,30,quantile,0.05,5
2026-10-10,wk inc flu hosp,0,2026-10-10,30,quantile,0.1,7
2026-10-10,wk inc flu hosp,0,2026-10-10,30,quantile,0.15,9
2026-10-10,wk inc flu hosp,0,2026-10-10,30,quantile,0.2,10
2026-10-10,wk inc flu hosp,0,2026-10-10,30,quantile,0.25,12
2026-10-10,wk inc flu hosp,0,2026-10-10,30,quantile,0.3,13
2026-10-10,wk inc flu hosp,0,2026-10-10,30,quantile,0.35,14
2026-10-10,wk inc flu hosp,0,2026-10-10,30,quantile,0.4,16
2026-10-10,wk inc flu hosp,0,2026-10-10,30,quantile,0.45,17
2026-10-10,wk inc flu hosp,0,2026-10-10,30,quantile,0.5,19
2026-10-10,wk inc flu hosp,0,2026-10-10,30,quantile,0.55,21
2026-10-10,wk inc flu hosp,0,2026-10-10,30,quantile,0.6,23
2026-10-10,wk inc flu hosp,0,2026-10-10,30,quantile,0.65,25
2026-10-10,wk inc flu hosp,0,2026-10-10,30,quantile,0.7,28
2026-10-10,wk inc flu hosp,0,2026-10-10,30,quantile,0.75,31
2026-10-10,wk inc flu hosp,0,2026-10-10,30,quantile,0.8,35
2026-10-10,wk inc flu hosp,0,2026-10-10,30,quantile,0.85,40
2026-10-10,wk inc flu hosp,0,2026-10-10,30,quantile,0.9,48
2026-10-10,wk inc flu hosp,0,2026-10-10,30,quantile,0.95,62
2026-10-10,wk inc flu hosp,0,2026-10-10,30,quantile,0.975,77
2026-10-10,wk inc flu hosp,0,2026-10-10,30,quantile,0.99,99
2026-10-10,wk inc flu hosp,1,2026-10-17,30,quantile,0.01,2
2026-10-10,wk inc flu hosp,1,2026-10-17,30,quantile,0.025,4
2026-10-10,wk inc flu hosp,1,2026-10-17,30,quantile,0.05,5
2026-10-10,wk inc flu hosp,1,2026-10-17,30,quantile,0.1,7
2026-10-10,wk inc flu hosp,1,2026-10-17,30,quantile,0.15,9
2026-10-10,wk inc flu hosp,1,2026-10-17,30,quantile,0.2,10
2026-10-10,wk inc flu hosp,1,2026-10-17,30,quantile,0.25,12
2026-10-10,wk inc flu hosp,1,2026-10-17,30,quantile,0.3,14
2026-10-10,wk inc flu hosp,1,2026-10-17,30,quantile,0.35,16
2026-10-10,wk inc flu hosp,1,2026-10-17,30,quantile,0.4,17
2026-10-10,wk inc flu hosp,1,2026-10-17,30,quantile,0.45,19
2026-10-10,wk inc flu hosp,1,2026-10-17,30,quantile,0.5,22
2026-10-10,wk inc flu hosp,1,2026-10-17,30,quantile,0.55,24
2026-10-10,wk inc flu hosp,1,2026-10-17,30,quantile,0.6,27
2026-10-10,wk inc flu hosp,1,2026-10-17,30,quantile,0.65,30
2026-10-10,wk inc flu hosp,1,2026-10-17,30,quantile,0.7,33
2026-10-10,wk inc flu hosp,1,2026-10-17,30,quantile,0.75,38
2026-10-10,wk inc flu hosp,1,2026-10-17,30,quantile,0.8,43
2026-10-10,wk inc flu hosp,1,2026-10-17,30,quantile,0.85,51
2026-10-10,wk inc flu hosp,1,2026-10-17,30,quantile,0.9,62
2026-10-10,wk inc flu hosp,1,2026-10-17,30,quantile,0.95,83
2026-10-10,wk inc flu hosp,1,2026-10-17,30,quantile,0.975,108
2026-10-10,wk inc flu hosp,1,2026-10-17,30,quantile,0.99,145
2026-10-10,wk inc flu hosp,2,2026-10-24,30,quantile,0.01,2
2026-10-10,wk inc flu hosp,2,2026-10-24,30,quantile,0.025,3
2026-10-10,wk inc flu hosp,2,2026-10-24,30,quantile,0.05,4
2026-10-10,wk inc flu hosp,2,2026-10-24,30,quantile,0.1,6
2026-10-10,wk inc flu hosp,2,2026-10-24,30,quantile,0.15,8
2026-10-10,wk inc flu hosp,2,2026-10-24,30,quantile,0.2,10
2026-10-10,wk inc flu hosp,2,2026-10-24,30,quantile,0.25,12
2026-10-10,wk inc flu hosp,2,2026-10-24,30,quantile,0.3,14
2026-10-10,wk inc flu hosp,2,2026-10-24,30,quantile,0.35,16
2026-10-10,wk inc flu hosp,2,2026-10-24,30,quantile,0.4,18
2026-10-10,wk inc flu hosp,2,2026-10-24,30,quantile,0.45,21
2026-10-10,wk inc flu hosp,2,2026-10-24,30,quantile,0.5,24
2026-10-10,wk inc flu hosp,2,2026-10-24,30,quantile,0.55,27
2026-10-10,wk inc flu hosp,2,2026-10-24,30,quantile,0.6,30
2026-10-10,wk inc flu hosp,2,2026-10-24,30,quantile,0.65,34
2026-10-10,wk inc flu hosp,2,2026-10-24,30,quantile,0.7,39
2026-10-10,wk inc flu hosp,2,2026-10-24,30,quantile,0.75,45
2026-10-10,wk inc flu hosp,2,2026-10-24,30,quantile,0.8,53
2026-10-10,wk inc flu hosp,2,2026-10-24,30,quantile,0.85,63
2026-10-10,wk inc flu hosp,2,2026-10-24,30,quantile,0.9,80
2026-10-10,wk inc flu hosp,2,2026-10-24,30,quantile,0.95,112
2026-10-10,wk inc flu hosp,2,2026-10-24,30,quantile,0.975,151
2026-10-10,wk inc flu hosp,2,2026-10-24,30,quantile,0.99,212
2026-10-10,wk inc flu hosp,3,2026-10-31,30,quantile,0.01,1
2026-10-10,wk inc flu hosp,3,2026-10-31,30,quantile,0.025,3
2026-10-10,wk inc flu hosp,3,2026-10-31,30,quantile,0.05,4
2026-10-10,wk inc flu hosp,3,2026-10-31,30,quantile,0.1,6
2026-10-10,wk inc flu hosp,3,2026-10-31,30,quantile,0.15,8
2026-10-10,wk inc flu hosp,3,2026-10-31,30,quantile,0.2,11
2026-10-10,wk inc flu hosp,3,2026-10-31,30,quantile,0.25,13
2026-10-10,wk inc flu hosp,3,2026-10-31,30,quantile,0.3,15
2026-10-10,wk inc flu hosp,3,2026-10-31,30,quantile,0.35,18
2026-10-10,wk inc flu hosp,3,2026-10-31,30,quantile,0.4,20
2026-10-10,wk inc flu hosp,3,2026-10-31,30,quantile,0.45,23
2026-10-10,wk inc flu hosp,3,2026-10-31,30,quantile,0.5,27
2026-10-10,wk inc flu hosp,3,2026-10-31,30,quantile,0.55,31
2026-10-10,wk inc flu hosp,3,2026-10-31,30,quantile,0.6,35
2026-10-10,wk inc flu hosp,3,2026-10-31,30,quantile,0.65,41
2026-10-10,wk inc flu hosp,3,2026-10-31,30,quantile,0.7,47
2026-10-10,wk inc flu hosp,3,2026-10-31,30,quantile,0.75,55
2026-10-10,wk inc flu hosp,3,2026-10-31,30,quantile,0.8,66
2026-10-10,wk inc flu hosp,3,2026-10-31,30,quantile,0.85,81
2026-10-10,wk inc flu hosp,3,2026-10-31,30,quantile,0.9,104
2026-10-10,wk inc flu hosp,3,2026-10-31,30,quantile,0.95,153
2026-10-10,wk inc flu hosp,3,2026-10-31,30,quantile,0.975,212
2026-10-10,wk inc flu hosp,3,2026-10-31,30,quantile,0.99,311
2026-10-10,wk inc flu hosp,0,2026-10-10,31,quantile,0.01,1
2026-10-10,wk inc flu hosp,0,2026-10-10,31,quantile,0.025,2
2026-10-10,wk inc flu hosp,0,2026-10-10,31,quantile,0.05,3
2026-10-10,wk inc flu hosp,0,2026-10-10,31,quantile,0.1,4
2026-10-10,wk inc flu hosp,0,2026-10-10,31,quantile,0.15,5
2026-10-10,wk inc flu hosp,0,2026-10-10,31,quantile,0.2,6
2026-10-10,wk inc flu hosp,0,2026-10-10,31,quantile,0.25,8
2026-10-10,wk inc flu hosp,0,2026-10-10,31,quantile,0.3,9
2026-10-10,wk inc flu hosp,0,2026-10-10,31,quantile,0.35,10
2026-10-10,wk inc flu hosp,0,2026-10-10,31,quantile,0.4,11
2026-10-10,wk inc flu hosp,0,2026-10-10,31,quantile,0.45,12
2026-10-10,wk inc flu hosp,0,2026-10-10,31,quantile,0.5,14
2026-10-10,wk inc flu hosp,0,2026-10-10,31,quantile,0.55,15
2026-10-10,wk inc flu hosp,0,2026-10-10,31,quantile,0.6,17
2026-10-10,wk inc flu hosp,0,2026-10-10,31,quantile,0.65,19
2026-10-10,wk inc flu hosp,0,2026-10-10,31,quantile,0.7,21
2026-10-10,wk inc flu hosp,0,2026-10-10,31,quantile,0.75,24
2026-10-10,wk inc flu hosp,0,2026-10-10,31,quantile,0.8,27
2026-10-10,wk inc flu hosp,0,2026-10-10,31,quantile,0.85,32
2026-10-10,wk inc flu hosp,0,2026-10-10,31,quantile,0.9,39
2026-10-10,wk inc flu hosp,0,2026-10-10,31,quantile,0.95,52
2026-10-10,wk inc flu hosp,0,2026-10-10,31,quantile,0.975,67
2026-10-10,wk inc flu hosp,0,2026-10-10,31,quantile,0.99,90
2026-10-10,wk inc flu hosp,1,2026-10-17,31,quantile,0.01,1
2026-10-10,wk inc flu hosp,1,2026-10-17,31,quantile,0.025,2
2026-10-10,wk inc flu hosp,1,2026-10-17,31,quantile,0.05,3
2026-10-10,wk inc flu hosp,1,2026-10-17,31,quantile,0.1,4
2026-10-10,wk inc flu hosp,1,2026-10-17,31,quantile,0.15,6
2026-10-10,wk inc flu hosp,1,2026-10-17,31,quantile,0.2,7
2026-10-10,wk inc flu hosp,1,2026-10-17,31,quantile,0.25,8
2026-10-10,wk inc flu hosp,1,2026-10-17,31,quantile,0.3,10
2026-10-10,wk inc flu hosp,1,2026-10-17,31,quantile,0.35,11
2026-10-10,wk inc flu hosp,1,2026-10-17,31,quantile,0.4,13
2026-10-10,wk inc flu hosp,1,2026-10-17,31,quantile,0.45,14
2026-10-10,wk inc flu hosp,1,2026-10-17,31,quantile,0.5,16
2026-10-10,wk inc flu hosp,1,2026-10-17,31,quantile,0.55,18
2026-10-10,wk inc flu hosp,1,2026-10-17,31,quantile,0.6,21
2026-10-10,wk inc flu hosp,1,2026-10-17,31,quantile,0.65,24
2026-10-10,wk inc flu hosp,1,2026-10-17,31,quantile,0.7,27
2026-10-10,wk inc flu hosp,1,2026-10-17,31,quantile,0.75,31
2026-10-10,wk inc flu hosp,1,2026-10-17,31,quantile,0.8,36
2026-10-10,wk inc flu hosp,1,2026-10-17,31,quantile,0.85,44
2026-10-10,wk inc flu hosp,1,2026-10-17,31,quantile,0.9,55
2026-10-10,wk inc flu hosp,1,2026-10-17,31,quantile,0.95,77
2026-10-10,wk inc flu hosp,1,2026-10-17,31,quantile,0.975,103
2026-10-10,wk inc flu hosp,1,2026-10-17,31,quantile,0.99,145
2026-10-10,wk inc flu hosp,2,2026-10-24,31,quantile,0.01,1
2026-10-10,wk inc flu hosp,2,2026-10-24,31,quantile,0.025,2
2026-10-10,wk inc flu hosp,2,2026-10-24,31,quantile,0.05,3
2026-10-10,wk inc flu hosp,2,2026-10-24,31,quantile,0.1,4
2026-10-10,wk inc flu hosp,2,2026-10-24,31,quantile,0.15,6
2026-10-10,wk inc flu hosp,2,2026-10-24,31,quantile,0.2,7
2026-10-10,wk inc flu hosp,2,2026-10-24,31,quantile,0.25,9
2026-10-10,wk inc flu hosp,2,2026-10-24,31,quantile,0.3,11
2026-10-10,wk inc flu hosp,2,2026-10-24,31,quantile,0.35,13
2026-10-10,wk inc flu hosp,2,2026-10-24,31,quantile,0.4,15
2026-10-10,wk inc flu hosp,2,2026-10-24,31,quantile,0.45,17
2026-10-10,wk inc flu hosp,2,2026-10-24,31,quantile,0.5,19
2026-10-10,wk inc flu hosp,2,2026-10-24,31,quantile,0.55,22
2026-10-10,wk inc flu hosp,2,2026-10-24,31,quantile,0.6,26
2026-10-10,wk inc flu hosp,2,2026-10-24,31,quantile,0.65,30
2026-10-10,wk inc flu hosp,2,2026-10-24,31,quantile,0.7,35
2026-10-10,wk inc flu hosp,2,2026-10-24,31,quantile,0.75,41
2026-10-10,wk inc flu hosp,2,2026-10-24,31,quantile,0.8,49
2026-10-10,wk inc flu hosp,2,2026-10-24,31,quantile,0.85,60
2026-10-10,wk inc flu hosp,2,2026-10-24,31,quantile,0.9,78
2026-10-10,wk inc flu hosp,2,2026-10-24,31,quantile,0.95,116
2026-10-10,wk inc flu hosp,2,2026-10-24,31,quantile,0.975,162
2026-10-10,wk inc flu hosp,2,2026-10-24,31,quantile,0.99,239
2026-10-10,wk inc flu hosp,3,2026-10-31,31,quantile,0.01,1
2026-10-10,wk inc flu hosp,3,2026-10-31,31,quantile,0.025,1
2026-10-10,wk inc flu hosp,3,2026-10-31,31,quantile,0.05,2
2026-10-10,wk inc flu hosp,3,2026-10-31,31,quantile,0.1,4
2026-10-10,wk inc flu hosp,3,2026-10-31,31,quantile,0.15,6
2026-10-10,wk inc flu hosp,3,2026-10-31,31,quantile,0.2,8
2026-10-10,wk inc flu hosp,3,2026-10-31,31,quantile,0.25,10
2026-10-10,wk inc flu hosp,3,2026-10-31,31,quantile,0.3,12
2026-10-10,wk inc flu hosp,3,2026-10-31,31,quantile,0.35,14
2026-10-10,wk inc flu hosp,3,2026-10-31,31,quantile,0.4,17
2026-10-10,wk inc flu hosp,3,2026-10-31,31,quantile,0.45,20
2026-10-10,wk inc flu hosp,3,2026-10-31,31,quantile,0.5,23
2026-10-10,wk inc flu hosp,3,2026-10-31,31,quantile,0.55,27
2026-10-10,wk inc flu hosp,3,2026-10-31,31,quantile,0.6,31
2026-10-10,wk inc flu hosp,3,2026-10-31,31,quantile,0.65,37
2026-10-10,wk inc flu hosp,3,2026-10-31,31,quantile,0.7,43
2026-10-10,wk inc flu hosp,3,2026-10-31,31,quantile,0.75,52
2026-10-10,wk inc flu hosp,3,2026-10-31,31,quantile,0.8,64
2026-10-10,wk inc flu hosp,3,2026-10-31,31,quantile,0.85,80
2026-10-10,wk inc flu hosp,3,2026-10-31,31,quantile,0.9,108
2026-10-10,wk inc flu hosp,3,2026-10-31,31,quantile,0.95,167
2026-10-10,wk inc flu hosp,3,2026-10-31,31,quantile,0.975,243
2026-10-10,wk inc flu hosp,3,2026-10-31,31,quantile,0.99,375
2026-10-10,wk inc flu hosp,0,2026-10-10,32,quantile,0.01,16
2026-10-10,wk inc flu hosp,0,2026-10-10,32,quantile,0.025,19
2026-10-10,wk inc flu hosp,0,2026-10-10,32,quantile,0.05,22
2026-10-10,wk inc flu hosp,0,2026-10-10,32,quantile,0.1,26
2026-10-10,wk inc flu hosp,0,2026-10-10,32,quantile,0.15,29
2026-10-10,wk inc flu hosp,0,2026-10-10,32,quantile,0.2,32
2026-10-10,wk inc flu hosp,0,2026-10-10,32,quantile,0.25,34
2026-10-10,wk inc flu hosp,0,2026-10-10,32,quantile,0.3,37
2026-10-10,wk inc flu hosp,0,2026-10-10,32,quantile,0.35,39
2026-10-10,wk inc flu hosp,0,2026-10-10,32,quantile,0.4,42
2026-10-10,wk inc flu hosp,0,2026-10-10,32,quantile,0.45,44
2026-10-10,wk inc flu hosp,0,2026-10-10,32,quantile,0.5,47
2026-10-10,wk inc flu hosp,0,2026-10-10,32,quantile,0.55,50
2026-10-10,wk inc flu hosp,0,2026-10-10,32,quantile,0.6,53
2026-10-10,wk inc flu hosp,0,2026-10-10,32,quantile,0.65,56
2026-10-10,wk inc flu hosp,0,2026-10-10,32,quantile,0.7,59
2026-10-10,wk inc flu hosp,0,2026-10-10,32,quantile,0.75,64
2026-10-10,wk inc flu hosp,0,2026-10-10,32,quantile,0.8,69
2026-10-10,wk inc flu hosp,0,2026-10-10,32,quantile,0.85,75
2026-10-10,wk inc flu hosp,0,2026-10-10,32,quantile,0.9,84
2026-10-10,wk inc flu hosp,0,2026-10-10,32,quantile,0.95,99
2026-10-10,wk inc flu hosp,0,2026-10-10,32,quantile,0.975,114
2026-10-10,wk inc flu hosp,0,2026-10-10,32,quantile,0.99,135
2026-10-10,wk inc flu hosp,1,2026-10-17,32,quantile,0.01,15
2026-10-10,wk inc flu hosp,1,2026-10-17,32,quantile,0.025,18
2026-10-10,wk inc flu hosp,1,2026-10-17,32,quantile,0.05,22
2026-10-10,wk inc flu hosp,1,2026-10-17,32,quantile,0.1,27
2026-10-10,wk inc flu hosp,1,2026-10-17,32,quantile,0.15,30
2026-10-10,wk inc flu hosp,1,2026-10-17,32,quantile,0.2,34
2026-10-10,wk inc flu hosp,1,2026-10-17,32,quantile,0.25,37
2026-10-10,wk inc flu hosp,1,2026-10-17,32,quantile,0.3,40
2026-10-10,wk inc flu hosp,1,2026-10-17,32,quantile,0.35,43
2026-10-10,wk inc flu hosp,1,2026-10-17,32,quantile,0.4,46
2026-10-10,wk inc flu hosp,1,2026-10-17,32,quantile,0.45,49
2026-10-10,wk inc flu hosp,1,2026-10-17,32,quantile,0.5,53
2026-10-10,wk inc flu hosp,1,2026-10-17,32,quantile,0.55,56
2026-10-10,wk inc flu hosp,1,2026-10-17,32,quantile,0.6,60
2026-10-10,wk inc flu hosp,1,2026-10-17,32,quantile,0.65,65
2026-10-10,wk inc flu hosp,1,2026-10-17,32,quantile,0.7,70
2026-10-10,wk inc flu hosp,1,2026-10-17,32,quantile,0.75,76
2026-10-10,wk inc flu hosp,1,2026-10-17,32,quantile,0.8,83
2026-10-10,wk inc flu hosp,1,2026-10-17,32,quantile,0.85,92
2026-10-10,wk inc flu hosp,1,2026-10-17,32,quantile,0.9,104
2026-10-10,wk inc flu hosp,1,2026-10-17,32,quantile,0.95,126
2026-10-10,wk inc flu hosp,1,2026-10-17,32,quantile,0.975,149
2026-10-10,wk inc flu hosp,1,2026-10-17,32,quantile,0.99,181
2026-10-10,wk inc flu hosp,2,2026-10-24,32,quantile,0.01,14
2026-10-10,wk inc flu hosp,2,2026-10-24,32,quantile,0.025,18
2026-10-10,wk inc flu hosp,2,2026-10-24,32,quantile,0.05,22
2026-10-10,wk inc flu hosp,2,2026-10-24,32,quantile,0.1,27
2026-10-10,wk inc flu hosp,2,2026-10-24,32,quantile,0.15,32
2026-10-10,wk inc flu hosp,2,2026-10-24,32,quantile,0.2,36
2026-10-10,wk inc flu hosp,2,2026-10-24,32,quantile,0.25,40
2026-10-10,wk inc flu hosp,2,2026-10-24,32,quantile,0.3,44
2026-10-10,wk inc flu hosp,2,2026-10-24,32,quantile,0.35,48
2026-10-10,wk inc flu hosp,2,2026-10-24,32,quantile,0.4,52
2026-10-10,wk inc flu hosp,2,2026-10-24,32,quantile,0.45,56
2026-10-10,wk inc flu hosp,2,2026-10-24,32,quantile,0.5,61
2026-10-10,wk inc flu hosp,2,2026-10-24,32,quantile,0.55,65
2026-10-10,wk inc flu hosp,2,2026-10-24,32,quantile,0.6,71
2026-10-10,wk inc flu hosp,2,2026-10-24,32,quantile,0.65,77
2026-10-10,wk inc flu hosp,2,2026-10-24,32,quantile,0.7,83
2026-10-10,wk inc flu hosp,2,2026-10-24,32,quantile,0.75,91
2026-10-10,wk inc flu hosp,2,2026-10-24,32,quantile,0.8,101
2026-10-10,wk inc flu hosp,2,2026-10-24,32,quantile,0.85,114
2026-10-10,wk inc flu hosp,2,2026-10-24,32,quantile,0.9,132
2026-10-10,wk inc flu hosp,2,2026-10-24,32,quantile,0.95,165
2026-10-10,wk inc flu hosp,2,2026-10-24,32,quantile,0.975,200
2026-10-10,wk inc flu hosp,2,2026-10-24,32,quantile,0.99,250
2026-10-10,wk inc flu hosp,3,2026-10-31,32,quantile,0.01,14
2026-10-10,wk inc flu hosp,3,2026-10-31,32,quantile,0.025,18
2026-10-10,wk inc flu hosp,3,2026-10-31,32,quantile,0.05,22
2026-10-10,wk inc flu hosp,3,2026-10-31,32,quantile,0.1,28
2026-10-10,wk inc flu hosp,3,2026-10-31,32,quantile,0.15,34
2026-10-10,wk inc flu hosp,3,2026-10-31,32,quantile,0.2,39
2026-10-10,wk inc flu hosp,3,2026-10-31,32,quantile,0.25,43
2026-10-10,wk inc flu hosp,3,2026-10-31,32,quantile,0.3,48
2026-10-10,wk inc flu hosp,3,2026-10-31,32,quantile,0.35,53
2026-10-10,wk inc flu hosp,3,2026-10-31,32,quantile,0.4,58
2026-10-10,wk inc flu hosp,3,2026-10-31,32,quantile,0.45,63
2026-10-10,wk inc flu hosp,3,2026-10-31,32,quantile,0.5,69
2026-10-10,wk inc flu hosp,3,2026-10-31,32,quantile,0.55,75
2026-10-10,wk inc flu hosp,3,2026-10-31,32,quantile,0.6,82
2026-10-10,wk inc flu hosp,3,2026-10-31,32,quantile,0.65,90
2026-10-10,wk inc flu hosp,3,2026-10-31,32,quantile,0.7,99
2026-10-10,wk inc flu hosp,3,2026-10-31,32,quantile,0.75,109
2026-10-10,wk inc flu hosp,3,2026-10-31,32,quantile,0.8,123
2026-10-10,wk inc flu hosp,3,2026-10-31,32,quantile,0.85,140
2026-10-10,wk inc flu hosp,3,2026-10-31,32,quantile,0.9,165
2026-10-10,wk inc flu hosp,3,2026-10-31,32,quantile,0.95,212
2026-10-10,wk inc flu hosp,3,2026-10-31,32,quantile,0.975,262
2026-10-10,wk inc flu hosp,3,2026-10-31,32,quantile,0.99,336
2026-10-10,wk inc flu hosp,0,2026-10-10,33,quantile,0.01,1
2026-10-10,wk inc flu hosp,0,2026-10-10,33,quantile,0.025,2
2026-10-10,wk inc flu hosp,0,2026-10-10,33,quantile,0.05,2
2026-10-10,wk inc flu hosp,0,2026-10-10,33,quantile,0.1,3
2026-10-10,wk inc flu hosp,0,2026-10-10,33,quantile,0.15,4
2026-10-10,wk inc flu hosp,0,2026-10-10,33,quantile,0.2,4
2026-10-10,wk inc flu hosp,0,2026-10-10,33,quantile,0.25,5
2026-10-10,wk inc flu hosp,0,2026-10-10,33,quantile,0.3,6
2026-10-10,wk inc flu hosp,0,2026-10-10,33,quantile,0.35,6
2026-10-10,wk inc flu hosp,0,2026-10-10,33,quantile,0.4,7
2026-10-10,wk inc flu hosp,0,2026-10-10,33,quantile,0.45,7
2026-10-10,wk inc flu hosp,0,2026-10-10,33,quantile,0.5,8
2026-10-10,wk inc flu hosp,0,2026-10-10,33,quantile,0.55,9
2026-10-10,wk inc flu hosp,0,2026-10-10,33,quantile,0.6,10
2026-10-10,wk inc flu hosp,0,2026-10-10,33,quantile,0.65,11
2026-10-10,wk inc flu hosp,0,2026-10-10,33,quantile,0.7,12
2026-10-10,wk inc flu hosp,0,2026-10-10,33,quantile,0.75,13
2026-10-10,wk inc flu hosp,0,2026-10-10,33,quantile,0.8,15
2026-10-10,wk inc flu hosp,0,2026-10-10,33,quantile,0.85,17
2026-10-10,wk inc flu hosp,0,2026-10-10,33,quantile,0.9,20
2026-10-10,wk inc flu hosp,0,2026-10-10,33,quantile,0.95,25
2026-10-10,wk inc flu hosp,0,2026-10-10,33,quantile,0.975,30
2026-10-10,wk inc flu hosp,0,2026-10-10,33,quantile,0.99,39
2026-10-10,wk inc flu hosp,1,2026-10-17,33,quantile,0.01,1
2026-10-10,wk inc flu hosp,1,2026-10-17,33,quantile,0.025,2
2026-10-10,wk inc flu hosp,1,2026-10-17,33,quantile,0.05,2
2026-10-10,wk inc flu hosp,1,2026-10-17,33,quantile,0.1,3
2026-10-10,wk inc flu hosp,1,2026-10-17,33,quantile,0.15,4
2026-10-10,wk inc flu hosp,1,2026-10-17,33,quantile,0.2,5
2026-10-10,wk inc flu hosp,1,2026-10-17,33,quantile,0.25,6
2026-10-10,wk inc flu hosp,1,2026-10-17,33,quantile,0.3,6
2026-10-10,wk inc flu hosp,1,2026-10-17,33,quantile,0.35,7
2026-10-10,wk inc flu hosp,1,2026-10-17,33,quantile,0.4,8
2026-10-10,wk inc flu hosp,1,2026-10-17,33,quantile,0.45,9
2026-10-10,wk inc flu hosp,1,2026-10-17,33,quantile,0.5,10
2026-10-10,wk inc flu hosp,1,2026-10-17,33,quantile,0.55,11
2026-10-10,wk inc flu hosp,1,2026-10-17,33,quantile,0.6,12
2026-10-10,wk inc flu hosp,1,2026-10-17,33,quantile,0.65,13
2026-10-10,wk inc flu hosp,1,2026-10-17,33,quantile,0.7,15
2026-10-10,wk inc flu hosp,1,2026-10-17,33,quantile,0.75,17
2026-10-10,wk inc flu hosp,1,2026-10-17,33,quantile,0.8,19
2026-10-10,wk inc flu hosp,1,2026-10-17,33,quantile,0.85,22
2026-10-10,wk inc flu hosp,1,2026-10-17,33,quantile,0.9,27
2026-10-10,wk inc flu hosp,1,2026-10-17,33,quantile,0.95,35
2026-10-10,wk inc flu hosp,1,2026-10-17,33,quantile,0.975,45
2026-10-10,wk inc flu hosp,1,2026-10-17,33,quantile,0.99,59
2026-10-10,wk inc flu hosp,2,2026-10-24,33,quantile,0.01,1
2026-10-10,wk inc flu hosp,2,2026-10-24,33,quantile,0.025,1
2026-10-10,wk inc flu hosp,2,2026-10-24,33,quantile,0.05,2
2026-10-10,wk inc flu hosp,2,2026-10-24,33,quantile,0.1,3
2026-10-10,wk inc flu hosp,2,2026-10-24,33,quantile,0.15,4
2026-10-10,wk inc flu hosp,2,2026-10-24,33,quantile,0.2,5
2026-10-10,wk inc flu hosp,2,2026-10-24,33,quantile,0.25,6
2026-10-10,wk inc flu hosp,2,2026-10-24,33,quantile,0.3,7
2026-10-10,wk inc flu hosp,2,2026-10-24,33,quantile,0.35,8
2026-10-10,wk inc flu hosp,2,2026-10-24,33,quantile,0.4,10
2026-10-10,wk inc flu hosp,2,2026-10-24,33,quantile,0.45,11
2026-10-10,wk inc flu hosp,2,2026-10-24,33,quantile,0.5,12
2026-10-10,wk inc flu hosp,2,2026-10-24,33,quantile,0.55,14
2026-10-10,wk inc flu hosp,2,2026-10-24,33,quantile,0.6,15
2026-10-10,wk inc flu hosp,2,2026-10-24,33,quantile,0.65,17
2026-10-10,wk inc flu hosp,2,2026-10-24,33,quantile,0.7,19
2026-10-10,wk inc flu hosp,2,2026-10-24,33,quantile,0.75,22
2026-10-10,wk inc flu hosp,2,2026-10-24,33,quantile,0.8,26
2026-10-10,wk inc flu hosp,2,2026-10-24,33,quantile,0.85,30
2026-10-10,wk inc flu hosp,2,2026-10-24,33,quantile,0.9,38
2026-10-10,wk inc flu hosp,2,2026-10-24,33,quantile,0.95,52
2026-10-10,wk inc flu hosp,2,2026-10-24,33,quantile,0.975,68
2026-10-10,wk inc flu hosp,2,2026-10-24,33,quantile,0.99,93
2026-10-10,wk inc flu hosp,3,2026-10-31,33,quantile,0.01,1
2026-10-10,wk inc flu hosp,3,2026-10-31,33,quantile,0.025,1
2026-10-10,wk inc flu hosp,3,2026-10-31,33,quantile,0.05,2
2026-10-10,wk inc flu hosp,3,2026-10-31,33,quantile,0.1,4
2026-10-10,wk inc flu hosp,3,2026-10-31,33,quantile,0.15,5
2026-10-10,wk inc flu hosp,3,2026-10-31,33,quantile,0.2,6
2026-10-10,wk inc flu hosp,3,2026-10-31,33,quantile,0.25,7
2026-10-10,wk inc flu hosp,3,2026-10-31,33,quantile,0.3,9
2026-10-10,wk inc flu hosp,3,2026-10-31,33,quantile,0.35,10
2026-10-10,wk inc flu hosp,3,2026-10-31,33,quantile,0.4,11
2026-10-10,wk inc flu hosp,3,2026-10-31,33,quantile,0.45,13
2026-10-10,wk inc flu hosp,3,2026-10-31,33,quantile,0.5,15
2026-10-10,wk inc flu hosp,3,2026-10-31,33,quantile,0.55,17
2026-10-10,wk inc flu hosp,3,2026-10-31,33,quantile,0.6,19
2026-10-10,wk inc flu hosp,3,2026-10-31,33,quantile,0.65,22
2026-10-10,wk inc flu hosp,3,2026-10-31,33,quantile,0.7,25
2026-10-10,wk inc flu hosp,3,2026-10-31,33,quantile,0.75,29
2026-10-10,wk inc flu hosp,3,2026-10-31,33,quantile,0.8,34
2026-10-10,wk inc flu hosp,3,2026-10-31,33,quantile,0.85,41
2026-10-10,wk inc flu hosp,3,2026-10-31,33,quantile,0.9,53
2026-10-10,wk inc flu hosp,3,2026-10-31,33,quantile,0.95,75
2026-10-10,wk inc flu hosp,3,2026-10-31,33,quantile,0.975,101
2026-10-10,wk inc flu hosp,3,2026-10-31,33,quantile,0.99,144
2026-10-10,wk inc flu hosp,0,2026-10-10,34,quantile,0.01,26
2026-10-10,wk inc flu hosp,0,2026-10-10,34,quantile,0.025,31
2026-10-10,wk inc flu hosp,0,2026-10-10,34,quantile,0.05,37
2026-10-10,wk inc flu hosp,0,2026-10-10,34,quantile,0.1,44
2026-10-10,wk inc flu hosp,0,2026-10-10,34,quantile,0.15,50
2026-10-10,wk inc flu hosp,0,2026-10-10,34,quantile,0.2,55
2026-10-10,wk inc flu hosp,0,2026-10-10,34,quantile,0.25,60
2026-10-10,wk inc flu hosp,0,2026-10-10,34,quantile,0.3,64
2026-10-10,wk inc flu hosp,0,2026-10-10,34,quantile,0.35,69
2026-10-10,wk inc flu hosp,0,2026-10-10,34,quantile,0.4,73
2026-10-10,wk inc flu hosp,0,2026-10-10,34,quantile,0.45,78
2026-10-10,wk inc flu hosp,0,2026-10-10,34,quantile,0.5,83
2026-10-10,wk inc flu hosp,0,2026-10-10,34,quantile,0.55,88
2026-10-10,wk inc flu hosp,0,2026-10-10,34,quantile,0.6,94
2026-10-10,wk inc flu hosp,0,2026-10-10,34,quantile,0.65,100
2026-10-10,wk inc flu hosp,0,2026-10-10,34,quantile,0.7,107
2026-10-10,wk inc flu hosp,0,2026-10-10,34,quantile,0.75,116
2026-10-10,wk inc flu hosp,0,2026-10-10,34,quantile,0.8,125
2026-10-10,wk inc flu hosp,0,2026-10-10,34,quantile,0.85,138
2026-10-10,wk inc flu hosp,0,2026-10-10,34,quantile,0.9,155
2026-10-10,wk inc flu hosp,0,2026-10-10,34,quantile,0.95,186
2026-10-10,wk inc flu hosp,0,2026-10-10,34,quantile,0.975,216
2026-10-10,wk inc flu hosp,0,2026-10-10,34,quantile,0.99,259
2026-10-10,wk inc flu hosp,1,2026-10-17,34,quantile,0.01,24
2026-10-10,wk inc flu hosp,1,2026-10-17,34,quantile,0.025,30
2026-10-10,wk inc flu hosp,1,2026-10-17,34,quantile,0.05,36
2026-10-10,wk inc flu hosp,1,2026-10-17,34,quantile,0.1,45
2026-10-10,wk inc flu hosp,1,2026-10-17,34,quantile,0.15,52
2026-10-10,wk inc flu hosp,1,2026-10-17,34,quantile,0.2,58
2026-10-10,wk inc flu hosp,1,2026-10-17,34,quantile,0.25,63
2026-10-10,wk inc flu hosp,1,2026-10-17,34,quantile,0.3,69
2026-10-10,wk inc flu hosp,1,2026-10-17,34,quantile,0.35,75
2026-10-10,wk inc flu hosp,1,2026-10-17,34,quantile,0.4,81
2026-10-10,wk inc flu hosp,1,2026-10-17,34,quantile,0.45,87
2026-10-10,wk inc flu hosp,1,2026-10-17,34,quantile,0.5,93
2026-10-10,wk inc flu hosp,1,2026-10-17,34,quantile,0.55,100
2026-10-10,wk inc flu hosp,1,2026-10-17,34,quantile,0.6,108
2026-10-10,wk inc flu hosp,1,2026-10-17,34,quantile,0.65,116
2026-10-10,wk inc flu hosp,1,2026-10-17,34,quantile,0.7,126
2026-10-10,wk inc flu hosp,1,2026-10-17,34,quantile,0.75,137
2026-10-10,wk inc flu hosp,1,2026-10-17,34,quantile,0.8,150
2026-10-10,wk inc flu hosp,1,2026-10-17,34,quantile,0.85,168
2026-10-10,wk inc flu hosp,1,2026-10-17,34,quantile,0.9,193
2026-10-10,wk inc flu hosp,1,2026-10-17,34,quantile,0.95,237
2026-10-10,wk inc flu hosp,1,2026-10-17,34,quantile,0.975,283
2026-10-10,wk inc flu hosp,1,2026-10-17,34,quantile,0.99,349
2026-10-10,wk inc flu hosp,2,2026-10-24,34,quantile,0.01,22
2026-10-10,wk inc flu hosp,2,2026-10-24,34,quantile,0.025,28
2026-10-10,wk inc flu hosp,2,2026-10-24,34,quantile,0.05,35
2026-10-10,wk inc flu hosp,2,2026-10-24,34,quantile,0.1,44
2026-10-10,wk inc flu hosp,2,2026-10-24,34,quantile,0.15,52
2026-10-10,wk inc flu hosp,2,2026-10-24,34,quantile,0.2,59
2026-10-10,wk inc flu hosp,2,2026-10-24,34,quantile,0.25,66
2026-10-10,wk inc flu hosp,2,2026-10-24,34,quantile,0.3,73
2026-10-10,wk inc flu hosp,2,2026-10-24,34,quantile,0.35,80
2026-10-10,wk inc flu hosp,2,2026-10-24,34,quantile,0.4,88
2026-10-10,wk inc flu hosp,2,2026-10-24,34,quantile,0.45,95
2026-10-10,wk inc flu hosp,2,2026-10-24,34,quantile,0.5,104
2026-10-10,wk inc flu hosp,2,2026-10-24,34,quantile,0.55,113
2026-10-10,wk inc flu hosp,2,2026-10-24,34,quantile,0.6,123
2026-10-10,wk inc flu hosp,2,2026-10-24,34,quantile,0.65,134
2026-10-10,wk inc flu hosp,2,2026-10-24,34,quantile,0.7,146
2026-10-10,wk inc flu hosp,2,2026-10-24,34,quantile,0.75,162
2026-10-10,wk inc flu hosp,2,2026-10-24,34,quantile,0.8,180
2026-10-10,wk inc flu hosp,2,2026-10-24,34,quantile,0.85,205
2026-10-10,wk inc flu hosp,2,2026-10-24,34,quantile,0.9,241
2026-10-10,wk inc flu hosp,2,2026-10-24,34,quantile,0.95,305
2026-10-10,wk inc flu hosp,2,2026-10-24,34,quantile,0.975,375
2026-10-10,wk inc flu hosp,2,2026-10-24,34,quantile,0.99,476
2026-10-10,wk inc flu hosp,3,2026-10-31,34,quantile,0.01,21
2026-10-10,wk inc flu hosp,3,2026-10-31,34,quantile,0.025,27
2026-10-10,wk inc flu hosp,3,2026-10-31,34,quantile,0.05,34
2026-10-10,wk inc flu hosp,3,2026-10-31,34,quantile,0.1,45
2026-10-10,wk inc flu hosp,3,2026-10-31,34,quantile,0.15,54
2026-10-10,wk inc flu hosp,3,2026-10-31,34,quantile,0.2,63
2026-10-10,wk inc flu hosp,3,2026-10-31,34,quantile,0.25,71
2026-10-10,wk inc flu hosp,3,2026-10-31,34,quantile,0.3,79
2026-10-10,wk inc flu hosp,3,2026-10-31,34,quantile,0.35,88
2026-10-10,wk inc flu hosp,3,2026-10-31,34,quantile,0.4,97
2026-10-10,wk inc flu hosp,3,2026-10-31,34,quantile,0.45,106
2026-10-10,wk inc flu hosp,3,2026-10-31,34,quantile,0.5,116
2026-10-10,wk inc flu hosp,3,2026-10-31,34,quantile,0.55,128
2026-10-10,wk inc flu hosp,3,2026-10-31,34,quantile,0.6,140
2026-10-10,wk inc flu hosp,3,2026-10-31,34,quantile,0.65,154
2026-10-10,wk inc flu hosp,3,2026-10-31,34,quantile,0.7,171
2026-10-10,wk inc flu hosp,3,2026-10-31,34,quantile,0.75,191
2026-10-10,wk inc flu hosp,3,2026-10-31,34,quantile,0.8,216
2026-10-10,wk inc flu hosp,3,2026-10-31,34,quantile,0.85,249
2026-10-10,wk inc flu hosp,3,2026-10-31,34,quantile,0.9,298
2026-10-10,wk inc flu hosp,3,2026-10-31,34,quantile,0.95,388
2026-10-10,wk inc flu hosp,3,2026-10-31,34,quantile,0.975,489
2026-10-10,wk inc flu hosp,3,2026-10-31,34,quantile,0.99,639
2026-10-10,wk inc flu hosp,0,2026-10-10,35,quantile,0.01,4
2026-10-10,wk inc flu hosp,0,2026-10-10,35,quantile,0.025,4
2026-10-10,wk inc flu hosp,0,2026-10-10,35,quantile,0.05,5
2026-10-10,wk inc flu hosp,0,2026-10-10,35,quantile,0.1,7
2026-10-10,wk inc flu hosp,0,2026-10-10,35,quantile,0.15,7
2026-10-10,wk inc flu hosp,0,2026-10-10,35,quantile,0.2,8
2026-10-10,wk inc flu hosp,0,2026-10-10,35,quantile,0.25,9
2026-10-10,wk inc flu hosp,0,2026-10-10,35,quantile,0.3,10
2026-10-10,wk inc flu hosp,0,2026-10-10,35,quantile,0.35,11
2026-10-10,wk inc flu hosp,0,2026-10-10,35,quantile,0.4,11
2026-10-10,wk inc flu hosp,0,2026-10-10,35,quantile,0.45,12
2026-10-10,wk inc flu hosp,0,2026-10-10,35,quantile,0.5,13
2026-10-10,wk inc flu hosp,0,2026-10-10,35,quantile,0.55,14
2026-10-10,wk inc flu hosp,0,2026-10-10,35,quantile,0.6,15
2026-10-10,wk inc flu hosp,0,2026-10-10,35,quantile,0.65,16
2026-10-10,wk inc flu hosp,0,2026-10-10,35,quantile,0.7,17
2026-10-10,wk inc flu hosp,0,2026-10-10,35,quantile,0.75,18
2026-10-10,wk inc flu hosp,0,2026-10-10,35,quantile,0.8,20
2026-10-10,wk inc flu hosp,0,2026-10-10,35,quantile,0.85,22
2026-10-10,wk inc flu hosp,0,2026-10-10,35,quantile,0.9,25
2026-10-10,wk inc flu hosp,0,2026-10-10,35,quantile,0.95,30
2026-10-10,wk inc flu hosp,0,2026-10-10,35,quantile,0.975,35
2026-10-10,wk inc flu hosp,0,2026-10-10,35,quantile,0.99,42
2026-10-10,wk inc flu hosp,1,2026-10-17,35,quantile,0.01,4
2026-10-10,wk inc flu hosp,1,2026-10-17,35,quantile,0.025,5
2026-10-10,wk inc flu hosp,1,2026-10-17,35,quantile,0.05,6
2026-10-10,wk inc flu hosp,1,2026-10-17,35,quantile,0.1,7
2026-10-10,wk inc flu hosp,1,2026-10-17,35,quantile,0.15,8
2026-10-10,wk inc flu hosp,1,2026-10-17,35,quantile,0.2,9
2026-10-10,wk inc flu hosp,1,2026-10-17,35,quantile,0.25,10
2026-10-10,wk inc flu hosp,1,2026-10-17,35,quantile,0.3,11
2026-10-10,wk inc flu hosp,1,2026-10-17,35,quantile,0.35,12
2026-10-10,wk inc flu hosp,1,2026-10-17,35,quantile,0.4,13
2026-10-10,wk inc flu hosp,1,2026-10-17,35,quantile,0.45,14
2026-10-10,wk inc flu hosp,1,2026-10-17,35,quantile,0.5,16
2026-10-10,wk inc flu hosp,1,2026-10-17,35,quantile,0.55,17
2026-10-10,wk inc flu hosp,1,2026-10-17,35,quantile,0.6,18
2026-10-10,wk inc flu hosp,1,2026-10-17,35,quantile,0.65,20
2026-10-10,wk inc flu hosp,1,2026-10-17,35,quantile,0.7,21
2026-10-10,wk inc flu hosp,1,2026-10-17,35,quantile,0.75,23
2026-10-10,wk inc flu hosp,1,2026-10-17,35,quantile,0.8,26
2026-10-10,wk inc flu hosp,1,2026-10-17,35,quantile,0.85,29
2026-10-10,wk inc flu hosp,1,2026-10-17,35,quantile,0.9,33
2026-10-10,wk inc flu hosp,1,2026-10-17,35,quantile,0.95,41
2026-10-10,wk inc flu hosp,1,2026-10-17,35,quantile,0.975,49
2026-10-10,wk inc flu hosp,1,2026-10-17,35,quantile,0.99,60
2026-10-10,wk inc flu hosp,2,2026-10-24,35,quantile,0.01,3
2026-10-10,wk inc flu hosp,2,2026-10-24,35,quantile,0.025,4
2026-10-10,wk inc flu hosp,2,2026-10-24,35,quantile,0.05,6
2026-10-10,wk inc flu hosp,2,2026-10-24,35,quantile,0.1,7
2026-10-10,wk inc flu hosp,2,2026-10-24,35,quantile,0.15,9
2026-10-10,wk inc flu hosp,2,2026-10-24,35,quantile,0.2,10
2026-10-10,wk inc flu hosp,2,2026-10-24,35,quantile,0.25,11
2026-10-10,wk inc flu hosp,2,2026-10-24,35,quantile,0.3,12
2026-10-10,wk inc flu hosp,2,2026-10-24,35,quantile,0.35,14
2026-10-10,wk inc flu hosp,2,2026-10-24,35,quantile,0.4,15
2026-10-10,wk inc flu hosp,2,2026-10-24,35,quantile,0.45,16
2026-10-10,wk inc flu hosp,2,2026-10-24,35,quantile,0.5,18
2026-10-10,wk inc flu hosp,2,2026-10-24,35,quantile,0.55,20
2026-10-10,wk inc flu hosp,2,2026-10-24,35,quantile,0.6,21
2026-10-10,wk inc flu hosp,2,2026-10-24,35,quantile,0.65,23
2026-10-10,wk inc flu hosp,2,2026-10-24,35,quantile,0.7,26
2026-10-10,wk inc flu hosp,2,2026-10-24,35,quantile,0.75,28
2026-10-10,wk inc flu hosp,2,2026-10-24,35,quantile,0.8,32
2026-10-10,wk inc flu hosp,2,2026-10-24,35,quantile,0.85,36
2026-10-10,wk inc flu hosp,2,2026-10-24,35,quantile,0.9,42
2026-10-10,wk inc flu hosp,2,2026-10-24,35,quantile,0.95,54
2026-10-10,wk inc flu hosp,2,2026-10-24,35,quantile,0.975,66
2026-10-10,wk inc flu hosp,2,2026-10-24,35,quantile,0.99,84
2026-10-10,wk inc flu hosp,3,2026-10-31,35,quantile,0.01,3
2026-10-10,wk inc flu hosp,3,2026-10-31,35,quantile,0.025,4
2026-10-10,wk inc flu hosp,3,2026-10-31,35,quantile,0.05,6
2026-10-10,wk inc flu hosp,3,2026-10-31,35,quantile,0.1,8
2026-10-10,wk inc flu hosp,3,2026-10-31,35,quantile,0.15,10
2026-10-10,wk inc flu hosp,3,2026-10-31,35,quantile,0.2,11
2026-10-10,wk inc flu hosp,3,2026-10-31,35,quantile,0.25,13
2026-10-10,wk inc flu hosp,3,2026-10-31,35,quantile,0.3,14
2026-10-10,wk inc flu hosp,3,2026-10-31,35,quantile,0.35,16
2026-10-10,wk inc flu hosp,3,2026-10-31,35,quantile,0.4,18
2026-10-10,wk inc flu hosp,3,2026-10-31,35,quantile,0.45,19
2026-10-10,wk inc flu hosp,3,2026-10-31,35,quantile,0.5,21
2026-10-10,wk inc flu hosp,3,2026-10-31,35,quantile,0.55,23
2026-10-10,wk inc flu hosp,3,2026-10-31,35,quantile,0.6,26
2026-10-10,wk inc flu hosp,3,2026-10-31,35,quantile,0.65,28
2026-10-10,wk inc flu hosp,3,2026-10-31,35,quantile,0.7,32
2026-10-10,wk inc flu hosp,3,2026-10-31,35,quantile,0.75,35
2026-10-10,wk inc flu hosp,3,2026-10-31,35,quantile,0.8,40
2026-10-10,wk inc flu hosp,3,2026-10-31,35,quantile,0.85,46
2026-10-10,wk inc flu hosp,3,2026-10-31,35,quantile,0.9,55
2026-10-10,wk inc flu hosp,3,2026-10-31,35,quantile,0.95,72
2026-10-10,wk inc flu hosp,3,2026-10-31,35,quantile,0.975,91
2026-10-10,wk inc flu hosp,3,2026-10-31,35,quantile,0.99,119
2026-10-10,wk inc flu hosp,0,2026-10-10,36,quantile,0.01,55
2026-10-10,wk inc flu hosp,0,2026-10-10,36,quantile,0.025,64
2026-10-10,wk inc flu hosp,0,2026-10-10,36,quantile,0.05,74
2026-10-10,wk inc flu hosp,0,2026-10-10,36,quantile,0.1,86
2026-10-10,wk inc flu hosp,0,2026-10-10,36,quantile,0.15,96
2026-10-10,wk inc flu hosp,0,2026-10-10,36,quantile,0.2,104
2026-10-10,wk inc flu hosp,0,2026-10-10,36,quantile,0.25,112
2026-10-10,wk inc flu hosp,0,2026-10-10,36,quantile,0.3,119
2026-10-10,wk inc flu hosp,0,2026-10-10,36,quantile,0.35,127
2026-10-10,wk inc flu hosp,0,2026-10-10,36,quantile,0.4,134
2026-10-10,wk inc flu hosp,0,2026-10-10,36,quantile,0.45,141
2026-10-10,wk inc flu hosp,0,2026-10-10,36,quantile,0.5,149
2026-10-10,wk inc flu hosp,0,2026-10-10,36,quantile,0.55,157
2026-10-10,wk inc flu hosp,0,2026-10-10,36,quantile,0.6,166
2026-10-10,wk inc flu hosp,0,2026-10-10,36,quantile,0.65,176
2026-10-10,wk inc flu hosp,0,2026-10-10,36,quantile,0.7,187
2026-10-10,wk inc flu hosp,0,2026-10-10,36,quantile,0.75,199
2026-10-10,wk inc flu hosp,0,2026-10-10,36,quantile,0.8,214
2026-10-10,wk inc flu hosp,0,2026-10-10,36,quantile,0.85,232
2026-10-10,wk inc flu hosp,0,2026-10-10,36,quantile,0.9,258
2026-10-10,wk inc flu hosp,0,2026-10-10,36,quantile,0.95,301
2026-10-10,wk inc flu hosp,0,2026-10-10,36,quantile,0.975,344
2026-10-10,wk inc flu hosp,0,2026-10-10,36,quantile,0.99,402
2026-10-10,wk inc flu hosp,1,2026-10-17,36,quantile,0.01,51
2026-10-10,wk inc flu hosp,1,2026-10-17,36,quantile,0.025,62
2026-10-10,wk inc flu hosp,1,2026-10-17,36,quantile,0.05,72
2026-10-10,wk inc flu hosp,1,2026-10-17,36,quantile,0.1,86
2026-10-10,wk inc flu hosp,1,2026-10-17,36,quantile,0.15,98
2026-10-10,wk inc flu hosp,1,2026-10-17,36,quantile,0.2,108
2026-10-10,wk inc flu hosp,1,2026-10-17,36,quantile,0.25,117
2026-10-10,wk inc flu hosp,1,2026-10-17,36,quantile,0.3,126
2026-10-10,wk inc flu hosp,1,2026-10-17,36,quantile,0.35,135
2026-10-10,wk inc flu hosp,1,2026-10-17,36,quantile,0.4,144
2026-10-10,wk inc flu hosp,1,2026-10-17,36,quantile,0.45,154
2026-10-10,wk inc flu hosp,1,2026-10-17,36,quantile,0.5,163
2026-10-10,wk inc flu hosp,1,2026-10-17,36,quantile,0.55,174
2026-10-10,wk inc flu hosp,1,2026-10-17,36,quantile,0.6,185
2026-10-10,wk inc flu hosp,1,2026-10-17,36,quantile,0.65,198
2026-10-10,wk inc flu hosp,1,2026-10-17,36,quantile,0.7,212
2026-10-10,wk inc flu hosp,1,2026-10-17,36,quantile,0.75,228
2026-10-10,wk inc flu hosp,1,2026-10-17,36,quantile,0.8,248
2026-10-10,wk inc flu hosp,1,2026-10-17,36,quantile,0.85,273
2026-10-10,wk inc flu hosp,1,2026-10-17,36,quantile,0.9,309
2026-10-10,wk inc flu hosp,1,2026-10-17,36,quantile,0.95,369
2026-10-10,wk inc flu hosp,1,2026-10-17,36,quantile,0.975,432
2026-10-10,wk inc flu hosp,1,2026-10-17,36,quantile,0.99,517
2026-10-10,wk inc flu hosp,2,2026-10-24,36,quantile,0.01,46
2026-10-10,wk inc flu hosp,2,2026-10-24,36,quantile,0.025,57
2026-10-10,wk inc flu hosp,2,2026-10-24,36,quantile,0.05,68
2026-10-10,wk inc flu hosp,2,2026-10-24,36,quantile,0.1,84
2026-10-10,wk inc flu hosp,2,2026-10-24,36,quantile,0.15,97
2026-10-10,wk inc flu hosp,2,2026-10-24,36,quantile,0.2,109
2026-10-10,wk inc flu hosp,2,2026-10-24,36,quantile,0.25,120
2026-10-10,wk inc flu hosp,2,2026-10-24,36,quantile,0.3,131
2026-10-10,wk inc flu hosp,2,2026-10-24,36,quantile,0.35,141
2026-10-10,wk inc flu hosp,2,2026-10-24,36,quantile,0.4,153
2026-10-10,wk inc flu hosp,2,2026-10-24,36,quantile,0.45,164
2026-10-10,wk inc flu hosp,2,2026-10-24,36,quantile,0.5,176
2026-10-10,wk inc flu hosp,2,2026-10-24,36,quantile,0.55,190
2026-10-10,wk inc flu hosp,2,2026-10-24,36,quantile,0.6,204
2026-10-10,wk inc flu hosp,2,2026-10-24,36,quantile,0.65,220
2026-10-10,wk inc flu hosp,2,2026-10-24,36,quantile,0.7,238
2026-10-10,wk inc flu hosp,2,2026-10-24,36,quantile,0.75,260
2026-10-10,wk inc flu hosp,2,2026-10-24,36,quantile,0.8,286
2026-10-10,wk inc flu hosp,2,2026-10-24,36,quantile,0.85,319
2026-10-10,wk inc flu hosp,2,2026-10-24,36,quantile,0.9,368
2026-10-10,wk inc flu hosp,2,2026-10-24,36,quantile,0.95,452
2026-10-10,wk inc flu hosp,2,2026-10-24,36,quantile,0.975,542
2026-10-10,wk inc flu hosp,2,2026-10-24,36,quantile,0.99,668
2026-10-10,wk inc flu hosp,3,2026-10-31,36,quantile,0.01,43
2026-10-10,wk inc flu hosp,3,2026-10-31,36,quantile,0.025,54
2026-10-10,wk inc flu hosp,3,2026-10-31,36,quantile,0.05,67
2026-10-10,wk inc flu hosp,3,2026-10-31,36,quantile,0.1,84
2026-10-10,wk inc flu hosp,3,2026-10-31,36,quantile,0.15,99
2026-10-10,wk inc flu hosp,3,2026-10-31,36,quantile,0.2,112
2026-10-10,wk inc flu hosp,3,2026-10-31,36,quantile,0.25,125
2026-10-10,wk inc flu hosp,3,2026-10-31,36,quantile,0.3,137
2026-10-10,wk inc flu hosp,3,2026-10-31,36,quantile,0.35,150
2026-10-10,wk inc flu hosp,3,2026-10-31,36,quantile,0.4,163
2026-10-10,wk inc flu hosp,3,2026-10-31,36,quantile,0.45,177
2026-10-10,wk inc flu hosp,3,2026-10-31,36,quantile,0.5,192
2026-10-10,wk inc flu hosp,3,2026-10-31,36,quantile,0.55,208
2026-10-10,wk inc flu hosp,3,2026-10-31,36,quantile,0.6,226
2026-10-10,wk inc flu hosp,3,2026-10-31,36,quantile,0.65,246
2026-10-10,wk inc flu hosp,3,2026-10-31,36,quantile,0.7,269
2026-10-10,wk inc flu hosp,3,2026-10-31,36,quantile,0.75,296
2026-10-10,wk inc flu hosp,3,2026-10-31,36,quantile,0.8,329
2026-10-10,wk inc flu hosp,3,2026-10-31,36,quantile,0.85,373
2026-10-10,wk inc flu hosp,3,2026-10-31,36,quantile,0.9,436
2026-10-10,wk inc flu hosp,3,2026-10-31,36,quantile,0.95,550
2026-10-10,wk inc flu hosp,3,2026-10-31,36,quantile,0.975,673
2026-10-10,wk inc flu hosp,3,2026-10-31,36,quantile,0.99,850
2026-10-10,wk inc flu hosp,0,2026-10-10,37,quantile,0.01,26
2026-10-10,wk inc flu hosp,0,2026-10-10,37,quantile,0.025,32
2026-10-10,wk inc flu hosp,0,2026-10-10,37,quantile,0.05,37
2026-10-10,wk inc flu hosp,0,2026-10-10,37,quantile,0.1,44
2026-10-10,wk inc flu hosp,0,2026-10-10,37,quantile,0.15,50
2026-10-10,wk inc flu hosp,0,2026-10-10,37,quantile,0.2,55
2026-10-10,wk inc flu hosp,0,2026-10-10,37,quantile,0.25,59
2026-10-10,wk inc flu hosp,0,2026-10-10,37,quantile,0.3,64
2026-10-10,wk inc flu hosp,0,2026-10-10,37,quantile,0.35,68
2026-10-10,wk inc flu hosp,0,2026-10-10,37,quantile,0.4,73
2026-10-10,wk inc flu hosp,0,2026-10-10,37,quantile,0.45,77
2026-10-10,wk inc flu hosp,0,2026-10-10,37,quantile,0.5,82
2026-10-10,wk inc flu hosp,0,2026-10-10,37,quantile,0.55,88
2026-10-10,wk inc flu hosp,0,2026-10-10,37,quantile,0.6,93
2026-10-10,wk inc flu hosp,0,2026-10-10,37,quantile,0.65,99
2026-10-10,wk inc flu hosp,0,2026-10-10,37,quantile,0.7,106
2026-10-10,wk inc flu hosp,0,2026-10-10,37,quantile,0.75,114
2026-10-10,wk inc flu hosp,0,2026-10-10,37,quantile,0.8,124
2026-10-10,wk inc flu hosp,0,2026-10-10,37,quantile,0.85,136
2026-10-10,wk inc flu hosp,0,2026-10-10,37,quantile,0.9,153
2026-10-10,wk inc flu hosp,0,2026-10-10,37,quantile,0.95,183
2026-10-10,wk inc flu hosp,0,2026-10-10,37,quantile,0.975,213
2026-10-10,wk inc flu hosp,0,2026-10-10,37,quantile,0.99,254
2026-10-10,wk inc flu hosp,1,2026-10-17,37,quantile,0.01,25
2026-10-10,wk inc flu hosp,1,2026-10-17,37,quantile,0.025,30
2026-10-10,wk inc flu hosp,1,2026-10-17,37,quantile,0.05,36
2026-10-10,wk inc flu hosp,1,2026-10-17,37,quantile,0.1,45
2026-10-10,wk inc flu hosp,1,2026-10-17,37,quantile,0.15,52
2026-10-10,wk inc flu hosp,1,2026-10-17,37,quantile,0.2,58
2026-10-10,wk inc flu hosp,1,2026-10-17,37,quantile,0.25,63
2026-10-10,wk inc flu hosp,1,2026-10-17,37,quantile,0.3,69
2026-10-10,wk inc flu hosp,1,2026-10-17,37,quantile,0.35,75
2026-10-10,wk inc flu hosp,1,2026-10-17,37,quantile,0.4,81
2026-10-10,wk inc flu hosp,1,2026-10-17,37,quantile,0.45,87
2026-10-10,wk inc flu hosp,1,2026-10-17,37,quantile,0.5,93
2026-10-10,wk inc flu hosp,1,2026-10-17,37,quantile,0.55,100
2026-10-10,wk inc flu hosp,1,2026-10-17,37,quantile,0.6,107
2026-10-10,wk inc flu hosp,1,2026-10-17,37,quantile,0.65,115
2026-10-10,wk inc flu hosp,1,2026-10-17,37,quantile,0.7,125
2026-10-10,wk inc flu hosp,1,2026-10-17,37,quantile,0.75,136
2026-10-10,wk inc flu hosp,1,2026-10-17,37,quantile,0.8,149
2026-10-10,wk inc flu hosp,1,2026-10-17,37,quantile,0.85,166
2026-10-10,wk inc flu hosp,1,2026-10-17,37,quantile,0.9,191
2026-10-10,wk inc flu hosp,1,2026-10-17,37,quantile,0.95,234
2026-10-10,wk inc flu hosp,1,2026-10-17,37,quantile,0.975,279
2026-10-10,wk inc flu hosp,1,2026-10-17,37,quantile,0.99,343
2026-10-10,wk inc flu hosp,2,2026-10-24,37,quantile,0.01,22
2026-10-10,wk inc flu hosp,2,2026-10-24,37,quantile,0.025,29
2026-10-10,wk inc flu hosp,2,2026-10-24,37,quantile,0.05,35
2026-10-10,wk inc flu hosp,2,2026-10-24,37,quantile,0.1,45
2026-10-10,wk inc flu hosp,2,2026-10-24,37,quantile,0.15,53
2026-10-10,wk inc flu hosp,2,2026-10-24,37,quantile,0.2,60
2026-10-10,wk inc flu hosp,2,2026-10-24,37,quantile,0.25,67
2026-10-10,wk inc flu hosp,2,2026-10-24,37,quantile,0.3,74
2026-10-10,wk inc flu hosp,2,2026-10-24,37,quantile,0.35,81
2026-10-10,wk inc flu hosp,2,2026-10-24,37,quantile,0.4,88
2026-10-10,wk inc flu hosp,2,2026-10-24,37,quantile,0.45,96
2026-10-10,wk inc flu hosp,2,2026-10-24,37,quantile,0.5,104
2026-10-10,wk inc flu hosp,2,2026-10-24,37,quantile,0.55,113
2026-10-10,wk inc flu hosp,2,2026-10-24,37,quantile,0.6,123
2026-10-10,wk inc flu hosp,2,2026-10-24,37,quantile,0.65,134
2026-10-10,wk inc flu hosp,2,2026-10-24,37,quantile,0.7,147
2026-10-10,wk inc flu hosp,2,2026-10-24,37,quantile,0.75,162
2026-10-10,wk inc flu hosp,2,2026-10-24,37,quantile,0.8,180
2026-10-10,wk inc flu hosp,2,2026-10-24,37,quantile,0.85,204
2026-10-10,wk inc flu hosp,2,2026-10-24,37,quantile,0.9,240
2026-10-10,wk inc flu hosp,2,2026-10-24,37,quantile,0.95,303
2026-10-10,wk inc flu hosp,2,2026-10-24,37,quantile,0.975,372
2026-10-10,wk inc flu hosp,2,2026-10-24,37,quantile,0.99,471
2026-10-10,wk inc flu hosp,3,2026-10-31,37,quantile,0.01,20
2026-10-10,wk inc flu hosp,3,2026-10-31,37,quantile,0.025,27
2026-10-10,wk inc flu hosp,3,2026-10-31,37,quantile,0.05,34
2026-10-10,wk inc flu hosp,3,2026-10-31,37,quantile,0.1,45
2026-10-10,wk inc flu hosp,3,2026-10-31,37,quantile,0.15,53
2026-10-10,wk inc flu hosp,3,2026-10-31,37,quantile,0.2,62
2026-10-10,wk inc flu hosp,3,2026-10-31,37,quantile,0.25,70
2026-10-10,wk inc flu hosp,3,2026-10-31,37,quantile,0.3,78
2026-10-10,wk inc flu hosp,3,2026-10-31,37,quantile,0.35,86
2026-10-10,wk inc flu hosp,3,2026-10-31,37,quantile,0.4,95
2026-10-10,wk inc flu hosp,3,2026-10-31,37,quantile,0.45,104
2026-10-10,wk inc flu hosp,3,2026-10-31,37,quantile,0.5,114
2026-10-10,wk inc flu hosp,3,2026-10-31,37,quantile,0.55,125
2026-10-10,wk inc flu hosp,3,2026-10-31,37,quantile,0.6,137
2026-10-10,wk inc flu hosp,3,2026-10-31,37,quantile,0.65,151
2026-10-10,wk inc flu hosp,3,2026-10-31,37,quantile,0.7,167
2026-10-10,wk inc flu hosp,3,2026-10-31,37,quantile,0.75,186
2026-10-10,wk inc flu hosp,3,2026-10-31,37,quantile,0.8,210
2026-10-10,wk inc flu hosp,3,2026-10-31,37,quantile,0.85,242
2026-10-10,wk inc flu hosp,3,2026-10-31,37,quantile,0.9,289
2026-10-10,wk inc flu hosp,3,2026-10-31,37,quantile,0.95,376
2026-10-10,wk inc flu hosp,3,2026-10-31,37,quantile,0.975,472
2026-10-10,wk inc flu hosp,3,2026-10-31,37,quantile,0.99,615
2026-10-10,wk inc flu hosp,0,2026-10-10,38,quantile,0.01,1
2026-10-10,wk inc flu hosp,0,2026-10-10,38,quantile,0.025,2
2026-10-10,wk inc flu hosp,0,2026-10-10,38,quantile,0.05,2
2026-10-10,wk inc flu hosp,0,2026-10-10,38,quantile,0.1,3
2026-10-10,wk inc flu hosp,0,2026-10-10,38,quantile,0.15,3
2026-10-10,wk inc flu hosp,0,2026-10-10,38,quantile,0.2,4
2026-10-10,wk inc flu hosp,0,2026-10-10,38,quantile,0.25,4
2026-10-10,wk inc flu hosp,0,2026-10-10,38,quantile,0.3,5
2026-10-10,wk inc flu hosp,0,2026-10-10,38,quantile,0.35,5
2026-10-10,wk inc flu hosp,0,2026-10-10,38,quantile,0.4,6
2026-10-10,wk inc flu hosp,0,2026-10-10,38,quantile,0.45,6
2026-10-10,wk inc flu hosp,0,2026-10-10,38,quantile,0.5,6
2026-10-10,wk inc flu hosp,0,2026-10-10,38,quantile,0.55,7
2026-10-10,wk inc flu hosp,0,2026-10-10,38,quantile,0.6,7
2026-10-10,wk inc flu hosp,0,2026-10-10,38,quantile,0.65,8
2026-10-10,wk inc flu hosp,0,2026-10-10,38,quantile,0.7,9
2026-10-10,wk inc flu hosp,0,2026-10-10,38,quantile,0.75,9
2026-10-10,wk inc flu hosp,0,2026-10-10,38,quantile,0.8,10
2026-10-10,wk inc flu hosp,0,2026-10-10,38,quantile,0.85,12
2026-10-10,wk inc flu hosp,0,2026-10-10,38,quantile,0.9,13
2026-10-10,wk inc flu hosp,0,2026-10-10,38,quantile,0.95,16
2026-10-10,wk inc flu hosp,0,2026-10-10,38,quantile,0.975,19
2026-10-10,wk inc flu hosp,0,2026-10-10,38,quantile,0.99,23
2026-10-10,wk inc flu hosp,1,2026-10-17,38,quantile,0.01,1
2026-10-10,wk inc flu hosp,1,2026-10-17,38,quantile,0.025,2
2026-10-10,wk inc flu hosp,1,2026-10-17,38,quantile,0.05,2
2026-10-10,wk inc flu hosp,1,2026-10-17,38,quantile,0.1,3
2026-10-10,wk inc flu hosp,1,2026-10-17,38,quantile,0.15,4
2026-10-10,wk inc flu hosp,1,2026-10-17,38,quantile,0.2,4
2026-10-10,wk inc flu hosp,1,2026-10-17,38,quantile,0.25,5
2026-10-10,wk inc flu hosp,1,2026-10-17,38,quantile,0.3,5
2026-10-10,wk inc flu hosp,1,2026-10-17,38,quantile,0.35,6
2026-10-10,wk inc flu hosp,1,2026-10-17,38,quantile,0.4,7
2026-10-10,wk inc flu hosp,1,2026-10-17,38,quantile,0.45,7
2026-10-10,wk inc flu hosp,1,2026-10-17,38,quantile,0.5,8
2026-10-10,wk inc flu hosp,1,2026-10-17,38,quantile,0.55,8
2026-10-10,wk inc flu hosp,1,2026-10-17,38,quantile,0.6,9
2026-10-10,wk inc flu hosp,1,2026-10-17,38,quantile,0.65,10
2026-10-10,wk inc flu hosp,1,2026-10-17,38,quantile,0.7,11
2026-10-10,wk inc flu hosp,1,2026-10-17,38,quantile,0.75,12
2026-10-10,wk inc flu hosp,1,2026-10-17,38,quantile,0.8,13
2026-10-10,wk inc flu hosp,1,2026-10-17,38,quantile,0.85,15
2026-10-10,wk inc flu hosp,1,2026-10-17,38,quantile,0.9,18
2026-10-10,wk inc flu hosp,1,2026-10-17,38,quantile,0.95,22
2026-10-10,wk inc flu hosp,1,2026-10-17,38,quantile,0.975,27
2026-10-10,wk inc flu hosp,1,2026-10-17,38,quantile,0.99,34
2026-10-10,wk inc flu hosp,2,2026-10-24,38,quantile,0.01,1
2026-10-10,wk inc flu hosp,2,2026-10-24,38,quantile,0.025,2
2026-10-10,wk inc flu hosp,2,2026-10-24,38,quantile,0.05,2
2026-10-10,wk inc flu hosp,2,2026-10-24,38,quantile,0.1,3
2026-10-10,wk inc flu hosp,2,2026-10-24,38,quantile,0.15,4
2026-10-10,wk inc flu hosp,2,2026-10-24,38,quantile,0.2,5
2026-10-10,wk inc flu hosp,2,2026-10-24,38,quantile,0.25,6
2026-10-10,wk inc flu hosp,2,2026-10-24,38,quantile,0.3,6
2026-10-10,wk inc flu hosp,2,2026-10-24,38,quantile,0.35,7
2026-10-10,wk inc flu hosp,2,2026-10-24,38,quantile,0.4,8
2026-10-10,wk inc flu hosp,2,2026-10-24,38,quantile,0.45,9
2026-10-10,wk inc flu hosp,2,2026-10-24,38,quantile,0.5,10
2026-10-10,wk inc flu hosp,2,2026-10-24,38,quantile,0.55,11
2026-10-10,wk inc flu hosp,2,2026-10-24,38,quantile,0.6,12
2026-10-10,wk inc flu hosp,2,2026-10-24,38,quantile,0.65,13
2026-10-10,wk inc flu hosp,2,2026-10-24,38,quantile,0.7,14
2026-10-10,wk inc flu hosp,2,2026-10-24,38,quantile,0.75,16
2026-10-10,wk inc flu hosp,2,2026-10-24,38,quantile,0.8,18
2026-10-10,wk inc flu hosp,2,2026-10-24,38,quantile,0.85,21
2026-10-10,wk inc flu hosp,2,2026-10-24,38,quantile,0.9,24
2026-10-10,wk inc flu hosp,2,2026-10-24,38,quantile,0.95,32
2026-10-10,wk inc flu hosp,2,2026-10-24,38,quantile,0.975,40
2026-10-10,wk inc flu hosp,2,2026-10-24,38,quantile,0.99,51
2026-10-10,wk inc flu hosp,3,2026-10-31,38,quantile,0.01,1
2026-10-10,wk inc flu hosp,3,2026-10-31,38,quantile,0.025,2
2026-10-10,wk inc flu hosp,3,2026-10-31,38,quantile,0.05,3
2026-10-10,wk inc flu hosp,3,2026-10-31,38,quantile,0.1,4
2026-10-10,wk inc flu hosp,3,2026-10-31,38,quantile,0.15,5
2026-10-10,wk inc flu hosp,3,2026-10-31,38,quantile,0.2,6
2026-10-10,wk inc flu hosp,3,2026-10-31,38,quantile,0.25,7
2026-10-10,wk inc flu hosp,3,2026-10-31,38,quantile,0.3,8
2026-10-10,wk inc flu hosp,3,2026-10-31,38,quantile,0.35,9
2026-10-10,wk inc flu hosp,3,2026-10-31,38,quantile,0.4,10
2026-10-10,wk inc flu hosp,3,2026-10-31,38,quantile,0.45,11
2026-10-10,wk inc flu hosp,3,2026-10-31,38,quantile,0.5,12
2026-10-10,wk inc flu hosp,3,2026-10-31,38,quantile,0.55,13
2026-10-10,wk inc flu hosp,3,2026-10-31,38,quantile,0.6,15
2026-10-10,wk inc flu hosp,3,2026-10-31,38,quantile,0.65,16
2026-10-10,wk inc flu hosp,3,2026-10-31,38,quantile,0.7,18
2026-10-10,wk inc flu hosp,3,2026-10-31,38,quantile,0.75,21
2026-10-10,wk inc flu hosp,3,2026-10-31,38,quantile,0.8,24
2026-10-10,wk inc flu hosp,3,2026-10-31,38,quantile,0.85,27
2026-10-10,wk inc flu hosp,3,2026-10-31,38,quantile,0.9,33
2026-10-10,wk inc flu hosp,3,2026-10-31,38,quantile,0.95,44
2026-10-10,wk inc flu hosp,3,2026-10-31,38,quantile,0.975,57
2026-10-10,wk inc flu hosp,3,2026-10-31,38,quantile,0.99,76
2026-10-10,wk inc flu hosp,0,2026-10-10,39,quantile,0.01,26
2026-10-10,wk inc flu hosp,0,2026-10-10,39,quantile,0.025,31
2026-10-10,wk inc flu hosp,0,2026-10-10,39,quantile,0.05,36
2026-10-10,wk inc flu hosp,0,2026-10-10,39,quantile,0.1,43
2026-10-10,wk inc flu hosp,0,2026-10-10,39,quantile,0.15,49
2026-10-10,wk inc flu hosp,0,2026-10-10,39,quantile,0.2,53
2026-10-10,wk inc flu hosp,0,2026-10-10,39,quantile,0.25,58
2026-10-10,wk inc flu hosp,0,2026-10-10,39,quantile,0.3,62
2026-10-10,wk inc flu hosp,0,2026-10-10,39,quantile,0.35,66
2026-10-10,wk inc flu hosp,0,2026-10-10,39,quantile,0.4,71
2026-10-10,wk inc flu hosp,0,2026-10-10,39,quantile,0.45,75
2026-10-10,wk inc flu hosp,0,2026-10-10,39,quantile,0.5,80
2026-10-10,wk inc flu hosp,0,2026-10-10,39,quantile,0.55,84
2026-10-10,wk inc flu hosp,0,2026-10-10,39,quantile,0.6,90
2026-10-10,wk inc flu hosp,0,2026-10-10,39,quantile,0.65,96
2026-10-10,wk inc flu hosp,0,2026-10-10,39,quantile,0.7,102
2026-10-10,wk inc flu hosp,0,2026-10-10,39,quantile,0.75,110
2026-10-10,wk inc flu hosp,0,2026-10-10,39,quantile,0.8,119
2026-10-10,wk inc flu hosp,0,2026-10-10,39,quantile,0.85,130
2026-10-10,wk inc flu hosp,0,2026-10-10,39,quantile,0.9,146
2026-10-10,wk inc flu hosp,0,2026-10-10,39,quantile,0.95,173
2026-10-10,wk inc flu hosp,0,2026-10-10,39,quantile,0.975,201
2026-10-10,wk inc flu hosp,0,2026-10-10,39,quantile,0.99,239
2026-10-10,wk inc flu hosp,1,2026-10-17,39,quantile,0.01,24
2026-10-10,wk inc flu hosp,1,2026-10-17,39,quantile,0.025,30
2026-10-10,wk inc flu hosp,1,2026-10-17,39,quantile,0.05,35
2026-10-10,wk inc flu hosp,1,2026-10-17,39,quantile,0.1,43
2026-10-10,wk inc flu hosp,1,2026-10-17,39,quantile,0.15,50
2026-10-10,wk inc flu hosp,1,2026-10-17,39,quantile,0.2,55
2026-10-10,wk inc flu hosp,1,2026-10-17,39,quantile,0.25,61
2026-10-10,wk inc flu hosp,1,2026-10-17,39,quantile,0.3,66
2026-10-10,wk inc flu hosp,1,2026-10-17,39,quantile,0.35,71
2026-10-10,wk inc flu hosp,1,2026-10-17,39,quantile,0.4,77
2026-10-10,wk inc flu hosp,1,2026-10-17,39,quantile,0.45,82
2026-10-10,wk inc flu hosp,1,2026-10-17,39,quantile,0.5,88
2026-10-10,wk inc flu hosp,1,2026-10-17,39,quantile,0.55,95
2026-10-10,wk inc flu hosp,1,2026-10-17,39,quantile,0.6,101
2026-10-10,wk inc flu hosp,1,2026-10-17,39,quantile,0.65,109
2026-10-10,wk inc flu hosp,1,2026-10-17,39,quantile,0.7,118
2026-10-10,wk inc flu hosp,1,2026-10-17,39,quantile,0.75,128
2026-10-10,wk inc flu hosp,1,2026-10-17,39,quantile,0.8,140
2026-10-10,wk inc flu hosp,1,2026-10-17,39,quantile,0.85,156
2026-10-10,wk inc flu hosp,1,2026-10-17,39,quantile,0.9,178
2026-10-10,wk inc flu hosp,1,2026-10-17,39,quantile,0.95,218
2026-10-10,wk inc flu hosp,1,2026-10-17,39,quantile,0.975,259
2026-10-10,wk inc flu hosp,1,2026-10-17,39,quantile,0.99,316
2026-10-10,wk inc flu hosp,2,2026-10-24,39,quantile,0.01,22
2026-10-10,wk inc flu hosp,2,2026-10-24,39,quantile,0.025,28
2026-10-10,wk inc flu hosp,2,2026-10-24,39,quantile,0.05,34
2026-10-10,wk inc flu hosp,2,2026-10-24,39,quantile,0.1,43
2026-10-10,wk inc flu hosp,2,2026-10-24,39,quantile,0.15,51
2026-10-10,wk inc flu hosp,2,2026-10-24,39,quantile,0.2,57
2026-10-10,wk inc flu hosp,2,2026-10-24,39,quantile,0.25,64
2026-10-10,wk inc flu hosp,2,2026-10-24,39,quantile,0.3,70
2026-10-10,wk inc flu hosp,2,2026-10-24,39,quantile,0.35,77
2026-10-10,wk inc flu hosp,2,2026-10-24,39,quantile,0.4,83
2026-10-10,wk inc flu hosp,2,2026-10-24,39,quantile,0.45,91
2026-10-10,wk inc flu hosp,2,2026-10-24,39,quantile,0.5,98
2026-10-10,wk inc flu hosp,2,2026-10-24,39,quantile,0.55,106
2026-10-10,wk inc flu hosp,2,2026-10-24,39,quantile,0.6,115
2026-10-10,wk inc flu hosp,2,2026-10-24,39,quantile,0.65,125
2026-10-10,wk inc flu hosp,2,2026-10-24,39,quantile,0.7,137
2026-10-10,wk inc flu hosp,2,2026-10-24,39,quantile,0.75,151
2026-10-10,wk inc flu hosp,2,2026-10-24,39,quantile,0.8,167
2026-10-10,wk inc flu hosp,2,2026-10-24,39,quantile,0.85,189
2026-10-10,wk inc flu hosp,2,2026-10-24,39,quantile,0.9,221
2026-10-10,wk inc flu hosp,2,2026-10-24,39,quantile,0.95,278
2026-10-10,wk inc flu hosp,2,2026-10-24,39,quantile,0.975,340
2026-10-10,wk inc flu hosp,2,2026-10-24,39,quantile,0.99,428
2026-10-10,wk inc flu hosp,3,2026-10-31,39,quantile,0.01,20
2026-10-10,wk inc flu hosp,3,2026-10-31,39,quantile,0.025,26
2026-10-10,wk inc flu hosp,3,2026-10-31,39,quantile,0.05,33
2026-10-10,wk inc flu hosp,3,2026-10-31,39,quantile,0.1,43
2026-10-10,wk inc flu hosp,3,2026-10-31,39,quantile,0.15,51
2026-10-10,wk inc flu hosp,3,2026-10-31,39,quantile,0.2,59
2026-10-10,wk inc flu hosp,3,2026-10-31,39,quantile,0.25,66
2026-10-10,wk inc flu hosp,3,2026-10-31,39,quantile,0.3,74
2026-10-10,wk inc flu hosp,3,2026-10-31,39,quantile,0.35,82
2026-10-10,wk inc flu hosp,3,2026-10-31,39,quantile,0.4,90
2026-10-10,wk inc flu hosp,3,2026-10-31,39,quantile,0.45,98
2026-10-10,wk inc flu hosp,3,2026-10-31,39,quantile,0.5,108
2026-10-10,wk inc flu hosp,3,2026-10-31,39,quantile,0.55,118
2026-10-10,wk inc flu hosp,3,2026-10-31,39,quantile,0.6,129
2026-10-10,wk inc flu hosp,3,2026-10-31,39,quantile,0.65,141
2026-10-10,wk inc flu hosp,3,2026-10-31,39,quantile,0.7,156
2026-10-10,wk inc flu hosp,3,2026-10-31,39,quantile,0.75,174
2026-10-10,wk inc flu hosp,3,2026-10-31,39,quantile,0.8,196
2026-10-10,wk inc flu hosp,3,2026-10-31,39,quantile,0.85,225
2026-10-10,wk inc flu hosp,3,2026-10-31,39,quantile,0.9,267
2026-10-10,wk inc flu hosp,3,2026-10-31,39,quantile,0.95,345
2026-10-10,wk inc flu hosp,3,2026-10-31,39,quantile,0.975,431
2026-10-10,wk inc flu hosp,3,2026-10-31,39,quantile,0.99,559
2026-10-10,wk inc flu hosp,0,2026-10-10,40,quantile,0.01,6
2026-10-10,wk inc flu hosp,0,2026-10-10,40,quantile,0.025,8
2026-10-10,wk inc flu hosp,0,2026-10-10,40,quantile,0.05,9
2026-10-10,wk inc flu hosp,0,2026-10-10,40,quantile,0.1,12
2026-10-10,wk inc flu hosp,0,2026-10-10,40,quantile,0.15,14
2026-10-10,wk inc flu hosp,0,2026-10-10,40,quantile,0.2,15
2026-10-10,wk inc flu hosp,0,2026-10-10,40,quantile,0.25,17
2026-10-10,wk inc flu hosp,0,2026-10-10,40,quantile,0.3,19
2026-10-10,wk inc flu hosp,0,2026-10-10,40,quantile,0.35,20
2026-10-10,wk inc flu hosp,0,2026-10-10,40,quantile,0.4,22
2026-10-10,wk inc flu hosp,0,2026-10-10,40,quantile,0.45,24
2026-10-10,wk inc flu hosp,0,2026-10-10,40,quantile,0.5,25
2026-10-10,wk inc flu hosp,0,2026-10-10,40,quantile,0.55,27
2026-10-10,wk inc flu hosp,0,2026-10-10,40,quantile,0.6,29
2026-10-10,wk inc flu hosp,0,2026-10-10,40,quantile,0.65,32
2026-10-10,wk inc flu hosp,0,2026-10-10,40,quantile,0.7,34
2026-10-10,wk inc flu hosp,0,2026-10-10,40,quantile,0.75,38
2026-10-10,wk inc flu hosp,0,2026-10-10,40,quantile,0.8,41
2026-10-10,wk inc flu hosp,0,2026-10-10,40,quantile,0.85,46
2026-10-10,wk inc flu hosp,0,2026-10-10,40,quantile,0.9,53
2026-10-10,wk inc flu hosp,0,2026-10-10,40,quantile,0.95,66
2026-10-10,wk inc flu hosp,0,2026-10-10,40,quantile,0.975,79
2026-10-10,wk inc flu hosp,0,2026-10-10,40,quantile,0.99,97
2026-10-10,wk inc flu hosp,1,2026-10-17,40,quantile,0.01,5
2026-10-10,wk inc flu hosp,1,2026-10-17,40,quantile,0.025,7
2026-10-10,wk inc flu hosp,1,2026-10-17,40,quantile,0.05,9
2026-10-10,wk inc flu hosp,1,2026-10-17,40,quantile,0.1,12
2026-10-10,wk inc flu hosp,1,2026-10-17,40,quantile,0.15,14
2026-10-10,wk inc flu hosp,1,2026-10-17,40,quantile,0.2,16
2026-10-10,wk inc flu hosp,1,2026-10-17,40,quantile,0.25,18
2026-10-10,wk inc flu hosp,1,2026-10-17,40,quantile,0.3,20
2026-10-10,wk inc flu hosp,1,2026-10-17,40,quantile,0.35,22
2026-10-10,wk inc flu hosp,1,2026-10-17,40,quantile,0.4,24
2026-10-10,wk inc flu hosp,1,2026-10-17,40,quantile,0.45,26
2026-10-10,wk inc flu hosp,1,2026-10-17,40,quantile,0.5,29
2026-10-10,wk inc flu hosp,1,2026-10-17,40,quantile,0.55,31
2026-10-10,wk inc flu hosp,1,2026-10-17,40,quantile,0.6,34
2026-10-10,wk inc flu hosp,1,2026-10-17,40,quantile,0.65,37
2026-10-10,wk inc flu hosp,1,2026-10-17,40,quantile,0.7,41
2026-10-10,wk inc flu hosp,1,2026-10-17,40,quantile,0.75,45
2026-10-10,wk inc flu hosp,1,2026-10-17,40,quantile,0.8,51
2026-10-10,wk inc flu hosp,1,2026-10-17,40,quantile,0.85,58
2026-10-10,wk inc flu hosp,1,2026-10-17,40,quantile,0.9,68
2026-10-10,wk inc flu hosp,1,2026-10-17,40,quantile,0.95,87
2026-10-10,wk inc flu hosp,1,2026-10-17,40,quantile,0.975,107
2026-10-10,wk inc flu hosp,1,2026-10-17,40,quantile,0.99,136
2026-10-10,wk inc flu hosp,2,2026-10-24,40,quantile,0.01,5
2026-10-10,wk inc flu hosp,2,2026-10-24,40,quantile,0.025,7
2026-10-10,wk inc flu hosp,2,2026-10-24,40,quantile,0.05,9
2026-10-10,wk inc flu hosp,2,2026-10-24,40,quantile,0.1,12
2026-10-10,wk inc flu hosp,2,2026-10-24,40,quantile,0.15,15
2026-10-10,wk inc flu hosp,2,2026-10-24,40,quantile,0.2,17
2026-10-10,wk inc flu hosp,2,2026-10-24,40,quantile,0.25,20
2026-10-10,wk inc flu hosp,2,2026-10-24,40,quantile,0.3,22
2026-10-10,wk inc flu hosp,2,2026-10-24,40,quantile,0.35,25
2026-10-10,wk inc flu hosp,2,2026-10-24,40,quantile,0.4,28
2026-10-10,wk inc flu hosp,2,2026-10-24,40,quantile,0.45,31
2026-10-10,wk inc flu hosp,2,2026-10-24,40,quantile,0.5,34
2026-10-10,wk inc flu hosp,2,2026-10-24,40,quantile,0.55,37
2026-10-10,wk inc flu hosp,2,2026-10-24,40,quantile,0.6,41
2026-10-10,wk inc flu hosp,2,2026-10-24,40,quantile,0.65,46
2026-10-10,wk inc flu hosp,2,2026-10-24,40,quantile,0.7,51
2026-10-10,wk inc flu hosp,2,2026-10-24,40,quantile,0.75,57
2026-10-10,wk inc flu hosp,2,2026-10-24,40,quantile,0.8,65
2026-10-10,wk inc flu hosp,2,2026-10-24,40,quantile,0.85,75
2026-10-10,wk inc flu hosp,2,2026-10-24,40,quantile,0.9,91
2026-10-10,wk inc flu hosp,2,2026-10-24,40,quantile,0.95,120
2026-10-10,wk inc flu hosp,2,2026-10-24,40,quantile,0.975,153
2026-10-10,wk inc flu hosp,2,2026-10-24,40,quantile,0.99,202
2026-10-10,wk inc flu hosp,3,2026-10-31,40,quantile,0.01,5
2026-10-10,wk inc flu hosp,3,2026-10-31,40,quantile,0.025,7
2026-10-10,wk inc flu hosp,3,2026-10-31,40,quantile,0.05,9
2026-10-10,wk inc flu hosp,3,2026-10-31,40,quantile,0.1,13
2026-10-10,wk inc flu hosp,3,2026-10-31,40,quantile,0.15,16
2026-10-10,wk inc flu hosp,3,2026-10-31,40,quantile,0.2,19
2026-10-10,wk inc flu hosp,3,2026-10-31,40,quantile,0.25,22
2026-10-10,wk inc flu hosp,3,2026-10-31,40,quantile,0.3,25
2026-10-10,wk inc flu hosp,3,2026-10-31,40,quantile,0.35,28
2026-10-10,wk inc flu hosp,3,2026-10-31,40,quantile,0.4,32
2026-10-10,wk inc flu hosp,3,2026-10-31,40,quantile,0.45,35
2026-10-10,wk inc flu hosp,3,2026-10-31,40,quantile,0.5,39
2026-10-10,wk inc flu hosp,3,2026-10-31,40,quantile,0.55,44
2026-10-10,wk inc flu hosp,3,2026-10-31,40,quantile,0.6,49
2026-10-10,wk inc flu hosp,3,2026-10-31,40,quantile,0.65,55
2026-10-10,wk inc flu hosp,3,2026-10-31,40,quantile,0.7,62
2026-10-10,wk inc flu hosp,3,2026-10-31,40,quantile,0.75,71
2026-10-10,wk inc flu hosp,3,2026-10-31,40,quantile,0.8,82
2026-10-10,wk inc flu hosp,3,2026-10-31,40,quantile,0.85,96
2026-10-10,wk inc flu hosp,3,2026-10-31,40,quantile,0.9,119
2026-10-10,wk inc flu hosp,3,2026-10-31,40,quantile,0.95,162
2026-10-10,wk inc flu hosp,3,2026-10-31,40,quantile,0.975,212
2026-10-10,wk inc flu hosp,3,2026-10-31,40,quantile,0.99,290
2026-10-10,wk inc flu hosp,0,2026-10-10,41,quantile,0.01,14
2026-10-10,wk inc flu hosp,0,2026-10-10,41,quantile,0.025,17
2026-10-10,wk inc flu hosp,0,2026-10-10,41,quantile,0.05,20
2026-10-10,wk inc flu hosp,0,2026-10-10,41,quantile,0.1,24
2026-10-10,wk inc flu hosp,0,2026-10-10,41,quantile,0.15,27
2026-10-10,wk inc flu hosp,0,2026-10-10,41,quantile,0.2,29
2026-10-10,wk inc flu hosp,0,2026-10-10,41,quantile,0.25,32
2026-10-10,wk inc flu hosp,0,2026-10-10,41,quantile,0.3,34
2026-10-10,wk inc flu hosp,0,2026-10-10,41,quantile,0.35,36
2026-10-10,wk inc flu hosp,0,2026-10-10,41,quantile,0.4,39
2026-10-10,wk inc flu hosp,0,2026-10-10,41,quantile,0.45,41
2026-10-10,wk inc flu hosp,0,2026-10-10,41,quantile,0.5,44
2026-10-10,wk inc flu hosp,0,2026-10-10,41,quantile,0.55,46
2026-10-10,wk inc flu hosp,0,2026-10-10,41,quantile,0.6,49
2026-10-10,wk inc flu hosp,0,2026-10-10,41,quantile,0.65,52
2026-10-10,wk inc flu hosp,0,2026-10-10,41,quantile,0.7,56
2026-10-10,wk inc flu hosp,0,2026-10-10,41,quantile,0.75,60
2026-10-10,wk inc flu hosp,0,2026-10-10,41,quantile,0.8,65
2026-10-10,wk inc flu hosp,0,2026-10-10,41,quantile,0.85,71
2026-10-10,wk inc flu hosp,0,2026-10-10,41,quantile,0.9,79
2026-10-10,wk inc flu hosp,0,2026-10-10,41,quantile,0.95,94
2026-10-10,wk inc flu hosp,0,2026-10-10,41,quantile,0.975,109
2026-10-10,wk inc flu hosp,0,2026-10-10,41,quantile,0.99,129
2026-10-10,wk inc flu hosp,1,2026-10-17,41,quantile,0.01,14
2026-10-10,wk inc flu hosp,1,2026-10-17,41,quantile,0.025,17
2026-10-10,wk inc flu hosp,1,2026-10-17,41,quantile,0.05,20
2026-10-10,wk inc flu hosp,1,2026-10-17,41,quantile,0.1,25
2026-10-10,wk inc flu hosp,1,2026-10-17,41,quantile,0.15,28
2026-10-10,wk inc flu hosp,1,2026-10-17,41,quantile,0.2,31
2026-10-10,wk inc flu hosp,1,2026-10-17,41,quantile,0.25,34
2026-10-10,wk inc flu hosp,1,2026-10-17,41,quantile,0.3,37
2026-10-10,wk inc flu hosp,1,2026-10-17,41,quantile,0.35,40
2026-10-10,wk inc flu hosp,1,2026-10-17,41,quantile,0.4,43
2026-10-10,wk inc flu hosp,1,2026-10-17,41,quantile,0.45,46
2026-10-10,wk inc flu hosp,1,2026-10-17,41,quantile,0.5,49
2026-10-10,wk inc flu hosp,1,2026-10-17,41,quantile,0.55,53
2026-10-10,wk inc flu hosp,1,2026-10-17,41,quantile,0.6,57
2026-10-10,wk inc flu hosp,1,2026-10-17,41,quantile,0.65,61
2026-10-10,wk inc flu hosp,1,2026-10-17,41,quantile,0.7,66
2026-10-10,wk inc flu hosp,1,2026-10-17,41,quantile,0.75,71
2026-10-10,wk inc flu hosp,1,2026-10-17,41,quantile,0.8,78
2026-10-10,wk inc flu hosp,1,2026-10-17,41,quantile,0.85,87
2026-10-10,wk inc flu hosp,1,2026-10-17,41,quantile,0.9,99
2026-10-10,wk inc flu hosp,1,2026-10-17,41,quantile,0.95,120
2026-10-10,wk inc flu hosp,1,2026-10-17,41,quantile,0.975,142
2026-10-10,wk inc flu hosp,1,2026-10-17,41,quantile,0.99,173
2026-10-10,wk inc flu hosp,2,2026-10-24,41,quantile,0.01,12
2026-10-10,wk inc flu hosp,2,2026-10-24,41,quantile,0.025,16
2026-10-10,wk inc flu hosp,2,2026-10-24,41,quantile,0.05,19
2026-10-10,wk inc flu hosp,2,2026-10-24,41,quantile,0.1,24
2026-10-10,wk inc flu hosp,2,2026-10-24,41,quantile,0.15,28
2026-10-10,wk inc flu hosp,2,2026-10-24,41,quantile,0.2,32
2026-10-10,wk inc flu hosp,2,2026-10-24,41,quantile,0.25,36
2026-10-10,wk inc flu hosp,2,2026-10-24,41,quantile,0.3,39
2026-10-10,wk inc flu hosp,2,2026-10-24,41,quantile,0.35,43
2026-10-10,wk inc flu hosp,2,2026-10-24,41,quantile,0.4,47
2026-10-10,wk inc flu hosp,2,2026-10-24,41,quantile,0.45,51
2026-10-10,wk inc flu hosp,2,2026-10-24,41,quantile,0.5,55
2026-10-10,wk inc flu hosp,2,2026-10-24,41,quantile,0.55,59
2026-10-10,wk inc flu hosp,2,2026-10-24,41,quantile,0.6,64
2026-10-10,wk inc flu hosp,2,2026-10-24,41,quantile,0.65,70
2026-10-10,wk inc flu hosp,2,2026-10-24,41,quantile,0.7,76
2026-10-10,wk inc flu hosp,2,2026-10-24,41,quantile,0.75,83
2026-10-10,wk inc flu hosp,2,2026-10-24,41,quantile,0.8,92
2026-10-10,wk inc flu hosp,2,2026-10-24,41,quantile,0.85,104
2026-10-10,wk inc flu hosp,2,2026-10-24,41,quantile,0.9,121
2026-10-10,wk inc flu hosp,2,2026-10-24,41,quantile,0.95,152
2026-10-10,wk inc flu hosp,2,2026-10-24,41,quantile,0.975,185
2026-10-10,wk inc flu hosp,2,2026-10-24,41,quantile,0.99,232
2026-10-10,wk inc flu hosp,3,2026-10-31,41,quantile,0.01,12
2026-10-10,wk inc flu hosp,3,2026-10-31,41,quantile,0.025,15
2026-10-10,wk inc flu hosp,3,2026-10-31,41,quantile,0.05,19
2026-10-10,wk inc flu hosp,3,2026-10-31,41,quantile,0.1,25
2026-10-10,wk inc flu hosp,3,2026-10-31,41,quantile,0.15,29
2026-10-10,wk inc flu hosp,3,2026-10-31,41,quantile,0.2,34
2026-10-10,wk inc flu hosp,3,2026-10-31,41,quantile,0.25,38
2026-10-10,wk inc flu hosp,3,2026-10-31,41,quantile,0.3,42
2026-10-10,wk inc flu hosp,3,2026-10-31,41,quantile,0.35,47
2026-10-10,wk inc flu hosp,3,2026-10-31,41,quantile,0.4,51
2026-10-10,wk inc flu hosp,3,2026-10-31,41,quantile,0.45,56
2026-10-10,wk inc flu hosp,3,2026-10-31,41,quantile,0.5,61
2026-10-10,wk inc flu hosp,3,2026-10-31,41,quantile,0.55,67
2026-10-10,wk inc flu hosp,3,2026-10-31,41,quantile,0.6,73
2026-10-10,wk inc flu hosp,3,2026-10-31,41,quantile,0.65,80
2026-10-10,wk inc flu hosp,3,2026-10-31,41,quantile,0.7,88
2026-10-10,wk inc flu hosp,3,2026-10-31,41,quantile,0.75,98
2026-10-10,wk inc flu hosp,3,2026-10-31,41,quantile,0.8,110
2026-10-10,wk inc flu hosp,3,2026-10-31,41,quantile,0.85,125
2026-10-10,wk inc flu hosp,3,2026-10-31,41,quantile,0.9,149
2026-10-10,wk inc flu hosp,3,2026-10-31,41,quantile,0.95,191
2026-10-10,wk inc flu hosp,3,2026-10-31,41,quantile,0.975,237
2026-10-10,wk inc flu hosp,3,2026-10-31,41,quantile,0.99,306
2026-10-10,wk inc flu hosp,0,2026-10-10,42,quantile,0.01,84
2026-10-10,wk inc flu hosp,0,2026-10-10,42,quantile,0.025,99
2026-10-10,wk inc flu hosp,0,2026-10-10,42,quantile,0.05,113
2026-10-10,wk inc flu hosp,0,2026-10-10,42,quantile,0.1,131
2026-10-10,wk inc flu hosp,0,2026-10-10,42,quantile,0.15,145
2026-10-10,wk inc flu hosp,0,2026-10-10,42,quantile,0.2,158
2026-10-10,wk inc flu hosp,0,2026-10-10,42,quantile,0.25,169
2026-10-10,wk inc flu hosp,0,2026-10-10,42,quantile,0.3,180
2026-10-10,wk inc flu hosp,0,2026-10-10,42,quantile,0.35,191
2026-10-10,wk inc flu hosp,0,2026-10-10,42,quantile,0.4,202
2026-10-10,wk inc flu hosp,0,2026-10-10,42,quantile,0.45,213
2026-10-10,wk inc flu hosp,0,2026-10-10,42,quantile,0.5,225
2026-10-10,wk inc flu hosp,0,2026-10-10,42,quantile,0.55,237
2026-10-10,wk inc flu hosp,0,2026-10-10,42,quantile,0.6,250
2026-10-10,wk inc flu hosp,0,2026-10-10,42,quantile,0.65,264
2026-10-10,wk inc flu hosp,0,2026-10-10,42,quantile,0.7,280
2026-10-10,wk inc flu hosp,0,2026-10-10,42,quantile,0.75,298
2026-10-10,wk inc flu hosp,0,2026-10-10,42,quantile,0.8,320
2026-10-10,wk inc flu hosp,0,2026-10-10,42,quantile,0.85,347
2026-10-10,wk inc flu hosp,0,2026-10-10,42,quantile,0.9,384
2026-10-10,wk inc flu hosp,0,2026-10-10,42,quantile,0.95,448
2026-10-10,wk inc flu hosp,0,2026-10-10,42,quantile,0.975,511
2026-10-10,wk inc flu hosp,0,2026-10-10,42,quantile,0.99,595
2026-10-10,wk inc flu hosp,1,2026-10-17,42,quantile,0.01,79
2026-10-10,wk inc flu hosp,1,2026-10-17,42,quantile,0.025,95
2026-10-10,wk inc flu hosp,1,2026-10-17,42,quantile,0.05,111
2026-10-10,wk inc flu hosp,1,2026-10-17,42,quantile,0.1,132
2026-10-10,wk inc flu hosp,1,2026-10-17,42,quantile,0.15,149
2026-10-10,wk inc flu hosp,1,2026-10-17,42,quantile,0.2,164
2026-10-10,wk inc flu hosp,1,2026-10-17,42,quantile,0.25,178
2026-10-10,wk inc flu hosp,1,2026-10-17,42,quantile,0.3,192
2026-10-10,wk inc flu hosp,1,2026-10-17,42,quantile,0.35,205
2026-10-10,wk inc flu hosp,1,2026-10-17,42,quantile,0.4,219
2026-10-10,wk inc flu hosp,1,2026-10-17,42,quantile,0.45,233
2026-10-10,wk inc flu hosp,1,2026-10-17,42,quantile,0.5,248
2026-10-10,wk inc flu hosp,1,2026-10-17,42,quantile,0.55,263
2026-10-10,wk inc flu hosp,1,2026-10-17,42,quantile,0.6,280
2026-10-10,wk inc flu hosp,1,2026-10-17,42,quantile,0.65,299
2026-10-10,wk inc flu hosp,1,2026-10-17,42,quantile,0.7,320
2026-10-10,wk inc flu hosp,1,2026-10-17,42,quantile,0.75,344
2026-10-10,wk inc flu hosp,1,2026-10-17,42,quantile,0.8,373
2026-10-10,wk inc flu hosp,1,2026-10-17,42,quantile,0.85,410
2026-10-10,wk inc flu hosp,1,2026-10-17,42,quantile,0.9,462
2026-10-10,wk inc flu hosp,1,2026-10-17,42,quantile,0.95,551
2026-10-10,wk inc flu hosp,1,2026-10-17,42,quantile,0.975,643
2026-10-10,wk inc flu hosp,1,2026-10-17,42,quantile,0.99,768
2026-10-10,wk inc flu hosp,2,2026-10-24,42,quantile,0.01,74
2026-10-10,wk inc flu hosp,2,2026-10-24,42,quantile,0.025,91
2026-10-10,wk inc flu hosp,2,2026-10-24,42,quantile,0.05,109
2026-10-10,wk inc flu hosp,2,2026-10-24,42,quantile,0.1,134
2026-10-10,wk inc flu hosp,2,2026-10-24,42,quantile,0.15,154
2026-10-10,wk inc flu hosp,2,2026-10-24,42,quantile,0.2,172
2026-10-10,wk inc flu hosp,2,2026-10-24,42,quantile,0.25,189
2026-10-10,wk inc flu hosp,2,2026-10-24,42,quantile,0.3,206
2026-10-10,wk inc flu hosp,2,2026-10-24,42,quantile,0.35,223
2026-10-10,wk inc flu hosp,2,2026-10-24,42,quantile,0.4,240
2026-10-10,wk inc flu hosp,2,2026-10-24,42,quantile,0.45,258
2026-10-10,wk inc flu hosp,2,2026-10-24,42,quantile,0.5,277
2026-10-10,wk inc flu hosp,2,2026-10-24,42,quantile,0.55,297
2026-10-10,wk inc flu hosp,2,2026-10-24,42,quantile,0.6,319
2026-10-10,wk inc flu hosp,2,2026-10-24,42,quantile,0.65,344
2026-10-10,wk inc flu hosp,2,2026-10-24,42,quantile,0.7,372
2026-10-10,wk inc flu hosp,2,2026-10-24,42,quantile,0.75,405
2026-10-10,wk inc flu hosp,2,2026-10-24,42,quantile,0.8,444
2026-10-10,wk inc flu hosp,2,2026-10-24,42,quantile,0.85,496
2026-10-10,wk inc flu hosp,2,2026-10-24,42,quantile,0.9,569
2026-10-10,wk inc flu hosp,2,2026-10-24,42,quantile,0.95,698
2026-10-10,wk inc flu hosp,2,2026-10-24,42,quantile,0.975,833
2026-10-10,wk inc flu hosp,2,2026-10-24,42,quantile,0.99,1024
2026-10-10,wk inc flu hosp,3,2026-10-31,42,quantile,0.01,71
2026-10-10,wk inc flu hosp,3,2026-10-31,42,quantile,0.025,90
2026-10-10,wk inc flu hosp,3,2026-10-31,42,quantile,0.05,110
2026-10-10,wk inc flu hosp,3,2026-10-31,42,quantile,0.1,138
2026-10-10,wk inc flu hosp,3,2026-10-31,42,quantile,0.15,161
2026-10-10,wk inc flu hosp,3,2026-10-31,42,quantile,0.2,182
2026-10-10,wk inc flu hosp,3,2026-10-31,42,quantile,0.25,202
2026-10-10,wk inc flu hosp,3,2026-10-31,42,quantile,0.3,223
2026-10-10,wk inc flu hosp,3,2026-10-31,42,quantile,0.35,243
2026-10-10,wk inc flu hosp,3,2026-10-31,42,quantile,0.4,264
2026-10-10,wk inc flu hosp,3,2026-10-31,42,quantile,0.45,286
2026-10-10,wk inc flu hosp,3,2026-10-31,42,quantile,0.5,310
2026-10-10,wk inc flu hosp,3,2026-10-31,42,quantile,0.55,335
2026-10-10,wk inc flu hosp,3,2026-10-31,42,quantile,0.6,363
2026-10-10,wk inc flu hosp,3,2026-10-31,42,quantile,0.65,395
2026-10-10,wk inc flu hosp,3,2026-10-31,42,quantile,0.7,431
2026-10-10,wk inc flu hosp,3,2026-10-31,42,quantile,0.75,474
2026-10-10,wk inc flu hosp,3,2026-10-31,42,quantile,0.8,526
2026-10-10,wk inc flu hosp,3,2026-10-31,42,quantile,0.85,595
2026-10-10,wk inc flu hosp,3,2026-10-31,42,quantile,0.9,694
2026-10-10,wk inc flu hosp,3,2026-10-31,42,quantile,0.95,872
2026-10-10,wk inc flu hosp,3,2026-10-31,42,quantile,0.975,1063
2026-10-10,wk inc flu hosp,3,2026-10-31,42,quantile,0.99,1338
2026-10-10,wk inc flu hosp,0,2026-10-10,44,quantile,0.01,1
2026-10-10,wk inc flu hosp,0,2026-10-10,44,quantile,0.025,2
2026-10-10,wk inc flu hosp,0,2026-10-10,44,quantile,0.05,2
2026-10-10,wk inc flu hosp,0,2026-10-10,44,quantile,0.1,3
2026-10-10,wk inc flu hosp,0,2026-10-10,44,quantile,0.15,4
2026-10-10,wk inc flu hosp,0,2026-10-10,44,quantile,0.2,4
2026-10-10,wk inc flu hosp,0,2026-10-10,44,quantile,0.25,5
2026-10-10,wk inc flu hosp,0,2026-10-10,44,quantile,0.3,5
2026-10-10,wk inc flu hosp,0,2026-10-10,44,quantile,0.35,6
2026-10-10,wk inc flu hosp,0,2026-10-10,44,quantile,0.4,6
2026-10-10,wk inc flu hosp,0,2026-10-10,44,quantile,0.45,7
2026-10-10,wk inc flu hosp,0,2026-10-10,44,quantile,0.5,7
2026-10-10,wk inc flu hosp,0,2026-10-10,44,quantile,0.55,8
2026-10-10,wk inc flu hosp,0,2026-10-10,44,quantile,0.6,9
2026-10-10,wk inc flu hosp,0,2026-10-10,44,quantile,0.65,10
2026-10-10,wk inc flu hosp,0,2026-10-10,44,quantile,0.7,10
2026-10-10,wk inc flu hosp,0,2026-10-10,44,quantile,0.75,11
2026-10-10,wk inc flu hosp,0,2026-10-10,44,quantile,0.8,13
2026-10-10,wk inc flu hosp,0,2026-10-10,44,quantile,0.85,14
2026-10-10,wk inc flu hosp,0,2026-10-10,44,quantile,0.9,17
2026-10-10,wk inc flu hosp,0,2026-10-10,44,quantile,0.95,21
2026-10-10,wk inc flu hosp,0,2026-10-10,44,quantile,0.975,25
2026-10-10,wk inc flu hosp,0,2026-10-10,44,quantile,0.99,31
2026-10-10,wk inc flu hosp,1,2026-10-17,44,quantile,0.01,1
2026-10-10,wk inc flu hosp,1,2026-10-17,44,quantile,0.025,2
2026-10-10,wk inc flu hosp,1,2026-10-17,44,quantile,0.05,2
2026-10-10,wk inc flu hosp,1,2026-10-17,44,quantile,0.1,3
2026-10-10,wk inc flu hosp,1,2026-10-17,44,quantile,0.15,4
2026-10-10,wk inc flu hosp,1,2026-10-17,44,quantile,0.2,5
2026-10-10,wk inc flu hosp,1,2026-10-17,44,quantile,0.25,5
2026-10-10,wk inc flu hosp,1,2026-10-17,44,quantile,0.3,6
2026-10-10,wk inc flu hosp,1,2026-10-17,44,quantile,0.35,7
2026-10-10,wk inc flu hosp,1,2026-10-17,44,quantile,0.4,7
2026-10-10,wk inc flu hosp,1,2026-10-17,44,quantile,0.45,8
2026-10-10,wk inc flu hosp,1,2026-10-17,44,quantile,0.5,9
2026-10-10,wk inc flu hosp,1,2026-10-17,44,quantile,0.55,10
2026-10-10,wk inc flu hosp,1,2026-10-17,44,quantile,0.6,11
2026-10-10,wk inc flu hosp,1,2026-10-17,44,quantile,0.65,12
2026-10-10,wk inc flu hosp,1,2026-10-17,44,quantile,0.7,13
2026-10-10,wk inc flu hosp,1,2026-10-17,44,quantile,0.75,15
2026-10-10,wk inc flu hosp,1,2026-10-17,44,quantile,0.8,16
2026-10-10,wk inc flu hosp,1,2026-10-17,44,quantile,0.85,19
2026-10-10,wk inc flu hosp,1,2026-10-17,44,quantile,0.9,22
2026-10-10,wk inc flu hosp,1,2026-10-17,44,quantile,0.95,29
2026-10-10,wk inc flu hosp,1,2026-10-17,44,quantile,0.975,36
2026-10-10,wk inc flu hosp,1,2026-10-17,44,quantile,0.99,46
2026-10-10,wk inc flu hosp,2,2026-10-24,44,quantile,0.01,1
2026-10-10,wk inc flu hosp,2,2026-10-24,44,quantile,0.025,2
2026-10-10,wk inc flu hosp,2,2026-10-24,44,quantile,0.05,2
2026-10-10,wk inc flu hosp,2,2026-10-24,44,quantile,0.1,3
2026-10-10,wk inc flu hosp,2,2026-10-24,44,quantile,0.15,4
2026-10-10,wk inc flu hosp,2,2026-10-24,44,quantile,0.2,5
2026-10-10,wk inc flu hosp,2,2026-10-24,44,quantile,0.25,6
2026-10-10,wk inc flu hosp,2,2026-10-24,44,quantile,0.3,7
2026-10-10,wk inc flu hosp,2,2026-10-24,44,quantile,0.35,8
2026-10-10,wk inc flu hosp,2,2026-10-24,44,quantile,0.4,9
2026-10-10,wk inc flu hosp,2,2026-10-24,44,quantile,0.45,10
2026-10-10,wk inc flu hosp,2,2026-10-24,44,quantile,0.5,11
2026-10-10,wk inc flu hosp,2,2026-10-24,44,quantile,0.55,12
2026-10-10,wk inc flu hosp,2,2026-10-24,44,quantile,0.6,13
2026-10-10,wk inc flu hosp,2,2026-10-24,44,quantile,0.65,15
2026-10-10,wk inc flu hosp,2,2026-10-24,44,quantile,0.7,17
2026-10-10,wk inc flu hosp,2,2026-10-24,44,quantile,0.75,19
2026-10-10,wk inc flu hosp,2,2026-10-24,44,quantile,0.8,21
2026-10-10,wk inc flu hosp,2,2026-10-24,44,quantile,0.85,25
2026-10-10,wk inc flu hosp,2,2026-10-24,44,quantile,0.9,31
2026-10-10,wk inc flu hosp,2,2026-10-24,44,quantile,0.95,41
2026-10-10,wk inc flu hosp,2,2026-10-24,44,quantile,0.975,53
2026-10-10,wk inc flu hosp,2,2026-10-24,44,quantile,0.99,70
2026-10-10,wk inc flu hosp,3,2026-10-31,44,quantile,0.01,1
2026-10-10,wk inc flu hosp,3,2026-10-31,44,quantile,0.025,2
2026-10-10,wk inc flu hosp,3,2026-10-31,44,quantile,0.05,2
2026-10-10,wk inc flu hosp,3,2026-10-31,44,quantile,0.1,4
2026-10-10,wk inc flu hosp,3,2026-10-31,44,quantile,0.15,5
2026-10-10,wk inc flu hosp,3,2026-10-31,44,quantile,0.2,6
2026-10-10,wk inc flu hosp,3,2026-10-31,44,quantile,0.25,7
2026-10-10,wk inc flu hosp,3,2026-10-31,44,quantile,0.3,8
2026-10-10,wk inc flu hosp,3,2026-10-31,44,quantile,0.35,9
2026-10-10,wk inc flu hosp,3,2026-10-31,44,quantile,0.4,10
2026-10-10,wk inc flu hosp,3,2026-10-31,44,quantile,0.45,12
2026-10-10,wk inc flu hosp,3,2026-10-31,44,quantile,0.5,13
2026-10-10,wk inc flu hosp,3,2026-10-31,44,quantile,0.55,15
2026-10-10,wk inc flu hosp,3,2026-10-31,44,quantile,0.6,16
2026-10-10,wk inc flu hosp,3,2026-10-31,44,quantile,0.65,19
2026-10-10,wk inc flu hosp,3,2026-10-31,44,quantile,0.7,21
2026-10-10,wk inc flu hosp,3,2026-10-31,44,quantile,0.75,24
2026-10-10,wk inc flu hosp,3,2026-10-31,44,quantile,0.8,28
2026-10-10,wk inc flu hosp,3,2026-10-31,44,quantile,0.85,33
2026-10-10,wk inc flu hosp,3,2026-10-31,44,quantile,0.9,42
2026-10-10,wk inc flu hosp,3,2026-10-31,44,quantile,0.95,57
2026-10-10,wk inc flu hosp,3,2026-10-31,44,quantile,0.975,76
2026-10-10,wk inc flu hosp,3,2026-10-31,44,quantile,0.99,104
2026-10-10,wk inc flu hosp,0,2026-10-10,45,quantile,0.01,15
2026-10-10,wk inc flu hosp,0,2026-10-10,45,quantile,0.025,18
2026-10-10,wk inc flu hosp,0,2026-10-10,45,quantile,0.05,20
2026-10-10,wk inc flu hosp,0,2026-10-10,45,quantile,0.1,24
2026-10-10,wk inc flu hosp,0,2026-10-10,45,quantile,0.15,27
2026-10-10,wk inc flu hosp,0,2026-10-10,45,quantile,0.2,30
2026-10-10,wk inc flu hosp,0,2026-10-10,45,quantile,0.25,32
2026-10-10,wk inc flu hosp,0,2026-10-10,45,quantile,0.3,34
2026-10-10,wk inc flu hosp,0,2026-10-10,45,quantile,0.35,36
2026-10-10,wk inc flu hosp,0,2026-10-10,45,quantile,0.4,39
2026-10-10,wk inc flu hosp,0,2026-10-10,45,quantile,0.45,41
2026-10-10,wk inc flu hosp,0,2026-10-10,45,quantile,0.5,43
2026-10-10,wk inc flu hosp,0,2026-10-10,45,quantile,0.55,46
2026-10-10,wk inc flu hosp,0,2026-10-10,45,quantile,0.6,49
2026-10-10,wk inc flu hosp,0,2026-10-10,45,quantile,0.65,52
2026-10-10,wk inc flu hosp,0,2026-10-10,45,quantile,0.7,55
2026-10-10,wk inc flu hosp,0,2026-10-10,45,quantile,0.75,59
2026-10-10,wk inc flu hosp,0,2026-10-10,45,quantile,0.8,64
2026-10-10,wk inc flu hosp,0,2026-10-10,45,quantile,0.85,70
2026-10-10,wk inc flu hosp,0,2026-10-10,45,quantile,0.9,78
2026-10-10,wk inc flu hosp,0,2026-10-10,45,quantile,0.95,92
2026-10-10,wk inc flu hosp,0,2026-10-10,45,quantile,0.975,106
2026-10-10,wk inc flu hosp,0,2026-10-10,45,quantile,0.99,124
2026-10-10,wk inc flu hosp,1,2026-10-17,45,quantile,0.01,14
2026-10-10,wk inc flu hosp,1,2026-10-17,45,quantile,0.025,17
2026-10-10,wk inc flu hosp,1,2026-10-17,45,quantile,0.05,21
2026-10-10,wk inc flu hosp,1,2026-10-17,45,quantile,0.1,25
2026-10-10,wk inc flu hosp,1,2026-10-17,45,quantile,0.15,29
2026-10-10,wk inc flu hosp,1,2026-10-17,45,quantile,0.2,32
2026-10-10,wk inc flu hosp,1,2026-10-17,45,quantile,0.25,35
2026-10-10,wk inc flu hosp,1,2026-10-17,45,quantile,0.3,38
2026-10-10,wk inc flu hosp,1,2026-10-17,45,quantile,0.35,41
2026-10-10,wk inc flu hosp,1,2026-10-17,45,quantile,0.4,44
2026-10-10,wk inc flu hosp,1,2026-10-17,45,quantile,0.45,47
2026-10-10,wk inc flu hosp,1,2026-10-17,45,quantile,0.5,50
2026-10-10,wk inc flu hosp,1,2026-10-17,45,quantile,0.55,53
2026-10-10,wk inc flu hosp,1,2026-10-17,45,quantile,0.6,57
2026-10-10,wk inc flu hosp,1,2026-10-17,45,quantile,0.65,61
2026-10-10,wk inc flu hosp,1,2026-10-17,45,quantile,0.7,66
2026-10-10,wk inc flu hosp,1,2026-10-17,45,quantile,0.75,71
2026-10-10,wk inc flu hosp,1,2026-10-17,45,quantile,0.8,78
2026-10-10,wk inc flu hosp,1,2026-10-17,45,quantile,0.85,86
2026-10-10,wk inc flu hosp,1,2026-10-17,45,quantile,0.9,98
2026-10-10,wk inc flu hosp,1,2026-10-17,45,quantile,0.95,118
2026-10-10,wk inc flu hosp,1,2026-10-17,45,quantile,0.975,139
2026-10-10,wk inc flu hosp,1,2026-10-17,45,quantile,0.99,169
2026-10-10,wk inc flu hosp,2,2026-10-24,45,quantile,0.01,13
2026-10-10,wk inc flu hosp,2,2026-10-24,45,quantile,0.025,17
2026-10-10,wk inc flu hosp,2,2026-10-24,45,quantile,0.05,20
2026-10-10,wk inc flu hosp,2,2026-10-24,45,quantile,0.1,26
2026-10-10,wk inc flu hosp,2,2026-10-24,45,quantile,0.15,30
2026-10-10,wk inc flu hosp,2,2026-10-24,45,quantile,0.2,34
2026-10-10,wk inc flu hosp,2,2026-10-24,45,quantile,0.25,37
2026-10-10,wk inc flu hosp,2,2026-10-24,45,quantile,0.3,41
2026-10-10,wk inc flu hosp,2,2026-10-24,45,quantile,0.35,44
2026-10-10,wk inc flu hosp,2,2026-10-24,45,quantile,0.4,48
2026-10-10,wk inc flu hosp,2,2026-10-24,45,quantile,0.45,52
2026-10-10,wk inc flu hosp,2,2026-10-24,45,quantile,0.5,56
2026-10-10,wk inc flu hosp,2,2026-10-24,45,quantile,0.55,61
2026-10-10,wk inc flu hosp,2,2026-10-24,45,quantile,0.6,66
2026-10-10,wk inc flu hosp,2,2026-10-24,45,quantile,0.65,71
2026-10-10,wk inc flu hosp,2,2026-10-24,45,quantile,0.7,77
2026-10-10,wk inc flu hosp,2,2026-10-24,45,quantile,0.75,85
2026-10-10,wk inc flu hosp,2,2026-10-24,45,quantile,0.8,94
2026-10-10,wk inc flu hosp,2,2026-10-24,45,quantile,0.85,106
2026-10-10,wk inc flu hosp,2,2026-10-24,45,quantile,0.9,123
2026-10-10,wk inc flu hosp,2,2026-10-24,45,quantile,0.95,153
2026-10-10,wk inc flu hosp,2,2026-10-24,45,quantile,0.975,185
2026-10-10,wk inc flu hosp,2,2026-10-24,45,quantile,0.99,230
2026-10-10,wk inc flu hosp,3,2026-10-31,45,quantile,0.01,12
2026-10-10,wk inc flu hosp,3,2026-10-31,45,quantile,0.025,16
2026-10-10,wk inc flu hosp,3,2026-10-31,45,quantile,0.05,20
2026-10-10,wk inc flu hosp,3,2026-10-31,45,quantile,0.1,26
2026-10-10,wk inc flu hosp,3,2026-10-31,45,quantile,0.15,31
2026-10-10,wk inc flu hosp,3,2026-10-31,45,quantile,0.2,35
2026-10-10,wk inc flu hosp,3,2026-10-31,45,quantile,0.25,40
2026-10-10,wk inc flu hosp,3,2026-10-31,45,quantile,0.3,44
2026-10-10,wk inc flu hosp,3,2026-10-31,45,quantile,0.35,48
2026-10-10,wk inc flu hosp,3,2026-10-31,45,quantile,0.4,53
2026-10-10,wk inc flu hosp,3,2026-10-31,45,quantile,0.45,58
2026-10-10,wk inc flu hosp,3,2026-10-31,45,quantile,0.5,63
2026-10-10,wk inc flu hosp,3,2026-10-31,45,quantile,0.55,69
2026-10-10,wk inc flu hosp,3,2026-10-31,45,quantile,0.6,75
2026-10-10,wk inc flu hosp,3,2026-10-31,45,quantile,0.65,82
2026-10-10,wk inc flu hosp,3,2026-10-31,45,quantile,0.7,90
2026-10-10,wk inc flu hosp,3,2026-10-31,45,quantile,0.75,100
2026-10-10,wk inc flu hosp,3,2026-10-31,45,quantile,0.8,111
2026-10-10,wk inc flu hosp,3,2026-10-31,45,quantile,0.85,127
2026-10-10,wk inc flu hosp,3,2026-10-31,45,quantile,0.9,150
2026-10-10,wk inc flu hosp,3,2026-10-31,45,quantile,0.95,192
2026-10-10,wk inc flu hosp,3,2026-10-31,45,quantile,0.975,237
2026-10-10,wk inc flu hosp,3,2026-10-31,45,quantile,0.99,304
2026-10-10,wk inc flu hosp,0,2026-10-10,46,quantile,0.01,1
2026-10-10,wk inc flu hosp,0,2026-10-10,46,quantile,0.025,1
2026-10-10,wk inc flu hosp,0,2026-10-10,46,quantile,0.05,2
2026-10-10,wk inc flu hosp,0,2026-10-10,46,quantile,0.1,2
2026-10-10,wk inc flu hosp,0,2026-10-10,46,quantile,0.15,3
2026-10-10,wk inc flu hosp,0,2026-10-10,46,quantile,0.2,3
2026-10-10,wk inc flu hosp,0,2026-10-10,46,quantile,0.25,4
2026-10-10,wk inc flu hosp,0,2026-10-10,46,quantile,0.3,4
2026-10-10,wk inc flu hosp,0,2026-10-10,46,quantile,0.35,4
2026-10-10,wk inc flu hosp,0,2026-10-10,46,quantile,0.4,5
2026-10-10,wk inc flu hosp,0,2026-10-10,46,quantile,0.45,5
2026-10-10,wk inc flu hosp,0,2026-10-10,46,quantile,0.5,6
2026-10-10,wk inc flu hosp,0,2026-10-10,46,quantile,0.55,6
2026-10-10,wk inc flu hosp,0,2026-10-10,46,quantile,0.6,7
2026-10-10,wk inc flu hosp,0,2026-10-10,46,quantile,0.65,7
2026-10-10,wk inc flu hosp,0,2026-10-10,46,quantile,0.7,8
2026-10-10,wk inc flu hosp,0,2026-10-10,46,quantile,0.75,9
2026-10-10,wk inc flu hosp,0,2026-10-10,46,quantile,0.8,10
2026-10-10,wk inc flu hosp,0,2026-10-10,46,quantile,0.85,11
2026-10-10,wk inc flu hosp,0,2026-10-10,46,quantile,0.9,13
2026-10-10,wk inc flu hosp,0,2026-10-10,46,quantile,0.95,16
2026-10-10,wk inc flu hosp,0,2026-10-10,46,quantile,0.975,19
2026-10-10,wk inc flu hosp,0,2026-10-10,46,quantile,0.99,24
2026-10-10,wk inc flu hosp,1,2026-10-17,46,quantile,0.01,1
2026-10-10,wk inc flu hosp,1,2026-10-17,46,quantile,0.025,1
2026-10-10,wk inc flu hosp,1,2026-10-17,46,quantile,0.05,2
2026-10-10,wk inc flu hosp,1,2026-10-17,46,quantile,0.1,2
2026-10-10,wk inc flu hosp,1,2026-10-17,46,quantile,0.15,3
2026-10-10,wk inc flu hosp,1,2026-10-17,46,quantile,0.2,4
2026-10-10,wk inc flu hosp,1,2026-10-17,46,quantile,0.25,4
2026-10-10,wk inc flu hosp,1,2026-10-17,46,quantile,0.3,5
2026-10-10,wk inc flu hosp,1,2026-10-17,46,quantile,0.35,5
2026-10-10,wk inc flu hosp,1,2026-10-17,46,quantile,0.4,6
2026-10-10,wk inc flu hosp,1,2026-10-17,46,quantile,0.45,6
2026-10-10,wk inc flu hosp,1,2026-10-17,46,quantile,0.5,7
2026-10-10,wk inc flu hosp,1,2026-10-17,46,quantile,0.55,7
2026-10-10,wk inc flu hosp,1,2026-10-17,46,quantile,0.6,8
2026-10-10,wk inc flu hosp,1,2026-10-17,46,quantile,0.65,9
2026-10-10,wk inc flu hosp,1,2026-10-17,46,quantile,0.7,10
2026-10-10,wk inc flu hosp,1,2026-10-17,46,quantile,0.75,11
2026-10-10,wk inc flu hosp,1,2026-10-17,46,quantile,0.8,12
2026-10-10,wk inc flu hosp,1,2026-10-17,46,quantile,0.85,14
2026-10-10,wk inc flu hosp,1,2026-10-17,46,quantile,0.9,17
2026-10-10,wk inc flu hosp,1,2026-10-17,46,quantile,0.95,22
2026-10-10,wk inc flu hosp,1,2026-10-17,46,quantile,0.975,27
2026-10-10,wk inc flu hosp,1,2026-10-17,46,quantile,0.99,34
2026-10-10,wk inc flu hosp,2,2026-10-24,46,quantile,0.01,1
2026-10-10,wk inc flu hosp,2,2026-10-24,46,quantile,0.025,1
2026-10-10,wk inc flu hosp,2,2026-10-24,46,quantile,0.05,2
2026-10-10,wk inc flu hosp,2,2026-10-24,46,quantile,0.1,3
2026-10-10,wk inc flu hosp,2,2026-10-24,46,quantile,0.15,3
2026-10-10,wk inc flu hosp,2,2026-10-24,46,quantile,0.2,4
2026-10-10,wk inc flu hosp,2,2026-10-24,46,quantile,0.25,5
2026-10-10,wk inc flu hosp,2,2026-10-24,46,quantile,0.3,5
2026-10-10,wk inc flu hosp,2,2026-10-24,46,quantile,0.35,6
2026-10-10,wk inc flu hosp,2,2026-10-24,46,quantile,0.4,7
2026-10-10,wk inc flu hosp,2,2026-10-24,46,quantile,0.45,8
2026-10-10,wk inc flu hosp,2,2026-10-24,46,quantile,0.5,8
2026-10-10,wk inc flu hosp,2,2026-10-24,46,quantile,0.55,9
2026-10-10,wk inc flu hosp,2,2026-10-24,46,quantile,0.6,10
2026-10-10,wk inc flu hosp,2,2026-10-24,46,quantile,0.65,12
2026-10-10,wk inc flu hosp,2,2026-10-24,46,quantile,0.7,13
2026-10-10,wk inc flu hosp,2,2026-10-24,46,quantile,0.75,15
2026-10-10,wk inc flu hosp,2,2026-10-24,46,quantile,0.8,17
2026-10-10,wk inc flu hosp,2,2026-10-24,46,quantile,0.85,19
2026-10-10,wk inc flu hosp,2,2026-10-24,46,quantile,0.9,23
2026-10-10,wk inc flu hosp,2,2026-10-24,46,quantile,0.95,31
2026-10-10,wk inc flu hosp,2,2026-10-24,46,quantile,0.975,39
2026-10-10,wk inc flu hosp,2,2026-10-24,46,quantile,0.99,52
2026-10-10,wk inc flu hosp,3,2026-10-31,46,quantile,0.01,1
2026-10-10,wk inc flu hosp,3,2026-10-31,46,quantile,0.025,1
2026-10-10,wk inc flu hosp,3,2026-10-31,46,quantile,0.05,2
2026-10-10,wk inc flu hosp,3,2026-10-31,46,quantile,0.1,3
2026-10-10,wk inc flu hosp,3,2026-10-31,46,quantile,0.15,4
2026-10-10,wk inc flu hosp,3,2026-10-31,46,quantile,0.2,5
2026-10-10,wk inc flu hosp,3,2026-10-31,46,quantile,0.25,5
2026-10-10,wk inc flu hosp,3,2026-10-31,46,quantile,0.3,6
2026-10-10,wk inc flu hosp,3,2026-10-31,46,quantile,0.35,7
2026-10-10,wk inc flu hosp,3,2026-10-31,46,quantile,0.4,8
2026-10-10,wk inc flu hosp,3,2026-10-31,46,quantile,0.45,9
2026-10-10,wk inc flu hosp,3,2026-10-31,46,quantile,0.5,10
2026-10-10,wk inc flu hosp,3,2026-10-31,46,quantile,0.55,11
2026-10-10,wk inc flu hosp,3,2026-10-31,46,quantile,0.6,13
2026-10-10,wk inc flu hosp,3,2026-10-31,46,quantile,0.65,14
2026-10-10,wk inc flu hosp,3,2026-10-31,46,quantile,0.7,16
2026-10-10,wk inc flu hosp,3,2026-10-31,46,quantile,0.75,19
2026-10-10,wk inc flu hosp,3,2026-10-31,46,quantile,0.8,22
2026-10-10,wk inc flu hosp,3,2026-10-31,46,quantile,0.85,26
2026-10-10,wk inc flu hosp,3,2026-10-31,46,quantile,0.9,32
2026-10-10,wk inc flu hosp,3,2026-10-31,46,quantile,0.95,43
2026-10-10,wk inc flu hosp,3,2026-10-31,46,quantile,0.975,56
2026-10-10,wk inc flu hosp,3,2026-10-31,46,quantile,0.99,76
2026-10-10,wk inc flu hosp,0,2026-10-10,47,quantile,0.01,34
2026-10-10,wk inc flu hosp,0,2026-10-10,47,quantile,0.025,39
2026-10-10,wk inc flu hosp,0,2026-10-10,47,quantile,0.05,45
2026-10-10,wk inc flu hosp,0,2026-10-10,47,quantile,0.1,53
2026-10-10,wk inc flu hosp,0,2026-10-10,47,quantile,0.15,58
2026-10-10,wk inc flu hosp,0,2026-10-10,47,quantile,0.2,64
2026-10-10,wk inc flu hosp,0,2026-10-10,47,quantile,0.25,68
2026-10-10,wk inc flu hosp,0,2026-10-10,47,quantile,0.3,73
2026-10-10,wk inc flu hosp,0,2026-10-10,47,quantile,0.35,77
2026-10-10,wk inc flu hosp,0,2026-10-10,47,quantile,0.4,82
2026-10-10,wk inc flu hosp,0,2026-10-10,47,quantile,0.45,86
2026-10-10,wk inc flu hosp,0,2026-10-10,47,quantile,0.5,91
2026-10-10,wk inc flu hosp,0,2026-10-10,47,quantile,0.55,96
2026-10-10,wk inc flu hosp,0,2026-10-10,47,quantile,0.6,101
2026-10-10,wk inc flu hosp,0,2026-10-10,47,quantile,0.65,107
2026-10-10,wk inc flu hosp,0,2026-10-10,47,quantile,0.7,114
2026-10-10,wk inc flu hosp,0,2026-10-10,47,quantile,0.75,121
2026-10-10,wk inc flu hosp,0,2026-10-10,47,quantile,0.8,130
2026-10-10,wk inc flu hosp,0,2026-10-10,47,quantile,0.85,141
2026-10-10,wk inc flu hosp,0,2026-10-10,47,quantile,0.9,157
2026-10-10,wk inc flu hosp,0,2026-10-10,47,quantile,0.95,183
2026-10-10,wk inc flu hosp,0,2026-10-10,47,quantile,0.975,209
2026-10-10,wk inc flu hosp,0,2026-10-10,47,quantile,0.99,244
2026-10-10,wk inc flu hosp,1,2026-10-17,47,quantile,0.01,32
2026-10-10,wk inc flu hosp,1,2026-10-17,47,quantile,0.025,38
2026-10-10,wk inc flu hosp,1,2026-10-17,47,quantile,0.05,45
2026-10-10,wk inc flu hosp,1,2026-10-17,47,quantile,0.1,54
2026-10-10,wk inc flu hosp,1,2026-10-17,47,quantile,0.15,61
2026-10-10,wk inc flu hosp,1,2026-10-17,47,quantile,0.2,67
2026-10-10,wk inc flu hosp,1,2026-10-17,47,quantile,0.25,73
2026-10-10,wk inc flu hosp,1,2026-10-17,47,quantile,0.3,78
2026-10-10,wk inc flu hosp,1,2026-10-17,47,quantile,0.35,84
2026-10-10,wk inc flu hosp,1,2026-10-17,47,quantile,0.4,90
2026-10-10,wk inc flu hosp,1,2026-10-17,47,quantile,0.45,96
2026-10-10,wk inc flu hosp,1,2026-10-17,47,quantile,0.5,102
2026-10-10,wk inc flu hosp,1,2026-10-17,47,quantile,0.55,108
2026-10-10,wk inc flu hosp,1,2026-10-17,47,quantile,0.6,115
2026-10-10,wk inc flu hosp,1,2026-10-17,47,quantile,0.65,123
2026-10-10,wk inc flu hosp,1,2026-10-17,47,quantile,0.7,132
2026-10-10,wk inc flu hosp,1,2026-10-17,47,quantile,0.75,142
2026-10-10,wk inc flu hosp,1,2026-10-17,47,quantile,0.8,154
2026-10-10,wk inc flu hosp,1,2026-10-17,47,quantile,0.85,169
2026-10-10,wk inc flu hosp,1,2026-10-17,47,quantile,0.9,191
2026-10-10,wk inc flu hosp,1,2026-10-17,47,quantile,0.95,229
2026-10-10,wk inc flu hosp,1,2026-10-17,47,quantile,0.975,267
2026-10-10,wk inc flu hosp,1,2026-10-17,47,quantile,0.99,319
2026-10-10,wk inc flu hosp,2,2026-10-24,47,quantile,0.01,30
2026-10-10,wk inc flu hosp,2,2026-10-24,47,quantile,0.025,37
2026-10-10,wk inc flu hosp,2,2026-10-24,47,quantile,0.05,44
2026-10-10,wk inc flu hosp,2,2026-10-24,47,quantile,0.1,55
2026-10-10,wk inc flu hosp,2,2026-10-24,47,quantile,0.15,63
2026-10-10,wk inc flu hosp,2,2026-10-24,47,quantile,0.2,70
2026-10-10,wk inc flu hosp,2,2026-10-24,47,quantile,0.25,78
2026-10-10,wk inc flu hosp,2,2026-10-24,47,quantile,0.3,84
2026-10-10,wk inc flu hosp,2,2026-10-24,47,quantile,0.35,91
2026-10-10,wk inc flu hosp,2,2026-10-24,47,quantile,0.4,99
2026-10-10,wk inc flu hosp,2,2026-10-24,47,quantile,0.45,106
2026-10-10,wk inc flu hosp,2,2026-10-24,47,quantile,0.5,114
2026-10-10,wk inc flu hosp,2,2026-10-24,47,quantile,0.55,122
2026-10-10,wk inc flu hosp,2,2026-10-24,47,quantile,0.6,132
2026-10-10,wk inc flu hosp,2,2026-10-24,47,quantile,0.65,142
2026-10-10,wk inc flu hosp,2,2026-10-24,47,quantile,0.7,154
2026-10-10,wk inc flu hosp,2,2026-10-24,47,quantile,0.75,167
2026-10-10,wk inc flu hosp,2,2026-10-24,47,quantile,0.8,184
2026-10-10,wk inc flu hosp,2,2026-10-24,47,quantile,0.85,206
2026-10-10,wk inc flu hosp,2,2026-10-24,47,quantile,0.9,236
2026-10-10,wk inc flu hosp,2,2026-10-24,47,quantile,0.95,290
2026-10-10,wk inc flu hosp,2,2026-10-24,47,quantile,0.975,347
2026-10-10,wk inc flu hosp,2,2026-10-24,47,quantile,0.99,427
2026-10-10,wk inc flu hosp,3,2026-10-31,47,quantile,0.01,28
2026-10-10,wk inc flu hosp,3,2026-10-31,47,quantile,0.025,36
2026-10-10,wk inc flu hosp,3,2026-10-31,47,quantile,0.05,44
2026-10-10,wk inc flu hosp,3,2026-10-31,47,quantile,0.1,56
2026-10-10,wk inc flu hosp,3,2026-10-31,47,quantile,0.15,66
2026-10-10,wk inc flu hosp,3,2026-10-31,47,quantile,0.2,74
2026-10-10,wk inc flu hosp,3,2026-10-31,47,quantile,0.25,83
2026-10-10,wk inc flu hosp,3,2026-10-31,47,quantile,0.3,91
2026-10-10,wk inc flu hosp,3,2026-10-31,47,quantile,0.35,100
2026-10-10,wk inc flu hosp,3,2026-10-31,47,quantile,0.4,108
2026-10-10,wk inc flu hosp,3,2026-10-31,47,quantile,0.45,118
2026-10-10,wk inc flu hosp,3,2026-10-31,47,quantile,0.5,127
2026-10-10,wk inc flu hosp,3,2026-10-31,47,quantile,0.55,138
2026-10-10,wk inc flu hosp,3,2026-10-31,47,quantile,0.6,150
2026-10-10,wk inc flu hosp,3,2026-10-31,47,quantile,0.65,163
2026-10-10,wk inc flu hosp,3,2026-10-31,47,quantile,0.7,178
2026-10-10,wk inc flu hosp,3,2026-10-31,47,quantile,0.75,196
2026-10-10,wk inc flu hosp,3,2026-10-31,47,quantile,0.8,218
2026-10-10,wk inc flu hosp,3,2026-10-31,47,quantile,0.85,246
2026-10-10,wk inc flu hosp,3,2026-10-31,47,quantile,0.9,288
2026-10-10,wk inc flu hosp,3,2026-10-31,47,quantile,0.95,362
2026-10-10,wk inc flu hosp,3,2026-10-31,47,quantile,0.975,442
2026-10-10,wk inc flu hosp,3,2026-10-31,47,quantile,0.99,558
2026-10-10,wk inc flu hosp,0,2026-10-10,48,quantile,0.01,142
2026-10-10,wk inc flu hosp,0,2026-10-10,48,quantile,0.025,165
2026-10-10,wk inc flu hosp,0,2026-10-10,48,quantile,0.05,189
2026-10-10,wk inc flu hosp,0,2026-10-10,48,quantile,0.1,220
2026-10-10,wk inc flu hosp,0,2026-10-10,48,quantile,0.15,244
2026-10-10,wk inc flu hosp,0,2026-10-10,48,quantile,0.2,265
2026-10-10,wk inc flu hosp,0,2026-10-10,48,quantile,0.25,284
2026-10-10,wk inc flu hosp,0,2026-10-10,48,quantile,0.3,302
2026-10-10,wk inc flu hosp,0,2026-10-10,48,quantile,0.35,321
2026-10-10,wk inc flu hosp,0,2026-10-10,48,quantile,0.4,339
2026-10-10,wk inc flu hosp,0,2026-10-10,48,quantile,0.45,358
2026-10-10,wk inc flu hosp,0,2026-10-10,48,quantile,0.5,377
2026-10-10,wk inc flu hosp,0,2026-10-10,48,quantile,0.55,397
2026-10-10,wk inc flu hosp,0,2026-10-10,48,quantile,0.6,419
2026-10-10,wk inc flu hosp,0,2026-10-10,48,quantile,0.65,443
2026-10-10,wk inc flu hosp,0,2026-10-10,48,quantile,0.7,470
2026-10-10,wk inc flu hosp,0,2026-10-10,48,quantile,0.75,500
2026-10-10,wk inc flu hosp,0,2026-10-10,48,quantile,0.8,537
2026-10-10,wk inc flu hosp,0,2026-10-10,48,quantile,0.85,582
2026-10-10,wk inc flu hosp,0,2026-10-10,48,quantile,0.9,645
2026-10-10,wk inc flu hosp,0,2026-10-10,48,quantile,0.95,751
2026-10-10,wk inc flu hosp,0,2026-10-10,48,quantile,0.975,858
2026-10-10,wk inc flu hosp,0,2026-10-10,48,quantile,0.99,1000
2026-10-10,wk inc flu hosp,1,2026-10-17,48,quantile,0.01,132
2026-10-10,wk inc flu hosp,1,2026-10-17,48,quantile,0.025,158
2026-10-10,wk inc flu hosp,1,2026-10-17,48,quantile,0.05,185
2026-10-10,wk inc flu hosp,1,2026-10-17,48,quantile,0.1,221
2026-10-10,wk inc flu hosp,1,2026-10-17,48,quantile,0.15,249
2026-10-10,wk inc flu hosp,1,2026-10-17,48,quantile,0.2,274
2026-10-10,wk inc flu hosp,1,2026-10-17,48,quantile,0.25,297
2026-10-10,wk inc flu hosp,1,2026-10-17,48,quantile,0.3,320
2026-10-10,wk inc flu hosp,1,2026-10-17,48,quantile,0.35,342
2026-10-10,wk inc flu hosp,1,2026-10-17,48,quantile,0.4,365
2026-10-10,wk inc flu hosp,1,2026-10-17,48,quantile,0.45,388
2026-10-10,wk inc flu hosp,1,2026-10-17,48,quantile,0.5,413
2026-10-10,wk inc flu hosp,1,2026-10-17,48,quantile,0.55,439
2026-10-10,wk inc flu hosp,1,2026-10-17,48,quantile,0.6,467
2026-10-10,wk inc flu hosp,1,2026-10-17,48,quantile,0.65,498
2026-10-10,wk inc flu hosp,1,2026-10-17,48,quantile,0.7,533
2026-10-10,wk inc flu hosp,1,2026-10-17,48,quantile,0.75,573
2026-10-10,wk inc flu hosp,1,2026-10-17,48,quantile,0.8,622
2026-10-10,wk inc flu hosp,1,2026-10-17,48,quantile,0.85,684
2026-10-10,wk inc flu hosp,1,2026-10-17,48,quantile,0.9,771
2026-10-10,wk inc flu hosp,1,2026-10-17,48,quantile,0.95,920
2026-10-10,wk inc flu hosp,1,2026-10-17,48,quantile,0.975,1073
2026-10-10,wk inc flu hosp,1,2026-10-17,48,quantile,0.99,1283
2026-10-10,wk inc flu hosp,2,2026-10-24,48,quantile,0.01,119
2026-10-10,wk inc flu hosp,2,2026-10-24,48,quantile,0.025,147
2026-10-10,wk inc flu hosp,2,2026-10-24,48,quantile,0.05,175
2026-10-10,wk inc flu hosp,2,2026-10-24,48,quantile,0.1,215
2026-10-10,wk inc flu hosp,2,2026-10-24,48,quantile,0.15,247
2026-10-10,wk inc flu hosp,2,2026-10-24,48,quantile,0.2,276
2026-10-10,wk inc flu hosp,2,2026-10-24,48,quantile,0.25,303
2026-10-10,wk inc flu hosp,2,2026-10-24,48,quantile,0.3,330
2026-10-10,wk inc flu hosp,2,2026-10-24,48,quantile,0.35,357
2026-10-10,wk inc flu hosp,2,2026-10-24,48,quantile,0.4,385
2026-10-10,wk inc flu hosp,2,2026-10-24,48,quantile,0.45,413
2026-10-10,wk inc flu hosp,2,2026-10-24,48,quantile,0.5,444
2026-10-10,wk inc flu hosp,2,2026-10-24,48,quantile,0.55,476
2026-10-10,wk inc flu hosp,2,2026-10-24,48,quantile,0.6,512
2026-10-10,wk inc flu hosp,2,2026-10-24,48,quantile,0.65,551
2026-10-10,wk inc flu hosp,2,2026-10-24,48,quantile,0.7,596
2026-10-10,wk inc flu hosp,2,2026-10-24,48,quantile,0.75,649
2026-10-10,wk inc flu hosp,2,2026-10-24,48,quantile,0.8,713
2026-10-10,wk inc flu hosp,2,2026-10-24,48,quantile,0.85,796
2026-10-10,wk inc flu hosp,2,2026-10-24,48,quantile,0.9,914
2026-10-10,wk inc flu hosp,2,2026-10-24,48,quantile,0.95,1121
2026-10-10,wk inc flu hosp,2,2026-10-24,48,quantile,0.975,1339
2026-10-10,wk inc flu hosp,2,2026-10-24,48,quantile,0.99,1646
2026-10-10,wk inc flu hosp,3,2026-10-31,48,quantile,0.01,110
2026-10-10,wk inc flu hosp,3,2026-10-31,48,quantile,0.025,139
2026-10-10,wk inc flu hosp,3,2026-10-31,48,quantile,0.05,169
2026-10-10,wk inc flu hosp,3,2026-10-31,48,quantile,0.1,213
2026-10-10,wk inc flu hosp,3,2026-10-31,48,quantile,0.15,249
2026-10-10,wk inc flu hosp,3,2026-10-31,48,quantile,0.2,281
2026-10-10,wk inc flu hosp,3,2026-10-31,48,quantile,0.25,313
2026-10-10,wk inc flu hosp,3,2026-10-31,48,quantile,0.3,344
2026-10-10,wk inc flu hosp,3,2026-10-31,48,quantile,0.35,375
2026-10-10,wk inc flu hosp,3,2026-10-31,48,quantile,0.4,408
2026-10-10,wk inc flu hosp,3,2026-10-31,48,quantile,0.45,442
2026-10-10,wk inc flu hosp,3,2026-10-31,48,quantile,0.5,479
2026-10-10,wk inc flu hosp,3,2026-10-31,48,quantile,0.55,518
2026-10-10,wk inc flu hosp,3,2026-10-31,48,quantile,0.6,561
2026-10-10,wk inc flu hosp,3,2026-10-31,48,quantile,0.65,610
2026-10-10,wk inc flu hosp,3,2026-10-31,48,quantile,0.7,666
2026-10-10,wk inc flu hosp,3,2026-10-31,48,quantile,0.75,732
2026-10-10,wk inc flu hosp,3,2026-10-31,48,quantile,0.8,813
2026-10-10,wk inc flu hosp,3,2026-10-31,48,quantile,0.85,920
2026-10-10,wk inc flu hosp,3,2026-10-31,48,quantile,0.9,1073
2026-10-10,wk inc flu hosp,3,2026-10-31,48,quantile,0.95,1349
2026-10-10,wk inc flu hosp,3,2026-10-31,48,quantile,0.975,1645
2026-10-10,wk inc flu hosp,3,2026-10-31,48,quantile,0.99,2072
2026-10-10,wk inc flu hosp,0,2026-10-10,49,quantile,0.01,9
2026-10-10,wk inc flu hosp,0,2026-10-10,49,quantile,0.025,11
2026-10-10,wk inc flu hosp,0,2026-10-10,49,quantile,0.05,13
2026-10-10,wk inc flu hosp,0,2026-10-10,49,quantile,0.1,15
2026-10-10,wk inc flu hosp,0,2026-10-10,49,quantile,0.15,17
2026-10-10,wk inc flu hosp,0,2026-10-10,49,quantile,0.2,19
2026-10-10,wk inc flu hosp,0,2026-10-10,49,quantile,0.25,21
2026-10-10,wk inc flu hosp,0,2026-10-10,49,quantile,0.3,22
2026-10-10,wk inc flu hosp,0,2026-10-10,49,quantile,0.35,24
2026-10-10,wk inc flu hosp,0,2026-10-10,49,quantile,0.4,25
2026-10-10,wk inc flu hosp,0,2026-10-10,49,quantile,0.45,27
2026-10-10,wk inc flu hosp,0,2026-10-10,49,quantile,0.5,29
2026-10-10,wk inc flu hosp,0,2026-10-10,49,quantile,0.55,31
2026-10-10,wk inc flu hosp,0,2026-10-10,49,quantile,0.6,33
2026-10-10,wk inc flu hosp,0,2026-10-10,49,quantile,0.65,35
2026-10-10,wk inc flu hosp,0,2026-10-10,49,quantile,0.7,37
2026-10-10,wk inc flu hosp,0,2026-10-10,49,quantile,0.75,40
2026-10-10,wk inc flu hosp,0,2026-10-10,49,quantile,0.8,43
2026-10-10,wk inc flu hosp,0,2026-10-10,49,quantile,0.85,47
2026-10-10,wk inc flu hosp,0,2026-10-10,49,quantile,0.9,53
2026-10-10,wk inc flu hosp,0,2026-10-10,49,quantile,0.95,63
2026-10-10,wk inc flu hosp,0,2026-10-10,49,quantile,0.975,73
2026-10-10,wk inc flu hosp,0,2026-10-10,49,quantile,0.99,87
2026-10-10,wk inc flu hosp,1,2026-10-17,49,quantile,0.01,8
2026-10-10,wk inc flu hosp,1,2026-10-17,49,quantile,0.025,11
2026-10-10,wk inc flu hosp,1,2026-10-17,49,quantile,0.05,13
2026-10-10,wk inc flu hosp,1,2026-10-17,49,quantile,0.1,16
2026-10-10,wk inc flu hosp,1,2026-10-17,49,quantile,0.15,18
2026-10-10,wk inc flu hosp,1,2026-10-17,49,quantile,0.2,20
2026-10-10,wk inc flu hosp,1,2026-10-17,49,quantile,0.25,22
2026-10-10,wk inc flu hosp,1,2026-10-17,49,quantile,0.3,24
2026-10-10,wk inc flu hosp,1,2026-10-17,49,quantile,0.35,26
2026-10-10,wk inc flu hosp,1,2026-10-17,49,quantile,0.4,28
2026-10-10,wk inc flu hosp,1,2026-10-17,49,quantile,0.45,30
2026-10-10,wk inc flu hosp,1,2026-10-17,49,quantile,0.5,32
2026-10-10,wk inc flu hosp,1,2026-10-17,49,quantile,0.55,35
2026-10-10,wk inc flu hosp,1,2026-10-17,49,quantile,0.6,37
2026-10-10,wk inc flu hosp,1,2026-10-17,49,quantile,0.65,40
2026-10-10,wk inc flu hosp,1,2026-10-17,49,quantile,0.7,43
2026-10-10,wk inc flu hosp,1,2026-10-17,49,quantile,0.75,47
2026-10-10,wk inc flu hosp,1,2026-10-17,49,quantile,0.8,52
2026-10-10,wk inc flu hosp,1,2026-10-17,49,quantile,0.85,58
2026-10-10,wk inc flu hosp,1,2026-10-17,49,quantile,0.9,66
2026-10-10,wk inc flu hosp,1,2026-10-17,49,quantile,0.95,81
2026-10-10,wk inc flu hosp,1,2026-10-17,49,quantile,0.975,96
2026-10-10,wk inc flu hosp,1,2026-10-17,49,quantile,0.99,117
2026-10-10,wk inc flu hosp,2,2026-10-24,49,quantile,0.01,8
2026-10-10,wk inc flu hosp,2,2026-10-24,49,quantile,0.025,10
2026-10-10,wk inc flu hosp,2,2026-10-24,49,quantile,0.05,13
2026-10-10,wk inc flu hosp,2,2026-10-24,49,quantile,0.1,16
2026-10-10,wk inc flu hosp,2,2026-10-24,49,quantile,0.15,19
2026-10-10,wk inc flu hosp,2,2026-10-24,49,quantile,0.2,21
2026-10-10,wk inc flu hosp,2,2026-10-24,49,quantile,0.25,24
2026-10-10,wk inc flu hosp,2,2026-10-24,49,quantile,0.3,26
2026-10-10,wk inc flu hosp,2,2026-10-24,49,quantile,0.35,29
2026-10-10,wk inc flu hosp,2,2026-10-24,49,quantile,0.4,32
2026-10-10,wk inc flu hosp,2,2026-10-24,49,quantile,0.45,34
2026-10-10,wk inc flu hosp,2,2026-10-24,49,quantile,0.5,37
2026-10-10,wk inc flu hosp,2,2026-10-24,49,quantile,0.55,40
2026-10-10,wk inc flu hosp,2,2026-10-24,49,quantile,0.6,44
2026-10-10,wk inc flu hosp,2,2026-10-24,49,quantile,0.65,48
2026-10-10,wk inc flu hosp,2,2026-10-24,49,quantile,0.7,52
2026-10-10,wk inc flu hosp,2,2026-10-24,49,quantile,0.75,57
2026-10-10,wk inc flu hosp,2,2026-10-24,49,quantile,0.8,64
2026-10-10,wk inc flu hosp,2,2026-10-24,49,quantile,0.85,72
2026-10-10,wk inc flu hosp,2,2026-10-24,49,quantile,0.9,84
2026-10-10,wk inc flu hosp,2,2026-10-24,49,quantile,0.95,106
2026-10-10,wk inc flu hosp,2,2026-10-24,49,quantile,0.975,129
2026-10-10,wk inc flu hosp,2,2026-10-24,49,quantile,0.99,163
2026-10-10,wk inc flu hosp,3,2026-10-31,49,quantile,0.01,7
2026-10-10,wk inc flu hosp,3,2026-10-31,49,quantile,0.025,10
2026-10-10,wk inc flu hosp,3,2026-10-31,49,quantile,0.05,13
2026-10-10,wk inc flu hosp,3,2026-10-31,49,quantile,0.1,17
2026-10-10,wk inc flu hosp,3,2026-10-31,49,quantile,0.15,20
2026-10-10,wk inc flu hosp,3,2026-10-31,49,quantile,0.2,23
2026-10-10,wk inc flu hosp,3,2026-10-31,49,quantile,0.25,26
2026-10-10,wk inc flu hosp,3,2026-10-31,49,quantile,0.3,29
2026-10-10,wk inc flu hosp,3,2026-10-31,49,quantile,0.35,32
2026-10-10,wk inc flu hosp,3,2026-10-31,49,quantile,0.4,35
2026-10-10,wk inc flu hosp,3,2026-10-31,49,quantile,0.45,38
2026-10-10,wk inc flu hosp,3,2026-10-31,49,quantile,0.5,42
2026-10-10,wk inc flu hosp,3,2026-10-31,49,quantile,0.55,46
2026-10-10,wk inc flu hosp,3,2026-10-31,49,quantile,0.6,50
2026-10-10,wk inc flu hosp,3,2026-10-31,49,quantile,0.65,55
2026-10-10,wk inc flu hosp,3,2026-10-31,49,quantile,0.7,61
2026-10-10,wk inc flu hosp,3,2026-10-31,49,quantile,0.75,68
2026-10-10,wk inc flu hosp,3,2026-10-31,49,quantile,0.8,77
2026-10-10,wk inc flu hosp,3,2026-10-31,49,quantile,0.85,88
2026-10-10,wk inc flu hosp,3,2026-10-31,49,quantile,0.9,105
2026-10-10,wk inc flu hosp,3,2026-10-31,49,quantile,0.95,135
2026-10-10,wk inc flu hosp,3,2026-10-31,49,quantile,0.975,169
2026-10-10,wk inc flu hosp,3,2026-10-31,49,quantile,0.99,219
2026-10-10,wk inc flu hosp,0,2026-10-10,50,quantile,0.01,0
2026-10-10,wk inc flu hosp,0,2026-10-10,50,quantile,0.025,0
2026-10-10,wk inc flu hosp,0,2026-10-10,50,quantile,0.05,0
2026-10-10,wk inc flu hosp,0,2026-10-10,50,quantile,0.1,1
2026-10-10,wk inc flu hosp,0,2026-10-10,50,quantile,0.15,1
2026-10-10,wk inc flu hosp,0,2026-10-10,50,quantile,0.2,1
2026-10-10,wk inc flu hosp,0,2026-10-10,50,quantile,0.25,1
2026-10-10,wk inc flu hosp,0,2026-10-10,50,quantile,0.3,2
2026-10-10,wk inc flu hosp,0,2026-10-10,50,quantile,0.35,2
2026-10-10,wk inc flu hosp,0,2026-10-10,50,quantile,0.4,2
2026-10-10,wk inc flu hosp,0,2026-10-10,50,quantile,0.45,2
2026-10-10,wk inc flu hosp,0,2026-10-10,50,quantile,0.5,2
2026-10-10,wk inc flu hosp,0,2026-10-10,50,quantile,0.55,3
2026-10-10,wk inc flu hosp,0,2026-10-10,50,quantile,0.6,3
2026-10-10,wk inc flu hosp,0,2026-10-10,50,quantile,0.65,3
2026-10-10,wk inc flu hosp,0,2026-10-10,50,quantile,0.7,4
2026-10-10,wk inc flu hosp,0,2026-10-10,50,quantile,0.75,4
2026-10-10,wk inc flu hosp,0,2026-10-10,50,quantile,0.8,5
2026-10-10,wk inc flu hosp,0,2026-10-10,50,quantile,0.85,5
2026-10-10,wk inc flu hosp,0,2026-10-10,50,quantile,0.9,6
2026-10-10,wk inc flu hosp,0,2026-10-10,50,quantile,0.95,8
2026-10-10,wk inc flu hosp,0,2026-10-10,50,quantile,0.975,10
2026-10-10,wk inc flu hosp,0,2026-10-10,50,quantile,0.99,13
2026-10-10,wk inc flu hosp,1,2026-10-17,50,quantile,0.01,0
2026-10-10,wk inc flu hosp,1,2026-10-17,50,quantile,0.025,0
2026-10-10,wk inc flu hosp,1,2026-10-17,50,quantile,0.05,0
2026-10-10,wk inc flu hosp,1,2026-10-17,50,quantile,0.1,1
2026-10-10,wk inc flu hosp,1,2026-10-17,50,quantile,0.15,1
2026-10-10,wk inc flu hosp,1,2026-10-17,50,quantile,0.2,1
2026-10-10,wk inc flu hosp,1,2026-10-17,50,quantile,0.25,2
2026-10-10,wk inc flu hosp,1,2026-10-17,50,quantile,0.3,2
2026-10-10,wk inc flu hosp,1,2026-10-17,50,quantile,0.35,2
2026-10-10,wk inc flu hosp,1,2026-10-17,50,quantile,0.4,2
2026-10-10,wk inc flu hosp,1,2026-10-17,50,quantile,0.45,3
2026-10-10,wk inc flu hosp,1,2026-10-17,50,quantile,0.5,3
2026-10-10,wk inc flu hosp,1,2026-10-17,50,quantile,0.55,3
2026-10-10,wk inc flu hosp,1,2026-10-17,50,quantile,0.6,4
2026-10-10,wk inc flu hosp,1,2026-10-17,50,quantile,0.65,4
2026-10-10,wk inc flu hosp,1,2026-10-17,50,quantile,0.7,5
2026-10-10,wk inc flu hosp,1,2026-10-17,50,quantile,0.75,5
2026-10-10,wk inc flu hosp,1,2026-10-17,50,quantile,0.8,6
2026-10-10,wk inc flu hosp,1,2026-10-17,50,quantile,0.85,7
2026-10-10,wk inc flu hosp,1,2026-10-17,50,quantile,0.9,9
2026-10-10,wk inc flu hosp,1,2026-10-17,50,quantile,0.95,12
2026-10-10,wk inc flu hosp,1,2026-10-17,50,quantile,0.975,15
2026-10-10,wk inc flu hosp,1,2026-10-17,50,quantile,0.99,19
2026-10-10,wk inc flu hosp,2,2026-10-24,50,quantile,0.01,0
2026-10-10,wk inc flu hosp,2,2026-10-24,50,quantile,0.025,0
2026-10-10,wk inc flu hosp,2,2026-10-24,50,quantile,0.05,0
2026-10-10,wk inc flu hosp,2,2026-10-24,50,quantile,0.1,1
2026-10-10,wk inc flu hosp,2,2026-10-24,50,quantile,0.15,1
2026-10-10,wk inc flu hosp,2,2026-10-24,50,quantile,0.2,1
2026-10-10,wk inc flu hosp,2,2026-10-24,50,quantile,0.25,2
2026-10-10,wk inc flu hosp,2,2026-10-24,50,quantile,0.3,2
2026-10-10,wk inc flu hosp,2,2026-10-24,50,quantile,0.35,3
2026-10-10,wk inc flu hosp,2,2026-10-24,50,quantile,0.4,3
2026-10-10,wk inc flu hosp,2,2026-10-24,50,quantile,0.45,3
2026-10-10,wk inc flu hosp,2,2026-10-24,50,quantile,0.5,4
2026-10-10,wk inc flu hosp,2,2026-10-24,50,quantile,0.55,4
2026-10-10,wk inc flu hosp,2,2026-10-24,50,quantile,0.6,5
2026-10-10,wk inc flu hosp,2,2026-10-24,50,quantile,0.65,6
2026-10-10,wk inc flu hosp,2,2026-10-24,50,quantile,0.7,6
2026-10-10,wk inc flu hosp,2,2026-10-24,50,quantile,0.75,7
2026-10-10,wk inc flu hosp,2,2026-10-24,50,quantile,0.8,8
2026-10-10,wk inc flu hosp,2,2026-10-24,50,quantile,0.85,10
2026-10-10,wk inc flu hosp,2,2026-10-24,50,quantile,0.9,12
2026-10-10,wk inc flu hosp,2,2026-10-24,50,quantile,0.95,17
2026-10-10,wk inc flu hosp,2,2026-10-24,50,quantile,0.975,22
2026-10-10,wk inc flu hosp,2,2026-10-24,50,quantile,0.99,30
2026-10-10,wk inc flu hosp,3,2026-10-31,50,quantile,0.01,0
2026-10-10,wk inc flu hosp,3,2026-10-31,50,quantile,0.025,0
2026-10-10,wk inc flu hosp,3,2026-10-31,50,quantile,0.05,0
2026-10-10,wk inc flu hosp,3,2026-10-31,50,quantile,0.1,1
2026-10-10,wk inc flu hosp,3,2026-10-31,50,quantile,0.15,1
2026-10-10,wk inc flu hosp,3,2026-10-31,50,quantile,0.2,2
2026-10-10,wk inc flu hosp,3,2026-10-31,50,quantile,0.25,2
2026-10-10,wk inc flu hosp,3,2026-10-31,50,quantile,0.3,3
2026-10-10,wk inc flu hosp,3,2026-10-31,50,quantile,0.35,3
2026-10-10,wk inc flu hosp,3,2026-10-31,50,quantile,0.4,4
2026-10-10,wk inc flu hosp,3,2026-10-31,50,quantile,0.45,4
2026-10-10,wk inc flu hosp,3,2026-10-31,50,quantile,0.5,5
2026-10-10,wk inc flu hosp,3,2026-10-31,50,quantile,0.55,6
2026-10-10,wk inc flu hosp,3,2026-10-31,50,quantile,0.6,6
2026-10-10,wk inc flu hosp,3,2026-10-31,50,quantile,0.65,7
2026-10-10,wk inc flu hosp,3,2026-10-31,50,quantile,0.7,8
2026-10-10,wk inc flu hosp,3,2026-10-31,50,quantile,0.75,10
2026-10-10,wk inc flu hosp,3,2026-10-31,50,quantile,0.8,12
2026-10-10,wk inc flu hosp,3,2026-10-31,50,quantile,0.85,14
2026-10-10,wk inc flu hosp,3,2026-10-31,50,quantile,0.9,18
2026-10-10,wk inc flu hosp,3,2026-10-31,50,quantile,0.95,25
2026-10-10,wk inc flu hosp,3,2026-10-31,50,quantile,0.975,34
2026-10-10,wk inc flu hosp,3,2026-10-31,50,quantile,0.99,47
2026-10-10,wk inc flu hosp,0,2026-10-10,51,quantile,0.01,15
2026-10-10,wk inc flu hosp,0,2026-10-10,51,quantile,0.025,18
2026-10-10,wk inc flu hosp,0,2026-10-10,51,quantile,0.05,22
2026-10-10,wk inc flu hosp,0,2026-10-10,51,quantile,0.1,26
2026-10-10,wk inc flu hosp,0,2026-10-10,51,quantile,0.15,29
2026-10-10,wk inc flu hosp,0,2026-10-10,51,quantile,0.2,32
2026-10-10,wk inc flu hosp,0,2026-10-10,51,quantile,0.25,35
2026-10-10,wk inc flu hosp,0,2026-10-10,51,quantile,0.3,37
2026-10-10,wk inc flu hosp,0,2026-10-10,51,quantile,0.35,40
2026-10-10,wk inc flu hosp,0,2026-10-10,51,quantile,0.4,43
2026-10-10,wk inc flu hosp,0,2026-10-10,51,quantile,0.45,45
2026-10-10,wk inc flu hosp,0,2026-10-10,51,quantile,0.5,48
2026-10-10,wk inc flu hosp,0,2026-10-10,51,quantile,0.55,51
2026-10-10,wk inc flu hosp,0,2026-10-10,51,quantile,0.6,55
2026-10-10,wk inc flu hosp,0,2026-10-10,51,quantile,0.65,58
2026-10-10,wk inc flu hosp,0,2026-10-10,51,quantile,0.7,62
2026-10-10,wk inc flu hosp,0,2026-10-10,51,quantile,0.75,67
2026-10-10,wk inc flu hosp,0,2026-10-10,51,quantile,0.8,73
2026-10-10,wk inc flu hosp,0,2026-10-10,51,quantile,0.85,80
2026-10-10,wk inc flu hosp,0,2026-10-10,51,quantile,0.9,90
2026-10-10,wk inc flu hosp,0,2026-10-10,51,quantile,0.95,107
2026-10-10,wk inc flu hosp,0,2026-10-10,51,quantile,0.975,124
2026-10-10,wk inc flu hosp,0,2026-10-10,51,quantile,0.99,148
2026-10-10,wk inc flu hosp,1,2026-10-17,51,quantile,0.01,14
2026-10-10,wk inc flu hosp,1,2026-10-17,51,quantile,0.025,18
2026-10-10,wk inc flu hosp,1,2026-10-17,51,quantile,0.05,21
2026-10-10,wk inc flu hosp,1,2026-10-17,51,quantile,0.1,26
2026-10-10,wk inc flu hosp,1,2026-10-17,51,quantile,0.15,30
2026-10-10,wk inc flu hosp,1,2026-10-17,51,quantile,0.2,34
2026-10-10,wk inc flu hosp,1,2026-10-17,51,quantile,0.25,37
2026-10-10,wk inc flu hosp,1,2026-10-17,51,quantile,0.3,41
2026-10-10,wk inc flu hosp,1,2026-10-17,51,quantile,0.35,44
2026-10-10,wk inc flu hosp,1,2026-10-17,51,quantile,0.4,47
2026-10-10,wk inc flu hosp,1,2026-10-17,51,quantile,0.45,51
2026-10-10,wk inc flu hosp,1,2026-10-17,51,quantile,0.5,55
2026-10-10,wk inc flu hosp,1,2026-10-17,51,quantile,0.55,59
2026-10-10,wk inc flu hosp,1,2026-10-17,51,quantile,0.6,63
2026-10-10,wk inc flu hosp,1,2026-10-17,51,quantile,0.65,68
2026-10-10,wk inc flu hosp,1,2026-10-17,51,quantile,0.7,73
2026-10-10,wk inc flu hosp,1,2026-10-17,51,quantile,0.75,80
2026-10-10,wk inc flu hosp,1,2026-10-17,51,quantile,0.8,87
2026-10-10,wk inc flu hosp,1,2026-10-17,51,quantile,0.85,97
2026-10-10,wk inc flu hosp,1,2026-10-17,51,quantile,0.9,112
2026-10-10,wk inc flu hosp,1,2026-10-17,51,quantile,0.95,137
2026-10-10,wk inc flu hosp,1,2026-10-17,51,quantile,0.975,163
2026-10-10,wk inc flu hosp,1,2026-10-17,51,quantile,0.99,199
2026-10-10,wk inc flu hosp,2,2026-10-24,51,quantile,0.01,13
2026-10-10,wk inc flu hosp,2,2026-10-24,51,quantile,0.025,17
2026-10-10,wk inc flu hosp,2,2026-10-24,51,quantile,0.05,21
2026-10-10,wk inc flu hosp,2,2026-10-24,51,quantile,0.1,27
2026-10-10,wk inc flu hosp,2,2026-10-24,51,quantile,0.15,31
2026-10-10,wk inc flu hosp,2,2026-10-24,51,quantile,0.2,36
2026-10-10,wk inc flu hosp,2,2026-10-24,51,quantile,0.25,40
2026-10-10,wk inc flu hosp,2,2026-10-24,51,quantile,0.3,44
2026-10-10,wk inc flu hosp,2,2026-10-24,51,quantile,0.35,48
2026-10-10,wk inc flu hosp,2,2026-10-24,51,quantile,0.4,52
2026-10-10,wk inc flu hosp,2,2026-10-24,51,quantile,0.45,57
2026-10-10,wk inc flu hosp,2,2026-10-24,51,quantile,0.5,61
2026-10-10,wk inc flu hosp,2,2026-10-24,51,quantile,0.55,67
2026-10-10,wk inc flu hosp,2,2026-10-24,51,quantile,0.6,72
2026-10-10,wk inc flu hosp,2,2026-10-24,51,quantile,0.65,79
2026-10-10,wk inc flu hosp,2,2026-10-24,51,quantile,0.7,86
2026-10-10,wk inc flu hosp,2,2026-10-24,51,quantile,0.75,95
2026-10-10,wk inc flu hosp,2,2026-10-24,51,quantile,0.8,106
2026-10-10,wk inc flu hosp,2,2026-10-24,51,quantile,0.85,120
2026-10-10,wk inc flu hosp,2,2026-10-24,51,quantile,0.9,140
2026-10-10,wk inc flu hosp,2,2026-10-24,51,quantile,0.95,177
2026-10-10,wk inc flu hosp,2,2026-10-24,51,quantile,0.975,217
2026-10-10,wk inc flu hosp,2,2026-10-24,51,quantile,0.99,274
2026-10-10,wk inc flu hosp,3,2026-10-31,51,quantile,0.01,12
2026-10-10,wk inc flu hosp,3,2026-10-31,51,quantile,0.025,16
2026-10-10,wk inc flu hosp,3,2026-10-31,51,quantile,0.05,21
2026-10-10,wk inc flu hosp,3,2026-10-31,51,quantile,0.1,27
2026-10-10,wk inc flu hosp,3,2026-10-31,51,quantile,0.15,33
2026-10-10,wk inc flu hosp,3,2026-10-31,51,quantile,0.2,38
2026-10-10,wk inc flu hosp,3,2026-10-31,51,quantile,0.25,42
2026-10-10,wk inc flu hosp,3,2026-10-31,51,quantile,0.3,47
2026-10-10,wk inc flu hosp,3,2026-10-31,51,quantile,0.35,52
2026-10-10,wk inc flu hosp,3,2026-10-31,51,quantile,0.4,58
2026-10-10,wk inc flu hosp,3,2026-10-31,51,quantile,0.45,63
2026-10-10,wk inc flu hosp,3,2026-10-31,51,quantile,0.5,69
2026-10-10,wk inc flu hosp,3,2026-10-31,51,quantile,0.55,76
2026-10-10,wk inc flu hosp,3,2026-10-31,51,quantile,0.6,83
2026-10-10,wk inc flu hosp,3,2026-10-31,51,quantile,0.65,91
2026-10-10,wk inc flu hosp,3,2026-10-31,51,quantile,0.7,101
2026-10-10,wk inc flu hosp,3,2026-10-31,51,quantile,0.75,113
2026-10-10,wk inc flu hosp,3,2026-10-31,51,quantile,0.8,127
2026-10-10,wk inc flu hosp,3,2026-10-31,51,quantile,0.85,146
2026-10-10,wk inc flu hosp,3,2026-10-31,51,quantile,0.9,174
2026-10-10,wk inc flu hosp,3,2026-10-31,51,quantile,0.95,226
2026-10-10,wk inc flu hosp,3,2026-10-31,51,quantile,0.975,283
2026-10-10,wk inc flu hosp,3,2026-10-31,51,quantile,0.99,368
2026-10-10,wk inc flu hosp,0,2026-10-10,53,quantile,0.01,53
2026-10-10,wk inc flu hosp,0,2026-10-10,53,quantile,0.025,62
2026-10-10,wk inc flu hosp,0,2026-10-10,53,quantile,0.05,70
2026-10-10,wk inc flu hosp,0,2026-10-10,53,quantile,0.1,82
2026-10-10,wk inc flu hosp,0,2026-10-10,53,quantile,0.15,91
2026-10-10,wk inc flu hosp,0,2026-10-10,53,quantile,0.2,98
2026-10-10,wk inc flu hosp,0,2026-10-10,53,quantile,0.25,105
2026-10-10,wk inc flu hosp,0,2026-10-10,53,quantile,0.3,112
2026-10-10,wk inc flu hosp,0,2026-10-10,53,quantile,0.35,119
2026-10-10,wk inc flu hosp,0,2026-10-10,53,quantile,0.4,126
2026-10-10,wk inc flu hosp,0,2026-10-10,53,quantile,0.45,132
2026-10-10,wk inc flu hosp,0,2026-10-10,53,quantile,0.5,140
2026-10-10,wk inc flu hosp,0,2026-10-10,53,quantile,0.55,147
2026-10-10,wk inc flu hosp,0,2026-10-10,53,quantile,0.6,155
2026-10-10,wk inc flu hosp,0,2026-10-10,53,quantile,0.65,164
2026-10-10,wk inc flu hosp,0,2026-10-10,53,quantile,0.7,174
2026-10-10,wk inc flu hosp,0,2026-10-10,53,quantile,0.75,185
2026-10-10,wk inc flu hosp,0,2026-10-10,53,quantile,0.8,198
2026-10-10,wk inc flu hosp,0,2026-10-10,53,quantile,0.85,215
2026-10-10,wk inc flu hosp,0,2026-10-10,53,quantile,0.9,238
2026-10-10,wk inc flu hosp,0,2026-10-10,53,quantile,0.95,276
2026-10-10,wk inc flu hosp,0,2026-10-10,53,quantile,0.975,315
2026-10-10,wk inc flu hosp,0,2026-10-10,53,quantile,0.99,367
2026-10-10,wk inc flu hosp,1,2026-10-17,53,quantile,0.01,49
2026-10-10,wk inc flu hosp,1,2026-10-17,53,quantile,0.025,59
2026-10-10,wk inc flu hosp,1,2026-10-17,53,quantile,0.05,68
2026-10-10,wk inc flu hosp,1,2026-10-17,53,quantile,0.1,82
2026-10-10,wk inc flu hosp,1,2026-10-17,53,quantile,0.15,92
2026-10-10,wk inc flu hosp,1,2026-10-17,53,quantile,0.2,101
2026-10-10,wk inc flu hosp,1,2026-10-17,53,quantile,0.25,110
2026-10-10,wk inc flu hosp,1,2026-10-17,53,quantile,0.3,118
2026-10-10,wk inc flu hosp,1,2026-10-17,53,quantile,0.35,126
2026-10-10,wk inc flu hosp,1,2026-10-17,53,quantile,0.4,135
2026-10-10,wk inc flu hosp,1,2026-10-17,53,quantile,0.45,143
2026-10-10,wk inc flu hosp,1,2026-10-17,53,quantile,0.5,152
2026-10-10,wk inc flu hosp,1,2026-10-17,53,quantile,0.55,162
2026-10-10,wk inc flu hosp,1,2026-10-17,53,quantile,0.6,172
2026-10-10,wk inc flu hosp,1,2026-10-17,53,quantile,0.65,183
2026-10-10,wk inc flu hosp,1,2026-10-17,53,quantile,0.7,196
2026-10-10,wk inc flu hosp,1,2026-10-17,53,quantile,0.75,211
2026-10-10,wk inc flu hosp,1,2026-10-17,53,quantile,0.8,228
2026-10-10,wk inc flu hosp,1,2026-10-17,53,quantile,0.85,251
2026-10-10,wk inc flu hosp,1,2026-10-17,53,quantile,0.9,282
2026-10-10,wk inc flu hosp,1,2026-10-17,53,quantile,0.95,336
2026-10-10,wk inc flu hosp,1,2026-10-17,53,quantile,0.975,392
2026-10-10,wk inc flu hosp,1,2026-10-17,53,quantile,0.99,467
2026-10-10,wk inc flu hosp,2,2026-10-24,53,quantile,0.01,43
2026-10-10,wk inc flu hosp,2,2026-10-24,53,quantile,0.025,53
2026-10-10,wk inc flu hosp,2,2026-10-24,53,quantile,0.05,64
2026-10-10,wk inc flu hosp,2,2026-10-24,53,quantile,0.1,78
2026-10-10,wk inc flu hosp,2,2026-10-24,53,quantile,0.15,90
2026-10-10,wk inc flu hosp,2,2026-10-24,53,quantile,0.2,100
2026-10-10,wk inc flu hosp,2,2026-10-24,53,quantile,0.25,110
2026-10-10,wk inc flu hosp,2,2026-10-24,53,quantile,0.3,120
2026-10-10,wk inc flu hosp,2,2026-10-24,53,quantile,0.35,129
2026-10-10,wk inc flu hosp,2,2026-10-24,53,quantile,0.4,139
2026-10-10,wk inc flu hosp,2,2026-10-24,53,quantile,0.45,150
2026-10-10,wk inc flu hosp,2,2026-10-24,53,quantile,0.5,160
2026-10-10,wk inc flu hosp,2,2026-10-24,53,quantile,0.55,172
2026-10-10,wk inc flu hosp,2,2026-10-24,53,quantile,0.6,185
2026-10-10,wk inc flu hosp,2,2026-10-24,53,quantile,0.65,199
2026-10-10,wk inc flu hosp,2,2026-10-24,53,quantile,0.7,215
2026-10-10,wk inc flu hosp,2,2026-10-24,53,quantile,0.75,234
2026-10-10,wk inc flu hosp,2,2026-10-24,53,quantile,0.8,257
2026-10-10,wk inc flu hosp,2,2026-10-24,53,quantile,0.85,286
2026-10-10,wk inc flu hosp,2,2026-10-24,53,quantile,0.9,328
2026-10-10,wk inc flu hosp,2,2026-10-24,53,quantile,0.95,401
2026-10-10,wk inc flu hosp,2,2026-10-24,53,quantile,0.975,478
2026-10-10,wk inc flu hosp,2,2026-10-24,53,quantile,0.99,587
2026-10-10,wk inc flu hosp,3,2026-10-31,53,quantile,0.01,39
2026-10-10,wk inc flu hosp,3,2026-10-31,53,quantile,0.025,50
2026-10-10,wk inc flu hosp,3,2026-10-31,53,quantile,0.05,61
2026-10-10,wk inc flu hosp,3,2026-10-31,53,quantile,0.1,76
2026-10-10,wk inc flu hosp,3,2026-10-31,53,quantile,0.15,89
2026-10-10,wk inc flu hosp,3,2026-10-31,53,quantile,0.2,101
2026-10-10,wk inc flu hosp,3,2026-10-31,53,quantile,0.25,112
2026-10-10,wk inc flu hosp,3,2026-10-31,53,quantile,0.3,123
2026-10-10,wk inc flu hosp,3,2026-10-31,53,quantile,0.35,134
2026-10-10,wk inc flu hosp,3,2026-10-31,53,quantile,0.4,146
2026-10-10,wk inc flu hosp,3,2026-10-31,53,quantile,0.45,158
2026-10-10,wk inc flu hosp,3,2026-10-31,53,quantile,0.5,171
2026-10-10,wk inc flu hosp,3,2026-10-31,53,quantile,0.55,185
2026-10-10,wk inc flu hosp,3,2026-10-31,53,quantile,0.6,200
2026-10-10,wk inc flu hosp,3,2026-10-31,53,quantile,0.65,217
2026-10-10,wk inc flu hosp,3,2026-10-31,53,quantile,0.7,237
2026-10-10,wk inc flu hosp,3,2026-10-31,53,quantile,0.75,260
2026-10-10,wk inc flu hosp,3,2026-10-31,53,quantile,0.8,289
2026-10-10,wk inc flu hosp,3,2026-10-31,53,quantile,0.85,326
2026-10-10,wk inc flu hosp,3,2026-10-31,53,quantile,0.9,380
2026-10-10,wk inc flu hosp,3,2026-10-31,53,quantile,0.95,476
2026-10-10,wk inc flu hosp,3,2026-10-31,53,quantile,0.975,579
2026-10-10,wk inc flu hosp,3,2026-10-31,53,quantile,0.99,727
2026-10-10,wk inc flu hosp,0,2026-10-10,54,quantile,0.01,2
2026-10-10,wk inc flu hosp,0,2026-10-10,54,quantile,0.025,3
2026-10-10,wk inc flu hosp,0,2026-10-10,54,quantile,0.05,3
2026-10-10,wk inc flu hosp,0,2026-10-10,54,quantile,0.1,4
2026-10-10,wk inc flu hosp,0,2026-10-10,54,quantile,0.15,5
2026-10-10,wk inc flu hosp,0,2026-10-10,54,quantile,0.2,5
2026-10-10,wk inc flu hosp,0,2026-10-10,54,quantile,0.25,6
2026-10-10,wk inc flu hosp,0,2026-10-10,54,quantile,0.3,6
2026-10-10,wk inc flu hosp,0,2026-10-10,54,quantile,0.35,7
2026-10-10,wk inc flu hosp,0,2026-10-10,54,quantile,0.4,7
2026-10-10,wk inc flu hosp,0,2026-10-10,54,quantile,0.45,8
2026-10-10,wk inc flu hosp,0,2026-10-10,54,quantile,0.5,8
2026-10-10,wk inc flu hosp,0,2026-10-10,54,quantile,0.55,9
2026-10-10,wk inc flu hosp,0,2026-10-10,54,quantile,0.6,10
2026-10-10,wk inc flu hosp,0,2026-10-10,54,quantile,0.65,10
2026-10-10,wk inc flu hosp,0,2026-10-10,54,quantile,0.7,11
2026-10-10,wk inc flu hosp,0,2026-10-10,54,quantile,0.75,12
2026-10-10,wk inc flu hosp,0,2026-10-10,54,quantile,0.8,13
2026-10-10,wk inc flu hosp,0,2026-10-10,54,quantile,0.85,15
2026-10-10,wk inc flu hosp,0,2026-10-10,54,quantile,0.9,17
2026-10-10,wk inc flu hosp,0,2026-10-10,54,quantile,0.95,20
2026-10-10,wk inc flu hosp,0,2026-10-10,54,quantile,0.975,24
2026-10-10,wk inc flu hosp,0,2026-10-10,54,quantile,0.99,29
2026-10-10,wk inc flu hosp,1,2026-10-17,54,quantile,0.01,2
2026-10-10,wk inc flu hosp,1,2026-10-17,54,quantile,0.025,3
2026-10-10,wk inc flu hosp,1,2026-10-17,54,quantile,0.05,3
2026-10-10,wk inc flu hosp,1,2026-10-17,54,quantile,0.1,4
2026-10-10,wk inc flu hosp,1,2026-10-17,54,quantile,0.15,5
2026-10-10,wk inc flu hosp,1,2026-10-17,54,quantile,0.2,6
2026-10-10,wk inc flu hosp,1,2026-10-17,54,quantile,0.25,7
2026-10-10,wk inc flu hosp,1,2026-10-17,54,quantile,0.3,7
2026-10-10,wk inc flu hosp,1,2026-10-17,54,quantile,0.35,8
2026-10-10,wk inc flu hosp,1,2026-10-17,54,quantile,0.4,9
2026-10-10,wk inc flu hosp,1,2026-10-17,54,quantile,0.45,10
2026-10-10,wk inc flu hosp,1,2026-10-17,54,quantile,0.5,10
2026-10-10,wk inc flu hosp,1,2026-10-17,54,quantile,0.55,11
2026-10-10,wk inc flu hosp,1,2026-10-17,54,quantile,0.6,12
2026-10-10,wk inc flu hosp,1,2026-10-17,54,quantile,0.65,13
2026-10-10,wk inc flu hosp,1,2026-10-17,54,quantile,0.7,14
2026-10-10,wk inc flu hosp,1,2026-10-17,54,quantile,0.75,16
2026-10-10,wk inc flu hosp,1,2026-10-17,54,quantile,0.8,17
2026-10-10,wk inc flu hosp,1,2026-10-17,54,quantile,0.85,19
2026-10-10,wk inc flu hosp,1,2026-10-17,54,quantile,0.9,22
2026-10-10,wk inc flu hosp,1,2026-10-17,54,quantile,0.95,28
2026-10-10,wk inc flu hosp,1,2026-10-17,54,quantile,0.975,34
2026-10-10,wk inc flu hosp,1,2026-10-17,54,quantile,0.99,42
2026-10-10,wk inc flu hosp,2,2026-10-24,54,quantile,0.01,2
2026-10-10,wk inc flu hosp,2,2026-10-24,54,quantile,0.025,3
2026-10-10,wk inc flu hosp,2,2026-10-24,54,quantile,0.05,4
2026-10-10,wk inc flu hosp,2,2026-10-24,54,quantile,0.1,5
2026-10-10,wk inc flu hosp,2,2026-10-24,54,quantile,0.15,6
2026-10-10,wk inc flu hosp,2,2026-10-24,54,quantile,0.2,7
2026-10-10,wk inc flu hosp,2,2026-10-24,54,quantile,0.25,8
2026-10-10,wk inc flu hosp,2,2026-10-24,54,quantile,0.3,8
2026-10-10,wk inc flu hosp,2,2026-10-24,54,quantile,0.35,9
2026-10-10,wk inc flu hosp,2,2026-10-24,54,quantile,0.4,10
2026-10-10,wk inc flu hosp,2,2026-10-24,54,quantile,0.45,11
2026-10-10,wk inc flu hosp,2,2026-10-24,54,quantile,0.5,12
2026-10-10,wk inc flu hosp,2,2026-10-24,54,quantile,0.55,14
2026-10-10,wk inc flu hosp,2,2026-10-24,54,quantile,0.6,15
2026-10-10,wk inc flu hosp,2,2026-10-24,54,quantile,0.65,16
2026-10-10,wk inc flu hosp,2,2026-10-24,54,quantile,0.7,18
2026-10-10,wk inc flu hosp,2,2026-10-24,54,quantile,0.75,20
2026-10-10,wk inc flu hosp,2,2026-10-24,54,quantile,0.8,22
2026-10-10,wk inc flu hosp,2,2026-10-24,54,quantile,0.85,26
2026-10-10,wk inc flu hosp,2,2026-10-24,54,quantile,0.9,30
2026-10-10,wk inc flu hosp,2,2026-10-24,54,quantile,0.95,39
2026-10-10,wk inc flu hosp,2,2026-10-24,54,quantile,0.975,48
2026-10-10,wk inc flu hosp,2,2026-10-24,54,quantile,0.99,61
2026-10-10,wk inc flu hosp,3,2026-10-31,54,quantile,0.01,2
2026-10-10,wk inc flu hosp,3,2026-10-31,54,quantile,0.025,3
2026-10-10,wk inc flu hosp,3,2026-10-31,54,quantile,0.05,4
2026-10-10,wk inc flu hosp,3,2026-10-31,54,quantile,0.1,5
2026-10-10,wk inc flu hosp,3,2026-10-31,54,quantile,0.15,7
2026-10-10,wk inc flu hosp,3,2026-10-31,54,quantile,0.2,8
2026-10-10,wk inc flu hosp,3,2026-10-31,54,quantile,0.25,9
2026-10-10,wk inc flu hosp,3,2026-10-31,54,quantile,0.3,10
2026-10-10,wk inc flu hosp,3,2026-10-31,54,quantile,0.35,11
2026-10-10,wk inc flu hosp,3,2026-10-31,54,quantile,0.4,12
2026-10-10,wk inc flu hosp,3,2026-10-31,54,quantile,0.45,14
2026-10-10,wk inc flu hosp,3,2026-10-31,54,quantile,0.5,15
2026-10-10,wk inc flu hosp,3,2026-10-31,54,quantile,0.55,17
2026-10-10,wk inc flu hosp,3,2026-10-31,54,quantile,0.6,19
2026-10-10,wk inc flu hosp,3,2026-10-31,54,quantile,0.65,21
2026-10-10,wk inc flu hosp,3,2026-10-31,54,quantile,0.7,23
2026-10-10,wk inc flu hosp,3,2026-10-31,54,quantile,0.75,26
2026-10-10,wk inc flu hosp,3,2026-10-31,54,quantile,0.8,29
2026-10-10,wk inc flu hosp,3,2026-10-31,54,quantile,0.85,34
2026-10-10,wk inc flu hosp,3,2026-10-31,54,quantile,0.9,41
2026-10-10,wk inc flu hosp,3,2026-10-31,54,quantile,0.95,54
2026-10-10,wk inc flu hosp,3,2026-10-31,54,quantile,0.975,68
2026-10-10,wk inc flu hosp,3,2026-10-31,54,quantile,0.99,90
2026-10-10,wk inc flu hosp,0,2026-10-10,55,quantile,0.01,14
2026-10-10,wk inc flu hosp,0,2026-10-10,55,quantile,0.025,17
2026-10-10,wk inc flu hosp,0,2026-10-10,55,quantile,0.05,20
2026-10-10,wk inc flu hosp,0,2026-10-10,55,quantile,0.1,23
2026-10-10,wk inc flu hosp,0,2026-10-10,55,quantile,0.15,26
2026-10-10,wk inc flu hosp,0,2026-10-10,55,quantile,0.2,29
2026-10-10,wk inc flu hosp,0,2026-10-10,55,quantile,0.25,31
2026-10-10,wk inc flu hosp,0,2026-10-10,55,quantile,0.3,33
2026-10-10,wk inc flu hosp,0,2026-10-10,55,quantile,0.35,36
2026-10-10,wk inc flu hosp,0,2026-10-10,55,quantile,0.4,38
2026-10-10,wk inc flu hosp,0,2026-10-10,55,quantile,0.45,40
2026-10-10,wk inc flu hosp,0,2026-10-10,55,quantile,0.5,42
2026-10-10,wk inc flu hosp,0,2026-10-10,55,quantile,0.55,45
2026-10-10,wk inc flu hosp,0,2026-10-10,55,quantile,0.6,48
2026-10-10,wk inc flu hosp,0,2026-10-10,55,quantile,0.65,51
2026-10-10,wk inc flu hosp,0,2026-10-10,55,quantile,0.7,54
2026-10-10,wk inc flu hosp,0,2026-10-10,55,quantile,0.75,58
2026-10-10,wk inc flu hosp,0,2026-10-10,55,quantile,0.8,62
2026-10-10,wk inc flu hosp,0,2026-10-10,55,quantile,0.85,68
2026-10-10,wk inc flu hosp,0,2026-10-10,55,quantile,0.9,76
2026-10-10,wk inc flu hosp,0,2026-10-10,55,quantile,0.95,90
2026-10-10,wk inc flu hosp,0,2026-10-10,55,quantile,0.975,104
2026-10-10,wk inc flu hosp,0,2026-10-10,55,quantile,0.99,123
2026-10-10,wk inc flu hosp,1,2026-10-17,55,quantile,0.01,13
2026-10-10,wk inc flu hosp,1,2026-10-17,55,quantile,0.025,16
2026-10-10,wk inc flu hosp,1,2026-10-17,55,quantile,0.05,19
2026-10-10,wk inc flu hosp,1,2026-10-17,55,quantile,0.1,23
2026-10-10,wk inc flu hosp,1,2026-10-17,55,quantile,0.15,27
2026-10-10,wk inc flu hosp,1,2026-10-17,55,quantile,0.2,29
2026-10-10,wk inc flu hosp,1,2026-10-17,55,quantile,0.25,32
2026-10-10,wk inc flu hosp,1,2026-10-17,55,quantile,0.3,35
2026-10-10,wk inc flu hosp,1,2026-10-17,55,quantile,0.35,38
2026-10-10,wk inc flu hosp,1,2026-10-17,55,quantile,0.4,40
2026-10-10,wk inc flu hosp,1,2026-10-17,55,quantile,0.45,43
2026-10-10,wk inc flu hosp,1,2026-10-17,55,quantile,0.5,46
2026-10-10,wk inc flu hosp,1,2026-10-17,55,quantile,0.55,50
2026-10-10,wk inc flu hosp,1,2026-10-17,55,quantile,0.6,53
2026-10-10,wk inc flu hosp,1,2026-10-17,55,quantile,0.65,57
2026-10-10,wk inc flu hosp,1,2026-10-17,55,quantile,0.7,61
2026-10-10,wk inc flu hosp,1,2026-10-17,55,quantile,0.75,66
2026-10-10,wk inc flu hosp,1,2026-10-17,55,quantile,0.8,73
2026-10-10,wk inc flu hosp,1,2026-10-17,55,quantile,0.85,80
2026-10-10,wk inc flu hosp,1,2026-10-17,55,quantile,0.9,92
2026-10-10,wk inc flu hosp,1,2026-10-17,55,quantile,0.95,111
2026-10-10,wk inc flu hosp,1,2026-10-17,55,quantile,0.975,131
2026-10-10,wk inc flu hosp,1,2026-10-17,55,quantile,0.99,159
2026-10-10,wk inc flu hosp,2,2026-10-24,55,quantile,0.01,12
2026-10-10,wk inc flu hosp,2,2026-10-24,55,quantile,0.025,15
2026-10-10,wk inc flu hosp,2,2026-10-24,55,quantile,0.05,18
2026-10-10,wk inc flu hosp,2,2026-10-24,55,quantile,0.1,23
2026-10-10,wk inc flu hosp,2,2026-10-24,55,quantile,0.15,27
2026-10-10,wk inc flu hosp,2,2026-10-24,55,quantile,0.2,30
2026-10-10,wk inc flu hosp,2,2026-10-24,55,quantile,0.25,33
2026-10-10,wk inc flu hosp,2,2026-10-24,55,quantile,0.3,37
2026-10-10,wk inc flu hosp,2,2026-10-24,55,quantile,0.35,40
2026-10-10,wk inc flu hosp,2,2026-10-24,55,quantile,0.4,43
2026-10-10,wk inc flu hosp,2,2026-10-24,55,quantile,0.45,47
2026-10-10,wk inc flu hosp,2,2026-10-24,55,quantile,0.5,51
2026-10-10,wk inc flu hosp,2,2026-10-24,55,quantile,0.55,55
2026-10-10,wk inc flu hosp,2,2026-10-24,55,quantile,0.6,59
2026-10-10,wk inc flu hosp,2,2026-10-24,55,quantile,0.65,64
2026-10-10,wk inc flu hosp,2,2026-10-24,55,quantile,0.7,70
2026-10-10,wk inc flu hosp,2,2026-10-24,55,quantile,0.75,77
2026-10-10,wk inc flu hosp,2,2026-10-24,55,quantile,0.8,85
2026-10-10,wk inc flu hosp,2,2026-10-24,55,quantile,0.85,96
2026-10-10,wk inc flu hosp,2,2026-10-24,55,quantile,0.9,111
2026-10-10,wk inc flu hosp,2,2026-10-24,55,quantile,0.95,139
2026-10-10,wk inc flu hosp,2,2026-10-24,55,quantile,0.975,168
2026-10-10,wk inc flu hosp,2,2026-10-24,55,quantile,0.99,210
2026-10-10,wk inc flu hosp,3,2026-10-31,55,quantile,0.01,11
2026-10-10,wk inc flu hosp,3,2026-10-31,55,quantile,0.025,14
2026-10-10,wk inc flu hosp,3,2026-10-31,55,quantile,0.05,18
2026-10-10,wk inc flu hosp,3,2026-10-31,55,quantile,0.1,23
2026-10-10,wk inc flu hosp,3,2026-10-31,55,quantile,0.15,27
2026-10-10,wk inc flu hosp,3,2026-10-31,55,quantile,0.2,31
2026-10-10,wk inc flu hosp,3,2026-10-31,55,quantile,0.25,35
2026-10-10,wk inc flu hosp,3,2026-10-31,55,quantile,0.3,39
2026-10-10,wk inc flu hosp,3,2026-10-31,55,quantile,0.35,43
2026-10-10,wk inc flu hosp,3,2026-10-31,55,quantile,0.4,47
2026-10-10,wk inc flu hosp,3,2026-10-31,55,quantile,0.45,51
2026-10-10,wk inc flu hosp,3,2026-10-31,55,quantile,0.5,56
2026-10-10,wk inc flu hosp,3,2026-10-31,55,quantile,0.55,61
2026-10-10,wk inc flu hosp,3,2026-10-31,55,quantile,0.6,67
2026-10-10,wk inc flu hosp,3,2026-10-31,55,quantile,0.65,73
2026-10-10,wk inc flu hosp,3,2026-10-31,55,quantile,0.7,80
2026-10-10,wk inc flu hosp,3,2026-10-31,55,quantile,0.75,89
2026-10-10,wk inc flu hosp,3,2026-10-31,55,quantile,0.8,100
2026-10-10,wk inc flu hosp,3,2026-10-31,55,quantile,0.85,114
2026-10-10,wk inc flu hosp,3,2026-10-31,55,quantile,0.9,134
2026-10-10,wk inc flu hosp,3,2026-10-31,55,quantile,0.95,172
2026-10-10,wk inc flu hosp,3,2026-10-31,55,quantile,0.975,213
2026-10-10,wk inc flu hosp,3,2026-10-31,55,quantile,0.99,273
2026-10-10,wk inc flu hosp,0,2026-10-10,56,quantile,0.01,0
2026-10-10,wk inc flu hosp,0,2026-10-10,56,quantile,0.025,1
2026-10-10,wk inc flu hosp,0,2026-10-10,56,quantile,0.05,1
2026-10-10,wk inc flu hosp,0,2026-10-10,56,quantile,0.1,2
2026-10-10,wk inc flu hosp,0,2026-10-10,56,quantile,0.15,2
2026-10-10,wk inc flu hosp,0,2026-10-10,56,quantile,0.2,3
2026-10-10,wk inc flu hosp,0,2026-10-10,56,quantile,0.25,3
2026-10-10,wk inc flu hosp,0,2026-10-10,56,quantile,0.3,3
2026-10-10,wk inc flu hosp,0,2026-10-10,56,quantile,0.35,4
2026-10-10,wk inc flu hosp,0,2026-10-10,56,quantile,0.4,4
2026-10-10,wk inc flu hosp,0,2026-10-10,56,quantile,0.45,4
2026-10-10,wk inc flu hosp,0,2026-10-10,56,quantile,0.5,5
2026-10-10,wk inc flu hosp,0,2026-10-10,56,quantile,0.55,5
2026-10-10,wk inc flu hosp,0,2026-10-10,56,quantile,0.6,6
2026-10-10,wk inc flu hosp,0,2026-10-10,56,quantile,0.65,6
2026-10-10,wk inc flu hosp,0,2026-10-10,56,quantile,0.7,7
2026-10-10,wk inc flu hosp,0,2026-10-10,56,quantile,0.75,8
2026-10-10,wk inc flu hosp,0,2026-10-10,56,quantile,0.8,9
2026-10-10,wk inc flu hosp,0,2026-10-10,56,quantile,0.85,10
2026-10-10,wk inc flu hosp,0,2026-10-10,56,quantile,0.9,12
2026-10-10,wk inc flu hosp,0,2026-10-10,56,quantile,0.95,15
2026-10-10,wk inc flu hosp,0,2026-10-10,56,quantile,0.975,18
2026-10-10,wk inc flu hosp,0,2026-10-10,56,quantile,0.99,23
2026-10-10,wk inc flu hosp,1,2026-10-17,56,quantile,0.01,0
2026-10-10,wk inc flu hosp,1,2026-10-17,56,quantile,0.025,1
2026-10-10,wk inc flu hosp,1,2026-10-17,56,quantile,0.05,1
2026-10-10,wk inc flu hosp,1,2026-10-17,56,quantile,0.1,2
2026-10-10,wk inc flu hosp,1,2026-10-17,56,quantile,0.15,2
2026-10-10,wk inc flu hosp,1,2026-10-17,56,quantile,0.2,3
2026-10-10,wk inc flu hosp,1,2026-10-17,56,quantile,0.25,3
2026-10-10,wk inc flu hosp,1,2026-10-17,56,quantile,0.3,4
2026-10-10,wk inc flu hosp,1,2026-10-17,56,quantile,0.35,4
2026-10-10,wk inc flu hosp,1,2026-10-17,56,quantile,0.4,5
2026-10-10,wk inc flu hosp,1,2026-10-17,56,quantile,0.45,5
2026-10-10,wk inc flu hosp,1,2026-10-17,56,quantile,0.5,6
2026-10-10,wk inc flu hosp,1,2026-10-17,56,quantile,0.55,6
2026-10-10,wk inc flu hosp,1,2026-10-17,56,quantile,0.6,7
2026-10-10,wk inc flu hosp,1,2026-10-17,56,quantile,0.65,8
2026-10-10,wk inc flu hosp,1,2026-10-17,56,quantile,0.7,9
2026-10-10,wk inc flu hosp,1,2026-10-17,56,quantile,0.75,10
2026-10-10,wk inc flu hosp,1,2026-10-17,56,quantile,0.8,11
2026-10-10,wk inc flu hosp,1,2026-10-17,56,quantile,0.85,13
2026-10-10,wk inc flu hosp,1,2026-10-17,56,quantile,0.9,15
2026-10-10,wk inc flu hosp,1,2026-10-17,56,quantile,0.95,20
2026-10-10,wk inc flu hosp,1,2026-10-17,56,quantile,0.975,25
2026-10-10,wk inc flu hosp,1,2026-10-17,56,quantile,0.99,33
2026-10-10,wk inc flu hosp,2,2026-10-24,56,quantile,0.01,0
2026-10-10,wk inc flu hosp,2,2026-10-24,56,quantile,0.025,1
2026-10-10,wk inc flu hosp,2,2026-10-24,56,quantile,0.05,1
2026-10-10,wk inc flu hosp,2,2026-10-24,56,quantile,0.1,2
2026-10-10,wk inc flu hosp,2,2026-10-24,56,quantile,0.15,2
2026-10-10,wk inc flu hosp,2,2026-10-24,56,quantile,0.2,3
2026-10-10,wk inc flu hosp,2,2026-10-24,56,quantile,0.25,3
2026-10-10,wk inc flu hosp,2,2026-10-24,56,quantile,0.3,4
2026-10-10,wk inc flu hosp,2,2026-10-24,56,quantile,0.35,5
2026-10-10,wk inc flu hosp,2,2026-10-24,56,quantile,0.4,5
2026-10-10,wk inc flu hosp,2,2026-10-24,56,quantile,0.45,6
2026-10-10,wk inc flu hosp,2,2026-10-24,56,quantile,0.5,7
2026-10-10,wk inc flu hosp,2,2026-10-24,56,quantile,0.55,8
2026-10-10,wk inc flu hosp,2,2026-10-24,56,quantile,0.6,9
2026-10-10,wk inc flu hosp,2,2026-10-24,56,quantile,0.65,10
2026-10-10,wk inc flu hosp,2,2026-10-24,56,quantile,0.7,11
2026-10-10,wk inc flu hosp,2,2026-10-24,56,quantile,0.75,13
2026-10-10,wk inc flu hosp,2,2026-10-24,56,quantile,0.8,15
2026-10-10,wk inc flu hosp,2,2026-10-24,56,quantile,0.85,17
2026-10-10,wk inc flu hosp,2,2026-10-24,56,quantile,0.9,21
2026-10-10,wk inc flu hosp,2,2026-10-24,56,quantile,0.95,29
2026-10-10,wk inc flu hosp,2,2026-10-24,56,quantile,0.975,38
2026-10-10,wk inc flu hosp,2,2026-10-24,56,quantile,0.99,52
2026-10-10,wk inc flu hosp,3,2026-10-31,56,quantile,0.01,0
2026-10-10,wk inc flu hosp,3,2026-10-31,56,quantile,0.025,1
2026-10-10,wk inc flu hosp,3,2026-10-31,56,quantile,0.05,1
2026-10-10,wk inc flu hosp,3,2026-10-31,56,quantile,0.1,2
2026-10-10,wk inc flu hosp,3,2026-10-31,56,quantile,0.15,3
2026-10-10,wk inc flu hosp,3,2026-10-31,56,quantile,0.2,3
2026-10-10,wk inc flu hosp,3,2026-10-31,56,quantile,0.25,4
2026-10-10,wk inc flu hosp,3,2026-10-31,56,quantile,0.3,5
2026-10-10,wk inc flu hosp,3,2026-10-31,56,quantile,0.35,5
2026-10-10,wk inc flu hosp,3,2026-10-31,56,quantile,0.4,6
2026-10-10,wk inc flu hosp,3,2026-10-31,56,quantile,0.45,7
2026-10-10,wk inc flu hosp,3,2026-10-31,56,quantile,0.5,8
2026-10-10,wk inc flu hosp,3,2026-10-31,56,quantile,0.55,9
2026-10-10,wk inc flu hosp,3,2026-10-31,56,quantile,0.6,11
2026-10-10,wk inc flu hosp,3,2026-10-31,56,quantile,0.65,12
2026-10-10,wk inc flu hosp,3,2026-10-31,56,quantile,0.7,14
2026-10-10,wk inc flu hosp,3,2026-10-31,56,quantile,0.75,16
2026-10-10,wk inc flu hosp,3,2026-10-31,56,quantile,0.8,19
2026-10-10,wk inc flu hosp,3,2026-10-31,56,quantile,0.85,23
2026-10-10,wk inc flu hosp,3,2026-10-31,56,quantile,0.9,29
2026-10-10,wk inc flu hosp,3,2026-10-31,56,quantile,0.95,40
2026-10-10,wk inc flu hosp,3,2026-10-31,56,quantile,0.975,54
2026-10-10,wk inc flu hosp,3,2026-10-31,56,quantile,0.99,76
2026-10-10,wk inc flu hosp,0,2026-10-10,72,quantile,0.01,39
2026-10-10,wk inc flu hosp,0,2026-10-10,72,quantile,0.025,46
2026-10-10,wk inc flu hosp,0,2026-10-10,72,quantile,0.05,54
2026-10-10,wk inc flu hosp,0,2026-10-10,72,quantile,0.1,64
2026-10-10,wk inc flu hosp,0,2026-10-10,72,quantile,0.15,71
2026-10-10,wk inc flu hosp,0,2026-10-10,72,quantile,0.2,78
2026-10-10,wk inc flu hosp,0,2026-10-10,72,quantile,0.25,84
2026-10-10,wk inc flu hosp,0,2026-10-10,72,quantile,0.3,90
2026-10-10,wk inc flu hosp,0,2026-10-10,72,quantile,0.35,96
2026-10-10,wk inc flu hosp,0,2026-10-10,72,quantile,0.4,102
2026-10-10,wk inc flu hosp,0,2026-10-10,72,quantile,0.45,109
2026-10-10,wk inc flu hosp,0,2026-10-10,72,quantile,0.5,115
2026-10-10,wk inc flu hosp,0,2026-10-10,72,quantile,0.55,122
2026-10-10,wk inc flu hosp,0,2026-10-10,72,quantile,0.6,129
2026-10-10,wk inc flu hosp,0,2026-10-10,72,quantile,0.65,137
2026-10-10,wk inc flu hosp,0,2026-10-10,72,quantile,0.7,146
2026-10-10,wk inc flu hosp,0,2026-10-10,72,quantile,0.75,157
2026-10-10,wk inc flu hosp,0,2026-10-10,72,quantile,0.8,169
2026-10-10,wk inc flu hosp,0,2026-10-10,72,quantile,0.85,185
2026-10-10,wk inc flu hosp,0,2026-10-10,72,quantile,0.9,208
2026-10-10,wk inc flu hosp,0,2026-10-10,72,quantile,0.95,245
2026-10-10,wk inc flu hosp,0,2026-10-10,72,quantile,0.975,283
2026-10-10,wk inc flu hosp,0,2026-10-10,72,quantile,0.99,335
2026-10-10,wk inc flu hosp,1,2026-10-17,72,quantile,0.01,36
2026-10-10,wk inc flu hosp,1,2026-10-17,72,quantile,0.025,44
2026-10-10,wk inc flu hosp,1,2026-10-17,72,quantile,0.05,52
2026-10-10,wk inc flu hosp,1,2026-10-17,72,quantile,0.1,63
2026-10-10,wk inc flu hosp,1,2026-10-17,72,quantile,0.15,72
2026-10-10,wk inc flu hosp,1,2026-10-17,72,quantile,0.2,80
2026-10-10,wk inc flu hosp,1,2026-10-17,72,quantile,0.25,88
2026-10-10,wk inc flu hosp,1,2026-10-17,72,quantile,0.3,95
2026-10-10,wk inc flu hosp,1,2026-10-17,72,quantile,0.35,102
2026-10-10,wk inc flu hosp,1,2026-10-17,72,quantile,0.4,110
2026-10-10,wk inc flu hosp,1,2026-10-17,72,quantile,0.45,118
2026-10-10,wk inc flu hosp,1,2026-10-17,72,quantile,0.5,126
2026-10-10,wk inc flu hosp,1,2026-10-17,72,quantile,0.55,135
2026-10-10,wk inc flu hosp,1,2026-10-17,72,quantile,0.6,144
2026-10-10,wk inc flu hosp,1,2026-10-17,72,quantile,0.65,155
2026-10-10,wk inc flu hosp,1,2026-10-17,72,quantile,0.7,167
2026-10-10,wk inc flu hosp,1,2026-10-17,72,quantile,0.75,181
2026-10-10,wk inc flu hosp,1,2026-10-17,72,quantile,0.8,198
2026-10-10,wk inc flu hosp,1,2026-10-17,72,quantile,0.85,219
2026-10-10,wk inc flu hosp,1,2026-10-17,72,quantile,0.9,250
2026-10-10,wk inc flu hosp,1,2026-10-17,72,quantile,0.95,304
2026-10-10,wk inc flu hosp,1,2026-10-17,72,quantile,0.975,359
2026-10-10,wk inc flu hosp,1,2026-10-17,72,quantile,0.99,437
2026-10-10,wk inc flu hosp,2,2026-10-24,72,quantile,0.01,32
2026-10-10,wk inc flu hosp,2,2026-10-24,72,quantile,0.025,41
2026-10-10,wk inc flu hosp,2,2026-10-24,72,quantile,0.05,50
2026-10-10,wk inc flu hosp,2,2026-10-24,72,quantile,0.1,63
2026-10-10,wk inc flu hosp,2,2026-10-24,72,quantile,0.15,73
2026-10-10,wk inc flu hosp,2,2026-10-24,72,quantile,0.2,82
2026-10-10,wk inc flu hosp,2,2026-10-24,72,quantile,0.25,91
2026-10-10,wk inc flu hosp,2,2026-10-24,72,quantile,0.3,100
2026-10-10,wk inc flu hosp,2,2026-10-24,72,quantile,0.35,109
2026-10-10,wk inc flu hosp,2,2026-10-24,72,quantile,0.4,119
2026-10-10,wk inc flu hosp,2,2026-10-24,72,quantile,0.45,128
2026-10-10,wk inc flu hosp,2,2026-10-24,72,quantile,0.5,139
2026-10-10,wk inc flu hosp,2,2026-10-24,72,quantile,0.55,150
2026-10-10,wk inc flu hosp,2,2026-10-24,72,quantile,0.6,162
2026-10-10,wk inc flu hosp,2,2026-10-24,72,quantile,0.65,176
2026-10-10,wk inc flu hosp,2,2026-10-24,72,quantile,0.7,192
2026-10-10,wk inc flu hosp,2,2026-10-24,72,quantile,0.75,211
2026-10-10,wk inc flu hosp,2,2026-10-24,72,quantile,0.8,233
2026-10-10,wk inc flu hosp,2,2026-10-24,72,quantile,0.85,263
2026-10-10,wk inc flu hosp,2,2026-10-24,72,quantile,0.9,306
2026-10-10,wk inc flu hosp,2,2026-10-24,72,quantile,0.95,383
2026-10-10,wk inc flu hosp,2,2026-10-24,72,quantile,0.975,465
2026-10-10,wk inc flu hosp,2,2026-10-24,72,quantile,0.99,583
2026-10-10,wk inc flu hosp,3,2026-10-31,72,quantile,0.01,30
2026-10-10,wk inc flu hosp,3,2026-10-31,72,quantile,0.025,39
2026-10-10,wk inc flu hosp,3,2026-10-31,72,quantile,0.05,48
2026-10-10,wk inc flu hosp,3,2026-10-31,72,quantile,0.1,62
2026-10-10,wk inc flu hosp,3,2026-10-31,72,quantile,0.15,74
2026-10-10,wk inc flu hosp,3,2026-10-31,72,quantile,0.2,85
2026-10-10,wk inc flu hosp,3,2026-10-31,72,quantile,0.25,95
2026-10-10,wk inc flu hosp,3,2026-10-31,72,quantile,0.3,105
2026-10-10,wk inc flu hosp,3,2026-10-31,72,quantile,0.35,116
2026-10-10,wk inc flu hosp,3,2026-10-31,72,quantile,0.4,127
2026-10-10,wk inc flu hosp,3,2026-10-31,72,quantile,0.45,139
2026-10-10,wk inc flu hosp,3,2026-10-31,72,quantile,0.5,152
2026-10-10,wk inc flu hosp,3,2026-10-31,72,quantile,0.55,165
2026-10-10,wk inc flu hosp,3,2026-10-31,72,quantile,0.6,181
2026-10-10,wk inc flu hosp,3,2026-10-31,72,quantile,0.65,198
2026-10-10,wk inc flu hosp,3,2026-10-31,72,quantile,0.7,218
2026-10-10,wk inc flu hosp,3,2026-10-31,72,quantile,0.75,242
2026-10-10,wk inc flu hosp,3,2026-10-31,72,quantile,0.8,271
2026-10-10,wk inc flu hosp,3,2026-10-31,72,quantile,0.85,310
2026-10-10,wk inc flu hosp,3,2026-10-31,72,quantile,0.9,367
2026-10-10,wk inc flu hosp,3,2026-10-31,72,quantile,0.95,472
2026-10-10,wk inc flu hosp,3,2026-10-31,72,quantile,0.975,586
2026-10-10,wk inc flu hosp,3,2026-10-31,72,quantile,0.99,755
2026-10-10,wk inc flu hosp,0,2026-10-10,US,quantile,0.01,1638
2026-10-10,wk inc flu hosp,0,2026-10-10,US,quantile,0.025,1882
2026-10-10,wk inc flu hosp,0,2026-10-10,US,quantile,0.05,2121
2026-10-10,wk inc flu hosp,0,2026-10-10,US,quantile,0.1,2434
2026-10-10,wk inc flu hosp,0,2026-10-10,US,quantile,0.15,2670
2026-10-10,wk inc flu hosp,0,2026-10-10,US,quantile,0.2,2875
2026-10-10,wk inc flu hosp,0,2026-10-10,US,quantile,0.25,3063
2026-10-10,wk inc flu hosp,0,2026-10-10,US,quantile,0.3,3242
2026-10-10,wk inc flu hosp,0,2026-10-10,US,quantile,0.35,3417
2026-10-10,wk inc flu hosp,0,2026-10-10,US,quantile,0.4,3592
2026-10-10,wk inc flu hosp,0,2026-10-10,US,quantile,0.45,3770
2026-10-10,wk inc flu hosp,0,2026-10-10,US,quantile,0.5,3954
2026-10-10,wk inc flu hosp,0,2026-10-10,US,quantile,0.55,4146
2026-10-10,wk inc flu hosp,0,2026-10-10,US,quantile,0.6,4352
2026-10-10,wk inc flu hosp,0,2026-10-10,US,quantile,0.65,4575
2026-10-10,wk inc flu hosp,0,2026-10-10,US,quantile,0.7,4822
2026-10-10,wk inc flu hosp,0,2026-10-10,US,quantile,0.75,5104
2026-10-10,wk inc flu hosp,0,2026-10-10,US,quantile,0.8,5437
2026-10-10,wk inc flu hosp,0,2026-10-10,US,quantile,0.85,5853
2026-10-10,wk inc flu hosp,0,2026-10-10,US,quantile,0.9,6422
2026-10-10,wk inc flu hosp,0,2026-10-10,US,quantile,0.95,7369
2026-10-10,wk inc flu hosp,0,2026-10-10,US,quantile,0.975,8303
2026-10-10,wk inc flu hosp,0,2026-10-10,US,quantile,0.99,9538
2026-10-10,wk inc flu hosp,1,2026-10-17,US,quantile,0.01,1489
2026-10-10,wk inc flu hosp,1,2026-10-17,US,quantile,0.025,1749
2026-10-10,wk inc flu hosp,1,2026-10-17,US,quantile,0.05,2010
2026-10-10,wk inc flu hosp,1,2026-10-17,US,quantile,0.1,2358
2026-10-10,wk inc flu hosp,1,2026-10-17,US,quantile,0.15,2627
2026-10-10,wk inc flu hosp,1,2026-10-17,US,quantile,0.2,2862
2026-10-10,wk inc flu hosp,1,2026-10-17,US,quantile,0.25,3080
2026-10-10,wk inc flu hosp,1,2026-10-17,US,quantile,0.3,3291
2026-10-10,wk inc flu hosp,1,2026-10-17,US,quantile,0.35,3499
2026-10-10,wk inc flu hosp,1,2026-10-17,US,quantile,0.4,3708
2026-10-10,wk inc flu hosp,1,2026-10-17,US,quantile,0.45,3922
2026-10-10,wk inc flu hosp,1,2026-10-17,US,quantile,0.5,4145
2026-10-10,wk inc flu hosp,1,2026-10-17,US,quantile,0.55,4381
2026-10-10,wk inc flu hosp,1,2026-10-17,US,quantile,0.6,4634
2026-10-10,wk inc flu hosp,1,2026-10-17,US,quantile,0.65,4911
2026-10-10,wk inc flu hosp,1,2026-10-17,US,quantile,0.7,5221
2026-10-10,wk inc flu hosp,1,2026-10-17,US,quantile,0.75,5577
2026-10-10,wk inc flu hosp,1,2026-10-17,US,quantile,0.8,6003
2026-10-10,wk inc flu hosp,1,2026-10-17,US,quantile,0.85,6540
2026-10-10,wk inc flu hosp,1,2026-10-17,US,quantile,0.9,7285
2026-10-10,wk inc flu hosp,1,2026-10-17,US,quantile,0.95,8548
2026-10-10,wk inc flu hosp,1,2026-10-17,US,quantile,0.975,9820
2026-10-10,wk inc flu hosp,1,2026-10-17,US,quantile,0.99,11537
2026-10-10,wk inc flu hosp,2,2026-10-24,US,quantile,0.01,1292
2026-10-10,wk inc flu hosp,2,2026-10-24,US,quantile,0.025,1557
2026-10-10,wk inc flu hosp,2,2026-10-24,US,quantile,0.05,1828
2026-10-10,wk inc flu hosp,2,2026-10-24,US,quantile,0.1,2199
2026-10-10,wk inc flu hosp,2,2026-10-24,US,quantile,0.15,2492
2026-10-10,wk inc flu hosp,2,2026-10-24,US,quantile,0.2,2751
2026-10-10,wk inc flu hosp,2,2026-10-24,US,quantile,0.25,2996
2026-10-10,wk inc flu hosp,2,2026-10-24,US,quantile,0.3,3233
2026-10-10,wk inc flu hosp,2,2026-10-24,US,quantile,0.35,3471
2026-10-10,wk inc flu hosp,2,2026-10-24,US,quantile,0.4,3712
2026-10-10,wk inc flu hosp,2,2026-10-24,US,quantile,0.45,3961
2026-10-10,wk inc flu hosp,2,2026-10-24,US,quantile,0.5,4222
2026-10-10,wk inc flu hosp,2,2026-10-24,US,quantile,0.55,4501
2026-10-10,wk inc flu hosp,2,2026-10-24,US,quantile,0.6,4803
2026-10-10,wk inc flu hosp,2,2026-10-24,US,quantile,0.65,5137
2026-10-10,wk inc flu hosp,2,2026-10-24,US,quantile,0.7,5514
2026-10-10,wk inc flu hosp,2,2026-10-24,US,quantile,0.75,5951
2026-10-10,wk inc flu hosp,2,2026-10-24,US,quantile,0.8,6479
2026-10-10,wk inc flu hosp,2,2026-10-24,US,quantile,0.85,7155
2026-10-10,wk inc flu hosp,2,2026-10-24,US,quantile,0.9,8105
2026-10-10,wk inc flu hosp,2,2026-10-24,US,quantile,0.95,9751
2026-10-10,wk inc flu hosp,2,2026-10-24,US,quantile,0.975,11446
2026-10-10,wk inc flu hosp,2,2026-10-24,US,quantile,0.99,13791
2026-10-10,wk inc flu hosp,3,2026-10-31,US,quantile,0.01,1145
2026-10-10,wk inc flu hosp,3,2026-10-31,US,quantile,0.025,1410
2026-10-10,wk inc flu hosp,3,2026-10-31,US,quantile,0.05,1687
2026-10-10,wk inc flu hosp,3,2026-10-31,US,quantile,0.1,2075
2026-10-10,wk inc flu hosp,3,2026-10-31,US,quantile,0.15,2386
2026-10-10,wk inc flu hosp,3,2026-10-31,US,quantile,0.2,2665
2026-10-10,wk inc flu hosp,3,2026-10-31,US,quantile,0.25,2931
2026-10-10,wk inc flu hosp,3,2026-10-31,US,quantile,0.3,3193
2026-10-10,wk inc flu hosp,3,2026-10-31,US,quantile,0.35,3456
2026-10-10,wk inc flu hosp,3,2026-10-31,US,quantile,0.4,3725
2026-10-10,wk inc flu hosp,3,2026-10-31,US,quantile,0.45,4006
2026-10-10,wk inc flu hosp,3,2026-10-31,US,quantile,0.5,4303
2026-10-10,wk inc flu hosp,3,2026-10-31,US,quantile,0.55,4622
2026-10-10,wk inc flu hosp,3,2026-10-31,US,quantile,0.6,4970
2026-10-10,wk inc flu hosp,3,2026-10-31,US,quantile,0.65,5358
2026-10-10,wk inc flu hosp,3,2026-10-31,US,quantile,0.7,5799
2026-10-10,wk inc flu hosp,3,2026-10-31,US,quantile,0.75,6316
2026-10-10,wk inc flu hosp,3,2026-10-31,US,quantile,0.8,6946
2026-10-10,wk inc flu hosp,3,2026-10-31,US,quantile,0.85,7760
2026-10-10,wk inc flu hosp,3,2026-10-31,US,quantile,0.9,8921
2026-10-10,wk inc flu hosp,3,2026-10-31,US,quantile,0.95,10970
2026-10-10,wk inc flu hosp,3,2026-10-31,US,quantile,0.975,13124
2026-10-10,wk inc flu hosp,3,2026-10-31,US,quantile,0.99,16165
