reference_date,target,horizon,target_end_date,location,output_type,output_type_id,value
2026-10-10,peak inc flu hosp,,,01,quantile,0.01,73
2026-10-10,peak inc flu hosp,,,01,quantile,0.025,113
2026-10-10,peak inc flu hosp,,,01,quantile,0.05,198
2026-10-10,peak inc flu hosp,,,01,quantile,0.1,420
2026-10-10,peak inc flu hosp,,,01,quantile,0.15,608
2026-10-10,peak inc flu hosp,,,01,quantile,0.2,831
2026-10-10,peak inc flu hosp,,,01,quantile,0.25,1000
2026-10-10,peak inc flu hosp,,,01,quantile,0.3,1225
2026-10-10,peak inc flu hosp,,,01,quantile,0.35,1427
2026-10-10,peak inc flu hosp,,,01,quantile,0.4,1468
2026-10-10,peak inc flu hosp,,,01,quantile,0.45,1468
2026-10-10,peak inc flu hosp,,,01,quantile,0.5,1468
2026-10-10,peak inc flu hosp,,,01,quantile,0.55,1468
2026-10-10,peak inc flu hosp,,,01,quantile,0.6,1468
2026-10-10,peak inc flu hosp,,,01,quantile,0.65,1468
2026-10-10,peak inc flu hosp,,,01,quantile,0.7,1468
2026-10-10,peak inc flu hosp,,,01,quantile,0.75,1468
2026-10-10,peak inc flu hosp,,,01,quantile,0.8,1468
2026-10-10,peak inc flu hosp,,,01,quantile,0.85,1468
2026-10-10,peak inc flu hosp,,,01,quantile,0.9,1468
2026-10-10,peak inc flu hosp,,,01,quantile,0.95,1468
2026-10-10,peak inc flu hosp,,,01,quantile,0.975,1468
2026-10-10,peak inc flu hosp,,,01,quantile,0.99,1468
2026-10-10,peak inc flu hosp,,,02,quantile,0.01,26
2026-10-10,peak inc flu hosp,,,02,quantile,0.025,28
2026-10-10,peak inc flu hosp,,,02,quantile,0.05,36
2026-10-10,peak inc flu hosp,,,02,quantile,0.1,172
2026-10-10,peak inc flu hosp,,,02,quantile,0.15,172
2026-10-10,peak inc flu hosp,,,02,quantile,0.2,172
2026-10-10,peak inc flu hosp,,,02,quantile,0.25,172
2026-10-10,peak inc flu hosp,,,02,quantile,0.3,172
2026-10-10,peak inc flu hosp,,,02,quantile,0.35,172
2026-10-10,peak inc flu hosp,,,02,quantile,0.4,172
2026-10-10,peak inc flu hosp,,,02,quantile,0.45,172
2026-10-10,peak inc flu hosp,,,02,quantile,0.5,172
2026-10-10,peak inc flu hosp,,,02,quantile,0.55,172
2026-10-10,peak inc flu hosp,,,02,quantile,0.6,172
2026-10-10,peak inc flu hosp,,,02,quantile,0.65,172
2026-10-10,peak inc flu hosp,,,02,quantile,0.7,172
2026-10-10,peak inc flu hosp,,,02,quantile,0.75,172
2026-10-10,peak inc flu hosp,,,02,quantile,0.8,172
2026-10-10,peak inc flu hosp,,,02,quantile,0.85,172
2026-10-10,peak inc flu hosp,,,02,quantile,0.9,172
2026-10-10,peak inc flu hosp,,,02,quantile,0.95,172
2026-10-10,peak inc flu hosp,,,02,quantile,0.975,172
2026-10-10,peak inc flu hosp,,,02,quantile,0.99,172
2026-10-10,peak inc flu hosp,,,04,quantile,0.01,94
2026-10-10,peak inc flu hosp,,,04,quantile,0.025,220
2026-10-10,peak inc flu hosp,,,04,quantile,0.05,390
2026-10-10,peak inc flu hosp,,,04,quantile,0.1,580
2026-10-10,peak inc flu hosp,,,04,quantile,0.15,824
2026-10-10,peak inc flu hosp,,,04,quantile,0.2,1011
2026-10-10,peak inc flu hosp,,,04,quantile,0.25,1220
2026-10-10,peak inc flu hosp,,,04,quantile,0.3,1459
2026-10-10,peak inc flu hosp,,,04,quantile,0.35,1738
2026-10-10,peak inc flu hosp,,,04,quantile,0.4,1948
2026-10-10,peak inc flu hosp,,,04,quantile,0.45,2199
2026-10-10,peak inc flu hosp,,,04,quantile,0.5,2464
2026-10-10,peak inc flu hosp,,,04,quantile,0.55,2759
2026-10-10,peak inc flu hosp,,,04,quantile,0.6,3100
2026-10-10,peak inc flu hosp,,,04,quantile,0.65,3629
2026-10-10,peak inc flu hosp,,,04,quantile,0.7,4074
2026-10-10,peak inc flu hosp,,,04,quantile,0.75,4470
2026-10-10,peak inc flu hosp,,,04,quantile,0.8,5419
2026-10-10,peak inc flu hosp,,,04,quantile,0.85,5692
2026-10-10,peak inc flu hosp,,,04,quantile,0.9,5692
2026-10-10,peak inc flu hosp,,,04,quantile,0.95,5692
2026-10-10,peak inc flu hosp,,,04,quantile,0.975,5692
2026-10-10,peak inc flu hosp,,,04,quantile,0.99,5692
2026-10-10,peak inc flu hosp,,,05,quantile,0.01,47
2026-10-10,peak inc flu hosp,,,05,quantile,0.025,78
2026-10-10,peak inc flu hosp,,,05,quantile,0.05,119
2026-10-10,peak inc flu hosp,,,05,quantile,0.1,168
2026-10-10,peak inc flu hosp,,,05,quantile,0.15,256
2026-10-10,peak inc flu hosp,,,05,quantile,0.2,336
2026-10-10,peak inc flu hosp,,,05,quantile,0.25,405
2026-10-10,peak inc flu hosp,,,05,quantile,0.3,461
2026-10-10,peak inc flu hosp,,,05,quantile,0.35,530
2026-10-10,peak inc flu hosp,,,05,quantile,0.4,607
2026-10-10,peak inc flu hosp,,,05,quantile,0.45,668
2026-10-10,peak inc flu hosp,,,05,quantile,0.5,781
2026-10-10,peak inc flu hosp,,,05,quantile,0.55,897
2026-10-10,peak inc flu hosp,,,05,quantile,0.6,1066
2026-10-10,peak inc flu hosp,,,05,quantile,0.65,1256
2026-10-10,peak inc flu hosp,,,05,quantile,0.7,1425
2026-10-10,peak inc flu hosp,,,05,quantile,0.75,1500
2026-10-10,peak inc flu hosp,,,05,quantile,0.8,1500
2026-10-10,peak inc flu hosp,,,05,quantile,0.85,1500
2026-10-10,peak inc flu hosp,,,05,quantile,0.9,1500
2026-10-10,peak inc flu hosp,,,05,quantile,0.95,1500
2026-10-10,peak inc flu hosp,,,05,quantile,0.975,1500
2026-10-10,peak inc flu hosp,,,05,quantile,0.99,1500
2026-10-10,peak inc flu hosp,,,06,quantile,0.01,593
2026-10-10,peak inc flu hosp,,,06,quantile,0.025,762
2026-10-10,peak inc flu hosp,,,06,quantile,0.05,1062
2026-10-10,peak inc flu hosp,,,06,quantile,0.1,1825
2026-10-10,peak inc flu hosp,,,06,quantile,0.15,3298
2026-10-10,peak inc flu hosp,,,06,quantile,0.2,4852
2026-10-10,peak inc flu hosp,,,06,quantile,0.25,6557
2026-10-10,peak inc flu hosp,,,06,quantile,0.3,7778
2026-10-10,peak inc flu hosp,,,06,quantile,0.35,9198
2026-10-10,peak inc flu hosp,,,06,quantile,0.4,9198
2026-10-10,peak inc flu hosp,,,06,quantile,0.45,9198
2026-10-10,peak inc flu hosp,,,06,quantile,0.5,9198
2026-10-10,peak inc flu hosp,,,06,quantile,0.55,9198
2026-10-10,peak inc flu hosp,,,06,quantile,0.6,9198
2026-10-10,peak inc flu hosp,,,06,quantile,0.65,9198
2026-10-10,peak inc flu hosp,,,06,quantile,0.7,9198
2026-10-10,peak inc flu hosp,,,06,quantile,0.75,9198
2026-10-10,peak inc flu hosp,,,06,quantile,0.8,9198
2026-10-10,peak inc flu hosp,,,06,quantile,0.85,9198
2026-10-10,peak inc flu hosp,,,06,quantile,0.9,9198
2026-10-10,peak inc flu hosp,,,06,quantile,0.95,9198
2026-10-10,peak inc flu hosp,,,06,quantile,0.975,9198
2026-10-10,peak inc flu hosp,,,06,quantile,0.99,9198
2026-10-10,peak inc flu hosp,,,08,quantile,0.01,63
2026-10-10,peak inc flu hosp,,,08,quantile,0.025,109
2026-10-10,peak inc flu hosp,,,08,quantile,0.05,187
2026-10-10,peak inc flu hosp,,,08,quantile,0.1,325
2026-10-10,peak inc flu hosp,,,08,quantile,0.15,451
2026-10-10,peak inc flu hosp,,,08,quantile,0.2,549
2026-10-10,peak inc flu hosp,,,08,quantile,0.25,701
2026-10-10,peak inc flu hosp,,,08,quantile,0.3,803
2026-10-10,peak inc flu hosp,,,08,quantile,0.35,973
2026-10-10,peak inc flu hosp,,,08,quantile,0.4,1123
2026-10-10,peak inc flu hosp,,,08,quantile,0.45,1282
2026-10-10,peak inc flu hosp,,,08,quantile,0.5,1479
2026-10-10,peak inc flu hosp,,,08,quantile,0.55,1660
2026-10-10,peak inc flu hosp,,,08,quantile,0.6,1660
2026-10-10,peak inc flu hosp,,,08,quantile,0.65,1660
2026-10-10,peak inc flu hosp,,,08,quantile,0.7,1660
2026-10-10,peak inc flu hosp,,,08,quantile,0.75,1660
2026-10-10,peak inc flu hosp,,,08,quantile,0.8,1660
2026-10-10,peak inc flu hosp,,,08,quantile,0.85,1660
2026-10-10,peak inc flu hosp,,,08,quantile,0.9,1660
2026-10-10,peak inc flu hosp,,,08,quantile,0.95,1660
2026-10-10,peak inc flu hosp,,,08,quantile,0.975,1660
2026-10-10,peak inc flu hosp,,,08,quantile,0.99,1660
2026-10-10,peak inc flu hosp,,,09,quantile,0.01,30
2026-10-10,peak inc flu hosp,,,09,quantile,0.025,68
2026-10-10,peak inc flu hosp,,,09,quantile,0.05,114
2026-10-10,peak inc flu hosp,,,09,quantile,0.1,171
2026-10-10,peak inc flu hosp,,,09,quantile,0.15,235
2026-10-10,peak inc flu hosp,,,09,quantile,0.2,285
2026-10-10,peak inc flu hosp,,,09,quantile,0.25,339
2026-10-10,peak inc flu hosp,,,09,quantile,0.3,421
2026-10-10,peak inc flu hosp,,,09,quantile,0.35,490
2026-10-10,peak inc flu hosp,,,09,quantile,0.4,615
2026-10-10,peak inc flu hosp,,,09,quantile,0.45,710
2026-10-10,peak inc flu hosp,,,09,quantile,0.5,813
2026-10-10,peak inc flu hosp,,,09,quantile,0.55,978
2026-10-10,peak inc flu hosp,,,09,quantile,0.6,1167
2026-10-10,peak inc flu hosp,,,09,quantile,0.65,1320
2026-10-10,peak inc flu hosp,,,09,quantile,0.7,1556
2026-10-10,peak inc flu hosp,,,09,quantile,0.75,1556
2026-10-10,peak inc flu hosp,,,09,quantile,0.8,1556
2026-10-10,peak inc flu hosp,,,09,quantile,0.85,1556
2026-10-10,peak inc flu hosp,,,09,quantile,0.9,1556
2026-10-10,peak inc flu hosp,,,09,quantile,0.95,1556
2026-10-10,peak inc flu hosp,,,09,quantile,0.975,1556
2026-10-10,peak inc flu hosp,,,09,quantile,0.99,1556
2026-10-10,peak inc flu hosp,,,10,quantile,0.01,10
2026-10-10,peak inc flu hosp,,,10,quantile,0.025,10
2026-10-10,peak inc flu hosp,,,10,quantile,0.05,10
2026-10-10,peak inc flu hosp,,,10,quantile,0.1,24
2026-10-10,peak inc flu hosp,,,10,quantile,0.15,37
2026-10-10,peak inc flu hosp,,,10,quantile,0.2,57
2026-10-10,peak inc flu hosp,,,10,quantile,0.25,80
2026-10-10,peak inc flu hosp,,,10,quantile,0.3,120
2026-10-10,peak inc flu hosp,,,10,quantile,0.35,169
2026-10-10,peak inc flu hosp,,,10,quantile,0.4,243
2026-10-10,peak inc flu hosp,,,10,quantile,0.45,335
2026-10-10,peak inc flu hosp,,,10,quantile,0.5,449
2026-10-10,peak inc flu hosp,,,10,quantile,0.55,462
2026-10-10,peak inc flu hosp,,,10,quantile,0.6,462
2026-10-10,peak inc flu hosp,,,10,quantile,0.65,462
2026-10-10,peak inc flu hosp,,,10,quantile,0.7,462
2026-10-10,peak inc flu hosp,,,10,quantile,0.75,462
2026-10-10,peak inc flu hosp,,,10,quantile,0.8,462
2026-10-10,peak inc flu hosp,,,10,quantile,0.85,462
2026-10-10,peak inc flu hosp,,,10,quantile,0.9,462
2026-10-10,peak inc flu hosp,,,10,quantile,0.95,462
2026-10-10,peak inc flu hosp,,,10,quantile,0.975,462
2026-10-10,peak inc flu hosp,,,10,quantile,0.99,462
2026-10-10,peak inc flu hosp,,,11,quantile,0.01,3
2026-10-10,peak inc flu hosp,,,11,quantile,0.025,16
2026-10-10,peak inc flu hosp,,,11,quantile,0.05,34
2026-10-10,peak inc flu hosp,,,11,quantile,0.1,56
2026-10-10,peak inc flu hosp,,,11,quantile,0.15,73
2026-10-10,peak inc flu hosp,,,11,quantile,0.2,89
2026-10-10,peak inc flu hosp,,,11,quantile,0.25,104
2026-10-10,peak inc flu hosp,,,11,quantile,0.3,120
2026-10-10,peak inc flu hosp,,,11,quantile,0.35,134
2026-10-10,peak inc flu hosp,,,11,quantile,0.4,148
2026-10-10,peak inc flu hosp,,,11,quantile,0.45,164
2026-10-10,peak inc flu hosp,,,11,quantile,0.5,184
2026-10-10,peak inc flu hosp,,,11,quantile,0.55,200
2026-10-10,peak inc flu hosp,,,11,quantile,0.6,227
2026-10-10,peak inc flu hosp,,,11,quantile,0.65,257
2026-10-10,peak inc flu hosp,,,11,quantile,0.7,289
2026-10-10,peak inc flu hosp,,,11,quantile,0.75,338
2026-10-10,peak inc flu hosp,,,11,quantile,0.8,385
2026-10-10,peak inc flu hosp,,,11,quantile,0.85,459
2026-10-10,peak inc flu hosp,,,11,quantile,0.9,518
2026-10-10,peak inc flu hosp,,,11,quantile,0.95,518
2026-10-10,peak inc flu hosp,,,11,quantile,0.975,518
2026-10-10,peak inc flu hosp,,,11,quantile,0.99,518
2026-10-10,peak inc flu hosp,,,12,quantile,0.01,1087
2026-10-10,peak inc flu hosp,,,12,quantile,0.025,1134
2026-10-10,peak inc flu hosp,,,12,quantile,0.05,1293
2026-10-10,peak inc flu hosp,,,12,quantile,0.1,1541
2026-10-10,peak inc flu hosp,,,12,quantile,0.15,1843
2026-10-10,peak inc flu hosp,,,12,quantile,0.2,2402
2026-10-10,peak inc flu hosp,,,12,quantile,0.25,4276
2026-10-10,peak inc flu hosp,,,12,quantile,0.3,5270
2026-10-10,peak inc flu hosp,,,12,quantile,0.35,6080
2026-10-10,peak inc flu hosp,,,12,quantile,0.4,6703
2026-10-10,peak inc flu hosp,,,12,quantile,0.45,7522
2026-10-10,peak inc flu hosp,,,12,quantile,0.5,7574
2026-10-10,peak inc flu hosp,,,12,quantile,0.55,7574
2026-10-10,peak inc flu hosp,,,12,quantile,0.6,7574
2026-10-10,peak inc flu hosp,,,12,quantile,0.65,7574
2026-10-10,peak inc flu hosp,,,12,quantile,0.7,7574
2026-10-10,peak inc flu hosp,,,12,quantile,0.75,7574
2026-10-10,peak inc flu hosp,,,12,quantile,0.8,7574
2026-10-10,peak inc flu hosp,,,12,quantile,0.85,7574
2026-10-10,peak inc flu hosp,,,12,quantile,0.9,7574
2026-10-10,peak inc flu hosp,,,12,quantile,0.95,7574
2026-10-10,peak inc flu hosp,,,12,quantile,0.975,7574
2026-10-10,peak inc flu hosp,,,12,quantile,0.99,7574
2026-10-10,peak inc flu hosp,,,13,quantile,0.01,63
2026-10-10,peak inc flu hosp,,,13,quantile,0.025,173
2026-10-10,peak inc flu hosp,,,13,quantile,0.05,307
2026-10-10,peak inc flu hosp,,,13,quantile,0.1,546
2026-10-10,peak inc flu hosp,,,13,quantile,0.15,729
2026-10-10,peak inc flu hosp,,,13,quantile,0.2,932
2026-10-10,peak inc flu hosp,,,13,quantile,0.25,1102
2026-10-10,peak inc flu hosp,,,13,quantile,0.3,1277
2026-10-10,peak inc flu hosp,,,13,quantile,0.35,1483
2026-10-10,peak inc flu hosp,,,13,quantile,0.4,1647
2026-10-10,peak inc flu hosp,,,13,quantile,0.45,1863
2026-10-10,peak inc flu hosp,,,13,quantile,0.5,2142
2026-10-10,peak inc flu hosp,,,13,quantile,0.55,2407
2026-10-10,peak inc flu hosp,,,13,quantile,0.6,2678
2026-10-10,peak inc flu hosp,,,13,quantile,0.65,2800
2026-10-10,peak inc flu hosp,,,13,quantile,0.7,2800
2026-10-10,peak inc flu hosp,,,13,quantile,0.75,2800
2026-10-10,peak inc flu hosp,,,13,quantile,0.8,2800
2026-10-10,peak inc flu hosp,,,13,quantile,0.85,2800
2026-10-10,peak inc flu hosp,,,13,quantile,0.9,2800
2026-10-10,peak inc flu hosp,,,13,quantile,0.95,2800
2026-10-10,peak inc flu hosp,,,13,quantile,0.975,2800
2026-10-10,peak inc flu hosp,,,13,quantile,0.99,2800
2026-10-10,peak inc flu hosp,,,15,quantile,0.01,101
2026-10-10,peak inc flu hosp,,,15,quantile,0.025,136
2026-10-10,peak inc flu hosp,,,15,quantile,0.05,186
2026-10-10,peak inc flu hosp,,,15,quantile,0.1,250
2026-10-10,peak inc flu hosp,,,15,quantile,0.15,250
2026-10-10,peak inc flu hosp,,,15,quantile,0.2,250
2026-10-10,peak inc flu hosp,,,15,quantile,0.25,250
2026-10-10,peak inc flu hosp,,,15,quantile,0.3,250
2026-10-10,peak inc flu hosp,,,15,quantile,0.35,250
2026-10-10,peak inc flu hosp,,,15,quantile,0.4,250
2026-10-10,peak inc flu hosp,,,15,quantile,0.45,250
2026-10-10,peak inc flu hosp,,,15,quantile,0.5,250
2026-10-10,peak inc flu hosp,,,15,quantile,0.55,250
2026-10-10,peak inc flu hosp,,,15,quantile,0.6,250
2026-10-10,peak inc flu hosp,,,15,quantile,0.65,250
2026-10-10,peak inc flu hosp,,,15,quantile,0.7,250
2026-10-10,peak inc flu hosp,,,15,quantile,0.75,250
2026-10-10,peak inc flu hosp,,,15,quantile,0.8,250
2026-10-10,peak inc flu hosp,,,15,quantile,0.85,250
2026-10-10,peak inc flu hosp,,,15,quantile,0.9,250
2026-10-10,peak inc flu hosp,,,15,quantile,0.95,250
2026-10-10,peak inc flu hosp,,,15,quantile,0.975,250
2026-10-10,peak inc flu hosp,,,15,quantile,0.99,250
2026-10-10,peak inc flu hosp,,,16,quantile,0.01,18
2026-10-10,peak inc flu hosp,,,16,quantile,0.025,31
2026-10-10,peak inc flu hosp,,,16,quantile,0.05,91
2026-10-10,peak inc flu hosp,,,16,quantile,0.1,179
2026-10-10,peak inc flu hosp,,,16,quantile,0.15,230
2026-10-10,peak inc flu hosp,,,16,quantile,0.2,267
2026-10-10,peak inc flu hosp,,,16,quantile,0.25,316
2026-10-10,peak inc flu hosp,,,16,quantile,0.3,364
2026-10-10,peak inc flu hosp,,,16,quantile,0.35,401
2026-10-10,peak inc flu hosp,,,16,quantile,0.4,462
2026-10-10,peak inc flu hosp,,,16,quantile,0.45,537
2026-10-10,peak inc flu hosp,,,16,quantile,0.5,598
2026-10-10,peak inc flu hosp,,,16,quantile,0.55,665
2026-10-10,peak inc flu hosp,,,16,quantile,0.6,666
2026-10-10,peak inc flu hosp,,,16,quantile,0.65,666
2026-10-10,peak inc flu hosp,,,16,quantile,0.7,666
2026-10-10,peak inc flu hosp,,,16,quantile,0.75,666
2026-10-10,peak inc flu hosp,,,16,quantile,0.8,666
2026-10-10,peak inc flu hosp,,,16,quantile,0.85,666
2026-10-10,peak inc flu hosp,,,16,quantile,0.9,666
2026-10-10,peak inc flu hosp,,,16,quantile,0.95,666
2026-10-10,peak inc flu hosp,,,16,quantile,0.975,666
2026-10-10,peak inc flu hosp,,,16,quantile,0.99,666
2026-10-10,peak inc flu hosp,,,17,quantile,0.01,113
2026-10-10,peak inc flu hosp,,,17,quantile,0.025,192
2026-10-10,peak inc flu hosp,,,17,quantile,0.05,310
2026-10-10,peak inc flu hosp,,,17,quantile,0.1,551
2026-10-10,peak inc flu hosp,,,17,quantile,0.15,802
2026-10-10,peak inc flu hosp,,,17,quantile,0.2,1044
2026-10-10,peak inc flu hosp,,,17,quantile,0.25,1295
2026-10-10,peak inc flu hosp,,,17,quantile,0.3,1540
2026-10-10,peak inc flu hosp,,,17,quantile,0.35,1866
2026-10-10,peak inc flu hosp,,,17,quantile,0.4,2310
2026-10-10,peak inc flu hosp,,,17,quantile,0.45,2822
2026-10-10,peak inc flu hosp,,,17,quantile,0.5,3250
2026-10-10,peak inc flu hosp,,,17,quantile,0.55,3792
2026-10-10,peak inc flu hosp,,,17,quantile,0.6,4391
2026-10-10,peak inc flu hosp,,,17,quantile,0.65,4738
2026-10-10,peak inc flu hosp,,,17,quantile,0.7,4738
2026-10-10,peak inc flu hosp,,,17,quantile,0.75,4738
2026-10-10,peak inc flu hosp,,,17,quantile,0.8,4738
2026-10-10,peak inc flu hosp,,,17,quantile,0.85,4738
2026-10-10,peak inc flu hosp,,,17,quantile,0.9,4738
2026-10-10,peak inc flu hosp,,,17,quantile,0.95,4738
2026-10-10,peak inc flu hosp,,,17,quantile,0.975,4738
2026-10-10,peak inc flu hosp,,,17,quantile,0.99,4738
2026-10-10,peak inc flu hosp,,,18,quantile,0.01,106
2026-10-10,peak inc flu hosp,,,18,quantile,0.025,143
2026-10-10,peak inc flu hosp,,,18,quantile,0.05,201
2026-10-10,peak inc flu hosp,,,18,quantile,0.1,336
2026-10-10,peak inc flu hosp,,,18,quantile,0.15,440
2026-10-10,peak inc flu hosp,,,18,quantile,0.2,546
2026-10-10,peak inc flu hosp,,,18,quantile,0.25,679
2026-10-10,peak inc flu hosp,,,18,quantile,0.3,801
2026-10-10,peak inc flu hosp,,,18,quantile,0.35,928
2026-10-10,peak inc flu hosp,,,18,quantile,0.4,1127
2026-10-10,peak inc flu hosp,,,18,quantile,0.45,1309
2026-10-10,peak inc flu hosp,,,18,quantile,0.5,1458
2026-10-10,peak inc flu hosp,,,18,quantile,0.55,1637
2026-10-10,peak inc flu hosp,,,18,quantile,0.6,1869
2026-10-10,peak inc flu hosp,,,18,quantile,0.65,2076
2026-10-10,peak inc flu hosp,,,18,quantile,0.7,2379
2026-10-10,peak inc flu hosp,,,18,quantile,0.75,2754
2026-10-10,peak inc flu hosp,,,18,quantile,0.8,3209
2026-10-10,peak inc flu hosp,,,18,quantile,0.85,3434
2026-10-10,peak inc flu hosp,,,18,quantile,0.9,3434
2026-10-10,peak inc flu hosp,,,18,quantile,0.95,3434
2026-10-10,peak inc flu hosp,,,18,quantile,0.975,3434
2026-10-10,peak inc flu hosp,,,18,quantile,0.99,3434
2026-10-10,peak inc flu hosp,,,19,quantile,0.01,22
2026-10-10,peak inc flu hosp,,,19,quantile,0.025,40
2026-10-10,peak inc flu hosp,,,19,quantile,0.05,70
2026-10-10,peak inc flu hosp,,,19,quantile,0.1,112
2026-10-10,peak inc flu hosp,,,19,quantile,0.15,150
2026-10-10,peak inc flu hosp,,,19,quantile,0.2,200
2026-10-10,peak inc flu hosp,,,19,quantile,0.25,255
2026-10-10,peak inc flu hosp,,,19,quantile,0.3,308
2026-10-10,peak inc flu hosp,,,19,quantile,0.35,371
2026-10-10,peak inc flu hosp,,,19,quantile,0.4,455
2026-10-10,peak inc flu hosp,,,19,quantile,0.45,550
2026-10-10,peak inc flu hosp,,,19,quantile,0.5,654
2026-10-10,peak inc flu hosp,,,19,quantile,0.55,811
2026-10-10,peak inc flu hosp,,,19,quantile,0.6,960
2026-10-10,peak inc flu hosp,,,19,quantile,0.65,1136
2026-10-10,peak inc flu hosp,,,19,quantile,0.7,1200
2026-10-10,peak inc flu hosp,,,19,quantile,0.75,1200
2026-10-10,peak inc flu hosp,,,19,quantile,0.8,1200
2026-10-10,peak inc flu hosp,,,19,quantile,0.85,1200
2026-10-10,peak inc flu hosp,,,19,quantile,0.9,1200
2026-10-10,peak inc flu hosp,,,19,quantile,0.95,1200
2026-10-10,peak inc flu hosp,,,19,quantile,0.975,1200
2026-10-10,peak inc flu hosp,,,19,quantile,0.99,1200
2026-10-10,peak inc flu hosp,,,20,quantile,0.01,20
2026-10-10,peak inc flu hosp,,,20,quantile,0.025,59
2026-10-10,peak inc flu hosp,,,20,quantile,0.05,108
2026-10-10,peak inc flu hosp,,,20,quantile,0.1,166
2026-10-10,peak inc flu hosp,,,20,quantile,0.15,212
2026-10-10,peak inc flu hosp,,,20,quantile,0.2,270
2026-10-10,peak inc flu hosp,,,20,quantile,0.25,307
2026-10-10,peak inc flu hosp,,,20,quantile,0.3,352
2026-10-10,peak inc flu hosp,,,20,quantile,0.35,392
2026-10-10,peak inc flu hosp,,,20,quantile,0.4,445
2026-10-10,peak inc flu hosp,,,20,quantile,0.45,506
2026-10-10,peak inc flu hosp,,,20,quantile,0.5,580
2026-10-10,peak inc flu hosp,,,20,quantile,0.55,667
2026-10-10,peak inc flu hosp,,,20,quantile,0.6,752
2026-10-10,peak inc flu hosp,,,20,quantile,0.65,850
2026-10-10,peak inc flu hosp,,,20,quantile,0.7,962
2026-10-10,peak inc flu hosp,,,20,quantile,0.75,1038
2026-10-10,peak inc flu hosp,,,20,quantile,0.8,1038
2026-10-10,peak inc flu hosp,,,20,quantile,0.85,1038
2026-10-10,peak inc flu hosp,,,20,quantile,0.9,1038
2026-10-10,peak inc flu hosp,,,20,quantile,0.95,1038
2026-10-10,peak inc flu hosp,,,20,quantile,0.975,1038
2026-10-10,peak inc flu hosp,,,20,quantile,0.99,1038
2026-10-10,peak inc flu hosp,,,21,quantile,0.01,80
2026-10-10,peak inc flu hosp,,,21,quantile,0.025,127
2026-10-10,peak inc flu hosp,,,21,quantile,0.05,215
2026-10-10,peak inc flu hosp,,,21,quantile,0.1,418
2026-10-10,peak inc flu hosp,,,21,quantile,0.15,581
2026-10-10,peak inc flu hosp,,,21,quantile,0.2,772
2026-10-10,peak inc flu hosp,,,21,quantile,0.25,1021
2026-10-10,peak inc flu hosp,,,21,quantile,0.3,1241
2026-10-10,peak inc flu hosp,,,21,quantile,0.35,1454
2026-10-10,peak inc flu hosp,,,21,quantile,0.4,1725
2026-10-10,peak inc flu hosp,,,21,quantile,0.45,2115
2026-10-10,peak inc flu hosp,,,21,quantile,0.5,2406
2026-10-10,peak inc flu hosp,,,21,quantile,0.55,2406
2026-10-10,peak inc flu hosp,,,21,quantile,0.6,2406
2026-10-10,peak inc flu hosp,,,21,quantile,0.65,2406
2026-10-10,peak inc flu hosp,,,21,quantile,0.7,2406
2026-10-10,peak inc flu hosp,,,21,quantile,0.75,2406
2026-10-10,peak inc flu hosp,,,21,quantile,0.8,2406
2026-10-10,peak inc flu hosp,,,21,quantile,0.85,2406
2026-10-10,peak inc flu hosp,,,21,quantile,0.9,2406
2026-10-10,peak inc flu hosp,,,21,quantile,0.95,2406
2026-10-10,peak inc flu hosp,,,21,quantile,0.975,2406
2026-10-10,peak inc flu hosp,,,21,quantile,0.99,2406
2026-10-10,peak inc flu hosp,,,22,quantile,0.01,136
2026-10-10,peak inc flu hosp,,,22,quantile,0.025,218
2026-10-10,peak inc flu hosp,,,22,quantile,0.05,338
2026-10-10,peak inc flu hosp,,,22,quantile,0.1,679
2026-10-10,peak inc flu hosp,,,22,quantile,0.15,1112
2026-10-10,peak inc flu hosp,,,22,quantile,0.2,1426
2026-10-10,peak inc flu hosp,,,22,quantile,0.25,1426
2026-10-10,peak inc flu hosp,,,22,quantile,0.3,1426
2026-10-10,peak inc flu hosp,,,22,quantile,0.35,1426
2026-10-10,peak inc flu hosp,,,22,quantile,0.4,1426
2026-10-10,peak inc flu hosp,,,22,quantile,0.45,1426
2026-10-10,peak inc flu hosp,,,22,quantile,0.5,1426
2026-10-10,peak inc flu hosp,,,22,quantile,0.55,1426
2026-10-10,peak inc flu hosp,,,22,quantile,0.6,1426
2026-10-10,peak inc flu hosp,,,22,quantile,0.65,1426
2026-10-10,peak inc flu hosp,,,22,quantile,0.7,1426
2026-10-10,peak inc flu hosp,,,22,quantile,0.75,1426
2026-10-10,peak inc flu hosp,,,22,quantile,0.8,1426
2026-10-10,peak inc flu hosp,,,22,quantile,0.85,1426
2026-10-10,peak inc flu hosp,,,22,quantile,0.9,1426
2026-10-10,peak inc flu hosp,,,22,quantile,0.95,1426
2026-10-10,peak inc flu hosp,,,22,quantile,0.975,1426
2026-10-10,peak inc flu hosp,,,22,quantile,0.99,1426
2026-10-10,peak inc flu hosp,,,23,quantile,0.01,21
2026-10-10,peak inc flu hosp,,,23,quantile,0.025,33
2026-10-10,peak inc flu hosp,,,23,quantile,0.05,48
2026-10-10,peak inc flu hosp,,,23,quantile,0.1,101
2026-10-10,peak inc flu hosp,,,23,quantile,0.15,152
2026-10-10,peak inc flu hosp,,,23,quantile,0.2,213
2026-10-10,peak inc flu hosp,,,23,quantile,0.25,263
2026-10-10,peak inc flu hosp,,,23,quantile,0.3,310
2026-10-10,peak inc flu hosp,,,23,quantile,0.35,378
2026-10-10,peak inc flu hosp,,,23,quantile,0.4,466
2026-10-10,peak inc flu hosp,,,23,quantile,0.45,534
2026-10-10,peak inc flu hosp,,,23,quantile,0.5,534
2026-10-10,peak inc flu hosp,,,23,quantile,0.55,534
2026-10-10,peak inc flu hosp,,,23,quantile,0.6,534
2026-10-10,peak inc flu hosp,,,23,quantile,0.65,534
2026-10-10,peak inc flu hosp,,,23,quantile,0.7,534
2026-10-10,peak inc flu hosp,,,23,quantile,0.75,534
2026-10-10,peak inc flu hosp,,,23,quantile,0.8,534
2026-10-10,peak inc flu hosp,,,23,quantile,0.85,534
2026-10-10,peak inc flu hosp,,,23,quantile,0.9,534
2026-10-10,peak inc flu hosp,,,23,quantile,0.95,534
2026-10-10,peak inc flu hosp,,,23,quantile,0.975,534
2026-10-10,peak inc flu hosp,,,23,quantile,0.99,534
2026-10-10,peak inc flu hosp,,,24,quantile,0.01,28
2026-10-10,peak inc flu hosp,,,24,quantile,0.025,96
2026-10-10,peak inc flu hosp,,,24,quantile,0.05,189
2026-10-10,peak inc flu hosp,,,24,quantile,0.1,260
2026-10-10,peak inc flu hosp,,,24,quantile,0.15,330
2026-10-10,peak inc flu hosp,,,24,quantile,0.2,403
2026-10-10,peak inc flu hosp,,,24,quantile,0.25,474
2026-10-10,peak inc flu hosp,,,24,quantile,0.3,539
2026-10-10,peak inc flu hosp,,,24,quantile,0.35,619
2026-10-10,peak inc flu hosp,,,24,quantile,0.4,726
2026-10-10,peak inc flu hosp,,,24,quantile,0.45,857
2026-10-10,peak inc flu hosp,,,24,quantile,0.5,970
2026-10-10,peak inc flu hosp,,,24,quantile,0.55,1148
2026-10-10,peak inc flu hosp,,,24,quantile,0.6,1301
2026-10-10,peak inc flu hosp,,,24,quantile,0.65,1481
2026-10-10,peak inc flu hosp,,,24,quantile,0.7,1718
2026-10-10,peak inc flu hosp,,,24,quantile,0.75,1939
2026-10-10,peak inc flu hosp,,,24,quantile,0.8,2172
2026-10-10,peak inc flu hosp,,,24,quantile,0.85,2172
2026-10-10,peak inc flu hosp,,,24,quantile,0.9,2172
2026-10-10,peak inc flu hosp,,,24,quantile,0.95,2172
2026-10-10,peak inc flu hosp,,,24,quantile,0.975,2172
2026-10-10,peak inc flu hosp,,,24,quantile,0.99,2172
2026-10-10,peak inc flu hosp,,,25,quantile,0.01,22
2026-10-10,peak inc flu hosp,,,25,quantile,0.025,46
2026-10-10,peak inc flu hosp,,,25,quantile,0.05,113
2026-10-10,peak inc flu hosp,,,25,quantile,0.1,224
2026-10-10,peak inc flu hosp,,,25,quantile,0.15,351
2026-10-10,peak inc flu hosp,,,25,quantile,0.2,464
2026-10-10,peak inc flu hosp,,,25,quantile,0.25,557
2026-10-10,peak inc flu hosp,,,25,quantile,0.3,639
2026-10-10,peak inc flu hosp,,,25,quantile,0.35,760
2026-10-10,peak inc flu hosp,,,25,quantile,0.4,906
2026-10-10,peak inc flu hosp,,,25,quantile,0.45,1038
2026-10-10,peak inc flu hosp,,,25,quantile,0.5,1178
2026-10-10,peak inc flu hosp,,,25,quantile,0.55,1344
2026-10-10,peak inc flu hosp,,,25,quantile,0.6,1565
2026-10-10,peak inc flu hosp,,,25,quantile,0.65,1795
2026-10-10,peak inc flu hosp,,,25,quantile,0.7,2119
2026-10-10,peak inc flu hosp,,,25,quantile,0.75,2580
2026-10-10,peak inc flu hosp,,,25,quantile,0.8,3239
2026-10-10,peak inc flu hosp,,,25,quantile,0.85,3274
2026-10-10,peak inc flu hosp,,,25,quantile,0.9,3274
2026-10-10,peak inc flu hosp,,,25,quantile,0.95,3274
2026-10-10,peak inc flu hosp,,,25,quantile,0.975,3274
2026-10-10,peak inc flu hosp,,,25,quantile,0.99,3274
2026-10-10,peak inc flu hosp,,,26,quantile,0.01,58
2026-10-10,peak inc flu hosp,,,26,quantile,0.025,239
2026-10-10,peak inc flu hosp,,,26,quantile,0.05,334
2026-10-10,peak inc flu hosp,,,26,quantile,0.1,534
2026-10-10,peak inc flu hosp,,,26,quantile,0.15,700
2026-10-10,peak inc flu hosp,,,26,quantile,0.2,857
2026-10-10,peak inc flu hosp,,,26,quantile,0.25,1001
2026-10-10,peak inc flu hosp,,,26,quantile,0.3,1164
2026-10-10,peak inc flu hosp,,,26,quantile,0.35,1320
2026-10-10,peak inc flu hosp,,,26,quantile,0.4,1456
2026-10-10,peak inc flu hosp,,,26,quantile,0.45,1614
2026-10-10,peak inc flu hosp,,,26,quantile,0.5,1830
2026-10-10,peak inc flu hosp,,,26,quantile,0.55,2066
2026-10-10,peak inc flu hosp,,,26,quantile,0.6,2355
2026-10-10,peak inc flu hosp,,,26,quantile,0.65,2689
2026-10-10,peak inc flu hosp,,,26,quantile,0.7,2989
2026-10-10,peak inc flu hosp,,,26,quantile,0.75,3428
2026-10-10,peak inc flu hosp,,,26,quantile,0.8,3598
2026-10-10,peak inc flu hosp,,,26,quantile,0.85,3598
2026-10-10,peak inc flu hosp,,,26,quantile,0.9,3598
2026-10-10,peak inc flu hosp,,,26,quantile,0.95,3598
2026-10-10,peak inc flu hosp,,,26,quantile,0.975,3598
2026-10-10,peak inc flu hosp,,,26,quantile,0.99,3598
2026-10-10,peak inc flu hosp,,,27,quantile,0.01,57
2026-10-10,peak inc flu hosp,,,27,quantile,0.025,85
2026-10-10,peak inc flu hosp,,,27,quantile,0.05,158
2026-10-10,peak inc flu hosp,,,27,quantile,0.1,316
2026-10-10,peak inc flu hosp,,,27,quantile,0.15,395
2026-10-10,peak inc flu hosp,,,27,quantile,0.2,472
2026-10-10,peak inc flu hosp,,,27,quantile,0.25,531
2026-10-10,peak inc flu hosp,,,27,quantile,0.3,598
2026-10-10,peak inc flu hosp,,,27,quantile,0.35,668
2026-10-10,peak inc flu hosp,,,27,quantile,0.4,741
2026-10-10,peak inc flu hosp,,,27,quantile,0.45,823
2026-10-10,peak inc flu hosp,,,27,quantile,0.5,899
2026-10-10,peak inc flu hosp,,,27,quantile,0.55,982
2026-10-10,peak inc flu hosp,,,27,quantile,0.6,1123
2026-10-10,peak inc flu hosp,,,27,quantile,0.65,1296
2026-10-10,peak inc flu hosp,,,27,quantile,0.7,1446
2026-10-10,peak inc flu hosp,,,27,quantile,0.75,1625
2026-10-10,peak inc flu hosp,,,27,quantile,0.8,1862
2026-10-10,peak inc flu hosp,,,27,quantile,0.85,2123
2026-10-10,peak inc flu hosp,,,27,quantile,0.9,2126
2026-10-10,peak inc flu hosp,,,27,quantile,0.95,2126
2026-10-10,peak inc flu hosp,,,27,quantile,0.975,2126
2026-10-10,peak inc flu hosp,,,27,quantile,0.99,2126
2026-10-10,peak inc flu hosp,,,28,quantile,0.01,24
2026-10-10,peak inc flu hosp,,,28,quantile,0.025,45
2026-10-10,peak inc flu hosp,,,28,quantile,0.05,86
2026-10-10,peak inc flu hosp,,,28,quantile,0.1,146
2026-10-10,peak inc flu hosp,,,28,quantile,0.15,216
2026-10-10,peak inc flu hosp,,,28,quantile,0.2,270
2026-10-10,peak inc flu hosp,,,28,quantile,0.25,337
2026-10-10,peak inc flu hosp,,,28,quantile,0.3,432
2026-10-10,peak inc flu hosp,,,28,quantile,0.35,575
2026-10-10,peak inc flu hosp,,,28,quantile,0.4,695
2026-10-10,peak inc flu hosp,,,28,quantile,0.45,821
2026-10-10,peak inc flu hosp,,,28,quantile,0.5,966
2026-10-10,peak inc flu hosp,,,28,quantile,0.55,1119
2026-10-10,peak inc flu hosp,,,28,quantile,0.6,1178
2026-10-10,peak inc flu hosp,,,28,quantile,0.65,1178
2026-10-10,peak inc flu hosp,,,28,quantile,0.7,1178
2026-10-10,peak inc flu hosp,,,28,quantile,0.75,1178
2026-10-10,peak inc flu hosp,,,28,quantile,0.8,1178
2026-10-10,peak inc flu hosp,,,28,quantile,0.85,1178
2026-10-10,peak inc flu hosp,,,28,quantile,0.9,1178
2026-10-10,peak inc flu hosp,,,28,quantile,0.95,1178
2026-10-10,peak inc flu hosp,,,28,quantile,0.975,1178
2026-10-10,peak inc flu hosp,,,28,quantile,0.99,1178
2026-10-10,peak inc flu hosp,,,29,quantile,0.01,51
2026-10-10,peak inc flu hosp,,,29,quantile,0.025,131
2026-10-10,peak inc flu hosp,,,29,quantile,0.05,289
2026-10-10,peak inc flu hosp,,,29,quantile,0.1,449
2026-10-10,peak inc flu hosp,,,29,quantile,0.15,582
2026-10-10,peak inc flu hosp,,,29,quantile,0.2,664
2026-10-10,peak inc flu hosp,,,29,quantile,0.25,821
2026-10-10,peak inc flu hosp,,,29,quantile,0.3,935
2026-10-10,peak inc flu hosp,,,29,quantile,0.35,1071
2026-10-10,peak inc flu hosp,,,29,quantile,0.4,1226
2026-10-10,peak inc flu hosp,,,29,quantile,0.45,1369
2026-10-10,peak inc flu hosp,,,29,quantile,0.5,1514
2026-10-10,peak inc flu hosp,,,29,quantile,0.55,1705
2026-10-10,peak inc flu hosp,,,29,quantile,0.6,1952
2026-10-10,peak inc flu hosp,,,29,quantile,0.65,2236
2026-10-10,peak inc flu hosp,,,29,quantile,0.7,2489
2026-10-10,peak inc flu hosp,,,29,quantile,0.75,2850
2026-10-10,peak inc flu hosp,,,29,quantile,0.8,2850
2026-10-10,peak inc flu hosp,,,29,quantile,0.85,2850
2026-10-10,peak inc flu hosp,,,29,quantile,0.9,2850
2026-10-10,peak inc flu hosp,,,29,quantile,0.95,2850
2026-10-10,peak inc flu hosp,,,29,quantile,0.975,2850
2026-10-10,peak inc flu hosp,,,29,quantile,0.99,2850
2026-10-10,peak inc flu hosp,,,30,quantile,0.01,17
2026-10-10,peak inc flu hosp,,,30,quantile,0.025,17
2026-10-10,peak inc flu hosp,,,30,quantile,0.05,26
2026-10-10,peak inc flu hosp,,,30,quantile,0.1,48
2026-10-10,peak inc flu hosp,,,30,quantile,0.15,76
2026-10-10,peak inc flu hosp,,,30,quantile,0.2,109
2026-10-10,peak inc flu hosp,,,30,quantile,0.25,162
2026-10-10,peak inc flu hosp,,,30,quantile,0.3,237
2026-10-10,peak inc flu hosp,,,30,quantile,0.35,305
2026-10-10,peak inc flu hosp,,,30,quantile,0.4,407
2026-10-10,peak inc flu hosp,,,30,quantile,0.45,416
2026-10-10,peak inc flu hosp,,,30,quantile,0.5,416
2026-10-10,peak inc flu hosp,,,30,quantile,0.55,416
2026-10-10,peak inc flu hosp,,,30,quantile,0.6,416
2026-10-10,peak inc flu hosp,,,30,quantile,0.65,416
2026-10-10,peak inc flu hosp,,,30,quantile,0.7,416
2026-10-10,peak inc flu hosp,,,30,quantile,0.75,416
2026-10-10,peak inc flu hosp,,,30,quantile,0.8,416
2026-10-10,peak inc flu hosp,,,30,quantile,0.85,416
2026-10-10,peak inc flu hosp,,,30,quantile,0.9,416
2026-10-10,peak inc flu hosp,,,30,quantile,0.95,416
2026-10-10,peak inc flu hosp,,,30,quantile,0.975,416
2026-10-10,peak inc flu hosp,,,30,quantile,0.99,416
2026-10-10,peak inc flu hosp,,,31,quantile,0.01,19
2026-10-10,peak inc flu hosp,,,31,quantile,0.025,19
2026-10-10,peak inc flu hosp,,,31,quantile,0.05,30
2026-10-10,peak inc flu hosp,,,31,quantile,0.1,56
2026-10-10,peak inc flu hosp,,,31,quantile,0.15,97
2026-10-10,peak inc flu hosp,,,31,quantile,0.2,138
2026-10-10,peak inc flu hosp,,,31,quantile,0.25,185
2026-10-10,peak inc flu hosp,,,31,quantile,0.3,240
2026-10-10,peak inc flu hosp,,,31,quantile,0.35,312
2026-10-10,peak inc flu hosp,,,31,quantile,0.4,417
2026-10-10,peak inc flu hosp,,,31,quantile,0.45,535
2026-10-10,peak inc flu hosp,,,31,quantile,0.5,638
2026-10-10,peak inc flu hosp,,,31,quantile,0.55,638
2026-10-10,peak inc flu hosp,,,31,quantile,0.6,638
2026-10-10,peak inc flu hosp,,,31,quantile,0.65,638
2026-10-10,peak inc flu hosp,,,31,quantile,0.7,638
2026-10-10,peak inc flu hosp,,,31,quantile,0.75,638
2026-10-10,peak inc flu hosp,,,31,quantile,0.8,638
2026-10-10,peak inc flu hosp,,,31,quantile,0.85,638
2026-10-10,peak inc flu hosp,,,31,quantile,0.9,638
2026-10-10,peak inc flu hosp,,,31,quantile,0.95,638
2026-10-10,peak inc flu hosp,,,31,quantile,0.975,638
2026-10-10,peak inc flu hosp,,,31,quantile,0.99,638
2026-10-10,peak inc flu hosp,,,32,quantile,0.01,52
2026-10-10,peak inc flu hosp,,,32,quantile,0.025,71
2026-10-10,peak inc flu hosp,,,32,quantile,0.05,146
2026-10-10,peak inc flu hosp,,,32,quantile,0.1,323
2026-10-10,peak inc flu hosp,,,32,quantile,0.15,459
2026-10-10,peak inc flu hosp,,,32,quantile,0.2,599
2026-10-10,peak inc flu hosp,,,32,quantile,0.25,740
2026-10-10,peak inc flu hosp,,,32,quantile,0.3,899
2026-10-10,peak inc flu hosp,,,32,quantile,0.35,956
2026-10-10,peak inc flu hosp,,,32,quantile,0.4,956
2026-10-10,peak inc flu hosp,,,32,quantile,0.45,956
2026-10-10,peak inc flu hosp,,,32,quantile,0.5,956
2026-10-10,peak inc flu hosp,,,32,quantile,0.55,956
2026-10-10,peak inc flu hosp,,,32,quantile,0.6,956
2026-10-10,peak inc flu hosp,,,32,quantile,0.65,956
2026-10-10,peak inc flu hosp,,,32,quantile,0.7,956
2026-10-10,peak inc flu hosp,,,32,quantile,0.75,956
2026-10-10,peak inc flu hosp,,,32,quantile,0.8,956
2026-10-10,peak inc flu hosp,,,32,quantile,0.85,956
2026-10-10,peak inc flu hosp,,,32,quantile,0.9,956
2026-10-10,peak inc flu hosp,,,32,quantile,0.95,956
2026-10-10,peak inc flu hosp,,,32,quantile,0.975,956
2026-10-10,peak inc flu hosp,,,32,quantile,0.99,956
2026-10-10,peak inc flu hosp,,,33,quantile,0.01,11
2026-10-10,peak inc flu hosp,,,33,quantile,0.025,16
2026-10-10,peak inc flu hosp,,,33,quantile,0.05,26
2026-10-10,peak inc flu hosp,,,33,quantile,0.1,44
2026-10-10,peak inc flu hosp,,,33,quantile,0.15,64
2026-10-10,peak inc flu hosp,,,33,quantile,0.2,84
2026-10-10,peak inc flu hosp,,,33,quantile,0.25,107
2026-10-10,peak inc flu hosp,,,33,quantile,0.3,140
2026-10-10,peak inc flu hosp,,,33,quantile,0.35,170
2026-10-10,peak inc flu hosp,,,33,quantile,0.4,213
2026-10-10,peak inc flu hosp,,,33,quantile,0.45,253
2026-10-10,peak inc flu hosp,,,33,quantile,0.5,310
2026-10-10,peak inc flu hosp,,,33,quantile,0.55,399
2026-10-10,peak inc flu hosp,,,33,quantile,0.6,533
2026-10-10,peak inc flu hosp,,,33,quantile,0.65,580
2026-10-10,peak inc flu hosp,,,33,quantile,0.7,580
2026-10-10,peak inc flu hosp,,,33,quantile,0.75,580
2026-10-10,peak inc flu hosp,,,33,quantile,0.8,580
2026-10-10,peak inc flu hosp,,,33,quantile,0.85,580
2026-10-10,peak inc flu hosp,,,33,quantile,0.9,580
2026-10-10,peak inc flu hosp,,,33,quantile,0.95,580
2026-10-10,peak inc flu hosp,,,33,quantile,0.975,580
2026-10-10,peak inc flu hosp,,,33,quantile,0.99,580
2026-10-10,peak inc flu hosp,,,34,quantile,0.01,104
2026-10-10,peak inc flu hosp,,,34,quantile,0.025,215
2026-10-10,peak inc flu hosp,,,34,quantile,0.05,362
2026-10-10,peak inc flu hosp,,,34,quantile,0.1,543
2026-10-10,peak inc flu hosp,,,34,quantile,0.15,782
2026-10-10,peak inc flu hosp,,,34,quantile,0.2,994
2026-10-10,peak inc flu hosp,,,34,quantile,0.25,1263
2026-10-10,peak inc flu hosp,,,34,quantile,0.3,1528
2026-10-10,peak inc flu hosp,,,34,quantile,0.35,1862
2026-10-10,peak inc flu hosp,,,34,quantile,0.4,2215
2026-10-10,peak inc flu hosp,,,34,quantile,0.45,2570
2026-10-10,peak inc flu hosp,,,34,quantile,0.5,2935
2026-10-10,peak inc flu hosp,,,34,quantile,0.55,3437
2026-10-10,peak inc flu hosp,,,34,quantile,0.6,3776
2026-10-10,peak inc flu hosp,,,34,quantile,0.65,3776
2026-10-10,peak inc flu hosp,,,34,quantile,0.7,3776
2026-10-10,peak inc flu hosp,,,34,quantile,0.75,3776
2026-10-10,peak inc flu hosp,,,34,quantile,0.8,3776
2026-10-10,peak inc flu hosp,,,34,quantile,0.85,3776
2026-10-10,peak inc flu hosp,,,34,quantile,0.9,3776
2026-10-10,peak inc flu hosp,,,34,quantile,0.95,3776
2026-10-10,peak inc flu hosp,,,34,quantile,0.975,3776
2026-10-10,peak inc flu hosp,,,34,quantile,0.99,3776
2026-10-10,peak inc flu hosp,,,35,quantile,0.01,24
2026-10-10,peak inc flu hosp,,,35,quantile,0.025,54
2026-10-10,peak inc flu hosp,,,35,quantile,0.05,90
2026-10-10,peak inc flu hosp,,,35,quantile,0.1,153
2026-10-10,peak inc flu hosp,,,35,quantile,0.15,184
2026-10-10,peak inc flu hosp,,,35,quantile,0.2,231
2026-10-10,peak inc flu hosp,,,35,quantile,0.25,266
2026-10-10,peak inc flu hosp,,,35,quantile,0.3,298
2026-10-10,peak inc flu hosp,,,35,quantile,0.35,344
2026-10-10,peak inc flu hosp,,,35,quantile,0.4,390
2026-10-10,peak inc flu hosp,,,35,quantile,0.45,437
2026-10-10,peak inc flu hosp,,,35,quantile,0.5,492
2026-10-10,peak inc flu hosp,,,35,quantile,0.55,556
2026-10-10,peak inc flu hosp,,,35,quantile,0.6,627
2026-10-10,peak inc flu hosp,,,35,quantile,0.65,712
2026-10-10,peak inc flu hosp,,,35,quantile,0.7,789
2026-10-10,peak inc flu hosp,,,35,quantile,0.75,818
2026-10-10,peak inc flu hosp,,,35,quantile,0.8,818
2026-10-10,peak inc flu hosp,,,35,quantile,0.85,818
2026-10-10,peak inc flu hosp,,,35,quantile,0.9,818
2026-10-10,peak inc flu hosp,,,35,quantile,0.95,818
2026-10-10,peak inc flu hosp,,,35,quantile,0.975,818
2026-10-10,peak inc flu hosp,,,35,quantile,0.99,818
2026-10-10,peak inc flu hosp,,,36,quantile,0.01,320
2026-10-10,peak inc flu hosp,,,36,quantile,0.025,447
2026-10-10,peak inc flu hosp,,,36,quantile,0.05,628
2026-10-10,peak inc flu hosp,,,36,quantile,0.1,1209
2026-10-10,peak inc flu hosp,,,36,quantile,0.15,1646
2026-10-10,peak inc flu hosp,,,36,quantile,0.2,1977
2026-10-10,peak inc flu hosp,,,36,quantile,0.25,2310
2026-10-10,peak inc flu hosp,,,36,quantile,0.3,2672
2026-10-10,peak inc flu hosp,,,36,quantile,0.35,3063
2026-10-10,peak inc flu hosp,,,36,quantile,0.4,3372
2026-10-10,peak inc flu hosp,,,36,quantile,0.45,3642
2026-10-10,peak inc flu hosp,,,36,quantile,0.5,3997
2026-10-10,peak inc flu hosp,,,36,quantile,0.55,4432
2026-10-10,peak inc flu hosp,,,36,quantile,0.6,4832
2026-10-10,peak inc flu hosp,,,36,quantile,0.65,5344
2026-10-10,peak inc flu hosp,,,36,quantile,0.7,6023
2026-10-10,peak inc flu hosp,,,36,quantile,0.75,6902
2026-10-10,peak inc flu hosp,,,36,quantile,0.8,7740
2026-10-10,peak inc flu hosp,,,36,quantile,0.85,7740
2026-10-10,peak inc flu hosp,,,36,quantile,0.9,7740
2026-10-10,peak inc flu hosp,,,36,quantile,0.95,7740
2026-10-10,peak inc flu hosp,,,36,quantile,0.975,7740
2026-10-10,peak inc flu hosp,,,36,quantile,0.99,7740
2026-10-10,peak inc flu hosp,,,37,quantile,0.01,176
2026-10-10,peak inc flu hosp,,,37,quantile,0.025,322
2026-10-10,peak inc flu hosp,,,37,quantile,0.05,523
2026-10-10,peak inc flu hosp,,,37,quantile,0.1,851
2026-10-10,peak inc flu hosp,,,37,quantile,0.15,1069
2026-10-10,peak inc flu hosp,,,37,quantile,0.2,1288
2026-10-10,peak inc flu hosp,,,37,quantile,0.25,1581
2026-10-10,peak inc flu hosp,,,37,quantile,0.3,1862
2026-10-10,peak inc flu hosp,,,37,quantile,0.35,2191
2026-10-10,peak inc flu hosp,,,37,quantile,0.4,2439
2026-10-10,peak inc flu hosp,,,37,quantile,0.45,2787
2026-10-10,peak inc flu hosp,,,37,quantile,0.5,3236
2026-10-10,peak inc flu hosp,,,37,quantile,0.55,3625
2026-10-10,peak inc flu hosp,,,37,quantile,0.6,4235
2026-10-10,peak inc flu hosp,,,37,quantile,0.65,4922
2026-10-10,peak inc flu hosp,,,37,quantile,0.7,4922
2026-10-10,peak inc flu hosp,,,37,quantile,0.75,4922
2026-10-10,peak inc flu hosp,,,37,quantile,0.8,4922
2026-10-10,peak inc flu hosp,,,37,quantile,0.85,4922
2026-10-10,peak inc flu hosp,,,37,quantile,0.9,4922
2026-10-10,peak inc flu hosp,,,37,quantile,0.95,4922
2026-10-10,peak inc flu hosp,,,37,quantile,0.975,4922
2026-10-10,peak inc flu hosp,,,37,quantile,0.99,4922
2026-10-10,peak inc flu hosp,,,38,quantile,0.01,9
2026-10-10,peak inc flu hosp,,,38,quantile,0.025,18
2026-10-10,peak inc flu hosp,,,38,quantile,0.05,35
2026-10-10,peak inc flu hosp,,,38,quantile,0.1,56
2026-10-10,peak inc flu hosp,,,38,quantile,0.15,69
2026-10-10,peak inc flu hosp,,,38,quantile,0.2,89
2026-10-10,peak inc flu hosp,,,38,quantile,0.25,111
2026-10-10,peak inc flu hosp,,,38,quantile,0.3,129
2026-10-10,peak inc flu hosp,,,38,quantile,0.35,149
2026-10-10,peak inc flu hosp,,,38,quantile,0.4,169
2026-10-10,peak inc flu hosp,,,38,quantile,0.45,193
2026-10-10,peak inc flu hosp,,,38,quantile,0.5,227
2026-10-10,peak inc flu hosp,,,38,quantile,0.55,252
2026-10-10,peak inc flu hosp,,,38,quantile,0.6,291
2026-10-10,peak inc flu hosp,,,38,quantile,0.65,318
2026-10-10,peak inc flu hosp,,,38,quantile,0.7,318
2026-10-10,peak inc flu hosp,,,38,quantile,0.75,318
2026-10-10,peak inc flu hosp,,,38,quantile,0.8,318
2026-10-10,peak inc flu hosp,,,38,quantile,0.85,318
2026-10-10,peak inc flu hosp,,,38,quantile,0.9,318
2026-10-10,peak inc flu hosp,,,38,quantile,0.95,318
2026-10-10,peak inc flu hosp,,,38,quantile,0.975,318
2026-10-10,peak inc flu hosp,,,38,quantile,0.99,318
2026-10-10,peak inc flu hosp,,,39,quantile,0.01,100
2026-10-10,peak inc flu hosp,,,39,quantile,0.025,227
2026-10-10,peak inc flu hosp,,,39,quantile,0.05,471
2026-10-10,peak inc flu hosp,,,39,quantile,0.1,808
2026-10-10,peak inc flu hosp,,,39,quantile,0.15,1001
2026-10-10,peak inc flu hosp,,,39,quantile,0.2,1271
2026-10-10,peak inc flu hosp,,,39,quantile,0.25,1508
2026-10-10,peak inc flu hosp,,,39,quantile,0.3,1781
2026-10-10,peak inc flu hosp,,,39,quantile,0.35,2065
2026-10-10,peak inc flu hosp,,,39,quantile,0.4,2408
2026-10-10,peak inc flu hosp,,,39,quantile,0.45,2709
2026-10-10,peak inc flu hosp,,,39,quantile,0.5,3090
2026-10-10,peak inc flu hosp,,,39,quantile,0.55,3493
2026-10-10,peak inc flu hosp,,,39,quantile,0.6,3981
2026-10-10,peak inc flu hosp,,,39,quantile,0.65,4440
2026-10-10,peak inc flu hosp,,,39,quantile,0.7,5057
2026-10-10,peak inc flu hosp,,,39,quantile,0.75,5827
2026-10-10,peak inc flu hosp,,,39,quantile,0.8,6797
2026-10-10,peak inc flu hosp,,,39,quantile,0.85,7410
2026-10-10,peak inc flu hosp,,,39,quantile,0.9,7410
2026-10-10,peak inc flu hosp,,,39,quantile,0.95,7410
2026-10-10,peak inc flu hosp,,,39,quantile,0.975,7410
2026-10-10,peak inc flu hosp,,,39,quantile,0.99,7410
2026-10-10,peak inc flu hosp,,,40,quantile,0.01,40
2026-10-10,peak inc flu hosp,,,40,quantile,0.025,74
2026-10-10,peak inc flu hosp,,,40,quantile,0.05,131
2026-10-10,peak inc flu hosp,,,40,quantile,0.1,198
2026-10-10,peak inc flu hosp,,,40,quantile,0.15,278
2026-10-10,peak inc flu hosp,,,40,quantile,0.2,384
2026-10-10,peak inc flu hosp,,,40,quantile,0.25,465
2026-10-10,peak inc flu hosp,,,40,quantile,0.3,566
2026-10-10,peak inc flu hosp,,,40,quantile,0.35,671
2026-10-10,peak inc flu hosp,,,40,quantile,0.4,796
2026-10-10,peak inc flu hosp,,,40,quantile,0.45,956
2026-10-10,peak inc flu hosp,,,40,quantile,0.5,1131
2026-10-10,peak inc flu hosp,,,40,quantile,0.55,1344
2026-10-10,peak inc flu hosp,,,40,quantile,0.6,1594
2026-10-10,peak inc flu hosp,,,40,quantile,0.65,1827
2026-10-10,peak inc flu hosp,,,40,quantile,0.7,2119
2026-10-10,peak inc flu hosp,,,40,quantile,0.75,2228
2026-10-10,peak inc flu hosp,,,40,quantile,0.8,2228
2026-10-10,peak inc flu hosp,,,40,quantile,0.85,2228
2026-10-10,peak inc flu hosp,,,40,quantile,0.9,2228
2026-10-10,peak inc flu hosp,,,40,quantile,0.95,2228
2026-10-10,peak inc flu hosp,,,40,quantile,0.975,2228
2026-10-10,peak inc flu hosp,,,40,quantile,0.99,2228
2026-10-10,peak inc flu hosp,,,41,quantile,0.01,49
2026-10-10,peak inc flu hosp,,,41,quantile,0.025,78
2026-10-10,peak inc flu hosp,,,41,quantile,0.05,153
2026-10-10,peak inc flu hosp,,,41,quantile,0.1,287
2026-10-10,peak inc flu hosp,,,41,quantile,0.15,396
2026-10-10,peak inc flu hosp,,,41,quantile,0.2,546
2026-10-10,peak inc flu hosp,,,41,quantile,0.25,659
2026-10-10,peak inc flu hosp,,,41,quantile,0.3,816
2026-10-10,peak inc flu hosp,,,41,quantile,0.35,992
2026-10-10,peak inc flu hosp,,,41,quantile,0.4,1205
2026-10-10,peak inc flu hosp,,,41,quantile,0.45,1372
2026-10-10,peak inc flu hosp,,,41,quantile,0.5,1372
2026-10-10,peak inc flu hosp,,,41,quantile,0.55,1372
2026-10-10,peak inc flu hosp,,,41,quantile,0.6,1372
2026-10-10,peak inc flu hosp,,,41,quantile,0.65,1372
2026-10-10,peak inc flu hosp,,,41,quantile,0.7,1372
2026-10-10,peak inc flu hosp,,,41,quantile,0.75,1372
2026-10-10,peak inc flu hosp,,,41,quantile,0.8,1372
2026-10-10,peak inc flu hosp,,,41,quantile,0.85,1372
2026-10-10,peak inc flu hosp,,,41,quantile,0.9,1372
2026-10-10,peak inc flu hosp,,,41,quantile,0.95,1372
2026-10-10,peak inc flu hosp,,,41,quantile,0.975,1372
2026-10-10,peak inc flu hosp,,,41,quantile,0.99,1372
2026-10-10,peak inc flu hosp,,,42,quantile,0.01,190
2026-10-10,peak inc flu hosp,,,42,quantile,0.025,222
2026-10-10,peak inc flu hosp,,,42,quantile,0.05,575
2026-10-10,peak inc flu hosp,,,42,quantile,0.1,1980
2026-10-10,peak inc flu hosp,,,42,quantile,0.15,2548
2026-10-10,peak inc flu hosp,,,42,quantile,0.2,3153
2026-10-10,peak inc flu hosp,,,42,quantile,0.25,3790
2026-10-10,peak inc flu hosp,,,42,quantile,0.3,4442
2026-10-10,peak inc flu hosp,,,42,quantile,0.35,5335
2026-10-10,peak inc flu hosp,,,42,quantile,0.4,6168
2026-10-10,peak inc flu hosp,,,42,quantile,0.45,7122
2026-10-10,peak inc flu hosp,,,42,quantile,0.5,8041
2026-10-10,peak inc flu hosp,,,42,quantile,0.55,8819
2026-10-10,peak inc flu hosp,,,42,quantile,0.6,9138
2026-10-10,peak inc flu hosp,,,42,quantile,0.65,9138
2026-10-10,peak inc flu hosp,,,42,quantile,0.7,9138
2026-10-10,peak inc flu hosp,,,42,quantile,0.75,9138
2026-10-10,peak inc flu hosp,,,42,quantile,0.8,9138
2026-10-10,peak inc flu hosp,,,42,quantile,0.85,9138
2026-10-10,peak inc flu hosp,,,42,quantile,0.9,9138
2026-10-10,peak inc flu hosp,,,42,quantile,0.95,9138
2026-10-10,peak inc flu hosp,,,42,quantile,0.975,9138
2026-10-10,peak inc flu hosp,,,42,quantile,0.99,9138
2026-10-10,peak inc flu hosp,,,44,quantile,0.01,10
2026-10-10,peak inc flu hosp,,,44,quantile,0.025,19
2026-10-10,peak inc flu hosp,,,44,quantile,0.05,32
2026-10-10,peak inc flu hosp,,,44,quantile,0.1,51
2026-10-10,peak inc flu hosp,,,44,quantile,0.15,72
2026-10-10,peak inc flu hosp,,,44,quantile,0.2,95
2026-10-10,peak inc flu hosp,,,44,quantile,0.25,125
2026-10-10,peak inc flu hosp,,,44,quantile,0.3,151
2026-10-10,peak inc flu hosp,,,44,quantile,0.35,187
2026-10-10,peak inc flu hosp,,,44,quantile,0.4,231
2026-10-10,peak inc flu hosp,,,44,quantile,0.45,275
2026-10-10,peak inc flu hosp,,,44,quantile,0.5,336
2026-10-10,peak inc flu hosp,,,44,quantile,0.55,400
2026-10-10,peak inc flu hosp,,,44,quantile,0.6,475
2026-10-10,peak inc flu hosp,,,44,quantile,0.65,553
2026-10-10,peak inc flu hosp,,,44,quantile,0.7,570
2026-10-10,peak inc flu hosp,,,44,quantile,0.75,570
2026-10-10,peak inc flu hosp,,,44,quantile,0.8,570
2026-10-10,peak inc flu hosp,,,44,quantile,0.85,570
2026-10-10,peak inc flu hosp,,,44,quantile,0.9,570
2026-10-10,peak inc flu hosp,,,44,quantile,0.95,570
2026-10-10,peak inc flu hosp,,,44,quantile,0.975,570
2026-10-10,peak inc flu hosp,,,44,quantile,0.99,570
2026-10-10,peak inc flu hosp,,,45,quantile,0.01,69
2026-10-10,peak inc flu hosp,,,45,quantile,0.025,109
2026-10-10,peak inc flu hosp,,,45,quantile,0.05,175
2026-10-10,peak inc flu hosp,,,45,quantile,0.1,296
2026-10-10,peak inc flu hosp,,,45,quantile,0.15,387
2026-10-10,peak inc flu hosp,,,45,quantile,0.2,481
2026-10-10,peak inc flu hosp,,,45,quantile,0.25,592
2026-10-10,peak inc flu hosp,,,45,quantile,0.3,717
2026-10-10,peak inc flu hosp,,,45,quantile,0.35,826
2026-10-10,peak inc flu hosp,,,45,quantile,0.4,919
2026-10-10,peak inc flu hosp,,,45,quantile,0.45,1013
2026-10-10,peak inc flu hosp,,,45,quantile,0.5,1160
2026-10-10,peak inc flu hosp,,,45,quantile,0.55,1295
2026-10-10,peak inc flu hosp,,,45,quantile,0.6,1480
2026-10-10,peak inc flu hosp,,,45,quantile,0.65,1685
2026-10-10,peak inc flu hosp,,,45,quantile,0.7,1942
2026-10-10,peak inc flu hosp,,,45,quantile,0.75,2298
2026-10-10,peak inc flu hosp,,,45,quantile,0.8,2574
2026-10-10,peak inc flu hosp,,,45,quantile,0.85,2574
2026-10-10,peak inc flu hosp,,,45,quantile,0.9,2574
2026-10-10,peak inc flu hosp,,,45,quantile,0.95,2574
2026-10-10,peak inc flu hosp,,,45,quantile,0.975,2574
2026-10-10,peak inc flu hosp,,,45,quantile,0.99,2574
2026-10-10,peak inc flu hosp,,,46,quantile,0.01,10
2026-10-10,peak inc flu hosp,,,46,quantile,0.025,16
2026-10-10,peak inc flu hosp,,,46,quantile,0.05,27
2026-10-10,peak inc flu hosp,,,46,quantile,0.1,43
2026-10-10,peak inc flu hosp,,,46,quantile,0.15,60
2026-10-10,peak inc flu hosp,,,46,quantile,0.2,80
2026-10-10,peak inc flu hosp,,,46,quantile,0.25,101
2026-10-10,peak inc flu hosp,,,46,quantile,0.3,121
2026-10-10,peak inc flu hosp,,,46,quantile,0.35,145
2026-10-10,peak inc flu hosp,,,46,quantile,0.4,167
2026-10-10,peak inc flu hosp,,,46,quantile,0.45,195
2026-10-10,peak inc flu hosp,,,46,quantile,0.5,226
2026-10-10,peak inc flu hosp,,,46,quantile,0.55,265
2026-10-10,peak inc flu hosp,,,46,quantile,0.6,305
2026-10-10,peak inc flu hosp,,,46,quantile,0.65,358
2026-10-10,peak inc flu hosp,,,46,quantile,0.7,414
2026-10-10,peak inc flu hosp,,,46,quantile,0.75,414
2026-10-10,peak inc flu hosp,,,46,quantile,0.8,414
2026-10-10,peak inc flu hosp,,,46,quantile,0.85,414
2026-10-10,peak inc flu hosp,,,46,quantile,0.9,414
2026-10-10,peak inc flu hosp,,,46,quantile,0.95,414
2026-10-10,peak inc flu hosp,,,46,quantile,0.975,414
2026-10-10,peak inc flu hosp,,,46,quantile,0.99,414
2026-10-10,peak inc flu hosp,,,47,quantile,0.01,97
2026-10-10,peak inc flu hosp,,,47,quantile,0.025,155
2026-10-10,peak inc flu hosp,,,47,quantile,0.05,229
2026-10-10,peak inc flu hosp,,,47,quantile,0.1,693
2026-10-10,peak inc flu hosp,,,47,quantile,0.15,928
2026-10-10,peak inc flu hosp,,,47,quantile,0.2,1120
2026-10-10,peak inc flu hosp,,,47,quantile,0.25,1286
2026-10-10,peak inc flu hosp,,,47,quantile,0.3,1502
2026-10-10,peak inc flu hosp,,,47,quantile,0.35,1654
2026-10-10,peak inc flu hosp,,,47,quantile,0.4,1858
2026-10-10,peak inc flu hosp,,,47,quantile,0.45,2083
2026-10-10,peak inc flu hosp,,,47,quantile,0.5,2134
2026-10-10,peak inc flu hosp,,,47,quantile,0.55,2134
2026-10-10,peak inc flu hosp,,,47,quantile,0.6,2134
2026-10-10,peak inc flu hosp,,,47,quantile,0.65,2134
2026-10-10,peak inc flu hosp,,,47,quantile,0.7,2134
2026-10-10,peak inc flu hosp,,,47,quantile,0.75,2134
2026-10-10,peak inc flu hosp,,,47,quantile,0.8,2134
2026-10-10,peak inc flu hosp,,,47,quantile,0.85,2134
2026-10-10,peak inc flu hosp,,,47,quantile,0.9,2134
2026-10-10,peak inc flu hosp,,,47,quantile,0.95,2134
2026-10-10,peak inc flu hosp,,,47,quantile,0.975,2134
2026-10-10,peak inc flu hosp,,,47,quantile,0.99,2134
2026-10-10,peak inc flu hosp,,,48,quantile,0.01,449
2026-10-10,peak inc flu hosp,,,48,quantile,0.025,716
2026-10-10,peak inc flu hosp,,,48,quantile,0.05,1500
2026-10-10,peak inc flu hosp,,,48,quantile,0.1,2998
2026-10-10,peak inc flu hosp,,,48,quantile,0.15,4405
2026-10-10,peak inc flu hosp,,,48,quantile,0.2,5505
2026-10-10,peak inc flu hosp,,,48,quantile,0.25,6579
2026-10-10,peak inc flu hosp,,,48,quantile,0.3,7601
2026-10-10,peak inc flu hosp,,,48,quantile,0.35,8792
2026-10-10,peak inc flu hosp,,,48,quantile,0.4,9458
2026-10-10,peak inc flu hosp,,,48,quantile,0.45,9458
2026-10-10,peak inc flu hosp,,,48,quantile,0.5,9458
2026-10-10,peak inc flu hosp,,,48,quantile,0.55,9458
2026-10-10,peak inc flu hosp,,,48,quantile,0.6,9458
2026-10-10,peak inc flu hosp,,,48,quantile,0.65,9458
2026-10-10,peak inc flu hosp,,,48,quantile,0.7,9458
2026-10-10,peak inc flu hosp,,,48,quantile,0.75,9458
2026-10-10,peak inc flu hosp,,,48,quantile,0.8,9458
2026-10-10,peak inc flu hosp,,,48,quantile,0.85,9458
2026-10-10,peak inc flu hosp,,,48,quantile,0.9,9458
2026-10-10,peak inc flu hosp,,,48,quantile,0.95,9458
2026-10-10,peak inc flu hosp,,,48,quantile,0.975,9458
2026-10-10,peak inc flu hosp,,,48,quantile,0.99,9458
2026-10-10,peak inc flu hosp,,,49,quantile,0.01,31
2026-10-10,peak inc flu hosp,,,49,quantile,0.025,45
2026-10-10,peak inc flu hosp,,,49,quantile,0.05,81
2026-10-10,peak inc flu hosp,,,49,quantile,0.1,198
2026-10-10,peak inc flu hosp,,,49,quantile,0.15,319
2026-10-10,peak inc flu hosp,,,49,quantile,0.2,408
2026-10-10,peak inc flu hosp,,,49,quantile,0.25,500
2026-10-10,peak inc flu hosp,,,49,quantile,0.3,574
2026-10-10,peak inc flu hosp,,,49,quantile,0.35,693
2026-10-10,peak inc flu hosp,,,49,quantile,0.4,776
2026-10-10,peak inc flu hosp,,,49,quantile,0.45,776
2026-10-10,peak inc flu hosp,,,49,quantile,0.5,776
2026-10-10,peak inc flu hosp,,,49,quantile,0.55,776
2026-10-10,peak inc flu hosp,,,49,quantile,0.6,776
2026-10-10,peak inc flu hosp,,,49,quantile,0.65,776
2026-10-10,peak inc flu hosp,,,49,quantile,0.7,776
2026-10-10,peak inc flu hosp,,,49,quantile,0.75,776
2026-10-10,peak inc flu hosp,,,49,quantile,0.8,776
2026-10-10,peak inc flu hosp,,,49,quantile,0.85,776
2026-10-10,peak inc flu hosp,,,49,quantile,0.9,776
2026-10-10,peak inc flu hosp,,,49,quantile,0.95,776
2026-10-10,peak inc flu hosp,,,49,quantile,0.975,776
2026-10-10,peak inc flu hosp,,,49,quantile,0.99,776
2026-10-10,peak inc flu hosp,,,50,quantile,0.01,3
2026-10-10,peak inc flu hosp,,,50,quantile,0.025,7
2026-10-10,peak inc flu hosp,,,50,quantile,0.05,12
2026-10-10,peak inc flu hosp,,,50,quantile,0.1,19
2026-10-10,peak inc flu hosp,,,50,quantile,0.15,26
2026-10-10,peak inc flu hosp,,,50,quantile,0.2,35
2026-10-10,peak inc flu hosp,,,50,quantile,0.25,44
2026-10-10,peak inc flu hosp,,,50,quantile,0.3,52
2026-10-10,peak inc flu hosp,,,50,quantile,0.35,64
2026-10-10,peak inc flu hosp,,,50,quantile,0.4,76
2026-10-10,peak inc flu hosp,,,50,quantile,0.45,87
2026-10-10,peak inc flu hosp,,,50,quantile,0.5,99
2026-10-10,peak inc flu hosp,,,50,quantile,0.55,115
2026-10-10,peak inc flu hosp,,,50,quantile,0.6,134
2026-10-10,peak inc flu hosp,,,50,quantile,0.65,154
2026-10-10,peak inc flu hosp,,,50,quantile,0.7,186
2026-10-10,peak inc flu hosp,,,50,quantile,0.75,227
2026-10-10,peak inc flu hosp,,,50,quantile,0.8,266
2026-10-10,peak inc flu hosp,,,50,quantile,0.85,268
2026-10-10,peak inc flu hosp,,,50,quantile,0.9,268
2026-10-10,peak inc flu hosp,,,50,quantile,0.95,268
2026-10-10,peak inc flu hosp,,,50,quantile,0.975,268
2026-10-10,peak inc flu hosp,,,50,quantile,0.99,268
2026-10-10,peak inc flu hosp,,,51,quantile,0.01,59
2026-10-10,peak inc flu hosp,,,51,quantile,0.025,162
2026-10-10,peak inc flu hosp,,,51,quantile,0.05,270
2026-10-10,peak inc flu hosp,,,51,quantile,0.1,387
2026-10-10,peak inc flu hosp,,,51,quantile,0.15,495
2026-10-10,peak inc flu hosp,,,51,quantile,0.2,634
2026-10-10,peak inc flu hosp,,,51,quantile,0.25,762
2026-10-10,peak inc flu hosp,,,51,quantile,0.3,884
2026-10-10,peak inc flu hosp,,,51,quantile,0.35,1046
2026-10-10,peak inc flu hosp,,,51,quantile,0.4,1210
2026-10-10,peak inc flu hosp,,,51,quantile,0.45,1385
2026-10-10,peak inc flu hosp,,,51,quantile,0.5,1556
2026-10-10,peak inc flu hosp,,,51,quantile,0.55,1820
2026-10-10,peak inc flu hosp,,,51,quantile,0.6,2031
2026-10-10,peak inc flu hosp,,,51,quantile,0.65,2438
2026-10-10,peak inc flu hosp,,,51,quantile,0.7,2630
2026-10-10,peak inc flu hosp,,,51,quantile,0.75,2630
2026-10-10,peak inc flu hosp,,,51,quantile,0.8,2630
2026-10-10,peak inc flu hosp,,,51,quantile,0.85,2630
2026-10-10,peak inc flu hosp,,,51,quantile,0.9,2630
2026-10-10,peak inc flu hosp,,,51,quantile,0.95,2630
2026-10-10,peak inc flu hosp,,,51,quantile,0.975,2630
2026-10-10,peak inc flu hosp,,,51,quantile,0.99,2630
2026-10-10,peak inc flu hosp,,,53,quantile,0.01,319
2026-10-10,peak inc flu hosp,,,53,quantile,0.025,339
2026-10-10,peak inc flu hosp,,,53,quantile,0.05,367
2026-10-10,peak inc flu hosp,,,53,quantile,0.1,783
2026-10-10,peak inc flu hosp,,,53,quantile,0.15,843
2026-10-10,peak inc flu hosp,,,53,quantile,0.2,905
2026-10-10,peak inc flu hosp,,,53,quantile,0.25,1494
2026-10-10,peak inc flu hosp,,,53,quantile,0.3,1494
2026-10-10,peak inc flu hosp,,,53,quantile,0.35,1494
2026-10-10,peak inc flu hosp,,,53,quantile,0.4,1494
2026-10-10,peak inc flu hosp,,,53,quantile,0.45,1494
2026-10-10,peak inc flu hosp,,,53,quantile,0.5,1494
2026-10-10,peak inc flu hosp,,,53,quantile,0.55,1494
2026-10-10,peak inc flu hosp,,,53,quantile,0.6,1494
2026-10-10,peak inc flu hosp,,,53,quantile,0.65,1494
2026-10-10,peak inc flu hosp,,,53,quantile,0.7,1494
2026-10-10,peak inc flu hosp,,,53,quantile,0.75,1494
2026-10-10,peak inc flu hosp,,,53,quantile,0.8,1494
2026-10-10,peak inc flu hosp,,,53,quantile,0.85,1494
2026-10-10,peak inc flu hosp,,,53,quantile,0.9,1494
2026-10-10,peak inc flu hosp,,,53,quantile,0.95,1494
2026-10-10,peak inc flu hosp,,,53,quantile,0.975,1494
2026-10-10,peak inc flu hosp,,,53,quantile,0.99,1494
2026-10-10,peak inc flu hosp,,,54,quantile,0.01,8
2026-10-10,peak inc flu hosp,,,54,quantile,0.025,40
2026-10-10,peak inc flu hosp,,,54,quantile,0.05,81
2026-10-10,peak inc flu hosp,,,54,quantile,0.1,125
2026-10-10,peak inc flu hosp,,,54,quantile,0.15,164
2026-10-10,peak inc flu hosp,,,54,quantile,0.2,202
2026-10-10,peak inc flu hosp,,,54,quantile,0.25,230
2026-10-10,peak inc flu hosp,,,54,quantile,0.3,257
2026-10-10,peak inc flu hosp,,,54,quantile,0.35,298
2026-10-10,peak inc flu hosp,,,54,quantile,0.4,335
2026-10-10,peak inc flu hosp,,,54,quantile,0.45,367
2026-10-10,peak inc flu hosp,,,54,quantile,0.5,402
2026-10-10,peak inc flu hosp,,,54,quantile,0.55,441
2026-10-10,peak inc flu hosp,,,54,quantile,0.6,482
2026-10-10,peak inc flu hosp,,,54,quantile,0.65,523
2026-10-10,peak inc flu hosp,,,54,quantile,0.7,601
2026-10-10,peak inc flu hosp,,,54,quantile,0.75,688
2026-10-10,peak inc flu hosp,,,54,quantile,0.8,787
2026-10-10,peak inc flu hosp,,,54,quantile,0.85,913
2026-10-10,peak inc flu hosp,,,54,quantile,0.9,1096
2026-10-10,peak inc flu hosp,,,54,quantile,0.95,1280
2026-10-10,peak inc flu hosp,,,54,quantile,0.975,1280
2026-10-10,peak inc flu hosp,,,54,quantile,0.99,1280
2026-10-10,peak inc flu hosp,,,55,quantile,0.01,43
2026-10-10,peak inc flu hosp,,,55,quantile,0.025,79
2026-10-10,peak inc flu hosp,,,55,quantile,0.05,276
2026-10-10,peak inc flu hosp,,,55,quantile,0.1,441
2026-10-10,peak inc flu hosp,,,55,quantile,0.15,580
2026-10-10,peak inc flu hosp,,,55,quantile,0.2,728
2026-10-10,peak inc flu hosp,,,55,quantile,0.25,849
2026-10-10,peak inc flu hosp,,,55,quantile,0.3,979
2026-10-10,peak inc flu hosp,,,55,quantile,0.35,1093
2026-10-10,peak inc flu hosp,,,55,quantile,0.4,1274
2026-10-10,peak inc flu hosp,,,55,quantile,0.45,1440
2026-10-10,peak inc flu hosp,,,55,quantile,0.5,1621
2026-10-10,peak inc flu hosp,,,55,quantile,0.55,1853
2026-10-10,peak inc flu hosp,,,55,quantile,0.6,2125
2026-10-10,peak inc flu hosp,,,55,quantile,0.65,2306
2026-10-10,peak inc flu hosp,,,55,quantile,0.7,2306
2026-10-10,peak inc flu hosp,,,55,quantile,0.75,2306
2026-10-10,peak inc flu hosp,,,55,quantile,0.8,2306
2026-10-10,peak inc flu hosp,,,55,quantile,0.85,2306
2026-10-10,peak inc flu hosp,,,55,quantile,0.9,2306
2026-10-10,peak inc flu hosp,,,55,quantile,0.95,2306
2026-10-10,peak inc flu hosp,,,55,quantile,0.975,2306
2026-10-10,peak inc flu hosp,,,55,quantile,0.99,2306
2026-10-10,peak inc flu hosp,,,56,quantile,0.01,4
2026-10-10,peak inc flu hosp,,,56,quantile,0.025,6
2026-10-10,peak inc flu hosp,,,56,quantile,0.05,10
2026-10-10,peak inc flu hosp,,,56,quantile,0.1,18
2026-10-10,peak inc flu hosp,,,56,quantile,0.15,29
2026-10-10,peak inc flu hosp,,,56,quantile,0.2,38
2026-10-10,peak inc flu hosp,,,56,quantile,0.25,49
2026-10-10,peak inc flu hosp,,,56,quantile,0.3,64
2026-10-10,peak inc flu hosp,,,56,quantile,0.35,83
2026-10-10,peak inc flu hosp,,,56,quantile,0.4,104
2026-10-10,peak inc flu hosp,,,56,quantile,0.45,126
2026-10-10,peak inc flu hosp,,,56,quantile,0.5,156
2026-10-10,peak inc flu hosp,,,56,quantile,0.55,188
2026-10-10,peak inc flu hosp,,,56,quantile,0.6,232
2026-10-10,peak inc flu hosp,,,56,quantile,0.65,232
2026-10-10,peak inc flu hosp,,,56,quantile,0.7,232
2026-10-10,peak inc flu hosp,,,56,quantile,0.75,232
2026-10-10,peak inc flu hosp,,,56,quantile,0.8,232
2026-10-10,peak inc flu hosp,,,56,quantile,0.85,232
2026-10-10,peak inc flu hosp,,,56,quantile,0.9,232
2026-10-10,peak inc flu hosp,,,56,quantile,0.95,232
2026-10-10,peak inc flu hosp,,,56,quantile,0.975,232
2026-10-10,peak inc flu hosp,,,56,quantile,0.99,232
2026-10-10,peak inc flu hosp,,,72,quantile,0.01,92
2026-10-10,peak inc flu hosp,,,72,quantile,0.025,124
2026-10-10,peak inc flu hosp,,,72,quantile,0.05,246
2026-10-10,peak inc flu hosp,,,72,quantile,0.1,662
2026-10-10,peak inc flu hosp,,,72,quantile,0.15,1034
2026-10-10,peak inc flu hosp,,,72,quantile,0.2,1263
2026-10-10,peak inc flu hosp,,,72,quantile,0.25,1566
2026-10-10,peak inc flu hosp,,,72,quantile,0.3,2000
2026-10-10,peak inc flu hosp,,,72,quantile,0.35,2348
2026-10-10,peak inc flu hosp,,,72,quantile,0.4,2498
2026-10-10,peak inc flu hosp,,,72,quantile,0.45,2498
2026-10-10,peak inc flu hosp,,,72,quantile,0.5,2498
2026-10-10,peak inc flu hosp,,,72,quantile,0.55,2498
2026-10-10,peak inc flu hosp,,,72,quantile,0.6,2498
2026-10-10,peak inc flu hosp,,,72,quantile,0.65,2498
2026-10-10,peak inc flu hosp,,,72,quantile,0.7,2498
2026-10-10,peak inc flu hosp,,,72,quantile,0.75,2498
2026-10-10,peak inc flu hosp,,,72,quantile,0.8,2498
2026-10-10,peak inc flu hosp,,,72,quantile,0.85,2498
2026-10-10,peak inc flu hosp,,,72,quantile,0.9,2498
2026-10-10,peak inc flu hosp,,,72,quantile,0.95,2498
2026-10-10,peak inc flu hosp,,,72,quantile,0.975,2498
2026-10-10,peak inc flu hosp,,,72,quantile,0.99,2498
2026-10-10,peak inc flu hosp,,,US,quantile,0.01,6393
2026-10-10,peak inc flu hosp,,,US,quantile,0.025,6660
2026-10-10,peak inc flu hosp,,,US,quantile,0.05,7347
2026-10-10,peak inc flu hosp,,,US,quantile,0.1,8252
2026-10-10,peak inc flu hosp,,,US,quantile,0.15,8625
2026-10-10,peak inc flu hosp,,,US,quantile,0.2,8871
2026-10-10,peak inc flu hosp,,,US,quantile,0.25,9222
2026-10-10,peak inc flu hosp,,,US,quantile,0.3,10894
2026-10-10,peak inc flu hosp,,,US,quantile,0.35,40763
2026-10-10,peak inc flu hosp,,,US,quantile,0.4,42685
2026-10-10,peak inc flu hosp,,,US,quantile,0.45,44508
2026-10-10,peak inc flu hosp,,,US,quantile,0.5,46646
2026-10-10,peak inc flu hosp,,,US,quantile,0.55,51084
2026-10-10,peak inc flu hosp,,,US,quantile,0.6,56043
2026-10-10,peak inc flu hosp,,,US,quantile,0.65,60328
2026-10-10,peak inc flu hosp,,,US,quantile,0.7,63272
2026-10-10,peak inc flu hosp,,,US,quantile,0.75,68003
2026-10-10,peak inc flu hosp,,,US,quantile,0.8,81756
2026-10-10,peak inc flu hosp,,,US,quantile,0.85,94789
2026-10-10,peak inc flu hosp,,,US,quantile,0.9,111088
2026-10-10,peak inc flu hosp,,,US,quantile,0.95,111088
2026-10-10,peak inc flu hosp,,,US,quantile,0.975,111088
2026-10-10,peak inc flu hosp,,,US,quantile,0.99,111088
2026-10-10,peak week inc flu hosp,,,01,pmf,2026-10-10,0.011999999999999997
2026-10-10,peak week inc flu hosp,,,01,pmf,2026-10-17,0.008999999999999998
2026-10-10,peak week inc flu hosp,,,01,pmf,2026-10-24,0.015999999999999997
2026-10-10,peak week inc flu hosp,,,01,pmf,2026-10-31,0.010999999999999998
2026-10-10,peak week inc flu hosp,,,01,pmf,2026-11-07,0.026999999999999993
2026-10-10,peak week inc flu hosp,,,01,pmf,2026-11-14,0.039999999999999994
2026-10-10,peak week inc flu hosp,,,01,pmf,2026-11-21,0.041999999999999996
2026-10-10,peak week inc flu hosp,,,01,pmf,2026-11-28,0.04999999999999999
2026-10-10,peak week inc flu hosp,,,01,pmf,2026-12-05,0.08899999999999998
2026-10-10,peak week inc flu hosp,,,01,pmf,2026-12-12,0.10199999999999997
2026-10-10,peak week inc flu hosp,,,01,pmf,2026-12-19,0.09399999999999997
2026-10-10,peak week inc flu hosp,,,01,pmf,2026-12-26,0.10199999999999997
2026-10-10,peak week inc flu hosp,,,01,pmf,2027-01-02,0.05599999999999999
2026-10-10,peak week inc flu hosp,,,01,pmf,2027-01-09,0.04799999999999999
2026-10-10,peak week inc flu hosp,,,01,pmf,2027-01-16,0.032999999999999995
2026-10-10,peak week inc flu hosp,,,01,pmf,2027-01-23,0.040999999999999995
2026-10-10,peak week inc flu hosp,,,01,pmf,2027-01-30,0.033999999999999996
2026-10-10,peak week inc flu hosp,,,01,pmf,2027-02-06,0.032999999999999995
2026-10-10,peak week inc flu hosp,,,01,pmf,2027-02-13,0.03899999999999999
2026-10-10,peak week inc flu hosp,,,01,pmf,2027-02-20,0.03699999999999999
2026-10-10,peak week inc flu hosp,,,01,pmf,2027-02-27,0.028999999999999995
2026-10-10,peak week inc flu hosp,,,01,pmf,2027-03-06,0.011999999999999997
2026-10-10,peak week inc flu hosp,,,01,pmf,2027-03-13,0.010999999999999998
2026-10-10,peak week inc flu hosp,,,01,pmf,2027-03-20,0.016999999999999998
2026-10-10,peak week inc flu hosp,,,01,pmf,2027-03-27,0.004999999999999999
2026-10-10,peak week inc flu hosp,,,01,pmf,2027-04-03,0.004999999999999999
2026-10-10,peak week inc flu hosp,,,01,pmf,2027-04-10,9.999999999999998e-4
2026-10-10,peak week inc flu hosp,,,01,pmf,2027-04-17,9.999999999999998e-4
2026-10-10,peak week inc flu hosp,,,01,pmf,2027-04-24,0.0019999999999999996
2026-10-10,peak week inc flu hosp,,,01,pmf,2027-05-01,0.0019999999999999996
2026-10-10,peak week inc flu hosp,,,01,pmf,2027-05-08,0
2026-10-10,peak week inc flu hosp,,,01,pmf,2027-05-15,0
2026-10-10,peak week inc flu hosp,,,01,pmf,2027-05-22,0
2026-10-10,peak week inc flu hosp,,,01,pmf,2027-05-29,0
2026-10-10,peak week inc flu hosp,,,02,pmf,2026-10-10,0.030999999999999993
2026-10-10,peak week inc flu hosp,,,02,pmf,2026-10-17,0.012999999999999996
2026-10-10,peak week inc flu hosp,,,02,pmf,2026-10-24,0.013999999999999997
2026-10-10,peak week inc flu hosp,,,02,pmf,2026-10-31,0.008999999999999998
2026-10-10,peak week inc flu hosp,,,02,pmf,2026-11-07,0.010999999999999998
2026-10-10,peak week inc flu hosp,,,02,pmf,2026-11-14,0.015999999999999997
2026-10-10,peak week inc flu hosp,,,02,pmf,2026-11-21,0.019999999999999997
2026-10-10,peak week inc flu hosp,,,02,pmf,2026-11-28,0.026999999999999993
2026-10-10,peak week inc flu hosp,,,02,pmf,2026-12-05,0.06699999999999999
2026-10-10,peak week inc flu hosp,,,02,pmf,2026-12-12,0.07899999999999999
2026-10-10,peak week inc flu hosp,,,02,pmf,2026-12-19,0.09199999999999998
2026-10-10,peak week inc flu hosp,,,02,pmf,2026-12-26,0.08799999999999998
2026-10-10,peak week inc flu hosp,,,02,pmf,2027-01-02,0.08299999999999999
2026-10-10,peak week inc flu hosp,,,02,pmf,2027-01-09,0.06499999999999999
2026-10-10,peak week inc flu hosp,,,02,pmf,2027-01-16,0.020999999999999998
2026-10-10,peak week inc flu hosp,,,02,pmf,2027-01-23,0.052999999999999985
2026-10-10,peak week inc flu hosp,,,02,pmf,2027-01-30,0.04499999999999999
2026-10-10,peak week inc flu hosp,,,02,pmf,2027-02-06,0.051999999999999984
2026-10-10,peak week inc flu hosp,,,02,pmf,2027-02-13,0.05799999999999999
2026-10-10,peak week inc flu hosp,,,02,pmf,2027-02-20,0.04299999999999999
2026-10-10,peak week inc flu hosp,,,02,pmf,2027-02-27,0.023999999999999994
2026-10-10,peak week inc flu hosp,,,02,pmf,2027-03-06,0.020999999999999998
2026-10-10,peak week inc flu hosp,,,02,pmf,2027-03-13,0.023999999999999994
2026-10-10,peak week inc flu hosp,,,02,pmf,2027-03-20,0.020999999999999998
2026-10-10,peak week inc flu hosp,,,02,pmf,2027-03-27,0.009999999999999998
2026-10-10,peak week inc flu hosp,,,02,pmf,2027-04-03,0.004999999999999999
2026-10-10,peak week inc flu hosp,,,02,pmf,2027-04-10,0.002999999999999999
2026-10-10,peak week inc flu hosp,,,02,pmf,2027-04-17,0.0019999999999999996
2026-10-10,peak week inc flu hosp,,,02,pmf,2027-04-24,9.999999999999998e-4
2026-10-10,peak week inc flu hosp,,,02,pmf,2027-05-01,9.999999999999998e-4
2026-10-10,peak week inc flu hosp,,,02,pmf,2027-05-08,0
2026-10-10,peak week inc flu hosp,,,02,pmf,2027-05-15,0
2026-10-10,peak week inc flu hosp,,,02,pmf,2027-05-22,0
2026-10-10,peak week inc flu hosp,,,02,pmf,2027-05-29,9.999999999999998e-4
2026-10-10,peak week inc flu hosp,,,04,pmf,2026-10-10,0.004
2026-10-10,peak week inc flu hosp,,,04,pmf,2026-10-17,0.005
2026-10-10,peak week inc flu hosp,,,04,pmf,2026-10-24,0.007
2026-10-10,peak week inc flu hosp,,,04,pmf,2026-10-31,0.006
2026-10-10,peak week inc flu hosp,,,04,pmf,2026-11-07,0.014
2026-10-10,peak week inc flu hosp,,,04,pmf,2026-11-14,0.038
2026-10-10,peak week inc flu hosp,,,04,pmf,2026-11-21,0.026
2026-10-10,peak week inc flu hosp,,,04,pmf,2026-11-28,0.042
2026-10-10,peak week inc flu hosp,,,04,pmf,2026-12-05,0.075
2026-10-10,peak week inc flu hosp,,,04,pmf,2026-12-12,0.097
2026-10-10,peak week inc flu hosp,,,04,pmf,2026-12-19,0.092
2026-10-10,peak week inc flu hosp,,,04,pmf,2026-12-26,0.093
2026-10-10,peak week inc flu hosp,,,04,pmf,2027-01-02,0.097
2026-10-10,peak week inc flu hosp,,,04,pmf,2027-01-09,0.057
2026-10-10,peak week inc flu hosp,,,04,pmf,2027-01-16,0.046
2026-10-10,peak week inc flu hosp,,,04,pmf,2027-01-23,0.047
2026-10-10,peak week inc flu hosp,,,04,pmf,2027-01-30,0.061
2026-10-10,peak week inc flu hosp,,,04,pmf,2027-02-06,0.031
2026-10-10,peak week inc flu hosp,,,04,pmf,2027-02-13,0.049
2026-10-10,peak week inc flu hosp,,,04,pmf,2027-02-20,0.032
2026-10-10,peak week inc flu hosp,,,04,pmf,2027-02-27,0.017
2026-10-10,peak week inc flu hosp,,,04,pmf,2027-03-06,0.013
2026-10-10,peak week inc flu hosp,,,04,pmf,2027-03-13,0.014
2026-10-10,peak week inc flu hosp,,,04,pmf,2027-03-20,0.014
2026-10-10,peak week inc flu hosp,,,04,pmf,2027-03-27,0.009
2026-10-10,peak week inc flu hosp,,,04,pmf,2027-04-03,0.007
2026-10-10,peak week inc flu hosp,,,04,pmf,2027-04-10,0.005
2026-10-10,peak week inc flu hosp,,,04,pmf,2027-04-17,0.001
2026-10-10,peak week inc flu hosp,,,04,pmf,2027-04-24,0.001
2026-10-10,peak week inc flu hosp,,,04,pmf,2027-05-01,0
2026-10-10,peak week inc flu hosp,,,04,pmf,2027-05-08,0
2026-10-10,peak week inc flu hosp,,,04,pmf,2027-05-15,0
2026-10-10,peak week inc flu hosp,,,04,pmf,2027-05-22,0
2026-10-10,peak week inc flu hosp,,,04,pmf,2027-05-29,0
2026-10-10,peak week inc flu hosp,,,05,pmf,2026-10-10,9.999999999999998e-4
2026-10-10,peak week inc flu hosp,,,05,pmf,2026-10-17,0.006999999999999998
2026-10-10,peak week inc flu hosp,,,05,pmf,2026-10-24,0.007999999999999998
2026-10-10,peak week inc flu hosp,,,05,pmf,2026-10-31,0.008999999999999998
2026-10-10,peak week inc flu hosp,,,05,pmf,2026-11-07,0.014999999999999996
2026-10-10,peak week inc flu hosp,,,05,pmf,2026-11-14,0.026999999999999993
2026-10-10,peak week inc flu hosp,,,05,pmf,2026-11-21,0.031999999999999994
2026-10-10,peak week inc flu hosp,,,05,pmf,2026-11-28,0.032999999999999995
2026-10-10,peak week inc flu hosp,,,05,pmf,2026-12-05,0.07499999999999998
2026-10-10,peak week inc flu hosp,,,05,pmf,2026-12-12,0.09099999999999998
2026-10-10,peak week inc flu hosp,,,05,pmf,2026-12-19,0.09999999999999998
2026-10-10,peak week inc flu hosp,,,05,pmf,2026-12-26,0.09899999999999998
2026-10-10,peak week inc flu hosp,,,05,pmf,2027-01-02,0.08399999999999999
2026-10-10,peak week inc flu hosp,,,05,pmf,2027-01-09,0.05899999999999998
2026-10-10,peak week inc flu hosp,,,05,pmf,2027-01-16,0.040999999999999995
2026-10-10,peak week inc flu hosp,,,05,pmf,2027-01-23,0.054999999999999986
2026-10-10,peak week inc flu hosp,,,05,pmf,2027-01-30,0.052999999999999985
2026-10-10,peak week inc flu hosp,,,05,pmf,2027-02-06,0.04399999999999999
2026-10-10,peak week inc flu hosp,,,05,pmf,2027-02-13,0.039999999999999994
2026-10-10,peak week inc flu hosp,,,05,pmf,2027-02-20,0.04899999999999999
2026-10-10,peak week inc flu hosp,,,05,pmf,2027-02-27,0.019999999999999997
2026-10-10,peak week inc flu hosp,,,05,pmf,2027-03-06,0.014999999999999996
2026-10-10,peak week inc flu hosp,,,05,pmf,2027-03-13,0.013999999999999997
2026-10-10,peak week inc flu hosp,,,05,pmf,2027-03-20,0.009999999999999998
2026-10-10,peak week inc flu hosp,,,05,pmf,2027-03-27,0.006999999999999998
2026-10-10,peak week inc flu hosp,,,05,pmf,2027-04-03,0.006999999999999998
2026-10-10,peak week inc flu hosp,,,05,pmf,2027-04-10,0.002999999999999999
2026-10-10,peak week inc flu hosp,,,05,pmf,2027-04-17,0.0019999999999999996
2026-10-10,peak week inc flu hosp,,,05,pmf,2027-04-24,0
2026-10-10,peak week inc flu hosp,,,05,pmf,2027-05-01,0
2026-10-10,peak week inc flu hosp,,,05,pmf,2027-05-08,0
2026-10-10,peak week inc flu hosp,,,05,pmf,2027-05-15,0
2026-10-10,peak week inc flu hosp,,,05,pmf,2027-05-22,0
2026-10-10,peak week inc flu hosp,,,05,pmf,2027-05-29,0
2026-10-10,peak week inc flu hosp,,,06,pmf,2026-10-10,0.013999999999999997
2026-10-10,peak week inc flu hosp,,,06,pmf,2026-10-17,0.017999999999999995
2026-10-10,peak week inc flu hosp,,,06,pmf,2026-10-24,0.026999999999999993
2026-10-10,peak week inc flu hosp,,,06,pmf,2026-10-31,0.014999999999999996
2026-10-10,peak week inc flu hosp,,,06,pmf,2026-11-07,0.032999999999999995
2026-10-10,peak week inc flu hosp,,,06,pmf,2026-11-14,0.07599999999999998
2026-10-10,peak week inc flu hosp,,,06,pmf,2026-11-21,0.04499999999999999
2026-10-10,peak week inc flu hosp,,,06,pmf,2026-11-28,0.05699999999999999
2026-10-10,peak week inc flu hosp,,,06,pmf,2026-12-05,0.07799999999999999
2026-10-10,peak week inc flu hosp,,,06,pmf,2026-12-12,0.07299999999999998
2026-10-10,peak week inc flu hosp,,,06,pmf,2026-12-19,0.08699999999999998
2026-10-10,peak week inc flu hosp,,,06,pmf,2026-12-26,0.10299999999999997
2026-10-10,peak week inc flu hosp,,,06,pmf,2027-01-02,0.06699999999999999
2026-10-10,peak week inc flu hosp,,,06,pmf,2027-01-09,0.04399999999999999
2026-10-10,peak week inc flu hosp,,,06,pmf,2027-01-16,0.030999999999999993
2026-10-10,peak week inc flu hosp,,,06,pmf,2027-01-23,0.03799999999999999
2026-10-10,peak week inc flu hosp,,,06,pmf,2027-01-30,0.04399999999999999
2026-10-10,peak week inc flu hosp,,,06,pmf,2027-02-06,0.03599999999999999
2026-10-10,peak week inc flu hosp,,,06,pmf,2027-02-13,0.033999999999999996
2026-10-10,peak week inc flu hosp,,,06,pmf,2027-02-20,0.028999999999999995
2026-10-10,peak week inc flu hosp,,,06,pmf,2027-02-27,0.014999999999999996
2026-10-10,peak week inc flu hosp,,,06,pmf,2027-03-06,0.006999999999999998
2026-10-10,peak week inc flu hosp,,,06,pmf,2027-03-13,0.005999999999999998
2026-10-10,peak week inc flu hosp,,,06,pmf,2027-03-20,0.014999999999999996
2026-10-10,peak week inc flu hosp,,,06,pmf,2027-03-27,0.002999999999999999
2026-10-10,peak week inc flu hosp,,,06,pmf,2027-04-03,0
2026-10-10,peak week inc flu hosp,,,06,pmf,2027-04-10,9.999999999999998e-4
2026-10-10,peak week inc flu hosp,,,06,pmf,2027-04-17,9.999999999999998e-4
2026-10-10,peak week inc flu hosp,,,06,pmf,2027-04-24,0.0019999999999999996
2026-10-10,peak week inc flu hosp,,,06,pmf,2027-05-01,0
2026-10-10,peak week inc flu hosp,,,06,pmf,2027-05-08,0
2026-10-10,peak week inc flu hosp,,,06,pmf,2027-05-15,0
2026-10-10,peak week inc flu hosp,,,06,pmf,2027-05-22,0
2026-10-10,peak week inc flu hosp,,,06,pmf,2027-05-29,9.999999999999998e-4
2026-10-10,peak week inc flu hosp,,,08,pmf,2026-10-10,0.005
2026-10-10,peak week inc flu hosp,,,08,pmf,2026-10-17,0.012
2026-10-10,peak week inc flu hosp,,,08,pmf,2026-10-24,0.012
2026-10-10,peak week inc flu hosp,,,08,pmf,2026-10-31,0.01
2026-10-10,peak week inc flu hosp,,,08,pmf,2026-11-07,0.014
2026-10-10,peak week inc flu hosp,,,08,pmf,2026-11-14,0.039
2026-10-10,peak week inc flu hosp,,,08,pmf,2026-11-21,0.036
2026-10-10,peak week inc flu hosp,,,08,pmf,2026-11-28,0.033
2026-10-10,peak week inc flu hosp,,,08,pmf,2026-12-05,0.092
2026-10-10,peak week inc flu hosp,,,08,pmf,2026-12-12,0.108
2026-10-10,peak week inc flu hosp,,,08,pmf,2026-12-19,0.091
2026-10-10,peak week inc flu hosp,,,08,pmf,2026-12-26,0.092
2026-10-10,peak week inc flu hosp,,,08,pmf,2027-01-02,0.08
2026-10-10,peak week inc flu hosp,,,08,pmf,2027-01-09,0.061
2026-10-10,peak week inc flu hosp,,,08,pmf,2027-01-16,0.041
2026-10-10,peak week inc flu hosp,,,08,pmf,2027-01-23,0.04
2026-10-10,peak week inc flu hosp,,,08,pmf,2027-01-30,0.063
2026-10-10,peak week inc flu hosp,,,08,pmf,2027-02-06,0.032
2026-10-10,peak week inc flu hosp,,,08,pmf,2027-02-13,0.038
2026-10-10,peak week inc flu hosp,,,08,pmf,2027-02-20,0.026
2026-10-10,peak week inc flu hosp,,,08,pmf,2027-02-27,0.016
2026-10-10,peak week inc flu hosp,,,08,pmf,2027-03-06,0.013
2026-10-10,peak week inc flu hosp,,,08,pmf,2027-03-13,0.016
2026-10-10,peak week inc flu hosp,,,08,pmf,2027-03-20,0.014
2026-10-10,peak week inc flu hosp,,,08,pmf,2027-03-27,0.006
2026-10-10,peak week inc flu hosp,,,08,pmf,2027-04-03,0.003
2026-10-10,peak week inc flu hosp,,,08,pmf,2027-04-10,0.005
2026-10-10,peak week inc flu hosp,,,08,pmf,2027-04-17,0
2026-10-10,peak week inc flu hosp,,,08,pmf,2027-04-24,0
2026-10-10,peak week inc flu hosp,,,08,pmf,2027-05-01,0.001
2026-10-10,peak week inc flu hosp,,,08,pmf,2027-05-08,0
2026-10-10,peak week inc flu hosp,,,08,pmf,2027-05-15,0
2026-10-10,peak week inc flu hosp,,,08,pmf,2027-05-22,0.001
2026-10-10,peak week inc flu hosp,,,08,pmf,2027-05-29,0
2026-10-10,peak week inc flu hosp,,,09,pmf,2026-10-10,0.008999999999999998
2026-10-10,peak week inc flu hosp,,,09,pmf,2026-10-17,0.004999999999999999
2026-10-10,peak week inc flu hosp,,,09,pmf,2026-10-24,0.003999999999999999
2026-10-10,peak week inc flu hosp,,,09,pmf,2026-10-31,0.003999999999999999
2026-10-10,peak week inc flu hosp,,,09,pmf,2026-11-07,0.012999999999999996
2026-10-10,peak week inc flu hosp,,,09,pmf,2026-11-14,0.030999999999999993
2026-10-10,peak week inc flu hosp,,,09,pmf,2026-11-21,0.03699999999999999
2026-10-10,peak week inc flu hosp,,,09,pmf,2026-11-28,0.034999999999999996
2026-10-10,peak week inc flu hosp,,,09,pmf,2026-12-05,0.08699999999999998
2026-10-10,peak week inc flu hosp,,,09,pmf,2026-12-12,0.10999999999999997
2026-10-10,peak week inc flu hosp,,,09,pmf,2026-12-19,0.08999999999999998
2026-10-10,peak week inc flu hosp,,,09,pmf,2026-12-26,0.09099999999999998
2026-10-10,peak week inc flu hosp,,,09,pmf,2027-01-02,0.08899999999999998
2026-10-10,peak week inc flu hosp,,,09,pmf,2027-01-09,0.054999999999999986
2026-10-10,peak week inc flu hosp,,,09,pmf,2027-01-16,0.04399999999999999
2026-10-10,peak week inc flu hosp,,,09,pmf,2027-01-23,0.039999999999999994
2026-10-10,peak week inc flu hosp,,,09,pmf,2027-01-30,0.046999999999999986
2026-10-10,peak week inc flu hosp,,,09,pmf,2027-02-06,0.039999999999999994
2026-10-10,peak week inc flu hosp,,,09,pmf,2027-02-13,0.051999999999999984
2026-10-10,peak week inc flu hosp,,,09,pmf,2027-02-20,0.04399999999999999
2026-10-10,peak week inc flu hosp,,,09,pmf,2027-02-27,0.016999999999999998
2026-10-10,peak week inc flu hosp,,,09,pmf,2027-03-06,0.010999999999999998
2026-10-10,peak week inc flu hosp,,,09,pmf,2027-03-13,0.021999999999999995
2026-10-10,peak week inc flu hosp,,,09,pmf,2027-03-20,0.007999999999999998
2026-10-10,peak week inc flu hosp,,,09,pmf,2027-03-27,0.0019999999999999996
2026-10-10,peak week inc flu hosp,,,09,pmf,2027-04-03,0.004999999999999999
2026-10-10,peak week inc flu hosp,,,09,pmf,2027-04-10,0.004999999999999999
2026-10-10,peak week inc flu hosp,,,09,pmf,2027-04-17,0.0019999999999999996
2026-10-10,peak week inc flu hosp,,,09,pmf,2027-04-24,9.999999999999998e-4
2026-10-10,peak week inc flu hosp,,,09,pmf,2027-05-01,0
2026-10-10,peak week inc flu hosp,,,09,pmf,2027-05-08,0
2026-10-10,peak week inc flu hosp,,,09,pmf,2027-05-15,0
2026-10-10,peak week inc flu hosp,,,09,pmf,2027-05-22,0
2026-10-10,peak week inc flu hosp,,,09,pmf,2027-05-29,0
2026-10-10,peak week inc flu hosp,,,10,pmf,2026-10-10,0.08799999999999998
2026-10-10,peak week inc flu hosp,,,10,pmf,2026-10-17,0.023999999999999994
2026-10-10,peak week inc flu hosp,,,10,pmf,2026-10-24,0.020999999999999998
2026-10-10,peak week inc flu hosp,,,10,pmf,2026-10-31,0.004999999999999999
2026-10-10,peak week inc flu hosp,,,10,pmf,2026-11-07,0.010999999999999998
2026-10-10,peak week inc flu hosp,,,10,pmf,2026-11-14,0.024999999999999994
2026-10-10,peak week inc flu hosp,,,10,pmf,2026-11-21,0.023999999999999994
2026-10-10,peak week inc flu hosp,,,10,pmf,2026-11-28,0.032999999999999995
2026-10-10,peak week inc flu hosp,,,10,pmf,2026-12-05,0.06599999999999999
2026-10-10,peak week inc flu hosp,,,10,pmf,2026-12-12,0.09299999999999999
2026-10-10,peak week inc flu hosp,,,10,pmf,2026-12-19,0.06799999999999999
2026-10-10,peak week inc flu hosp,,,10,pmf,2026-12-26,0.08199999999999999
2026-10-10,peak week inc flu hosp,,,10,pmf,2027-01-02,0.07599999999999998
2026-10-10,peak week inc flu hosp,,,10,pmf,2027-01-09,0.052999999999999985
2026-10-10,peak week inc flu hosp,,,10,pmf,2027-01-16,0.039999999999999994
2026-10-10,peak week inc flu hosp,,,10,pmf,2027-01-23,0.03599999999999999
2026-10-10,peak week inc flu hosp,,,10,pmf,2027-01-30,0.052999999999999985
2026-10-10,peak week inc flu hosp,,,10,pmf,2027-02-06,0.03799999999999999
2026-10-10,peak week inc flu hosp,,,10,pmf,2027-02-13,0.04999999999999999
2026-10-10,peak week inc flu hosp,,,10,pmf,2027-02-20,0.032999999999999995
2026-10-10,peak week inc flu hosp,,,10,pmf,2027-02-27,0.029999999999999992
2026-10-10,peak week inc flu hosp,,,10,pmf,2027-03-06,0.007999999999999998
2026-10-10,peak week inc flu hosp,,,10,pmf,2027-03-13,0.011999999999999997
2026-10-10,peak week inc flu hosp,,,10,pmf,2027-03-20,0.004999999999999999
2026-10-10,peak week inc flu hosp,,,10,pmf,2027-03-27,0.007999999999999998
2026-10-10,peak week inc flu hosp,,,10,pmf,2027-04-03,0.006999999999999998
2026-10-10,peak week inc flu hosp,,,10,pmf,2027-04-10,0.003999999999999999
2026-10-10,peak week inc flu hosp,,,10,pmf,2027-04-17,0.003999999999999999
2026-10-10,peak week inc flu hosp,,,10,pmf,2027-04-24,9.999999999999998e-4
2026-10-10,peak week inc flu hosp,,,10,pmf,2027-05-01,9.999999999999998e-4
2026-10-10,peak week inc flu hosp,,,10,pmf,2027-05-08,0
2026-10-10,peak week inc flu hosp,,,10,pmf,2027-05-15,9.999999999999998e-4
2026-10-10,peak week inc flu hosp,,,10,pmf,2027-05-22,0
2026-10-10,peak week inc flu hosp,,,10,pmf,2027-05-29,0
2026-10-10,peak week inc flu hosp,,,11,pmf,2026-10-10,0.014999999999999996
2026-10-10,peak week inc flu hosp,,,11,pmf,2026-10-17,0
2026-10-10,peak week inc flu hosp,,,11,pmf,2026-10-24,0.005999999999999998
2026-10-10,peak week inc flu hosp,,,11,pmf,2026-10-31,0.003999999999999999
2026-10-10,peak week inc flu hosp,,,11,pmf,2026-11-07,0.002999999999999999
2026-10-10,peak week inc flu hosp,,,11,pmf,2026-11-14,0.014999999999999996
2026-10-10,peak week inc flu hosp,,,11,pmf,2026-11-21,0.028999999999999995
2026-10-10,peak week inc flu hosp,,,11,pmf,2026-11-28,0.029999999999999992
2026-10-10,peak week inc flu hosp,,,11,pmf,2026-12-05,0.07999999999999999
2026-10-10,peak week inc flu hosp,,,11,pmf,2026-12-12,0.09799999999999998
2026-10-10,peak week inc flu hosp,,,11,pmf,2026-12-19,0.10299999999999997
2026-10-10,peak week inc flu hosp,,,11,pmf,2026-12-26,0.09599999999999997
2026-10-10,peak week inc flu hosp,,,11,pmf,2027-01-02,0.09799999999999998
2026-10-10,peak week inc flu hosp,,,11,pmf,2027-01-09,0.05699999999999999
2026-10-10,peak week inc flu hosp,,,11,pmf,2027-01-16,0.041999999999999996
2026-10-10,peak week inc flu hosp,,,11,pmf,2027-01-23,0.051999999999999984
2026-10-10,peak week inc flu hosp,,,11,pmf,2027-01-30,0.060999999999999985
2026-10-10,peak week inc flu hosp,,,11,pmf,2027-02-06,0.040999999999999995
2026-10-10,peak week inc flu hosp,,,11,pmf,2027-02-13,0.053999999999999986
2026-10-10,peak week inc flu hosp,,,11,pmf,2027-02-20,0.03899999999999999
2026-10-10,peak week inc flu hosp,,,11,pmf,2027-02-27,0.014999999999999996
2026-10-10,peak week inc flu hosp,,,11,pmf,2027-03-06,0.010999999999999998
2026-10-10,peak week inc flu hosp,,,11,pmf,2027-03-13,0.007999999999999998
2026-10-10,peak week inc flu hosp,,,11,pmf,2027-03-20,0.009999999999999998
2026-10-10,peak week inc flu hosp,,,11,pmf,2027-03-27,0.013999999999999997
2026-10-10,peak week inc flu hosp,,,11,pmf,2027-04-03,0.003999999999999999
2026-10-10,peak week inc flu hosp,,,11,pmf,2027-04-10,0.005999999999999998
2026-10-10,peak week inc flu hosp,,,11,pmf,2027-04-17,0.002999999999999999
2026-10-10,peak week inc flu hosp,,,11,pmf,2027-04-24,0.002999999999999999
2026-10-10,peak week inc flu hosp,,,11,pmf,2027-05-01,0.002999999999999999
2026-10-10,peak week inc flu hosp,,,11,pmf,2027-05-08,0
2026-10-10,peak week inc flu hosp,,,11,pmf,2027-05-15,0
2026-10-10,peak week inc flu hosp,,,11,pmf,2027-05-22,0
2026-10-10,peak week inc flu hosp,,,11,pmf,2027-05-29,0
2026-10-10,peak week inc flu hosp,,,12,pmf,2026-10-10,0.003999999999999999
2026-10-10,peak week inc flu hosp,,,12,pmf,2026-10-17,0.004999999999999999
2026-10-10,peak week inc flu hosp,,,12,pmf,2026-10-24,0.06999999999999999
2026-10-10,peak week inc flu hosp,,,12,pmf,2026-10-31,0.002999999999999999
2026-10-10,peak week inc flu hosp,,,12,pmf,2026-11-07,0.16499999999999998
2026-10-10,peak week inc flu hosp,,,12,pmf,2026-11-14,0.4259999999999999
2026-10-10,peak week inc flu hosp,,,12,pmf,2026-11-21,0.18899999999999995
2026-10-10,peak week inc flu hosp,,,12,pmf,2026-11-28,0.03899999999999999
2026-10-10,peak week inc flu hosp,,,12,pmf,2026-12-05,0.039999999999999994
2026-10-10,peak week inc flu hosp,,,12,pmf,2026-12-12,0
2026-10-10,peak week inc flu hosp,,,12,pmf,2026-12-19,0.012999999999999996
2026-10-10,peak week inc flu hosp,,,12,pmf,2026-12-26,0.018999999999999996
2026-10-10,peak week inc flu hosp,,,12,pmf,2027-01-02,0.002999999999999999
2026-10-10,peak week inc flu hosp,,,12,pmf,2027-01-09,0.003999999999999999
2026-10-10,peak week inc flu hosp,,,12,pmf,2027-01-16,0.0019999999999999996
2026-10-10,peak week inc flu hosp,,,12,pmf,2027-01-23,0.010999999999999998
2026-10-10,peak week inc flu hosp,,,12,pmf,2027-01-30,0.0019999999999999996
2026-10-10,peak week inc flu hosp,,,12,pmf,2027-02-06,0.003999999999999999
2026-10-10,peak week inc flu hosp,,,12,pmf,2027-02-13,9.999999999999998e-4
2026-10-10,peak week inc flu hosp,,,12,pmf,2027-02-20,0
2026-10-10,peak week inc flu hosp,,,12,pmf,2027-02-27,0
2026-10-10,peak week inc flu hosp,,,12,pmf,2027-03-06,0
2026-10-10,peak week inc flu hosp,,,12,pmf,2027-03-13,0
2026-10-10,peak week inc flu hosp,,,12,pmf,2027-03-20,0
2026-10-10,peak week inc flu hosp,,,12,pmf,2027-03-27,0
2026-10-10,peak week inc flu hosp,,,12,pmf,2027-04-03,0
2026-10-10,peak week inc flu hosp,,,12,pmf,2027-04-10,0
2026-10-10,peak week inc flu hosp,,,12,pmf,2027-04-17,0
2026-10-10,peak week inc flu hosp,,,12,pmf,2027-04-24,0
2026-10-10,peak week inc flu hosp,,,12,pmf,2027-05-01,0
2026-10-10,peak week inc flu hosp,,,12,pmf,2027-05-08,0
2026-10-10,peak week inc flu hosp,,,12,pmf,2027-05-15,0
2026-10-10,peak week inc flu hosp,,,12,pmf,2027-05-22,0
2026-10-10,peak week inc flu hosp,,,12,pmf,2027-05-29,0
2026-10-10,peak week inc flu hosp,,,13,pmf,2026-10-10,0.009999999999999998
2026-10-10,peak week inc flu hosp,,,13,pmf,2026-10-17,0.007999999999999998
2026-10-10,peak week inc flu hosp,,,13,pmf,2026-10-24,0.004999999999999999
2026-10-10,peak week inc flu hosp,,,13,pmf,2026-10-31,0.005999999999999998
2026-10-10,peak week inc flu hosp,,,13,pmf,2026-11-07,0.009999999999999998
2026-10-10,peak week inc flu hosp,,,13,pmf,2026-11-14,0.030999999999999993
2026-10-10,peak week inc flu hosp,,,13,pmf,2026-11-21,0.023999999999999994
2026-10-10,peak week inc flu hosp,,,13,pmf,2026-11-28,0.041999999999999996
2026-10-10,peak week inc flu hosp,,,13,pmf,2026-12-05,0.07499999999999998
2026-10-10,peak week inc flu hosp,,,13,pmf,2026-12-12,0.11499999999999998
2026-10-10,peak week inc flu hosp,,,13,pmf,2026-12-19,0.10999999999999997
2026-10-10,peak week inc flu hosp,,,13,pmf,2026-12-26,0.08499999999999999
2026-10-10,peak week inc flu hosp,,,13,pmf,2027-01-02,0.07899999999999999
2026-10-10,peak week inc flu hosp,,,13,pmf,2027-01-09,0.04799999999999999
2026-10-10,peak week inc flu hosp,,,13,pmf,2027-01-16,0.03699999999999999
2026-10-10,peak week inc flu hosp,,,13,pmf,2027-01-23,0.06299999999999999
2026-10-10,peak week inc flu hosp,,,13,pmf,2027-01-30,0.046999999999999986
2026-10-10,peak week inc flu hosp,,,13,pmf,2027-02-06,0.034999999999999996
2026-10-10,peak week inc flu hosp,,,13,pmf,2027-02-13,0.046999999999999986
2026-10-10,peak week inc flu hosp,,,13,pmf,2027-02-20,0.030999999999999993
2026-10-10,peak week inc flu hosp,,,13,pmf,2027-02-27,0.031999999999999994
2026-10-10,peak week inc flu hosp,,,13,pmf,2027-03-06,0.013999999999999997
2026-10-10,peak week inc flu hosp,,,13,pmf,2027-03-13,0.014999999999999996
2026-10-10,peak week inc flu hosp,,,13,pmf,2027-03-20,0.007999999999999998
2026-10-10,peak week inc flu hosp,,,13,pmf,2027-03-27,0.010999999999999998
2026-10-10,peak week inc flu hosp,,,13,pmf,2027-04-03,9.999999999999998e-4
2026-10-10,peak week inc flu hosp,,,13,pmf,2027-04-10,0.004999999999999999
2026-10-10,peak week inc flu hosp,,,13,pmf,2027-04-17,0.0019999999999999996
2026-10-10,peak week inc flu hosp,,,13,pmf,2027-04-24,0.0019999999999999996
2026-10-10,peak week inc flu hosp,,,13,pmf,2027-05-01,0.0019999999999999996
2026-10-10,peak week inc flu hosp,,,13,pmf,2027-05-08,0
2026-10-10,peak week inc flu hosp,,,13,pmf,2027-05-15,0
2026-10-10,peak week inc flu hosp,,,13,pmf,2027-05-22,0
2026-10-10,peak week inc flu hosp,,,13,pmf,2027-05-29,0
2026-10-10,peak week inc flu hosp,,,15,pmf,2026-10-10,0.016999999999999998
2026-10-10,peak week inc flu hosp,,,15,pmf,2026-10-17,0.04299999999999999
2026-10-10,peak week inc flu hosp,,,15,pmf,2026-10-24,0.03899999999999999
2026-10-10,peak week inc flu hosp,,,15,pmf,2026-10-31,0.031999999999999994
2026-10-10,peak week inc flu hosp,,,15,pmf,2026-11-07,0.10599999999999997
2026-10-10,peak week inc flu hosp,,,15,pmf,2026-11-14,0.10399999999999997
2026-10-10,peak week inc flu hosp,,,15,pmf,2026-11-21,0.051999999999999984
2026-10-10,peak week inc flu hosp,,,15,pmf,2026-11-28,0.04999999999999999
2026-10-10,peak week inc flu hosp,,,15,pmf,2026-12-05,0.08899999999999998
2026-10-10,peak week inc flu hosp,,,15,pmf,2026-12-12,0.06699999999999999
2026-10-10,peak week inc flu hosp,,,15,pmf,2026-12-19,0.05599999999999999
2026-10-10,peak week inc flu hosp,,,15,pmf,2026-12-26,0.054999999999999986
2026-10-10,peak week inc flu hosp,,,15,pmf,2027-01-02,0.059999999999999984
2026-10-10,peak week inc flu hosp,,,15,pmf,2027-01-09,0.021999999999999995
2026-10-10,peak week inc flu hosp,,,15,pmf,2027-01-16,0.031999999999999994
2026-10-10,peak week inc flu hosp,,,15,pmf,2027-01-23,0.025999999999999992
2026-10-10,peak week inc flu hosp,,,15,pmf,2027-01-30,0.023999999999999994
2026-10-10,peak week inc flu hosp,,,15,pmf,2027-02-06,0.034999999999999996
2026-10-10,peak week inc flu hosp,,,15,pmf,2027-02-13,0.028999999999999995
2026-10-10,peak week inc flu hosp,,,15,pmf,2027-02-20,0.017999999999999995
2026-10-10,peak week inc flu hosp,,,15,pmf,2027-02-27,0.010999999999999998
2026-10-10,peak week inc flu hosp,,,15,pmf,2027-03-06,0.008999999999999998
2026-10-10,peak week inc flu hosp,,,15,pmf,2027-03-13,0.012999999999999996
2026-10-10,peak week inc flu hosp,,,15,pmf,2027-03-20,0.004999999999999999
2026-10-10,peak week inc flu hosp,,,15,pmf,2027-03-27,0.002999999999999999
2026-10-10,peak week inc flu hosp,,,15,pmf,2027-04-03,0
2026-10-10,peak week inc flu hosp,,,15,pmf,2027-04-10,0.0019999999999999996
2026-10-10,peak week inc flu hosp,,,15,pmf,2027-04-17,0
2026-10-10,peak week inc flu hosp,,,15,pmf,2027-04-24,0
2026-10-10,peak week inc flu hosp,,,15,pmf,2027-05-01,0
2026-10-10,peak week inc flu hosp,,,15,pmf,2027-05-08,0
2026-10-10,peak week inc flu hosp,,,15,pmf,2027-05-15,0
2026-10-10,peak week inc flu hosp,,,15,pmf,2027-05-22,9.999999999999998e-4
2026-10-10,peak week inc flu hosp,,,15,pmf,2027-05-29,0
2026-10-10,peak week inc flu hosp,,,16,pmf,2026-10-10,0.011999999999999997
2026-10-10,peak week inc flu hosp,,,16,pmf,2026-10-17,0.003999999999999999
2026-10-10,peak week inc flu hosp,,,16,pmf,2026-10-24,0.008999999999999998
2026-10-10,peak week inc flu hosp,,,16,pmf,2026-10-31,0.005999999999999998
2026-10-10,peak week inc flu hosp,,,16,pmf,2026-11-07,0.009999999999999998
2026-10-10,peak week inc flu hosp,,,16,pmf,2026-11-14,0.04299999999999999
2026-10-10,peak week inc flu hosp,,,16,pmf,2026-11-21,0.04899999999999999
2026-10-10,peak week inc flu hosp,,,16,pmf,2026-11-28,0.046999999999999986
2026-10-10,peak week inc flu hosp,,,16,pmf,2026-12-05,0.11399999999999998
2026-10-10,peak week inc flu hosp,,,16,pmf,2026-12-12,0.10699999999999997
2026-10-10,peak week inc flu hosp,,,16,pmf,2026-12-19,0.09599999999999997
2026-10-10,peak week inc flu hosp,,,16,pmf,2026-12-26,0.07899999999999999
2026-10-10,peak week inc flu hosp,,,16,pmf,2027-01-02,0.06499999999999999
2026-10-10,peak week inc flu hosp,,,16,pmf,2027-01-09,0.054999999999999986
2026-10-10,peak week inc flu hosp,,,16,pmf,2027-01-16,0.03899999999999999
2026-10-10,peak week inc flu hosp,,,16,pmf,2027-01-23,0.04899999999999999
2026-10-10,peak week inc flu hosp,,,16,pmf,2027-01-30,0.031999999999999994
2026-10-10,peak week inc flu hosp,,,16,pmf,2027-02-06,0.03799999999999999
2026-10-10,peak week inc flu hosp,,,16,pmf,2027-02-13,0.033999999999999996
2026-10-10,peak week inc flu hosp,,,16,pmf,2027-02-20,0.032999999999999995
2026-10-10,peak week inc flu hosp,,,16,pmf,2027-02-27,0.019999999999999997
2026-10-10,peak week inc flu hosp,,,16,pmf,2027-03-06,0.009999999999999998
2026-10-10,peak week inc flu hosp,,,16,pmf,2027-03-13,0.010999999999999998
2026-10-10,peak week inc flu hosp,,,16,pmf,2027-03-20,0.012999999999999996
2026-10-10,peak week inc flu hosp,,,16,pmf,2027-03-27,0.013999999999999997
2026-10-10,peak week inc flu hosp,,,16,pmf,2027-04-03,0.002999999999999999
2026-10-10,peak week inc flu hosp,,,16,pmf,2027-04-10,0.002999999999999999
2026-10-10,peak week inc flu hosp,,,16,pmf,2027-04-17,0.002999999999999999
2026-10-10,peak week inc flu hosp,,,16,pmf,2027-04-24,0
2026-10-10,peak week inc flu hosp,,,16,pmf,2027-05-01,0.0019999999999999996
2026-10-10,peak week inc flu hosp,,,16,pmf,2027-05-08,0
2026-10-10,peak week inc flu hosp,,,16,pmf,2027-05-15,0
2026-10-10,peak week inc flu hosp,,,16,pmf,2027-05-22,0
2026-10-10,peak week inc flu hosp,,,16,pmf,2027-05-29,0
2026-10-10,peak week inc flu hosp,,,17,pmf,2026-10-10,0.004999999999999999
2026-10-10,peak week inc flu hosp,,,17,pmf,2026-10-17,0.003999999999999999
2026-10-10,peak week inc flu hosp,,,17,pmf,2026-10-24,0.008999999999999998
2026-10-10,peak week inc flu hosp,,,17,pmf,2026-10-31,0.003999999999999999
2026-10-10,peak week inc flu hosp,,,17,pmf,2026-11-07,0.016999999999999998
2026-10-10,peak week inc flu hosp,,,17,pmf,2026-11-14,0.022999999999999996
2026-10-10,peak week inc flu hosp,,,17,pmf,2026-11-21,0.024999999999999994
2026-10-10,peak week inc flu hosp,,,17,pmf,2026-11-28,0.03599999999999999
2026-10-10,peak week inc flu hosp,,,17,pmf,2026-12-05,0.07499999999999998
2026-10-10,peak week inc flu hosp,,,17,pmf,2026-12-12,0.09799999999999998
2026-10-10,peak week inc flu hosp,,,17,pmf,2026-12-19,0.09099999999999998
2026-10-10,peak week inc flu hosp,,,17,pmf,2026-12-26,0.10599999999999997
2026-10-10,peak week inc flu hosp,,,17,pmf,2027-01-02,0.08699999999999998
2026-10-10,peak week inc flu hosp,,,17,pmf,2027-01-09,0.05799999999999999
2026-10-10,peak week inc flu hosp,,,17,pmf,2027-01-16,0.04299999999999999
2026-10-10,peak week inc flu hosp,,,17,pmf,2027-01-23,0.04999999999999999
2026-10-10,peak week inc flu hosp,,,17,pmf,2027-01-30,0.04999999999999999
2026-10-10,peak week inc flu hosp,,,17,pmf,2027-02-06,0.04799999999999999
2026-10-10,peak week inc flu hosp,,,17,pmf,2027-02-13,0.03899999999999999
2026-10-10,peak week inc flu hosp,,,17,pmf,2027-02-20,0.040999999999999995
2026-10-10,peak week inc flu hosp,,,17,pmf,2027-02-27,0.020999999999999998
2026-10-10,peak week inc flu hosp,,,17,pmf,2027-03-06,0.015999999999999997
2026-10-10,peak week inc flu hosp,,,17,pmf,2027-03-13,0.018999999999999996
2026-10-10,peak week inc flu hosp,,,17,pmf,2027-03-20,0.004999999999999999
2026-10-10,peak week inc flu hosp,,,17,pmf,2027-03-27,0.009999999999999998
2026-10-10,peak week inc flu hosp,,,17,pmf,2027-04-03,0.007999999999999998
2026-10-10,peak week inc flu hosp,,,17,pmf,2027-04-10,0.005999999999999998
2026-10-10,peak week inc flu hosp,,,17,pmf,2027-04-17,0.0019999999999999996
2026-10-10,peak week inc flu hosp,,,17,pmf,2027-04-24,0.002999999999999999
2026-10-10,peak week inc flu hosp,,,17,pmf,2027-05-01,9.999999999999998e-4
2026-10-10,peak week inc flu hosp,,,17,pmf,2027-05-08,0
2026-10-10,peak week inc flu hosp,,,17,pmf,2027-05-15,0
2026-10-10,peak week inc flu hosp,,,17,pmf,2027-05-22,0
2026-10-10,peak week inc flu hosp,,,17,pmf,2027-05-29,0
2026-10-10,peak week inc flu hosp,,,18,pmf,2026-10-10,0.009
2026-10-10,peak week inc flu hosp,,,18,pmf,2026-10-17,0.014
2026-10-10,peak week inc flu hosp,,,18,pmf,2026-10-24,0.026
2026-10-10,peak week inc flu hosp,,,18,pmf,2026-10-31,0.017
2026-10-10,peak week inc flu hosp,,,18,pmf,2026-11-07,0.067
2026-10-10,peak week inc flu hosp,,,18,pmf,2026-11-14,0.106
2026-10-10,peak week inc flu hosp,,,18,pmf,2026-11-21,0.07
2026-10-10,peak week inc flu hosp,,,18,pmf,2026-11-28,0.052
2026-10-10,peak week inc flu hosp,,,18,pmf,2026-12-05,0.1
2026-10-10,peak week inc flu hosp,,,18,pmf,2026-12-12,0.084
2026-10-10,peak week inc flu hosp,,,18,pmf,2026-12-19,0.084
2026-10-10,peak week inc flu hosp,,,18,pmf,2026-12-26,0.069
2026-10-10,peak week inc flu hosp,,,18,pmf,2027-01-02,0.063
2026-10-10,peak week inc flu hosp,,,18,pmf,2027-01-09,0.043
2026-10-10,peak week inc flu hosp,,,18,pmf,2027-01-16,0.037
2026-10-10,peak week inc flu hosp,,,18,pmf,2027-01-23,0.034
2026-10-10,peak week inc flu hosp,,,18,pmf,2027-01-30,0.042
2026-10-10,peak week inc flu hosp,,,18,pmf,2027-02-06,0.018
2026-10-10,peak week inc flu hosp,,,18,pmf,2027-02-13,0.03
2026-10-10,peak week inc flu hosp,,,18,pmf,2027-02-20,0.011
2026-10-10,peak week inc flu hosp,,,18,pmf,2027-02-27,0.004
2026-10-10,peak week inc flu hosp,,,18,pmf,2027-03-06,0.001
2026-10-10,peak week inc flu hosp,,,18,pmf,2027-03-13,0.012
2026-10-10,peak week inc flu hosp,,,18,pmf,2027-03-20,0.002
2026-10-10,peak week inc flu hosp,,,18,pmf,2027-03-27,0.002
2026-10-10,peak week inc flu hosp,,,18,pmf,2027-04-03,0.001
2026-10-10,peak week inc flu hosp,,,18,pmf,2027-04-10,0.001
2026-10-10,peak week inc flu hosp,,,18,pmf,2027-04-17,0
2026-10-10,peak week inc flu hosp,,,18,pmf,2027-04-24,0
2026-10-10,peak week inc flu hosp,,,18,pmf,2027-05-01,0
2026-10-10,peak week inc flu hosp,,,18,pmf,2027-05-08,0
2026-10-10,peak week inc flu hosp,,,18,pmf,2027-05-15,0
2026-10-10,peak week inc flu hosp,,,18,pmf,2027-05-22,0
2026-10-10,peak week inc flu hosp,,,18,pmf,2027-05-29,0.001
2026-10-10,peak week inc flu hosp,,,19,pmf,2026-10-10,0.008999999999999998
2026-10-10,peak week inc flu hosp,,,19,pmf,2026-10-17,0.009999999999999998
2026-10-10,peak week inc flu hosp,,,19,pmf,2026-10-24,0.007999999999999998
2026-10-10,peak week inc flu hosp,,,19,pmf,2026-10-31,0.008999999999999998
2026-10-10,peak week inc flu hosp,,,19,pmf,2026-11-07,0.005999999999999998
2026-10-10,peak week inc flu hosp,,,19,pmf,2026-11-14,0.022999999999999996
2026-10-10,peak week inc flu hosp,,,19,pmf,2026-11-21,0.033999999999999996
2026-10-10,peak week inc flu hosp,,,19,pmf,2026-11-28,0.040999999999999995
2026-10-10,peak week inc flu hosp,,,19,pmf,2026-12-05,0.07499999999999998
2026-10-10,peak week inc flu hosp,,,19,pmf,2026-12-12,0.09599999999999997
2026-10-10,peak week inc flu hosp,,,19,pmf,2026-12-19,0.09799999999999998
2026-10-10,peak week inc flu hosp,,,19,pmf,2026-12-26,0.09199999999999998
2026-10-10,peak week inc flu hosp,,,19,pmf,2027-01-02,0.08299999999999999
2026-10-10,peak week inc flu hosp,,,19,pmf,2027-01-09,0.07199999999999998
2026-10-10,peak week inc flu hosp,,,19,pmf,2027-01-16,0.041999999999999996
2026-10-10,peak week inc flu hosp,,,19,pmf,2027-01-23,0.041999999999999996
2026-10-10,peak week inc flu hosp,,,19,pmf,2027-01-30,0.051999999999999984
2026-10-10,peak week inc flu hosp,,,19,pmf,2027-02-06,0.03799999999999999
2026-10-10,peak week inc flu hosp,,,19,pmf,2027-02-13,0.051999999999999984
2026-10-10,peak week inc flu hosp,,,19,pmf,2027-02-20,0.031999999999999994
2026-10-10,peak week inc flu hosp,,,19,pmf,2027-02-27,0.021999999999999995
2026-10-10,peak week inc flu hosp,,,19,pmf,2027-03-06,0.015999999999999997
2026-10-10,peak week inc flu hosp,,,19,pmf,2027-03-13,0.007999999999999998
2026-10-10,peak week inc flu hosp,,,19,pmf,2027-03-20,0.013999999999999997
2026-10-10,peak week inc flu hosp,,,19,pmf,2027-03-27,0.004999999999999999
2026-10-10,peak week inc flu hosp,,,19,pmf,2027-04-03,0.005999999999999998
2026-10-10,peak week inc flu hosp,,,19,pmf,2027-04-10,0.005999999999999998
2026-10-10,peak week inc flu hosp,,,19,pmf,2027-04-17,0.003999999999999999
2026-10-10,peak week inc flu hosp,,,19,pmf,2027-04-24,0.002999999999999999
2026-10-10,peak week inc flu hosp,,,19,pmf,2027-05-01,9.999999999999998e-4
2026-10-10,peak week inc flu hosp,,,19,pmf,2027-05-08,0
2026-10-10,peak week inc flu hosp,,,19,pmf,2027-05-15,9.999999999999998e-4
2026-10-10,peak week inc flu hosp,,,19,pmf,2027-05-22,0
2026-10-10,peak week inc flu hosp,,,19,pmf,2027-05-29,0
2026-10-10,peak week inc flu hosp,,,20,pmf,2026-10-10,0.006999999999999998
2026-10-10,peak week inc flu hosp,,,20,pmf,2026-10-17,0.006999999999999998
2026-10-10,peak week inc flu hosp,,,20,pmf,2026-10-24,0.003999999999999999
2026-10-10,peak week inc flu hosp,,,20,pmf,2026-10-31,0.002999999999999999
2026-10-10,peak week inc flu hosp,,,20,pmf,2026-11-07,0.008999999999999998
2026-10-10,peak week inc flu hosp,,,20,pmf,2026-11-14,0.030999999999999993
2026-10-10,peak week inc flu hosp,,,20,pmf,2026-11-21,0.027999999999999994
2026-10-10,peak week inc flu hosp,,,20,pmf,2026-11-28,0.041999999999999996
2026-10-10,peak week inc flu hosp,,,20,pmf,2026-12-05,0.08399999999999999
2026-10-10,peak week inc flu hosp,,,20,pmf,2026-12-12,0.09099999999999998
2026-10-10,peak week inc flu hosp,,,20,pmf,2026-12-19,0.10099999999999998
2026-10-10,peak week inc flu hosp,,,20,pmf,2026-12-26,0.10999999999999997
2026-10-10,peak week inc flu hosp,,,20,pmf,2027-01-02,0.07199999999999998
2026-10-10,peak week inc flu hosp,,,20,pmf,2027-01-09,0.06899999999999999
2026-10-10,peak week inc flu hosp,,,20,pmf,2027-01-16,0.027999999999999994
2026-10-10,peak week inc flu hosp,,,20,pmf,2027-01-23,0.040999999999999995
2026-10-10,peak week inc flu hosp,,,20,pmf,2027-01-30,0.05899999999999998
2026-10-10,peak week inc flu hosp,,,20,pmf,2027-02-06,0.04499999999999999
2026-10-10,peak week inc flu hosp,,,20,pmf,2027-02-13,0.041999999999999996
2026-10-10,peak week inc flu hosp,,,20,pmf,2027-02-20,0.03799999999999999
2026-10-10,peak week inc flu hosp,,,20,pmf,2027-02-27,0.028999999999999995
2026-10-10,peak week inc flu hosp,,,20,pmf,2027-03-06,0.017999999999999995
2026-10-10,peak week inc flu hosp,,,20,pmf,2027-03-13,0.012999999999999996
2026-10-10,peak week inc flu hosp,,,20,pmf,2027-03-20,0.013999999999999997
2026-10-10,peak week inc flu hosp,,,20,pmf,2027-03-27,0.005999999999999998
2026-10-10,peak week inc flu hosp,,,20,pmf,2027-04-03,0.003999999999999999
2026-10-10,peak week inc flu hosp,,,20,pmf,2027-04-10,0.0019999999999999996
2026-10-10,peak week inc flu hosp,,,20,pmf,2027-04-17,0.002999999999999999
2026-10-10,peak week inc flu hosp,,,20,pmf,2027-04-24,0
2026-10-10,peak week inc flu hosp,,,20,pmf,2027-05-01,0
2026-10-10,peak week inc flu hosp,,,20,pmf,2027-05-08,0
2026-10-10,peak week inc flu hosp,,,20,pmf,2027-05-15,0
2026-10-10,peak week inc flu hosp,,,20,pmf,2027-05-22,0
2026-10-10,peak week inc flu hosp,,,20,pmf,2027-05-29,0
2026-10-10,peak week inc flu hosp,,,21,pmf,2026-10-10,0.009999999999999998
2026-10-10,peak week inc flu hosp,,,21,pmf,2026-10-17,0.010999999999999998
2026-10-10,peak week inc flu hosp,,,21,pmf,2026-10-24,0.013999999999999997
2026-10-10,peak week inc flu hosp,,,21,pmf,2026-10-31,0.008999999999999998
2026-10-10,peak week inc flu hosp,,,21,pmf,2026-11-07,0.015999999999999997
2026-10-10,peak week inc flu hosp,,,21,pmf,2026-11-14,0.03699999999999999
2026-10-10,peak week inc flu hosp,,,21,pmf,2026-11-21,0.034999999999999996
2026-10-10,peak week inc flu hosp,,,21,pmf,2026-11-28,0.03699999999999999
2026-10-10,peak week inc flu hosp,,,21,pmf,2026-12-05,0.08299999999999999
2026-10-10,peak week inc flu hosp,,,21,pmf,2026-12-12,0.09299999999999999
2026-10-10,peak week inc flu hosp,,,21,pmf,2026-12-19,0.09599999999999997
2026-10-10,peak week inc flu hosp,,,21,pmf,2026-12-26,0.07299999999999998
2026-10-10,peak week inc flu hosp,,,21,pmf,2027-01-02,0.06399999999999999
2026-10-10,peak week inc flu hosp,,,21,pmf,2027-01-09,0.061999999999999986
2026-10-10,peak week inc flu hosp,,,21,pmf,2027-01-16,0.051999999999999984
2026-10-10,peak week inc flu hosp,,,21,pmf,2027-01-23,0.046999999999999986
2026-10-10,peak week inc flu hosp,,,21,pmf,2027-01-30,0.03899999999999999
2026-10-10,peak week inc flu hosp,,,21,pmf,2027-02-06,0.046999999999999986
2026-10-10,peak week inc flu hosp,,,21,pmf,2027-02-13,0.05699999999999999
2026-10-10,peak week inc flu hosp,,,21,pmf,2027-02-20,0.030999999999999993
2026-10-10,peak week inc flu hosp,,,21,pmf,2027-02-27,0.027999999999999994
2026-10-10,peak week inc flu hosp,,,21,pmf,2027-03-06,0.013999999999999997
2026-10-10,peak week inc flu hosp,,,21,pmf,2027-03-13,0.017999999999999995
2026-10-10,peak week inc flu hosp,,,21,pmf,2027-03-20,0.005999999999999998
2026-10-10,peak week inc flu hosp,,,21,pmf,2027-03-27,0.007999999999999998
2026-10-10,peak week inc flu hosp,,,21,pmf,2027-04-03,0.003999999999999999
2026-10-10,peak week inc flu hosp,,,21,pmf,2027-04-10,0.004999999999999999
2026-10-10,peak week inc flu hosp,,,21,pmf,2027-04-17,0.003999999999999999
2026-10-10,peak week inc flu hosp,,,21,pmf,2027-04-24,0
2026-10-10,peak week inc flu hosp,,,21,pmf,2027-05-01,0
2026-10-10,peak week inc flu hosp,,,21,pmf,2027-05-08,0
2026-10-10,peak week inc flu hosp,,,21,pmf,2027-05-15,0
2026-10-10,peak week inc flu hosp,,,21,pmf,2027-05-22,0
2026-10-10,peak week inc flu hosp,,,21,pmf,2027-05-29,0
2026-10-10,peak week inc flu hosp,,,22,pmf,2026-10-10,0.007999999999999998
2026-10-10,peak week inc flu hosp,,,22,pmf,2026-10-17,0.008999999999999998
2026-10-10,peak week inc flu hosp,,,22,pmf,2026-10-24,0.014999999999999996
2026-10-10,peak week inc flu hosp,,,22,pmf,2026-10-31,0.009999999999999998
2026-10-10,peak week inc flu hosp,,,22,pmf,2026-11-07,0.03899999999999999
2026-10-10,peak week inc flu hosp,,,22,pmf,2026-11-14,0.054999999999999986
2026-10-10,peak week inc flu hosp,,,22,pmf,2026-11-21,0.051999999999999984
2026-10-10,peak week inc flu hosp,,,22,pmf,2026-11-28,0.052999999999999985
2026-10-10,peak week inc flu hosp,,,22,pmf,2026-12-05,0.07199999999999998
2026-10-10,peak week inc flu hosp,,,22,pmf,2026-12-12,0.07999999999999999
2026-10-10,peak week inc flu hosp,,,22,pmf,2026-12-19,0.09599999999999997
2026-10-10,peak week inc flu hosp,,,22,pmf,2026-12-26,0.08399999999999999
2026-10-10,peak week inc flu hosp,,,22,pmf,2027-01-02,0.060999999999999985
2026-10-10,peak week inc flu hosp,,,22,pmf,2027-01-09,0.05699999999999999
2026-10-10,peak week inc flu hosp,,,22,pmf,2027-01-16,0.034999999999999996
2026-10-10,peak week inc flu hosp,,,22,pmf,2027-01-23,0.04999999999999999
2026-10-10,peak week inc flu hosp,,,22,pmf,2027-01-30,0.039999999999999994
2026-10-10,peak week inc flu hosp,,,22,pmf,2027-02-06,0.03899999999999999
2026-10-10,peak week inc flu hosp,,,22,pmf,2027-02-13,0.034999999999999996
2026-10-10,peak week inc flu hosp,,,22,pmf,2027-02-20,0.027999999999999994
2026-10-10,peak week inc flu hosp,,,22,pmf,2027-02-27,0.027999999999999994
2026-10-10,peak week inc flu hosp,,,22,pmf,2027-03-06,0.013999999999999997
2026-10-10,peak week inc flu hosp,,,22,pmf,2027-03-13,0.010999999999999998
2026-10-10,peak week inc flu hosp,,,22,pmf,2027-03-20,0.011999999999999997
2026-10-10,peak week inc flu hosp,,,22,pmf,2027-03-27,0.007999999999999998
2026-10-10,peak week inc flu hosp,,,22,pmf,2027-04-03,0.005999999999999998
2026-10-10,peak week inc flu hosp,,,22,pmf,2027-04-10,0
2026-10-10,peak week inc flu hosp,,,22,pmf,2027-04-17,0
2026-10-10,peak week inc flu hosp,,,22,pmf,2027-04-24,0.002999999999999999
2026-10-10,peak week inc flu hosp,,,22,pmf,2027-05-01,0
2026-10-10,peak week inc flu hosp,,,22,pmf,2027-05-08,0
2026-10-10,peak week inc flu hosp,,,22,pmf,2027-05-15,0
2026-10-10,peak week inc flu hosp,,,22,pmf,2027-05-22,0
2026-10-10,peak week inc flu hosp,,,22,pmf,2027-05-29,0
2026-10-10,peak week inc flu hosp,,,23,pmf,2026-10-10,0.011999999999999997
2026-10-10,peak week inc flu hosp,,,23,pmf,2026-10-17,0.011999999999999997
2026-10-10,peak week inc flu hosp,,,23,pmf,2026-10-24,0.011999999999999997
2026-10-10,peak week inc flu hosp,,,23,pmf,2026-10-31,0.009999999999999998
2026-10-10,peak week inc flu hosp,,,23,pmf,2026-11-07,0.009999999999999998
2026-10-10,peak week inc flu hosp,,,23,pmf,2026-11-14,0.041999999999999996
2026-10-10,peak week inc flu hosp,,,23,pmf,2026-11-21,0.032999999999999995
2026-10-10,peak week inc flu hosp,,,23,pmf,2026-11-28,0.03699999999999999
2026-10-10,peak week inc flu hosp,,,23,pmf,2026-12-05,0.053999999999999986
2026-10-10,peak week inc flu hosp,,,23,pmf,2026-12-12,0.09899999999999998
2026-10-10,peak week inc flu hosp,,,23,pmf,2026-12-19,0.10699999999999997
2026-10-10,peak week inc flu hosp,,,23,pmf,2026-12-26,0.10099999999999998
2026-10-10,peak week inc flu hosp,,,23,pmf,2027-01-02,0.07599999999999998
2026-10-10,peak week inc flu hosp,,,23,pmf,2027-01-09,0.04799999999999999
2026-10-10,peak week inc flu hosp,,,23,pmf,2027-01-16,0.031999999999999994
2026-10-10,peak week inc flu hosp,,,23,pmf,2027-01-23,0.04399999999999999
2026-10-10,peak week inc flu hosp,,,23,pmf,2027-01-30,0.059999999999999984
2026-10-10,peak week inc flu hosp,,,23,pmf,2027-02-06,0.029999999999999992
2026-10-10,peak week inc flu hosp,,,23,pmf,2027-02-13,0.040999999999999995
2026-10-10,peak week inc flu hosp,,,23,pmf,2027-02-20,0.041999999999999996
2026-10-10,peak week inc flu hosp,,,23,pmf,2027-02-27,0.034999999999999996
2026-10-10,peak week inc flu hosp,,,23,pmf,2027-03-06,0.009999999999999998
2026-10-10,peak week inc flu hosp,,,23,pmf,2027-03-13,0.018999999999999996
2026-10-10,peak week inc flu hosp,,,23,pmf,2027-03-20,0.007999999999999998
2026-10-10,peak week inc flu hosp,,,23,pmf,2027-03-27,0.007999999999999998
2026-10-10,peak week inc flu hosp,,,23,pmf,2027-04-03,0.008999999999999998
2026-10-10,peak week inc flu hosp,,,23,pmf,2027-04-10,0.003999999999999999
2026-10-10,peak week inc flu hosp,,,23,pmf,2027-04-17,9.999999999999998e-4
2026-10-10,peak week inc flu hosp,,,23,pmf,2027-04-24,0
2026-10-10,peak week inc flu hosp,,,23,pmf,2027-05-01,0.002999999999999999
2026-10-10,peak week inc flu hosp,,,23,pmf,2027-05-08,0
2026-10-10,peak week inc flu hosp,,,23,pmf,2027-05-15,9.999999999999998e-4
2026-10-10,peak week inc flu hosp,,,23,pmf,2027-05-22,0
2026-10-10,peak week inc flu hosp,,,23,pmf,2027-05-29,0
2026-10-10,peak week inc flu hosp,,,24,pmf,2026-10-10,0.006
2026-10-10,peak week inc flu hosp,,,24,pmf,2026-10-17,0
2026-10-10,peak week inc flu hosp,,,24,pmf,2026-10-24,0.004
2026-10-10,peak week inc flu hosp,,,24,pmf,2026-10-31,0.01
2026-10-10,peak week inc flu hosp,,,24,pmf,2026-11-07,0.005
2026-10-10,peak week inc flu hosp,,,24,pmf,2026-11-14,0.03
2026-10-10,peak week inc flu hosp,,,24,pmf,2026-11-21,0.019
2026-10-10,peak week inc flu hosp,,,24,pmf,2026-11-28,0.033
2026-10-10,peak week inc flu hosp,,,24,pmf,2026-12-05,0.08
2026-10-10,peak week inc flu hosp,,,24,pmf,2026-12-12,0.106
2026-10-10,peak week inc flu hosp,,,24,pmf,2026-12-19,0.096
2026-10-10,peak week inc flu hosp,,,24,pmf,2026-12-26,0.092
2026-10-10,peak week inc flu hosp,,,24,pmf,2027-01-02,0.079
2026-10-10,peak week inc flu hosp,,,24,pmf,2027-01-09,0.075
2026-10-10,peak week inc flu hosp,,,24,pmf,2027-01-16,0.041
2026-10-10,peak week inc flu hosp,,,24,pmf,2027-01-23,0.052
2026-10-10,peak week inc flu hosp,,,24,pmf,2027-01-30,0.045
2026-10-10,peak week inc flu hosp,,,24,pmf,2027-02-06,0.06
2026-10-10,peak week inc flu hosp,,,24,pmf,2027-02-13,0.049
2026-10-10,peak week inc flu hosp,,,24,pmf,2027-02-20,0.042
2026-10-10,peak week inc flu hosp,,,24,pmf,2027-02-27,0.024
2026-10-10,peak week inc flu hosp,,,24,pmf,2027-03-06,0.011
2026-10-10,peak week inc flu hosp,,,24,pmf,2027-03-13,0.013
2026-10-10,peak week inc flu hosp,,,24,pmf,2027-03-20,0.008
2026-10-10,peak week inc flu hosp,,,24,pmf,2027-03-27,0.009
2026-10-10,peak week inc flu hosp,,,24,pmf,2027-04-03,0.003
2026-10-10,peak week inc flu hosp,,,24,pmf,2027-04-10,0.003
2026-10-10,peak week inc flu hosp,,,24,pmf,2027-04-17,0.001
2026-10-10,peak week inc flu hosp,,,24,pmf,2027-04-24,0.003
2026-10-10,peak week inc flu hosp,,,24,pmf,2027-05-01,0.001
2026-10-10,peak week inc flu hosp,,,24,pmf,2027-05-08,0
2026-10-10,peak week inc flu hosp,,,24,pmf,2027-05-15,0
2026-10-10,peak week inc flu hosp,,,24,pmf,2027-05-22,0
2026-10-10,peak week inc flu hosp,,,24,pmf,2027-05-29,0
2026-10-10,peak week inc flu hosp,,,25,pmf,2026-10-10,0.009
2026-10-10,peak week inc flu hosp,,,25,pmf,2026-10-17,0.008
2026-10-10,peak week inc flu hosp,,,25,pmf,2026-10-24,0.007
2026-10-10,peak week inc flu hosp,,,25,pmf,2026-10-31,0.007
2026-10-10,peak week inc flu hosp,,,25,pmf,2026-11-07,0
2026-10-10,peak week inc flu hosp,,,25,pmf,2026-11-14,0.012
2026-10-10,peak week inc flu hosp,,,25,pmf,2026-11-21,0.02
2026-10-10,peak week inc flu hosp,,,25,pmf,2026-11-28,0.038
2026-10-10,peak week inc flu hosp,,,25,pmf,2026-12-05,0.071
2026-10-10,peak week inc flu hosp,,,25,pmf,2026-12-12,0.099
2026-10-10,peak week inc flu hosp,,,25,pmf,2026-12-19,0.091
2026-10-10,peak week inc flu hosp,,,25,pmf,2026-12-26,0.089
2026-10-10,peak week inc flu hosp,,,25,pmf,2027-01-02,0.088
2026-10-10,peak week inc flu hosp,,,25,pmf,2027-01-09,0.057
2026-10-10,peak week inc flu hosp,,,25,pmf,2027-01-16,0.047
2026-10-10,peak week inc flu hosp,,,25,pmf,2027-01-23,0.05
2026-10-10,peak week inc flu hosp,,,25,pmf,2027-01-30,0.067
2026-10-10,peak week inc flu hosp,,,25,pmf,2027-02-06,0.044
2026-10-10,peak week inc flu hosp,,,25,pmf,2027-02-13,0.059
2026-10-10,peak week inc flu hosp,,,25,pmf,2027-02-20,0.046
2026-10-10,peak week inc flu hosp,,,25,pmf,2027-02-27,0.03
2026-10-10,peak week inc flu hosp,,,25,pmf,2027-03-06,0.018
2026-10-10,peak week inc flu hosp,,,25,pmf,2027-03-13,0.009
2026-10-10,peak week inc flu hosp,,,25,pmf,2027-03-20,0.011
2026-10-10,peak week inc flu hosp,,,25,pmf,2027-03-27,0.009
2026-10-10,peak week inc flu hosp,,,25,pmf,2027-04-03,0.007
2026-10-10,peak week inc flu hosp,,,25,pmf,2027-04-10,0.003
2026-10-10,peak week inc flu hosp,,,25,pmf,2027-04-17,0.002
2026-10-10,peak week inc flu hosp,,,25,pmf,2027-04-24,0.001
2026-10-10,peak week inc flu hosp,,,25,pmf,2027-05-01,0.001
2026-10-10,peak week inc flu hosp,,,25,pmf,2027-05-08,0
2026-10-10,peak week inc flu hosp,,,25,pmf,2027-05-15,0
2026-10-10,peak week inc flu hosp,,,25,pmf,2027-05-22,0
2026-10-10,peak week inc flu hosp,,,25,pmf,2027-05-29,0
2026-10-10,peak week inc flu hosp,,,26,pmf,2026-10-10,0.010999999999999998
2026-10-10,peak week inc flu hosp,,,26,pmf,2026-10-17,9.999999999999998e-4
2026-10-10,peak week inc flu hosp,,,26,pmf,2026-10-24,0.0019999999999999996
2026-10-10,peak week inc flu hosp,,,26,pmf,2026-10-31,0.002999999999999999
2026-10-10,peak week inc flu hosp,,,26,pmf,2026-11-07,0.006999999999999998
2026-10-10,peak week inc flu hosp,,,26,pmf,2026-11-14,0.020999999999999998
2026-10-10,peak week inc flu hosp,,,26,pmf,2026-11-21,0.034999999999999996
2026-10-10,peak week inc flu hosp,,,26,pmf,2026-11-28,0.033999999999999996
2026-10-10,peak week inc flu hosp,,,26,pmf,2026-12-05,0.08199999999999999
2026-10-10,peak week inc flu hosp,,,26,pmf,2026-12-12,0.09999999999999998
2026-10-10,peak week inc flu hosp,,,26,pmf,2026-12-19,0.12099999999999997
2026-10-10,peak week inc flu hosp,,,26,pmf,2026-12-26,0.08899999999999998
2026-10-10,peak week inc flu hosp,,,26,pmf,2027-01-02,0.08999999999999998
2026-10-10,peak week inc flu hosp,,,26,pmf,2027-01-09,0.046999999999999986
2026-10-10,peak week inc flu hosp,,,26,pmf,2027-01-16,0.03899999999999999
2026-10-10,peak week inc flu hosp,,,26,pmf,2027-01-23,0.05099999999999998
2026-10-10,peak week inc flu hosp,,,26,pmf,2027-01-30,0.06299999999999999
2026-10-10,peak week inc flu hosp,,,26,pmf,2027-02-06,0.04899999999999999
2026-10-10,peak week inc flu hosp,,,26,pmf,2027-02-13,0.033999999999999996
2026-10-10,peak week inc flu hosp,,,26,pmf,2027-02-20,0.034999999999999996
2026-10-10,peak week inc flu hosp,,,26,pmf,2027-02-27,0.024999999999999994
2026-10-10,peak week inc flu hosp,,,26,pmf,2027-03-06,0.013999999999999997
2026-10-10,peak week inc flu hosp,,,26,pmf,2027-03-13,0.011999999999999997
2026-10-10,peak week inc flu hosp,,,26,pmf,2027-03-20,0.011999999999999997
2026-10-10,peak week inc flu hosp,,,26,pmf,2027-03-27,0.006999999999999998
2026-10-10,peak week inc flu hosp,,,26,pmf,2027-04-03,0.005999999999999998
2026-10-10,peak week inc flu hosp,,,26,pmf,2027-04-10,0.003999999999999999
2026-10-10,peak week inc flu hosp,,,26,pmf,2027-04-17,9.999999999999998e-4
2026-10-10,peak week inc flu hosp,,,26,pmf,2027-04-24,0.0019999999999999996
2026-10-10,peak week inc flu hosp,,,26,pmf,2027-05-01,0.0019999999999999996
2026-10-10,peak week inc flu hosp,,,26,pmf,2027-05-08,0
2026-10-10,peak week inc flu hosp,,,26,pmf,2027-05-15,0
2026-10-10,peak week inc flu hosp,,,26,pmf,2027-05-22,9.999999999999998e-4
2026-10-10,peak week inc flu hosp,,,26,pmf,2027-05-29,0
2026-10-10,peak week inc flu hosp,,,27,pmf,2026-10-10,0.008
2026-10-10,peak week inc flu hosp,,,27,pmf,2026-10-17,0.002
2026-10-10,peak week inc flu hosp,,,27,pmf,2026-10-24,0
2026-10-10,peak week inc flu hosp,,,27,pmf,2026-10-31,0.004
2026-10-10,peak week inc flu hosp,,,27,pmf,2026-11-07,0.038
2026-10-10,peak week inc flu hosp,,,27,pmf,2026-11-14,0.07
2026-10-10,peak week inc flu hosp,,,27,pmf,2026-11-21,0.049
2026-10-10,peak week inc flu hosp,,,27,pmf,2026-11-28,0.093
2026-10-10,peak week inc flu hosp,,,27,pmf,2026-12-05,0.1
2026-10-10,peak week inc flu hosp,,,27,pmf,2026-12-12,0.097
2026-10-10,peak week inc flu hosp,,,27,pmf,2026-12-19,0.128
2026-10-10,peak week inc flu hosp,,,27,pmf,2026-12-26,0.1
2026-10-10,peak week inc flu hosp,,,27,pmf,2027-01-02,0.066
2026-10-10,peak week inc flu hosp,,,27,pmf,2027-01-09,0.035
2026-10-10,peak week inc flu hosp,,,27,pmf,2027-01-16,0.033
2026-10-10,peak week inc flu hosp,,,27,pmf,2027-01-23,0.035
2026-10-10,peak week inc flu hosp,,,27,pmf,2027-01-30,0.032
2026-10-10,peak week inc flu hosp,,,27,pmf,2027-02-06,0.046
2026-10-10,peak week inc flu hosp,,,27,pmf,2027-02-13,0.028
2026-10-10,peak week inc flu hosp,,,27,pmf,2027-02-20,0.016
2026-10-10,peak week inc flu hosp,,,27,pmf,2027-02-27,0.005
2026-10-10,peak week inc flu hosp,,,27,pmf,2027-03-06,0.002
2026-10-10,peak week inc flu hosp,,,27,pmf,2027-03-13,0.004
2026-10-10,peak week inc flu hosp,,,27,pmf,2027-03-20,0.002
2026-10-10,peak week inc flu hosp,,,27,pmf,2027-03-27,0.002
2026-10-10,peak week inc flu hosp,,,27,pmf,2027-04-03,0.001
2026-10-10,peak week inc flu hosp,,,27,pmf,2027-04-10,0
2026-10-10,peak week inc flu hosp,,,27,pmf,2027-04-17,0.001
2026-10-10,peak week inc flu hosp,,,27,pmf,2027-04-24,0
2026-10-10,peak week inc flu hosp,,,27,pmf,2027-05-01,0.002
2026-10-10,peak week inc flu hosp,,,27,pmf,2027-05-08,0
2026-10-10,peak week inc flu hosp,,,27,pmf,2027-05-15,0.001
2026-10-10,peak week inc flu hosp,,,27,pmf,2027-05-22,0
2026-10-10,peak week inc flu hosp,,,27,pmf,2027-05-29,0
2026-10-10,peak week inc flu hosp,,,28,pmf,2026-10-10,0.011999999999999997
2026-10-10,peak week inc flu hosp,,,28,pmf,2026-10-17,0.009999999999999998
2026-10-10,peak week inc flu hosp,,,28,pmf,2026-10-24,0.005999999999999998
2026-10-10,peak week inc flu hosp,,,28,pmf,2026-10-31,0.006999999999999998
2026-10-10,peak week inc flu hosp,,,28,pmf,2026-11-07,0.009999999999999998
2026-10-10,peak week inc flu hosp,,,28,pmf,2026-11-14,0.026999999999999993
2026-10-10,peak week inc flu hosp,,,28,pmf,2026-11-21,0.025999999999999992
2026-10-10,peak week inc flu hosp,,,28,pmf,2026-11-28,0.03699999999999999
2026-10-10,peak week inc flu hosp,,,28,pmf,2026-12-05,0.06699999999999999
2026-10-10,peak week inc flu hosp,,,28,pmf,2026-12-12,0.11899999999999997
2026-10-10,peak week inc flu hosp,,,28,pmf,2026-12-19,0.08799999999999998
2026-10-10,peak week inc flu hosp,,,28,pmf,2026-12-26,0.09399999999999997
2026-10-10,peak week inc flu hosp,,,28,pmf,2027-01-02,0.09899999999999998
2026-10-10,peak week inc flu hosp,,,28,pmf,2027-01-09,0.04999999999999999
2026-10-10,peak week inc flu hosp,,,28,pmf,2027-01-16,0.024999999999999994
2026-10-10,peak week inc flu hosp,,,28,pmf,2027-01-23,0.053999999999999986
2026-10-10,peak week inc flu hosp,,,28,pmf,2027-01-30,0.052999999999999985
2026-10-10,peak week inc flu hosp,,,28,pmf,2027-02-06,0.053999999999999986
2026-10-10,peak week inc flu hosp,,,28,pmf,2027-02-13,0.046999999999999986
2026-10-10,peak week inc flu hosp,,,28,pmf,2027-02-20,0.041999999999999996
2026-10-10,peak week inc flu hosp,,,28,pmf,2027-02-27,0.018999999999999996
2026-10-10,peak week inc flu hosp,,,28,pmf,2027-03-06,0.015999999999999997
2026-10-10,peak week inc flu hosp,,,28,pmf,2027-03-13,0.007999999999999998
2026-10-10,peak week inc flu hosp,,,28,pmf,2027-03-20,0.009999999999999998
2026-10-10,peak week inc flu hosp,,,28,pmf,2027-03-27,0.005999999999999998
2026-10-10,peak week inc flu hosp,,,28,pmf,2027-04-03,0.003999999999999999
2026-10-10,peak week inc flu hosp,,,28,pmf,2027-04-10,0.003999999999999999
2026-10-10,peak week inc flu hosp,,,28,pmf,2027-04-17,0.0019999999999999996
2026-10-10,peak week inc flu hosp,,,28,pmf,2027-04-24,0.002999999999999999
2026-10-10,peak week inc flu hosp,,,28,pmf,2027-05-01,0
2026-10-10,peak week inc flu hosp,,,28,pmf,2027-05-08,0
2026-10-10,peak week inc flu hosp,,,28,pmf,2027-05-15,0
2026-10-10,peak week inc flu hosp,,,28,pmf,2027-05-22,0
2026-10-10,peak week inc flu hosp,,,28,pmf,2027-05-29,9.999999999999998e-4
2026-10-10,peak week inc flu hosp,,,29,pmf,2026-10-10,0.007999999999999997
2026-10-10,peak week inc flu hosp,,,29,pmf,2026-10-17,9.999999999999996e-4
2026-10-10,peak week inc flu hosp,,,29,pmf,2026-10-24,0.0049999999999999975
2026-10-10,peak week inc flu hosp,,,29,pmf,2026-10-31,0.0049999999999999975
2026-10-10,peak week inc flu hosp,,,29,pmf,2026-11-07,0.008999999999999996
2026-10-10,peak week inc flu hosp,,,29,pmf,2026-11-14,0.027999999999999987
2026-10-10,peak week inc flu hosp,,,29,pmf,2026-11-21,0.03199999999999999
2026-10-10,peak week inc flu hosp,,,29,pmf,2026-11-28,0.04099999999999998
2026-10-10,peak week inc flu hosp,,,29,pmf,2026-12-05,0.07299999999999997
2026-10-10,peak week inc flu hosp,,,29,pmf,2026-12-12,0.10099999999999996
2026-10-10,peak week inc flu hosp,,,29,pmf,2026-12-19,0.08199999999999996
2026-10-10,peak week inc flu hosp,,,29,pmf,2026-12-26,0.11099999999999995
2026-10-10,peak week inc flu hosp,,,29,pmf,2027-01-02,0.09699999999999996
2026-10-10,peak week inc flu hosp,,,29,pmf,2027-01-09,0.057999999999999975
2026-10-10,peak week inc flu hosp,,,29,pmf,2027-01-16,0.03999999999999998
2026-10-10,peak week inc flu hosp,,,29,pmf,2027-01-23,0.04799999999999998
2026-10-10,peak week inc flu hosp,,,29,pmf,2027-01-30,0.05399999999999998
2026-10-10,peak week inc flu hosp,,,29,pmf,2027-02-06,0.04999999999999998
2026-10-10,peak week inc flu hosp,,,29,pmf,2027-02-13,0.04799999999999998
2026-10-10,peak week inc flu hosp,,,29,pmf,2027-02-20,0.04199999999999998
2026-10-10,peak week inc flu hosp,,,29,pmf,2027-02-27,0.011999999999999995
2026-10-10,peak week inc flu hosp,,,29,pmf,2027-03-06,0.010999999999999994
2026-10-10,peak week inc flu hosp,,,29,pmf,2027-03-13,0.010999999999999994
2026-10-10,peak week inc flu hosp,,,29,pmf,2027-03-20,0.015999999999999993
2026-10-10,peak week inc flu hosp,,,29,pmf,2027-03-27,9.999999999999996e-4
2026-10-10,peak week inc flu hosp,,,29,pmf,2027-04-03,0.0059999999999999975
2026-10-10,peak week inc flu hosp,,,29,pmf,2027-04-10,0.0029999999999999988
2026-10-10,peak week inc flu hosp,,,29,pmf,2027-04-17,0.0029999999999999988
2026-10-10,peak week inc flu hosp,,,29,pmf,2027-04-24,9.999999999999996e-4
2026-10-10,peak week inc flu hosp,,,29,pmf,2027-05-01,0.0029999999999999988
2026-10-10,peak week inc flu hosp,,,29,pmf,2027-05-08,0
2026-10-10,peak week inc flu hosp,,,29,pmf,2027-05-15,0
2026-10-10,peak week inc flu hosp,,,29,pmf,2027-05-22,0
2026-10-10,peak week inc flu hosp,,,29,pmf,2027-05-29,0
2026-10-10,peak week inc flu hosp,,,30,pmf,2026-10-10,0.04999999999999999
2026-10-10,peak week inc flu hosp,,,30,pmf,2026-10-17,0.021999999999999995
2026-10-10,peak week inc flu hosp,,,30,pmf,2026-10-24,0.013999999999999997
2026-10-10,peak week inc flu hosp,,,30,pmf,2026-10-31,0.011999999999999997
2026-10-10,peak week inc flu hosp,,,30,pmf,2026-11-07,0.007999999999999998
2026-10-10,peak week inc flu hosp,,,30,pmf,2026-11-14,0.030999999999999993
2026-10-10,peak week inc flu hosp,,,30,pmf,2026-11-21,0.024999999999999994
2026-10-10,peak week inc flu hosp,,,30,pmf,2026-11-28,0.032999999999999995
2026-10-10,peak week inc flu hosp,,,30,pmf,2026-12-05,0.08499999999999999
2026-10-10,peak week inc flu hosp,,,30,pmf,2026-12-12,0.09599999999999997
2026-10-10,peak week inc flu hosp,,,30,pmf,2026-12-19,0.08599999999999998
2026-10-10,peak week inc flu hosp,,,30,pmf,2026-12-26,0.07999999999999999
2026-10-10,peak week inc flu hosp,,,30,pmf,2027-01-02,0.07999999999999999
2026-10-10,peak week inc flu hosp,,,30,pmf,2027-01-09,0.052999999999999985
2026-10-10,peak week inc flu hosp,,,30,pmf,2027-01-16,0.032999999999999995
2026-10-10,peak week inc flu hosp,,,30,pmf,2027-01-23,0.032999999999999995
2026-10-10,peak week inc flu hosp,,,30,pmf,2027-01-30,0.04399999999999999
2026-10-10,peak week inc flu hosp,,,30,pmf,2027-02-06,0.03799999999999999
2026-10-10,peak week inc flu hosp,,,30,pmf,2027-02-13,0.032999999999999995
2026-10-10,peak week inc flu hosp,,,30,pmf,2027-02-20,0.04599999999999999
2026-10-10,peak week inc flu hosp,,,30,pmf,2027-02-27,0.026999999999999993
2026-10-10,peak week inc flu hosp,,,30,pmf,2027-03-06,0.012999999999999996
2026-10-10,peak week inc flu hosp,,,30,pmf,2027-03-13,0.024999999999999994
2026-10-10,peak week inc flu hosp,,,30,pmf,2027-03-20,0.015999999999999997
2026-10-10,peak week inc flu hosp,,,30,pmf,2027-03-27,0.006999999999999998
2026-10-10,peak week inc flu hosp,,,30,pmf,2027-04-03,0.003999999999999999
2026-10-10,peak week inc flu hosp,,,30,pmf,2027-04-10,9.999999999999998e-4
2026-10-10,peak week inc flu hosp,,,30,pmf,2027-04-17,9.999999999999998e-4
2026-10-10,peak week inc flu hosp,,,30,pmf,2027-04-24,0
2026-10-10,peak week inc flu hosp,,,30,pmf,2027-05-01,9.999999999999998e-4
2026-10-10,peak week inc flu hosp,,,30,pmf,2027-05-08,0
2026-10-10,peak week inc flu hosp,,,30,pmf,2027-05-15,9.999999999999998e-4
2026-10-10,peak week inc flu hosp,,,30,pmf,2027-05-22,0.0019999999999999996
2026-10-10,peak week inc flu hosp,,,30,pmf,2027-05-29,0
2026-10-10,peak week inc flu hosp,,,31,pmf,2026-10-10,0.046999999999999986
2026-10-10,peak week inc flu hosp,,,31,pmf,2026-10-17,0.015999999999999997
2026-10-10,peak week inc flu hosp,,,31,pmf,2026-10-24,0.019999999999999997
2026-10-10,peak week inc flu hosp,,,31,pmf,2026-10-31,0.009999999999999998
2026-10-10,peak week inc flu hosp,,,31,pmf,2026-11-07,0.013999999999999997
2026-10-10,peak week inc flu hosp,,,31,pmf,2026-11-14,0.033999999999999996
2026-10-10,peak week inc flu hosp,,,31,pmf,2026-11-21,0.023999999999999994
2026-10-10,peak week inc flu hosp,,,31,pmf,2026-11-28,0.03599999999999999
2026-10-10,peak week inc flu hosp,,,31,pmf,2026-12-05,0.053999999999999986
2026-10-10,peak week inc flu hosp,,,31,pmf,2026-12-12,0.09199999999999998
2026-10-10,peak week inc flu hosp,,,31,pmf,2026-12-19,0.08999999999999998
2026-10-10,peak week inc flu hosp,,,31,pmf,2026-12-26,0.08499999999999999
2026-10-10,peak week inc flu hosp,,,31,pmf,2027-01-02,0.07799999999999999
2026-10-10,peak week inc flu hosp,,,31,pmf,2027-01-09,0.05799999999999999
2026-10-10,peak week inc flu hosp,,,31,pmf,2027-01-16,0.032999999999999995
2026-10-10,peak week inc flu hosp,,,31,pmf,2027-01-23,0.04399999999999999
2026-10-10,peak week inc flu hosp,,,31,pmf,2027-01-30,0.05099999999999998
2026-10-10,peak week inc flu hosp,,,31,pmf,2027-02-06,0.03899999999999999
2026-10-10,peak week inc flu hosp,,,31,pmf,2027-02-13,0.04299999999999999
2026-10-10,peak week inc flu hosp,,,31,pmf,2027-02-20,0.033999999999999996
2026-10-10,peak week inc flu hosp,,,31,pmf,2027-02-27,0.025999999999999992
2026-10-10,peak week inc flu hosp,,,31,pmf,2027-03-06,0.019999999999999997
2026-10-10,peak week inc flu hosp,,,31,pmf,2027-03-13,0.017999999999999995
2026-10-10,peak week inc flu hosp,,,31,pmf,2027-03-20,0.010999999999999998
2026-10-10,peak week inc flu hosp,,,31,pmf,2027-03-27,0.006999999999999998
2026-10-10,peak week inc flu hosp,,,31,pmf,2027-04-03,0.003999999999999999
2026-10-10,peak week inc flu hosp,,,31,pmf,2027-04-10,0.005999999999999998
2026-10-10,peak week inc flu hosp,,,31,pmf,2027-04-17,0.002999999999999999
2026-10-10,peak week inc flu hosp,,,31,pmf,2027-04-24,9.999999999999998e-4
2026-10-10,peak week inc flu hosp,,,31,pmf,2027-05-01,9.999999999999998e-4
2026-10-10,peak week inc flu hosp,,,31,pmf,2027-05-08,0
2026-10-10,peak week inc flu hosp,,,31,pmf,2027-05-15,9.999999999999998e-4
2026-10-10,peak week inc flu hosp,,,31,pmf,2027-05-22,0
2026-10-10,peak week inc flu hosp,,,31,pmf,2027-05-29,0
2026-10-10,peak week inc flu hosp,,,32,pmf,2026-10-10,0.010999999999999998
2026-10-10,peak week inc flu hosp,,,32,pmf,2026-10-17,0.007999999999999998
2026-10-10,peak week inc flu hosp,,,32,pmf,2026-10-24,0.010999999999999998
2026-10-10,peak week inc flu hosp,,,32,pmf,2026-10-31,0.011999999999999997
2026-10-10,peak week inc flu hosp,,,32,pmf,2026-11-07,0.021999999999999995
2026-10-10,peak week inc flu hosp,,,32,pmf,2026-11-14,0.039999999999999994
2026-10-10,peak week inc flu hosp,,,32,pmf,2026-11-21,0.041999999999999996
2026-10-10,peak week inc flu hosp,,,32,pmf,2026-11-28,0.03799999999999999
2026-10-10,peak week inc flu hosp,,,32,pmf,2026-12-05,0.06599999999999999
2026-10-10,peak week inc flu hosp,,,32,pmf,2026-12-12,0.09199999999999998
2026-10-10,peak week inc flu hosp,,,32,pmf,2026-12-19,0.09299999999999999
2026-10-10,peak week inc flu hosp,,,32,pmf,2026-12-26,0.08499999999999999
2026-10-10,peak week inc flu hosp,,,32,pmf,2027-01-02,0.09399999999999997
2026-10-10,peak week inc flu hosp,,,32,pmf,2027-01-09,0.053999999999999986
2026-10-10,peak week inc flu hosp,,,32,pmf,2027-01-16,0.040999999999999995
2026-10-10,peak week inc flu hosp,,,32,pmf,2027-01-23,0.053999999999999986
2026-10-10,peak week inc flu hosp,,,32,pmf,2027-01-30,0.04899999999999999
2026-10-10,peak week inc flu hosp,,,32,pmf,2027-02-06,0.033999999999999996
2026-10-10,peak week inc flu hosp,,,32,pmf,2027-02-13,0.041999999999999996
2026-10-10,peak week inc flu hosp,,,32,pmf,2027-02-20,0.032999999999999995
2026-10-10,peak week inc flu hosp,,,32,pmf,2027-02-27,0.019999999999999997
2026-10-10,peak week inc flu hosp,,,32,pmf,2027-03-06,0.012999999999999996
2026-10-10,peak week inc flu hosp,,,32,pmf,2027-03-13,0.009999999999999998
2026-10-10,peak week inc flu hosp,,,32,pmf,2027-03-20,0.013999999999999997
2026-10-10,peak week inc flu hosp,,,32,pmf,2027-03-27,0.013999999999999997
2026-10-10,peak week inc flu hosp,,,32,pmf,2027-04-03,0.002999999999999999
2026-10-10,peak week inc flu hosp,,,32,pmf,2027-04-10,0.0019999999999999996
2026-10-10,peak week inc flu hosp,,,32,pmf,2027-04-17,9.999999999999998e-4
2026-10-10,peak week inc flu hosp,,,32,pmf,2027-04-24,0
2026-10-10,peak week inc flu hosp,,,32,pmf,2027-05-01,9.999999999999998e-4
2026-10-10,peak week inc flu hosp,,,32,pmf,2027-05-08,0
2026-10-10,peak week inc flu hosp,,,32,pmf,2027-05-15,0
2026-10-10,peak week inc flu hosp,,,32,pmf,2027-05-22,9.999999999999998e-4
2026-10-10,peak week inc flu hosp,,,32,pmf,2027-05-29,0
2026-10-10,peak week inc flu hosp,,,33,pmf,2026-10-10,0.020999999999999998
2026-10-10,peak week inc flu hosp,,,33,pmf,2026-10-17,0.015999999999999997
2026-10-10,peak week inc flu hosp,,,33,pmf,2026-10-24,0.006999999999999998
2026-10-10,peak week inc flu hosp,,,33,pmf,2026-10-31,0.004999999999999999
2026-10-10,peak week inc flu hosp,,,33,pmf,2026-11-07,0.017999999999999995
2026-10-10,peak week inc flu hosp,,,33,pmf,2026-11-14,0.03699999999999999
2026-10-10,peak week inc flu hosp,,,33,pmf,2026-11-21,0.029999999999999992
2026-10-10,peak week inc flu hosp,,,33,pmf,2026-11-28,0.04799999999999999
2026-10-10,peak week inc flu hosp,,,33,pmf,2026-12-05,0.061999999999999986
2026-10-10,peak week inc flu hosp,,,33,pmf,2026-12-12,0.10199999999999997
2026-10-10,peak week inc flu hosp,,,33,pmf,2026-12-19,0.08099999999999999
2026-10-10,peak week inc flu hosp,,,33,pmf,2026-12-26,0.07499999999999998
2026-10-10,peak week inc flu hosp,,,33,pmf,2027-01-02,0.09399999999999997
2026-10-10,peak week inc flu hosp,,,33,pmf,2027-01-09,0.06799999999999999
2026-10-10,peak week inc flu hosp,,,33,pmf,2027-01-16,0.04899999999999999
2026-10-10,peak week inc flu hosp,,,33,pmf,2027-01-23,0.04499999999999999
2026-10-10,peak week inc flu hosp,,,33,pmf,2027-01-30,0.052999999999999985
2026-10-10,peak week inc flu hosp,,,33,pmf,2027-02-06,0.03799999999999999
2026-10-10,peak week inc flu hosp,,,33,pmf,2027-02-13,0.031999999999999994
2026-10-10,peak week inc flu hosp,,,33,pmf,2027-02-20,0.033999999999999996
2026-10-10,peak week inc flu hosp,,,33,pmf,2027-02-27,0.025999999999999992
2026-10-10,peak week inc flu hosp,,,33,pmf,2027-03-06,0.016999999999999998
2026-10-10,peak week inc flu hosp,,,33,pmf,2027-03-13,0.013999999999999997
2026-10-10,peak week inc flu hosp,,,33,pmf,2027-03-20,0.006999999999999998
2026-10-10,peak week inc flu hosp,,,33,pmf,2027-03-27,0.005999999999999998
2026-10-10,peak week inc flu hosp,,,33,pmf,2027-04-03,0.005999999999999998
2026-10-10,peak week inc flu hosp,,,33,pmf,2027-04-10,0.005999999999999998
2026-10-10,peak week inc flu hosp,,,33,pmf,2027-04-17,9.999999999999998e-4
2026-10-10,peak week inc flu hosp,,,33,pmf,2027-04-24,0.0019999999999999996
2026-10-10,peak week inc flu hosp,,,33,pmf,2027-05-01,0
2026-10-10,peak week inc flu hosp,,,33,pmf,2027-05-08,0
2026-10-10,peak week inc flu hosp,,,33,pmf,2027-05-15,0
2026-10-10,peak week inc flu hosp,,,33,pmf,2027-05-22,0
2026-10-10,peak week inc flu hosp,,,33,pmf,2027-05-29,0
2026-10-10,peak week inc flu hosp,,,34,pmf,2026-10-10,0.01
2026-10-10,peak week inc flu hosp,,,34,pmf,2026-10-17,0.004
2026-10-10,peak week inc flu hosp,,,34,pmf,2026-10-24,0.005
2026-10-10,peak week inc flu hosp,,,34,pmf,2026-10-31,0.005
2026-10-10,peak week inc flu hosp,,,34,pmf,2026-11-07,0.018
2026-10-10,peak week inc flu hosp,,,34,pmf,2026-11-14,0.033
2026-10-10,peak week inc flu hosp,,,34,pmf,2026-11-21,0.037
2026-10-10,peak week inc flu hosp,,,34,pmf,2026-11-28,0.039
2026-10-10,peak week inc flu hosp,,,34,pmf,2026-12-05,0.077
2026-10-10,peak week inc flu hosp,,,34,pmf,2026-12-12,0.108
2026-10-10,peak week inc flu hosp,,,34,pmf,2026-12-19,0.098
2026-10-10,peak week inc flu hosp,,,34,pmf,2026-12-26,0.08
2026-10-10,peak week inc flu hosp,,,34,pmf,2027-01-02,0.088
2026-10-10,peak week inc flu hosp,,,34,pmf,2027-01-09,0.059
2026-10-10,peak week inc flu hosp,,,34,pmf,2027-01-16,0.038
2026-10-10,peak week inc flu hosp,,,34,pmf,2027-01-23,0.043
2026-10-10,peak week inc flu hosp,,,34,pmf,2027-01-30,0.041
2026-10-10,peak week inc flu hosp,,,34,pmf,2027-02-06,0.052
2026-10-10,peak week inc flu hosp,,,34,pmf,2027-02-13,0.044
2026-10-10,peak week inc flu hosp,,,34,pmf,2027-02-20,0.033
2026-10-10,peak week inc flu hosp,,,34,pmf,2027-02-27,0.021
2026-10-10,peak week inc flu hosp,,,34,pmf,2027-03-06,0.016
2026-10-10,peak week inc flu hosp,,,34,pmf,2027-03-13,0.02
2026-10-10,peak week inc flu hosp,,,34,pmf,2027-03-20,0.017
2026-10-10,peak week inc flu hosp,,,34,pmf,2027-03-27,0.007
2026-10-10,peak week inc flu hosp,,,34,pmf,2027-04-03,0.002
2026-10-10,peak week inc flu hosp,,,34,pmf,2027-04-10,0.004
2026-10-10,peak week inc flu hosp,,,34,pmf,2027-04-17,0.001
2026-10-10,peak week inc flu hosp,,,34,pmf,2027-04-24,0
2026-10-10,peak week inc flu hosp,,,34,pmf,2027-05-01,0
2026-10-10,peak week inc flu hosp,,,34,pmf,2027-05-08,0
2026-10-10,peak week inc flu hosp,,,34,pmf,2027-05-15,0
2026-10-10,peak week inc flu hosp,,,34,pmf,2027-05-22,0
2026-10-10,peak week inc flu hosp,,,34,pmf,2027-05-29,0
2026-10-10,peak week inc flu hosp,,,35,pmf,2026-10-10,0.005999999999999998
2026-10-10,peak week inc flu hosp,,,35,pmf,2026-10-17,9.999999999999998e-4
2026-10-10,peak week inc flu hosp,,,35,pmf,2026-10-24,0.002999999999999999
2026-10-10,peak week inc flu hosp,,,35,pmf,2026-10-31,0.005999999999999998
2026-10-10,peak week inc flu hosp,,,35,pmf,2026-11-07,0.004999999999999999
2026-10-10,peak week inc flu hosp,,,35,pmf,2026-11-14,0.04399999999999999
2026-10-10,peak week inc flu hosp,,,35,pmf,2026-11-21,0.04299999999999999
2026-10-10,peak week inc flu hosp,,,35,pmf,2026-11-28,0.046999999999999986
2026-10-10,peak week inc flu hosp,,,35,pmf,2026-12-05,0.08599999999999998
2026-10-10,peak week inc flu hosp,,,35,pmf,2026-12-12,0.10199999999999997
2026-10-10,peak week inc flu hosp,,,35,pmf,2026-12-19,0.09099999999999998
2026-10-10,peak week inc flu hosp,,,35,pmf,2026-12-26,0.08399999999999999
2026-10-10,peak week inc flu hosp,,,35,pmf,2027-01-02,0.07799999999999999
2026-10-10,peak week inc flu hosp,,,35,pmf,2027-01-09,0.061999999999999986
2026-10-10,peak week inc flu hosp,,,35,pmf,2027-01-16,0.041999999999999996
2026-10-10,peak week inc flu hosp,,,35,pmf,2027-01-23,0.051999999999999984
2026-10-10,peak week inc flu hosp,,,35,pmf,2027-01-30,0.046999999999999986
2026-10-10,peak week inc flu hosp,,,35,pmf,2027-02-06,0.04399999999999999
2026-10-10,peak week inc flu hosp,,,35,pmf,2027-02-13,0.04499999999999999
2026-10-10,peak week inc flu hosp,,,35,pmf,2027-02-20,0.040999999999999995
2026-10-10,peak week inc flu hosp,,,35,pmf,2027-02-27,0.016999999999999998
2026-10-10,peak week inc flu hosp,,,35,pmf,2027-03-06,0.007999999999999998
2026-10-10,peak week inc flu hosp,,,35,pmf,2027-03-13,0.017999999999999995
2026-10-10,peak week inc flu hosp,,,35,pmf,2027-03-20,0.012999999999999996
2026-10-10,peak week inc flu hosp,,,35,pmf,2027-03-27,0.003999999999999999
2026-10-10,peak week inc flu hosp,,,35,pmf,2027-04-03,0.005999999999999998
2026-10-10,peak week inc flu hosp,,,35,pmf,2027-04-10,9.999999999999998e-4
2026-10-10,peak week inc flu hosp,,,35,pmf,2027-04-17,0.002999999999999999
2026-10-10,peak week inc flu hosp,,,35,pmf,2027-04-24,0
2026-10-10,peak week inc flu hosp,,,35,pmf,2027-05-01,9.999999999999998e-4
2026-10-10,peak week inc flu hosp,,,35,pmf,2027-05-08,0
2026-10-10,peak week inc flu hosp,,,35,pmf,2027-05-15,0
2026-10-10,peak week inc flu hosp,,,35,pmf,2027-05-22,0
2026-10-10,peak week inc flu hosp,,,35,pmf,2027-05-29,0
2026-10-10,peak week inc flu hosp,,,36,pmf,2026-10-10,0.003
2026-10-10,peak week inc flu hosp,,,36,pmf,2026-10-17,0.004
2026-10-10,peak week inc flu hosp,,,36,pmf,2026-10-24,0.011
2026-10-10,peak week inc flu hosp,,,36,pmf,2026-10-31,0.014
2026-10-10,peak week inc flu hosp,,,36,pmf,2026-11-07,0.051
2026-10-10,peak week inc flu hosp,,,36,pmf,2026-11-14,0.114
2026-10-10,peak week inc flu hosp,,,36,pmf,2026-11-21,0.138
2026-10-10,peak week inc flu hosp,,,36,pmf,2026-11-28,0.08
2026-10-10,peak week inc flu hosp,,,36,pmf,2026-12-05,0.127
2026-10-10,peak week inc flu hosp,,,36,pmf,2026-12-12,0.087
2026-10-10,peak week inc flu hosp,,,36,pmf,2026-12-19,0.072
2026-10-10,peak week inc flu hosp,,,36,pmf,2026-12-26,0.07
2026-10-10,peak week inc flu hosp,,,36,pmf,2027-01-02,0.034
2026-10-10,peak week inc flu hosp,,,36,pmf,2027-01-09,0.018
2026-10-10,peak week inc flu hosp,,,36,pmf,2027-01-16,0.042
2026-10-10,peak week inc flu hosp,,,36,pmf,2027-01-23,0.039
2026-10-10,peak week inc flu hosp,,,36,pmf,2027-01-30,0.033
2026-10-10,peak week inc flu hosp,,,36,pmf,2027-02-06,0.027
2026-10-10,peak week inc flu hosp,,,36,pmf,2027-02-13,0.014
2026-10-10,peak week inc flu hosp,,,36,pmf,2027-02-20,0.008
2026-10-10,peak week inc flu hosp,,,36,pmf,2027-02-27,0.004
2026-10-10,peak week inc flu hosp,,,36,pmf,2027-03-06,0.003
2026-10-10,peak week inc flu hosp,,,36,pmf,2027-03-13,0.003
2026-10-10,peak week inc flu hosp,,,36,pmf,2027-03-20,0.001
2026-10-10,peak week inc flu hosp,,,36,pmf,2027-03-27,0
2026-10-10,peak week inc flu hosp,,,36,pmf,2027-04-03,0.001
2026-10-10,peak week inc flu hosp,,,36,pmf,2027-04-10,0.001
2026-10-10,peak week inc flu hosp,,,36,pmf,2027-04-17,0
2026-10-10,peak week inc flu hosp,,,36,pmf,2027-04-24,0
2026-10-10,peak week inc flu hosp,,,36,pmf,2027-05-01,0.001
2026-10-10,peak week inc flu hosp,,,36,pmf,2027-05-08,0
2026-10-10,peak week inc flu hosp,,,36,pmf,2027-05-15,0
2026-10-10,peak week inc flu hosp,,,36,pmf,2027-05-22,0
2026-10-10,peak week inc flu hosp,,,36,pmf,2027-05-29,0
2026-10-10,peak week inc flu hosp,,,37,pmf,2026-10-10,0.002999999999999999
2026-10-10,peak week inc flu hosp,,,37,pmf,2026-10-17,9.999999999999998e-4
2026-10-10,peak week inc flu hosp,,,37,pmf,2026-10-24,0.002999999999999999
2026-10-10,peak week inc flu hosp,,,37,pmf,2026-10-31,0.008999999999999998
2026-10-10,peak week inc flu hosp,,,37,pmf,2026-11-07,0.012999999999999996
2026-10-10,peak week inc flu hosp,,,37,pmf,2026-11-14,0.04999999999999999
2026-10-10,peak week inc flu hosp,,,37,pmf,2026-11-21,0.030999999999999993
2026-10-10,peak week inc flu hosp,,,37,pmf,2026-11-28,0.04299999999999999
2026-10-10,peak week inc flu hosp,,,37,pmf,2026-12-05,0.08799999999999998
2026-10-10,peak week inc flu hosp,,,37,pmf,2026-12-12,0.10599999999999997
2026-10-10,peak week inc flu hosp,,,37,pmf,2026-12-19,0.08399999999999999
2026-10-10,peak week inc flu hosp,,,37,pmf,2026-12-26,0.09699999999999998
2026-10-10,peak week inc flu hosp,,,37,pmf,2027-01-02,0.07099999999999998
2026-10-10,peak week inc flu hosp,,,37,pmf,2027-01-09,0.05799999999999999
2026-10-10,peak week inc flu hosp,,,37,pmf,2027-01-16,0.034999999999999996
2026-10-10,peak week inc flu hosp,,,37,pmf,2027-01-23,0.04399999999999999
2026-10-10,peak week inc flu hosp,,,37,pmf,2027-01-30,0.051999999999999984
2026-10-10,peak week inc flu hosp,,,37,pmf,2027-02-06,0.039999999999999994
2026-10-10,peak week inc flu hosp,,,37,pmf,2027-02-13,0.046999999999999986
2026-10-10,peak week inc flu hosp,,,37,pmf,2027-02-20,0.03699999999999999
2026-10-10,peak week inc flu hosp,,,37,pmf,2027-02-27,0.018999999999999996
2026-10-10,peak week inc flu hosp,,,37,pmf,2027-03-06,0.017999999999999995
2026-10-10,peak week inc flu hosp,,,37,pmf,2027-03-13,0.020999999999999998
2026-10-10,peak week inc flu hosp,,,37,pmf,2027-03-20,0.011999999999999997
2026-10-10,peak week inc flu hosp,,,37,pmf,2027-03-27,0.005999999999999998
2026-10-10,peak week inc flu hosp,,,37,pmf,2027-04-03,0.008999999999999998
2026-10-10,peak week inc flu hosp,,,37,pmf,2027-04-10,0.0019999999999999996
2026-10-10,peak week inc flu hosp,,,37,pmf,2027-04-17,0
2026-10-10,peak week inc flu hosp,,,37,pmf,2027-04-24,9.999999999999998e-4
2026-10-10,peak week inc flu hosp,,,37,pmf,2027-05-01,0
2026-10-10,peak week inc flu hosp,,,37,pmf,2027-05-08,0
2026-10-10,peak week inc flu hosp,,,37,pmf,2027-05-15,0
2026-10-10,peak week inc flu hosp,,,37,pmf,2027-05-22,0
2026-10-10,peak week inc flu hosp,,,37,pmf,2027-05-29,0
2026-10-10,peak week inc flu hosp,,,38,pmf,2026-10-10,0.006999999999999998
2026-10-10,peak week inc flu hosp,,,38,pmf,2026-10-17,0.002999999999999999
2026-10-10,peak week inc flu hosp,,,38,pmf,2026-10-24,0.005999999999999998
2026-10-10,peak week inc flu hosp,,,38,pmf,2026-10-31,0.007999999999999998
2026-10-10,peak week inc flu hosp,,,38,pmf,2026-11-07,0.002999999999999999
2026-10-10,peak week inc flu hosp,,,38,pmf,2026-11-14,0.023999999999999994
2026-10-10,peak week inc flu hosp,,,38,pmf,2026-11-21,0.025999999999999992
2026-10-10,peak week inc flu hosp,,,38,pmf,2026-11-28,0.03699999999999999
2026-10-10,peak week inc flu hosp,,,38,pmf,2026-12-05,0.07299999999999998
2026-10-10,peak week inc flu hosp,,,38,pmf,2026-12-12,0.11199999999999997
2026-10-10,peak week inc flu hosp,,,38,pmf,2026-12-19,0.09399999999999997
2026-10-10,peak week inc flu hosp,,,38,pmf,2026-12-26,0.10599999999999997
2026-10-10,peak week inc flu hosp,,,38,pmf,2027-01-02,0.10599999999999997
2026-10-10,peak week inc flu hosp,,,38,pmf,2027-01-09,0.053999999999999986
2026-10-10,peak week inc flu hosp,,,38,pmf,2027-01-16,0.033999999999999996
2026-10-10,peak week inc flu hosp,,,38,pmf,2027-01-23,0.04399999999999999
2026-10-10,peak week inc flu hosp,,,38,pmf,2027-01-30,0.04499999999999999
2026-10-10,peak week inc flu hosp,,,38,pmf,2027-02-06,0.046999999999999986
2026-10-10,peak week inc flu hosp,,,38,pmf,2027-02-13,0.03899999999999999
2026-10-10,peak week inc flu hosp,,,38,pmf,2027-02-20,0.04399999999999999
2026-10-10,peak week inc flu hosp,,,38,pmf,2027-02-27,0.017999999999999995
2026-10-10,peak week inc flu hosp,,,38,pmf,2027-03-06,0.013999999999999997
2026-10-10,peak week inc flu hosp,,,38,pmf,2027-03-13,0.028999999999999995
2026-10-10,peak week inc flu hosp,,,38,pmf,2027-03-20,0.009999999999999998
2026-10-10,peak week inc flu hosp,,,38,pmf,2027-03-27,0.006999999999999998
2026-10-10,peak week inc flu hosp,,,38,pmf,2027-04-03,0.002999999999999999
2026-10-10,peak week inc flu hosp,,,38,pmf,2027-04-10,9.999999999999998e-4
2026-10-10,peak week inc flu hosp,,,38,pmf,2027-04-17,9.999999999999998e-4
2026-10-10,peak week inc flu hosp,,,38,pmf,2027-04-24,0.003999999999999999
2026-10-10,peak week inc flu hosp,,,38,pmf,2027-05-01,0
2026-10-10,peak week inc flu hosp,,,38,pmf,2027-05-08,0
2026-10-10,peak week inc flu hosp,,,38,pmf,2027-05-15,0
2026-10-10,peak week inc flu hosp,,,38,pmf,2027-05-22,0
2026-10-10,peak week inc flu hosp,,,38,pmf,2027-05-29,9.999999999999998e-4
2026-10-10,peak week inc flu hosp,,,39,pmf,2026-10-10,0.009999999999999998
2026-10-10,peak week inc flu hosp,,,39,pmf,2026-10-17,0.004999999999999999
2026-10-10,peak week inc flu hosp,,,39,pmf,2026-10-24,0.007999999999999998
2026-10-10,peak week inc flu hosp,,,39,pmf,2026-10-31,0.007999999999999998
2026-10-10,peak week inc flu hosp,,,39,pmf,2026-11-07,0.013999999999999997
2026-10-10,peak week inc flu hosp,,,39,pmf,2026-11-14,0.027999999999999994
2026-10-10,peak week inc flu hosp,,,39,pmf,2026-11-21,0.022999999999999996
2026-10-10,peak week inc flu hosp,,,39,pmf,2026-11-28,0.04299999999999999
2026-10-10,peak week inc flu hosp,,,39,pmf,2026-12-05,0.08599999999999998
2026-10-10,peak week inc flu hosp,,,39,pmf,2026-12-12,0.10699999999999997
2026-10-10,peak week inc flu hosp,,,39,pmf,2026-12-19,0.11599999999999998
2026-10-10,peak week inc flu hosp,,,39,pmf,2026-12-26,0.09299999999999999
2026-10-10,peak week inc flu hosp,,,39,pmf,2027-01-02,0.07099999999999998
2026-10-10,peak week inc flu hosp,,,39,pmf,2027-01-09,0.05799999999999999
2026-10-10,peak week inc flu hosp,,,39,pmf,2027-01-16,0.04499999999999999
2026-10-10,peak week inc flu hosp,,,39,pmf,2027-01-23,0.046999999999999986
2026-10-10,peak week inc flu hosp,,,39,pmf,2027-01-30,0.06299999999999999
2026-10-10,peak week inc flu hosp,,,39,pmf,2027-02-06,0.039999999999999994
2026-10-10,peak week inc flu hosp,,,39,pmf,2027-02-13,0.04599999999999999
2026-10-10,peak week inc flu hosp,,,39,pmf,2027-02-20,0.026999999999999993
2026-10-10,peak week inc flu hosp,,,39,pmf,2027-02-27,0.014999999999999996
2026-10-10,peak week inc flu hosp,,,39,pmf,2027-03-06,0.006999999999999998
2026-10-10,peak week inc flu hosp,,,39,pmf,2027-03-13,0.014999999999999996
2026-10-10,peak week inc flu hosp,,,39,pmf,2027-03-20,0.006999999999999998
2026-10-10,peak week inc flu hosp,,,39,pmf,2027-03-27,0.005999999999999998
2026-10-10,peak week inc flu hosp,,,39,pmf,2027-04-03,0.003999999999999999
2026-10-10,peak week inc flu hosp,,,39,pmf,2027-04-10,0.0019999999999999996
2026-10-10,peak week inc flu hosp,,,39,pmf,2027-04-17,0.003999999999999999
2026-10-10,peak week inc flu hosp,,,39,pmf,2027-04-24,9.999999999999998e-4
2026-10-10,peak week inc flu hosp,,,39,pmf,2027-05-01,9.999999999999998e-4
2026-10-10,peak week inc flu hosp,,,39,pmf,2027-05-08,0
2026-10-10,peak week inc flu hosp,,,39,pmf,2027-05-15,0
2026-10-10,peak week inc flu hosp,,,39,pmf,2027-05-22,0
2026-10-10,peak week inc flu hosp,,,39,pmf,2027-05-29,0
2026-10-10,peak week inc flu hosp,,,40,pmf,2026-10-10,0.009999999999999998
2026-10-10,peak week inc flu hosp,,,40,pmf,2026-10-17,0.0019999999999999996
2026-10-10,peak week inc flu hosp,,,40,pmf,2026-10-24,0.005999999999999998
2026-10-10,peak week inc flu hosp,,,40,pmf,2026-10-31,0.007999999999999998
2026-10-10,peak week inc flu hosp,,,40,pmf,2026-11-07,0.002999999999999999
2026-10-10,peak week inc flu hosp,,,40,pmf,2026-11-14,0.032999999999999995
2026-10-10,peak week inc flu hosp,,,40,pmf,2026-11-21,0.015999999999999997
2026-10-10,peak week inc flu hosp,,,40,pmf,2026-11-28,0.03799999999999999
2026-10-10,peak week inc flu hosp,,,40,pmf,2026-12-05,0.07999999999999999
2026-10-10,peak week inc flu hosp,,,40,pmf,2026-12-12,0.12099999999999997
2026-10-10,peak week inc flu hosp,,,40,pmf,2026-12-19,0.09499999999999997
2026-10-10,peak week inc flu hosp,,,40,pmf,2026-12-26,0.09899999999999998
2026-10-10,peak week inc flu hosp,,,40,pmf,2027-01-02,0.07899999999999999
2026-10-10,peak week inc flu hosp,,,40,pmf,2027-01-09,0.06499999999999999
2026-10-10,peak week inc flu hosp,,,40,pmf,2027-01-16,0.03799999999999999
2026-10-10,peak week inc flu hosp,,,40,pmf,2027-01-23,0.046999999999999986
2026-10-10,peak week inc flu hosp,,,40,pmf,2027-01-30,0.046999999999999986
2026-10-10,peak week inc flu hosp,,,40,pmf,2027-02-06,0.04599999999999999
2026-10-10,peak week inc flu hosp,,,40,pmf,2027-02-13,0.03799999999999999
2026-10-10,peak week inc flu hosp,,,40,pmf,2027-02-20,0.03899999999999999
2026-10-10,peak week inc flu hosp,,,40,pmf,2027-02-27,0.023999999999999994
2026-10-10,peak week inc flu hosp,,,40,pmf,2027-03-06,0.013999999999999997
2026-10-10,peak week inc flu hosp,,,40,pmf,2027-03-13,0.013999999999999997
2026-10-10,peak week inc flu hosp,,,40,pmf,2027-03-20,0.011999999999999997
2026-10-10,peak week inc flu hosp,,,40,pmf,2027-03-27,0.009999999999999998
2026-10-10,peak week inc flu hosp,,,40,pmf,2027-04-03,0.005999999999999998
2026-10-10,peak week inc flu hosp,,,40,pmf,2027-04-10,0.003999999999999999
2026-10-10,peak week inc flu hosp,,,40,pmf,2027-04-17,0.004999999999999999
2026-10-10,peak week inc flu hosp,,,40,pmf,2027-04-24,9.999999999999998e-4
2026-10-10,peak week inc flu hosp,,,40,pmf,2027-05-01,0
2026-10-10,peak week inc flu hosp,,,40,pmf,2027-05-08,0
2026-10-10,peak week inc flu hosp,,,40,pmf,2027-05-15,0
2026-10-10,peak week inc flu hosp,,,40,pmf,2027-05-22,0
2026-10-10,peak week inc flu hosp,,,40,pmf,2027-05-29,0
2026-10-10,peak week inc flu hosp,,,41,pmf,2026-10-10,0.012999999999999996
2026-10-10,peak week inc flu hosp,,,41,pmf,2026-10-17,0.009999999999999998
2026-10-10,peak week inc flu hosp,,,41,pmf,2026-10-24,0.016999999999999998
2026-10-10,peak week inc flu hosp,,,41,pmf,2026-10-31,0.008999999999999998
2026-10-10,peak week inc flu hosp,,,41,pmf,2026-11-07,0.026999999999999993
2026-10-10,peak week inc flu hosp,,,41,pmf,2026-11-14,0.046999999999999986
2026-10-10,peak week inc flu hosp,,,41,pmf,2026-11-21,0.040999999999999995
2026-10-10,peak week inc flu hosp,,,41,pmf,2026-11-28,0.04299999999999999
2026-10-10,peak week inc flu hosp,,,41,pmf,2026-12-05,0.09099999999999998
2026-10-10,peak week inc flu hosp,,,41,pmf,2026-12-12,0.08799999999999998
2026-10-10,peak week inc flu hosp,,,41,pmf,2026-12-19,0.10199999999999997
2026-10-10,peak week inc flu hosp,,,41,pmf,2026-12-26,0.10199999999999997
2026-10-10,peak week inc flu hosp,,,41,pmf,2027-01-02,0.06799999999999999
2026-10-10,peak week inc flu hosp,,,41,pmf,2027-01-09,0.04999999999999999
2026-10-10,peak week inc flu hosp,,,41,pmf,2027-01-16,0.026999999999999993
2026-10-10,peak week inc flu hosp,,,41,pmf,2027-01-23,0.03699999999999999
2026-10-10,peak week inc flu hosp,,,41,pmf,2027-01-30,0.04799999999999999
2026-10-10,peak week inc flu hosp,,,41,pmf,2027-02-06,0.03599999999999999
2026-10-10,peak week inc flu hosp,,,41,pmf,2027-02-13,0.03699999999999999
2026-10-10,peak week inc flu hosp,,,41,pmf,2027-02-20,0.027999999999999994
2026-10-10,peak week inc flu hosp,,,41,pmf,2027-02-27,0.021999999999999995
2026-10-10,peak week inc flu hosp,,,41,pmf,2027-03-06,0.018999999999999996
2026-10-10,peak week inc flu hosp,,,41,pmf,2027-03-13,0.014999999999999996
2026-10-10,peak week inc flu hosp,,,41,pmf,2027-03-20,0.006999999999999998
2026-10-10,peak week inc flu hosp,,,41,pmf,2027-03-27,0.004999999999999999
2026-10-10,peak week inc flu hosp,,,41,pmf,2027-04-03,0.0019999999999999996
2026-10-10,peak week inc flu hosp,,,41,pmf,2027-04-10,0.0019999999999999996
2026-10-10,peak week inc flu hosp,,,41,pmf,2027-04-17,9.999999999999998e-4
2026-10-10,peak week inc flu hosp,,,41,pmf,2027-04-24,0.002999999999999999
2026-10-10,peak week inc flu hosp,,,41,pmf,2027-05-01,0.0019999999999999996
2026-10-10,peak week inc flu hosp,,,41,pmf,2027-05-08,0
2026-10-10,peak week inc flu hosp,,,41,pmf,2027-05-15,0
2026-10-10,peak week inc flu hosp,,,41,pmf,2027-05-22,0
2026-10-10,peak week inc flu hosp,,,41,pmf,2027-05-29,9.999999999999998e-4
2026-10-10,peak week inc flu hosp,,,42,pmf,2026-10-10,0.016999999999999998
2026-10-10,peak week inc flu hosp,,,42,pmf,2026-10-17,0.007999999999999998
2026-10-10,peak week inc flu hosp,,,42,pmf,2026-10-24,0.007999999999999998
2026-10-10,peak week inc flu hosp,,,42,pmf,2026-10-31,0.006999999999999998
2026-10-10,peak week inc flu hosp,,,42,pmf,2026-11-07,9.999999999999998e-4
2026-10-10,peak week inc flu hosp,,,42,pmf,2026-11-14,0.016999999999999998
2026-10-10,peak week inc flu hosp,,,42,pmf,2026-11-21,0.027999999999999994
2026-10-10,peak week inc flu hosp,,,42,pmf,2026-11-28,0.03599999999999999
2026-10-10,peak week inc flu hosp,,,42,pmf,2026-12-05,0.061999999999999986
2026-10-10,peak week inc flu hosp,,,42,pmf,2026-12-12,0.10799999999999997
2026-10-10,peak week inc flu hosp,,,42,pmf,2026-12-19,0.09899999999999998
2026-10-10,peak week inc flu hosp,,,42,pmf,2026-12-26,0.10999999999999997
2026-10-10,peak week inc flu hosp,,,42,pmf,2027-01-02,0.10599999999999997
2026-10-10,peak week inc flu hosp,,,42,pmf,2027-01-09,0.051999999999999984
2026-10-10,peak week inc flu hosp,,,42,pmf,2027-01-16,0.034999999999999996
2026-10-10,peak week inc flu hosp,,,42,pmf,2027-01-23,0.05699999999999999
2026-10-10,peak week inc flu hosp,,,42,pmf,2027-01-30,0.04599999999999999
2026-10-10,peak week inc flu hosp,,,42,pmf,2027-02-06,0.04599999999999999
2026-10-10,peak week inc flu hosp,,,42,pmf,2027-02-13,0.04299999999999999
2026-10-10,peak week inc flu hosp,,,42,pmf,2027-02-20,0.03599999999999999
2026-10-10,peak week inc flu hosp,,,42,pmf,2027-02-27,0.024999999999999994
2026-10-10,peak week inc flu hosp,,,42,pmf,2027-03-06,0.016999999999999998
2026-10-10,peak week inc flu hosp,,,42,pmf,2027-03-13,0.012999999999999996
2026-10-10,peak week inc flu hosp,,,42,pmf,2027-03-20,0.008999999999999998
2026-10-10,peak week inc flu hosp,,,42,pmf,2027-03-27,0.008999999999999998
2026-10-10,peak week inc flu hosp,,,42,pmf,2027-04-03,0.002999999999999999
2026-10-10,peak week inc flu hosp,,,42,pmf,2027-04-10,9.999999999999998e-4
2026-10-10,peak week inc flu hosp,,,42,pmf,2027-04-17,0
2026-10-10,peak week inc flu hosp,,,42,pmf,2027-04-24,9.999999999999998e-4
2026-10-10,peak week inc flu hosp,,,42,pmf,2027-05-01,0
2026-10-10,peak week inc flu hosp,,,42,pmf,2027-05-08,0
2026-10-10,peak week inc flu hosp,,,42,pmf,2027-05-15,0
2026-10-10,peak week inc flu hosp,,,42,pmf,2027-05-22,0
2026-10-10,peak week inc flu hosp,,,42,pmf,2027-05-29,0
2026-10-10,peak week inc flu hosp,,,44,pmf,2026-10-10,0.011999999999999997
2026-10-10,peak week inc flu hosp,,,44,pmf,2026-10-17,0.004999999999999999
2026-10-10,peak week inc flu hosp,,,44,pmf,2026-10-24,0.005999999999999998
2026-10-10,peak week inc flu hosp,,,44,pmf,2026-10-31,0.002999999999999999
2026-10-10,peak week inc flu hosp,,,44,pmf,2026-11-07,0.015999999999999997
2026-10-10,peak week inc flu hosp,,,44,pmf,2026-11-14,0.029999999999999992
2026-10-10,peak week inc flu hosp,,,44,pmf,2026-11-21,0.020999999999999998
2026-10-10,peak week inc flu hosp,,,44,pmf,2026-11-28,0.03599999999999999
2026-10-10,peak week inc flu hosp,,,44,pmf,2026-12-05,0.08699999999999998
2026-10-10,peak week inc flu hosp,,,44,pmf,2026-12-12,0.10499999999999997
2026-10-10,peak week inc flu hosp,,,44,pmf,2026-12-19,0.09499999999999997
2026-10-10,peak week inc flu hosp,,,44,pmf,2026-12-26,0.10399999999999997
2026-10-10,peak week inc flu hosp,,,44,pmf,2027-01-02,0.07899999999999999
2026-10-10,peak week inc flu hosp,,,44,pmf,2027-01-09,0.060999999999999985
2026-10-10,peak week inc flu hosp,,,44,pmf,2027-01-16,0.030999999999999993
2026-10-10,peak week inc flu hosp,,,44,pmf,2027-01-23,0.053999999999999986
2026-10-10,peak week inc flu hosp,,,44,pmf,2027-01-30,0.04499999999999999
2026-10-10,peak week inc flu hosp,,,44,pmf,2027-02-06,0.03599999999999999
2026-10-10,peak week inc flu hosp,,,44,pmf,2027-02-13,0.034999999999999996
2026-10-10,peak week inc flu hosp,,,44,pmf,2027-02-20,0.028999999999999995
2026-10-10,peak week inc flu hosp,,,44,pmf,2027-02-27,0.027999999999999994
2026-10-10,peak week inc flu hosp,,,44,pmf,2027-03-06,0.020999999999999998
2026-10-10,peak week inc flu hosp,,,44,pmf,2027-03-13,0.021999999999999995
2026-10-10,peak week inc flu hosp,,,44,pmf,2027-03-20,0.014999999999999996
2026-10-10,peak week inc flu hosp,,,44,pmf,2027-03-27,0.005999999999999998
2026-10-10,peak week inc flu hosp,,,44,pmf,2027-04-03,0.006999999999999998
2026-10-10,peak week inc flu hosp,,,44,pmf,2027-04-10,0.005999999999999998
2026-10-10,peak week inc flu hosp,,,44,pmf,2027-04-17,9.999999999999998e-4
2026-10-10,peak week inc flu hosp,,,44,pmf,2027-04-24,0.0019999999999999996
2026-10-10,peak week inc flu hosp,,,44,pmf,2027-05-01,9.999999999999998e-4
2026-10-10,peak week inc flu hosp,,,44,pmf,2027-05-08,0
2026-10-10,peak week inc flu hosp,,,44,pmf,2027-05-15,0
2026-10-10,peak week inc flu hosp,,,44,pmf,2027-05-22,0
2026-10-10,peak week inc flu hosp,,,44,pmf,2027-05-29,9.999999999999998e-4
2026-10-10,peak week inc flu hosp,,,45,pmf,2026-10-10,0.005999999999999998
2026-10-10,peak week inc flu hosp,,,45,pmf,2026-10-17,0.011999999999999997
2026-10-10,peak week inc flu hosp,,,45,pmf,2026-10-24,0.009999999999999998
2026-10-10,peak week inc flu hosp,,,45,pmf,2026-10-31,0.010999999999999998
2026-10-10,peak week inc flu hosp,,,45,pmf,2026-11-07,0.03599999999999999
2026-10-10,peak week inc flu hosp,,,45,pmf,2026-11-14,0.08199999999999999
2026-10-10,peak week inc flu hosp,,,45,pmf,2026-11-21,0.061999999999999986
2026-10-10,peak week inc flu hosp,,,45,pmf,2026-11-28,0.051999999999999984
2026-10-10,peak week inc flu hosp,,,45,pmf,2026-12-05,0.09699999999999998
2026-10-10,peak week inc flu hosp,,,45,pmf,2026-12-12,0.07699999999999999
2026-10-10,peak week inc flu hosp,,,45,pmf,2026-12-19,0.09099999999999998
2026-10-10,peak week inc flu hosp,,,45,pmf,2026-12-26,0.07999999999999999
2026-10-10,peak week inc flu hosp,,,45,pmf,2027-01-02,0.07099999999999998
2026-10-10,peak week inc flu hosp,,,45,pmf,2027-01-09,0.05699999999999999
2026-10-10,peak week inc flu hosp,,,45,pmf,2027-01-16,0.040999999999999995
2026-10-10,peak week inc flu hosp,,,45,pmf,2027-01-23,0.032999999999999995
2026-10-10,peak week inc flu hosp,,,45,pmf,2027-01-30,0.041999999999999996
2026-10-10,peak week inc flu hosp,,,45,pmf,2027-02-06,0.03599999999999999
2026-10-10,peak week inc flu hosp,,,45,pmf,2027-02-13,0.028999999999999995
2026-10-10,peak week inc flu hosp,,,45,pmf,2027-02-20,0.025999999999999992
2026-10-10,peak week inc flu hosp,,,45,pmf,2027-02-27,0.010999999999999998
2026-10-10,peak week inc flu hosp,,,45,pmf,2027-03-06,0.008999999999999998
2026-10-10,peak week inc flu hosp,,,45,pmf,2027-03-13,0.008999999999999998
2026-10-10,peak week inc flu hosp,,,45,pmf,2027-03-20,0.010999999999999998
2026-10-10,peak week inc flu hosp,,,45,pmf,2027-03-27,0.003999999999999999
2026-10-10,peak week inc flu hosp,,,45,pmf,2027-04-03,0.002999999999999999
2026-10-10,peak week inc flu hosp,,,45,pmf,2027-04-10,0
2026-10-10,peak week inc flu hosp,,,45,pmf,2027-04-17,9.999999999999998e-4
2026-10-10,peak week inc flu hosp,,,45,pmf,2027-04-24,9.999999999999998e-4
2026-10-10,peak week inc flu hosp,,,45,pmf,2027-05-01,0
2026-10-10,peak week inc flu hosp,,,45,pmf,2027-05-08,0
2026-10-10,peak week inc flu hosp,,,45,pmf,2027-05-15,0
2026-10-10,peak week inc flu hosp,,,45,pmf,2027-05-22,0
2026-10-10,peak week inc flu hosp,,,45,pmf,2027-05-29,0
2026-10-10,peak week inc flu hosp,,,46,pmf,2026-10-10,0.007999999999999998
2026-10-10,peak week inc flu hosp,,,46,pmf,2026-10-17,0.004999999999999999
2026-10-10,peak week inc flu hosp,,,46,pmf,2026-10-24,0.005999999999999998
2026-10-10,peak week inc flu hosp,,,46,pmf,2026-10-31,0.005999999999999998
2026-10-10,peak week inc flu hosp,,,46,pmf,2026-11-07,0.013999999999999997
2026-10-10,peak week inc flu hosp,,,46,pmf,2026-11-14,0.034999999999999996
2026-10-10,peak week inc flu hosp,,,46,pmf,2026-11-21,0.026999999999999993
2026-10-10,peak week inc flu hosp,,,46,pmf,2026-11-28,0.03799999999999999
2026-10-10,peak week inc flu hosp,,,46,pmf,2026-12-05,0.07399999999999998
2026-10-10,peak week inc flu hosp,,,46,pmf,2026-12-12,0.11399999999999998
2026-10-10,peak week inc flu hosp,,,46,pmf,2026-12-19,0.10499999999999997
2026-10-10,peak week inc flu hosp,,,46,pmf,2026-12-26,0.07999999999999999
2026-10-10,peak week inc flu hosp,,,46,pmf,2027-01-02,0.08099999999999999
2026-10-10,peak week inc flu hosp,,,46,pmf,2027-01-09,0.05799999999999999
2026-10-10,peak week inc flu hosp,,,46,pmf,2027-01-16,0.033999999999999996
2026-10-10,peak week inc flu hosp,,,46,pmf,2027-01-23,0.04799999999999999
2026-10-10,peak week inc flu hosp,,,46,pmf,2027-01-30,0.052999999999999985
2026-10-10,peak week inc flu hosp,,,46,pmf,2027-02-06,0.04899999999999999
2026-10-10,peak week inc flu hosp,,,46,pmf,2027-02-13,0.039999999999999994
2026-10-10,peak week inc flu hosp,,,46,pmf,2027-02-20,0.031999999999999994
2026-10-10,peak week inc flu hosp,,,46,pmf,2027-02-27,0.021999999999999995
2026-10-10,peak week inc flu hosp,,,46,pmf,2027-03-06,0.021999999999999995
2026-10-10,peak week inc flu hosp,,,46,pmf,2027-03-13,0.013999999999999997
2026-10-10,peak week inc flu hosp,,,46,pmf,2027-03-20,0.014999999999999996
2026-10-10,peak week inc flu hosp,,,46,pmf,2027-03-27,0.003999999999999999
2026-10-10,peak week inc flu hosp,,,46,pmf,2027-04-03,0.002999999999999999
2026-10-10,peak week inc flu hosp,,,46,pmf,2027-04-10,0.0019999999999999996
2026-10-10,peak week inc flu hosp,,,46,pmf,2027-04-17,0.005999999999999998
2026-10-10,peak week inc flu hosp,,,46,pmf,2027-04-24,0.003999999999999999
2026-10-10,peak week inc flu hosp,,,46,pmf,2027-05-01,9.999999999999998e-4
2026-10-10,peak week inc flu hosp,,,46,pmf,2027-05-08,0
2026-10-10,peak week inc flu hosp,,,46,pmf,2027-05-15,0
2026-10-10,peak week inc flu hosp,,,46,pmf,2027-05-22,0
2026-10-10,peak week inc flu hosp,,,46,pmf,2027-05-29,0
2026-10-10,peak week inc flu hosp,,,47,pmf,2026-10-10,0.007999999999999998
2026-10-10,peak week inc flu hosp,,,47,pmf,2026-10-17,0.004999999999999999
2026-10-10,peak week inc flu hosp,,,47,pmf,2026-10-24,0.006999999999999998
2026-10-10,peak week inc flu hosp,,,47,pmf,2026-10-31,0.009999999999999998
2026-10-10,peak week inc flu hosp,,,47,pmf,2026-11-07,0.020999999999999998
2026-10-10,peak week inc flu hosp,,,47,pmf,2026-11-14,0.04999999999999999
2026-10-10,peak week inc flu hosp,,,47,pmf,2026-11-21,0.05599999999999999
2026-10-10,peak week inc flu hosp,,,47,pmf,2026-11-28,0.07999999999999999
2026-10-10,peak week inc flu hosp,,,47,pmf,2026-12-05,0.08399999999999999
2026-10-10,peak week inc flu hosp,,,47,pmf,2026-12-12,0.12799999999999997
2026-10-10,peak week inc flu hosp,,,47,pmf,2026-12-19,0.09999999999999998
2026-10-10,peak week inc flu hosp,,,47,pmf,2026-12-26,0.08799999999999998
2026-10-10,peak week inc flu hosp,,,47,pmf,2027-01-02,0.05699999999999999
2026-10-10,peak week inc flu hosp,,,47,pmf,2027-01-09,0.03699999999999999
2026-10-10,peak week inc flu hosp,,,47,pmf,2027-01-16,0.05599999999999999
2026-10-10,peak week inc flu hosp,,,47,pmf,2027-01-23,0.04299999999999999
2026-10-10,peak week inc flu hosp,,,47,pmf,2027-01-30,0.040999999999999995
2026-10-10,peak week inc flu hosp,,,47,pmf,2027-02-06,0.025999999999999992
2026-10-10,peak week inc flu hosp,,,47,pmf,2027-02-13,0.020999999999999998
2026-10-10,peak week inc flu hosp,,,47,pmf,2027-02-20,0.030999999999999993
2026-10-10,peak week inc flu hosp,,,47,pmf,2027-02-27,0.009999999999999998
2026-10-10,peak week inc flu hosp,,,47,pmf,2027-03-06,0.009999999999999998
2026-10-10,peak week inc flu hosp,,,47,pmf,2027-03-13,0.012999999999999996
2026-10-10,peak week inc flu hosp,,,47,pmf,2027-03-20,0.008999999999999998
2026-10-10,peak week inc flu hosp,,,47,pmf,2027-03-27,0.004999999999999999
2026-10-10,peak week inc flu hosp,,,47,pmf,2027-04-03,0.0019999999999999996
2026-10-10,peak week inc flu hosp,,,47,pmf,2027-04-10,9.999999999999998e-4
2026-10-10,peak week inc flu hosp,,,47,pmf,2027-04-17,9.999999999999998e-4
2026-10-10,peak week inc flu hosp,,,47,pmf,2027-04-24,0
2026-10-10,peak week inc flu hosp,,,47,pmf,2027-05-01,0
2026-10-10,peak week inc flu hosp,,,47,pmf,2027-05-08,0
2026-10-10,peak week inc flu hosp,,,47,pmf,2027-05-15,0
2026-10-10,peak week inc flu hosp,,,47,pmf,2027-05-22,0
2026-10-10,peak week inc flu hosp,,,47,pmf,2027-05-29,0
2026-10-10,peak week inc flu hosp,,,48,pmf,2026-10-10,0.009999999999999998
2026-10-10,peak week inc flu hosp,,,48,pmf,2026-10-17,0.006999999999999998
2026-10-10,peak week inc flu hosp,,,48,pmf,2026-10-24,0.010999999999999998
2026-10-10,peak week inc flu hosp,,,48,pmf,2026-10-31,0.006999999999999998
2026-10-10,peak week inc flu hosp,,,48,pmf,2026-11-07,0.018999999999999996
2026-10-10,peak week inc flu hosp,,,48,pmf,2026-11-14,0.023999999999999994
2026-10-10,peak week inc flu hosp,,,48,pmf,2026-11-21,0.041999999999999996
2026-10-10,peak week inc flu hosp,,,48,pmf,2026-11-28,0.06299999999999999
2026-10-10,peak week inc flu hosp,,,48,pmf,2026-12-05,0.07399999999999998
2026-10-10,peak week inc flu hosp,,,48,pmf,2026-12-12,0.09999999999999998
2026-10-10,peak week inc flu hosp,,,48,pmf,2026-12-19,0.11099999999999997
2026-10-10,peak week inc flu hosp,,,48,pmf,2026-12-26,0.07399999999999998
2026-10-10,peak week inc flu hosp,,,48,pmf,2027-01-02,0.08299999999999999
2026-10-10,peak week inc flu hosp,,,48,pmf,2027-01-09,0.05899999999999998
2026-10-10,peak week inc flu hosp,,,48,pmf,2027-01-16,0.034999999999999996
2026-10-10,peak week inc flu hosp,,,48,pmf,2027-01-23,0.04999999999999999
2026-10-10,peak week inc flu hosp,,,48,pmf,2027-01-30,0.04499999999999999
2026-10-10,peak week inc flu hosp,,,48,pmf,2027-02-06,0.032999999999999995
2026-10-10,peak week inc flu hosp,,,48,pmf,2027-02-13,0.046999999999999986
2026-10-10,peak week inc flu hosp,,,48,pmf,2027-02-20,0.03899999999999999
2026-10-10,peak week inc flu hosp,,,48,pmf,2027-02-27,0.014999999999999996
2026-10-10,peak week inc flu hosp,,,48,pmf,2027-03-06,0.010999999999999998
2026-10-10,peak week inc flu hosp,,,48,pmf,2027-03-13,0.013999999999999997
2026-10-10,peak week inc flu hosp,,,48,pmf,2027-03-20,0.009999999999999998
2026-10-10,peak week inc flu hosp,,,48,pmf,2027-03-27,0.002999999999999999
2026-10-10,peak week inc flu hosp,,,48,pmf,2027-04-03,0.003999999999999999
2026-10-10,peak week inc flu hosp,,,48,pmf,2027-04-10,0.002999999999999999
2026-10-10,peak week inc flu hosp,,,48,pmf,2027-04-17,9.999999999999998e-4
2026-10-10,peak week inc flu hosp,,,48,pmf,2027-04-24,0.002999999999999999
2026-10-10,peak week inc flu hosp,,,48,pmf,2027-05-01,0.0019999999999999996
2026-10-10,peak week inc flu hosp,,,48,pmf,2027-05-08,0
2026-10-10,peak week inc flu hosp,,,48,pmf,2027-05-15,0
2026-10-10,peak week inc flu hosp,,,48,pmf,2027-05-22,9.999999999999998e-4
2026-10-10,peak week inc flu hosp,,,48,pmf,2027-05-29,0
2026-10-10,peak week inc flu hosp,,,49,pmf,2026-10-10,0.008999999999999998
2026-10-10,peak week inc flu hosp,,,49,pmf,2026-10-17,0.010999999999999998
2026-10-10,peak week inc flu hosp,,,49,pmf,2026-10-24,0.010999999999999998
2026-10-10,peak week inc flu hosp,,,49,pmf,2026-10-31,0.013999999999999997
2026-10-10,peak week inc flu hosp,,,49,pmf,2026-11-07,0.021999999999999995
2026-10-10,peak week inc flu hosp,,,49,pmf,2026-11-14,0.024999999999999994
2026-10-10,peak week inc flu hosp,,,49,pmf,2026-11-21,0.027999999999999994
2026-10-10,peak week inc flu hosp,,,49,pmf,2026-11-28,0.03799999999999999
2026-10-10,peak week inc flu hosp,,,49,pmf,2026-12-05,0.06999999999999999
2026-10-10,peak week inc flu hosp,,,49,pmf,2026-12-12,0.08499999999999999
2026-10-10,peak week inc flu hosp,,,49,pmf,2026-12-19,0.08999999999999998
2026-10-10,peak week inc flu hosp,,,49,pmf,2026-12-26,0.09699999999999998
2026-10-10,peak week inc flu hosp,,,49,pmf,2027-01-02,0.08899999999999998
2026-10-10,peak week inc flu hosp,,,49,pmf,2027-01-09,0.05599999999999999
2026-10-10,peak week inc flu hosp,,,49,pmf,2027-01-16,0.033999999999999996
2026-10-10,peak week inc flu hosp,,,49,pmf,2027-01-23,0.05799999999999999
2026-10-10,peak week inc flu hosp,,,49,pmf,2027-01-30,0.04899999999999999
2026-10-10,peak week inc flu hosp,,,49,pmf,2027-02-06,0.03799999999999999
2026-10-10,peak week inc flu hosp,,,49,pmf,2027-02-13,0.03799999999999999
2026-10-10,peak week inc flu hosp,,,49,pmf,2027-02-20,0.034999999999999996
2026-10-10,peak week inc flu hosp,,,49,pmf,2027-02-27,0.027999999999999994
2026-10-10,peak week inc flu hosp,,,49,pmf,2027-03-06,0.023999999999999994
2026-10-10,peak week inc flu hosp,,,49,pmf,2027-03-13,0.013999999999999997
2026-10-10,peak week inc flu hosp,,,49,pmf,2027-03-20,0.012999999999999996
2026-10-10,peak week inc flu hosp,,,49,pmf,2027-03-27,0.012999999999999996
2026-10-10,peak week inc flu hosp,,,49,pmf,2027-04-03,0.002999999999999999
2026-10-10,peak week inc flu hosp,,,49,pmf,2027-04-10,0.003999999999999999
2026-10-10,peak week inc flu hosp,,,49,pmf,2027-04-17,0.0019999999999999996
2026-10-10,peak week inc flu hosp,,,49,pmf,2027-04-24,0.0019999999999999996
2026-10-10,peak week inc flu hosp,,,49,pmf,2027-05-01,0
2026-10-10,peak week inc flu hosp,,,49,pmf,2027-05-08,0
2026-10-10,peak week inc flu hosp,,,49,pmf,2027-05-15,0
2026-10-10,peak week inc flu hosp,,,49,pmf,2027-05-22,0
2026-10-10,peak week inc flu hosp,,,49,pmf,2027-05-29,0
2026-10-10,peak week inc flu hosp,,,50,pmf,2026-10-10,0.006999999999999998
2026-10-10,peak week inc flu hosp,,,50,pmf,2026-10-17,0
2026-10-10,peak week inc flu hosp,,,50,pmf,2026-10-24,9.999999999999998e-4
2026-10-10,peak week inc flu hosp,,,50,pmf,2026-10-31,0.004999999999999999
2026-10-10,peak week inc flu hosp,,,50,pmf,2026-11-07,0.002999999999999999
2026-10-10,peak week inc flu hosp,,,50,pmf,2026-11-14,0.013999999999999997
2026-10-10,peak week inc flu hosp,,,50,pmf,2026-11-21,0.024999999999999994
2026-10-10,peak week inc flu hosp,,,50,pmf,2026-11-28,0.032999999999999995
2026-10-10,peak week inc flu hosp,,,50,pmf,2026-12-05,0.07399999999999998
2026-10-10,peak week inc flu hosp,,,50,pmf,2026-12-12,0.09599999999999997
2026-10-10,peak week inc flu hosp,,,50,pmf,2026-12-19,0.09899999999999998
2026-10-10,peak week inc flu hosp,,,50,pmf,2026-12-26,0.08399999999999999
2026-10-10,peak week inc flu hosp,,,50,pmf,2027-01-02,0.08899999999999998
2026-10-10,peak week inc flu hosp,,,50,pmf,2027-01-09,0.051999999999999984
2026-10-10,peak week inc flu hosp,,,50,pmf,2027-01-16,0.03799999999999999
2026-10-10,peak week inc flu hosp,,,50,pmf,2027-01-23,0.04599999999999999
2026-10-10,peak week inc flu hosp,,,50,pmf,2027-01-30,0.05599999999999999
2026-10-10,peak week inc flu hosp,,,50,pmf,2027-02-06,0.060999999999999985
2026-10-10,peak week inc flu hosp,,,50,pmf,2027-02-13,0.04799999999999999
2026-10-10,peak week inc flu hosp,,,50,pmf,2027-02-20,0.05899999999999998
2026-10-10,peak week inc flu hosp,,,50,pmf,2027-02-27,0.026999999999999993
2026-10-10,peak week inc flu hosp,,,50,pmf,2027-03-06,0.018999999999999996
2026-10-10,peak week inc flu hosp,,,50,pmf,2027-03-13,0.020999999999999998
2026-10-10,peak week inc flu hosp,,,50,pmf,2027-03-20,0.015999999999999997
2026-10-10,peak week inc flu hosp,,,50,pmf,2027-03-27,0.009999999999999998
2026-10-10,peak week inc flu hosp,,,50,pmf,2027-04-03,0.005999999999999998
2026-10-10,peak week inc flu hosp,,,50,pmf,2027-04-10,0.006999999999999998
2026-10-10,peak week inc flu hosp,,,50,pmf,2027-04-17,9.999999999999998e-4
2026-10-10,peak week inc flu hosp,,,50,pmf,2027-04-24,9.999999999999998e-4
2026-10-10,peak week inc flu hosp,,,50,pmf,2027-05-01,9.999999999999998e-4
2026-10-10,peak week inc flu hosp,,,50,pmf,2027-05-08,0
2026-10-10,peak week inc flu hosp,,,50,pmf,2027-05-15,0
2026-10-10,peak week inc flu hosp,,,50,pmf,2027-05-22,0
2026-10-10,peak week inc flu hosp,,,50,pmf,2027-05-29,9.999999999999998e-4
2026-10-10,peak week inc flu hosp,,,51,pmf,2026-10-10,0.007999999999999997
2026-10-10,peak week inc flu hosp,,,51,pmf,2026-10-17,0.0029999999999999988
2026-10-10,peak week inc flu hosp,,,51,pmf,2026-10-24,0.0029999999999999988
2026-10-10,peak week inc flu hosp,,,51,pmf,2026-10-31,0.0059999999999999975
2026-10-10,peak week inc flu hosp,,,51,pmf,2026-11-07,0.007999999999999997
2026-10-10,peak week inc flu hosp,,,51,pmf,2026-11-14,0.02099999999999999
2026-10-10,peak week inc flu hosp,,,51,pmf,2026-11-21,0.027999999999999987
2026-10-10,peak week inc flu hosp,,,51,pmf,2026-11-28,0.04499999999999998
2026-10-10,peak week inc flu hosp,,,51,pmf,2026-12-05,0.08099999999999996
2026-10-10,peak week inc flu hosp,,,51,pmf,2026-12-12,0.10599999999999996
2026-10-10,peak week inc flu hosp,,,51,pmf,2026-12-19,0.09299999999999996
2026-10-10,peak week inc flu hosp,,,51,pmf,2026-12-26,0.08499999999999996
2026-10-10,peak week inc flu hosp,,,51,pmf,2027-01-02,0.09799999999999996
2026-10-10,peak week inc flu hosp,,,51,pmf,2027-01-09,0.06499999999999997
2026-10-10,peak week inc flu hosp,,,51,pmf,2027-01-16,0.03599999999999998
2026-10-10,peak week inc flu hosp,,,51,pmf,2027-01-23,0.050999999999999976
2026-10-10,peak week inc flu hosp,,,51,pmf,2027-01-30,0.04199999999999998
2026-10-10,peak week inc flu hosp,,,51,pmf,2027-02-06,0.04599999999999998
2026-10-10,peak week inc flu hosp,,,51,pmf,2027-02-13,0.04899999999999998
2026-10-10,peak week inc flu hosp,,,51,pmf,2027-02-20,0.03999999999999998
2026-10-10,peak week inc flu hosp,,,51,pmf,2027-02-27,0.02199999999999999
2026-10-10,peak week inc flu hosp,,,51,pmf,2027-03-06,0.011999999999999995
2026-10-10,peak week inc flu hosp,,,51,pmf,2027-03-13,0.02199999999999999
2026-10-10,peak week inc flu hosp,,,51,pmf,2027-03-20,0.0059999999999999975
2026-10-10,peak week inc flu hosp,,,51,pmf,2027-03-27,0.008999999999999996
2026-10-10,peak week inc flu hosp,,,51,pmf,2027-04-03,0.006999999999999997
2026-10-10,peak week inc flu hosp,,,51,pmf,2027-04-10,0.003999999999999998
2026-10-10,peak week inc flu hosp,,,51,pmf,2027-04-17,0
2026-10-10,peak week inc flu hosp,,,51,pmf,2027-04-24,0.0029999999999999988
2026-10-10,peak week inc flu hosp,,,51,pmf,2027-05-01,9.999999999999996e-4
2026-10-10,peak week inc flu hosp,,,51,pmf,2027-05-08,0
2026-10-10,peak week inc flu hosp,,,51,pmf,2027-05-15,0
2026-10-10,peak week inc flu hosp,,,51,pmf,2027-05-22,0
2026-10-10,peak week inc flu hosp,,,51,pmf,2027-05-29,0
2026-10-10,peak week inc flu hosp,,,53,pmf,2026-10-10,0
2026-10-10,peak week inc flu hosp,,,53,pmf,2026-10-17,0
2026-10-10,peak week inc flu hosp,,,53,pmf,2026-10-24,0.003
2026-10-10,peak week inc flu hosp,,,53,pmf,2026-10-31,0.002
2026-10-10,peak week inc flu hosp,,,53,pmf,2026-11-07,0.145
2026-10-10,peak week inc flu hosp,,,53,pmf,2026-11-14,0.309
2026-10-10,peak week inc flu hosp,,,53,pmf,2026-11-21,0.084
2026-10-10,peak week inc flu hosp,,,53,pmf,2026-11-28,0.047
2026-10-10,peak week inc flu hosp,,,53,pmf,2026-12-05,0.241
2026-10-10,peak week inc flu hosp,,,53,pmf,2026-12-12,0
2026-10-10,peak week inc flu hosp,,,53,pmf,2026-12-19,0.035
2026-10-10,peak week inc flu hosp,,,53,pmf,2026-12-26,0.124
2026-10-10,peak week inc flu hosp,,,53,pmf,2027-01-02,0.001
2026-10-10,peak week inc flu hosp,,,53,pmf,2027-01-09,0
2026-10-10,peak week inc flu hosp,,,53,pmf,2027-01-16,0.005
2026-10-10,peak week inc flu hosp,,,53,pmf,2027-01-23,0
2026-10-10,peak week inc flu hosp,,,53,pmf,2027-01-30,0
2026-10-10,peak week inc flu hosp,,,53,pmf,2027-02-06,0.004
2026-10-10,peak week inc flu hosp,,,53,pmf,2027-02-13,0
2026-10-10,peak week inc flu hosp,,,53,pmf,2027-02-20,0
2026-10-10,peak week inc flu hosp,,,53,pmf,2027-02-27,0
2026-10-10,peak week inc flu hosp,,,53,pmf,2027-03-06,0
2026-10-10,peak week inc flu hosp,,,53,pmf,2027-03-13,0
2026-10-10,peak week inc flu hosp,,,53,pmf,2027-03-20,0
2026-10-10,peak week inc flu hosp,,,53,pmf,2027-03-27,0
2026-10-10,peak week inc flu hosp,,,53,pmf,2027-04-03,0
2026-10-10,peak week inc flu hosp,,,53,pmf,2027-04-10,0
2026-10-10,peak week inc flu hosp,,,53,pmf,2027-04-17,0
2026-10-10,peak week inc flu hosp,,,53,pmf,2027-04-24,0
2026-10-10,peak week inc flu hosp,,,53,pmf,2027-05-01,0
2026-10-10,peak week inc flu hosp,,,53,pmf,2027-05-08,0
2026-10-10,peak week inc flu hosp,,,53,pmf,2027-05-15,0
2026-10-10,peak week inc flu hosp,,,53,pmf,2027-05-22,0
2026-10-10,peak week inc flu hosp,,,53,pmf,2027-05-29,0
2026-10-10,peak week inc flu hosp,,,54,pmf,2026-10-10,0.008999999999999998
2026-10-10,peak week inc flu hosp,,,54,pmf,2026-10-17,0.003999999999999999
2026-10-10,peak week inc flu hosp,,,54,pmf,2026-10-24,0.002999999999999999
2026-10-10,peak week inc flu hosp,,,54,pmf,2026-10-31,0.005999999999999998
2026-10-10,peak week inc flu hosp,,,54,pmf,2026-11-07,0.003999999999999999
2026-10-10,peak week inc flu hosp,,,54,pmf,2026-11-14,0.014999999999999996
2026-10-10,peak week inc flu hosp,,,54,pmf,2026-11-21,0.020999999999999998
2026-10-10,peak week inc flu hosp,,,54,pmf,2026-11-28,0.052999999999999985
2026-10-10,peak week inc flu hosp,,,54,pmf,2026-12-05,0.08199999999999999
2026-10-10,peak week inc flu hosp,,,54,pmf,2026-12-12,0.09999999999999998
2026-10-10,peak week inc flu hosp,,,54,pmf,2026-12-19,0.07699999999999999
2026-10-10,peak week inc flu hosp,,,54,pmf,2026-12-26,0.07999999999999999
2026-10-10,peak week inc flu hosp,,,54,pmf,2027-01-02,0.09399999999999997
2026-10-10,peak week inc flu hosp,,,54,pmf,2027-01-09,0.041999999999999996
2026-10-10,peak week inc flu hosp,,,54,pmf,2027-01-16,0.025999999999999992
2026-10-10,peak week inc flu hosp,,,54,pmf,2027-01-23,0.04599999999999999
2026-10-10,peak week inc flu hosp,,,54,pmf,2027-01-30,0.05699999999999999
2026-10-10,peak week inc flu hosp,,,54,pmf,2027-02-06,0.06299999999999999
2026-10-10,peak week inc flu hosp,,,54,pmf,2027-02-13,0.05899999999999998
2026-10-10,peak week inc flu hosp,,,54,pmf,2027-02-20,0.04399999999999999
2026-10-10,peak week inc flu hosp,,,54,pmf,2027-02-27,0.031999999999999994
2026-10-10,peak week inc flu hosp,,,54,pmf,2027-03-06,0.023999999999999994
2026-10-10,peak week inc flu hosp,,,54,pmf,2027-03-13,0.016999999999999998
2026-10-10,peak week inc flu hosp,,,54,pmf,2027-03-20,0.019999999999999997
2026-10-10,peak week inc flu hosp,,,54,pmf,2027-03-27,0.009999999999999998
2026-10-10,peak week inc flu hosp,,,54,pmf,2027-04-03,0.003999999999999999
2026-10-10,peak week inc flu hosp,,,54,pmf,2027-04-10,9.999999999999998e-4
2026-10-10,peak week inc flu hosp,,,54,pmf,2027-04-17,0.003999999999999999
2026-10-10,peak week inc flu hosp,,,54,pmf,2027-04-24,0.002999999999999999
2026-10-10,peak week inc flu hosp,,,54,pmf,2027-05-01,0
2026-10-10,peak week inc flu hosp,,,54,pmf,2027-05-08,0
2026-10-10,peak week inc flu hosp,,,54,pmf,2027-05-15,0
2026-10-10,peak week inc flu hosp,,,54,pmf,2027-05-22,0
2026-10-10,peak week inc flu hosp,,,54,pmf,2027-05-29,0
2026-10-10,peak week inc flu hosp,,,55,pmf,2026-10-10,0.006999999999999998
2026-10-10,peak week inc flu hosp,,,55,pmf,2026-10-17,0.002999999999999999
2026-10-10,peak week inc flu hosp,,,55,pmf,2026-10-24,0.006999999999999998
2026-10-10,peak week inc flu hosp,,,55,pmf,2026-10-31,0.007999999999999998
2026-10-10,peak week inc flu hosp,,,55,pmf,2026-11-07,0.004999999999999999
2026-10-10,peak week inc flu hosp,,,55,pmf,2026-11-14,0.021999999999999995
2026-10-10,peak week inc flu hosp,,,55,pmf,2026-11-21,0.032999999999999995
2026-10-10,peak week inc flu hosp,,,55,pmf,2026-11-28,0.033999999999999996
2026-10-10,peak week inc flu hosp,,,55,pmf,2026-12-05,0.08599999999999998
2026-10-10,peak week inc flu hosp,,,55,pmf,2026-12-12,0.08499999999999999
2026-10-10,peak week inc flu hosp,,,55,pmf,2026-12-19,0.08799999999999998
2026-10-10,peak week inc flu hosp,,,55,pmf,2026-12-26,0.10799999999999997
2026-10-10,peak week inc flu hosp,,,55,pmf,2027-01-02,0.08199999999999999
2026-10-10,peak week inc flu hosp,,,55,pmf,2027-01-09,0.053999999999999986
2026-10-10,peak week inc flu hosp,,,55,pmf,2027-01-16,0.034999999999999996
2026-10-10,peak week inc flu hosp,,,55,pmf,2027-01-23,0.05899999999999998
2026-10-10,peak week inc flu hosp,,,55,pmf,2027-01-30,0.059999999999999984
2026-10-10,peak week inc flu hosp,,,55,pmf,2027-02-06,0.039999999999999994
2026-10-10,peak week inc flu hosp,,,55,pmf,2027-02-13,0.054999999999999986
2026-10-10,peak week inc flu hosp,,,55,pmf,2027-02-20,0.034999999999999996
2026-10-10,peak week inc flu hosp,,,55,pmf,2027-02-27,0.017999999999999995
2026-10-10,peak week inc flu hosp,,,55,pmf,2027-03-06,0.015999999999999997
2026-10-10,peak week inc flu hosp,,,55,pmf,2027-03-13,0.018999999999999996
2026-10-10,peak week inc flu hosp,,,55,pmf,2027-03-20,0.016999999999999998
2026-10-10,peak week inc flu hosp,,,55,pmf,2027-03-27,0.011999999999999997
2026-10-10,peak week inc flu hosp,,,55,pmf,2027-04-03,0.003999999999999999
2026-10-10,peak week inc flu hosp,,,55,pmf,2027-04-10,0.0019999999999999996
2026-10-10,peak week inc flu hosp,,,55,pmf,2027-04-17,0
2026-10-10,peak week inc flu hosp,,,55,pmf,2027-04-24,0.0019999999999999996
2026-10-10,peak week inc flu hosp,,,55,pmf,2027-05-01,0.003999999999999999
2026-10-10,peak week inc flu hosp,,,55,pmf,2027-05-08,0
2026-10-10,peak week inc flu hosp,,,55,pmf,2027-05-15,0
2026-10-10,peak week inc flu hosp,,,55,pmf,2027-05-22,0
2026-10-10,peak week inc flu hosp,,,55,pmf,2027-05-29,0
2026-10-10,peak week inc flu hosp,,,56,pmf,2026-10-10,0.019999999999999997
2026-10-10,peak week inc flu hosp,,,56,pmf,2026-10-17,0.004999999999999999
2026-10-10,peak week inc flu hosp,,,56,pmf,2026-10-24,0.008999999999999998
2026-10-10,peak week inc flu hosp,,,56,pmf,2026-10-31,0.006999999999999998
2026-10-10,peak week inc flu hosp,,,56,pmf,2026-11-07,0.010999999999999998
2026-10-10,peak week inc flu hosp,,,56,pmf,2026-11-14,0.026999999999999993
2026-10-10,peak week inc flu hosp,,,56,pmf,2026-11-21,0.018999999999999996
2026-10-10,peak week inc flu hosp,,,56,pmf,2026-11-28,0.04299999999999999
2026-10-10,peak week inc flu hosp,,,56,pmf,2026-12-05,0.08099999999999999
2026-10-10,peak week inc flu hosp,,,56,pmf,2026-12-12,0.10799999999999997
2026-10-10,peak week inc flu hosp,,,56,pmf,2026-12-19,0.07999999999999999
2026-10-10,peak week inc flu hosp,,,56,pmf,2026-12-26,0.08399999999999999
2026-10-10,peak week inc flu hosp,,,56,pmf,2027-01-02,0.08699999999999998
2026-10-10,peak week inc flu hosp,,,56,pmf,2027-01-09,0.06599999999999999
2026-10-10,peak week inc flu hosp,,,56,pmf,2027-01-16,0.03599999999999999
2026-10-10,peak week inc flu hosp,,,56,pmf,2027-01-23,0.054999999999999986
2026-10-10,peak week inc flu hosp,,,56,pmf,2027-01-30,0.04499999999999999
2026-10-10,peak week inc flu hosp,,,56,pmf,2027-02-06,0.04299999999999999
2026-10-10,peak week inc flu hosp,,,56,pmf,2027-02-13,0.04799999999999999
2026-10-10,peak week inc flu hosp,,,56,pmf,2027-02-20,0.029999999999999992
2026-10-10,peak week inc flu hosp,,,56,pmf,2027-02-27,0.027999999999999994
2026-10-10,peak week inc flu hosp,,,56,pmf,2027-03-06,0.015999999999999997
2026-10-10,peak week inc flu hosp,,,56,pmf,2027-03-13,0.016999999999999998
2026-10-10,peak week inc flu hosp,,,56,pmf,2027-03-20,0.014999999999999996
2026-10-10,peak week inc flu hosp,,,56,pmf,2027-03-27,0.005999999999999998
2026-10-10,peak week inc flu hosp,,,56,pmf,2027-04-03,0.004999999999999999
2026-10-10,peak week inc flu hosp,,,56,pmf,2027-04-10,0.003999999999999999
2026-10-10,peak week inc flu hosp,,,56,pmf,2027-04-17,0.0019999999999999996
2026-10-10,peak week inc flu hosp,,,56,pmf,2027-04-24,0.002999999999999999
2026-10-10,peak week inc flu hosp,,,56,pmf,2027-05-01,0
2026-10-10,peak week inc flu hosp,,,56,pmf,2027-05-08,0
2026-10-10,peak week inc flu hosp,,,56,pmf,2027-05-15,0
2026-10-10,peak week inc flu hosp,,,56,pmf,2027-05-22,0
2026-10-10,peak week inc flu hosp,,,56,pmf,2027-05-29,0
2026-10-10,peak week inc flu hosp,,,72,pmf,2026-10-10,0.015999999999999997
2026-10-10,peak week inc flu hosp,,,72,pmf,2026-10-17,0.011999999999999997
2026-10-10,peak week inc flu hosp,,,72,pmf,2026-10-24,0.011999999999999997
2026-10-10,peak week inc flu hosp,,,72,pmf,2026-10-31,0.007999999999999998
2026-10-10,peak week inc flu hosp,,,72,pmf,2026-11-07,0.008999999999999998
2026-10-10,peak week inc flu hosp,,,72,pmf,2026-11-14,0.026999999999999993
2026-10-10,peak week inc flu hosp,,,72,pmf,2026-11-21,0.017999999999999995
2026-10-10,peak week inc flu hosp,,,72,pmf,2026-11-28,0.025999999999999992
2026-10-10,peak week inc flu hosp,,,72,pmf,2026-12-05,0.07499999999999998
2026-10-10,peak week inc flu hosp,,,72,pmf,2026-12-12,0.10599999999999997
2026-10-10,peak week inc flu hosp,,,72,pmf,2026-12-19,0.08299999999999999
2026-10-10,peak week inc flu hosp,,,72,pmf,2026-12-26,0.08899999999999998
2026-10-10,peak week inc flu hosp,,,72,pmf,2027-01-02,0.08999999999999998
2026-10-10,peak week inc flu hosp,,,72,pmf,2027-01-09,0.059999999999999984
2026-10-10,peak week inc flu hosp,,,72,pmf,2027-01-16,0.034999999999999996
2026-10-10,peak week inc flu hosp,,,72,pmf,2027-01-23,0.04499999999999999
2026-10-10,peak week inc flu hosp,,,72,pmf,2027-01-30,0.041999999999999996
2026-10-10,peak week inc flu hosp,,,72,pmf,2027-02-06,0.046999999999999986
2026-10-10,peak week inc flu hosp,,,72,pmf,2027-02-13,0.053999999999999986
2026-10-10,peak week inc flu hosp,,,72,pmf,2027-02-20,0.04999999999999999
2026-10-10,peak week inc flu hosp,,,72,pmf,2027-02-27,0.024999999999999994
2026-10-10,peak week inc flu hosp,,,72,pmf,2027-03-06,0.019999999999999997
2026-10-10,peak week inc flu hosp,,,72,pmf,2027-03-13,0.013999999999999997
2026-10-10,peak week inc flu hosp,,,72,pmf,2027-03-20,0.012999999999999996
2026-10-10,peak week inc flu hosp,,,72,pmf,2027-03-27,0.011999999999999997
2026-10-10,peak week inc flu hosp,,,72,pmf,2027-04-03,0.004999999999999999
2026-10-10,peak week inc flu hosp,,,72,pmf,2027-04-10,0.002999999999999999
2026-10-10,peak week inc flu hosp,,,72,pmf,2027-04-17,9.999999999999998e-4
2026-10-10,peak week inc flu hosp,,,72,pmf,2027-04-24,9.999999999999998e-4
2026-10-10,peak week inc flu hosp,,,72,pmf,2027-05-01,0
2026-10-10,peak week inc flu hosp,,,72,pmf,2027-05-08,0
2026-10-10,peak week inc flu hosp,,,72,pmf,2027-05-15,9.999999999999998e-4
2026-10-10,peak week inc flu hosp,,,72,pmf,2027-05-22,9.999999999999998e-4
2026-10-10,peak week inc flu hosp,,,72,pmf,2027-05-29,0
2026-10-10,peak week inc flu hosp,,,US,pmf,2026-10-10,0
2026-10-10,peak week inc flu hosp,,,US,pmf,2026-10-17,0
2026-10-10,peak week inc flu hosp,,,US,pmf,2026-10-24,0.053
2026-10-10,peak week inc flu hosp,,,US,pmf,2026-10-31,0.03
2026-10-10,peak week inc flu hosp,,,US,pmf,2026-11-07,0.068
2026-10-10,peak week inc flu hosp,,,US,pmf,2026-11-14,0.318
2026-10-10,peak week inc flu hosp,,,US,pmf,2026-11-21,0.329
2026-10-10,peak week inc flu hosp,,,US,pmf,2026-11-28,0.041
2026-10-10,peak week inc flu hosp,,,US,pmf,2026-12-05,0.082
2026-10-10,peak week inc flu hosp,,,US,pmf,2026-12-12,0.005
2026-10-10,peak week inc flu hosp,,,US,pmf,2026-12-19,0.013
2026-10-10,peak week inc flu hosp,,,US,pmf,2026-12-26,0.027
2026-10-10,peak week inc flu hosp,,,US,pmf,2027-01-02,0
2026-10-10,peak week inc flu hosp,,,US,pmf,2027-01-09,0
2026-10-10,peak week inc flu hosp,,,US,pmf,2027-01-16,0.005
2026-10-10,peak week inc flu hosp,,,US,pmf,2027-01-23,0.003
2026-10-10,peak week inc flu hosp,,,US,pmf,2027-01-30,0
2026-10-10,peak week inc flu hosp,,,US,pmf,2027-02-06,0.026
2026-10-10,peak week inc flu hosp,,,US,pmf,2027-02-13,0
2026-10-10,peak week inc flu hosp,,,US,pmf,2027-02-20,0
2026-10-10,peak week inc flu hosp,,,US,pmf,2027-02-27,0
2026-10-10,peak week inc flu hosp,,,US,pmf,2027-03-06,0
2026-10-10,peak week inc flu hosp,,,US,pmf,2027-03-13,0
2026-10-10,peak week inc flu hosp,,,US,pmf,2027-03-20,0
2026-10-10,peak week inc flu hosp,,,US,pmf,2027-03-27,0
2026-10-10,peak week inc flu hosp,,,US,pmf,2027-04-03,0
2026-10-10,peak week inc flu hosp,,,US,pmf,2027-04-10,0
2026-10-10,peak week inc flu hosp,,,US,pmf,2027-04-17,0
2026-10-10,peak week inc flu hosp,,,US,pmf,2027-04-24,0
2026-10-10,peak week inc flu hosp,,,US,pmf,2027-05-01,0
2026-10-10,peak week inc flu hosp,,,US,pmf,2027-05-08,0
2026-10-10,peak week inc flu hosp,,,US,pmf,2027-05-15,0
2026-10-10,peak week inc flu hosp,,,US,pmf,2027-05-22,0
2026-10-10,peak week inc flu hosp,,,US,pmf,2027-05-29,0
2026-10-10,wk inc flu hosp,0,2026-10-10,01,quantile,0.01,16
2026-10-10,wk inc flu hosp,0,2026-10-10,01,quantile,0.025,23
2026-10-10,wk inc flu hosp,0,2026-10-10,01,quantile,0.05,28
2026-10-10,wk inc flu hosp,0,2026-10-10,01,quantile,0.1,34
2026-10-10,wk inc flu hosp,0,2026-10-10,01,quantile,0.15,39
2026-10-10,wk inc flu hosp,0,2026-10-10,01,quantile,0.2,44
2026-10-10,wk inc flu hosp,0,2026-10-10,01,quantile,0.25,47
2026-10-10,wk inc flu hosp,0,2026-10-10,01,quantile,0.3,50
2026-10-10,wk inc flu hosp,0,2026-10-10,01,quantile,0.35,53
2026-10-10,wk inc flu hosp,0,2026-10-10,01,quantile,0.4,56
2026-10-10,wk inc flu hosp,0,2026-10-10,01,quantile,0.45,59
2026-10-10,wk inc flu hosp,0,2026-10-10,01,quantile,0.5,62
2026-10-10,wk inc flu hosp,0,2026-10-10,01,quantile,0.55,65
2026-10-10,wk inc flu hosp,0,2026-10-10,01,quantile,0.6,70
2026-10-10,wk inc flu hosp,0,2026-10-10,01,quantile,0.65,74
2026-10-10,wk inc flu hosp,0,2026-10-10,01,quantile,0.7,78
2026-10-10,wk inc flu hosp,0,2026-10-10,01,quantile,0.75,84
2026-10-10,wk inc flu hosp,0,2026-10-10,01,quantile,0.8,90
2026-10-10,wk inc flu hosp,0,2026-10-10,01,quantile,0.85,98
2026-10-10,wk inc flu hosp,0,2026-10-10,01,quantile,0.9,112
2026-10-10,wk inc flu hosp,0,2026-10-10,01,quantile,0.95,134
2026-10-10,wk inc flu hosp,0,2026-10-10,01,quantile,0.975,157
2026-10-10,wk inc flu hosp,0,2026-10-10,01,quantile,0.99,189
2026-10-10,wk inc flu hosp,1,2026-10-17,01,quantile,0.01,15
2026-10-10,wk inc flu hosp,1,2026-10-17,01,quantile,0.025,22
2026-10-10,wk inc flu hosp,1,2026-10-17,01,quantile,0.05,26
2026-10-10,wk inc flu hosp,1,2026-10-17,01,quantile,0.1,34
2026-10-10,wk inc flu hosp,1,2026-10-17,01,quantile,0.15,40
2026-10-10,wk inc flu hosp,1,2026-10-17,01,quantile,0.2,46
2026-10-10,wk inc flu hosp,1,2026-10-17,01,quantile,0.25,50
2026-10-10,wk inc flu hosp,1,2026-10-17,01,quantile,0.3,54
2026-10-10,wk inc flu hosp,1,2026-10-17,01,quantile,0.35,59
2026-10-10,wk inc flu hosp,1,2026-10-17,01,quantile,0.4,63
2026-10-10,wk inc flu hosp,1,2026-10-17,01,quantile,0.45,67
2026-10-10,wk inc flu hosp,1,2026-10-17,01,quantile,0.5,73
2026-10-10,wk inc flu hosp,1,2026-10-17,01,quantile,0.55,79
2026-10-10,wk inc flu hosp,1,2026-10-17,01,quantile,0.6,86
2026-10-10,wk inc flu hosp,1,2026-10-17,01,quantile,0.65,92
2026-10-10,wk inc flu hosp,1,2026-10-17,01,quantile,0.7,99
2026-10-10,wk inc flu hosp,1,2026-10-17,01,quantile,0.75,109
2026-10-10,wk inc flu hosp,1,2026-10-17,01,quantile,0.8,122
2026-10-10,wk inc flu hosp,1,2026-10-17,01,quantile,0.85,136
2026-10-10,wk inc flu hosp,1,2026-10-17,01,quantile,0.9,161
2026-10-10,wk inc flu hosp,1,2026-10-17,01,quantile,0.95,205
2026-10-10,wk inc flu hosp,1,2026-10-17,01,quantile,0.975,262
2026-10-10,wk inc flu hosp,1,2026-10-17,01,quantile,0.99,346
2026-10-10,wk inc flu hosp,2,2026-10-24,01,quantile,0.01,14
2026-10-10,wk inc flu hosp,2,2026-10-24,01,quantile,0.025,20
2026-10-10,wk inc flu hosp,2,2026-10-24,01,quantile,0.05,26
2026-10-10,wk inc flu hosp,2,2026-10-24,01,quantile,0.1,35
2026-10-10,wk inc flu hosp,2,2026-10-24,01,quantile,0.15,43
2026-10-10,wk inc flu hosp,2,2026-10-24,01,quantile,0.2,49
2026-10-10,wk inc flu hosp,2,2026-10-24,01,quantile,0.25,55
2026-10-10,wk inc flu hosp,2,2026-10-24,01,quantile,0.3,60
2026-10-10,wk inc flu hosp,2,2026-10-24,01,quantile,0.35,66
2026-10-10,wk inc flu hosp,2,2026-10-24,01,quantile,0.4,72
2026-10-10,wk inc flu hosp,2,2026-10-24,01,quantile,0.45,80
2026-10-10,wk inc flu hosp,2,2026-10-24,01,quantile,0.5,88
2026-10-10,wk inc flu hosp,2,2026-10-24,01,quantile,0.55,96
2026-10-10,wk inc flu hosp,2,2026-10-24,01,quantile,0.6,105
2026-10-10,wk inc flu hosp,2,2026-10-24,01,quantile,0.65,113
2026-10-10,wk inc flu hosp,2,2026-10-24,01,quantile,0.7,128
2026-10-10,wk inc flu hosp,2,2026-10-24,01,quantile,0.75,143
2026-10-10,wk inc flu hosp,2,2026-10-24,01,quantile,0.8,162
2026-10-10,wk inc flu hosp,2,2026-10-24,01,quantile,0.85,186
2026-10-10,wk inc flu hosp,2,2026-10-24,01,quantile,0.9,233
2026-10-10,wk inc flu hosp,2,2026-10-24,01,quantile,0.95,311
2026-10-10,wk inc flu hosp,2,2026-10-24,01,quantile,0.975,412
2026-10-10,wk inc flu hosp,2,2026-10-24,01,quantile,0.99,559
2026-10-10,wk inc flu hosp,3,2026-10-31,01,quantile,0.01,12
2026-10-10,wk inc flu hosp,3,2026-10-31,01,quantile,0.025,18
2026-10-10,wk inc flu hosp,3,2026-10-31,01,quantile,0.05,27
2026-10-10,wk inc flu hosp,3,2026-10-31,01,quantile,0.1,36
2026-10-10,wk inc flu hosp,3,2026-10-31,01,quantile,0.15,46
2026-10-10,wk inc flu hosp,3,2026-10-31,01,quantile,0.2,53
2026-10-10,wk inc flu hosp,3,2026-10-31,01,quantile,0.25,60
2026-10-10,wk inc flu hosp,3,2026-10-31,01,quantile,0.3,67
2026-10-10,wk inc flu hosp,3,2026-10-31,01,quantile,0.35,74
2026-10-10,wk inc flu hosp,3,2026-10-31,01,quantile,0.4,84
2026-10-10,wk inc flu hosp,3,2026-10-31,01,quantile,0.45,94
2026-10-10,wk inc flu hosp,3,2026-10-31,01,quantile,0.5,104
2026-10-10,wk inc flu hosp,3,2026-10-31,01,quantile,0.55,113
2026-10-10,wk inc flu hosp,3,2026-10-31,01,quantile,0.6,127
2026-10-10,wk inc flu hosp,3,2026-10-31,01,quantile,0.65,145
2026-10-10,wk inc flu hosp,3,2026-10-31,01,quantile,0.7,159
2026-10-10,wk inc flu hosp,3,2026-10-31,01,quantile,0.75,186
2026-10-10,wk inc flu hosp,3,2026-10-31,01,quantile,0.8,213
2026-10-10,wk inc flu hosp,3,2026-10-31,01,quantile,0.85,250
2026-10-10,wk inc flu hosp,3,2026-10-31,01,quantile,0.9,310
2026-10-10,wk inc flu hosp,3,2026-10-31,01,quantile,0.95,444
2026-10-10,wk inc flu hosp,3,2026-10-31,01,quantile,0.975,606
2026-10-10,wk inc flu hosp,3,2026-10-31,01,quantile,0.99,901
2026-10-10,wk inc flu hosp,0,2026-10-10,02,quantile,0.01,5
2026-10-10,wk inc flu hosp,0,2026-10-10,02,quantile,0.025,7
2026-10-10,wk inc flu hosp,0,2026-10-10,02,quantile,0.05,10
2026-10-10,wk inc flu hosp,0,2026-10-10,02,quantile,0.1,12
2026-10-10,wk inc flu hosp,0,2026-10-10,02,quantile,0.15,15
2026-10-10,wk inc flu hosp,0,2026-10-10,02,quantile,0.2,17
2026-10-10,wk inc flu hosp,0,2026-10-10,02,quantile,0.25,18
2026-10-10,wk inc flu hosp,0,2026-10-10,02,quantile,0.3,20
2026-10-10,wk inc flu hosp,0,2026-10-10,02,quantile,0.35,21
2026-10-10,wk inc flu hosp,0,2026-10-10,02,quantile,0.4,22
2026-10-10,wk inc flu hosp,0,2026-10-10,02,quantile,0.45,23
2026-10-10,wk inc flu hosp,0,2026-10-10,02,quantile,0.5,25
2026-10-10,wk inc flu hosp,0,2026-10-10,02,quantile,0.55,26
2026-10-10,wk inc flu hosp,0,2026-10-10,02,quantile,0.6,28
2026-10-10,wk inc flu hosp,0,2026-10-10,02,quantile,0.65,30
2026-10-10,wk inc flu hosp,0,2026-10-10,02,quantile,0.7,32
2026-10-10,wk inc flu hosp,0,2026-10-10,02,quantile,0.75,34
2026-10-10,wk inc flu hosp,0,2026-10-10,02,quantile,0.8,36
2026-10-10,wk inc flu hosp,0,2026-10-10,02,quantile,0.85,40
2026-10-10,wk inc flu hosp,0,2026-10-10,02,quantile,0.9,46
2026-10-10,wk inc flu hosp,0,2026-10-10,02,quantile,0.95,56
2026-10-10,wk inc flu hosp,0,2026-10-10,02,quantile,0.975,67
2026-10-10,wk inc flu hosp,0,2026-10-10,02,quantile,0.99,81
2026-10-10,wk inc flu hosp,1,2026-10-17,02,quantile,0.01,4
2026-10-10,wk inc flu hosp,1,2026-10-17,02,quantile,0.025,6
2026-10-10,wk inc flu hosp,1,2026-10-17,02,quantile,0.05,9
2026-10-10,wk inc flu hosp,1,2026-10-17,02,quantile,0.1,12
2026-10-10,wk inc flu hosp,1,2026-10-17,02,quantile,0.15,14
2026-10-10,wk inc flu hosp,1,2026-10-17,02,quantile,0.2,16
2026-10-10,wk inc flu hosp,1,2026-10-17,02,quantile,0.25,18
2026-10-10,wk inc flu hosp,1,2026-10-17,02,quantile,0.3,20
2026-10-10,wk inc flu hosp,1,2026-10-17,02,quantile,0.35,21
2026-10-10,wk inc flu hosp,1,2026-10-17,02,quantile,0.4,22
2026-10-10,wk inc flu hosp,1,2026-10-17,02,quantile,0.45,24
2026-10-10,wk inc flu hosp,1,2026-10-17,02,quantile,0.5,26
2026-10-10,wk inc flu hosp,1,2026-10-17,02,quantile,0.55,28
2026-10-10,wk inc flu hosp,1,2026-10-17,02,quantile,0.6,31
2026-10-10,wk inc flu hosp,1,2026-10-17,02,quantile,0.65,33
2026-10-10,wk inc flu hosp,1,2026-10-17,02,quantile,0.7,36
2026-10-10,wk inc flu hosp,1,2026-10-17,02,quantile,0.75,39
2026-10-10,wk inc flu hosp,1,2026-10-17,02,quantile,0.8,44
2026-10-10,wk inc flu hosp,1,2026-10-17,02,quantile,0.85,49
2026-10-10,wk inc flu hosp,1,2026-10-17,02,quantile,0.9,60
2026-10-10,wk inc flu hosp,1,2026-10-17,02,quantile,0.95,78
2026-10-10,wk inc flu hosp,1,2026-10-17,02,quantile,0.975,102
2026-10-10,wk inc flu hosp,1,2026-10-17,02,quantile,0.99,135
2026-10-10,wk inc flu hosp,2,2026-10-24,02,quantile,0.01,3
2026-10-10,wk inc flu hosp,2,2026-10-24,02,quantile,0.025,5
2026-10-10,wk inc flu hosp,2,2026-10-24,02,quantile,0.05,8
2026-10-10,wk inc flu hosp,2,2026-10-24,02,quantile,0.1,11
2026-10-10,wk inc flu hosp,2,2026-10-24,02,quantile,0.15,14
2026-10-10,wk inc flu hosp,2,2026-10-24,02,quantile,0.2,16
2026-10-10,wk inc flu hosp,2,2026-10-24,02,quantile,0.25,17
2026-10-10,wk inc flu hosp,2,2026-10-24,02,quantile,0.3,19
2026-10-10,wk inc flu hosp,2,2026-10-24,02,quantile,0.35,21
2026-10-10,wk inc flu hosp,2,2026-10-24,02,quantile,0.4,23
2026-10-10,wk inc flu hosp,2,2026-10-24,02,quantile,0.45,26
2026-10-10,wk inc flu hosp,2,2026-10-24,02,quantile,0.5,28
2026-10-10,wk inc flu hosp,2,2026-10-24,02,quantile,0.55,31
2026-10-10,wk inc flu hosp,2,2026-10-24,02,quantile,0.6,33
2026-10-10,wk inc flu hosp,2,2026-10-24,02,quantile,0.65,36
2026-10-10,wk inc flu hosp,2,2026-10-24,02,quantile,0.7,40
2026-10-10,wk inc flu hosp,2,2026-10-24,02,quantile,0.75,45
2026-10-10,wk inc flu hosp,2,2026-10-24,02,quantile,0.8,51
2026-10-10,wk inc flu hosp,2,2026-10-24,02,quantile,0.85,61
2026-10-10,wk inc flu hosp,2,2026-10-24,02,quantile,0.9,78
2026-10-10,wk inc flu hosp,2,2026-10-24,02,quantile,0.95,109
2026-10-10,wk inc flu hosp,2,2026-10-24,02,quantile,0.975,149
2026-10-10,wk inc flu hosp,2,2026-10-24,02,quantile,0.99,205
2026-10-10,wk inc flu hosp,3,2026-10-31,02,quantile,0.01,3
2026-10-10,wk inc flu hosp,3,2026-10-31,02,quantile,0.025,4
2026-10-10,wk inc flu hosp,3,2026-10-31,02,quantile,0.05,7
2026-10-10,wk inc flu hosp,3,2026-10-31,02,quantile,0.1,10
2026-10-10,wk inc flu hosp,3,2026-10-31,02,quantile,0.15,13
2026-10-10,wk inc flu hosp,3,2026-10-31,02,quantile,0.2,15
2026-10-10,wk inc flu hosp,3,2026-10-31,02,quantile,0.25,17
2026-10-10,wk inc flu hosp,3,2026-10-31,02,quantile,0.3,19
2026-10-10,wk inc flu hosp,3,2026-10-31,02,quantile,0.35,21
2026-10-10,wk inc flu hosp,3,2026-10-31,02,quantile,0.4,24
2026-10-10,wk inc flu hosp,3,2026-10-31,02,quantile,0.45,27
2026-10-10,wk inc flu hosp,3,2026-10-31,02,quantile,0.5,30
2026-10-10,wk inc flu hosp,3,2026-10-31,02,quantile,0.55,32
2026-10-10,wk inc flu hosp,3,2026-10-31,02,quantile,0.6,36
2026-10-10,wk inc flu hosp,3,2026-10-31,02,quantile,0.65,42
2026-10-10,wk inc flu hosp,3,2026-10-31,02,quantile,0.7,46
2026-10-10,wk inc flu hosp,3,2026-10-31,02,quantile,0.75,54
2026-10-10,wk inc flu hosp,3,2026-10-31,02,quantile,0.8,63
2026-10-10,wk inc flu hosp,3,2026-10-31,02,quantile,0.85,74
2026-10-10,wk inc flu hosp,3,2026-10-31,02,quantile,0.9,98
2026-10-10,wk inc flu hosp,3,2026-10-31,02,quantile,0.95,144
2026-10-10,wk inc flu hosp,3,2026-10-31,02,quantile,0.975,208
2026-10-10,wk inc flu hosp,3,2026-10-31,02,quantile,0.99,327
2026-10-10,wk inc flu hosp,0,2026-10-10,04,quantile,0.01,17
2026-10-10,wk inc flu hosp,0,2026-10-10,04,quantile,0.025,23
2026-10-10,wk inc flu hosp,0,2026-10-10,04,quantile,0.05,29
2026-10-10,wk inc flu hosp,0,2026-10-10,04,quantile,0.1,36
2026-10-10,wk inc flu hosp,0,2026-10-10,04,quantile,0.15,42
2026-10-10,wk inc flu hosp,0,2026-10-10,04,quantile,0.2,48
2026-10-10,wk inc flu hosp,0,2026-10-10,04,quantile,0.25,51
2026-10-10,wk inc flu hosp,0,2026-10-10,04,quantile,0.3,55
2026-10-10,wk inc flu hosp,0,2026-10-10,04,quantile,0.35,58
2026-10-10,wk inc flu hosp,0,2026-10-10,04,quantile,0.4,61
2026-10-10,wk inc flu hosp,0,2026-10-10,04,quantile,0.45,64
2026-10-10,wk inc flu hosp,0,2026-10-10,04,quantile,0.5,68
2026-10-10,wk inc flu hosp,0,2026-10-10,04,quantile,0.55,72
2026-10-10,wk inc flu hosp,0,2026-10-10,04,quantile,0.6,78
2026-10-10,wk inc flu hosp,0,2026-10-10,04,quantile,0.65,82
2026-10-10,wk inc flu hosp,0,2026-10-10,04,quantile,0.7,88
2026-10-10,wk inc flu hosp,0,2026-10-10,04,quantile,0.75,95
2026-10-10,wk inc flu hosp,0,2026-10-10,04,quantile,0.8,101
2026-10-10,wk inc flu hosp,0,2026-10-10,04,quantile,0.85,110
2026-10-10,wk inc flu hosp,0,2026-10-10,04,quantile,0.9,126
2026-10-10,wk inc flu hosp,0,2026-10-10,04,quantile,0.95,155
2026-10-10,wk inc flu hosp,0,2026-10-10,04,quantile,0.975,187
2026-10-10,wk inc flu hosp,0,2026-10-10,04,quantile,0.99,220
2026-10-10,wk inc flu hosp,1,2026-10-17,04,quantile,0.01,15
2026-10-10,wk inc flu hosp,1,2026-10-17,04,quantile,0.025,22
2026-10-10,wk inc flu hosp,1,2026-10-17,04,quantile,0.05,28
2026-10-10,wk inc flu hosp,1,2026-10-17,04,quantile,0.1,36
2026-10-10,wk inc flu hosp,1,2026-10-17,04,quantile,0.15,44
2026-10-10,wk inc flu hosp,1,2026-10-17,04,quantile,0.2,50
2026-10-10,wk inc flu hosp,1,2026-10-17,04,quantile,0.25,55
2026-10-10,wk inc flu hosp,1,2026-10-17,04,quantile,0.3,60
2026-10-10,wk inc flu hosp,1,2026-10-17,04,quantile,0.35,64
2026-10-10,wk inc flu hosp,1,2026-10-17,04,quantile,0.4,70
2026-10-10,wk inc flu hosp,1,2026-10-17,04,quantile,0.45,75
2026-10-10,wk inc flu hosp,1,2026-10-17,04,quantile,0.5,82
2026-10-10,wk inc flu hosp,1,2026-10-17,04,quantile,0.55,89
2026-10-10,wk inc flu hosp,1,2026-10-17,04,quantile,0.6,98
2026-10-10,wk inc flu hosp,1,2026-10-17,04,quantile,0.65,105
2026-10-10,wk inc flu hosp,1,2026-10-17,04,quantile,0.7,114
2026-10-10,wk inc flu hosp,1,2026-10-17,04,quantile,0.75,124
2026-10-10,wk inc flu hosp,1,2026-10-17,04,quantile,0.8,139
2026-10-10,wk inc flu hosp,1,2026-10-17,04,quantile,0.85,158
2026-10-10,wk inc flu hosp,1,2026-10-17,04,quantile,0.9,189
2026-10-10,wk inc flu hosp,1,2026-10-17,04,quantile,0.95,243
2026-10-10,wk inc flu hosp,1,2026-10-17,04,quantile,0.975,312
2026-10-10,wk inc flu hosp,1,2026-10-17,04,quantile,0.99,413
2026-10-10,wk inc flu hosp,2,2026-10-24,04,quantile,0.01,13
2026-10-10,wk inc flu hosp,2,2026-10-24,04,quantile,0.025,19
2026-10-10,wk inc flu hosp,2,2026-10-24,04,quantile,0.05,28
2026-10-10,wk inc flu hosp,2,2026-10-24,04,quantile,0.1,38
2026-10-10,wk inc flu hosp,2,2026-10-24,04,quantile,0.15,47
2026-10-10,wk inc flu hosp,2,2026-10-24,04,quantile,0.2,54
2026-10-10,wk inc flu hosp,2,2026-10-24,04,quantile,0.25,60
2026-10-10,wk inc flu hosp,2,2026-10-24,04,quantile,0.3,66
2026-10-10,wk inc flu hosp,2,2026-10-24,04,quantile,0.35,73
2026-10-10,wk inc flu hosp,2,2026-10-24,04,quantile,0.4,79
2026-10-10,wk inc flu hosp,2,2026-10-24,04,quantile,0.45,88
2026-10-10,wk inc flu hosp,2,2026-10-24,04,quantile,0.5,99
2026-10-10,wk inc flu hosp,2,2026-10-24,04,quantile,0.55,108
2026-10-10,wk inc flu hosp,2,2026-10-24,04,quantile,0.6,119
2026-10-10,wk inc flu hosp,2,2026-10-24,04,quantile,0.65,130
2026-10-10,wk inc flu hosp,2,2026-10-24,04,quantile,0.7,148
2026-10-10,wk inc flu hosp,2,2026-10-24,04,quantile,0.75,166
2026-10-10,wk inc flu hosp,2,2026-10-24,04,quantile,0.8,192
2026-10-10,wk inc flu hosp,2,2026-10-24,04,quantile,0.85,225
2026-10-10,wk inc flu hosp,2,2026-10-24,04,quantile,0.9,286
2026-10-10,wk inc flu hosp,2,2026-10-24,04,quantile,0.95,394
2026-10-10,wk inc flu hosp,2,2026-10-24,04,quantile,0.975,496
2026-10-10,wk inc flu hosp,2,2026-10-24,04,quantile,0.99,682
2026-10-10,wk inc flu hosp,3,2026-10-31,04,quantile,0.01,12
2026-10-10,wk inc flu hosp,3,2026-10-31,04,quantile,0.025,19
2026-10-10,wk inc flu hosp,3,2026-10-31,04,quantile,0.05,28
2026-10-10,wk inc flu hosp,3,2026-10-31,04,quantile,0.1,39
2026-10-10,wk inc flu hosp,3,2026-10-31,04,quantile,0.15,50
2026-10-10,wk inc flu hosp,3,2026-10-31,04,quantile,0.2,59
2026-10-10,wk inc flu hosp,3,2026-10-31,04,quantile,0.25,67
2026-10-10,wk inc flu hosp,3,2026-10-31,04,quantile,0.3,76
2026-10-10,wk inc flu hosp,3,2026-10-31,04,quantile,0.35,83
2026-10-10,wk inc flu hosp,3,2026-10-31,04,quantile,0.4,96
2026-10-10,wk inc flu hosp,3,2026-10-31,04,quantile,0.45,109
2026-10-10,wk inc flu hosp,3,2026-10-31,04,quantile,0.5,119
2026-10-10,wk inc flu hosp,3,2026-10-31,04,quantile,0.55,131
2026-10-10,wk inc flu hosp,3,2026-10-31,04,quantile,0.6,146
2026-10-10,wk inc flu hosp,3,2026-10-31,04,quantile,0.65,169
2026-10-10,wk inc flu hosp,3,2026-10-31,04,quantile,0.7,189
2026-10-10,wk inc flu hosp,3,2026-10-31,04,quantile,0.75,221
2026-10-10,wk inc flu hosp,3,2026-10-31,04,quantile,0.8,258
2026-10-10,wk inc flu hosp,3,2026-10-31,04,quantile,0.85,313
2026-10-10,wk inc flu hosp,3,2026-10-31,04,quantile,0.9,401
2026-10-10,wk inc flu hosp,3,2026-10-31,04,quantile,0.95,574
2026-10-10,wk inc flu hosp,3,2026-10-31,04,quantile,0.975,778
2026-10-10,wk inc flu hosp,3,2026-10-31,04,quantile,0.99,1131
2026-10-10,wk inc flu hosp,0,2026-10-10,05,quantile,0.01,2
2026-10-10,wk inc flu hosp,0,2026-10-10,05,quantile,0.025,5
2026-10-10,wk inc flu hosp,0,2026-10-10,05,quantile,0.05,7
2026-10-10,wk inc flu hosp,0,2026-10-10,05,quantile,0.1,10
2026-10-10,wk inc flu hosp,0,2026-10-10,05,quantile,0.15,12
2026-10-10,wk inc flu hosp,0,2026-10-10,05,quantile,0.2,14
2026-10-10,wk inc flu hosp,0,2026-10-10,05,quantile,0.25,15
2026-10-10,wk inc flu hosp,0,2026-10-10,05,quantile,0.3,16
2026-10-10,wk inc flu hosp,0,2026-10-10,05,quantile,0.35,18
2026-10-10,wk inc flu hosp,0,2026-10-10,05,quantile,0.4,19
2026-10-10,wk inc flu hosp,0,2026-10-10,05,quantile,0.45,20
2026-10-10,wk inc flu hosp,0,2026-10-10,05,quantile,0.5,21
2026-10-10,wk inc flu hosp,0,2026-10-10,05,quantile,0.55,23
2026-10-10,wk inc flu hosp,0,2026-10-10,05,quantile,0.6,25
2026-10-10,wk inc flu hosp,0,2026-10-10,05,quantile,0.65,27
2026-10-10,wk inc flu hosp,0,2026-10-10,05,quantile,0.7,29
2026-10-10,wk inc flu hosp,0,2026-10-10,05,quantile,0.75,32
2026-10-10,wk inc flu hosp,0,2026-10-10,05,quantile,0.8,34
2026-10-10,wk inc flu hosp,0,2026-10-10,05,quantile,0.85,38
2026-10-10,wk inc flu hosp,0,2026-10-10,05,quantile,0.9,44
2026-10-10,wk inc flu hosp,0,2026-10-10,05,quantile,0.95,54
2026-10-10,wk inc flu hosp,0,2026-10-10,05,quantile,0.975,64
2026-10-10,wk inc flu hosp,0,2026-10-10,05,quantile,0.99,76
2026-10-10,wk inc flu hosp,1,2026-10-17,05,quantile,0.01,2
2026-10-10,wk inc flu hosp,1,2026-10-17,05,quantile,0.025,5
2026-10-10,wk inc flu hosp,1,2026-10-17,05,quantile,0.05,7
2026-10-10,wk inc flu hosp,1,2026-10-17,05,quantile,0.1,10
2026-10-10,wk inc flu hosp,1,2026-10-17,05,quantile,0.15,12
2026-10-10,wk inc flu hosp,1,2026-10-17,05,quantile,0.2,14
2026-10-10,wk inc flu hosp,1,2026-10-17,05,quantile,0.25,16
2026-10-10,wk inc flu hosp,1,2026-10-17,05,quantile,0.3,18
2026-10-10,wk inc flu hosp,1,2026-10-17,05,quantile,0.35,20
2026-10-10,wk inc flu hosp,1,2026-10-17,05,quantile,0.4,22
2026-10-10,wk inc flu hosp,1,2026-10-17,05,quantile,0.45,24
2026-10-10,wk inc flu hosp,1,2026-10-17,05,quantile,0.5,26
2026-10-10,wk inc flu hosp,1,2026-10-17,05,quantile,0.55,29
2026-10-10,wk inc flu hosp,1,2026-10-17,05,quantile,0.6,32
2026-10-10,wk inc flu hosp,1,2026-10-17,05,quantile,0.65,35
2026-10-10,wk inc flu hosp,1,2026-10-17,05,quantile,0.7,38
2026-10-10,wk inc flu hosp,1,2026-10-17,05,quantile,0.75,42
2026-10-10,wk inc flu hosp,1,2026-10-17,05,quantile,0.8,47
2026-10-10,wk inc flu hosp,1,2026-10-17,05,quantile,0.85,54
2026-10-10,wk inc flu hosp,1,2026-10-17,05,quantile,0.9,66
2026-10-10,wk inc flu hosp,1,2026-10-17,05,quantile,0.95,85
2026-10-10,wk inc flu hosp,1,2026-10-17,05,quantile,0.975,106
2026-10-10,wk inc flu hosp,1,2026-10-17,05,quantile,0.99,143
2026-10-10,wk inc flu hosp,2,2026-10-24,05,quantile,0.01,2
2026-10-10,wk inc flu hosp,2,2026-10-24,05,quantile,0.025,4
2026-10-10,wk inc flu hosp,2,2026-10-24,05,quantile,0.05,6
2026-10-10,wk inc flu hosp,2,2026-10-24,05,quantile,0.1,10
2026-10-10,wk inc flu hosp,2,2026-10-24,05,quantile,0.15,13
2026-10-10,wk inc flu hosp,2,2026-10-24,05,quantile,0.2,16
2026-10-10,wk inc flu hosp,2,2026-10-24,05,quantile,0.25,18
2026-10-10,wk inc flu hosp,2,2026-10-24,05,quantile,0.3,20
2026-10-10,wk inc flu hosp,2,2026-10-24,05,quantile,0.35,22
2026-10-10,wk inc flu hosp,2,2026-10-24,05,quantile,0.4,25
2026-10-10,wk inc flu hosp,2,2026-10-24,05,quantile,0.45,28
2026-10-10,wk inc flu hosp,2,2026-10-24,05,quantile,0.5,32
2026-10-10,wk inc flu hosp,2,2026-10-24,05,quantile,0.55,35
2026-10-10,wk inc flu hosp,2,2026-10-24,05,quantile,0.6,40
2026-10-10,wk inc flu hosp,2,2026-10-24,05,quantile,0.65,43
2026-10-10,wk inc flu hosp,2,2026-10-24,05,quantile,0.7,49
2026-10-10,wk inc flu hosp,2,2026-10-24,05,quantile,0.75,56
2026-10-10,wk inc flu hosp,2,2026-10-24,05,quantile,0.8,64
2026-10-10,wk inc flu hosp,2,2026-10-24,05,quantile,0.85,77
2026-10-10,wk inc flu hosp,2,2026-10-24,05,quantile,0.9,98
2026-10-10,wk inc flu hosp,2,2026-10-24,05,quantile,0.95,133
2026-10-10,wk inc flu hosp,2,2026-10-24,05,quantile,0.975,173
2026-10-10,wk inc flu hosp,2,2026-10-24,05,quantile,0.99,241
2026-10-10,wk inc flu hosp,3,2026-10-31,05,quantile,0.01,2
2026-10-10,wk inc flu hosp,3,2026-10-31,05,quantile,0.025,4
2026-10-10,wk inc flu hosp,3,2026-10-31,05,quantile,0.05,7
2026-10-10,wk inc flu hosp,3,2026-10-31,05,quantile,0.1,10
2026-10-10,wk inc flu hosp,3,2026-10-31,05,quantile,0.15,14
2026-10-10,wk inc flu hosp,3,2026-10-31,05,quantile,0.2,17
2026-10-10,wk inc flu hosp,3,2026-10-31,05,quantile,0.25,20
2026-10-10,wk inc flu hosp,3,2026-10-31,05,quantile,0.3,22
2026-10-10,wk inc flu hosp,3,2026-10-31,05,quantile,0.35,26
2026-10-10,wk inc flu hosp,3,2026-10-31,05,quantile,0.4,30
2026-10-10,wk inc flu hosp,3,2026-10-31,05,quantile,0.45,34
2026-10-10,wk inc flu hosp,3,2026-10-31,05,quantile,0.5,38
2026-10-10,wk inc flu hosp,3,2026-10-31,05,quantile,0.55,43
2026-10-10,wk inc flu hosp,3,2026-10-31,05,quantile,0.6,48
2026-10-10,wk inc flu hosp,3,2026-10-31,05,quantile,0.65,56
2026-10-10,wk inc flu hosp,3,2026-10-31,05,quantile,0.7,64
2026-10-10,wk inc flu hosp,3,2026-10-31,05,quantile,0.75,74
2026-10-10,wk inc flu hosp,3,2026-10-31,05,quantile,0.8,88
2026-10-10,wk inc flu hosp,3,2026-10-31,05,quantile,0.85,107
2026-10-10,wk inc flu hosp,3,2026-10-31,05,quantile,0.9,139
2026-10-10,wk inc flu hosp,3,2026-10-31,05,quantile,0.95,203
2026-10-10,wk inc flu hosp,3,2026-10-31,05,quantile,0.975,269
2026-10-10,wk inc flu hosp,3,2026-10-31,05,quantile,0.99,392
2026-10-10,wk inc flu hosp,0,2026-10-10,06,quantile,0.01,158
2026-10-10,wk inc flu hosp,0,2026-10-10,06,quantile,0.025,233
2026-10-10,wk inc flu hosp,0,2026-10-10,06,quantile,0.05,282
2026-10-10,wk inc flu hosp,0,2026-10-10,06,quantile,0.1,333
2026-10-10,wk inc flu hosp,0,2026-10-10,06,quantile,0.15,383
2026-10-10,wk inc flu hosp,0,2026-10-10,06,quantile,0.2,422
2026-10-10,wk inc flu hosp,0,2026-10-10,06,quantile,0.25,448
2026-10-10,wk inc flu hosp,0,2026-10-10,06,quantile,0.3,472
2026-10-10,wk inc flu hosp,0,2026-10-10,06,quantile,0.35,497
2026-10-10,wk inc flu hosp,0,2026-10-10,06,quantile,0.4,515
2026-10-10,wk inc flu hosp,0,2026-10-10,06,quantile,0.45,538
2026-10-10,wk inc flu hosp,0,2026-10-10,06,quantile,0.5,560
2026-10-10,wk inc flu hosp,0,2026-10-10,06,quantile,0.55,587
2026-10-10,wk inc flu hosp,0,2026-10-10,06,quantile,0.6,620
2026-10-10,wk inc flu hosp,0,2026-10-10,06,quantile,0.65,653
2026-10-10,wk inc flu hosp,0,2026-10-10,06,quantile,0.7,692
2026-10-10,wk inc flu hosp,0,2026-10-10,06,quantile,0.75,737
2026-10-10,wk inc flu hosp,0,2026-10-10,06,quantile,0.8,779
2026-10-10,wk inc flu hosp,0,2026-10-10,06,quantile,0.85,837
2026-10-10,wk inc flu hosp,0,2026-10-10,06,quantile,0.9,948
2026-10-10,wk inc flu hosp,0,2026-10-10,06,quantile,0.95,1117
2026-10-10,wk inc flu hosp,0,2026-10-10,06,quantile,0.975,1311
2026-10-10,wk inc flu hosp,0,2026-10-10,06,quantile,0.99,1565
2026-10-10,wk inc flu hosp,1,2026-10-17,06,quantile,0.01,140
2026-10-10,wk inc flu hosp,1,2026-10-17,06,quantile,0.025,218
2026-10-10,wk inc flu hosp,1,2026-10-17,06,quantile,0.05,263
2026-10-10,wk inc flu hosp,1,2026-10-17,06,quantile,0.1,326
2026-10-10,wk inc flu hosp,1,2026-10-17,06,quantile,0.15,383
2026-10-10,wk inc flu hosp,1,2026-10-17,06,quantile,0.2,433
2026-10-10,wk inc flu hosp,1,2026-10-17,06,quantile,0.25,471
2026-10-10,wk inc flu hosp,1,2026-10-17,06,quantile,0.3,505
2026-10-10,wk inc flu hosp,1,2026-10-17,06,quantile,0.35,541
2026-10-10,wk inc flu hosp,1,2026-10-17,06,quantile,0.4,579
2026-10-10,wk inc flu hosp,1,2026-10-17,06,quantile,0.45,617
2026-10-10,wk inc flu hosp,1,2026-10-17,06,quantile,0.5,670
2026-10-10,wk inc flu hosp,1,2026-10-17,06,quantile,0.55,719
2026-10-10,wk inc flu hosp,1,2026-10-17,06,quantile,0.6,781
2026-10-10,wk inc flu hosp,1,2026-10-17,06,quantile,0.65,839
2026-10-10,wk inc flu hosp,1,2026-10-17,06,quantile,0.7,895
2026-10-10,wk inc flu hosp,1,2026-10-17,06,quantile,0.75,969
2026-10-10,wk inc flu hosp,1,2026-10-17,06,quantile,0.8,1072
2026-10-10,wk inc flu hosp,1,2026-10-17,06,quantile,0.85,1189
2026-10-10,wk inc flu hosp,1,2026-10-17,06,quantile,0.9,1370
2026-10-10,wk inc flu hosp,1,2026-10-17,06,quantile,0.95,1687
2026-10-10,wk inc flu hosp,1,2026-10-17,06,quantile,0.975,2186
2026-10-10,wk inc flu hosp,1,2026-10-17,06,quantile,0.99,2933
2026-10-10,wk inc flu hosp,2,2026-10-24,06,quantile,0.01,125
2026-10-10,wk inc flu hosp,2,2026-10-24,06,quantile,0.025,193
2026-10-10,wk inc flu hosp,2,2026-10-24,06,quantile,0.05,264
2026-10-10,wk inc flu hosp,2,2026-10-24,06,quantile,0.1,339
2026-10-10,wk inc flu hosp,2,2026-10-24,06,quantile,0.15,410
2026-10-10,wk inc flu hosp,2,2026-10-24,06,quantile,0.2,460
2026-10-10,wk inc flu hosp,2,2026-10-24,06,quantile,0.25,506
2026-10-10,wk inc flu hosp,2,2026-10-24,06,quantile,0.3,547
2026-10-10,wk inc flu hosp,2,2026-10-24,06,quantile,0.35,596
2026-10-10,wk inc flu hosp,2,2026-10-24,06,quantile,0.4,645
2026-10-10,wk inc flu hosp,2,2026-10-24,06,quantile,0.45,714
2026-10-10,wk inc flu hosp,2,2026-10-24,06,quantile,0.5,794
2026-10-10,wk inc flu hosp,2,2026-10-24,06,quantile,0.55,859
2026-10-10,wk inc flu hosp,2,2026-10-24,06,quantile,0.6,936
2026-10-10,wk inc flu hosp,2,2026-10-24,06,quantile,0.65,1015
2026-10-10,wk inc flu hosp,2,2026-10-24,06,quantile,0.7,1136
2026-10-10,wk inc flu hosp,2,2026-10-24,06,quantile,0.75,1284
2026-10-10,wk inc flu hosp,2,2026-10-24,06,quantile,0.8,1433
2026-10-10,wk inc flu hosp,2,2026-10-24,06,quantile,0.85,1650
2026-10-10,wk inc flu hosp,2,2026-10-24,06,quantile,0.9,1995
2026-10-10,wk inc flu hosp,2,2026-10-24,06,quantile,0.95,2586
2026-10-10,wk inc flu hosp,2,2026-10-24,06,quantile,0.975,3345
2026-10-10,wk inc flu hosp,2,2026-10-24,06,quantile,0.99,4561
2026-10-10,wk inc flu hosp,3,2026-10-31,06,quantile,0.01,110
2026-10-10,wk inc flu hosp,3,2026-10-31,06,quantile,0.025,186
2026-10-10,wk inc flu hosp,3,2026-10-31,06,quantile,0.05,259
2026-10-10,wk inc flu hosp,3,2026-10-31,06,quantile,0.1,341
2026-10-10,wk inc flu hosp,3,2026-10-31,06,quantile,0.15,419
2026-10-10,wk inc flu hosp,3,2026-10-31,06,quantile,0.2,485
2026-10-10,wk inc flu hosp,3,2026-10-31,06,quantile,0.25,541
2026-10-10,wk inc flu hosp,3,2026-10-31,06,quantile,0.3,602
2026-10-10,wk inc flu hosp,3,2026-10-31,06,quantile,0.35,666
2026-10-10,wk inc flu hosp,3,2026-10-31,06,quantile,0.4,757
2026-10-10,wk inc flu hosp,3,2026-10-31,06,quantile,0.45,843
2026-10-10,wk inc flu hosp,3,2026-10-31,06,quantile,0.5,919
2026-10-10,wk inc flu hosp,3,2026-10-31,06,quantile,0.55,999
2026-10-10,wk inc flu hosp,3,2026-10-31,06,quantile,0.6,1106
2026-10-10,wk inc flu hosp,3,2026-10-31,06,quantile,0.65,1269
2026-10-10,wk inc flu hosp,3,2026-10-31,06,quantile,0.7,1409
2026-10-10,wk inc flu hosp,3,2026-10-31,06,quantile,0.75,1620
2026-10-10,wk inc flu hosp,3,2026-10-31,06,quantile,0.8,1843
2026-10-10,wk inc flu hosp,3,2026-10-31,06,quantile,0.85,2132
2026-10-10,wk inc flu hosp,3,2026-10-31,06,quantile,0.9,2629
2026-10-10,wk inc flu hosp,3,2026-10-31,06,quantile,0.95,3620
2026-10-10,wk inc flu hosp,3,2026-10-31,06,quantile,0.975,4811
2026-10-10,wk inc flu hosp,3,2026-10-31,06,quantile,0.99,7260
2026-10-10,wk inc flu hosp,0,2026-10-10,08,quantile,0.01,12
2026-10-10,wk inc flu hosp,0,2026-10-10,08,quantile,0.025,16
2026-10-10,wk inc flu hosp,0,2026-10-10,08,quantile,0.05,19
2026-10-10,wk inc flu hosp,0,2026-10-10,08,quantile,0.1,24
2026-10-10,wk inc flu hosp,0,2026-10-10,08,quantile,0.15,29
2026-10-10,wk inc flu hosp,0,2026-10-10,08,quantile,0.2,33
2026-10-10,wk inc flu hosp,0,2026-10-10,08,quantile,0.25,36
2026-10-10,wk inc flu hosp,0,2026-10-10,08,quantile,0.3,38
2026-10-10,wk inc flu hosp,0,2026-10-10,08,quantile,0.35,41
2026-10-10,wk inc flu hosp,0,2026-10-10,08,quantile,0.4,44
2026-10-10,wk inc flu hosp,0,2026-10-10,08,quantile,0.45,46
2026-10-10,wk inc flu hosp,0,2026-10-10,08,quantile,0.5,49
2026-10-10,wk inc flu hosp,0,2026-10-10,08,quantile,0.55,52
2026-10-10,wk inc flu hosp,0,2026-10-10,08,quantile,0.6,55
2026-10-10,wk inc flu hosp,0,2026-10-10,08,quantile,0.65,59
2026-10-10,wk inc flu hosp,0,2026-10-10,08,quantile,0.7,63
2026-10-10,wk inc flu hosp,0,2026-10-10,08,quantile,0.75,68
2026-10-10,wk inc flu hosp,0,2026-10-10,08,quantile,0.8,72
2026-10-10,wk inc flu hosp,0,2026-10-10,08,quantile,0.85,79
2026-10-10,wk inc flu hosp,0,2026-10-10,08,quantile,0.9,90
2026-10-10,wk inc flu hosp,0,2026-10-10,08,quantile,0.95,108
2026-10-10,wk inc flu hosp,0,2026-10-10,08,quantile,0.975,130
2026-10-10,wk inc flu hosp,0,2026-10-10,08,quantile,0.99,154
2026-10-10,wk inc flu hosp,1,2026-10-17,08,quantile,0.01,10
2026-10-10,wk inc flu hosp,1,2026-10-17,08,quantile,0.025,14
2026-10-10,wk inc flu hosp,1,2026-10-17,08,quantile,0.05,18
2026-10-10,wk inc flu hosp,1,2026-10-17,08,quantile,0.1,24
2026-10-10,wk inc flu hosp,1,2026-10-17,08,quantile,0.15,30
2026-10-10,wk inc flu hosp,1,2026-10-17,08,quantile,0.2,34
2026-10-10,wk inc flu hosp,1,2026-10-17,08,quantile,0.25,38
2026-10-10,wk inc flu hosp,1,2026-10-17,08,quantile,0.3,42
2026-10-10,wk inc flu hosp,1,2026-10-17,08,quantile,0.35,46
2026-10-10,wk inc flu hosp,1,2026-10-17,08,quantile,0.4,50
2026-10-10,wk inc flu hosp,1,2026-10-17,08,quantile,0.45,54
2026-10-10,wk inc flu hosp,1,2026-10-17,08,quantile,0.5,59
2026-10-10,wk inc flu hosp,1,2026-10-17,08,quantile,0.55,64
2026-10-10,wk inc flu hosp,1,2026-10-17,08,quantile,0.6,71
2026-10-10,wk inc flu hosp,1,2026-10-17,08,quantile,0.65,77
2026-10-10,wk inc flu hosp,1,2026-10-17,08,quantile,0.7,84
2026-10-10,wk inc flu hosp,1,2026-10-17,08,quantile,0.75,91
2026-10-10,wk inc flu hosp,1,2026-10-17,08,quantile,0.8,102
2026-10-10,wk inc flu hosp,1,2026-10-17,08,quantile,0.85,115
2026-10-10,wk inc flu hosp,1,2026-10-17,08,quantile,0.9,136
2026-10-10,wk inc flu hosp,1,2026-10-17,08,quantile,0.95,176
2026-10-10,wk inc flu hosp,1,2026-10-17,08,quantile,0.975,220
2026-10-10,wk inc flu hosp,1,2026-10-17,08,quantile,0.99,294
2026-10-10,wk inc flu hosp,2,2026-10-24,08,quantile,0.01,8
2026-10-10,wk inc flu hosp,2,2026-10-24,08,quantile,0.025,12
2026-10-10,wk inc flu hosp,2,2026-10-24,08,quantile,0.05,18
2026-10-10,wk inc flu hosp,2,2026-10-24,08,quantile,0.1,25
2026-10-10,wk inc flu hosp,2,2026-10-24,08,quantile,0.15,32
2026-10-10,wk inc flu hosp,2,2026-10-24,08,quantile,0.2,37
2026-10-10,wk inc flu hosp,2,2026-10-24,08,quantile,0.25,42
2026-10-10,wk inc flu hosp,2,2026-10-24,08,quantile,0.3,47
2026-10-10,wk inc flu hosp,2,2026-10-24,08,quantile,0.35,52
2026-10-10,wk inc flu hosp,2,2026-10-24,08,quantile,0.4,58
2026-10-10,wk inc flu hosp,2,2026-10-24,08,quantile,0.45,65
2026-10-10,wk inc flu hosp,2,2026-10-24,08,quantile,0.5,73
2026-10-10,wk inc flu hosp,2,2026-10-24,08,quantile,0.55,80
2026-10-10,wk inc flu hosp,2,2026-10-24,08,quantile,0.6,89
2026-10-10,wk inc flu hosp,2,2026-10-24,08,quantile,0.65,97
2026-10-10,wk inc flu hosp,2,2026-10-24,08,quantile,0.7,110
2026-10-10,wk inc flu hosp,2,2026-10-24,08,quantile,0.75,124
2026-10-10,wk inc flu hosp,2,2026-10-24,08,quantile,0.8,143
2026-10-10,wk inc flu hosp,2,2026-10-24,08,quantile,0.85,168
2026-10-10,wk inc flu hosp,2,2026-10-24,08,quantile,0.9,212
2026-10-10,wk inc flu hosp,2,2026-10-24,08,quantile,0.95,284
2026-10-10,wk inc flu hosp,2,2026-10-24,08,quantile,0.975,359
2026-10-10,wk inc flu hosp,2,2026-10-24,08,quantile,0.99,492
2026-10-10,wk inc flu hosp,3,2026-10-31,08,quantile,0.01,7
2026-10-10,wk inc flu hosp,3,2026-10-31,08,quantile,0.025,11
2026-10-10,wk inc flu hosp,3,2026-10-31,08,quantile,0.05,18
2026-10-10,wk inc flu hosp,3,2026-10-31,08,quantile,0.1,26
2026-10-10,wk inc flu hosp,3,2026-10-31,08,quantile,0.15,33
2026-10-10,wk inc flu hosp,3,2026-10-31,08,quantile,0.2,40
2026-10-10,wk inc flu hosp,3,2026-10-31,08,quantile,0.25,47
2026-10-10,wk inc flu hosp,3,2026-10-31,08,quantile,0.3,53
2026-10-10,wk inc flu hosp,3,2026-10-31,08,quantile,0.35,61
2026-10-10,wk inc flu hosp,3,2026-10-31,08,quantile,0.4,70
2026-10-10,wk inc flu hosp,3,2026-10-31,08,quantile,0.45,79
2026-10-10,wk inc flu hosp,3,2026-10-31,08,quantile,0.5,88
2026-10-10,wk inc flu hosp,3,2026-10-31,08,quantile,0.55,98
2026-10-10,wk inc flu hosp,3,2026-10-31,08,quantile,0.6,110
2026-10-10,wk inc flu hosp,3,2026-10-31,08,quantile,0.65,127
2026-10-10,wk inc flu hosp,3,2026-10-31,08,quantile,0.7,142
2026-10-10,wk inc flu hosp,3,2026-10-31,08,quantile,0.75,164
2026-10-10,wk inc flu hosp,3,2026-10-31,08,quantile,0.8,191
2026-10-10,wk inc flu hosp,3,2026-10-31,08,quantile,0.85,233
2026-10-10,wk inc flu hosp,3,2026-10-31,08,quantile,0.9,296
2026-10-10,wk inc flu hosp,3,2026-10-31,08,quantile,0.95,425
2026-10-10,wk inc flu hosp,3,2026-10-31,08,quantile,0.975,554
2026-10-10,wk inc flu hosp,3,2026-10-31,08,quantile,0.99,794
2026-10-10,wk inc flu hosp,0,2026-10-10,09,quantile,0.01,3
2026-10-10,wk inc flu hosp,0,2026-10-10,09,quantile,0.025,5
2026-10-10,wk inc flu hosp,0,2026-10-10,09,quantile,0.05,7
2026-10-10,wk inc flu hosp,0,2026-10-10,09,quantile,0.1,10
2026-10-10,wk inc flu hosp,0,2026-10-10,09,quantile,0.15,12
2026-10-10,wk inc flu hosp,0,2026-10-10,09,quantile,0.2,14
2026-10-10,wk inc flu hosp,0,2026-10-10,09,quantile,0.25,15
2026-10-10,wk inc flu hosp,0,2026-10-10,09,quantile,0.3,17
2026-10-10,wk inc flu hosp,0,2026-10-10,09,quantile,0.35,18
2026-10-10,wk inc flu hosp,0,2026-10-10,09,quantile,0.4,19
2026-10-10,wk inc flu hosp,0,2026-10-10,09,quantile,0.45,20
2026-10-10,wk inc flu hosp,0,2026-10-10,09,quantile,0.5,22
2026-10-10,wk inc flu hosp,0,2026-10-10,09,quantile,0.55,24
2026-10-10,wk inc flu hosp,0,2026-10-10,09,quantile,0.6,26
2026-10-10,wk inc flu hosp,0,2026-10-10,09,quantile,0.65,27
2026-10-10,wk inc flu hosp,0,2026-10-10,09,quantile,0.7,30
2026-10-10,wk inc flu hosp,0,2026-10-10,09,quantile,0.75,33
2026-10-10,wk inc flu hosp,0,2026-10-10,09,quantile,0.8,35
2026-10-10,wk inc flu hosp,0,2026-10-10,09,quantile,0.85,39
2026-10-10,wk inc flu hosp,0,2026-10-10,09,quantile,0.9,46
2026-10-10,wk inc flu hosp,0,2026-10-10,09,quantile,0.95,57
2026-10-10,wk inc flu hosp,0,2026-10-10,09,quantile,0.975,68
2026-10-10,wk inc flu hosp,0,2026-10-10,09,quantile,0.99,84
2026-10-10,wk inc flu hosp,1,2026-10-17,09,quantile,0.01,3
2026-10-10,wk inc flu hosp,1,2026-10-17,09,quantile,0.025,5
2026-10-10,wk inc flu hosp,1,2026-10-17,09,quantile,0.05,6
2026-10-10,wk inc flu hosp,1,2026-10-17,09,quantile,0.1,10
2026-10-10,wk inc flu hosp,1,2026-10-17,09,quantile,0.15,12
2026-10-10,wk inc flu hosp,1,2026-10-17,09,quantile,0.2,14
2026-10-10,wk inc flu hosp,1,2026-10-17,09,quantile,0.25,16
2026-10-10,wk inc flu hosp,1,2026-10-17,09,quantile,0.3,18
2026-10-10,wk inc flu hosp,1,2026-10-17,09,quantile,0.35,20
2026-10-10,wk inc flu hosp,1,2026-10-17,09,quantile,0.4,22
2026-10-10,wk inc flu hosp,1,2026-10-17,09,quantile,0.45,24
2026-10-10,wk inc flu hosp,1,2026-10-17,09,quantile,0.5,26
2026-10-10,wk inc flu hosp,1,2026-10-17,09,quantile,0.55,29
2026-10-10,wk inc flu hosp,1,2026-10-17,09,quantile,0.6,33
2026-10-10,wk inc flu hosp,1,2026-10-17,09,quantile,0.65,36
2026-10-10,wk inc flu hosp,1,2026-10-17,09,quantile,0.7,39
2026-10-10,wk inc flu hosp,1,2026-10-17,09,quantile,0.75,43
2026-10-10,wk inc flu hosp,1,2026-10-17,09,quantile,0.8,49
2026-10-10,wk inc flu hosp,1,2026-10-17,09,quantile,0.85,57
2026-10-10,wk inc flu hosp,1,2026-10-17,09,quantile,0.9,69
2026-10-10,wk inc flu hosp,1,2026-10-17,09,quantile,0.95,90
2026-10-10,wk inc flu hosp,1,2026-10-17,09,quantile,0.975,116
2026-10-10,wk inc flu hosp,1,2026-10-17,09,quantile,0.99,158
2026-10-10,wk inc flu hosp,2,2026-10-24,09,quantile,0.01,3
2026-10-10,wk inc flu hosp,2,2026-10-24,09,quantile,0.025,4
2026-10-10,wk inc flu hosp,2,2026-10-24,09,quantile,0.05,6
2026-10-10,wk inc flu hosp,2,2026-10-24,09,quantile,0.1,10
2026-10-10,wk inc flu hosp,2,2026-10-24,09,quantile,0.15,13
2026-10-10,wk inc flu hosp,2,2026-10-24,09,quantile,0.2,16
2026-10-10,wk inc flu hosp,2,2026-10-24,09,quantile,0.25,18
2026-10-10,wk inc flu hosp,2,2026-10-24,09,quantile,0.3,20
2026-10-10,wk inc flu hosp,2,2026-10-24,09,quantile,0.35,23
2026-10-10,wk inc flu hosp,2,2026-10-24,09,quantile,0.4,26
2026-10-10,wk inc flu hosp,2,2026-10-24,09,quantile,0.45,30
2026-10-10,wk inc flu hosp,2,2026-10-24,09,quantile,0.5,34
2026-10-10,wk inc flu hosp,2,2026-10-24,09,quantile,0.55,36
2026-10-10,wk inc flu hosp,2,2026-10-24,09,quantile,0.6,41
2026-10-10,wk inc flu hosp,2,2026-10-24,09,quantile,0.65,44
2026-10-10,wk inc flu hosp,2,2026-10-24,09,quantile,0.7,51
2026-10-10,wk inc flu hosp,2,2026-10-24,09,quantile,0.75,59
2026-10-10,wk inc flu hosp,2,2026-10-24,09,quantile,0.8,68
2026-10-10,wk inc flu hosp,2,2026-10-24,09,quantile,0.85,82
2026-10-10,wk inc flu hosp,2,2026-10-24,09,quantile,0.9,106
2026-10-10,wk inc flu hosp,2,2026-10-24,09,quantile,0.95,144
2026-10-10,wk inc flu hosp,2,2026-10-24,09,quantile,0.975,185
2026-10-10,wk inc flu hosp,2,2026-10-24,09,quantile,0.99,258
2026-10-10,wk inc flu hosp,3,2026-10-31,09,quantile,0.01,2
2026-10-10,wk inc flu hosp,3,2026-10-31,09,quantile,0.025,4
2026-10-10,wk inc flu hosp,3,2026-10-31,09,quantile,0.05,7
2026-10-10,wk inc flu hosp,3,2026-10-31,09,quantile,0.1,11
2026-10-10,wk inc flu hosp,3,2026-10-31,09,quantile,0.15,14
2026-10-10,wk inc flu hosp,3,2026-10-31,09,quantile,0.2,17
2026-10-10,wk inc flu hosp,3,2026-10-31,09,quantile,0.25,20
2026-10-10,wk inc flu hosp,3,2026-10-31,09,quantile,0.3,23
2026-10-10,wk inc flu hosp,3,2026-10-31,09,quantile,0.35,27
2026-10-10,wk inc flu hosp,3,2026-10-31,09,quantile,0.4,31
2026-10-10,wk inc flu hosp,3,2026-10-31,09,quantile,0.45,36
2026-10-10,wk inc flu hosp,3,2026-10-31,09,quantile,0.5,41
2026-10-10,wk inc flu hosp,3,2026-10-31,09,quantile,0.55,46
2026-10-10,wk inc flu hosp,3,2026-10-31,09,quantile,0.6,51
2026-10-10,wk inc flu hosp,3,2026-10-31,09,quantile,0.65,60
2026-10-10,wk inc flu hosp,3,2026-10-31,09,quantile,0.7,67
2026-10-10,wk inc flu hosp,3,2026-10-31,09,quantile,0.75,80
2026-10-10,wk inc flu hosp,3,2026-10-31,09,quantile,0.8,95
2026-10-10,wk inc flu hosp,3,2026-10-31,09,quantile,0.85,119
2026-10-10,wk inc flu hosp,3,2026-10-31,09,quantile,0.9,160
2026-10-10,wk inc flu hosp,3,2026-10-31,09,quantile,0.95,222
2026-10-10,wk inc flu hosp,3,2026-10-31,09,quantile,0.975,289
2026-10-10,wk inc flu hosp,3,2026-10-31,09,quantile,0.99,426
2026-10-10,wk inc flu hosp,0,2026-10-10,10,quantile,0.01,0
2026-10-10,wk inc flu hosp,0,2026-10-10,10,quantile,0.025,1
2026-10-10,wk inc flu hosp,0,2026-10-10,10,quantile,0.05,1
2026-10-10,wk inc flu hosp,0,2026-10-10,10,quantile,0.1,2
2026-10-10,wk inc flu hosp,0,2026-10-10,10,quantile,0.15,3
2026-10-10,wk inc flu hosp,0,2026-10-10,10,quantile,0.2,4
2026-10-10,wk inc flu hosp,0,2026-10-10,10,quantile,0.25,4
2026-10-10,wk inc flu hosp,0,2026-10-10,10,quantile,0.3,6
2026-10-10,wk inc flu hosp,0,2026-10-10,10,quantile,0.35,6
2026-10-10,wk inc flu hosp,0,2026-10-10,10,quantile,0.4,7
2026-10-10,wk inc flu hosp,0,2026-10-10,10,quantile,0.45,7
2026-10-10,wk inc flu hosp,0,2026-10-10,10,quantile,0.5,8
2026-10-10,wk inc flu hosp,0,2026-10-10,10,quantile,0.55,10
2026-10-10,wk inc flu hosp,0,2026-10-10,10,quantile,0.6,11
2026-10-10,wk inc flu hosp,0,2026-10-10,10,quantile,0.65,12
2026-10-10,wk inc flu hosp,0,2026-10-10,10,quantile,0.7,14
2026-10-10,wk inc flu hosp,0,2026-10-10,10,quantile,0.75,16
2026-10-10,wk inc flu hosp,0,2026-10-10,10,quantile,0.8,19
2026-10-10,wk inc flu hosp,0,2026-10-10,10,quantile,0.85,21
2026-10-10,wk inc flu hosp,0,2026-10-10,10,quantile,0.9,25
2026-10-10,wk inc flu hosp,0,2026-10-10,10,quantile,0.95,31
2026-10-10,wk inc flu hosp,0,2026-10-10,10,quantile,0.975,39
2026-10-10,wk inc flu hosp,0,2026-10-10,10,quantile,0.99,51
2026-10-10,wk inc flu hosp,1,2026-10-17,10,quantile,0.01,0
2026-10-10,wk inc flu hosp,1,2026-10-17,10,quantile,0.025,1
2026-10-10,wk inc flu hosp,1,2026-10-17,10,quantile,0.05,1
2026-10-10,wk inc flu hosp,1,2026-10-17,10,quantile,0.1,2
2026-10-10,wk inc flu hosp,1,2026-10-17,10,quantile,0.15,3
2026-10-10,wk inc flu hosp,1,2026-10-17,10,quantile,0.2,4
2026-10-10,wk inc flu hosp,1,2026-10-17,10,quantile,0.25,5
2026-10-10,wk inc flu hosp,1,2026-10-17,10,quantile,0.3,6
2026-10-10,wk inc flu hosp,1,2026-10-17,10,quantile,0.35,7
2026-10-10,wk inc flu hosp,1,2026-10-17,10,quantile,0.4,8
2026-10-10,wk inc flu hosp,1,2026-10-17,10,quantile,0.45,9
2026-10-10,wk inc flu hosp,1,2026-10-17,10,quantile,0.5,10
2026-10-10,wk inc flu hosp,1,2026-10-17,10,quantile,0.55,12
2026-10-10,wk inc flu hosp,1,2026-10-17,10,quantile,0.6,14
2026-10-10,wk inc flu hosp,1,2026-10-17,10,quantile,0.65,17
2026-10-10,wk inc flu hosp,1,2026-10-17,10,quantile,0.7,20
2026-10-10,wk inc flu hosp,1,2026-10-17,10,quantile,0.75,24
2026-10-10,wk inc flu hosp,1,2026-10-17,10,quantile,0.8,27
2026-10-10,wk inc flu hosp,1,2026-10-17,10,quantile,0.85,30
2026-10-10,wk inc flu hosp,1,2026-10-17,10,quantile,0.9,36
2026-10-10,wk inc flu hosp,1,2026-10-17,10,quantile,0.95,47
2026-10-10,wk inc flu hosp,1,2026-10-17,10,quantile,0.975,62
2026-10-10,wk inc flu hosp,1,2026-10-17,10,quantile,0.99,90
2026-10-10,wk inc flu hosp,2,2026-10-24,10,quantile,0.01,0
2026-10-10,wk inc flu hosp,2,2026-10-24,10,quantile,0.025,1
2026-10-10,wk inc flu hosp,2,2026-10-24,10,quantile,0.05,1
2026-10-10,wk inc flu hosp,2,2026-10-24,10,quantile,0.1,2
2026-10-10,wk inc flu hosp,2,2026-10-24,10,quantile,0.15,4
2026-10-10,wk inc flu hosp,2,2026-10-24,10,quantile,0.2,5
2026-10-10,wk inc flu hosp,2,2026-10-24,10,quantile,0.25,5
2026-10-10,wk inc flu hosp,2,2026-10-24,10,quantile,0.3,7
2026-10-10,wk inc flu hosp,2,2026-10-24,10,quantile,0.35,8
2026-10-10,wk inc flu hosp,2,2026-10-24,10,quantile,0.4,9
2026-10-10,wk inc flu hosp,2,2026-10-24,10,quantile,0.45,11
2026-10-10,wk inc flu hosp,2,2026-10-24,10,quantile,0.5,14
2026-10-10,wk inc flu hosp,2,2026-10-24,10,quantile,0.55,16
2026-10-10,wk inc flu hosp,2,2026-10-24,10,quantile,0.6,19
2026-10-10,wk inc flu hosp,2,2026-10-24,10,quantile,0.65,22
2026-10-10,wk inc flu hosp,2,2026-10-24,10,quantile,0.7,27
2026-10-10,wk inc flu hosp,2,2026-10-24,10,quantile,0.75,33
2026-10-10,wk inc flu hosp,2,2026-10-24,10,quantile,0.8,40
2026-10-10,wk inc flu hosp,2,2026-10-24,10,quantile,0.85,45
2026-10-10,wk inc flu hosp,2,2026-10-24,10,quantile,0.9,55
2026-10-10,wk inc flu hosp,2,2026-10-24,10,quantile,0.95,75
2026-10-10,wk inc flu hosp,2,2026-10-24,10,quantile,0.975,102
2026-10-10,wk inc flu hosp,2,2026-10-24,10,quantile,0.99,155
2026-10-10,wk inc flu hosp,3,2026-10-31,10,quantile,0.01,0
2026-10-10,wk inc flu hosp,3,2026-10-31,10,quantile,0.025,1
2026-10-10,wk inc flu hosp,3,2026-10-31,10,quantile,0.05,2
2026-10-10,wk inc flu hosp,3,2026-10-31,10,quantile,0.1,2
2026-10-10,wk inc flu hosp,3,2026-10-31,10,quantile,0.15,4
2026-10-10,wk inc flu hosp,3,2026-10-31,10,quantile,0.2,5
2026-10-10,wk inc flu hosp,3,2026-10-31,10,quantile,0.25,6
2026-10-10,wk inc flu hosp,3,2026-10-31,10,quantile,0.3,8
2026-10-10,wk inc flu hosp,3,2026-10-31,10,quantile,0.35,9
2026-10-10,wk inc flu hosp,3,2026-10-31,10,quantile,0.4,11
2026-10-10,wk inc flu hosp,3,2026-10-31,10,quantile,0.45,14
2026-10-10,wk inc flu hosp,3,2026-10-31,10,quantile,0.5,16
2026-10-10,wk inc flu hosp,3,2026-10-31,10,quantile,0.55,20
2026-10-10,wk inc flu hosp,3,2026-10-31,10,quantile,0.6,24
2026-10-10,wk inc flu hosp,3,2026-10-31,10,quantile,0.65,29
2026-10-10,wk inc flu hosp,3,2026-10-31,10,quantile,0.7,37
2026-10-10,wk inc flu hosp,3,2026-10-31,10,quantile,0.75,48
2026-10-10,wk inc flu hosp,3,2026-10-31,10,quantile,0.8,60
2026-10-10,wk inc flu hosp,3,2026-10-31,10,quantile,0.85,68
2026-10-10,wk inc flu hosp,3,2026-10-31,10,quantile,0.9,82
2026-10-10,wk inc flu hosp,3,2026-10-31,10,quantile,0.95,116
2026-10-10,wk inc flu hosp,3,2026-10-31,10,quantile,0.975,163
2026-10-10,wk inc flu hosp,3,2026-10-31,10,quantile,0.99,276
2026-10-10,wk inc flu hosp,0,2026-10-10,11,quantile,0.01,0
2026-10-10,wk inc flu hosp,0,2026-10-10,11,quantile,0.025,0
2026-10-10,wk inc flu hosp,0,2026-10-10,11,quantile,0.05,0
2026-10-10,wk inc flu hosp,0,2026-10-10,11,quantile,0.1,1
2026-10-10,wk inc flu hosp,0,2026-10-10,11,quantile,0.15,1
2026-10-10,wk inc flu hosp,0,2026-10-10,11,quantile,0.2,2
2026-10-10,wk inc flu hosp,0,2026-10-10,11,quantile,0.25,2
2026-10-10,wk inc flu hosp,0,2026-10-10,11,quantile,0.3,2
2026-10-10,wk inc flu hosp,0,2026-10-10,11,quantile,0.35,2
2026-10-10,wk inc flu hosp,0,2026-10-10,11,quantile,0.4,2
2026-10-10,wk inc flu hosp,0,2026-10-10,11,quantile,0.45,2
2026-10-10,wk inc flu hosp,0,2026-10-10,11,quantile,0.5,3
2026-10-10,wk inc flu hosp,0,2026-10-10,11,quantile,0.55,3
2026-10-10,wk inc flu hosp,0,2026-10-10,11,quantile,0.6,3
2026-10-10,wk inc flu hosp,0,2026-10-10,11,quantile,0.65,4
2026-10-10,wk inc flu hosp,0,2026-10-10,11,quantile,0.7,4
2026-10-10,wk inc flu hosp,0,2026-10-10,11,quantile,0.75,4
2026-10-10,wk inc flu hosp,0,2026-10-10,11,quantile,0.8,5
2026-10-10,wk inc flu hosp,0,2026-10-10,11,quantile,0.85,5
2026-10-10,wk inc flu hosp,0,2026-10-10,11,quantile,0.9,6
2026-10-10,wk inc flu hosp,0,2026-10-10,11,quantile,0.95,8
2026-10-10,wk inc flu hosp,0,2026-10-10,11,quantile,0.975,10
2026-10-10,wk inc flu hosp,0,2026-10-10,11,quantile,0.99,14
2026-10-10,wk inc flu hosp,1,2026-10-17,11,quantile,0.01,0
2026-10-10,wk inc flu hosp,1,2026-10-17,11,quantile,0.025,0
2026-10-10,wk inc flu hosp,1,2026-10-17,11,quantile,0.05,0
2026-10-10,wk inc flu hosp,1,2026-10-17,11,quantile,0.1,1
2026-10-10,wk inc flu hosp,1,2026-10-17,11,quantile,0.15,1
2026-10-10,wk inc flu hosp,1,2026-10-17,11,quantile,0.2,2
2026-10-10,wk inc flu hosp,1,2026-10-17,11,quantile,0.25,2
2026-10-10,wk inc flu hosp,1,2026-10-17,11,quantile,0.3,2
2026-10-10,wk inc flu hosp,1,2026-10-17,11,quantile,0.35,2
2026-10-10,wk inc flu hosp,1,2026-10-17,11,quantile,0.4,2
2026-10-10,wk inc flu hosp,1,2026-10-17,11,quantile,0.45,3
2026-10-10,wk inc flu hosp,1,2026-10-17,11,quantile,0.5,3
2026-10-10,wk inc flu hosp,1,2026-10-17,11,quantile,0.55,4
2026-10-10,wk inc flu hosp,1,2026-10-17,11,quantile,0.6,4
2026-10-10,wk inc flu hosp,1,2026-10-17,11,quantile,0.65,4
2026-10-10,wk inc flu hosp,1,2026-10-17,11,quantile,0.7,4
2026-10-10,wk inc flu hosp,1,2026-10-17,11,quantile,0.75,5
2026-10-10,wk inc flu hosp,1,2026-10-17,11,quantile,0.8,6
2026-10-10,wk inc flu hosp,1,2026-10-17,11,quantile,0.85,6
2026-10-10,wk inc flu hosp,1,2026-10-17,11,quantile,0.9,8
2026-10-10,wk inc flu hosp,1,2026-10-17,11,quantile,0.95,11
2026-10-10,wk inc flu hosp,1,2026-10-17,11,quantile,0.975,15
2026-10-10,wk inc flu hosp,1,2026-10-17,11,quantile,0.99,23
2026-10-10,wk inc flu hosp,2,2026-10-24,11,quantile,0.01,0
2026-10-10,wk inc flu hosp,2,2026-10-24,11,quantile,0.025,0
2026-10-10,wk inc flu hosp,2,2026-10-24,11,quantile,0.05,1
2026-10-10,wk inc flu hosp,2,2026-10-24,11,quantile,0.1,1
2026-10-10,wk inc flu hosp,2,2026-10-24,11,quantile,0.15,1
2026-10-10,wk inc flu hosp,2,2026-10-24,11,quantile,0.2,2
2026-10-10,wk inc flu hosp,2,2026-10-24,11,quantile,0.25,2
2026-10-10,wk inc flu hosp,2,2026-10-24,11,quantile,0.3,2
2026-10-10,wk inc flu hosp,2,2026-10-24,11,quantile,0.35,3
2026-10-10,wk inc flu hosp,2,2026-10-24,11,quantile,0.4,3
2026-10-10,wk inc flu hosp,2,2026-10-24,11,quantile,0.45,3
2026-10-10,wk inc flu hosp,2,2026-10-24,11,quantile,0.5,4
2026-10-10,wk inc flu hosp,2,2026-10-24,11,quantile,0.55,4
2026-10-10,wk inc flu hosp,2,2026-10-24,11,quantile,0.6,4
2026-10-10,wk inc flu hosp,2,2026-10-24,11,quantile,0.65,5
2026-10-10,wk inc flu hosp,2,2026-10-24,11,quantile,0.7,6
2026-10-10,wk inc flu hosp,2,2026-10-24,11,quantile,0.75,6
2026-10-10,wk inc flu hosp,2,2026-10-24,11,quantile,0.8,7
2026-10-10,wk inc flu hosp,2,2026-10-24,11,quantile,0.85,9
2026-10-10,wk inc flu hosp,2,2026-10-24,11,quantile,0.9,11
2026-10-10,wk inc flu hosp,2,2026-10-24,11,quantile,0.95,16
2026-10-10,wk inc flu hosp,2,2026-10-24,11,quantile,0.975,23
2026-10-10,wk inc flu hosp,2,2026-10-24,11,quantile,0.99,36
2026-10-10,wk inc flu hosp,3,2026-10-31,11,quantile,0.01,0
2026-10-10,wk inc flu hosp,3,2026-10-31,11,quantile,0.025,0
2026-10-10,wk inc flu hosp,3,2026-10-31,11,quantile,0.05,1
2026-10-10,wk inc flu hosp,3,2026-10-31,11,quantile,0.1,1
2026-10-10,wk inc flu hosp,3,2026-10-31,11,quantile,0.15,1
2026-10-10,wk inc flu hosp,3,2026-10-31,11,quantile,0.2,2
2026-10-10,wk inc flu hosp,3,2026-10-31,11,quantile,0.25,2
2026-10-10,wk inc flu hosp,3,2026-10-31,11,quantile,0.3,2
2026-10-10,wk inc flu hosp,3,2026-10-31,11,quantile,0.35,3
2026-10-10,wk inc flu hosp,3,2026-10-31,11,quantile,0.4,3
2026-10-10,wk inc flu hosp,3,2026-10-31,11,quantile,0.45,4
2026-10-10,wk inc flu hosp,3,2026-10-31,11,quantile,0.5,4
2026-10-10,wk inc flu hosp,3,2026-10-31,11,quantile,0.55,5
2026-10-10,wk inc flu hosp,3,2026-10-31,11,quantile,0.6,5
2026-10-10,wk inc flu hosp,3,2026-10-31,11,quantile,0.65,6
2026-10-10,wk inc flu hosp,3,2026-10-31,11,quantile,0.7,7
2026-10-10,wk inc flu hosp,3,2026-10-31,11,quantile,0.75,8
2026-10-10,wk inc flu hosp,3,2026-10-31,11,quantile,0.8,10
2026-10-10,wk inc flu hosp,3,2026-10-31,11,quantile,0.85,12
2026-10-10,wk inc flu hosp,3,2026-10-31,11,quantile,0.9,15
2026-10-10,wk inc flu hosp,3,2026-10-31,11,quantile,0.95,23
2026-10-10,wk inc flu hosp,3,2026-10-31,11,quantile,0.975,34
2026-10-10,wk inc flu hosp,3,2026-10-31,11,quantile,0.99,61
2026-10-10,wk inc flu hosp,0,2026-10-10,12,quantile,0.01,256
2026-10-10,wk inc flu hosp,0,2026-10-10,12,quantile,0.025,323
2026-10-10,wk inc flu hosp,0,2026-10-10,12,quantile,0.05,364
2026-10-10,wk inc flu hosp,0,2026-10-10,12,quantile,0.1,420
2026-10-10,wk inc flu hosp,0,2026-10-10,12,quantile,0.15,497
2026-10-10,wk inc flu hosp,0,2026-10-10,12,quantile,0.2,547
2026-10-10,wk inc flu hosp,0,2026-10-10,12,quantile,0.25,580
2026-10-10,wk inc flu hosp,0,2026-10-10,12,quantile,0.3,615
2026-10-10,wk inc flu hosp,0,2026-10-10,12,quantile,0.35,648
2026-10-10,wk inc flu hosp,0,2026-10-10,12,quantile,0.4,676
2026-10-10,wk inc flu hosp,0,2026-10-10,12,quantile,0.45,703
2026-10-10,wk inc flu hosp,0,2026-10-10,12,quantile,0.5,730
2026-10-10,wk inc flu hosp,0,2026-10-10,12,quantile,0.55,761
2026-10-10,wk inc flu hosp,0,2026-10-10,12,quantile,0.6,802
2026-10-10,wk inc flu hosp,0,2026-10-10,12,quantile,0.65,841
2026-10-10,wk inc flu hosp,0,2026-10-10,12,quantile,0.7,886
2026-10-10,wk inc flu hosp,0,2026-10-10,12,quantile,0.75,942
2026-10-10,wk inc flu hosp,0,2026-10-10,12,quantile,0.8,994
2026-10-10,wk inc flu hosp,0,2026-10-10,12,quantile,0.85,1061
2026-10-10,wk inc flu hosp,0,2026-10-10,12,quantile,0.9,1192
2026-10-10,wk inc flu hosp,0,2026-10-10,12,quantile,0.95,1392
2026-10-10,wk inc flu hosp,0,2026-10-10,12,quantile,0.975,1622
2026-10-10,wk inc flu hosp,0,2026-10-10,12,quantile,0.99,1897
2026-10-10,wk inc flu hosp,1,2026-10-17,12,quantile,0.01,220
2026-10-10,wk inc flu hosp,1,2026-10-17,12,quantile,0.025,332
2026-10-10,wk inc flu hosp,1,2026-10-17,12,quantile,0.05,387
2026-10-10,wk inc flu hosp,1,2026-10-17,12,quantile,0.1,454
2026-10-10,wk inc flu hosp,1,2026-10-17,12,quantile,0.15,520
2026-10-10,wk inc flu hosp,1,2026-10-17,12,quantile,0.2,587
2026-10-10,wk inc flu hosp,1,2026-10-17,12,quantile,0.25,673
2026-10-10,wk inc flu hosp,1,2026-10-17,12,quantile,0.3,732
2026-10-10,wk inc flu hosp,1,2026-10-17,12,quantile,0.35,779
2026-10-10,wk inc flu hosp,1,2026-10-17,12,quantile,0.4,827
2026-10-10,wk inc flu hosp,1,2026-10-17,12,quantile,0.45,876
2026-10-10,wk inc flu hosp,1,2026-10-17,12,quantile,0.5,943
2026-10-10,wk inc flu hosp,1,2026-10-17,12,quantile,0.55,1009
2026-10-10,wk inc flu hosp,1,2026-10-17,12,quantile,0.6,1084
2026-10-10,wk inc flu hosp,1,2026-10-17,12,quantile,0.65,1147
2026-10-10,wk inc flu hosp,1,2026-10-17,12,quantile,0.7,1212
2026-10-10,wk inc flu hosp,1,2026-10-17,12,quantile,0.75,1286
2026-10-10,wk inc flu hosp,1,2026-10-17,12,quantile,0.8,1396
2026-10-10,wk inc flu hosp,1,2026-10-17,12,quantile,0.85,1519
2026-10-10,wk inc flu hosp,1,2026-10-17,12,quantile,0.9,1739
2026-10-10,wk inc flu hosp,1,2026-10-17,12,quantile,0.95,2110
2026-10-10,wk inc flu hosp,1,2026-10-17,12,quantile,0.975,2645
2026-10-10,wk inc flu hosp,1,2026-10-17,12,quantile,0.99,3536
2026-10-10,wk inc flu hosp,2,2026-10-24,12,quantile,0.01,224
2026-10-10,wk inc flu hosp,2,2026-10-24,12,quantile,0.025,317
2026-10-10,wk inc flu hosp,2,2026-10-24,12,quantile,0.05,394
2026-10-10,wk inc flu hosp,2,2026-10-24,12,quantile,0.1,482
2026-10-10,wk inc flu hosp,2,2026-10-24,12,quantile,0.15,567
2026-10-10,wk inc flu hosp,2,2026-10-24,12,quantile,0.2,639
2026-10-10,wk inc flu hosp,2,2026-10-24,12,quantile,0.25,759
2026-10-10,wk inc flu hosp,2,2026-10-24,12,quantile,0.3,840
2026-10-10,wk inc flu hosp,2,2026-10-24,12,quantile,0.35,938
2026-10-10,wk inc flu hosp,2,2026-10-24,12,quantile,0.4,1033
2026-10-10,wk inc flu hosp,2,2026-10-24,12,quantile,0.45,1140
2026-10-10,wk inc flu hosp,2,2026-10-24,12,quantile,0.5,1236
2026-10-10,wk inc flu hosp,2,2026-10-24,12,quantile,0.55,1318
2026-10-10,wk inc flu hosp,2,2026-10-24,12,quantile,0.6,1408
2026-10-10,wk inc flu hosp,2,2026-10-24,12,quantile,0.65,1499
2026-10-10,wk inc flu hosp,2,2026-10-24,12,quantile,0.7,1639
2026-10-10,wk inc flu hosp,2,2026-10-24,12,quantile,0.75,1786
2026-10-10,wk inc flu hosp,2,2026-10-24,12,quantile,0.8,1961
2026-10-10,wk inc flu hosp,2,2026-10-24,12,quantile,0.85,2196
2026-10-10,wk inc flu hosp,2,2026-10-24,12,quantile,0.9,2594
2026-10-10,wk inc flu hosp,2,2026-10-24,12,quantile,0.95,3259
2026-10-10,wk inc flu hosp,2,2026-10-24,12,quantile,0.975,4106
2026-10-10,wk inc flu hosp,2,2026-10-24,12,quantile,0.99,5468
2026-10-10,wk inc flu hosp,3,2026-10-31,12,quantile,0.01,173
2026-10-10,wk inc flu hosp,3,2026-10-31,12,quantile,0.025,240
2026-10-10,wk inc flu hosp,3,2026-10-31,12,quantile,0.05,308
2026-10-10,wk inc flu hosp,3,2026-10-31,12,quantile,0.1,425
2026-10-10,wk inc flu hosp,3,2026-10-31,12,quantile,0.15,566
2026-10-10,wk inc flu hosp,3,2026-10-31,12,quantile,0.2,668
2026-10-10,wk inc flu hosp,3,2026-10-31,12,quantile,0.25,783
2026-10-10,wk inc flu hosp,3,2026-10-31,12,quantile,0.3,886
2026-10-10,wk inc flu hosp,3,2026-10-31,12,quantile,0.35,1075
2026-10-10,wk inc flu hosp,3,2026-10-31,12,quantile,0.4,1243
2026-10-10,wk inc flu hosp,3,2026-10-31,12,quantile,0.45,1368
2026-10-10,wk inc flu hosp,3,2026-10-31,12,quantile,0.5,1487
2026-10-10,wk inc flu hosp,3,2026-10-31,12,quantile,0.55,1599
2026-10-10,wk inc flu hosp,3,2026-10-31,12,quantile,0.6,1730
2026-10-10,wk inc flu hosp,3,2026-10-31,12,quantile,0.65,1899
2026-10-10,wk inc flu hosp,3,2026-10-31,12,quantile,0.7,2034
2026-10-10,wk inc flu hosp,3,2026-10-31,12,quantile,0.75,2253
2026-10-10,wk inc flu hosp,3,2026-10-31,12,quantile,0.8,2479
2026-10-10,wk inc flu hosp,3,2026-10-31,12,quantile,0.85,2795
2026-10-10,wk inc flu hosp,3,2026-10-31,12,quantile,0.9,3332
2026-10-10,wk inc flu hosp,3,2026-10-31,12,quantile,0.95,4437
2026-10-10,wk inc flu hosp,3,2026-10-31,12,quantile,0.975,5748
2026-10-10,wk inc flu hosp,3,2026-10-31,12,quantile,0.99,8760
2026-10-10,wk inc flu hosp,0,2026-10-10,13,quantile,0.01,12
2026-10-10,wk inc flu hosp,0,2026-10-10,13,quantile,0.025,19
2026-10-10,wk inc flu hosp,0,2026-10-10,13,quantile,0.05,25
2026-10-10,wk inc flu hosp,0,2026-10-10,13,quantile,0.1,32
2026-10-10,wk inc flu hosp,0,2026-10-10,13,quantile,0.15,38
2026-10-10,wk inc flu hosp,0,2026-10-10,13,quantile,0.2,43
2026-10-10,wk inc flu hosp,0,2026-10-10,13,quantile,0.25,46
2026-10-10,wk inc flu hosp,0,2026-10-10,13,quantile,0.3,49
2026-10-10,wk inc flu hosp,0,2026-10-10,13,quantile,0.35,52
2026-10-10,wk inc flu hosp,0,2026-10-10,13,quantile,0.4,55
2026-10-10,wk inc flu hosp,0,2026-10-10,13,quantile,0.45,58
2026-10-10,wk inc flu hosp,0,2026-10-10,13,quantile,0.5,61
2026-10-10,wk inc flu hosp,0,2026-10-10,13,quantile,0.55,64
2026-10-10,wk inc flu hosp,0,2026-10-10,13,quantile,0.6,69
2026-10-10,wk inc flu hosp,0,2026-10-10,13,quantile,0.65,73
2026-10-10,wk inc flu hosp,0,2026-10-10,13,quantile,0.7,78
2026-10-10,wk inc flu hosp,0,2026-10-10,13,quantile,0.75,84
2026-10-10,wk inc flu hosp,0,2026-10-10,13,quantile,0.8,90
2026-10-10,wk inc flu hosp,0,2026-10-10,13,quantile,0.85,98
2026-10-10,wk inc flu hosp,0,2026-10-10,13,quantile,0.9,113
2026-10-10,wk inc flu hosp,0,2026-10-10,13,quantile,0.95,139
2026-10-10,wk inc flu hosp,0,2026-10-10,13,quantile,0.975,167
2026-10-10,wk inc flu hosp,0,2026-10-10,13,quantile,0.99,200
2026-10-10,wk inc flu hosp,1,2026-10-17,13,quantile,0.01,10
2026-10-10,wk inc flu hosp,1,2026-10-17,13,quantile,0.025,18
2026-10-10,wk inc flu hosp,1,2026-10-17,13,quantile,0.05,24
2026-10-10,wk inc flu hosp,1,2026-10-17,13,quantile,0.1,32
2026-10-10,wk inc flu hosp,1,2026-10-17,13,quantile,0.15,38
2026-10-10,wk inc flu hosp,1,2026-10-17,13,quantile,0.2,44
2026-10-10,wk inc flu hosp,1,2026-10-17,13,quantile,0.25,49
2026-10-10,wk inc flu hosp,1,2026-10-17,13,quantile,0.3,53
2026-10-10,wk inc flu hosp,1,2026-10-17,13,quantile,0.35,57
2026-10-10,wk inc flu hosp,1,2026-10-17,13,quantile,0.4,61
2026-10-10,wk inc flu hosp,1,2026-10-17,13,quantile,0.45,66
2026-10-10,wk inc flu hosp,1,2026-10-17,13,quantile,0.5,72
2026-10-10,wk inc flu hosp,1,2026-10-17,13,quantile,0.55,78
2026-10-10,wk inc flu hosp,1,2026-10-17,13,quantile,0.6,85
2026-10-10,wk inc flu hosp,1,2026-10-17,13,quantile,0.65,91
2026-10-10,wk inc flu hosp,1,2026-10-17,13,quantile,0.7,98
2026-10-10,wk inc flu hosp,1,2026-10-17,13,quantile,0.75,108
2026-10-10,wk inc flu hosp,1,2026-10-17,13,quantile,0.8,121
2026-10-10,wk inc flu hosp,1,2026-10-17,13,quantile,0.85,136
2026-10-10,wk inc flu hosp,1,2026-10-17,13,quantile,0.9,163
2026-10-10,wk inc flu hosp,1,2026-10-17,13,quantile,0.95,213
2026-10-10,wk inc flu hosp,1,2026-10-17,13,quantile,0.975,277
2026-10-10,wk inc flu hosp,1,2026-10-17,13,quantile,0.99,373
2026-10-10,wk inc flu hosp,2,2026-10-24,13,quantile,0.01,9
2026-10-10,wk inc flu hosp,2,2026-10-24,13,quantile,0.025,16
2026-10-10,wk inc flu hosp,2,2026-10-24,13,quantile,0.05,25
2026-10-10,wk inc flu hosp,2,2026-10-24,13,quantile,0.1,33
2026-10-10,wk inc flu hosp,2,2026-10-24,13,quantile,0.15,42
2026-10-10,wk inc flu hosp,2,2026-10-24,13,quantile,0.2,47
2026-10-10,wk inc flu hosp,2,2026-10-24,13,quantile,0.25,54
2026-10-10,wk inc flu hosp,2,2026-10-24,13,quantile,0.3,59
2026-10-10,wk inc flu hosp,2,2026-10-24,13,quantile,0.35,64
2026-10-10,wk inc flu hosp,2,2026-10-24,13,quantile,0.4,70
2026-10-10,wk inc flu hosp,2,2026-10-24,13,quantile,0.45,78
2026-10-10,wk inc flu hosp,2,2026-10-24,13,quantile,0.5,87
2026-10-10,wk inc flu hosp,2,2026-10-24,13,quantile,0.55,95
2026-10-10,wk inc flu hosp,2,2026-10-24,13,quantile,0.6,104
2026-10-10,wk inc flu hosp,2,2026-10-24,13,quantile,0.65,112
2026-10-10,wk inc flu hosp,2,2026-10-24,13,quantile,0.7,125
2026-10-10,wk inc flu hosp,2,2026-10-24,13,quantile,0.75,142
2026-10-10,wk inc flu hosp,2,2026-10-24,13,quantile,0.8,161
2026-10-10,wk inc flu hosp,2,2026-10-24,13,quantile,0.85,191
2026-10-10,wk inc flu hosp,2,2026-10-24,13,quantile,0.9,244
2026-10-10,wk inc flu hosp,2,2026-10-24,13,quantile,0.95,346
2026-10-10,wk inc flu hosp,2,2026-10-24,13,quantile,0.975,442
2026-10-10,wk inc flu hosp,2,2026-10-24,13,quantile,0.99,608
2026-10-10,wk inc flu hosp,3,2026-10-31,13,quantile,0.01,8
2026-10-10,wk inc flu hosp,3,2026-10-31,13,quantile,0.025,16
2026-10-10,wk inc flu hosp,3,2026-10-31,13,quantile,0.05,24
2026-10-10,wk inc flu hosp,3,2026-10-31,13,quantile,0.1,34
2026-10-10,wk inc flu hosp,3,2026-10-31,13,quantile,0.15,43
2026-10-10,wk inc flu hosp,3,2026-10-31,13,quantile,0.2,51
2026-10-10,wk inc flu hosp,3,2026-10-31,13,quantile,0.25,58
2026-10-10,wk inc flu hosp,3,2026-10-31,13,quantile,0.3,65
2026-10-10,wk inc flu hosp,3,2026-10-31,13,quantile,0.35,73
2026-10-10,wk inc flu hosp,3,2026-10-31,13,quantile,0.4,82
2026-10-10,wk inc flu hosp,3,2026-10-31,13,quantile,0.45,93
2026-10-10,wk inc flu hosp,3,2026-10-31,13,quantile,0.5,102
2026-10-10,wk inc flu hosp,3,2026-10-31,13,quantile,0.55,113
2026-10-10,wk inc flu hosp,3,2026-10-31,13,quantile,0.6,127
2026-10-10,wk inc flu hosp,3,2026-10-31,13,quantile,0.65,145
2026-10-10,wk inc flu hosp,3,2026-10-31,13,quantile,0.7,161
2026-10-10,wk inc flu hosp,3,2026-10-31,13,quantile,0.75,188
2026-10-10,wk inc flu hosp,3,2026-10-31,13,quantile,0.8,220
2026-10-10,wk inc flu hosp,3,2026-10-31,13,quantile,0.85,264
2026-10-10,wk inc flu hosp,3,2026-10-31,13,quantile,0.9,345
2026-10-10,wk inc flu hosp,3,2026-10-31,13,quantile,0.95,505
2026-10-10,wk inc flu hosp,3,2026-10-31,13,quantile,0.975,682
2026-10-10,wk inc flu hosp,3,2026-10-31,13,quantile,0.99,997
2026-10-10,wk inc flu hosp,0,2026-10-10,15,quantile,0.01,18
2026-10-10,wk inc flu hosp,0,2026-10-10,15,quantile,0.025,26
2026-10-10,wk inc flu hosp,0,2026-10-10,15,quantile,0.05,32
2026-10-10,wk inc flu hosp,0,2026-10-10,15,quantile,0.1,40
2026-10-10,wk inc flu hosp,0,2026-10-10,15,quantile,0.15,48
2026-10-10,wk inc flu hosp,0,2026-10-10,15,quantile,0.2,54
2026-10-10,wk inc flu hosp,0,2026-10-10,15,quantile,0.25,60
2026-10-10,wk inc flu hosp,0,2026-10-10,15,quantile,0.3,64
2026-10-10,wk inc flu hosp,0,2026-10-10,15,quantile,0.35,69
2026-10-10,wk inc flu hosp,0,2026-10-10,15,quantile,0.4,73
2026-10-10,wk inc flu hosp,0,2026-10-10,15,quantile,0.45,77
2026-10-10,wk inc flu hosp,0,2026-10-10,15,quantile,0.5,82
2026-10-10,wk inc flu hosp,0,2026-10-10,15,quantile,0.55,87
2026-10-10,wk inc flu hosp,0,2026-10-10,15,quantile,0.6,93
2026-10-10,wk inc flu hosp,0,2026-10-10,15,quantile,0.65,99
2026-10-10,wk inc flu hosp,0,2026-10-10,15,quantile,0.7,106
2026-10-10,wk inc flu hosp,0,2026-10-10,15,quantile,0.75,115
2026-10-10,wk inc flu hosp,0,2026-10-10,15,quantile,0.8,123
2026-10-10,wk inc flu hosp,0,2026-10-10,15,quantile,0.85,135
2026-10-10,wk inc flu hosp,0,2026-10-10,15,quantile,0.9,155
2026-10-10,wk inc flu hosp,0,2026-10-10,15,quantile,0.95,188
2026-10-10,wk inc flu hosp,0,2026-10-10,15,quantile,0.975,218
2026-10-10,wk inc flu hosp,0,2026-10-10,15,quantile,0.99,255
2026-10-10,wk inc flu hosp,1,2026-10-17,15,quantile,0.01,16
2026-10-10,wk inc flu hosp,1,2026-10-17,15,quantile,0.025,22
2026-10-10,wk inc flu hosp,1,2026-10-17,15,quantile,0.05,29
2026-10-10,wk inc flu hosp,1,2026-10-17,15,quantile,0.1,38
2026-10-10,wk inc flu hosp,1,2026-10-17,15,quantile,0.15,46
2026-10-10,wk inc flu hosp,1,2026-10-17,15,quantile,0.2,55
2026-10-10,wk inc flu hosp,1,2026-10-17,15,quantile,0.25,62
2026-10-10,wk inc flu hosp,1,2026-10-17,15,quantile,0.3,68
2026-10-10,wk inc flu hosp,1,2026-10-17,15,quantile,0.35,75
2026-10-10,wk inc flu hosp,1,2026-10-17,15,quantile,0.4,82
2026-10-10,wk inc flu hosp,1,2026-10-17,15,quantile,0.45,89
2026-10-10,wk inc flu hosp,1,2026-10-17,15,quantile,0.5,98
2026-10-10,wk inc flu hosp,1,2026-10-17,15,quantile,0.55,107
2026-10-10,wk inc flu hosp,1,2026-10-17,15,quantile,0.6,118
2026-10-10,wk inc flu hosp,1,2026-10-17,15,quantile,0.65,128
2026-10-10,wk inc flu hosp,1,2026-10-17,15,quantile,0.7,139
2026-10-10,wk inc flu hosp,1,2026-10-17,15,quantile,0.75,153
2026-10-10,wk inc flu hosp,1,2026-10-17,15,quantile,0.8,171
2026-10-10,wk inc flu hosp,1,2026-10-17,15,quantile,0.85,194
2026-10-10,wk inc flu hosp,1,2026-10-17,15,quantile,0.9,232
2026-10-10,wk inc flu hosp,1,2026-10-17,15,quantile,0.95,284
2026-10-10,wk inc flu hosp,1,2026-10-17,15,quantile,0.975,349
2026-10-10,wk inc flu hosp,1,2026-10-17,15,quantile,0.99,457
2026-10-10,wk inc flu hosp,2,2026-10-24,15,quantile,0.01,13
2026-10-10,wk inc flu hosp,2,2026-10-24,15,quantile,0.025,19
2026-10-10,wk inc flu hosp,2,2026-10-24,15,quantile,0.05,27
2026-10-10,wk inc flu hosp,2,2026-10-24,15,quantile,0.1,38
2026-10-10,wk inc flu hosp,2,2026-10-24,15,quantile,0.15,48
2026-10-10,wk inc flu hosp,2,2026-10-24,15,quantile,0.2,57
2026-10-10,wk inc flu hosp,2,2026-10-24,15,quantile,0.25,64
2026-10-10,wk inc flu hosp,2,2026-10-24,15,quantile,0.3,71
2026-10-10,wk inc flu hosp,2,2026-10-24,15,quantile,0.35,79
2026-10-10,wk inc flu hosp,2,2026-10-24,15,quantile,0.4,87
2026-10-10,wk inc flu hosp,2,2026-10-24,15,quantile,0.45,99
2026-10-10,wk inc flu hosp,2,2026-10-24,15,quantile,0.5,112
2026-10-10,wk inc flu hosp,2,2026-10-24,15,quantile,0.55,122
2026-10-10,wk inc flu hosp,2,2026-10-24,15,quantile,0.6,134
2026-10-10,wk inc flu hosp,2,2026-10-24,15,quantile,0.65,148
2026-10-10,wk inc flu hosp,2,2026-10-24,15,quantile,0.7,166
2026-10-10,wk inc flu hosp,2,2026-10-24,15,quantile,0.75,188
2026-10-10,wk inc flu hosp,2,2026-10-24,15,quantile,0.8,216
2026-10-10,wk inc flu hosp,2,2026-10-24,15,quantile,0.85,252
2026-10-10,wk inc flu hosp,2,2026-10-24,15,quantile,0.9,319
2026-10-10,wk inc flu hosp,2,2026-10-24,15,quantile,0.95,425
2026-10-10,wk inc flu hosp,2,2026-10-24,15,quantile,0.975,532
2026-10-10,wk inc flu hosp,2,2026-10-24,15,quantile,0.99,718
2026-10-10,wk inc flu hosp,3,2026-10-31,15,quantile,0.01,10
2026-10-10,wk inc flu hosp,3,2026-10-31,15,quantile,0.025,17
2026-10-10,wk inc flu hosp,3,2026-10-31,15,quantile,0.05,25
2026-10-10,wk inc flu hosp,3,2026-10-31,15,quantile,0.1,35
2026-10-10,wk inc flu hosp,3,2026-10-31,15,quantile,0.15,45
2026-10-10,wk inc flu hosp,3,2026-10-31,15,quantile,0.2,54
2026-10-10,wk inc flu hosp,3,2026-10-31,15,quantile,0.25,63
2026-10-10,wk inc flu hosp,3,2026-10-31,15,quantile,0.3,71
2026-10-10,wk inc flu hosp,3,2026-10-31,15,quantile,0.35,80
2026-10-10,wk inc flu hosp,3,2026-10-31,15,quantile,0.4,94
2026-10-10,wk inc flu hosp,3,2026-10-31,15,quantile,0.45,106
2026-10-10,wk inc flu hosp,3,2026-10-31,15,quantile,0.5,117
2026-10-10,wk inc flu hosp,3,2026-10-31,15,quantile,0.55,131
2026-10-10,wk inc flu hosp,3,2026-10-31,15,quantile,0.6,147
2026-10-10,wk inc flu hosp,3,2026-10-31,15,quantile,0.65,168
2026-10-10,wk inc flu hosp,3,2026-10-31,15,quantile,0.7,188
2026-10-10,wk inc flu hosp,3,2026-10-31,15,quantile,0.75,222
2026-10-10,wk inc flu hosp,3,2026-10-31,15,quantile,0.8,257
2026-10-10,wk inc flu hosp,3,2026-10-31,15,quantile,0.85,311
2026-10-10,wk inc flu hosp,3,2026-10-31,15,quantile,0.9,395
2026-10-10,wk inc flu hosp,3,2026-10-31,15,quantile,0.95,565
2026-10-10,wk inc flu hosp,3,2026-10-31,15,quantile,0.975,780
2026-10-10,wk inc flu hosp,3,2026-10-31,15,quantile,0.99,1154
2026-10-10,wk inc flu hosp,0,2026-10-10,16,quantile,0.01,4
2026-10-10,wk inc flu hosp,0,2026-10-10,16,quantile,0.025,6
2026-10-10,wk inc flu hosp,0,2026-10-10,16,quantile,0.05,8
2026-10-10,wk inc flu hosp,0,2026-10-10,16,quantile,0.1,10
2026-10-10,wk inc flu hosp,0,2026-10-10,16,quantile,0.15,12
2026-10-10,wk inc flu hosp,0,2026-10-10,16,quantile,0.2,14
2026-10-10,wk inc flu hosp,0,2026-10-10,16,quantile,0.25,15
2026-10-10,wk inc flu hosp,0,2026-10-10,16,quantile,0.3,16
2026-10-10,wk inc flu hosp,0,2026-10-10,16,quantile,0.35,17
2026-10-10,wk inc flu hosp,0,2026-10-10,16,quantile,0.4,19
2026-10-10,wk inc flu hosp,0,2026-10-10,16,quantile,0.45,19
2026-10-10,wk inc flu hosp,0,2026-10-10,16,quantile,0.5,20
2026-10-10,wk inc flu hosp,0,2026-10-10,16,quantile,0.55,22
2026-10-10,wk inc flu hosp,0,2026-10-10,16,quantile,0.6,23
2026-10-10,wk inc flu hosp,0,2026-10-10,16,quantile,0.65,25
2026-10-10,wk inc flu hosp,0,2026-10-10,16,quantile,0.7,27
2026-10-10,wk inc flu hosp,0,2026-10-10,16,quantile,0.75,29
2026-10-10,wk inc flu hosp,0,2026-10-10,16,quantile,0.8,31
2026-10-10,wk inc flu hosp,0,2026-10-10,16,quantile,0.85,34
2026-10-10,wk inc flu hosp,0,2026-10-10,16,quantile,0.9,39
2026-10-10,wk inc flu hosp,0,2026-10-10,16,quantile,0.95,48
2026-10-10,wk inc flu hosp,0,2026-10-10,16,quantile,0.975,59
2026-10-10,wk inc flu hosp,0,2026-10-10,16,quantile,0.99,76
2026-10-10,wk inc flu hosp,1,2026-10-17,16,quantile,0.01,3
2026-10-10,wk inc flu hosp,1,2026-10-17,16,quantile,0.025,6
2026-10-10,wk inc flu hosp,1,2026-10-17,16,quantile,0.05,7
2026-10-10,wk inc flu hosp,1,2026-10-17,16,quantile,0.1,10
2026-10-10,wk inc flu hosp,1,2026-10-17,16,quantile,0.15,12
2026-10-10,wk inc flu hosp,1,2026-10-17,16,quantile,0.2,14
2026-10-10,wk inc flu hosp,1,2026-10-17,16,quantile,0.25,16
2026-10-10,wk inc flu hosp,1,2026-10-17,16,quantile,0.3,18
2026-10-10,wk inc flu hosp,1,2026-10-17,16,quantile,0.35,19
2026-10-10,wk inc flu hosp,1,2026-10-17,16,quantile,0.4,21
2026-10-10,wk inc flu hosp,1,2026-10-17,16,quantile,0.45,22
2026-10-10,wk inc flu hosp,1,2026-10-17,16,quantile,0.5,24
2026-10-10,wk inc flu hosp,1,2026-10-17,16,quantile,0.55,26
2026-10-10,wk inc flu hosp,1,2026-10-17,16,quantile,0.6,28
2026-10-10,wk inc flu hosp,1,2026-10-17,16,quantile,0.65,31
2026-10-10,wk inc flu hosp,1,2026-10-17,16,quantile,0.7,34
2026-10-10,wk inc flu hosp,1,2026-10-17,16,quantile,0.75,37
2026-10-10,wk inc flu hosp,1,2026-10-17,16,quantile,0.8,41
2026-10-10,wk inc flu hosp,1,2026-10-17,16,quantile,0.85,46
2026-10-10,wk inc flu hosp,1,2026-10-17,16,quantile,0.9,56
2026-10-10,wk inc flu hosp,1,2026-10-17,16,quantile,0.95,73
2026-10-10,wk inc flu hosp,1,2026-10-17,16,quantile,0.975,99
2026-10-10,wk inc flu hosp,1,2026-10-17,16,quantile,0.99,142
2026-10-10,wk inc flu hosp,2,2026-10-24,16,quantile,0.01,3
2026-10-10,wk inc flu hosp,2,2026-10-24,16,quantile,0.025,5
2026-10-10,wk inc flu hosp,2,2026-10-24,16,quantile,0.05,7
2026-10-10,wk inc flu hosp,2,2026-10-24,16,quantile,0.1,10
2026-10-10,wk inc flu hosp,2,2026-10-24,16,quantile,0.15,13
2026-10-10,wk inc flu hosp,2,2026-10-24,16,quantile,0.2,15
2026-10-10,wk inc flu hosp,2,2026-10-24,16,quantile,0.25,17
2026-10-10,wk inc flu hosp,2,2026-10-24,16,quantile,0.3,19
2026-10-10,wk inc flu hosp,2,2026-10-24,16,quantile,0.35,21
2026-10-10,wk inc flu hosp,2,2026-10-24,16,quantile,0.4,23
2026-10-10,wk inc flu hosp,2,2026-10-24,16,quantile,0.45,26
2026-10-10,wk inc flu hosp,2,2026-10-24,16,quantile,0.5,29
2026-10-10,wk inc flu hosp,2,2026-10-24,16,quantile,0.55,32
2026-10-10,wk inc flu hosp,2,2026-10-24,16,quantile,0.6,35
2026-10-10,wk inc flu hosp,2,2026-10-24,16,quantile,0.65,38
2026-10-10,wk inc flu hosp,2,2026-10-24,16,quantile,0.7,43
2026-10-10,wk inc flu hosp,2,2026-10-24,16,quantile,0.75,48
2026-10-10,wk inc flu hosp,2,2026-10-24,16,quantile,0.8,55
2026-10-10,wk inc flu hosp,2,2026-10-24,16,quantile,0.85,65
2026-10-10,wk inc flu hosp,2,2026-10-24,16,quantile,0.9,82
2026-10-10,wk inc flu hosp,2,2026-10-24,16,quantile,0.95,112
2026-10-10,wk inc flu hosp,2,2026-10-24,16,quantile,0.975,158
2026-10-10,wk inc flu hosp,2,2026-10-24,16,quantile,0.99,236
2026-10-10,wk inc flu hosp,3,2026-10-31,16,quantile,0.01,2
2026-10-10,wk inc flu hosp,3,2026-10-31,16,quantile,0.025,4
2026-10-10,wk inc flu hosp,3,2026-10-31,16,quantile,0.05,7
2026-10-10,wk inc flu hosp,3,2026-10-31,16,quantile,0.1,11
2026-10-10,wk inc flu hosp,3,2026-10-31,16,quantile,0.15,14
2026-10-10,wk inc flu hosp,3,2026-10-31,16,quantile,0.2,16
2026-10-10,wk inc flu hosp,3,2026-10-31,16,quantile,0.25,18
2026-10-10,wk inc flu hosp,3,2026-10-31,16,quantile,0.3,21
2026-10-10,wk inc flu hosp,3,2026-10-31,16,quantile,0.35,24
2026-10-10,wk inc flu hosp,3,2026-10-31,16,quantile,0.4,27
2026-10-10,wk inc flu hosp,3,2026-10-31,16,quantile,0.45,30
2026-10-10,wk inc flu hosp,3,2026-10-31,16,quantile,0.5,34
2026-10-10,wk inc flu hosp,3,2026-10-31,16,quantile,0.55,37
2026-10-10,wk inc flu hosp,3,2026-10-31,16,quantile,0.6,42
2026-10-10,wk inc flu hosp,3,2026-10-31,16,quantile,0.65,47
2026-10-10,wk inc flu hosp,3,2026-10-31,16,quantile,0.7,54
2026-10-10,wk inc flu hosp,3,2026-10-31,16,quantile,0.75,62
2026-10-10,wk inc flu hosp,3,2026-10-31,16,quantile,0.8,72
2026-10-10,wk inc flu hosp,3,2026-10-31,16,quantile,0.85,86
2026-10-10,wk inc flu hosp,3,2026-10-31,16,quantile,0.9,110
2026-10-10,wk inc flu hosp,3,2026-10-31,16,quantile,0.95,159
2026-10-10,wk inc flu hosp,3,2026-10-31,16,quantile,0.975,226
2026-10-10,wk inc flu hosp,3,2026-10-31,16,quantile,0.99,360
2026-10-10,wk inc flu hosp,0,2026-10-10,17,quantile,0.01,13
2026-10-10,wk inc flu hosp,0,2026-10-10,17,quantile,0.025,17
2026-10-10,wk inc flu hosp,0,2026-10-10,17,quantile,0.05,24
2026-10-10,wk inc flu hosp,0,2026-10-10,17,quantile,0.1,36
2026-10-10,wk inc flu hosp,0,2026-10-10,17,quantile,0.15,44
2026-10-10,wk inc flu hosp,0,2026-10-10,17,quantile,0.2,52
2026-10-10,wk inc flu hosp,0,2026-10-10,17,quantile,0.25,58
2026-10-10,wk inc flu hosp,0,2026-10-10,17,quantile,0.3,62
2026-10-10,wk inc flu hosp,0,2026-10-10,17,quantile,0.35,67
2026-10-10,wk inc flu hosp,0,2026-10-10,17,quantile,0.4,72
2026-10-10,wk inc flu hosp,0,2026-10-10,17,quantile,0.45,77
2026-10-10,wk inc flu hosp,0,2026-10-10,17,quantile,0.5,82
2026-10-10,wk inc flu hosp,0,2026-10-10,17,quantile,0.55,87
2026-10-10,wk inc flu hosp,0,2026-10-10,17,quantile,0.6,94
2026-10-10,wk inc flu hosp,0,2026-10-10,17,quantile,0.65,101
2026-10-10,wk inc flu hosp,0,2026-10-10,17,quantile,0.7,109
2026-10-10,wk inc flu hosp,0,2026-10-10,17,quantile,0.75,119
2026-10-10,wk inc flu hosp,0,2026-10-10,17,quantile,0.8,131
2026-10-10,wk inc flu hosp,0,2026-10-10,17,quantile,0.85,146
2026-10-10,wk inc flu hosp,0,2026-10-10,17,quantile,0.9,174
2026-10-10,wk inc flu hosp,0,2026-10-10,17,quantile,0.95,220
2026-10-10,wk inc flu hosp,0,2026-10-10,17,quantile,0.975,265
2026-10-10,wk inc flu hosp,0,2026-10-10,17,quantile,0.99,335
2026-10-10,wk inc flu hosp,1,2026-10-17,17,quantile,0.01,11
2026-10-10,wk inc flu hosp,1,2026-10-17,17,quantile,0.025,15
2026-10-10,wk inc flu hosp,1,2026-10-17,17,quantile,0.05,23
2026-10-10,wk inc flu hosp,1,2026-10-17,17,quantile,0.1,34
2026-10-10,wk inc flu hosp,1,2026-10-17,17,quantile,0.15,44
2026-10-10,wk inc flu hosp,1,2026-10-17,17,quantile,0.2,53
2026-10-10,wk inc flu hosp,1,2026-10-17,17,quantile,0.25,59
2026-10-10,wk inc flu hosp,1,2026-10-17,17,quantile,0.3,66
2026-10-10,wk inc flu hosp,1,2026-10-17,17,quantile,0.35,72
2026-10-10,wk inc flu hosp,1,2026-10-17,17,quantile,0.4,78
2026-10-10,wk inc flu hosp,1,2026-10-17,17,quantile,0.45,86
2026-10-10,wk inc flu hosp,1,2026-10-17,17,quantile,0.5,95
2026-10-10,wk inc flu hosp,1,2026-10-17,17,quantile,0.55,104
2026-10-10,wk inc flu hosp,1,2026-10-17,17,quantile,0.6,116
2026-10-10,wk inc flu hosp,1,2026-10-17,17,quantile,0.65,127
2026-10-10,wk inc flu hosp,1,2026-10-17,17,quantile,0.7,139
2026-10-10,wk inc flu hosp,1,2026-10-17,17,quantile,0.75,154
2026-10-10,wk inc flu hosp,1,2026-10-17,17,quantile,0.8,174
2026-10-10,wk inc flu hosp,1,2026-10-17,17,quantile,0.85,199
2026-10-10,wk inc flu hosp,1,2026-10-17,17,quantile,0.9,244
2026-10-10,wk inc flu hosp,1,2026-10-17,17,quantile,0.95,317
2026-10-10,wk inc flu hosp,1,2026-10-17,17,quantile,0.975,409
2026-10-10,wk inc flu hosp,1,2026-10-17,17,quantile,0.99,576
2026-10-10,wk inc flu hosp,2,2026-10-24,17,quantile,0.01,9
2026-10-10,wk inc flu hosp,2,2026-10-24,17,quantile,0.025,13
2026-10-10,wk inc flu hosp,2,2026-10-24,17,quantile,0.05,22
2026-10-10,wk inc flu hosp,2,2026-10-24,17,quantile,0.1,35
2026-10-10,wk inc flu hosp,2,2026-10-24,17,quantile,0.15,47
2026-10-10,wk inc flu hosp,2,2026-10-24,17,quantile,0.2,56
2026-10-10,wk inc flu hosp,2,2026-10-24,17,quantile,0.25,64
2026-10-10,wk inc flu hosp,2,2026-10-24,17,quantile,0.3,71
2026-10-10,wk inc flu hosp,2,2026-10-24,17,quantile,0.35,80
2026-10-10,wk inc flu hosp,2,2026-10-24,17,quantile,0.4,88
2026-10-10,wk inc flu hosp,2,2026-10-24,17,quantile,0.45,101
2026-10-10,wk inc flu hosp,2,2026-10-24,17,quantile,0.5,114
2026-10-10,wk inc flu hosp,2,2026-10-24,17,quantile,0.55,126
2026-10-10,wk inc flu hosp,2,2026-10-24,17,quantile,0.6,139
2026-10-10,wk inc flu hosp,2,2026-10-24,17,quantile,0.65,152
2026-10-10,wk inc flu hosp,2,2026-10-24,17,quantile,0.7,173
2026-10-10,wk inc flu hosp,2,2026-10-24,17,quantile,0.75,200
2026-10-10,wk inc flu hosp,2,2026-10-24,17,quantile,0.8,232
2026-10-10,wk inc flu hosp,2,2026-10-24,17,quantile,0.85,282
2026-10-10,wk inc flu hosp,2,2026-10-24,17,quantile,0.9,366
2026-10-10,wk inc flu hosp,2,2026-10-24,17,quantile,0.95,482
2026-10-10,wk inc flu hosp,2,2026-10-24,17,quantile,0.975,632
2026-10-10,wk inc flu hosp,2,2026-10-24,17,quantile,0.99,916
2026-10-10,wk inc flu hosp,3,2026-10-31,17,quantile,0.01,9
2026-10-10,wk inc flu hosp,3,2026-10-31,17,quantile,0.025,12
2026-10-10,wk inc flu hosp,3,2026-10-31,17,quantile,0.05,22
2026-10-10,wk inc flu hosp,3,2026-10-31,17,quantile,0.1,36
2026-10-10,wk inc flu hosp,3,2026-10-31,17,quantile,0.15,48
2026-10-10,wk inc flu hosp,3,2026-10-31,17,quantile,0.2,59
2026-10-10,wk inc flu hosp,3,2026-10-31,17,quantile,0.25,68
2026-10-10,wk inc flu hosp,3,2026-10-31,17,quantile,0.3,78
2026-10-10,wk inc flu hosp,3,2026-10-31,17,quantile,0.35,88
2026-10-10,wk inc flu hosp,3,2026-10-31,17,quantile,0.4,102
2026-10-10,wk inc flu hosp,3,2026-10-31,17,quantile,0.45,117
2026-10-10,wk inc flu hosp,3,2026-10-31,17,quantile,0.5,131
2026-10-10,wk inc flu hosp,3,2026-10-31,17,quantile,0.55,149
2026-10-10,wk inc flu hosp,3,2026-10-31,17,quantile,0.6,168
2026-10-10,wk inc flu hosp,3,2026-10-31,17,quantile,0.65,194
2026-10-10,wk inc flu hosp,3,2026-10-31,17,quantile,0.7,220
2026-10-10,wk inc flu hosp,3,2026-10-31,17,quantile,0.75,262
2026-10-10,wk inc flu hosp,3,2026-10-31,17,quantile,0.8,307
2026-10-10,wk inc flu hosp,3,2026-10-31,17,quantile,0.85,384
2026-10-10,wk inc flu hosp,3,2026-10-31,17,quantile,0.9,514
2026-10-10,wk inc flu hosp,3,2026-10-31,17,quantile,0.95,726
2026-10-10,wk inc flu hosp,3,2026-10-31,17,quantile,0.975,962
2026-10-10,wk inc flu hosp,3,2026-10-31,17,quantile,0.99,1478
2026-10-10,wk inc flu hosp,0,2026-10-10,18,quantile,0.01,16
2026-10-10,wk inc flu hosp,0,2026-10-10,18,quantile,0.025,23
2026-10-10,wk inc flu hosp,0,2026-10-10,18,quantile,0.05,30
2026-10-10,wk inc flu hosp,0,2026-10-10,18,quantile,0.1,38
2026-10-10,wk inc flu hosp,0,2026-10-10,18,quantile,0.15,45
2026-10-10,wk inc flu hosp,0,2026-10-10,18,quantile,0.2,50
2026-10-10,wk inc flu hosp,0,2026-10-10,18,quantile,0.25,55
2026-10-10,wk inc flu hosp,0,2026-10-10,18,quantile,0.3,58
2026-10-10,wk inc flu hosp,0,2026-10-10,18,quantile,0.35,62
2026-10-10,wk inc flu hosp,0,2026-10-10,18,quantile,0.4,66
2026-10-10,wk inc flu hosp,0,2026-10-10,18,quantile,0.45,70
2026-10-10,wk inc flu hosp,0,2026-10-10,18,quantile,0.5,74
2026-10-10,wk inc flu hosp,0,2026-10-10,18,quantile,0.55,78
2026-10-10,wk inc flu hosp,0,2026-10-10,18,quantile,0.6,84
2026-10-10,wk inc flu hosp,0,2026-10-10,18,quantile,0.65,89
2026-10-10,wk inc flu hosp,0,2026-10-10,18,quantile,0.7,95
2026-10-10,wk inc flu hosp,0,2026-10-10,18,quantile,0.75,103
2026-10-10,wk inc flu hosp,0,2026-10-10,18,quantile,0.8,110
2026-10-10,wk inc flu hosp,0,2026-10-10,18,quantile,0.85,120
2026-10-10,wk inc flu hosp,0,2026-10-10,18,quantile,0.9,138
2026-10-10,wk inc flu hosp,0,2026-10-10,18,quantile,0.95,167
2026-10-10,wk inc flu hosp,0,2026-10-10,18,quantile,0.975,199
2026-10-10,wk inc flu hosp,0,2026-10-10,18,quantile,0.99,240
2026-10-10,wk inc flu hosp,1,2026-10-17,18,quantile,0.01,14
2026-10-10,wk inc flu hosp,1,2026-10-17,18,quantile,0.025,21
2026-10-10,wk inc flu hosp,1,2026-10-17,18,quantile,0.05,28
2026-10-10,wk inc flu hosp,1,2026-10-17,18,quantile,0.1,38
2026-10-10,wk inc flu hosp,1,2026-10-17,18,quantile,0.15,47
2026-10-10,wk inc flu hosp,1,2026-10-17,18,quantile,0.2,54
2026-10-10,wk inc flu hosp,1,2026-10-17,18,quantile,0.25,60
2026-10-10,wk inc flu hosp,1,2026-10-17,18,quantile,0.3,66
2026-10-10,wk inc flu hosp,1,2026-10-17,18,quantile,0.35,72
2026-10-10,wk inc flu hosp,1,2026-10-17,18,quantile,0.4,78
2026-10-10,wk inc flu hosp,1,2026-10-17,18,quantile,0.45,84
2026-10-10,wk inc flu hosp,1,2026-10-17,18,quantile,0.5,92
2026-10-10,wk inc flu hosp,1,2026-10-17,18,quantile,0.55,100
2026-10-10,wk inc flu hosp,1,2026-10-17,18,quantile,0.6,111
2026-10-10,wk inc flu hosp,1,2026-10-17,18,quantile,0.65,120
2026-10-10,wk inc flu hosp,1,2026-10-17,18,quantile,0.7,131
2026-10-10,wk inc flu hosp,1,2026-10-17,18,quantile,0.75,144
2026-10-10,wk inc flu hosp,1,2026-10-17,18,quantile,0.8,162
2026-10-10,wk inc flu hosp,1,2026-10-17,18,quantile,0.85,180
2026-10-10,wk inc flu hosp,1,2026-10-17,18,quantile,0.9,213
2026-10-10,wk inc flu hosp,1,2026-10-17,18,quantile,0.95,266
2026-10-10,wk inc flu hosp,1,2026-10-17,18,quantile,0.975,336
2026-10-10,wk inc flu hosp,1,2026-10-17,18,quantile,0.99,448
2026-10-10,wk inc flu hosp,2,2026-10-24,18,quantile,0.01,14
2026-10-10,wk inc flu hosp,2,2026-10-24,18,quantile,0.025,19
2026-10-10,wk inc flu hosp,2,2026-10-24,18,quantile,0.05,28
2026-10-10,wk inc flu hosp,2,2026-10-24,18,quantile,0.1,40
2026-10-10,wk inc flu hosp,2,2026-10-24,18,quantile,0.15,51
2026-10-10,wk inc flu hosp,2,2026-10-24,18,quantile,0.2,59
2026-10-10,wk inc flu hosp,2,2026-10-24,18,quantile,0.25,67
2026-10-10,wk inc flu hosp,2,2026-10-24,18,quantile,0.3,76
2026-10-10,wk inc flu hosp,2,2026-10-24,18,quantile,0.35,84
2026-10-10,wk inc flu hosp,2,2026-10-24,18,quantile,0.4,92
2026-10-10,wk inc flu hosp,2,2026-10-24,18,quantile,0.45,105
2026-10-10,wk inc flu hosp,2,2026-10-24,18,quantile,0.5,118
2026-10-10,wk inc flu hosp,2,2026-10-24,18,quantile,0.55,130
2026-10-10,wk inc flu hosp,2,2026-10-24,18,quantile,0.6,144
2026-10-10,wk inc flu hosp,2,2026-10-24,18,quantile,0.65,159
2026-10-10,wk inc flu hosp,2,2026-10-24,18,quantile,0.7,178
2026-10-10,wk inc flu hosp,2,2026-10-24,18,quantile,0.75,201
2026-10-10,wk inc flu hosp,2,2026-10-24,18,quantile,0.8,228
2026-10-10,wk inc flu hosp,2,2026-10-24,18,quantile,0.85,263
2026-10-10,wk inc flu hosp,2,2026-10-24,18,quantile,0.9,325
2026-10-10,wk inc flu hosp,2,2026-10-24,18,quantile,0.95,430
2026-10-10,wk inc flu hosp,2,2026-10-24,18,quantile,0.975,547
2026-10-10,wk inc flu hosp,2,2026-10-24,18,quantile,0.99,752
2026-10-10,wk inc flu hosp,3,2026-10-31,18,quantile,0.01,10
2026-10-10,wk inc flu hosp,3,2026-10-31,18,quantile,0.025,18
2026-10-10,wk inc flu hosp,3,2026-10-31,18,quantile,0.05,28
2026-10-10,wk inc flu hosp,3,2026-10-31,18,quantile,0.1,42
2026-10-10,wk inc flu hosp,3,2026-10-31,18,quantile,0.15,54
2026-10-10,wk inc flu hosp,3,2026-10-31,18,quantile,0.2,65
2026-10-10,wk inc flu hosp,3,2026-10-31,18,quantile,0.25,76
2026-10-10,wk inc flu hosp,3,2026-10-31,18,quantile,0.3,88
2026-10-10,wk inc flu hosp,3,2026-10-31,18,quantile,0.35,100
2026-10-10,wk inc flu hosp,3,2026-10-31,18,quantile,0.4,114
2026-10-10,wk inc flu hosp,3,2026-10-31,18,quantile,0.45,128
2026-10-10,wk inc flu hosp,3,2026-10-31,18,quantile,0.5,144
2026-10-10,wk inc flu hosp,3,2026-10-31,18,quantile,0.55,162
2026-10-10,wk inc flu hosp,3,2026-10-31,18,quantile,0.6,183
2026-10-10,wk inc flu hosp,3,2026-10-31,18,quantile,0.65,208
2026-10-10,wk inc flu hosp,3,2026-10-31,18,quantile,0.7,235
2026-10-10,wk inc flu hosp,3,2026-10-31,18,quantile,0.75,270
2026-10-10,wk inc flu hosp,3,2026-10-31,18,quantile,0.8,308
2026-10-10,wk inc flu hosp,3,2026-10-31,18,quantile,0.85,360
2026-10-10,wk inc flu hosp,3,2026-10-31,18,quantile,0.9,456
2026-10-10,wk inc flu hosp,3,2026-10-31,18,quantile,0.95,640
2026-10-10,wk inc flu hosp,3,2026-10-31,18,quantile,0.975,849
2026-10-10,wk inc flu hosp,3,2026-10-31,18,quantile,0.99,1216
2026-10-10,wk inc flu hosp,0,2026-10-10,19,quantile,0.01,2
2026-10-10,wk inc flu hosp,0,2026-10-10,19,quantile,0.025,4
2026-10-10,wk inc flu hosp,0,2026-10-10,19,quantile,0.05,4
2026-10-10,wk inc flu hosp,0,2026-10-10,19,quantile,0.1,6
2026-10-10,wk inc flu hosp,0,2026-10-10,19,quantile,0.15,9
2026-10-10,wk inc flu hosp,0,2026-10-10,19,quantile,0.2,10
2026-10-10,wk inc flu hosp,0,2026-10-10,19,quantile,0.25,12
2026-10-10,wk inc flu hosp,0,2026-10-10,19,quantile,0.3,13
2026-10-10,wk inc flu hosp,0,2026-10-10,19,quantile,0.35,14
2026-10-10,wk inc flu hosp,0,2026-10-10,19,quantile,0.4,16
2026-10-10,wk inc flu hosp,0,2026-10-10,19,quantile,0.45,17
2026-10-10,wk inc flu hosp,0,2026-10-10,19,quantile,0.5,18
2026-10-10,wk inc flu hosp,0,2026-10-10,19,quantile,0.55,20
2026-10-10,wk inc flu hosp,0,2026-10-10,19,quantile,0.6,21
2026-10-10,wk inc flu hosp,0,2026-10-10,19,quantile,0.65,23
2026-10-10,wk inc flu hosp,0,2026-10-10,19,quantile,0.7,26
2026-10-10,wk inc flu hosp,0,2026-10-10,19,quantile,0.75,28
2026-10-10,wk inc flu hosp,0,2026-10-10,19,quantile,0.8,32
2026-10-10,wk inc flu hosp,0,2026-10-10,19,quantile,0.85,35
2026-10-10,wk inc flu hosp,0,2026-10-10,19,quantile,0.9,42
2026-10-10,wk inc flu hosp,0,2026-10-10,19,quantile,0.95,54
2026-10-10,wk inc flu hosp,0,2026-10-10,19,quantile,0.975,68
2026-10-10,wk inc flu hosp,0,2026-10-10,19,quantile,0.99,95
2026-10-10,wk inc flu hosp,1,2026-10-17,19,quantile,0.01,2
2026-10-10,wk inc flu hosp,1,2026-10-17,19,quantile,0.025,4
2026-10-10,wk inc flu hosp,1,2026-10-17,19,quantile,0.05,5
2026-10-10,wk inc flu hosp,1,2026-10-17,19,quantile,0.1,7
2026-10-10,wk inc flu hosp,1,2026-10-17,19,quantile,0.15,9
2026-10-10,wk inc flu hosp,1,2026-10-17,19,quantile,0.2,11
2026-10-10,wk inc flu hosp,1,2026-10-17,19,quantile,0.25,13
2026-10-10,wk inc flu hosp,1,2026-10-17,19,quantile,0.3,14
2026-10-10,wk inc flu hosp,1,2026-10-17,19,quantile,0.35,16
2026-10-10,wk inc flu hosp,1,2026-10-17,19,quantile,0.4,18
2026-10-10,wk inc flu hosp,1,2026-10-17,19,quantile,0.45,20
2026-10-10,wk inc flu hosp,1,2026-10-17,19,quantile,0.5,22
2026-10-10,wk inc flu hosp,1,2026-10-17,19,quantile,0.55,24
2026-10-10,wk inc flu hosp,1,2026-10-17,19,quantile,0.6,27
2026-10-10,wk inc flu hosp,1,2026-10-17,19,quantile,0.65,30
2026-10-10,wk inc flu hosp,1,2026-10-17,19,quantile,0.7,34
2026-10-10,wk inc flu hosp,1,2026-10-17,19,quantile,0.75,38
2026-10-10,wk inc flu hosp,1,2026-10-17,19,quantile,0.8,44
2026-10-10,wk inc flu hosp,1,2026-10-17,19,quantile,0.85,52
2026-10-10,wk inc flu hosp,1,2026-10-17,19,quantile,0.9,64
2026-10-10,wk inc flu hosp,1,2026-10-17,19,quantile,0.95,85
2026-10-10,wk inc flu hosp,1,2026-10-17,19,quantile,0.975,115
2026-10-10,wk inc flu hosp,1,2026-10-17,19,quantile,0.99,174
2026-10-10,wk inc flu hosp,2,2026-10-24,19,quantile,0.01,2
2026-10-10,wk inc flu hosp,2,2026-10-24,19,quantile,0.025,3
2026-10-10,wk inc flu hosp,2,2026-10-24,19,quantile,0.05,5
2026-10-10,wk inc flu hosp,2,2026-10-24,19,quantile,0.1,8
2026-10-10,wk inc flu hosp,2,2026-10-24,19,quantile,0.15,10
2026-10-10,wk inc flu hosp,2,2026-10-24,19,quantile,0.2,12
2026-10-10,wk inc flu hosp,2,2026-10-24,19,quantile,0.25,14
2026-10-10,wk inc flu hosp,2,2026-10-24,19,quantile,0.3,16
2026-10-10,wk inc flu hosp,2,2026-10-24,19,quantile,0.35,18
2026-10-10,wk inc flu hosp,2,2026-10-24,19,quantile,0.4,21
2026-10-10,wk inc flu hosp,2,2026-10-24,19,quantile,0.45,24
2026-10-10,wk inc flu hosp,2,2026-10-24,19,quantile,0.5,28
2026-10-10,wk inc flu hosp,2,2026-10-24,19,quantile,0.55,31
2026-10-10,wk inc flu hosp,2,2026-10-24,19,quantile,0.6,35
2026-10-10,wk inc flu hosp,2,2026-10-24,19,quantile,0.65,38
2026-10-10,wk inc flu hosp,2,2026-10-24,19,quantile,0.7,45
2026-10-10,wk inc flu hosp,2,2026-10-24,19,quantile,0.75,53
2026-10-10,wk inc flu hosp,2,2026-10-24,19,quantile,0.8,62
2026-10-10,wk inc flu hosp,2,2026-10-24,19,quantile,0.85,75
2026-10-10,wk inc flu hosp,2,2026-10-24,19,quantile,0.9,98
2026-10-10,wk inc flu hosp,2,2026-10-24,19,quantile,0.95,131
2026-10-10,wk inc flu hosp,2,2026-10-24,19,quantile,0.975,180
2026-10-10,wk inc flu hosp,2,2026-10-24,19,quantile,0.99,278
2026-10-10,wk inc flu hosp,3,2026-10-31,19,quantile,0.01,2
2026-10-10,wk inc flu hosp,3,2026-10-31,19,quantile,0.025,3
2026-10-10,wk inc flu hosp,3,2026-10-31,19,quantile,0.05,4
2026-10-10,wk inc flu hosp,3,2026-10-31,19,quantile,0.1,8
2026-10-10,wk inc flu hosp,3,2026-10-31,19,quantile,0.15,11
2026-10-10,wk inc flu hosp,3,2026-10-31,19,quantile,0.2,14
2026-10-10,wk inc flu hosp,3,2026-10-31,19,quantile,0.25,16
2026-10-10,wk inc flu hosp,3,2026-10-31,19,quantile,0.3,19
2026-10-10,wk inc flu hosp,3,2026-10-31,19,quantile,0.35,22
2026-10-10,wk inc flu hosp,3,2026-10-31,19,quantile,0.4,26
2026-10-10,wk inc flu hosp,3,2026-10-31,19,quantile,0.45,29
2026-10-10,wk inc flu hosp,3,2026-10-31,19,quantile,0.5,33
2026-10-10,wk inc flu hosp,3,2026-10-31,19,quantile,0.55,38
2026-10-10,wk inc flu hosp,3,2026-10-31,19,quantile,0.6,44
2026-10-10,wk inc flu hosp,3,2026-10-31,19,quantile,0.65,50
2026-10-10,wk inc flu hosp,3,2026-10-31,19,quantile,0.7,58
2026-10-10,wk inc flu hosp,3,2026-10-31,19,quantile,0.75,69
2026-10-10,wk inc flu hosp,3,2026-10-31,19,quantile,0.8,83
2026-10-10,wk inc flu hosp,3,2026-10-31,19,quantile,0.85,104
2026-10-10,wk inc flu hosp,3,2026-10-31,19,quantile,0.9,141
2026-10-10,wk inc flu hosp,3,2026-10-31,19,quantile,0.95,197
2026-10-10,wk inc flu hosp,3,2026-10-31,19,quantile,0.975,269
2026-10-10,wk inc flu hosp,3,2026-10-31,19,quantile,0.99,420
2026-10-10,wk inc flu hosp,0,2026-10-10,20,quantile,0.01,2
2026-10-10,wk inc flu hosp,0,2026-10-10,20,quantile,0.025,4
2026-10-10,wk inc flu hosp,0,2026-10-10,20,quantile,0.05,6
2026-10-10,wk inc flu hosp,0,2026-10-10,20,quantile,0.1,7
2026-10-10,wk inc flu hosp,0,2026-10-10,20,quantile,0.15,9
2026-10-10,wk inc flu hosp,0,2026-10-10,20,quantile,0.2,10
2026-10-10,wk inc flu hosp,0,2026-10-10,20,quantile,0.25,11
2026-10-10,wk inc flu hosp,0,2026-10-10,20,quantile,0.3,12
2026-10-10,wk inc flu hosp,0,2026-10-10,20,quantile,0.35,13
2026-10-10,wk inc flu hosp,0,2026-10-10,20,quantile,0.4,14
2026-10-10,wk inc flu hosp,0,2026-10-10,20,quantile,0.45,14
2026-10-10,wk inc flu hosp,0,2026-10-10,20,quantile,0.5,15
2026-10-10,wk inc flu hosp,0,2026-10-10,20,quantile,0.55,17
2026-10-10,wk inc flu hosp,0,2026-10-10,20,quantile,0.6,18
2026-10-10,wk inc flu hosp,0,2026-10-10,20,quantile,0.65,19
2026-10-10,wk inc flu hosp,0,2026-10-10,20,quantile,0.7,20
2026-10-10,wk inc flu hosp,0,2026-10-10,20,quantile,0.75,22
2026-10-10,wk inc flu hosp,0,2026-10-10,20,quantile,0.8,24
2026-10-10,wk inc flu hosp,0,2026-10-10,20,quantile,0.85,26
2026-10-10,wk inc flu hosp,0,2026-10-10,20,quantile,0.9,31
2026-10-10,wk inc flu hosp,0,2026-10-10,20,quantile,0.95,38
2026-10-10,wk inc flu hosp,0,2026-10-10,20,quantile,0.975,46
2026-10-10,wk inc flu hosp,0,2026-10-10,20,quantile,0.99,56
2026-10-10,wk inc flu hosp,1,2026-10-17,20,quantile,0.01,2
2026-10-10,wk inc flu hosp,1,2026-10-17,20,quantile,0.025,4
2026-10-10,wk inc flu hosp,1,2026-10-17,20,quantile,0.05,6
2026-10-10,wk inc flu hosp,1,2026-10-17,20,quantile,0.1,7
2026-10-10,wk inc flu hosp,1,2026-10-17,20,quantile,0.15,9
2026-10-10,wk inc flu hosp,1,2026-10-17,20,quantile,0.2,10
2026-10-10,wk inc flu hosp,1,2026-10-17,20,quantile,0.25,12
2026-10-10,wk inc flu hosp,1,2026-10-17,20,quantile,0.3,13
2026-10-10,wk inc flu hosp,1,2026-10-17,20,quantile,0.35,14
2026-10-10,wk inc flu hosp,1,2026-10-17,20,quantile,0.4,16
2026-10-10,wk inc flu hosp,1,2026-10-17,20,quantile,0.45,17
2026-10-10,wk inc flu hosp,1,2026-10-17,20,quantile,0.5,19
2026-10-10,wk inc flu hosp,1,2026-10-17,20,quantile,0.55,20
2026-10-10,wk inc flu hosp,1,2026-10-17,20,quantile,0.6,22
2026-10-10,wk inc flu hosp,1,2026-10-17,20,quantile,0.65,24
2026-10-10,wk inc flu hosp,1,2026-10-17,20,quantile,0.7,26
2026-10-10,wk inc flu hosp,1,2026-10-17,20,quantile,0.75,29
2026-10-10,wk inc flu hosp,1,2026-10-17,20,quantile,0.8,32
2026-10-10,wk inc flu hosp,1,2026-10-17,20,quantile,0.85,37
2026-10-10,wk inc flu hosp,1,2026-10-17,20,quantile,0.9,45
2026-10-10,wk inc flu hosp,1,2026-10-17,20,quantile,0.95,61
2026-10-10,wk inc flu hosp,1,2026-10-17,20,quantile,0.975,78
2026-10-10,wk inc flu hosp,1,2026-10-17,20,quantile,0.99,106
2026-10-10,wk inc flu hosp,2,2026-10-24,20,quantile,0.01,2
2026-10-10,wk inc flu hosp,2,2026-10-24,20,quantile,0.025,3
2026-10-10,wk inc flu hosp,2,2026-10-24,20,quantile,0.05,5
2026-10-10,wk inc flu hosp,2,2026-10-24,20,quantile,0.1,8
2026-10-10,wk inc flu hosp,2,2026-10-24,20,quantile,0.15,10
2026-10-10,wk inc flu hosp,2,2026-10-24,20,quantile,0.2,11
2026-10-10,wk inc flu hosp,2,2026-10-24,20,quantile,0.25,13
2026-10-10,wk inc flu hosp,2,2026-10-24,20,quantile,0.3,14
2026-10-10,wk inc flu hosp,2,2026-10-24,20,quantile,0.35,16
2026-10-10,wk inc flu hosp,2,2026-10-24,20,quantile,0.4,18
2026-10-10,wk inc flu hosp,2,2026-10-24,20,quantile,0.45,20
2026-10-10,wk inc flu hosp,2,2026-10-24,20,quantile,0.5,22
2026-10-10,wk inc flu hosp,2,2026-10-24,20,quantile,0.55,25
2026-10-10,wk inc flu hosp,2,2026-10-24,20,quantile,0.6,27
2026-10-10,wk inc flu hosp,2,2026-10-24,20,quantile,0.65,29
2026-10-10,wk inc flu hosp,2,2026-10-24,20,quantile,0.7,33
2026-10-10,wk inc flu hosp,2,2026-10-24,20,quantile,0.75,38
2026-10-10,wk inc flu hosp,2,2026-10-24,20,quantile,0.8,44
2026-10-10,wk inc flu hosp,2,2026-10-24,20,quantile,0.85,53
2026-10-10,wk inc flu hosp,2,2026-10-24,20,quantile,0.9,69
2026-10-10,wk inc flu hosp,2,2026-10-24,20,quantile,0.95,98
2026-10-10,wk inc flu hosp,2,2026-10-24,20,quantile,0.975,128
2026-10-10,wk inc flu hosp,2,2026-10-24,20,quantile,0.99,181
2026-10-10,wk inc flu hosp,3,2026-10-31,20,quantile,0.01,2
2026-10-10,wk inc flu hosp,3,2026-10-31,20,quantile,0.025,3
2026-10-10,wk inc flu hosp,3,2026-10-31,20,quantile,0.05,5
2026-10-10,wk inc flu hosp,3,2026-10-31,20,quantile,0.1,8
2026-10-10,wk inc flu hosp,3,2026-10-31,20,quantile,0.15,10
2026-10-10,wk inc flu hosp,3,2026-10-31,20,quantile,0.2,12
2026-10-10,wk inc flu hosp,3,2026-10-31,20,quantile,0.25,14
2026-10-10,wk inc flu hosp,3,2026-10-31,20,quantile,0.3,16
2026-10-10,wk inc flu hosp,3,2026-10-31,20,quantile,0.35,18
2026-10-10,wk inc flu hosp,3,2026-10-31,20,quantile,0.4,21
2026-10-10,wk inc flu hosp,3,2026-10-31,20,quantile,0.45,24
2026-10-10,wk inc flu hosp,3,2026-10-31,20,quantile,0.5,27
2026-10-10,wk inc flu hosp,3,2026-10-31,20,quantile,0.55,30
2026-10-10,wk inc flu hosp,3,2026-10-31,20,quantile,0.6,34
2026-10-10,wk inc flu hosp,3,2026-10-31,20,quantile,0.65,39
2026-10-10,wk inc flu hosp,3,2026-10-31,20,quantile,0.7,44
2026-10-10,wk inc flu hosp,3,2026-10-31,20,quantile,0.75,51
2026-10-10,wk inc flu hosp,3,2026-10-31,20,quantile,0.8,60
2026-10-10,wk inc flu hosp,3,2026-10-31,20,quantile,0.85,75
2026-10-10,wk inc flu hosp,3,2026-10-31,20,quantile,0.9,100
2026-10-10,wk inc flu hosp,3,2026-10-31,20,quantile,0.95,150
2026-10-10,wk inc flu hosp,3,2026-10-31,20,quantile,0.975,199
2026-10-10,wk inc flu hosp,3,2026-10-31,20,quantile,0.99,288
2026-10-10,wk inc flu hosp,0,2026-10-10,21,quantile,0.01,15
2026-10-10,wk inc flu hosp,0,2026-10-10,21,quantile,0.025,19
2026-10-10,wk inc flu hosp,0,2026-10-10,21,quantile,0.05,24
2026-10-10,wk inc flu hosp,0,2026-10-10,21,quantile,0.1,30
2026-10-10,wk inc flu hosp,0,2026-10-10,21,quantile,0.15,36
2026-10-10,wk inc flu hosp,0,2026-10-10,21,quantile,0.2,40
2026-10-10,wk inc flu hosp,0,2026-10-10,21,quantile,0.25,43
2026-10-10,wk inc flu hosp,0,2026-10-10,21,quantile,0.3,47
2026-10-10,wk inc flu hosp,0,2026-10-10,21,quantile,0.35,49
2026-10-10,wk inc flu hosp,0,2026-10-10,21,quantile,0.4,52
2026-10-10,wk inc flu hosp,0,2026-10-10,21,quantile,0.45,55
2026-10-10,wk inc flu hosp,0,2026-10-10,21,quantile,0.5,59
2026-10-10,wk inc flu hosp,0,2026-10-10,21,quantile,0.55,62
2026-10-10,wk inc flu hosp,0,2026-10-10,21,quantile,0.6,66
2026-10-10,wk inc flu hosp,0,2026-10-10,21,quantile,0.65,70
2026-10-10,wk inc flu hosp,0,2026-10-10,21,quantile,0.7,75
2026-10-10,wk inc flu hosp,0,2026-10-10,21,quantile,0.75,82
2026-10-10,wk inc flu hosp,0,2026-10-10,21,quantile,0.8,88
2026-10-10,wk inc flu hosp,0,2026-10-10,21,quantile,0.85,97
2026-10-10,wk inc flu hosp,0,2026-10-10,21,quantile,0.9,112
2026-10-10,wk inc flu hosp,0,2026-10-10,21,quantile,0.95,137
2026-10-10,wk inc flu hosp,0,2026-10-10,21,quantile,0.975,160
2026-10-10,wk inc flu hosp,0,2026-10-10,21,quantile,0.99,191
2026-10-10,wk inc flu hosp,1,2026-10-17,21,quantile,0.01,14
2026-10-10,wk inc flu hosp,1,2026-10-17,21,quantile,0.025,19
2026-10-10,wk inc flu hosp,1,2026-10-17,21,quantile,0.05,23
2026-10-10,wk inc flu hosp,1,2026-10-17,21,quantile,0.1,30
2026-10-10,wk inc flu hosp,1,2026-10-17,21,quantile,0.15,36
2026-10-10,wk inc flu hosp,1,2026-10-17,21,quantile,0.2,42
2026-10-10,wk inc flu hosp,1,2026-10-17,21,quantile,0.25,46
2026-10-10,wk inc flu hosp,1,2026-10-17,21,quantile,0.3,50
2026-10-10,wk inc flu hosp,1,2026-10-17,21,quantile,0.35,54
2026-10-10,wk inc flu hosp,1,2026-10-17,21,quantile,0.4,59
2026-10-10,wk inc flu hosp,1,2026-10-17,21,quantile,0.45,64
2026-10-10,wk inc flu hosp,1,2026-10-17,21,quantile,0.5,70
2026-10-10,wk inc flu hosp,1,2026-10-17,21,quantile,0.55,75
2026-10-10,wk inc flu hosp,1,2026-10-17,21,quantile,0.6,83
2026-10-10,wk inc flu hosp,1,2026-10-17,21,quantile,0.65,89
2026-10-10,wk inc flu hosp,1,2026-10-17,21,quantile,0.7,97
2026-10-10,wk inc flu hosp,1,2026-10-17,21,quantile,0.75,107
2026-10-10,wk inc flu hosp,1,2026-10-17,21,quantile,0.8,121
2026-10-10,wk inc flu hosp,1,2026-10-17,21,quantile,0.85,136
2026-10-10,wk inc flu hosp,1,2026-10-17,21,quantile,0.9,165
2026-10-10,wk inc flu hosp,1,2026-10-17,21,quantile,0.95,215
2026-10-10,wk inc flu hosp,1,2026-10-17,21,quantile,0.975,264
2026-10-10,wk inc flu hosp,1,2026-10-17,21,quantile,0.99,347
2026-10-10,wk inc flu hosp,2,2026-10-24,21,quantile,0.01,12
2026-10-10,wk inc flu hosp,2,2026-10-24,21,quantile,0.025,16
2026-10-10,wk inc flu hosp,2,2026-10-24,21,quantile,0.05,23
2026-10-10,wk inc flu hosp,2,2026-10-24,21,quantile,0.1,31
2026-10-10,wk inc flu hosp,2,2026-10-24,21,quantile,0.15,38
2026-10-10,wk inc flu hosp,2,2026-10-24,21,quantile,0.2,45
2026-10-10,wk inc flu hosp,2,2026-10-24,21,quantile,0.25,50
2026-10-10,wk inc flu hosp,2,2026-10-24,21,quantile,0.3,55
2026-10-10,wk inc flu hosp,2,2026-10-24,21,quantile,0.35,61
2026-10-10,wk inc flu hosp,2,2026-10-24,21,quantile,0.4,67
2026-10-10,wk inc flu hosp,2,2026-10-24,21,quantile,0.45,76
2026-10-10,wk inc flu hosp,2,2026-10-24,21,quantile,0.5,84
2026-10-10,wk inc flu hosp,2,2026-10-24,21,quantile,0.55,92
2026-10-10,wk inc flu hosp,2,2026-10-24,21,quantile,0.6,101
2026-10-10,wk inc flu hosp,2,2026-10-24,21,quantile,0.65,110
2026-10-10,wk inc flu hosp,2,2026-10-24,21,quantile,0.7,123
2026-10-10,wk inc flu hosp,2,2026-10-24,21,quantile,0.75,140
2026-10-10,wk inc flu hosp,2,2026-10-24,21,quantile,0.8,163
2026-10-10,wk inc flu hosp,2,2026-10-24,21,quantile,0.85,194
2026-10-10,wk inc flu hosp,2,2026-10-24,21,quantile,0.9,245
2026-10-10,wk inc flu hosp,2,2026-10-24,21,quantile,0.95,336
2026-10-10,wk inc flu hosp,2,2026-10-24,21,quantile,0.975,421
2026-10-10,wk inc flu hosp,2,2026-10-24,21,quantile,0.99,566
2026-10-10,wk inc flu hosp,3,2026-10-31,21,quantile,0.01,10
2026-10-10,wk inc flu hosp,3,2026-10-31,21,quantile,0.025,16
2026-10-10,wk inc flu hosp,3,2026-10-31,21,quantile,0.05,23
2026-10-10,wk inc flu hosp,3,2026-10-31,21,quantile,0.1,32
2026-10-10,wk inc flu hosp,3,2026-10-31,21,quantile,0.15,40
2026-10-10,wk inc flu hosp,3,2026-10-31,21,quantile,0.2,48
2026-10-10,wk inc flu hosp,3,2026-10-31,21,quantile,0.25,54
2026-10-10,wk inc flu hosp,3,2026-10-31,21,quantile,0.3,61
2026-10-10,wk inc flu hosp,3,2026-10-31,21,quantile,0.35,68
2026-10-10,wk inc flu hosp,3,2026-10-31,21,quantile,0.4,78
2026-10-10,wk inc flu hosp,3,2026-10-31,21,quantile,0.45,88
2026-10-10,wk inc flu hosp,3,2026-10-31,21,quantile,0.5,99
2026-10-10,wk inc flu hosp,3,2026-10-31,21,quantile,0.55,109
2026-10-10,wk inc flu hosp,3,2026-10-31,21,quantile,0.6,122
2026-10-10,wk inc flu hosp,3,2026-10-31,21,quantile,0.65,141
2026-10-10,wk inc flu hosp,3,2026-10-31,21,quantile,0.7,156
2026-10-10,wk inc flu hosp,3,2026-10-31,21,quantile,0.75,183
2026-10-10,wk inc flu hosp,3,2026-10-31,21,quantile,0.8,213
2026-10-10,wk inc flu hosp,3,2026-10-31,21,quantile,0.85,260
2026-10-10,wk inc flu hosp,3,2026-10-31,21,quantile,0.9,336
2026-10-10,wk inc flu hosp,3,2026-10-31,21,quantile,0.95,486
2026-10-10,wk inc flu hosp,3,2026-10-31,21,quantile,0.975,644
2026-10-10,wk inc flu hosp,3,2026-10-31,21,quantile,0.99,944
2026-10-10,wk inc flu hosp,0,2026-10-10,22,quantile,0.01,37
2026-10-10,wk inc flu hosp,0,2026-10-10,22,quantile,0.025,46
2026-10-10,wk inc flu hosp,0,2026-10-10,22,quantile,0.05,56
2026-10-10,wk inc flu hosp,0,2026-10-10,22,quantile,0.1,69
2026-10-10,wk inc flu hosp,0,2026-10-10,22,quantile,0.15,80
2026-10-10,wk inc flu hosp,0,2026-10-10,22,quantile,0.2,90
2026-10-10,wk inc flu hosp,0,2026-10-10,22,quantile,0.25,96
2026-10-10,wk inc flu hosp,0,2026-10-10,22,quantile,0.3,103
2026-10-10,wk inc flu hosp,0,2026-10-10,22,quantile,0.35,109
2026-10-10,wk inc flu hosp,0,2026-10-10,22,quantile,0.4,115
2026-10-10,wk inc flu hosp,0,2026-10-10,22,quantile,0.45,121
2026-10-10,wk inc flu hosp,0,2026-10-10,22,quantile,0.5,127
2026-10-10,wk inc flu hosp,0,2026-10-10,22,quantile,0.55,133
2026-10-10,wk inc flu hosp,0,2026-10-10,22,quantile,0.6,143
2026-10-10,wk inc flu hosp,0,2026-10-10,22,quantile,0.65,152
2026-10-10,wk inc flu hosp,0,2026-10-10,22,quantile,0.7,161
2026-10-10,wk inc flu hosp,0,2026-10-10,22,quantile,0.75,173
2026-10-10,wk inc flu hosp,0,2026-10-10,22,quantile,0.8,185
2026-10-10,wk inc flu hosp,0,2026-10-10,22,quantile,0.85,200
2026-10-10,wk inc flu hosp,0,2026-10-10,22,quantile,0.9,227
2026-10-10,wk inc flu hosp,0,2026-10-10,22,quantile,0.95,271
2026-10-10,wk inc flu hosp,0,2026-10-10,22,quantile,0.975,324
2026-10-10,wk inc flu hosp,0,2026-10-10,22,quantile,0.99,381
2026-10-10,wk inc flu hosp,1,2026-10-17,22,quantile,0.01,34
2026-10-10,wk inc flu hosp,1,2026-10-17,22,quantile,0.025,44
2026-10-10,wk inc flu hosp,1,2026-10-17,22,quantile,0.05,53
2026-10-10,wk inc flu hosp,1,2026-10-17,22,quantile,0.1,68
2026-10-10,wk inc flu hosp,1,2026-10-17,22,quantile,0.15,80
2026-10-10,wk inc flu hosp,1,2026-10-17,22,quantile,0.2,93
2026-10-10,wk inc flu hosp,1,2026-10-17,22,quantile,0.25,103
2026-10-10,wk inc flu hosp,1,2026-10-17,22,quantile,0.3,112
2026-10-10,wk inc flu hosp,1,2026-10-17,22,quantile,0.35,121
2026-10-10,wk inc flu hosp,1,2026-10-17,22,quantile,0.4,131
2026-10-10,wk inc flu hosp,1,2026-10-17,22,quantile,0.45,141
2026-10-10,wk inc flu hosp,1,2026-10-17,22,quantile,0.5,154
2026-10-10,wk inc flu hosp,1,2026-10-17,22,quantile,0.55,166
2026-10-10,wk inc flu hosp,1,2026-10-17,22,quantile,0.6,182
2026-10-10,wk inc flu hosp,1,2026-10-17,22,quantile,0.65,195
2026-10-10,wk inc flu hosp,1,2026-10-17,22,quantile,0.7,211
2026-10-10,wk inc flu hosp,1,2026-10-17,22,quantile,0.75,231
2026-10-10,wk inc flu hosp,1,2026-10-17,22,quantile,0.8,258
2026-10-10,wk inc flu hosp,1,2026-10-17,22,quantile,0.85,286
2026-10-10,wk inc flu hosp,1,2026-10-17,22,quantile,0.9,338
2026-10-10,wk inc flu hosp,1,2026-10-17,22,quantile,0.95,422
2026-10-10,wk inc flu hosp,1,2026-10-17,22,quantile,0.975,540
2026-10-10,wk inc flu hosp,1,2026-10-17,22,quantile,0.99,706
2026-10-10,wk inc flu hosp,2,2026-10-24,22,quantile,0.01,29
2026-10-10,wk inc flu hosp,2,2026-10-24,22,quantile,0.025,41
2026-10-10,wk inc flu hosp,2,2026-10-24,22,quantile,0.05,53
2026-10-10,wk inc flu hosp,2,2026-10-24,22,quantile,0.1,70
2026-10-10,wk inc flu hosp,2,2026-10-24,22,quantile,0.15,87
2026-10-10,wk inc flu hosp,2,2026-10-24,22,quantile,0.2,98
2026-10-10,wk inc flu hosp,2,2026-10-24,22,quantile,0.25,110
2026-10-10,wk inc flu hosp,2,2026-10-24,22,quantile,0.3,121
2026-10-10,wk inc flu hosp,2,2026-10-24,22,quantile,0.35,135
2026-10-10,wk inc flu hosp,2,2026-10-24,22,quantile,0.4,148
2026-10-10,wk inc flu hosp,2,2026-10-24,22,quantile,0.45,167
2026-10-10,wk inc flu hosp,2,2026-10-24,22,quantile,0.5,186
2026-10-10,wk inc flu hosp,2,2026-10-24,22,quantile,0.55,204
2026-10-10,wk inc flu hosp,2,2026-10-24,22,quantile,0.6,223
2026-10-10,wk inc flu hosp,2,2026-10-24,22,quantile,0.65,239
2026-10-10,wk inc flu hosp,2,2026-10-24,22,quantile,0.7,266
2026-10-10,wk inc flu hosp,2,2026-10-24,22,quantile,0.75,297
2026-10-10,wk inc flu hosp,2,2026-10-24,22,quantile,0.8,337
2026-10-10,wk inc flu hosp,2,2026-10-24,22,quantile,0.85,390
2026-10-10,wk inc flu hosp,2,2026-10-24,22,quantile,0.9,486
2026-10-10,wk inc flu hosp,2,2026-10-24,22,quantile,0.95,651
2026-10-10,wk inc flu hosp,2,2026-10-24,22,quantile,0.975,843
2026-10-10,wk inc flu hosp,2,2026-10-24,22,quantile,0.99,1152
2026-10-10,wk inc flu hosp,3,2026-10-31,22,quantile,0.01,25
2026-10-10,wk inc flu hosp,3,2026-10-31,22,quantile,0.025,38
2026-10-10,wk inc flu hosp,3,2026-10-31,22,quantile,0.05,52
2026-10-10,wk inc flu hosp,3,2026-10-31,22,quantile,0.1,70
2026-10-10,wk inc flu hosp,3,2026-10-31,22,quantile,0.15,88
2026-10-10,wk inc flu hosp,3,2026-10-31,22,quantile,0.2,104
2026-10-10,wk inc flu hosp,3,2026-10-31,22,quantile,0.25,119
2026-10-10,wk inc flu hosp,3,2026-10-31,22,quantile,0.3,134
2026-10-10,wk inc flu hosp,3,2026-10-31,22,quantile,0.35,150
2026-10-10,wk inc flu hosp,3,2026-10-31,22,quantile,0.4,171
2026-10-10,wk inc flu hosp,3,2026-10-31,22,quantile,0.45,192
2026-10-10,wk inc flu hosp,3,2026-10-31,22,quantile,0.5,214
2026-10-10,wk inc flu hosp,3,2026-10-31,22,quantile,0.55,233
2026-10-10,wk inc flu hosp,3,2026-10-31,22,quantile,0.6,263
2026-10-10,wk inc flu hosp,3,2026-10-31,22,quantile,0.65,299
2026-10-10,wk inc flu hosp,3,2026-10-31,22,quantile,0.7,329
2026-10-10,wk inc flu hosp,3,2026-10-31,22,quantile,0.75,378
2026-10-10,wk inc flu hosp,3,2026-10-31,22,quantile,0.8,435
2026-10-10,wk inc flu hosp,3,2026-10-31,22,quantile,0.85,518
2026-10-10,wk inc flu hosp,3,2026-10-31,22,quantile,0.9,650
2026-10-10,wk inc flu hosp,3,2026-10-31,22,quantile,0.95,897
2026-10-10,wk inc flu hosp,3,2026-10-31,22,quantile,0.975,1222
2026-10-10,wk inc flu hosp,3,2026-10-31,22,quantile,0.99,1833
2026-10-10,wk inc flu hosp,0,2026-10-10,23,quantile,0.01,2
2026-10-10,wk inc flu hosp,0,2026-10-10,23,quantile,0.025,3
2026-10-10,wk inc flu hosp,0,2026-10-10,23,quantile,0.05,4
2026-10-10,wk inc flu hosp,0,2026-10-10,23,quantile,0.1,6
2026-10-10,wk inc flu hosp,0,2026-10-10,23,quantile,0.15,8
2026-10-10,wk inc flu hosp,0,2026-10-10,23,quantile,0.2,10
2026-10-10,wk inc flu hosp,0,2026-10-10,23,quantile,0.25,11
2026-10-10,wk inc flu hosp,0,2026-10-10,23,quantile,0.3,12
2026-10-10,wk inc flu hosp,0,2026-10-10,23,quantile,0.35,13
2026-10-10,wk inc flu hosp,0,2026-10-10,23,quantile,0.4,14
2026-10-10,wk inc flu hosp,0,2026-10-10,23,quantile,0.45,15
2026-10-10,wk inc flu hosp,0,2026-10-10,23,quantile,0.5,16
2026-10-10,wk inc flu hosp,0,2026-10-10,23,quantile,0.55,17
2026-10-10,wk inc flu hosp,0,2026-10-10,23,quantile,0.6,19
2026-10-10,wk inc flu hosp,0,2026-10-10,23,quantile,0.65,20
2026-10-10,wk inc flu hosp,0,2026-10-10,23,quantile,0.7,22
2026-10-10,wk inc flu hosp,0,2026-10-10,23,quantile,0.75,24
2026-10-10,wk inc flu hosp,0,2026-10-10,23,quantile,0.8,27
2026-10-10,wk inc flu hosp,0,2026-10-10,23,quantile,0.85,29
2026-10-10,wk inc flu hosp,0,2026-10-10,23,quantile,0.9,35
2026-10-10,wk inc flu hosp,0,2026-10-10,23,quantile,0.95,44
2026-10-10,wk inc flu hosp,0,2026-10-10,23,quantile,0.975,52
2026-10-10,wk inc flu hosp,0,2026-10-10,23,quantile,0.99,65
2026-10-10,wk inc flu hosp,1,2026-10-17,23,quantile,0.01,2
2026-10-10,wk inc flu hosp,1,2026-10-17,23,quantile,0.025,3
2026-10-10,wk inc flu hosp,1,2026-10-17,23,quantile,0.05,4
2026-10-10,wk inc flu hosp,1,2026-10-17,23,quantile,0.1,6
2026-10-10,wk inc flu hosp,1,2026-10-17,23,quantile,0.15,8
2026-10-10,wk inc flu hosp,1,2026-10-17,23,quantile,0.2,10
2026-10-10,wk inc flu hosp,1,2026-10-17,23,quantile,0.25,12
2026-10-10,wk inc flu hosp,1,2026-10-17,23,quantile,0.3,13
2026-10-10,wk inc flu hosp,1,2026-10-17,23,quantile,0.35,14
2026-10-10,wk inc flu hosp,1,2026-10-17,23,quantile,0.4,16
2026-10-10,wk inc flu hosp,1,2026-10-17,23,quantile,0.45,17
2026-10-10,wk inc flu hosp,1,2026-10-17,23,quantile,0.5,20
2026-10-10,wk inc flu hosp,1,2026-10-17,23,quantile,0.55,21
2026-10-10,wk inc flu hosp,1,2026-10-17,23,quantile,0.6,24
2026-10-10,wk inc flu hosp,1,2026-10-17,23,quantile,0.65,26
2026-10-10,wk inc flu hosp,1,2026-10-17,23,quantile,0.7,28
2026-10-10,wk inc flu hosp,1,2026-10-17,23,quantile,0.75,32
2026-10-10,wk inc flu hosp,1,2026-10-17,23,quantile,0.8,37
2026-10-10,wk inc flu hosp,1,2026-10-17,23,quantile,0.85,42
2026-10-10,wk inc flu hosp,1,2026-10-17,23,quantile,0.9,52
2026-10-10,wk inc flu hosp,1,2026-10-17,23,quantile,0.95,68
2026-10-10,wk inc flu hosp,1,2026-10-17,23,quantile,0.975,85
2026-10-10,wk inc flu hosp,1,2026-10-17,23,quantile,0.99,117
2026-10-10,wk inc flu hosp,2,2026-10-24,23,quantile,0.01,2
2026-10-10,wk inc flu hosp,2,2026-10-24,23,quantile,0.025,3
2026-10-10,wk inc flu hosp,2,2026-10-24,23,quantile,0.05,5
2026-10-10,wk inc flu hosp,2,2026-10-24,23,quantile,0.1,6
2026-10-10,wk inc flu hosp,2,2026-10-24,23,quantile,0.15,9
2026-10-10,wk inc flu hosp,2,2026-10-24,23,quantile,0.2,11
2026-10-10,wk inc flu hosp,2,2026-10-24,23,quantile,0.25,12
2026-10-10,wk inc flu hosp,2,2026-10-24,23,quantile,0.3,14
2026-10-10,wk inc flu hosp,2,2026-10-24,23,quantile,0.35,16
2026-10-10,wk inc flu hosp,2,2026-10-24,23,quantile,0.4,18
2026-10-10,wk inc flu hosp,2,2026-10-24,23,quantile,0.45,21
2026-10-10,wk inc flu hosp,2,2026-10-24,23,quantile,0.5,24
2026-10-10,wk inc flu hosp,2,2026-10-24,23,quantile,0.55,27
2026-10-10,wk inc flu hosp,2,2026-10-24,23,quantile,0.6,30
2026-10-10,wk inc flu hosp,2,2026-10-24,23,quantile,0.65,33
2026-10-10,wk inc flu hosp,2,2026-10-24,23,quantile,0.7,38
2026-10-10,wk inc flu hosp,2,2026-10-24,23,quantile,0.75,43
2026-10-10,wk inc flu hosp,2,2026-10-24,23,quantile,0.8,51
2026-10-10,wk inc flu hosp,2,2026-10-24,23,quantile,0.85,61
2026-10-10,wk inc flu hosp,2,2026-10-24,23,quantile,0.9,78
2026-10-10,wk inc flu hosp,2,2026-10-24,23,quantile,0.95,106
2026-10-10,wk inc flu hosp,2,2026-10-24,23,quantile,0.975,138
2026-10-10,wk inc flu hosp,2,2026-10-24,23,quantile,0.99,192
2026-10-10,wk inc flu hosp,3,2026-10-31,23,quantile,0.01,1
2026-10-10,wk inc flu hosp,3,2026-10-31,23,quantile,0.025,3
2026-10-10,wk inc flu hosp,3,2026-10-31,23,quantile,0.05,5
2026-10-10,wk inc flu hosp,3,2026-10-31,23,quantile,0.1,7
2026-10-10,wk inc flu hosp,3,2026-10-31,23,quantile,0.15,9
2026-10-10,wk inc flu hosp,3,2026-10-31,23,quantile,0.2,12
2026-10-10,wk inc flu hosp,3,2026-10-31,23,quantile,0.25,13
2026-10-10,wk inc flu hosp,3,2026-10-31,23,quantile,0.3,16
2026-10-10,wk inc flu hosp,3,2026-10-31,23,quantile,0.35,18
2026-10-10,wk inc flu hosp,3,2026-10-31,23,quantile,0.4,21
2026-10-10,wk inc flu hosp,3,2026-10-31,23,quantile,0.45,24
2026-10-10,wk inc flu hosp,3,2026-10-31,23,quantile,0.5,28
2026-10-10,wk inc flu hosp,3,2026-10-31,23,quantile,0.55,31
2026-10-10,wk inc flu hosp,3,2026-10-31,23,quantile,0.6,36
2026-10-10,wk inc flu hosp,3,2026-10-31,23,quantile,0.65,42
2026-10-10,wk inc flu hosp,3,2026-10-31,23,quantile,0.7,47
2026-10-10,wk inc flu hosp,3,2026-10-31,23,quantile,0.75,56
2026-10-10,wk inc flu hosp,3,2026-10-31,23,quantile,0.8,66
2026-10-10,wk inc flu hosp,3,2026-10-31,23,quantile,0.85,82
2026-10-10,wk inc flu hosp,3,2026-10-31,23,quantile,0.9,107
2026-10-10,wk inc flu hosp,3,2026-10-31,23,quantile,0.95,152
2026-10-10,wk inc flu hosp,3,2026-10-31,23,quantile,0.975,200
2026-10-10,wk inc flu hosp,3,2026-10-31,23,quantile,0.99,299
2026-10-10,wk inc flu hosp,0,2026-10-10,24,quantile,0.01,4
2026-10-10,wk inc flu hosp,0,2026-10-10,24,quantile,0.025,6
2026-10-10,wk inc flu hosp,0,2026-10-10,24,quantile,0.05,7
2026-10-10,wk inc flu hosp,0,2026-10-10,24,quantile,0.1,10
2026-10-10,wk inc flu hosp,0,2026-10-10,24,quantile,0.15,12
2026-10-10,wk inc flu hosp,0,2026-10-10,24,quantile,0.2,15
2026-10-10,wk inc flu hosp,0,2026-10-10,24,quantile,0.25,16
2026-10-10,wk inc flu hosp,0,2026-10-10,24,quantile,0.3,17
2026-10-10,wk inc flu hosp,0,2026-10-10,24,quantile,0.35,18
2026-10-10,wk inc flu hosp,0,2026-10-10,24,quantile,0.4,19
2026-10-10,wk inc flu hosp,0,2026-10-10,24,quantile,0.45,21
2026-10-10,wk inc flu hosp,0,2026-10-10,24,quantile,0.5,22
2026-10-10,wk inc flu hosp,0,2026-10-10,24,quantile,0.55,23
2026-10-10,wk inc flu hosp,0,2026-10-10,24,quantile,0.6,25
2026-10-10,wk inc flu hosp,0,2026-10-10,24,quantile,0.65,27
2026-10-10,wk inc flu hosp,0,2026-10-10,24,quantile,0.7,29
2026-10-10,wk inc flu hosp,0,2026-10-10,24,quantile,0.75,31
2026-10-10,wk inc flu hosp,0,2026-10-10,24,quantile,0.8,34
2026-10-10,wk inc flu hosp,0,2026-10-10,24,quantile,0.85,36
2026-10-10,wk inc flu hosp,0,2026-10-10,24,quantile,0.9,42
2026-10-10,wk inc flu hosp,0,2026-10-10,24,quantile,0.95,53
2026-10-10,wk inc flu hosp,0,2026-10-10,24,quantile,0.975,65
2026-10-10,wk inc flu hosp,0,2026-10-10,24,quantile,0.99,79
2026-10-10,wk inc flu hosp,1,2026-10-17,24,quantile,0.01,4
2026-10-10,wk inc flu hosp,1,2026-10-17,24,quantile,0.025,5
2026-10-10,wk inc flu hosp,1,2026-10-17,24,quantile,0.05,6
2026-10-10,wk inc flu hosp,1,2026-10-17,24,quantile,0.1,10
2026-10-10,wk inc flu hosp,1,2026-10-17,24,quantile,0.15,12
2026-10-10,wk inc flu hosp,1,2026-10-17,24,quantile,0.2,15
2026-10-10,wk inc flu hosp,1,2026-10-17,24,quantile,0.25,16
2026-10-10,wk inc flu hosp,1,2026-10-17,24,quantile,0.3,18
2026-10-10,wk inc flu hosp,1,2026-10-17,24,quantile,0.35,20
2026-10-10,wk inc flu hosp,1,2026-10-17,24,quantile,0.4,22
2026-10-10,wk inc flu hosp,1,2026-10-17,24,quantile,0.45,23
2026-10-10,wk inc flu hosp,1,2026-10-17,24,quantile,0.5,25
2026-10-10,wk inc flu hosp,1,2026-10-17,24,quantile,0.55,27
2026-10-10,wk inc flu hosp,1,2026-10-17,24,quantile,0.6,30
2026-10-10,wk inc flu hosp,1,2026-10-17,24,quantile,0.65,33
2026-10-10,wk inc flu hosp,1,2026-10-17,24,quantile,0.7,35
2026-10-10,wk inc flu hosp,1,2026-10-17,24,quantile,0.75,38
2026-10-10,wk inc flu hosp,1,2026-10-17,24,quantile,0.8,44
2026-10-10,wk inc flu hosp,1,2026-10-17,24,quantile,0.85,49
2026-10-10,wk inc flu hosp,1,2026-10-17,24,quantile,0.9,59
2026-10-10,wk inc flu hosp,1,2026-10-17,24,quantile,0.95,77
2026-10-10,wk inc flu hosp,1,2026-10-17,24,quantile,0.975,103
2026-10-10,wk inc flu hosp,1,2026-10-17,24,quantile,0.99,139
2026-10-10,wk inc flu hosp,2,2026-10-24,24,quantile,0.01,3
2026-10-10,wk inc flu hosp,2,2026-10-24,24,quantile,0.025,4
2026-10-10,wk inc flu hosp,2,2026-10-24,24,quantile,0.05,7
2026-10-10,wk inc flu hosp,2,2026-10-24,24,quantile,0.1,10
2026-10-10,wk inc flu hosp,2,2026-10-24,24,quantile,0.15,13
2026-10-10,wk inc flu hosp,2,2026-10-24,24,quantile,0.2,15
2026-10-10,wk inc flu hosp,2,2026-10-24,24,quantile,0.25,18
2026-10-10,wk inc flu hosp,2,2026-10-24,24,quantile,0.3,19
2026-10-10,wk inc flu hosp,2,2026-10-24,24,quantile,0.35,22
2026-10-10,wk inc flu hosp,2,2026-10-24,24,quantile,0.4,24
2026-10-10,wk inc flu hosp,2,2026-10-24,24,quantile,0.45,27
2026-10-10,wk inc flu hosp,2,2026-10-24,24,quantile,0.5,30
2026-10-10,wk inc flu hosp,2,2026-10-24,24,quantile,0.55,32
2026-10-10,wk inc flu hosp,2,2026-10-24,24,quantile,0.6,36
2026-10-10,wk inc flu hosp,2,2026-10-24,24,quantile,0.65,38
2026-10-10,wk inc flu hosp,2,2026-10-24,24,quantile,0.7,44
2026-10-10,wk inc flu hosp,2,2026-10-24,24,quantile,0.75,49
2026-10-10,wk inc flu hosp,2,2026-10-24,24,quantile,0.8,56
2026-10-10,wk inc flu hosp,2,2026-10-24,24,quantile,0.85,68
2026-10-10,wk inc flu hosp,2,2026-10-24,24,quantile,0.9,87
2026-10-10,wk inc flu hosp,2,2026-10-24,24,quantile,0.95,122
2026-10-10,wk inc flu hosp,2,2026-10-24,24,quantile,0.975,160
2026-10-10,wk inc flu hosp,2,2026-10-24,24,quantile,0.99,224
2026-10-10,wk inc flu hosp,3,2026-10-31,24,quantile,0.01,3
2026-10-10,wk inc flu hosp,3,2026-10-31,24,quantile,0.025,4
2026-10-10,wk inc flu hosp,3,2026-10-31,24,quantile,0.05,7
2026-10-10,wk inc flu hosp,3,2026-10-31,24,quantile,0.1,10
2026-10-10,wk inc flu hosp,3,2026-10-31,24,quantile,0.15,13
2026-10-10,wk inc flu hosp,3,2026-10-31,24,quantile,0.2,17
2026-10-10,wk inc flu hosp,3,2026-10-31,24,quantile,0.25,19
2026-10-10,wk inc flu hosp,3,2026-10-31,24,quantile,0.3,21
2026-10-10,wk inc flu hosp,3,2026-10-31,24,quantile,0.35,24
2026-10-10,wk inc flu hosp,3,2026-10-31,24,quantile,0.4,27
2026-10-10,wk inc flu hosp,3,2026-10-31,24,quantile,0.45,31
2026-10-10,wk inc flu hosp,3,2026-10-31,24,quantile,0.5,35
2026-10-10,wk inc flu hosp,3,2026-10-31,24,quantile,0.55,38
2026-10-10,wk inc flu hosp,3,2026-10-31,24,quantile,0.6,43
2026-10-10,wk inc flu hosp,3,2026-10-31,24,quantile,0.65,50
2026-10-10,wk inc flu hosp,3,2026-10-31,24,quantile,0.7,56
2026-10-10,wk inc flu hosp,3,2026-10-31,24,quantile,0.75,66
2026-10-10,wk inc flu hosp,3,2026-10-31,24,quantile,0.8,77
2026-10-10,wk inc flu hosp,3,2026-10-31,24,quantile,0.85,93
2026-10-10,wk inc flu hosp,3,2026-10-31,24,quantile,0.9,121
2026-10-10,wk inc flu hosp,3,2026-10-31,24,quantile,0.95,182
2026-10-10,wk inc flu hosp,3,2026-10-31,24,quantile,0.975,246
2026-10-10,wk inc flu hosp,3,2026-10-31,24,quantile,0.99,379
2026-10-10,wk inc flu hosp,0,2026-10-10,25,quantile,0.01,3
2026-10-10,wk inc flu hosp,0,2026-10-10,25,quantile,0.025,5
2026-10-10,wk inc flu hosp,0,2026-10-10,25,quantile,0.05,6
2026-10-10,wk inc flu hosp,0,2026-10-10,25,quantile,0.1,9
2026-10-10,wk inc flu hosp,0,2026-10-10,25,quantile,0.15,11
2026-10-10,wk inc flu hosp,0,2026-10-10,25,quantile,0.2,12
2026-10-10,wk inc flu hosp,0,2026-10-10,25,quantile,0.25,14
2026-10-10,wk inc flu hosp,0,2026-10-10,25,quantile,0.3,15
2026-10-10,wk inc flu hosp,0,2026-10-10,25,quantile,0.35,16
2026-10-10,wk inc flu hosp,0,2026-10-10,25,quantile,0.4,18
2026-10-10,wk inc flu hosp,0,2026-10-10,25,quantile,0.45,18
2026-10-10,wk inc flu hosp,0,2026-10-10,25,quantile,0.5,20
2026-10-10,wk inc flu hosp,0,2026-10-10,25,quantile,0.55,21
2026-10-10,wk inc flu hosp,0,2026-10-10,25,quantile,0.6,23
2026-10-10,wk inc flu hosp,0,2026-10-10,25,quantile,0.65,25
2026-10-10,wk inc flu hosp,0,2026-10-10,25,quantile,0.7,27
2026-10-10,wk inc flu hosp,0,2026-10-10,25,quantile,0.75,29
2026-10-10,wk inc flu hosp,0,2026-10-10,25,quantile,0.8,32
2026-10-10,wk inc flu hosp,0,2026-10-10,25,quantile,0.85,36
2026-10-10,wk inc flu hosp,0,2026-10-10,25,quantile,0.9,42
2026-10-10,wk inc flu hosp,0,2026-10-10,25,quantile,0.95,54
2026-10-10,wk inc flu hosp,0,2026-10-10,25,quantile,0.975,66
2026-10-10,wk inc flu hosp,0,2026-10-10,25,quantile,0.99,83
2026-10-10,wk inc flu hosp,1,2026-10-17,25,quantile,0.01,3
2026-10-10,wk inc flu hosp,1,2026-10-17,25,quantile,0.025,4
2026-10-10,wk inc flu hosp,1,2026-10-17,25,quantile,0.05,6
2026-10-10,wk inc flu hosp,1,2026-10-17,25,quantile,0.1,8
2026-10-10,wk inc flu hosp,1,2026-10-17,25,quantile,0.15,11
2026-10-10,wk inc flu hosp,1,2026-10-17,25,quantile,0.2,13
2026-10-10,wk inc flu hosp,1,2026-10-17,25,quantile,0.25,15
2026-10-10,wk inc flu hosp,1,2026-10-17,25,quantile,0.3,16
2026-10-10,wk inc flu hosp,1,2026-10-17,25,quantile,0.35,18
2026-10-10,wk inc flu hosp,1,2026-10-17,25,quantile,0.4,20
2026-10-10,wk inc flu hosp,1,2026-10-17,25,quantile,0.45,22
2026-10-10,wk inc flu hosp,1,2026-10-17,25,quantile,0.5,24
2026-10-10,wk inc flu hosp,1,2026-10-17,25,quantile,0.55,26
2026-10-10,wk inc flu hosp,1,2026-10-17,25,quantile,0.6,29
2026-10-10,wk inc flu hosp,1,2026-10-17,25,quantile,0.65,32
2026-10-10,wk inc flu hosp,1,2026-10-17,25,quantile,0.7,35
2026-10-10,wk inc flu hosp,1,2026-10-17,25,quantile,0.75,38
2026-10-10,wk inc flu hosp,1,2026-10-17,25,quantile,0.8,44
2026-10-10,wk inc flu hosp,1,2026-10-17,25,quantile,0.85,50
2026-10-10,wk inc flu hosp,1,2026-10-17,25,quantile,0.9,61
2026-10-10,wk inc flu hosp,1,2026-10-17,25,quantile,0.95,82
2026-10-10,wk inc flu hosp,1,2026-10-17,25,quantile,0.975,107
2026-10-10,wk inc flu hosp,1,2026-10-17,25,quantile,0.99,150
2026-10-10,wk inc flu hosp,2,2026-10-24,25,quantile,0.01,2
2026-10-10,wk inc flu hosp,2,2026-10-24,25,quantile,0.025,4
2026-10-10,wk inc flu hosp,2,2026-10-24,25,quantile,0.05,6
2026-10-10,wk inc flu hosp,2,2026-10-24,25,quantile,0.1,9
2026-10-10,wk inc flu hosp,2,2026-10-24,25,quantile,0.15,12
2026-10-10,wk inc flu hosp,2,2026-10-24,25,quantile,0.2,14
2026-10-10,wk inc flu hosp,2,2026-10-24,25,quantile,0.25,17
2026-10-10,wk inc flu hosp,2,2026-10-24,25,quantile,0.3,18
2026-10-10,wk inc flu hosp,2,2026-10-24,25,quantile,0.35,21
2026-10-10,wk inc flu hosp,2,2026-10-24,25,quantile,0.4,23
2026-10-10,wk inc flu hosp,2,2026-10-24,25,quantile,0.45,26
2026-10-10,wk inc flu hosp,2,2026-10-24,25,quantile,0.5,30
2026-10-10,wk inc flu hosp,2,2026-10-24,25,quantile,0.55,33
2026-10-10,wk inc flu hosp,2,2026-10-24,25,quantile,0.6,36
2026-10-10,wk inc flu hosp,2,2026-10-24,25,quantile,0.65,40
2026-10-10,wk inc flu hosp,2,2026-10-24,25,quantile,0.7,46
2026-10-10,wk inc flu hosp,2,2026-10-24,25,quantile,0.75,52
2026-10-10,wk inc flu hosp,2,2026-10-24,25,quantile,0.8,60
2026-10-10,wk inc flu hosp,2,2026-10-24,25,quantile,0.85,72
2026-10-10,wk inc flu hosp,2,2026-10-24,25,quantile,0.9,92
2026-10-10,wk inc flu hosp,2,2026-10-24,25,quantile,0.95,132
2026-10-10,wk inc flu hosp,2,2026-10-24,25,quantile,0.975,177
2026-10-10,wk inc flu hosp,2,2026-10-24,25,quantile,0.99,248
2026-10-10,wk inc flu hosp,3,2026-10-31,25,quantile,0.01,3
2026-10-10,wk inc flu hosp,3,2026-10-31,25,quantile,0.025,4
2026-10-10,wk inc flu hosp,3,2026-10-31,25,quantile,0.05,6
2026-10-10,wk inc flu hosp,3,2026-10-31,25,quantile,0.1,10
2026-10-10,wk inc flu hosp,3,2026-10-31,25,quantile,0.15,13
2026-10-10,wk inc flu hosp,3,2026-10-31,25,quantile,0.2,16
2026-10-10,wk inc flu hosp,3,2026-10-31,25,quantile,0.25,19
2026-10-10,wk inc flu hosp,3,2026-10-31,25,quantile,0.3,21
2026-10-10,wk inc flu hosp,3,2026-10-31,25,quantile,0.35,24
2026-10-10,wk inc flu hosp,3,2026-10-31,25,quantile,0.4,28
2026-10-10,wk inc flu hosp,3,2026-10-31,25,quantile,0.45,32
2026-10-10,wk inc flu hosp,3,2026-10-31,25,quantile,0.5,36
2026-10-10,wk inc flu hosp,3,2026-10-31,25,quantile,0.55,40
2026-10-10,wk inc flu hosp,3,2026-10-31,25,quantile,0.6,45
2026-10-10,wk inc flu hosp,3,2026-10-31,25,quantile,0.65,53
2026-10-10,wk inc flu hosp,3,2026-10-31,25,quantile,0.7,60
2026-10-10,wk inc flu hosp,3,2026-10-31,25,quantile,0.75,71
2026-10-10,wk inc flu hosp,3,2026-10-31,25,quantile,0.8,84
2026-10-10,wk inc flu hosp,3,2026-10-31,25,quantile,0.85,104
2026-10-10,wk inc flu hosp,3,2026-10-31,25,quantile,0.9,136
2026-10-10,wk inc flu hosp,3,2026-10-31,25,quantile,0.95,203
2026-10-10,wk inc flu hosp,3,2026-10-31,25,quantile,0.975,270
2026-10-10,wk inc flu hosp,3,2026-10-31,25,quantile,0.99,423
2026-10-10,wk inc flu hosp,0,2026-10-10,26,quantile,0.01,7
2026-10-10,wk inc flu hosp,0,2026-10-10,26,quantile,0.025,12
2026-10-10,wk inc flu hosp,0,2026-10-10,26,quantile,0.05,17
2026-10-10,wk inc flu hosp,0,2026-10-10,26,quantile,0.1,22
2026-10-10,wk inc flu hosp,0,2026-10-10,26,quantile,0.15,27
2026-10-10,wk inc flu hosp,0,2026-10-10,26,quantile,0.2,31
2026-10-10,wk inc flu hosp,0,2026-10-10,26,quantile,0.25,34
2026-10-10,wk inc flu hosp,0,2026-10-10,26,quantile,0.3,36
2026-10-10,wk inc flu hosp,0,2026-10-10,26,quantile,0.35,39
2026-10-10,wk inc flu hosp,0,2026-10-10,26,quantile,0.4,42
2026-10-10,wk inc flu hosp,0,2026-10-10,26,quantile,0.45,44
2026-10-10,wk inc flu hosp,0,2026-10-10,26,quantile,0.5,47
2026-10-10,wk inc flu hosp,0,2026-10-10,26,quantile,0.55,50
2026-10-10,wk inc flu hosp,0,2026-10-10,26,quantile,0.6,54
2026-10-10,wk inc flu hosp,0,2026-10-10,26,quantile,0.65,59
2026-10-10,wk inc flu hosp,0,2026-10-10,26,quantile,0.7,64
2026-10-10,wk inc flu hosp,0,2026-10-10,26,quantile,0.75,70
2026-10-10,wk inc flu hosp,0,2026-10-10,26,quantile,0.8,76
2026-10-10,wk inc flu hosp,0,2026-10-10,26,quantile,0.85,85
2026-10-10,wk inc flu hosp,0,2026-10-10,26,quantile,0.9,100
2026-10-10,wk inc flu hosp,0,2026-10-10,26,quantile,0.95,129
2026-10-10,wk inc flu hosp,0,2026-10-10,26,quantile,0.975,163
2026-10-10,wk inc flu hosp,0,2026-10-10,26,quantile,0.99,219
2026-10-10,wk inc flu hosp,1,2026-10-17,26,quantile,0.01,6
2026-10-10,wk inc flu hosp,1,2026-10-17,26,quantile,0.025,11
2026-10-10,wk inc flu hosp,1,2026-10-17,26,quantile,0.05,16
2026-10-10,wk inc flu hosp,1,2026-10-17,26,quantile,0.1,22
2026-10-10,wk inc flu hosp,1,2026-10-17,26,quantile,0.15,28
2026-10-10,wk inc flu hosp,1,2026-10-17,26,quantile,0.2,32
2026-10-10,wk inc flu hosp,1,2026-10-17,26,quantile,0.25,36
2026-10-10,wk inc flu hosp,1,2026-10-17,26,quantile,0.3,39
2026-10-10,wk inc flu hosp,1,2026-10-17,26,quantile,0.35,42
2026-10-10,wk inc flu hosp,1,2026-10-17,26,quantile,0.4,46
2026-10-10,wk inc flu hosp,1,2026-10-17,26,quantile,0.45,49
2026-10-10,wk inc flu hosp,1,2026-10-17,26,quantile,0.5,54
2026-10-10,wk inc flu hosp,1,2026-10-17,26,quantile,0.55,60
2026-10-10,wk inc flu hosp,1,2026-10-17,26,quantile,0.6,66
2026-10-10,wk inc flu hosp,1,2026-10-17,26,quantile,0.65,72
2026-10-10,wk inc flu hosp,1,2026-10-17,26,quantile,0.7,78
2026-10-10,wk inc flu hosp,1,2026-10-17,26,quantile,0.75,87
2026-10-10,wk inc flu hosp,1,2026-10-17,26,quantile,0.8,100
2026-10-10,wk inc flu hosp,1,2026-10-17,26,quantile,0.85,114
2026-10-10,wk inc flu hosp,1,2026-10-17,26,quantile,0.9,140
2026-10-10,wk inc flu hosp,1,2026-10-17,26,quantile,0.95,188
2026-10-10,wk inc flu hosp,1,2026-10-17,26,quantile,0.975,260
2026-10-10,wk inc flu hosp,1,2026-10-17,26,quantile,0.99,380
2026-10-10,wk inc flu hosp,2,2026-10-24,26,quantile,0.01,6
2026-10-10,wk inc flu hosp,2,2026-10-24,26,quantile,0.025,10
2026-10-10,wk inc flu hosp,2,2026-10-24,26,quantile,0.05,16
2026-10-10,wk inc flu hosp,2,2026-10-24,26,quantile,0.1,24
2026-10-10,wk inc flu hosp,2,2026-10-24,26,quantile,0.15,30
2026-10-10,wk inc flu hosp,2,2026-10-24,26,quantile,0.2,34
2026-10-10,wk inc flu hosp,2,2026-10-24,26,quantile,0.25,39
2026-10-10,wk inc flu hosp,2,2026-10-24,26,quantile,0.3,42
2026-10-10,wk inc flu hosp,2,2026-10-24,26,quantile,0.35,47
2026-10-10,wk inc flu hosp,2,2026-10-24,26,quantile,0.4,52
2026-10-10,wk inc flu hosp,2,2026-10-24,26,quantile,0.45,58
2026-10-10,wk inc flu hosp,2,2026-10-24,26,quantile,0.5,65
2026-10-10,wk inc flu hosp,2,2026-10-24,26,quantile,0.55,71
2026-10-10,wk inc flu hosp,2,2026-10-24,26,quantile,0.6,78
2026-10-10,wk inc flu hosp,2,2026-10-24,26,quantile,0.65,86
2026-10-10,wk inc flu hosp,2,2026-10-24,26,quantile,0.7,98
2026-10-10,wk inc flu hosp,2,2026-10-24,26,quantile,0.75,110
2026-10-10,wk inc flu hosp,2,2026-10-24,26,quantile,0.8,129
2026-10-10,wk inc flu hosp,2,2026-10-24,26,quantile,0.85,154
2026-10-10,wk inc flu hosp,2,2026-10-24,26,quantile,0.9,199
2026-10-10,wk inc flu hosp,2,2026-10-24,26,quantile,0.95,287
2026-10-10,wk inc flu hosp,2,2026-10-24,26,quantile,0.975,404
2026-10-10,wk inc flu hosp,2,2026-10-24,26,quantile,0.99,603
2026-10-10,wk inc flu hosp,3,2026-10-31,26,quantile,0.01,6
2026-10-10,wk inc flu hosp,3,2026-10-31,26,quantile,0.025,11
2026-10-10,wk inc flu hosp,3,2026-10-31,26,quantile,0.05,16
2026-10-10,wk inc flu hosp,3,2026-10-31,26,quantile,0.1,24
2026-10-10,wk inc flu hosp,3,2026-10-31,26,quantile,0.15,32
2026-10-10,wk inc flu hosp,3,2026-10-31,26,quantile,0.2,38
2026-10-10,wk inc flu hosp,3,2026-10-31,26,quantile,0.25,42
2026-10-10,wk inc flu hosp,3,2026-10-31,26,quantile,0.3,48
2026-10-10,wk inc flu hosp,3,2026-10-31,26,quantile,0.35,54
2026-10-10,wk inc flu hosp,3,2026-10-31,26,quantile,0.4,62
2026-10-10,wk inc flu hosp,3,2026-10-31,26,quantile,0.45,70
2026-10-10,wk inc flu hosp,3,2026-10-31,26,quantile,0.5,77
2026-10-10,wk inc flu hosp,3,2026-10-31,26,quantile,0.55,85
2026-10-10,wk inc flu hosp,3,2026-10-31,26,quantile,0.6,96
2026-10-10,wk inc flu hosp,3,2026-10-31,26,quantile,0.65,111
2026-10-10,wk inc flu hosp,3,2026-10-31,26,quantile,0.7,124
2026-10-10,wk inc flu hosp,3,2026-10-31,26,quantile,0.75,144
2026-10-10,wk inc flu hosp,3,2026-10-31,26,quantile,0.8,168
2026-10-10,wk inc flu hosp,3,2026-10-31,26,quantile,0.85,204
2026-10-10,wk inc flu hosp,3,2026-10-31,26,quantile,0.9,275
2026-10-10,wk inc flu hosp,3,2026-10-31,26,quantile,0.95,421
2026-10-10,wk inc flu hosp,3,2026-10-31,26,quantile,0.975,594
2026-10-10,wk inc flu hosp,3,2026-10-31,26,quantile,0.99,949
2026-10-10,wk inc flu hosp,0,2026-10-10,27,quantile,0.01,7
2026-10-10,wk inc flu hosp,0,2026-10-10,27,quantile,0.025,11
2026-10-10,wk inc flu hosp,0,2026-10-10,27,quantile,0.05,14
2026-10-10,wk inc flu hosp,0,2026-10-10,27,quantile,0.1,17
2026-10-10,wk inc flu hosp,0,2026-10-10,27,quantile,0.15,20
2026-10-10,wk inc flu hosp,0,2026-10-10,27,quantile,0.2,23
2026-10-10,wk inc flu hosp,0,2026-10-10,27,quantile,0.25,25
2026-10-10,wk inc flu hosp,0,2026-10-10,27,quantile,0.3,26
2026-10-10,wk inc flu hosp,0,2026-10-10,27,quantile,0.35,28
2026-10-10,wk inc flu hosp,0,2026-10-10,27,quantile,0.4,30
2026-10-10,wk inc flu hosp,0,2026-10-10,27,quantile,0.45,31
2026-10-10,wk inc flu hosp,0,2026-10-10,27,quantile,0.5,33
2026-10-10,wk inc flu hosp,0,2026-10-10,27,quantile,0.55,34
2026-10-10,wk inc flu hosp,0,2026-10-10,27,quantile,0.6,37
2026-10-10,wk inc flu hosp,0,2026-10-10,27,quantile,0.65,39
2026-10-10,wk inc flu hosp,0,2026-10-10,27,quantile,0.7,42
2026-10-10,wk inc flu hosp,0,2026-10-10,27,quantile,0.75,45
2026-10-10,wk inc flu hosp,0,2026-10-10,27,quantile,0.8,48
2026-10-10,wk inc flu hosp,0,2026-10-10,27,quantile,0.85,52
2026-10-10,wk inc flu hosp,0,2026-10-10,27,quantile,0.9,60
2026-10-10,wk inc flu hosp,0,2026-10-10,27,quantile,0.95,73
2026-10-10,wk inc flu hosp,0,2026-10-10,27,quantile,0.975,86
2026-10-10,wk inc flu hosp,0,2026-10-10,27,quantile,0.99,106
2026-10-10,wk inc flu hosp,1,2026-10-17,27,quantile,0.01,6
2026-10-10,wk inc flu hosp,1,2026-10-17,27,quantile,0.025,10
2026-10-10,wk inc flu hosp,1,2026-10-17,27,quantile,0.05,14
2026-10-10,wk inc flu hosp,1,2026-10-17,27,quantile,0.1,18
2026-10-10,wk inc flu hosp,1,2026-10-17,27,quantile,0.15,21
2026-10-10,wk inc flu hosp,1,2026-10-17,27,quantile,0.2,25
2026-10-10,wk inc flu hosp,1,2026-10-17,27,quantile,0.25,27
2026-10-10,wk inc flu hosp,1,2026-10-17,27,quantile,0.3,29
2026-10-10,wk inc flu hosp,1,2026-10-17,27,quantile,0.35,31
2026-10-10,wk inc flu hosp,1,2026-10-17,27,quantile,0.4,34
2026-10-10,wk inc flu hosp,1,2026-10-17,27,quantile,0.45,36
2026-10-10,wk inc flu hosp,1,2026-10-17,27,quantile,0.5,39
2026-10-10,wk inc flu hosp,1,2026-10-17,27,quantile,0.55,43
2026-10-10,wk inc flu hosp,1,2026-10-17,27,quantile,0.6,47
2026-10-10,wk inc flu hosp,1,2026-10-17,27,quantile,0.65,50
2026-10-10,wk inc flu hosp,1,2026-10-17,27,quantile,0.7,55
2026-10-10,wk inc flu hosp,1,2026-10-17,27,quantile,0.75,60
2026-10-10,wk inc flu hosp,1,2026-10-17,27,quantile,0.8,68
2026-10-10,wk inc flu hosp,1,2026-10-17,27,quantile,0.85,76
2026-10-10,wk inc flu hosp,1,2026-10-17,27,quantile,0.9,89
2026-10-10,wk inc flu hosp,1,2026-10-17,27,quantile,0.95,112
2026-10-10,wk inc flu hosp,1,2026-10-17,27,quantile,0.975,143
2026-10-10,wk inc flu hosp,1,2026-10-17,27,quantile,0.99,193
2026-10-10,wk inc flu hosp,2,2026-10-24,27,quantile,0.01,5
2026-10-10,wk inc flu hosp,2,2026-10-24,27,quantile,0.025,9
2026-10-10,wk inc flu hosp,2,2026-10-24,27,quantile,0.05,14
2026-10-10,wk inc flu hosp,2,2026-10-24,27,quantile,0.1,19
2026-10-10,wk inc flu hosp,2,2026-10-24,27,quantile,0.15,23
2026-10-10,wk inc flu hosp,2,2026-10-24,27,quantile,0.2,27
2026-10-10,wk inc flu hosp,2,2026-10-24,27,quantile,0.25,30
2026-10-10,wk inc flu hosp,2,2026-10-24,27,quantile,0.3,32
2026-10-10,wk inc flu hosp,2,2026-10-24,27,quantile,0.35,36
2026-10-10,wk inc flu hosp,2,2026-10-24,27,quantile,0.4,39
2026-10-10,wk inc flu hosp,2,2026-10-24,27,quantile,0.45,44
2026-10-10,wk inc flu hosp,2,2026-10-24,27,quantile,0.5,49
2026-10-10,wk inc flu hosp,2,2026-10-24,27,quantile,0.55,54
2026-10-10,wk inc flu hosp,2,2026-10-24,27,quantile,0.6,60
2026-10-10,wk inc flu hosp,2,2026-10-24,27,quantile,0.65,65
2026-10-10,wk inc flu hosp,2,2026-10-24,27,quantile,0.7,73
2026-10-10,wk inc flu hosp,2,2026-10-24,27,quantile,0.75,82
2026-10-10,wk inc flu hosp,2,2026-10-24,27,quantile,0.8,94
2026-10-10,wk inc flu hosp,2,2026-10-24,27,quantile,0.85,109
2026-10-10,wk inc flu hosp,2,2026-10-24,27,quantile,0.9,134
2026-10-10,wk inc flu hosp,2,2026-10-24,27,quantile,0.95,177
2026-10-10,wk inc flu hosp,2,2026-10-24,27,quantile,0.975,232
2026-10-10,wk inc flu hosp,2,2026-10-24,27,quantile,0.99,318
2026-10-10,wk inc flu hosp,3,2026-10-31,27,quantile,0.01,5
2026-10-10,wk inc flu hosp,3,2026-10-31,27,quantile,0.025,9
2026-10-10,wk inc flu hosp,3,2026-10-31,27,quantile,0.05,14
2026-10-10,wk inc flu hosp,3,2026-10-31,27,quantile,0.1,19
2026-10-10,wk inc flu hosp,3,2026-10-31,27,quantile,0.15,24
2026-10-10,wk inc flu hosp,3,2026-10-31,27,quantile,0.2,29
2026-10-10,wk inc flu hosp,3,2026-10-31,27,quantile,0.25,34
2026-10-10,wk inc flu hosp,3,2026-10-31,27,quantile,0.3,38
2026-10-10,wk inc flu hosp,3,2026-10-31,27,quantile,0.35,42
2026-10-10,wk inc flu hosp,3,2026-10-31,27,quantile,0.4,48
2026-10-10,wk inc flu hosp,3,2026-10-31,27,quantile,0.45,54
2026-10-10,wk inc flu hosp,3,2026-10-31,27,quantile,0.5,61
2026-10-10,wk inc flu hosp,3,2026-10-31,27,quantile,0.55,68
2026-10-10,wk inc flu hosp,3,2026-10-31,27,quantile,0.6,76
2026-10-10,wk inc flu hosp,3,2026-10-31,27,quantile,0.65,86
2026-10-10,wk inc flu hosp,3,2026-10-31,27,quantile,0.7,95
2026-10-10,wk inc flu hosp,3,2026-10-31,27,quantile,0.75,110
2026-10-10,wk inc flu hosp,3,2026-10-31,27,quantile,0.8,126
2026-10-10,wk inc flu hosp,3,2026-10-31,27,quantile,0.85,147
2026-10-10,wk inc flu hosp,3,2026-10-31,27,quantile,0.9,183
2026-10-10,wk inc flu hosp,3,2026-10-31,27,quantile,0.95,250
2026-10-10,wk inc flu hosp,3,2026-10-31,27,quantile,0.975,338
2026-10-10,wk inc flu hosp,3,2026-10-31,27,quantile,0.99,532
2026-10-10,wk inc flu hosp,0,2026-10-10,28,quantile,0.01,4
2026-10-10,wk inc flu hosp,0,2026-10-10,28,quantile,0.025,7
2026-10-10,wk inc flu hosp,0,2026-10-10,28,quantile,0.05,9
2026-10-10,wk inc flu hosp,0,2026-10-10,28,quantile,0.1,11
2026-10-10,wk inc flu hosp,0,2026-10-10,28,quantile,0.15,14
2026-10-10,wk inc flu hosp,0,2026-10-10,28,quantile,0.2,16
2026-10-10,wk inc flu hosp,0,2026-10-10,28,quantile,0.25,18
2026-10-10,wk inc flu hosp,0,2026-10-10,28,quantile,0.3,19
2026-10-10,wk inc flu hosp,0,2026-10-10,28,quantile,0.35,21
2026-10-10,wk inc flu hosp,0,2026-10-10,28,quantile,0.4,22
2026-10-10,wk inc flu hosp,0,2026-10-10,28,quantile,0.45,24
2026-10-10,wk inc flu hosp,0,2026-10-10,28,quantile,0.5,25
2026-10-10,wk inc flu hosp,0,2026-10-10,28,quantile,0.55,27
2026-10-10,wk inc flu hosp,0,2026-10-10,28,quantile,0.6,29
2026-10-10,wk inc flu hosp,0,2026-10-10,28,quantile,0.65,31
2026-10-10,wk inc flu hosp,0,2026-10-10,28,quantile,0.7,34
2026-10-10,wk inc flu hosp,0,2026-10-10,28,quantile,0.75,37
2026-10-10,wk inc flu hosp,0,2026-10-10,28,quantile,0.8,40
2026-10-10,wk inc flu hosp,0,2026-10-10,28,quantile,0.85,44
2026-10-10,wk inc flu hosp,0,2026-10-10,28,quantile,0.9,51
2026-10-10,wk inc flu hosp,0,2026-10-10,28,quantile,0.95,63
2026-10-10,wk inc flu hosp,0,2026-10-10,28,quantile,0.975,74
2026-10-10,wk inc flu hosp,0,2026-10-10,28,quantile,0.99,87
2026-10-10,wk inc flu hosp,1,2026-10-17,28,quantile,0.01,4
2026-10-10,wk inc flu hosp,1,2026-10-17,28,quantile,0.025,6
2026-10-10,wk inc flu hosp,1,2026-10-17,28,quantile,0.05,8
2026-10-10,wk inc flu hosp,1,2026-10-17,28,quantile,0.1,11
2026-10-10,wk inc flu hosp,1,2026-10-17,28,quantile,0.15,14
2026-10-10,wk inc flu hosp,1,2026-10-17,28,quantile,0.2,16
2026-10-10,wk inc flu hosp,1,2026-10-17,28,quantile,0.25,18
2026-10-10,wk inc flu hosp,1,2026-10-17,28,quantile,0.3,20
2026-10-10,wk inc flu hosp,1,2026-10-17,28,quantile,0.35,22
2026-10-10,wk inc flu hosp,1,2026-10-17,28,quantile,0.4,24
2026-10-10,wk inc flu hosp,1,2026-10-17,28,quantile,0.45,26
2026-10-10,wk inc flu hosp,1,2026-10-17,28,quantile,0.5,29
2026-10-10,wk inc flu hosp,1,2026-10-17,28,quantile,0.55,32
2026-10-10,wk inc flu hosp,1,2026-10-17,28,quantile,0.6,35
2026-10-10,wk inc flu hosp,1,2026-10-17,28,quantile,0.65,38
2026-10-10,wk inc flu hosp,1,2026-10-17,28,quantile,0.7,42
2026-10-10,wk inc flu hosp,1,2026-10-17,28,quantile,0.75,46
2026-10-10,wk inc flu hosp,1,2026-10-17,28,quantile,0.8,53
2026-10-10,wk inc flu hosp,1,2026-10-17,28,quantile,0.85,60
2026-10-10,wk inc flu hosp,1,2026-10-17,28,quantile,0.9,74
2026-10-10,wk inc flu hosp,1,2026-10-17,28,quantile,0.95,94
2026-10-10,wk inc flu hosp,1,2026-10-17,28,quantile,0.975,119
2026-10-10,wk inc flu hosp,1,2026-10-17,28,quantile,0.99,159
2026-10-10,wk inc flu hosp,2,2026-10-24,28,quantile,0.01,4
2026-10-10,wk inc flu hosp,2,2026-10-24,28,quantile,0.025,6
2026-10-10,wk inc flu hosp,2,2026-10-24,28,quantile,0.05,8
2026-10-10,wk inc flu hosp,2,2026-10-24,28,quantile,0.1,11
2026-10-10,wk inc flu hosp,2,2026-10-24,28,quantile,0.15,15
2026-10-10,wk inc flu hosp,2,2026-10-24,28,quantile,0.2,17
2026-10-10,wk inc flu hosp,2,2026-10-24,28,quantile,0.25,20
2026-10-10,wk inc flu hosp,2,2026-10-24,28,quantile,0.3,22
2026-10-10,wk inc flu hosp,2,2026-10-24,28,quantile,0.35,24
2026-10-10,wk inc flu hosp,2,2026-10-24,28,quantile,0.4,27
2026-10-10,wk inc flu hosp,2,2026-10-24,28,quantile,0.45,30
2026-10-10,wk inc flu hosp,2,2026-10-24,28,quantile,0.5,35
2026-10-10,wk inc flu hosp,2,2026-10-24,28,quantile,0.55,38
2026-10-10,wk inc flu hosp,2,2026-10-24,28,quantile,0.6,42
2026-10-10,wk inc flu hosp,2,2026-10-24,28,quantile,0.65,46
2026-10-10,wk inc flu hosp,2,2026-10-24,28,quantile,0.7,52
2026-10-10,wk inc flu hosp,2,2026-10-24,28,quantile,0.75,60
2026-10-10,wk inc flu hosp,2,2026-10-24,28,quantile,0.8,69
2026-10-10,wk inc flu hosp,2,2026-10-24,28,quantile,0.85,84
2026-10-10,wk inc flu hosp,2,2026-10-24,28,quantile,0.9,108
2026-10-10,wk inc flu hosp,2,2026-10-24,28,quantile,0.95,144
2026-10-10,wk inc flu hosp,2,2026-10-24,28,quantile,0.975,185
2026-10-10,wk inc flu hosp,2,2026-10-24,28,quantile,0.99,261
2026-10-10,wk inc flu hosp,3,2026-10-31,28,quantile,0.01,3
2026-10-10,wk inc flu hosp,3,2026-10-31,28,quantile,0.025,5
2026-10-10,wk inc flu hosp,3,2026-10-31,28,quantile,0.05,8
2026-10-10,wk inc flu hosp,3,2026-10-31,28,quantile,0.1,12
2026-10-10,wk inc flu hosp,3,2026-10-31,28,quantile,0.15,15
2026-10-10,wk inc flu hosp,3,2026-10-31,28,quantile,0.2,18
2026-10-10,wk inc flu hosp,3,2026-10-31,28,quantile,0.25,21
2026-10-10,wk inc flu hosp,3,2026-10-31,28,quantile,0.3,24
2026-10-10,wk inc flu hosp,3,2026-10-31,28,quantile,0.35,27
2026-10-10,wk inc flu hosp,3,2026-10-31,28,quantile,0.4,31
2026-10-10,wk inc flu hosp,3,2026-10-31,28,quantile,0.45,36
2026-10-10,wk inc flu hosp,3,2026-10-31,28,quantile,0.5,40
2026-10-10,wk inc flu hosp,3,2026-10-31,28,quantile,0.55,44
2026-10-10,wk inc flu hosp,3,2026-10-31,28,quantile,0.6,50
2026-10-10,wk inc flu hosp,3,2026-10-31,28,quantile,0.65,59
2026-10-10,wk inc flu hosp,3,2026-10-31,28,quantile,0.7,66
2026-10-10,wk inc flu hosp,3,2026-10-31,28,quantile,0.75,77
2026-10-10,wk inc flu hosp,3,2026-10-31,28,quantile,0.8,91
2026-10-10,wk inc flu hosp,3,2026-10-31,28,quantile,0.85,115
2026-10-10,wk inc flu hosp,3,2026-10-31,28,quantile,0.9,153
2026-10-10,wk inc flu hosp,3,2026-10-31,28,quantile,0.95,216
2026-10-10,wk inc flu hosp,3,2026-10-31,28,quantile,0.975,283
2026-10-10,wk inc flu hosp,3,2026-10-31,28,quantile,0.99,415
2026-10-10,wk inc flu hosp,0,2026-10-10,29,quantile,0.01,7
2026-10-10,wk inc flu hosp,0,2026-10-10,29,quantile,0.025,9
2026-10-10,wk inc flu hosp,0,2026-10-10,29,quantile,0.05,15
2026-10-10,wk inc flu hosp,0,2026-10-10,29,quantile,0.1,20
2026-10-10,wk inc flu hosp,0,2026-10-10,29,quantile,0.15,24
2026-10-10,wk inc flu hosp,0,2026-10-10,29,quantile,0.2,27
2026-10-10,wk inc flu hosp,0,2026-10-10,29,quantile,0.25,29
2026-10-10,wk inc flu hosp,0,2026-10-10,29,quantile,0.3,31
2026-10-10,wk inc flu hosp,0,2026-10-10,29,quantile,0.35,34
2026-10-10,wk inc flu hosp,0,2026-10-10,29,quantile,0.4,36
2026-10-10,wk inc flu hosp,0,2026-10-10,29,quantile,0.45,38
2026-10-10,wk inc flu hosp,0,2026-10-10,29,quantile,0.5,40
2026-10-10,wk inc flu hosp,0,2026-10-10,29,quantile,0.55,42
2026-10-10,wk inc flu hosp,0,2026-10-10,29,quantile,0.6,45
2026-10-10,wk inc flu hosp,0,2026-10-10,29,quantile,0.65,48
2026-10-10,wk inc flu hosp,0,2026-10-10,29,quantile,0.7,51
2026-10-10,wk inc flu hosp,0,2026-10-10,29,quantile,0.75,55
2026-10-10,wk inc flu hosp,0,2026-10-10,29,quantile,0.8,59
2026-10-10,wk inc flu hosp,0,2026-10-10,29,quantile,0.85,65
2026-10-10,wk inc flu hosp,0,2026-10-10,29,quantile,0.9,75
2026-10-10,wk inc flu hosp,0,2026-10-10,29,quantile,0.95,93
2026-10-10,wk inc flu hosp,0,2026-10-10,29,quantile,0.975,113
2026-10-10,wk inc flu hosp,0,2026-10-10,29,quantile,0.99,140
2026-10-10,wk inc flu hosp,1,2026-10-17,29,quantile,0.01,6
2026-10-10,wk inc flu hosp,1,2026-10-17,29,quantile,0.025,9
2026-10-10,wk inc flu hosp,1,2026-10-17,29,quantile,0.05,14
2026-10-10,wk inc flu hosp,1,2026-10-17,29,quantile,0.1,20
2026-10-10,wk inc flu hosp,1,2026-10-17,29,quantile,0.15,24
2026-10-10,wk inc flu hosp,1,2026-10-17,29,quantile,0.2,28
2026-10-10,wk inc flu hosp,1,2026-10-17,29,quantile,0.25,31
2026-10-10,wk inc flu hosp,1,2026-10-17,29,quantile,0.3,33
2026-10-10,wk inc flu hosp,1,2026-10-17,29,quantile,0.35,36
2026-10-10,wk inc flu hosp,1,2026-10-17,29,quantile,0.4,39
2026-10-10,wk inc flu hosp,1,2026-10-17,29,quantile,0.45,42
2026-10-10,wk inc flu hosp,1,2026-10-17,29,quantile,0.5,46
2026-10-10,wk inc flu hosp,1,2026-10-17,29,quantile,0.55,50
2026-10-10,wk inc flu hosp,1,2026-10-17,29,quantile,0.6,54
2026-10-10,wk inc flu hosp,1,2026-10-17,29,quantile,0.65,58
2026-10-10,wk inc flu hosp,1,2026-10-17,29,quantile,0.7,63
2026-10-10,wk inc flu hosp,1,2026-10-17,29,quantile,0.75,69
2026-10-10,wk inc flu hosp,1,2026-10-17,29,quantile,0.8,77
2026-10-10,wk inc flu hosp,1,2026-10-17,29,quantile,0.85,86
2026-10-10,wk inc flu hosp,1,2026-10-17,29,quantile,0.9,103
2026-10-10,wk inc flu hosp,1,2026-10-17,29,quantile,0.95,133
2026-10-10,wk inc flu hosp,1,2026-10-17,29,quantile,0.975,177
2026-10-10,wk inc flu hosp,1,2026-10-17,29,quantile,0.99,241
2026-10-10,wk inc flu hosp,2,2026-10-24,29,quantile,0.01,6
2026-10-10,wk inc flu hosp,2,2026-10-24,29,quantile,0.025,8
2026-10-10,wk inc flu hosp,2,2026-10-24,29,quantile,0.05,14
2026-10-10,wk inc flu hosp,2,2026-10-24,29,quantile,0.1,20
2026-10-10,wk inc flu hosp,2,2026-10-24,29,quantile,0.15,25
2026-10-10,wk inc flu hosp,2,2026-10-24,29,quantile,0.2,29
2026-10-10,wk inc flu hosp,2,2026-10-24,29,quantile,0.25,33
2026-10-10,wk inc flu hosp,2,2026-10-24,29,quantile,0.3,36
2026-10-10,wk inc flu hosp,2,2026-10-24,29,quantile,0.35,40
2026-10-10,wk inc flu hosp,2,2026-10-24,29,quantile,0.4,43
2026-10-10,wk inc flu hosp,2,2026-10-24,29,quantile,0.45,49
2026-10-10,wk inc flu hosp,2,2026-10-24,29,quantile,0.5,54
2026-10-10,wk inc flu hosp,2,2026-10-24,29,quantile,0.55,60
2026-10-10,wk inc flu hosp,2,2026-10-24,29,quantile,0.6,65
2026-10-10,wk inc flu hosp,2,2026-10-24,29,quantile,0.65,70
2026-10-10,wk inc flu hosp,2,2026-10-24,29,quantile,0.7,78
2026-10-10,wk inc flu hosp,2,2026-10-24,29,quantile,0.75,87
2026-10-10,wk inc flu hosp,2,2026-10-24,29,quantile,0.8,99
2026-10-10,wk inc flu hosp,2,2026-10-24,29,quantile,0.85,117
2026-10-10,wk inc flu hosp,2,2026-10-24,29,quantile,0.9,150
2026-10-10,wk inc flu hosp,2,2026-10-24,29,quantile,0.95,205
2026-10-10,wk inc flu hosp,2,2026-10-24,29,quantile,0.975,272
2026-10-10,wk inc flu hosp,2,2026-10-24,29,quantile,0.99,376
2026-10-10,wk inc flu hosp,3,2026-10-31,29,quantile,0.01,6
2026-10-10,wk inc flu hosp,3,2026-10-31,29,quantile,0.025,8
2026-10-10,wk inc flu hosp,3,2026-10-31,29,quantile,0.05,14
2026-10-10,wk inc flu hosp,3,2026-10-31,29,quantile,0.1,21
2026-10-10,wk inc flu hosp,3,2026-10-31,29,quantile,0.15,27
2026-10-10,wk inc flu hosp,3,2026-10-31,29,quantile,0.2,31
2026-10-10,wk inc flu hosp,3,2026-10-31,29,quantile,0.25,36
2026-10-10,wk inc flu hosp,3,2026-10-31,29,quantile,0.3,40
2026-10-10,wk inc flu hosp,3,2026-10-31,29,quantile,0.35,45
2026-10-10,wk inc flu hosp,3,2026-10-31,29,quantile,0.4,52
2026-10-10,wk inc flu hosp,3,2026-10-31,29,quantile,0.45,58
2026-10-10,wk inc flu hosp,3,2026-10-31,29,quantile,0.5,64
2026-10-10,wk inc flu hosp,3,2026-10-31,29,quantile,0.55,70
2026-10-10,wk inc flu hosp,3,2026-10-31,29,quantile,0.6,78
2026-10-10,wk inc flu hosp,3,2026-10-31,29,quantile,0.65,88
2026-10-10,wk inc flu hosp,3,2026-10-31,29,quantile,0.7,99
2026-10-10,wk inc flu hosp,3,2026-10-31,29,quantile,0.75,115
2026-10-10,wk inc flu hosp,3,2026-10-31,29,quantile,0.8,132
2026-10-10,wk inc flu hosp,3,2026-10-31,29,quantile,0.85,158
2026-10-10,wk inc flu hosp,3,2026-10-31,29,quantile,0.9,202
2026-10-10,wk inc flu hosp,3,2026-10-31,29,quantile,0.95,298
2026-10-10,wk inc flu hosp,3,2026-10-31,29,quantile,0.975,407
2026-10-10,wk inc flu hosp,3,2026-10-31,29,quantile,0.99,625
2026-10-10,wk inc flu hosp,0,2026-10-10,30,quantile,0.01,3
2026-10-10,wk inc flu hosp,0,2026-10-10,30,quantile,0.025,5
2026-10-10,wk inc flu hosp,0,2026-10-10,30,quantile,0.05,6
2026-10-10,wk inc flu hosp,0,2026-10-10,30,quantile,0.1,8
2026-10-10,wk inc flu hosp,0,2026-10-10,30,quantile,0.15,11
2026-10-10,wk inc flu hosp,0,2026-10-10,30,quantile,0.2,13
2026-10-10,wk inc flu hosp,0,2026-10-10,30,quantile,0.25,14
2026-10-10,wk inc flu hosp,0,2026-10-10,30,quantile,0.3,16
2026-10-10,wk inc flu hosp,0,2026-10-10,30,quantile,0.35,17
2026-10-10,wk inc flu hosp,0,2026-10-10,30,quantile,0.4,18
2026-10-10,wk inc flu hosp,0,2026-10-10,30,quantile,0.45,20
2026-10-10,wk inc flu hosp,0,2026-10-10,30,quantile,0.5,22
2026-10-10,wk inc flu hosp,0,2026-10-10,30,quantile,0.55,23
2026-10-10,wk inc flu hosp,0,2026-10-10,30,quantile,0.6,25
2026-10-10,wk inc flu hosp,0,2026-10-10,30,quantile,0.65,27
2026-10-10,wk inc flu hosp,0,2026-10-10,30,quantile,0.7,30
2026-10-10,wk inc flu hosp,0,2026-10-10,30,quantile,0.75,33
2026-10-10,wk inc flu hosp,0,2026-10-10,30,quantile,0.8,36
2026-10-10,wk inc flu hosp,0,2026-10-10,30,quantile,0.85,40
2026-10-10,wk inc flu hosp,0,2026-10-10,30,quantile,0.9,45
2026-10-10,wk inc flu hosp,0,2026-10-10,30,quantile,0.95,54
2026-10-10,wk inc flu hosp,0,2026-10-10,30,quantile,0.975,63
2026-10-10,wk inc flu hosp,0,2026-10-10,30,quantile,0.99,77
2026-10-10,wk inc flu hosp,1,2026-10-17,30,quantile,0.01,2
2026-10-10,wk inc flu hosp,1,2026-10-17,30,quantile,0.025,4
2026-10-10,wk inc flu hosp,1,2026-10-17,30,quantile,0.05,6
2026-10-10,wk inc flu hosp,1,2026-10-17,30,quantile,0.1,8
2026-10-10,wk inc flu hosp,1,2026-10-17,30,quantile,0.15,11
2026-10-10,wk inc flu hosp,1,2026-10-17,30,quantile,0.2,12
2026-10-10,wk inc flu hosp,1,2026-10-17,30,quantile,0.25,14
2026-10-10,wk inc flu hosp,1,2026-10-17,30,quantile,0.3,16
2026-10-10,wk inc flu hosp,1,2026-10-17,30,quantile,0.35,18
2026-10-10,wk inc flu hosp,1,2026-10-17,30,quantile,0.4,20
2026-10-10,wk inc flu hosp,1,2026-10-17,30,quantile,0.45,22
2026-10-10,wk inc flu hosp,1,2026-10-17,30,quantile,0.5,24
2026-10-10,wk inc flu hosp,1,2026-10-17,30,quantile,0.55,27
2026-10-10,wk inc flu hosp,1,2026-10-17,30,quantile,0.6,30
2026-10-10,wk inc flu hosp,1,2026-10-17,30,quantile,0.65,33
2026-10-10,wk inc flu hosp,1,2026-10-17,30,quantile,0.7,36
2026-10-10,wk inc flu hosp,1,2026-10-17,30,quantile,0.75,42
2026-10-10,wk inc flu hosp,1,2026-10-17,30,quantile,0.8,48
2026-10-10,wk inc flu hosp,1,2026-10-17,30,quantile,0.85,53
2026-10-10,wk inc flu hosp,1,2026-10-17,30,quantile,0.9,60
2026-10-10,wk inc flu hosp,1,2026-10-17,30,quantile,0.95,72
2026-10-10,wk inc flu hosp,1,2026-10-17,30,quantile,0.975,90
2026-10-10,wk inc flu hosp,1,2026-10-17,30,quantile,0.99,120
2026-10-10,wk inc flu hosp,2,2026-10-24,30,quantile,0.01,2
2026-10-10,wk inc flu hosp,2,2026-10-24,30,quantile,0.025,4
2026-10-10,wk inc flu hosp,2,2026-10-24,30,quantile,0.05,6
2026-10-10,wk inc flu hosp,2,2026-10-24,30,quantile,0.1,8
2026-10-10,wk inc flu hosp,2,2026-10-24,30,quantile,0.15,11
2026-10-10,wk inc flu hosp,2,2026-10-24,30,quantile,0.2,13
2026-10-10,wk inc flu hosp,2,2026-10-24,30,quantile,0.25,15
2026-10-10,wk inc flu hosp,2,2026-10-24,30,quantile,0.3,17
2026-10-10,wk inc flu hosp,2,2026-10-24,30,quantile,0.35,18
2026-10-10,wk inc flu hosp,2,2026-10-24,30,quantile,0.4,21
2026-10-10,wk inc flu hosp,2,2026-10-24,30,quantile,0.45,24
2026-10-10,wk inc flu hosp,2,2026-10-24,30,quantile,0.5,27
2026-10-10,wk inc flu hosp,2,2026-10-24,30,quantile,0.55,30
2026-10-10,wk inc flu hosp,2,2026-10-24,30,quantile,0.6,34
2026-10-10,wk inc flu hosp,2,2026-10-24,30,quantile,0.65,38
2026-10-10,wk inc flu hosp,2,2026-10-24,30,quantile,0.7,44
2026-10-10,wk inc flu hosp,2,2026-10-24,30,quantile,0.75,52
2026-10-10,wk inc flu hosp,2,2026-10-24,30,quantile,0.8,62
2026-10-10,wk inc flu hosp,2,2026-10-24,30,quantile,0.85,72
2026-10-10,wk inc flu hosp,2,2026-10-24,30,quantile,0.9,82
2026-10-10,wk inc flu hosp,2,2026-10-24,30,quantile,0.95,102
2026-10-10,wk inc flu hosp,2,2026-10-24,30,quantile,0.975,128
2026-10-10,wk inc flu hosp,2,2026-10-24,30,quantile,0.99,174
2026-10-10,wk inc flu hosp,3,2026-10-31,30,quantile,0.01,2
2026-10-10,wk inc flu hosp,3,2026-10-31,30,quantile,0.025,3
2026-10-10,wk inc flu hosp,3,2026-10-31,30,quantile,0.05,5
2026-10-10,wk inc flu hosp,3,2026-10-31,30,quantile,0.1,8
2026-10-10,wk inc flu hosp,3,2026-10-31,30,quantile,0.15,11
2026-10-10,wk inc flu hosp,3,2026-10-31,30,quantile,0.2,13
2026-10-10,wk inc flu hosp,3,2026-10-31,30,quantile,0.25,15
2026-10-10,wk inc flu hosp,3,2026-10-31,30,quantile,0.3,17
2026-10-10,wk inc flu hosp,3,2026-10-31,30,quantile,0.35,20
2026-10-10,wk inc flu hosp,3,2026-10-31,30,quantile,0.4,23
2026-10-10,wk inc flu hosp,3,2026-10-31,30,quantile,0.45,26
2026-10-10,wk inc flu hosp,3,2026-10-31,30,quantile,0.5,30
2026-10-10,wk inc flu hosp,3,2026-10-31,30,quantile,0.55,34
2026-10-10,wk inc flu hosp,3,2026-10-31,30,quantile,0.6,39
2026-10-10,wk inc flu hosp,3,2026-10-31,30,quantile,0.65,46
2026-10-10,wk inc flu hosp,3,2026-10-31,30,quantile,0.7,54
2026-10-10,wk inc flu hosp,3,2026-10-31,30,quantile,0.75,65
2026-10-10,wk inc flu hosp,3,2026-10-31,30,quantile,0.8,82
2026-10-10,wk inc flu hosp,3,2026-10-31,30,quantile,0.85,99
2026-10-10,wk inc flu hosp,3,2026-10-31,30,quantile,0.9,112
2026-10-10,wk inc flu hosp,3,2026-10-31,30,quantile,0.95,140
2026-10-10,wk inc flu hosp,3,2026-10-31,30,quantile,0.975,176
2026-10-10,wk inc flu hosp,3,2026-10-31,30,quantile,0.99,254
2026-10-10,wk inc flu hosp,0,2026-10-10,31,quantile,0.01,3
2026-10-10,wk inc flu hosp,0,2026-10-10,31,quantile,0.025,4
2026-10-10,wk inc flu hosp,0,2026-10-10,31,quantile,0.05,4
2026-10-10,wk inc flu hosp,0,2026-10-10,31,quantile,0.1,7
2026-10-10,wk inc flu hosp,0,2026-10-10,31,quantile,0.15,8
2026-10-10,wk inc flu hosp,0,2026-10-10,31,quantile,0.2,10
2026-10-10,wk inc flu hosp,0,2026-10-10,31,quantile,0.25,11
2026-10-10,wk inc flu hosp,0,2026-10-10,31,quantile,0.3,13
2026-10-10,wk inc flu hosp,0,2026-10-10,31,quantile,0.35,14
2026-10-10,wk inc flu hosp,0,2026-10-10,31,quantile,0.4,16
2026-10-10,wk inc flu hosp,0,2026-10-10,31,quantile,0.45,17
2026-10-10,wk inc flu hosp,0,2026-10-10,31,quantile,0.5,19
2026-10-10,wk inc flu hosp,0,2026-10-10,31,quantile,0.55,21
2026-10-10,wk inc flu hosp,0,2026-10-10,31,quantile,0.6,23
2026-10-10,wk inc flu hosp,0,2026-10-10,31,quantile,0.65,26
2026-10-10,wk inc flu hosp,0,2026-10-10,31,quantile,0.7,28
2026-10-10,wk inc flu hosp,0,2026-10-10,31,quantile,0.75,32
2026-10-10,wk inc flu hosp,0,2026-10-10,31,quantile,0.8,36
2026-10-10,wk inc flu hosp,0,2026-10-10,31,quantile,0.85,40
2026-10-10,wk inc flu hosp,0,2026-10-10,31,quantile,0.9,47
2026-10-10,wk inc flu hosp,0,2026-10-10,31,quantile,0.95,60
2026-10-10,wk inc flu hosp,0,2026-10-10,31,quantile,0.975,78
2026-10-10,wk inc flu hosp,0,2026-10-10,31,quantile,0.99,107
2026-10-10,wk inc flu hosp,1,2026-10-17,31,quantile,0.01,3
2026-10-10,wk inc flu hosp,1,2026-10-17,31,quantile,0.025,4
2026-10-10,wk inc flu hosp,1,2026-10-17,31,quantile,0.05,5
2026-10-10,wk inc flu hosp,1,2026-10-17,31,quantile,0.1,7
2026-10-10,wk inc flu hosp,1,2026-10-17,31,quantile,0.15,9
2026-10-10,wk inc flu hosp,1,2026-10-17,31,quantile,0.2,11
2026-10-10,wk inc flu hosp,1,2026-10-17,31,quantile,0.25,13
2026-10-10,wk inc flu hosp,1,2026-10-17,31,quantile,0.3,15
2026-10-10,wk inc flu hosp,1,2026-10-17,31,quantile,0.35,16
2026-10-10,wk inc flu hosp,1,2026-10-17,31,quantile,0.4,18
2026-10-10,wk inc flu hosp,1,2026-10-17,31,quantile,0.45,20
2026-10-10,wk inc flu hosp,1,2026-10-17,31,quantile,0.5,23
2026-10-10,wk inc flu hosp,1,2026-10-17,31,quantile,0.55,26
2026-10-10,wk inc flu hosp,1,2026-10-17,31,quantile,0.6,29
2026-10-10,wk inc flu hosp,1,2026-10-17,31,quantile,0.65,33
2026-10-10,wk inc flu hosp,1,2026-10-17,31,quantile,0.7,37
2026-10-10,wk inc flu hosp,1,2026-10-17,31,quantile,0.75,43
2026-10-10,wk inc flu hosp,1,2026-10-17,31,quantile,0.8,51
2026-10-10,wk inc flu hosp,1,2026-10-17,31,quantile,0.85,59
2026-10-10,wk inc flu hosp,1,2026-10-17,31,quantile,0.9,69
2026-10-10,wk inc flu hosp,1,2026-10-17,31,quantile,0.95,91
2026-10-10,wk inc flu hosp,1,2026-10-17,31,quantile,0.975,122
2026-10-10,wk inc flu hosp,1,2026-10-17,31,quantile,0.99,186
2026-10-10,wk inc flu hosp,2,2026-10-24,31,quantile,0.01,2
2026-10-10,wk inc flu hosp,2,2026-10-24,31,quantile,0.025,4
2026-10-10,wk inc flu hosp,2,2026-10-24,31,quantile,0.05,5
2026-10-10,wk inc flu hosp,2,2026-10-24,31,quantile,0.1,8
2026-10-10,wk inc flu hosp,2,2026-10-24,31,quantile,0.15,10
2026-10-10,wk inc flu hosp,2,2026-10-24,31,quantile,0.2,12
2026-10-10,wk inc flu hosp,2,2026-10-24,31,quantile,0.25,14
2026-10-10,wk inc flu hosp,2,2026-10-24,31,quantile,0.3,16
2026-10-10,wk inc flu hosp,2,2026-10-24,31,quantile,0.35,19
2026-10-10,wk inc flu hosp,2,2026-10-24,31,quantile,0.4,22
2026-10-10,wk inc flu hosp,2,2026-10-24,31,quantile,0.45,25
2026-10-10,wk inc flu hosp,2,2026-10-24,31,quantile,0.5,30
2026-10-10,wk inc flu hosp,2,2026-10-24,31,quantile,0.55,33
2026-10-10,wk inc flu hosp,2,2026-10-24,31,quantile,0.6,38
2026-10-10,wk inc flu hosp,2,2026-10-24,31,quantile,0.65,43
2026-10-10,wk inc flu hosp,2,2026-10-24,31,quantile,0.7,50
2026-10-10,wk inc flu hosp,2,2026-10-24,31,quantile,0.75,59
2026-10-10,wk inc flu hosp,2,2026-10-24,31,quantile,0.8,72
2026-10-10,wk inc flu hosp,2,2026-10-24,31,quantile,0.85,88
2026-10-10,wk inc flu hosp,2,2026-10-24,31,quantile,0.9,105
2026-10-10,wk inc flu hosp,2,2026-10-24,31,quantile,0.95,143
2026-10-10,wk inc flu hosp,2,2026-10-24,31,quantile,0.975,194
2026-10-10,wk inc flu hosp,2,2026-10-24,31,quantile,0.99,304
2026-10-10,wk inc flu hosp,3,2026-10-31,31,quantile,0.01,2
2026-10-10,wk inc flu hosp,3,2026-10-31,31,quantile,0.025,4
2026-10-10,wk inc flu hosp,3,2026-10-31,31,quantile,0.05,5
2026-10-10,wk inc flu hosp,3,2026-10-31,31,quantile,0.1,8
2026-10-10,wk inc flu hosp,3,2026-10-31,31,quantile,0.15,11
2026-10-10,wk inc flu hosp,3,2026-10-31,31,quantile,0.2,14
2026-10-10,wk inc flu hosp,3,2026-10-31,31,quantile,0.25,16
2026-10-10,wk inc flu hosp,3,2026-10-31,31,quantile,0.3,19
2026-10-10,wk inc flu hosp,3,2026-10-31,31,quantile,0.35,22
2026-10-10,wk inc flu hosp,3,2026-10-31,31,quantile,0.4,26
2026-10-10,wk inc flu hosp,3,2026-10-31,31,quantile,0.45,31
2026-10-10,wk inc flu hosp,3,2026-10-31,31,quantile,0.5,35
2026-10-10,wk inc flu hosp,3,2026-10-31,31,quantile,0.55,41
2026-10-10,wk inc flu hosp,3,2026-10-31,31,quantile,0.6,48
2026-10-10,wk inc flu hosp,3,2026-10-31,31,quantile,0.65,58
2026-10-10,wk inc flu hosp,3,2026-10-31,31,quantile,0.7,68
2026-10-10,wk inc flu hosp,3,2026-10-31,31,quantile,0.75,83
2026-10-10,wk inc flu hosp,3,2026-10-31,31,quantile,0.8,101
2026-10-10,wk inc flu hosp,3,2026-10-31,31,quantile,0.85,128
2026-10-10,wk inc flu hosp,3,2026-10-31,31,quantile,0.9,155
2026-10-10,wk inc flu hosp,3,2026-10-31,31,quantile,0.95,214
2026-10-10,wk inc flu hosp,3,2026-10-31,31,quantile,0.975,294
2026-10-10,wk inc flu hosp,3,2026-10-31,31,quantile,0.99,486
2026-10-10,wk inc flu hosp,0,2026-10-10,32,quantile,0.01,14
2026-10-10,wk inc flu hosp,0,2026-10-10,32,quantile,0.025,19
2026-10-10,wk inc flu hosp,0,2026-10-10,32,quantile,0.05,23
2026-10-10,wk inc flu hosp,0,2026-10-10,32,quantile,0.1,28
2026-10-10,wk inc flu hosp,0,2026-10-10,32,quantile,0.15,33
2026-10-10,wk inc flu hosp,0,2026-10-10,32,quantile,0.2,37
2026-10-10,wk inc flu hosp,0,2026-10-10,32,quantile,0.25,40
2026-10-10,wk inc flu hosp,0,2026-10-10,32,quantile,0.3,43
2026-10-10,wk inc flu hosp,0,2026-10-10,32,quantile,0.35,46
2026-10-10,wk inc flu hosp,0,2026-10-10,32,quantile,0.4,48
2026-10-10,wk inc flu hosp,0,2026-10-10,32,quantile,0.45,50
2026-10-10,wk inc flu hosp,0,2026-10-10,32,quantile,0.5,52
2026-10-10,wk inc flu hosp,0,2026-10-10,32,quantile,0.55,55
2026-10-10,wk inc flu hosp,0,2026-10-10,32,quantile,0.6,59
2026-10-10,wk inc flu hosp,0,2026-10-10,32,quantile,0.65,62
2026-10-10,wk inc flu hosp,0,2026-10-10,32,quantile,0.7,66
2026-10-10,wk inc flu hosp,0,2026-10-10,32,quantile,0.75,71
2026-10-10,wk inc flu hosp,0,2026-10-10,32,quantile,0.8,76
2026-10-10,wk inc flu hosp,0,2026-10-10,32,quantile,0.85,83
2026-10-10,wk inc flu hosp,0,2026-10-10,32,quantile,0.9,94
2026-10-10,wk inc flu hosp,0,2026-10-10,32,quantile,0.95,112
2026-10-10,wk inc flu hosp,0,2026-10-10,32,quantile,0.975,133
2026-10-10,wk inc flu hosp,0,2026-10-10,32,quantile,0.99,158
2026-10-10,wk inc flu hosp,1,2026-10-17,32,quantile,0.01,12
2026-10-10,wk inc flu hosp,1,2026-10-17,32,quantile,0.025,17
2026-10-10,wk inc flu hosp,1,2026-10-17,32,quantile,0.05,22
2026-10-10,wk inc flu hosp,1,2026-10-17,32,quantile,0.1,28
2026-10-10,wk inc flu hosp,1,2026-10-17,32,quantile,0.15,34
2026-10-10,wk inc flu hosp,1,2026-10-17,32,quantile,0.2,39
2026-10-10,wk inc flu hosp,1,2026-10-17,32,quantile,0.25,43
2026-10-10,wk inc flu hosp,1,2026-10-17,32,quantile,0.3,46
2026-10-10,wk inc flu hosp,1,2026-10-17,32,quantile,0.35,50
2026-10-10,wk inc flu hosp,1,2026-10-17,32,quantile,0.4,54
2026-10-10,wk inc flu hosp,1,2026-10-17,32,quantile,0.45,58
2026-10-10,wk inc flu hosp,1,2026-10-17,32,quantile,0.5,63
2026-10-10,wk inc flu hosp,1,2026-10-17,32,quantile,0.55,68
2026-10-10,wk inc flu hosp,1,2026-10-17,32,quantile,0.6,74
2026-10-10,wk inc flu hosp,1,2026-10-17,32,quantile,0.65,80
2026-10-10,wk inc flu hosp,1,2026-10-17,32,quantile,0.7,86
2026-10-10,wk inc flu hosp,1,2026-10-17,32,quantile,0.75,93
2026-10-10,wk inc flu hosp,1,2026-10-17,32,quantile,0.8,104
2026-10-10,wk inc flu hosp,1,2026-10-17,32,quantile,0.85,115
2026-10-10,wk inc flu hosp,1,2026-10-17,32,quantile,0.9,136
2026-10-10,wk inc flu hosp,1,2026-10-17,32,quantile,0.95,172
2026-10-10,wk inc flu hosp,1,2026-10-17,32,quantile,0.975,221
2026-10-10,wk inc flu hosp,1,2026-10-17,32,quantile,0.99,291
2026-10-10,wk inc flu hosp,2,2026-10-24,32,quantile,0.01,9
2026-10-10,wk inc flu hosp,2,2026-10-24,32,quantile,0.025,15
2026-10-10,wk inc flu hosp,2,2026-10-24,32,quantile,0.05,22
2026-10-10,wk inc flu hosp,2,2026-10-24,32,quantile,0.1,29
2026-10-10,wk inc flu hosp,2,2026-10-24,32,quantile,0.15,36
2026-10-10,wk inc flu hosp,2,2026-10-24,32,quantile,0.2,41
2026-10-10,wk inc flu hosp,2,2026-10-24,32,quantile,0.25,47
2026-10-10,wk inc flu hosp,2,2026-10-24,32,quantile,0.3,51
2026-10-10,wk inc flu hosp,2,2026-10-24,32,quantile,0.35,56
2026-10-10,wk inc flu hosp,2,2026-10-24,32,quantile,0.4,61
2026-10-10,wk inc flu hosp,2,2026-10-24,32,quantile,0.45,69
2026-10-10,wk inc flu hosp,2,2026-10-24,32,quantile,0.5,76
2026-10-10,wk inc flu hosp,2,2026-10-24,32,quantile,0.55,82
2026-10-10,wk inc flu hosp,2,2026-10-24,32,quantile,0.6,90
2026-10-10,wk inc flu hosp,2,2026-10-24,32,quantile,0.65,97
2026-10-10,wk inc flu hosp,2,2026-10-24,32,quantile,0.7,108
2026-10-10,wk inc flu hosp,2,2026-10-24,32,quantile,0.75,121
2026-10-10,wk inc flu hosp,2,2026-10-24,32,quantile,0.8,138
2026-10-10,wk inc flu hosp,2,2026-10-24,32,quantile,0.85,159
2026-10-10,wk inc flu hosp,2,2026-10-24,32,quantile,0.9,196
2026-10-10,wk inc flu hosp,2,2026-10-24,32,quantile,0.95,259
2026-10-10,wk inc flu hosp,2,2026-10-24,32,quantile,0.975,337
2026-10-10,wk inc flu hosp,2,2026-10-24,32,quantile,0.99,460
2026-10-10,wk inc flu hosp,3,2026-10-31,32,quantile,0.01,8
2026-10-10,wk inc flu hosp,3,2026-10-31,32,quantile,0.025,14
2026-10-10,wk inc flu hosp,3,2026-10-31,32,quantile,0.05,22
2026-10-10,wk inc flu hosp,3,2026-10-31,32,quantile,0.1,30
2026-10-10,wk inc flu hosp,3,2026-10-31,32,quantile,0.15,37
2026-10-10,wk inc flu hosp,3,2026-10-31,32,quantile,0.2,44
2026-10-10,wk inc flu hosp,3,2026-10-31,32,quantile,0.25,51
2026-10-10,wk inc flu hosp,3,2026-10-31,32,quantile,0.3,57
2026-10-10,wk inc flu hosp,3,2026-10-31,32,quantile,0.35,63
2026-10-10,wk inc flu hosp,3,2026-10-31,32,quantile,0.4,71
2026-10-10,wk inc flu hosp,3,2026-10-31,32,quantile,0.45,80
2026-10-10,wk inc flu hosp,3,2026-10-31,32,quantile,0.5,89
2026-10-10,wk inc flu hosp,3,2026-10-31,32,quantile,0.55,97
2026-10-10,wk inc flu hosp,3,2026-10-31,32,quantile,0.6,109
2026-10-10,wk inc flu hosp,3,2026-10-31,32,quantile,0.65,123
2026-10-10,wk inc flu hosp,3,2026-10-31,32,quantile,0.7,136
2026-10-10,wk inc flu hosp,3,2026-10-31,32,quantile,0.75,155
2026-10-10,wk inc flu hosp,3,2026-10-31,32,quantile,0.8,177
2026-10-10,wk inc flu hosp,3,2026-10-31,32,quantile,0.85,210
2026-10-10,wk inc flu hosp,3,2026-10-31,32,quantile,0.9,262
2026-10-10,wk inc flu hosp,3,2026-10-31,32,quantile,0.95,363
2026-10-10,wk inc flu hosp,3,2026-10-31,32,quantile,0.975,496
2026-10-10,wk inc flu hosp,3,2026-10-31,32,quantile,0.99,726
2026-10-10,wk inc flu hosp,0,2026-10-10,33,quantile,0.01,1
2026-10-10,wk inc flu hosp,0,2026-10-10,33,quantile,0.025,2
2026-10-10,wk inc flu hosp,0,2026-10-10,33,quantile,0.05,2
2026-10-10,wk inc flu hosp,0,2026-10-10,33,quantile,0.1,3
2026-10-10,wk inc flu hosp,0,2026-10-10,33,quantile,0.15,4
2026-10-10,wk inc flu hosp,0,2026-10-10,33,quantile,0.2,5
2026-10-10,wk inc flu hosp,0,2026-10-10,33,quantile,0.25,6
2026-10-10,wk inc flu hosp,0,2026-10-10,33,quantile,0.3,7
2026-10-10,wk inc flu hosp,0,2026-10-10,33,quantile,0.35,8
2026-10-10,wk inc flu hosp,0,2026-10-10,33,quantile,0.4,8
2026-10-10,wk inc flu hosp,0,2026-10-10,33,quantile,0.45,9
2026-10-10,wk inc flu hosp,0,2026-10-10,33,quantile,0.5,10
2026-10-10,wk inc flu hosp,0,2026-10-10,33,quantile,0.55,11
2026-10-10,wk inc flu hosp,0,2026-10-10,33,quantile,0.6,12
2026-10-10,wk inc flu hosp,0,2026-10-10,33,quantile,0.65,13
2026-10-10,wk inc flu hosp,0,2026-10-10,33,quantile,0.7,15
2026-10-10,wk inc flu hosp,0,2026-10-10,33,quantile,0.75,16
2026-10-10,wk inc flu hosp,0,2026-10-10,33,quantile,0.8,18
2026-10-10,wk inc flu hosp,0,2026-10-10,33,quantile,0.85,20
2026-10-10,wk inc flu hosp,0,2026-10-10,33,quantile,0.9,24
2026-10-10,wk inc flu hosp,0,2026-10-10,33,quantile,0.95,30
2026-10-10,wk inc flu hosp,0,2026-10-10,33,quantile,0.975,37
2026-10-10,wk inc flu hosp,0,2026-10-10,33,quantile,0.99,48
2026-10-10,wk inc flu hosp,1,2026-10-17,33,quantile,0.01,1
2026-10-10,wk inc flu hosp,1,2026-10-17,33,quantile,0.025,1
2026-10-10,wk inc flu hosp,1,2026-10-17,33,quantile,0.05,2
2026-10-10,wk inc flu hosp,1,2026-10-17,33,quantile,0.1,4
2026-10-10,wk inc flu hosp,1,2026-10-17,33,quantile,0.15,5
2026-10-10,wk inc flu hosp,1,2026-10-17,33,quantile,0.2,6
2026-10-10,wk inc flu hosp,1,2026-10-17,33,quantile,0.25,7
2026-10-10,wk inc flu hosp,1,2026-10-17,33,quantile,0.3,8
2026-10-10,wk inc flu hosp,1,2026-10-17,33,quantile,0.35,9
2026-10-10,wk inc flu hosp,1,2026-10-17,33,quantile,0.4,10
2026-10-10,wk inc flu hosp,1,2026-10-17,33,quantile,0.45,11
2026-10-10,wk inc flu hosp,1,2026-10-17,33,quantile,0.5,12
2026-10-10,wk inc flu hosp,1,2026-10-17,33,quantile,0.55,14
2026-10-10,wk inc flu hosp,1,2026-10-17,33,quantile,0.6,16
2026-10-10,wk inc flu hosp,1,2026-10-17,33,quantile,0.65,18
2026-10-10,wk inc flu hosp,1,2026-10-17,33,quantile,0.7,20
2026-10-10,wk inc flu hosp,1,2026-10-17,33,quantile,0.75,23
2026-10-10,wk inc flu hosp,1,2026-10-17,33,quantile,0.8,27
2026-10-10,wk inc flu hosp,1,2026-10-17,33,quantile,0.85,32
2026-10-10,wk inc flu hosp,1,2026-10-17,33,quantile,0.9,39
2026-10-10,wk inc flu hosp,1,2026-10-17,33,quantile,0.95,50
2026-10-10,wk inc flu hosp,1,2026-10-17,33,quantile,0.975,64
2026-10-10,wk inc flu hosp,1,2026-10-17,33,quantile,0.99,88
2026-10-10,wk inc flu hosp,2,2026-10-24,33,quantile,0.01,0
2026-10-10,wk inc flu hosp,2,2026-10-24,33,quantile,0.025,1
2026-10-10,wk inc flu hosp,2,2026-10-24,33,quantile,0.05,2
2026-10-10,wk inc flu hosp,2,2026-10-24,33,quantile,0.1,4
2026-10-10,wk inc flu hosp,2,2026-10-24,33,quantile,0.15,5
2026-10-10,wk inc flu hosp,2,2026-10-24,33,quantile,0.2,7
2026-10-10,wk inc flu hosp,2,2026-10-24,33,quantile,0.25,8
2026-10-10,wk inc flu hosp,2,2026-10-24,33,quantile,0.3,9
2026-10-10,wk inc flu hosp,2,2026-10-24,33,quantile,0.35,10
2026-10-10,wk inc flu hosp,2,2026-10-24,33,quantile,0.4,12
2026-10-10,wk inc flu hosp,2,2026-10-24,33,quantile,0.45,14
2026-10-10,wk inc flu hosp,2,2026-10-24,33,quantile,0.5,16
2026-10-10,wk inc flu hosp,2,2026-10-24,33,quantile,0.55,19
2026-10-10,wk inc flu hosp,2,2026-10-24,33,quantile,0.6,21
2026-10-10,wk inc flu hosp,2,2026-10-24,33,quantile,0.65,24
2026-10-10,wk inc flu hosp,2,2026-10-24,33,quantile,0.7,29
2026-10-10,wk inc flu hosp,2,2026-10-24,33,quantile,0.75,34
2026-10-10,wk inc flu hosp,2,2026-10-24,33,quantile,0.8,41
2026-10-10,wk inc flu hosp,2,2026-10-24,33,quantile,0.85,50
2026-10-10,wk inc flu hosp,2,2026-10-24,33,quantile,0.9,64
2026-10-10,wk inc flu hosp,2,2026-10-24,33,quantile,0.95,84
2026-10-10,wk inc flu hosp,2,2026-10-24,33,quantile,0.975,113
2026-10-10,wk inc flu hosp,2,2026-10-24,33,quantile,0.99,161
2026-10-10,wk inc flu hosp,3,2026-10-31,33,quantile,0.01,0
2026-10-10,wk inc flu hosp,3,2026-10-31,33,quantile,0.025,1
2026-10-10,wk inc flu hosp,3,2026-10-31,33,quantile,0.05,2
2026-10-10,wk inc flu hosp,3,2026-10-31,33,quantile,0.1,4
2026-10-10,wk inc flu hosp,3,2026-10-31,33,quantile,0.15,6
2026-10-10,wk inc flu hosp,3,2026-10-31,33,quantile,0.2,7
2026-10-10,wk inc flu hosp,3,2026-10-31,33,quantile,0.25,9
2026-10-10,wk inc flu hosp,3,2026-10-31,33,quantile,0.3,11
2026-10-10,wk inc flu hosp,3,2026-10-31,33,quantile,0.35,13
2026-10-10,wk inc flu hosp,3,2026-10-31,33,quantile,0.4,16
2026-10-10,wk inc flu hosp,3,2026-10-31,33,quantile,0.45,19
2026-10-10,wk inc flu hosp,3,2026-10-31,33,quantile,0.5,21
2026-10-10,wk inc flu hosp,3,2026-10-31,33,quantile,0.55,24
2026-10-10,wk inc flu hosp,3,2026-10-31,33,quantile,0.6,28
2026-10-10,wk inc flu hosp,3,2026-10-31,33,quantile,0.65,34
2026-10-10,wk inc flu hosp,3,2026-10-31,33,quantile,0.7,40
2026-10-10,wk inc flu hosp,3,2026-10-31,33,quantile,0.75,49
2026-10-10,wk inc flu hosp,3,2026-10-31,33,quantile,0.8,59
2026-10-10,wk inc flu hosp,3,2026-10-31,33,quantile,0.85,77
2026-10-10,wk inc flu hosp,3,2026-10-31,33,quantile,0.9,102
2026-10-10,wk inc flu hosp,3,2026-10-31,33,quantile,0.95,140
2026-10-10,wk inc flu hosp,3,2026-10-31,33,quantile,0.975,190
2026-10-10,wk inc flu hosp,3,2026-10-31,33,quantile,0.99,292
2026-10-10,wk inc flu hosp,0,2026-10-10,34,quantile,0.01,18
2026-10-10,wk inc flu hosp,0,2026-10-10,34,quantile,0.025,26
2026-10-10,wk inc flu hosp,0,2026-10-10,34,quantile,0.05,33
2026-10-10,wk inc flu hosp,0,2026-10-10,34,quantile,0.1,40
2026-10-10,wk inc flu hosp,0,2026-10-10,34,quantile,0.15,49
2026-10-10,wk inc flu hosp,0,2026-10-10,34,quantile,0.2,55
2026-10-10,wk inc flu hosp,0,2026-10-10,34,quantile,0.25,60
2026-10-10,wk inc flu hosp,0,2026-10-10,34,quantile,0.3,64
2026-10-10,wk inc flu hosp,0,2026-10-10,34,quantile,0.35,69
2026-10-10,wk inc flu hosp,0,2026-10-10,34,quantile,0.4,73
2026-10-10,wk inc flu hosp,0,2026-10-10,34,quantile,0.45,77
2026-10-10,wk inc flu hosp,0,2026-10-10,34,quantile,0.5,82
2026-10-10,wk inc flu hosp,0,2026-10-10,34,quantile,0.55,87
2026-10-10,wk inc flu hosp,0,2026-10-10,34,quantile,0.6,93
2026-10-10,wk inc flu hosp,0,2026-10-10,34,quantile,0.65,99
2026-10-10,wk inc flu hosp,0,2026-10-10,34,quantile,0.7,106
2026-10-10,wk inc flu hosp,0,2026-10-10,34,quantile,0.75,115
2026-10-10,wk inc flu hosp,0,2026-10-10,34,quantile,0.8,123
2026-10-10,wk inc flu hosp,0,2026-10-10,34,quantile,0.85,135
2026-10-10,wk inc flu hosp,0,2026-10-10,34,quantile,0.9,157
2026-10-10,wk inc flu hosp,0,2026-10-10,34,quantile,0.95,191
2026-10-10,wk inc flu hosp,0,2026-10-10,34,quantile,0.975,224
2026-10-10,wk inc flu hosp,0,2026-10-10,34,quantile,0.99,267
2026-10-10,wk inc flu hosp,1,2026-10-17,34,quantile,0.01,16
2026-10-10,wk inc flu hosp,1,2026-10-17,34,quantile,0.025,23
2026-10-10,wk inc flu hosp,1,2026-10-17,34,quantile,0.05,31
2026-10-10,wk inc flu hosp,1,2026-10-17,34,quantile,0.1,40
2026-10-10,wk inc flu hosp,1,2026-10-17,34,quantile,0.15,49
2026-10-10,wk inc flu hosp,1,2026-10-17,34,quantile,0.2,58
2026-10-10,wk inc flu hosp,1,2026-10-17,34,quantile,0.25,64
2026-10-10,wk inc flu hosp,1,2026-10-17,34,quantile,0.3,70
2026-10-10,wk inc flu hosp,1,2026-10-17,34,quantile,0.35,76
2026-10-10,wk inc flu hosp,1,2026-10-17,34,quantile,0.4,82
2026-10-10,wk inc flu hosp,1,2026-10-17,34,quantile,0.45,88
2026-10-10,wk inc flu hosp,1,2026-10-17,34,quantile,0.5,97
2026-10-10,wk inc flu hosp,1,2026-10-17,34,quantile,0.55,106
2026-10-10,wk inc flu hosp,1,2026-10-17,34,quantile,0.6,117
2026-10-10,wk inc flu hosp,1,2026-10-17,34,quantile,0.65,127
2026-10-10,wk inc flu hosp,1,2026-10-17,34,quantile,0.7,138
2026-10-10,wk inc flu hosp,1,2026-10-17,34,quantile,0.75,151
2026-10-10,wk inc flu hosp,1,2026-10-17,34,quantile,0.8,169
2026-10-10,wk inc flu hosp,1,2026-10-17,34,quantile,0.85,191
2026-10-10,wk inc flu hosp,1,2026-10-17,34,quantile,0.9,230
2026-10-10,wk inc flu hosp,1,2026-10-17,34,quantile,0.95,293
2026-10-10,wk inc flu hosp,1,2026-10-17,34,quantile,0.975,369
2026-10-10,wk inc flu hosp,1,2026-10-17,34,quantile,0.99,488
2026-10-10,wk inc flu hosp,2,2026-10-24,34,quantile,0.01,13
2026-10-10,wk inc flu hosp,2,2026-10-24,34,quantile,0.025,20
2026-10-10,wk inc flu hosp,2,2026-10-24,34,quantile,0.05,30
2026-10-10,wk inc flu hosp,2,2026-10-24,34,quantile,0.1,41
2026-10-10,wk inc flu hosp,2,2026-10-24,34,quantile,0.15,53
2026-10-10,wk inc flu hosp,2,2026-10-24,34,quantile,0.2,61
2026-10-10,wk inc flu hosp,2,2026-10-24,34,quantile,0.25,68
2026-10-10,wk inc flu hosp,2,2026-10-24,34,quantile,0.3,76
2026-10-10,wk inc flu hosp,2,2026-10-24,34,quantile,0.35,84
2026-10-10,wk inc flu hosp,2,2026-10-24,34,quantile,0.4,93
2026-10-10,wk inc flu hosp,2,2026-10-24,34,quantile,0.45,105
2026-10-10,wk inc flu hosp,2,2026-10-24,34,quantile,0.5,119
2026-10-10,wk inc flu hosp,2,2026-10-24,34,quantile,0.55,130
2026-10-10,wk inc flu hosp,2,2026-10-24,34,quantile,0.6,143
2026-10-10,wk inc flu hosp,2,2026-10-24,34,quantile,0.65,156
2026-10-10,wk inc flu hosp,2,2026-10-24,34,quantile,0.7,176
2026-10-10,wk inc flu hosp,2,2026-10-24,34,quantile,0.75,198
2026-10-10,wk inc flu hosp,2,2026-10-24,34,quantile,0.8,226
2026-10-10,wk inc flu hosp,2,2026-10-24,34,quantile,0.85,266
2026-10-10,wk inc flu hosp,2,2026-10-24,34,quantile,0.9,342
2026-10-10,wk inc flu hosp,2,2026-10-24,34,quantile,0.95,459
2026-10-10,wk inc flu hosp,2,2026-10-24,34,quantile,0.975,581
2026-10-10,wk inc flu hosp,2,2026-10-24,34,quantile,0.99,816
2026-10-10,wk inc flu hosp,3,2026-10-31,34,quantile,0.01,11
2026-10-10,wk inc flu hosp,3,2026-10-31,34,quantile,0.025,18
2026-10-10,wk inc flu hosp,3,2026-10-31,34,quantile,0.05,29
2026-10-10,wk inc flu hosp,3,2026-10-31,34,quantile,0.1,42
2026-10-10,wk inc flu hosp,3,2026-10-31,34,quantile,0.15,53
2026-10-10,wk inc flu hosp,3,2026-10-31,34,quantile,0.2,64
2026-10-10,wk inc flu hosp,3,2026-10-31,34,quantile,0.25,74
2026-10-10,wk inc flu hosp,3,2026-10-31,34,quantile,0.3,84
2026-10-10,wk inc flu hosp,3,2026-10-31,34,quantile,0.35,94
2026-10-10,wk inc flu hosp,3,2026-10-31,34,quantile,0.4,109
2026-10-10,wk inc flu hosp,3,2026-10-31,34,quantile,0.45,126
2026-10-10,wk inc flu hosp,3,2026-10-31,34,quantile,0.5,140
2026-10-10,wk inc flu hosp,3,2026-10-31,34,quantile,0.55,155
2026-10-10,wk inc flu hosp,3,2026-10-31,34,quantile,0.6,175
2026-10-10,wk inc flu hosp,3,2026-10-31,34,quantile,0.65,200
2026-10-10,wk inc flu hosp,3,2026-10-31,34,quantile,0.7,225
2026-10-10,wk inc flu hosp,3,2026-10-31,34,quantile,0.75,265
2026-10-10,wk inc flu hosp,3,2026-10-31,34,quantile,0.8,306
2026-10-10,wk inc flu hosp,3,2026-10-31,34,quantile,0.85,371
2026-10-10,wk inc flu hosp,3,2026-10-31,34,quantile,0.9,477
2026-10-10,wk inc flu hosp,3,2026-10-31,34,quantile,0.95,688
2026-10-10,wk inc flu hosp,3,2026-10-31,34,quantile,0.975,879
2026-10-10,wk inc flu hosp,3,2026-10-31,34,quantile,0.99,1307
2026-10-10,wk inc flu hosp,0,2026-10-10,35,quantile,0.01,1
2026-10-10,wk inc flu hosp,0,2026-10-10,35,quantile,0.025,2
2026-10-10,wk inc flu hosp,0,2026-10-10,35,quantile,0.05,3
2026-10-10,wk inc flu hosp,0,2026-10-10,35,quantile,0.1,4
2026-10-10,wk inc flu hosp,0,2026-10-10,35,quantile,0.15,6
2026-10-10,wk inc flu hosp,0,2026-10-10,35,quantile,0.2,7
2026-10-10,wk inc flu hosp,0,2026-10-10,35,quantile,0.25,8
2026-10-10,wk inc flu hosp,0,2026-10-10,35,quantile,0.3,8
2026-10-10,wk inc flu hosp,0,2026-10-10,35,quantile,0.35,9
2026-10-10,wk inc flu hosp,0,2026-10-10,35,quantile,0.4,10
2026-10-10,wk inc flu hosp,0,2026-10-10,35,quantile,0.45,10
2026-10-10,wk inc flu hosp,0,2026-10-10,35,quantile,0.5,12
2026-10-10,wk inc flu hosp,0,2026-10-10,35,quantile,0.55,12
2026-10-10,wk inc flu hosp,0,2026-10-10,35,quantile,0.6,13
2026-10-10,wk inc flu hosp,0,2026-10-10,35,quantile,0.65,14
2026-10-10,wk inc flu hosp,0,2026-10-10,35,quantile,0.7,15
2026-10-10,wk inc flu hosp,0,2026-10-10,35,quantile,0.75,17
2026-10-10,wk inc flu hosp,0,2026-10-10,35,quantile,0.8,18
2026-10-10,wk inc flu hosp,0,2026-10-10,35,quantile,0.85,20
2026-10-10,wk inc flu hosp,0,2026-10-10,35,quantile,0.9,24
2026-10-10,wk inc flu hosp,0,2026-10-10,35,quantile,0.95,30
2026-10-10,wk inc flu hosp,0,2026-10-10,35,quantile,0.975,36
2026-10-10,wk inc flu hosp,0,2026-10-10,35,quantile,0.99,44
2026-10-10,wk inc flu hosp,1,2026-10-17,35,quantile,0.01,1
2026-10-10,wk inc flu hosp,1,2026-10-17,35,quantile,0.025,2
2026-10-10,wk inc flu hosp,1,2026-10-17,35,quantile,0.05,3
2026-10-10,wk inc flu hosp,1,2026-10-17,35,quantile,0.1,4
2026-10-10,wk inc flu hosp,1,2026-10-17,35,quantile,0.15,6
2026-10-10,wk inc flu hosp,1,2026-10-17,35,quantile,0.2,7
2026-10-10,wk inc flu hosp,1,2026-10-17,35,quantile,0.25,8
2026-10-10,wk inc flu hosp,1,2026-10-17,35,quantile,0.3,9
2026-10-10,wk inc flu hosp,1,2026-10-17,35,quantile,0.35,10
2026-10-10,wk inc flu hosp,1,2026-10-17,35,quantile,0.4,11
2026-10-10,wk inc flu hosp,1,2026-10-17,35,quantile,0.45,12
2026-10-10,wk inc flu hosp,1,2026-10-17,35,quantile,0.5,13
2026-10-10,wk inc flu hosp,1,2026-10-17,35,quantile,0.55,14
2026-10-10,wk inc flu hosp,1,2026-10-17,35,quantile,0.6,16
2026-10-10,wk inc flu hosp,1,2026-10-17,35,quantile,0.65,18
2026-10-10,wk inc flu hosp,1,2026-10-17,35,quantile,0.7,19
2026-10-10,wk inc flu hosp,1,2026-10-17,35,quantile,0.75,22
2026-10-10,wk inc flu hosp,1,2026-10-17,35,quantile,0.8,24
2026-10-10,wk inc flu hosp,1,2026-10-17,35,quantile,0.85,28
2026-10-10,wk inc flu hosp,1,2026-10-17,35,quantile,0.9,33
2026-10-10,wk inc flu hosp,1,2026-10-17,35,quantile,0.95,45
2026-10-10,wk inc flu hosp,1,2026-10-17,35,quantile,0.975,58
2026-10-10,wk inc flu hosp,1,2026-10-17,35,quantile,0.99,80
2026-10-10,wk inc flu hosp,2,2026-10-24,35,quantile,0.01,1
2026-10-10,wk inc flu hosp,2,2026-10-24,35,quantile,0.025,2
2026-10-10,wk inc flu hosp,2,2026-10-24,35,quantile,0.05,3
2026-10-10,wk inc flu hosp,2,2026-10-24,35,quantile,0.1,5
2026-10-10,wk inc flu hosp,2,2026-10-24,35,quantile,0.15,6
2026-10-10,wk inc flu hosp,2,2026-10-24,35,quantile,0.2,8
2026-10-10,wk inc flu hosp,2,2026-10-24,35,quantile,0.25,9
2026-10-10,wk inc flu hosp,2,2026-10-24,35,quantile,0.3,10
2026-10-10,wk inc flu hosp,2,2026-10-24,35,quantile,0.35,11
2026-10-10,wk inc flu hosp,2,2026-10-24,35,quantile,0.4,12
2026-10-10,wk inc flu hosp,2,2026-10-24,35,quantile,0.45,14
2026-10-10,wk inc flu hosp,2,2026-10-24,35,quantile,0.5,16
2026-10-10,wk inc flu hosp,2,2026-10-24,35,quantile,0.55,18
2026-10-10,wk inc flu hosp,2,2026-10-24,35,quantile,0.6,20
2026-10-10,wk inc flu hosp,2,2026-10-24,35,quantile,0.65,22
2026-10-10,wk inc flu hosp,2,2026-10-24,35,quantile,0.7,25
2026-10-10,wk inc flu hosp,2,2026-10-24,35,quantile,0.75,28
2026-10-10,wk inc flu hosp,2,2026-10-24,35,quantile,0.8,33
2026-10-10,wk inc flu hosp,2,2026-10-24,35,quantile,0.85,39
2026-10-10,wk inc flu hosp,2,2026-10-24,35,quantile,0.9,50
2026-10-10,wk inc flu hosp,2,2026-10-24,35,quantile,0.95,71
2026-10-10,wk inc flu hosp,2,2026-10-24,35,quantile,0.975,90
2026-10-10,wk inc flu hosp,2,2026-10-24,35,quantile,0.99,130
2026-10-10,wk inc flu hosp,3,2026-10-31,35,quantile,0.01,1
2026-10-10,wk inc flu hosp,3,2026-10-31,35,quantile,0.025,2
2026-10-10,wk inc flu hosp,3,2026-10-31,35,quantile,0.05,3
2026-10-10,wk inc flu hosp,3,2026-10-31,35,quantile,0.1,5
2026-10-10,wk inc flu hosp,3,2026-10-31,35,quantile,0.15,7
2026-10-10,wk inc flu hosp,3,2026-10-31,35,quantile,0.2,9
2026-10-10,wk inc flu hosp,3,2026-10-31,35,quantile,0.25,10
2026-10-10,wk inc flu hosp,3,2026-10-31,35,quantile,0.3,12
2026-10-10,wk inc flu hosp,3,2026-10-31,35,quantile,0.35,13
2026-10-10,wk inc flu hosp,3,2026-10-31,35,quantile,0.4,15
2026-10-10,wk inc flu hosp,3,2026-10-31,35,quantile,0.45,17
2026-10-10,wk inc flu hosp,3,2026-10-31,35,quantile,0.5,19
2026-10-10,wk inc flu hosp,3,2026-10-31,35,quantile,0.55,22
2026-10-10,wk inc flu hosp,3,2026-10-31,35,quantile,0.6,24
2026-10-10,wk inc flu hosp,3,2026-10-31,35,quantile,0.65,28
2026-10-10,wk inc flu hosp,3,2026-10-31,35,quantile,0.7,32
2026-10-10,wk inc flu hosp,3,2026-10-31,35,quantile,0.75,38
2026-10-10,wk inc flu hosp,3,2026-10-31,35,quantile,0.8,45
2026-10-10,wk inc flu hosp,3,2026-10-31,35,quantile,0.85,55
2026-10-10,wk inc flu hosp,3,2026-10-31,35,quantile,0.9,71
2026-10-10,wk inc flu hosp,3,2026-10-31,35,quantile,0.95,106
2026-10-10,wk inc flu hosp,3,2026-10-31,35,quantile,0.975,137
2026-10-10,wk inc flu hosp,3,2026-10-31,35,quantile,0.99,207
2026-10-10,wk inc flu hosp,0,2026-10-10,36,quantile,0.01,38
2026-10-10,wk inc flu hosp,0,2026-10-10,36,quantile,0.025,56
2026-10-10,wk inc flu hosp,0,2026-10-10,36,quantile,0.05,77
2026-10-10,wk inc flu hosp,0,2026-10-10,36,quantile,0.1,98
2026-10-10,wk inc flu hosp,0,2026-10-10,36,quantile,0.15,114
2026-10-10,wk inc flu hosp,0,2026-10-10,36,quantile,0.2,126
2026-10-10,wk inc flu hosp,0,2026-10-10,36,quantile,0.25,135
2026-10-10,wk inc flu hosp,0,2026-10-10,36,quantile,0.3,143
2026-10-10,wk inc flu hosp,0,2026-10-10,36,quantile,0.35,152
2026-10-10,wk inc flu hosp,0,2026-10-10,36,quantile,0.4,159
2026-10-10,wk inc flu hosp,0,2026-10-10,36,quantile,0.45,167
2026-10-10,wk inc flu hosp,0,2026-10-10,36,quantile,0.5,175
2026-10-10,wk inc flu hosp,0,2026-10-10,36,quantile,0.55,184
2026-10-10,wk inc flu hosp,0,2026-10-10,36,quantile,0.6,196
2026-10-10,wk inc flu hosp,0,2026-10-10,36,quantile,0.65,208
2026-10-10,wk inc flu hosp,0,2026-10-10,36,quantile,0.7,221
2026-10-10,wk inc flu hosp,0,2026-10-10,36,quantile,0.75,237
2026-10-10,wk inc flu hosp,0,2026-10-10,36,quantile,0.8,252
2026-10-10,wk inc flu hosp,0,2026-10-10,36,quantile,0.85,271
2026-10-10,wk inc flu hosp,0,2026-10-10,36,quantile,0.9,309
2026-10-10,wk inc flu hosp,0,2026-10-10,36,quantile,0.95,365
2026-10-10,wk inc flu hosp,0,2026-10-10,36,quantile,0.975,430
2026-10-10,wk inc flu hosp,0,2026-10-10,36,quantile,0.99,518
2026-10-10,wk inc flu hosp,1,2026-10-17,36,quantile,0.01,34
2026-10-10,wk inc flu hosp,1,2026-10-17,36,quantile,0.025,55
2026-10-10,wk inc flu hosp,1,2026-10-17,36,quantile,0.05,76
2026-10-10,wk inc flu hosp,1,2026-10-17,36,quantile,0.1,99
2026-10-10,wk inc flu hosp,1,2026-10-17,36,quantile,0.15,120
2026-10-10,wk inc flu hosp,1,2026-10-17,36,quantile,0.2,137
2026-10-10,wk inc flu hosp,1,2026-10-17,36,quantile,0.25,149
2026-10-10,wk inc flu hosp,1,2026-10-17,36,quantile,0.3,161
2026-10-10,wk inc flu hosp,1,2026-10-17,36,quantile,0.35,172
2026-10-10,wk inc flu hosp,1,2026-10-17,36,quantile,0.4,187
2026-10-10,wk inc flu hosp,1,2026-10-17,36,quantile,0.45,202
2026-10-10,wk inc flu hosp,1,2026-10-17,36,quantile,0.5,219
2026-10-10,wk inc flu hosp,1,2026-10-17,36,quantile,0.55,238
2026-10-10,wk inc flu hosp,1,2026-10-17,36,quantile,0.6,259
2026-10-10,wk inc flu hosp,1,2026-10-17,36,quantile,0.65,276
2026-10-10,wk inc flu hosp,1,2026-10-17,36,quantile,0.7,299
2026-10-10,wk inc flu hosp,1,2026-10-17,36,quantile,0.75,323
2026-10-10,wk inc flu hosp,1,2026-10-17,36,quantile,0.8,359
2026-10-10,wk inc flu hosp,1,2026-10-17,36,quantile,0.85,397
2026-10-10,wk inc flu hosp,1,2026-10-17,36,quantile,0.9,467
2026-10-10,wk inc flu hosp,1,2026-10-17,36,quantile,0.95,588
2026-10-10,wk inc flu hosp,1,2026-10-17,36,quantile,0.975,733
2026-10-10,wk inc flu hosp,1,2026-10-17,36,quantile,0.99,968
2026-10-10,wk inc flu hosp,2,2026-10-24,36,quantile,0.01,34
2026-10-10,wk inc flu hosp,2,2026-10-24,36,quantile,0.025,53
2026-10-10,wk inc flu hosp,2,2026-10-24,36,quantile,0.05,77
2026-10-10,wk inc flu hosp,2,2026-10-24,36,quantile,0.1,104
2026-10-10,wk inc flu hosp,2,2026-10-24,36,quantile,0.15,130
2026-10-10,wk inc flu hosp,2,2026-10-24,36,quantile,0.2,149
2026-10-10,wk inc flu hosp,2,2026-10-24,36,quantile,0.25,167
2026-10-10,wk inc flu hosp,2,2026-10-24,36,quantile,0.3,183
2026-10-10,wk inc flu hosp,2,2026-10-24,36,quantile,0.35,205
2026-10-10,wk inc flu hosp,2,2026-10-24,36,quantile,0.4,224
2026-10-10,wk inc flu hosp,2,2026-10-24,36,quantile,0.45,254
2026-10-10,wk inc flu hosp,2,2026-10-24,36,quantile,0.5,285
2026-10-10,wk inc flu hosp,2,2026-10-24,36,quantile,0.55,311
2026-10-10,wk inc flu hosp,2,2026-10-24,36,quantile,0.6,337
2026-10-10,wk inc flu hosp,2,2026-10-24,36,quantile,0.65,364
2026-10-10,wk inc flu hosp,2,2026-10-24,36,quantile,0.7,403
2026-10-10,wk inc flu hosp,2,2026-10-24,36,quantile,0.75,447
2026-10-10,wk inc flu hosp,2,2026-10-24,36,quantile,0.8,496
2026-10-10,wk inc flu hosp,2,2026-10-24,36,quantile,0.85,565
2026-10-10,wk inc flu hosp,2,2026-10-24,36,quantile,0.9,701
2026-10-10,wk inc flu hosp,2,2026-10-24,36,quantile,0.95,927
2026-10-10,wk inc flu hosp,2,2026-10-24,36,quantile,0.975,1173
2026-10-10,wk inc flu hosp,2,2026-10-24,36,quantile,0.99,1566
2026-10-10,wk inc flu hosp,3,2026-10-31,36,quantile,0.01,29
2026-10-10,wk inc flu hosp,3,2026-10-31,36,quantile,0.025,49
2026-10-10,wk inc flu hosp,3,2026-10-31,36,quantile,0.05,80
2026-10-10,wk inc flu hosp,3,2026-10-31,36,quantile,0.1,115
2026-10-10,wk inc flu hosp,3,2026-10-31,36,quantile,0.15,143
2026-10-10,wk inc flu hosp,3,2026-10-31,36,quantile,0.2,168
2026-10-10,wk inc flu hosp,3,2026-10-31,36,quantile,0.25,191
2026-10-10,wk inc flu hosp,3,2026-10-31,36,quantile,0.3,216
2026-10-10,wk inc flu hosp,3,2026-10-31,36,quantile,0.35,246
2026-10-10,wk inc flu hosp,3,2026-10-31,36,quantile,0.4,282
2026-10-10,wk inc flu hosp,3,2026-10-31,36,quantile,0.45,322
2026-10-10,wk inc flu hosp,3,2026-10-31,36,quantile,0.5,354
2026-10-10,wk inc flu hosp,3,2026-10-31,36,quantile,0.55,388
2026-10-10,wk inc flu hosp,3,2026-10-31,36,quantile,0.6,436
2026-10-10,wk inc flu hosp,3,2026-10-31,36,quantile,0.65,490
2026-10-10,wk inc flu hosp,3,2026-10-31,36,quantile,0.7,533
2026-10-10,wk inc flu hosp,3,2026-10-31,36,quantile,0.75,609
2026-10-10,wk inc flu hosp,3,2026-10-31,36,quantile,0.8,691
2026-10-10,wk inc flu hosp,3,2026-10-31,36,quantile,0.85,796
2026-10-10,wk inc flu hosp,3,2026-10-31,36,quantile,0.9,987
2026-10-10,wk inc flu hosp,3,2026-10-31,36,quantile,0.95,1366
2026-10-10,wk inc flu hosp,3,2026-10-31,36,quantile,0.975,1795
2026-10-10,wk inc flu hosp,3,2026-10-31,36,quantile,0.99,2580
2026-10-10,wk inc flu hosp,0,2026-10-10,37,quantile,0.01,21
2026-10-10,wk inc flu hosp,0,2026-10-10,37,quantile,0.025,28
2026-10-10,wk inc flu hosp,0,2026-10-10,37,quantile,0.05,36
2026-10-10,wk inc flu hosp,0,2026-10-10,37,quantile,0.1,46
2026-10-10,wk inc flu hosp,0,2026-10-10,37,quantile,0.15,54
2026-10-10,wk inc flu hosp,0,2026-10-10,37,quantile,0.2,61
2026-10-10,wk inc flu hosp,0,2026-10-10,37,quantile,0.25,66
2026-10-10,wk inc flu hosp,0,2026-10-10,37,quantile,0.3,71
2026-10-10,wk inc flu hosp,0,2026-10-10,37,quantile,0.35,76
2026-10-10,wk inc flu hosp,0,2026-10-10,37,quantile,0.4,79
2026-10-10,wk inc flu hosp,0,2026-10-10,37,quantile,0.45,84
2026-10-10,wk inc flu hosp,0,2026-10-10,37,quantile,0.5,88
2026-10-10,wk inc flu hosp,0,2026-10-10,37,quantile,0.55,94
2026-10-10,wk inc flu hosp,0,2026-10-10,37,quantile,0.6,100
2026-10-10,wk inc flu hosp,0,2026-10-10,37,quantile,0.65,107
2026-10-10,wk inc flu hosp,0,2026-10-10,37,quantile,0.7,114
2026-10-10,wk inc flu hosp,0,2026-10-10,37,quantile,0.75,122
2026-10-10,wk inc flu hosp,0,2026-10-10,37,quantile,0.8,132
2026-10-10,wk inc flu hosp,0,2026-10-10,37,quantile,0.85,144
2026-10-10,wk inc flu hosp,0,2026-10-10,37,quantile,0.9,167
2026-10-10,wk inc flu hosp,0,2026-10-10,37,quantile,0.95,202
2026-10-10,wk inc flu hosp,0,2026-10-10,37,quantile,0.975,242
2026-10-10,wk inc flu hosp,0,2026-10-10,37,quantile,0.99,287
2026-10-10,wk inc flu hosp,1,2026-10-17,37,quantile,0.01,19
2026-10-10,wk inc flu hosp,1,2026-10-17,37,quantile,0.025,27
2026-10-10,wk inc flu hosp,1,2026-10-17,37,quantile,0.05,35
2026-10-10,wk inc flu hosp,1,2026-10-17,37,quantile,0.1,46
2026-10-10,wk inc flu hosp,1,2026-10-17,37,quantile,0.15,56
2026-10-10,wk inc flu hosp,1,2026-10-17,37,quantile,0.2,65
2026-10-10,wk inc flu hosp,1,2026-10-17,37,quantile,0.25,71
2026-10-10,wk inc flu hosp,1,2026-10-17,37,quantile,0.3,78
2026-10-10,wk inc flu hosp,1,2026-10-17,37,quantile,0.35,84
2026-10-10,wk inc flu hosp,1,2026-10-17,37,quantile,0.4,91
2026-10-10,wk inc flu hosp,1,2026-10-17,37,quantile,0.45,97
2026-10-10,wk inc flu hosp,1,2026-10-17,37,quantile,0.5,106
2026-10-10,wk inc flu hosp,1,2026-10-17,37,quantile,0.55,116
2026-10-10,wk inc flu hosp,1,2026-10-17,37,quantile,0.6,128
2026-10-10,wk inc flu hosp,1,2026-10-17,37,quantile,0.65,138
2026-10-10,wk inc flu hosp,1,2026-10-17,37,quantile,0.7,149
2026-10-10,wk inc flu hosp,1,2026-10-17,37,quantile,0.75,163
2026-10-10,wk inc flu hosp,1,2026-10-17,37,quantile,0.8,183
2026-10-10,wk inc flu hosp,1,2026-10-17,37,quantile,0.85,206
2026-10-10,wk inc flu hosp,1,2026-10-17,37,quantile,0.9,246
2026-10-10,wk inc flu hosp,1,2026-10-17,37,quantile,0.95,320
2026-10-10,wk inc flu hosp,1,2026-10-17,37,quantile,0.975,397
2026-10-10,wk inc flu hosp,1,2026-10-17,37,quantile,0.99,524
2026-10-10,wk inc flu hosp,2,2026-10-24,37,quantile,0.01,15
2026-10-10,wk inc flu hosp,2,2026-10-24,37,quantile,0.025,24
2026-10-10,wk inc flu hosp,2,2026-10-24,37,quantile,0.05,36
2026-10-10,wk inc flu hosp,2,2026-10-24,37,quantile,0.1,47
2026-10-10,wk inc flu hosp,2,2026-10-24,37,quantile,0.15,60
2026-10-10,wk inc flu hosp,2,2026-10-24,37,quantile,0.2,69
2026-10-10,wk inc flu hosp,2,2026-10-24,37,quantile,0.25,78
2026-10-10,wk inc flu hosp,2,2026-10-24,37,quantile,0.3,85
2026-10-10,wk inc flu hosp,2,2026-10-24,37,quantile,0.35,94
2026-10-10,wk inc flu hosp,2,2026-10-24,37,quantile,0.4,104
2026-10-10,wk inc flu hosp,2,2026-10-24,37,quantile,0.45,116
2026-10-10,wk inc flu hosp,2,2026-10-24,37,quantile,0.5,130
2026-10-10,wk inc flu hosp,2,2026-10-24,37,quantile,0.55,142
2026-10-10,wk inc flu hosp,2,2026-10-24,37,quantile,0.6,155
2026-10-10,wk inc flu hosp,2,2026-10-24,37,quantile,0.65,169
2026-10-10,wk inc flu hosp,2,2026-10-24,37,quantile,0.7,191
2026-10-10,wk inc flu hosp,2,2026-10-24,37,quantile,0.75,214
2026-10-10,wk inc flu hosp,2,2026-10-24,37,quantile,0.8,248
2026-10-10,wk inc flu hosp,2,2026-10-24,37,quantile,0.85,295
2026-10-10,wk inc flu hosp,2,2026-10-24,37,quantile,0.9,378
2026-10-10,wk inc flu hosp,2,2026-10-24,37,quantile,0.95,509
2026-10-10,wk inc flu hosp,2,2026-10-24,37,quantile,0.975,644
2026-10-10,wk inc flu hosp,2,2026-10-24,37,quantile,0.99,867
2026-10-10,wk inc flu hosp,3,2026-10-31,37,quantile,0.01,14
2026-10-10,wk inc flu hosp,3,2026-10-31,37,quantile,0.025,23
2026-10-10,wk inc flu hosp,3,2026-10-31,37,quantile,0.05,35
2026-10-10,wk inc flu hosp,3,2026-10-31,37,quantile,0.1,49
2026-10-10,wk inc flu hosp,3,2026-10-31,37,quantile,0.15,64
2026-10-10,wk inc flu hosp,3,2026-10-31,37,quantile,0.2,75
2026-10-10,wk inc flu hosp,3,2026-10-31,37,quantile,0.25,86
2026-10-10,wk inc flu hosp,3,2026-10-31,37,quantile,0.3,97
2026-10-10,wk inc flu hosp,3,2026-10-31,37,quantile,0.35,108
2026-10-10,wk inc flu hosp,3,2026-10-31,37,quantile,0.4,125
2026-10-10,wk inc flu hosp,3,2026-10-31,37,quantile,0.45,142
2026-10-10,wk inc flu hosp,3,2026-10-31,37,quantile,0.5,157
2026-10-10,wk inc flu hosp,3,2026-10-31,37,quantile,0.55,173
2026-10-10,wk inc flu hosp,3,2026-10-31,37,quantile,0.6,194
2026-10-10,wk inc flu hosp,3,2026-10-31,37,quantile,0.65,222
2026-10-10,wk inc flu hosp,3,2026-10-31,37,quantile,0.7,252
2026-10-10,wk inc flu hosp,3,2026-10-31,37,quantile,0.75,292
2026-10-10,wk inc flu hosp,3,2026-10-31,37,quantile,0.8,340
2026-10-10,wk inc flu hosp,3,2026-10-31,37,quantile,0.85,407
2026-10-10,wk inc flu hosp,3,2026-10-31,37,quantile,0.9,533
2026-10-10,wk inc flu hosp,3,2026-10-31,37,quantile,0.95,785
2026-10-10,wk inc flu hosp,3,2026-10-31,37,quantile,0.975,991
2026-10-10,wk inc flu hosp,3,2026-10-31,37,quantile,0.99,1454
2026-10-10,wk inc flu hosp,0,2026-10-10,38,quantile,0.01,0
2026-10-10,wk inc flu hosp,0,2026-10-10,38,quantile,0.025,1
2026-10-10,wk inc flu hosp,0,2026-10-10,38,quantile,0.05,1
2026-10-10,wk inc flu hosp,0,2026-10-10,38,quantile,0.1,2
2026-10-10,wk inc flu hosp,0,2026-10-10,38,quantile,0.15,2
2026-10-10,wk inc flu hosp,0,2026-10-10,38,quantile,0.2,3
2026-10-10,wk inc flu hosp,0,2026-10-10,38,quantile,0.25,3
2026-10-10,wk inc flu hosp,0,2026-10-10,38,quantile,0.3,4
2026-10-10,wk inc flu hosp,0,2026-10-10,38,quantile,0.35,4
2026-10-10,wk inc flu hosp,0,2026-10-10,38,quantile,0.4,5
2026-10-10,wk inc flu hosp,0,2026-10-10,38,quantile,0.45,5
2026-10-10,wk inc flu hosp,0,2026-10-10,38,quantile,0.5,5
2026-10-10,wk inc flu hosp,0,2026-10-10,38,quantile,0.55,6
2026-10-10,wk inc flu hosp,0,2026-10-10,38,quantile,0.6,6
2026-10-10,wk inc flu hosp,0,2026-10-10,38,quantile,0.65,7
2026-10-10,wk inc flu hosp,0,2026-10-10,38,quantile,0.7,7
2026-10-10,wk inc flu hosp,0,2026-10-10,38,quantile,0.75,8
2026-10-10,wk inc flu hosp,0,2026-10-10,38,quantile,0.8,9
2026-10-10,wk inc flu hosp,0,2026-10-10,38,quantile,0.85,10
2026-10-10,wk inc flu hosp,0,2026-10-10,38,quantile,0.9,12
2026-10-10,wk inc flu hosp,0,2026-10-10,38,quantile,0.95,15
2026-10-10,wk inc flu hosp,0,2026-10-10,38,quantile,0.975,18
2026-10-10,wk inc flu hosp,0,2026-10-10,38,quantile,0.99,23
2026-10-10,wk inc flu hosp,1,2026-10-17,38,quantile,0.01,0
2026-10-10,wk inc flu hosp,1,2026-10-17,38,quantile,0.025,1
2026-10-10,wk inc flu hosp,1,2026-10-17,38,quantile,0.05,1
2026-10-10,wk inc flu hosp,1,2026-10-17,38,quantile,0.1,2
2026-10-10,wk inc flu hosp,1,2026-10-17,38,quantile,0.15,2
2026-10-10,wk inc flu hosp,1,2026-10-17,38,quantile,0.2,3
2026-10-10,wk inc flu hosp,1,2026-10-17,38,quantile,0.25,4
2026-10-10,wk inc flu hosp,1,2026-10-17,38,quantile,0.3,4
2026-10-10,wk inc flu hosp,1,2026-10-17,38,quantile,0.35,4
2026-10-10,wk inc flu hosp,1,2026-10-17,38,quantile,0.4,5
2026-10-10,wk inc flu hosp,1,2026-10-17,38,quantile,0.45,5
2026-10-10,wk inc flu hosp,1,2026-10-17,38,quantile,0.5,6
2026-10-10,wk inc flu hosp,1,2026-10-17,38,quantile,0.55,7
2026-10-10,wk inc flu hosp,1,2026-10-17,38,quantile,0.6,8
2026-10-10,wk inc flu hosp,1,2026-10-17,38,quantile,0.65,8
2026-10-10,wk inc flu hosp,1,2026-10-17,38,quantile,0.7,9
2026-10-10,wk inc flu hosp,1,2026-10-17,38,quantile,0.75,10
2026-10-10,wk inc flu hosp,1,2026-10-17,38,quantile,0.8,12
2026-10-10,wk inc flu hosp,1,2026-10-17,38,quantile,0.85,14
2026-10-10,wk inc flu hosp,1,2026-10-17,38,quantile,0.9,16
2026-10-10,wk inc flu hosp,1,2026-10-17,38,quantile,0.95,22
2026-10-10,wk inc flu hosp,1,2026-10-17,38,quantile,0.975,30
2026-10-10,wk inc flu hosp,1,2026-10-17,38,quantile,0.99,43
2026-10-10,wk inc flu hosp,2,2026-10-24,38,quantile,0.01,0
2026-10-10,wk inc flu hosp,2,2026-10-24,38,quantile,0.025,1
2026-10-10,wk inc flu hosp,2,2026-10-24,38,quantile,0.05,1
2026-10-10,wk inc flu hosp,2,2026-10-24,38,quantile,0.1,2
2026-10-10,wk inc flu hosp,2,2026-10-24,38,quantile,0.15,3
2026-10-10,wk inc flu hosp,2,2026-10-24,38,quantile,0.2,3
2026-10-10,wk inc flu hosp,2,2026-10-24,38,quantile,0.25,4
2026-10-10,wk inc flu hosp,2,2026-10-24,38,quantile,0.3,4
2026-10-10,wk inc flu hosp,2,2026-10-24,38,quantile,0.35,5
2026-10-10,wk inc flu hosp,2,2026-10-24,38,quantile,0.4,6
2026-10-10,wk inc flu hosp,2,2026-10-24,38,quantile,0.45,7
2026-10-10,wk inc flu hosp,2,2026-10-24,38,quantile,0.5,7
2026-10-10,wk inc flu hosp,2,2026-10-24,38,quantile,0.55,8
2026-10-10,wk inc flu hosp,2,2026-10-24,38,quantile,0.6,9
2026-10-10,wk inc flu hosp,2,2026-10-24,38,quantile,0.65,10
2026-10-10,wk inc flu hosp,2,2026-10-24,38,quantile,0.7,12
2026-10-10,wk inc flu hosp,2,2026-10-24,38,quantile,0.75,13
2026-10-10,wk inc flu hosp,2,2026-10-24,38,quantile,0.8,16
2026-10-10,wk inc flu hosp,2,2026-10-24,38,quantile,0.85,19
2026-10-10,wk inc flu hosp,2,2026-10-24,38,quantile,0.9,24
2026-10-10,wk inc flu hosp,2,2026-10-24,38,quantile,0.95,34
2026-10-10,wk inc flu hosp,2,2026-10-24,38,quantile,0.975,46
2026-10-10,wk inc flu hosp,2,2026-10-24,38,quantile,0.99,67
2026-10-10,wk inc flu hosp,3,2026-10-31,38,quantile,0.01,0
2026-10-10,wk inc flu hosp,3,2026-10-31,38,quantile,0.025,0
2026-10-10,wk inc flu hosp,3,2026-10-31,38,quantile,0.05,1
2026-10-10,wk inc flu hosp,3,2026-10-31,38,quantile,0.1,2
2026-10-10,wk inc flu hosp,3,2026-10-31,38,quantile,0.15,3
2026-10-10,wk inc flu hosp,3,2026-10-31,38,quantile,0.2,4
2026-10-10,wk inc flu hosp,3,2026-10-31,38,quantile,0.25,4
2026-10-10,wk inc flu hosp,3,2026-10-31,38,quantile,0.3,5
2026-10-10,wk inc flu hosp,3,2026-10-31,38,quantile,0.35,6
2026-10-10,wk inc flu hosp,3,2026-10-31,38,quantile,0.4,7
2026-10-10,wk inc flu hosp,3,2026-10-31,38,quantile,0.45,8
2026-10-10,wk inc flu hosp,3,2026-10-31,38,quantile,0.5,9
2026-10-10,wk inc flu hosp,3,2026-10-31,38,quantile,0.55,10
2026-10-10,wk inc flu hosp,3,2026-10-31,38,quantile,0.6,11
2026-10-10,wk inc flu hosp,3,2026-10-31,38,quantile,0.65,13
2026-10-10,wk inc flu hosp,3,2026-10-31,38,quantile,0.7,15
2026-10-10,wk inc flu hosp,3,2026-10-31,38,quantile,0.75,17
2026-10-10,wk inc flu hosp,3,2026-10-31,38,quantile,0.8,20
2026-10-10,wk inc flu hosp,3,2026-10-31,38,quantile,0.85,25
2026-10-10,wk inc flu hosp,3,2026-10-31,38,quantile,0.9,32
2026-10-10,wk inc flu hosp,3,2026-10-31,38,quantile,0.95,48
2026-10-10,wk inc flu hosp,3,2026-10-31,38,quantile,0.975,67
2026-10-10,wk inc flu hosp,3,2026-10-31,38,quantile,0.99,102
2026-10-10,wk inc flu hosp,0,2026-10-10,39,quantile,0.01,18
2026-10-10,wk inc flu hosp,0,2026-10-10,39,quantile,0.025,25
2026-10-10,wk inc flu hosp,0,2026-10-10,39,quantile,0.05,33
2026-10-10,wk inc flu hosp,0,2026-10-10,39,quantile,0.1,42
2026-10-10,wk inc flu hosp,0,2026-10-10,39,quantile,0.15,50
2026-10-10,wk inc flu hosp,0,2026-10-10,39,quantile,0.2,56
2026-10-10,wk inc flu hosp,0,2026-10-10,39,quantile,0.25,61
2026-10-10,wk inc flu hosp,0,2026-10-10,39,quantile,0.3,65
2026-10-10,wk inc flu hosp,0,2026-10-10,39,quantile,0.35,69
2026-10-10,wk inc flu hosp,0,2026-10-10,39,quantile,0.4,72
2026-10-10,wk inc flu hosp,0,2026-10-10,39,quantile,0.45,75
2026-10-10,wk inc flu hosp,0,2026-10-10,39,quantile,0.5,79
2026-10-10,wk inc flu hosp,0,2026-10-10,39,quantile,0.55,84
2026-10-10,wk inc flu hosp,0,2026-10-10,39,quantile,0.6,90
2026-10-10,wk inc flu hosp,0,2026-10-10,39,quantile,0.65,95
2026-10-10,wk inc flu hosp,0,2026-10-10,39,quantile,0.7,101
2026-10-10,wk inc flu hosp,0,2026-10-10,39,quantile,0.75,109
2026-10-10,wk inc flu hosp,0,2026-10-10,39,quantile,0.8,116
2026-10-10,wk inc flu hosp,0,2026-10-10,39,quantile,0.85,126
2026-10-10,wk inc flu hosp,0,2026-10-10,39,quantile,0.9,146
2026-10-10,wk inc flu hosp,0,2026-10-10,39,quantile,0.95,177
2026-10-10,wk inc flu hosp,0,2026-10-10,39,quantile,0.975,213
2026-10-10,wk inc flu hosp,0,2026-10-10,39,quantile,0.99,256
2026-10-10,wk inc flu hosp,1,2026-10-17,39,quantile,0.01,15
2026-10-10,wk inc flu hosp,1,2026-10-17,39,quantile,0.025,24
2026-10-10,wk inc flu hosp,1,2026-10-17,39,quantile,0.05,32
2026-10-10,wk inc flu hosp,1,2026-10-17,39,quantile,0.1,42
2026-10-10,wk inc flu hosp,1,2026-10-17,39,quantile,0.15,51
2026-10-10,wk inc flu hosp,1,2026-10-17,39,quantile,0.2,59
2026-10-10,wk inc flu hosp,1,2026-10-17,39,quantile,0.25,65
2026-10-10,wk inc flu hosp,1,2026-10-17,39,quantile,0.3,71
2026-10-10,wk inc flu hosp,1,2026-10-17,39,quantile,0.35,76
2026-10-10,wk inc flu hosp,1,2026-10-17,39,quantile,0.4,81
2026-10-10,wk inc flu hosp,1,2026-10-17,39,quantile,0.45,87
2026-10-10,wk inc flu hosp,1,2026-10-17,39,quantile,0.5,96
2026-10-10,wk inc flu hosp,1,2026-10-17,39,quantile,0.55,103
2026-10-10,wk inc flu hosp,1,2026-10-17,39,quantile,0.6,113
2026-10-10,wk inc flu hosp,1,2026-10-17,39,quantile,0.65,122
2026-10-10,wk inc flu hosp,1,2026-10-17,39,quantile,0.7,131
2026-10-10,wk inc flu hosp,1,2026-10-17,39,quantile,0.75,142
2026-10-10,wk inc flu hosp,1,2026-10-17,39,quantile,0.8,161
2026-10-10,wk inc flu hosp,1,2026-10-17,39,quantile,0.85,179
2026-10-10,wk inc flu hosp,1,2026-10-17,39,quantile,0.9,216
2026-10-10,wk inc flu hosp,1,2026-10-17,39,quantile,0.95,283
2026-10-10,wk inc flu hosp,1,2026-10-17,39,quantile,0.975,359
2026-10-10,wk inc flu hosp,1,2026-10-17,39,quantile,0.99,479
2026-10-10,wk inc flu hosp,2,2026-10-24,39,quantile,0.01,13
2026-10-10,wk inc flu hosp,2,2026-10-24,39,quantile,0.025,22
2026-10-10,wk inc flu hosp,2,2026-10-24,39,quantile,0.05,32
2026-10-10,wk inc flu hosp,2,2026-10-24,39,quantile,0.1,44
2026-10-10,wk inc flu hosp,2,2026-10-24,39,quantile,0.15,55
2026-10-10,wk inc flu hosp,2,2026-10-24,39,quantile,0.2,63
2026-10-10,wk inc flu hosp,2,2026-10-24,39,quantile,0.25,70
2026-10-10,wk inc flu hosp,2,2026-10-24,39,quantile,0.3,77
2026-10-10,wk inc flu hosp,2,2026-10-24,39,quantile,0.35,85
2026-10-10,wk inc flu hosp,2,2026-10-24,39,quantile,0.4,93
2026-10-10,wk inc flu hosp,2,2026-10-24,39,quantile,0.45,104
2026-10-10,wk inc flu hosp,2,2026-10-24,39,quantile,0.5,117
2026-10-10,wk inc flu hosp,2,2026-10-24,39,quantile,0.55,127
2026-10-10,wk inc flu hosp,2,2026-10-24,39,quantile,0.6,139
2026-10-10,wk inc flu hosp,2,2026-10-24,39,quantile,0.65,150
2026-10-10,wk inc flu hosp,2,2026-10-24,39,quantile,0.7,170
2026-10-10,wk inc flu hosp,2,2026-10-24,39,quantile,0.75,190
2026-10-10,wk inc flu hosp,2,2026-10-24,39,quantile,0.8,216
2026-10-10,wk inc flu hosp,2,2026-10-24,39,quantile,0.85,255
2026-10-10,wk inc flu hosp,2,2026-10-24,39,quantile,0.9,324
2026-10-10,wk inc flu hosp,2,2026-10-24,39,quantile,0.95,454
2026-10-10,wk inc flu hosp,2,2026-10-24,39,quantile,0.975,567
2026-10-10,wk inc flu hosp,2,2026-10-24,39,quantile,0.99,773
2026-10-10,wk inc flu hosp,3,2026-10-31,39,quantile,0.01,13
2026-10-10,wk inc flu hosp,3,2026-10-31,39,quantile,0.025,21
2026-10-10,wk inc flu hosp,3,2026-10-31,39,quantile,0.05,31
2026-10-10,wk inc flu hosp,3,2026-10-31,39,quantile,0.1,44
2026-10-10,wk inc flu hosp,3,2026-10-31,39,quantile,0.15,58
2026-10-10,wk inc flu hosp,3,2026-10-31,39,quantile,0.2,68
2026-10-10,wk inc flu hosp,3,2026-10-31,39,quantile,0.25,78
2026-10-10,wk inc flu hosp,3,2026-10-31,39,quantile,0.3,88
2026-10-10,wk inc flu hosp,3,2026-10-31,39,quantile,0.35,98
2026-10-10,wk inc flu hosp,3,2026-10-31,39,quantile,0.4,113
2026-10-10,wk inc flu hosp,3,2026-10-31,39,quantile,0.45,127
2026-10-10,wk inc flu hosp,3,2026-10-31,39,quantile,0.5,140
2026-10-10,wk inc flu hosp,3,2026-10-31,39,quantile,0.55,154
2026-10-10,wk inc flu hosp,3,2026-10-31,39,quantile,0.6,171
2026-10-10,wk inc flu hosp,3,2026-10-31,39,quantile,0.65,197
2026-10-10,wk inc flu hosp,3,2026-10-31,39,quantile,0.7,222
2026-10-10,wk inc flu hosp,3,2026-10-31,39,quantile,0.75,260
2026-10-10,wk inc flu hosp,3,2026-10-31,39,quantile,0.8,298
2026-10-10,wk inc flu hosp,3,2026-10-31,39,quantile,0.85,357
2026-10-10,wk inc flu hosp,3,2026-10-31,39,quantile,0.9,467
2026-10-10,wk inc flu hosp,3,2026-10-31,39,quantile,0.95,675
2026-10-10,wk inc flu hosp,3,2026-10-31,39,quantile,0.975,881
2026-10-10,wk inc flu hosp,3,2026-10-31,39,quantile,0.99,1292
2026-10-10,wk inc flu hosp,0,2026-10-10,40,quantile,0.01,6
2026-10-10,wk inc flu hosp,0,2026-10-10,40,quantile,0.025,9
2026-10-10,wk inc flu hosp,0,2026-10-10,40,quantile,0.05,12
2026-10-10,wk inc flu hosp,0,2026-10-10,40,quantile,0.1,14
2026-10-10,wk inc flu hosp,0,2026-10-10,40,quantile,0.15,17
2026-10-10,wk inc flu hosp,0,2026-10-10,40,quantile,0.2,20
2026-10-10,wk inc flu hosp,0,2026-10-10,40,quantile,0.25,21
2026-10-10,wk inc flu hosp,0,2026-10-10,40,quantile,0.3,23
2026-10-10,wk inc flu hosp,0,2026-10-10,40,quantile,0.35,24
2026-10-10,wk inc flu hosp,0,2026-10-10,40,quantile,0.4,26
2026-10-10,wk inc flu hosp,0,2026-10-10,40,quantile,0.45,27
2026-10-10,wk inc flu hosp,0,2026-10-10,40,quantile,0.5,29
2026-10-10,wk inc flu hosp,0,2026-10-10,40,quantile,0.55,31
2026-10-10,wk inc flu hosp,0,2026-10-10,40,quantile,0.6,33
2026-10-10,wk inc flu hosp,0,2026-10-10,40,quantile,0.65,36
2026-10-10,wk inc flu hosp,0,2026-10-10,40,quantile,0.7,38
2026-10-10,wk inc flu hosp,0,2026-10-10,40,quantile,0.75,42
2026-10-10,wk inc flu hosp,0,2026-10-10,40,quantile,0.8,45
2026-10-10,wk inc flu hosp,0,2026-10-10,40,quantile,0.85,50
2026-10-10,wk inc flu hosp,0,2026-10-10,40,quantile,0.9,58
2026-10-10,wk inc flu hosp,0,2026-10-10,40,quantile,0.95,71
2026-10-10,wk inc flu hosp,0,2026-10-10,40,quantile,0.975,83
2026-10-10,wk inc flu hosp,0,2026-10-10,40,quantile,0.99,100
2026-10-10,wk inc flu hosp,1,2026-10-17,40,quantile,0.01,6
2026-10-10,wk inc flu hosp,1,2026-10-17,40,quantile,0.025,8
2026-10-10,wk inc flu hosp,1,2026-10-17,40,quantile,0.05,11
2026-10-10,wk inc flu hosp,1,2026-10-17,40,quantile,0.1,14
2026-10-10,wk inc flu hosp,1,2026-10-17,40,quantile,0.15,17
2026-10-10,wk inc flu hosp,1,2026-10-17,40,quantile,0.2,20
2026-10-10,wk inc flu hosp,1,2026-10-17,40,quantile,0.25,22
2026-10-10,wk inc flu hosp,1,2026-10-17,40,quantile,0.3,25
2026-10-10,wk inc flu hosp,1,2026-10-17,40,quantile,0.35,27
2026-10-10,wk inc flu hosp,1,2026-10-17,40,quantile,0.4,29
2026-10-10,wk inc flu hosp,1,2026-10-17,40,quantile,0.45,31
2026-10-10,wk inc flu hosp,1,2026-10-17,40,quantile,0.5,34
2026-10-10,wk inc flu hosp,1,2026-10-17,40,quantile,0.55,38
2026-10-10,wk inc flu hosp,1,2026-10-17,40,quantile,0.6,42
2026-10-10,wk inc flu hosp,1,2026-10-17,40,quantile,0.65,45
2026-10-10,wk inc flu hosp,1,2026-10-17,40,quantile,0.7,50
2026-10-10,wk inc flu hosp,1,2026-10-17,40,quantile,0.75,55
2026-10-10,wk inc flu hosp,1,2026-10-17,40,quantile,0.8,62
2026-10-10,wk inc flu hosp,1,2026-10-17,40,quantile,0.85,70
2026-10-10,wk inc flu hosp,1,2026-10-17,40,quantile,0.9,85
2026-10-10,wk inc flu hosp,1,2026-10-17,40,quantile,0.95,108
2026-10-10,wk inc flu hosp,1,2026-10-17,40,quantile,0.975,136
2026-10-10,wk inc flu hosp,1,2026-10-17,40,quantile,0.99,179
2026-10-10,wk inc flu hosp,2,2026-10-24,40,quantile,0.01,5
2026-10-10,wk inc flu hosp,2,2026-10-24,40,quantile,0.025,7
2026-10-10,wk inc flu hosp,2,2026-10-24,40,quantile,0.05,10
2026-10-10,wk inc flu hosp,2,2026-10-24,40,quantile,0.1,14
2026-10-10,wk inc flu hosp,2,2026-10-24,40,quantile,0.15,18
2026-10-10,wk inc flu hosp,2,2026-10-24,40,quantile,0.2,21
2026-10-10,wk inc flu hosp,2,2026-10-24,40,quantile,0.25,24
2026-10-10,wk inc flu hosp,2,2026-10-24,40,quantile,0.3,27
2026-10-10,wk inc flu hosp,2,2026-10-24,40,quantile,0.35,30
2026-10-10,wk inc flu hosp,2,2026-10-24,40,quantile,0.4,34
2026-10-10,wk inc flu hosp,2,2026-10-24,40,quantile,0.45,38
2026-10-10,wk inc flu hosp,2,2026-10-24,40,quantile,0.5,43
2026-10-10,wk inc flu hosp,2,2026-10-24,40,quantile,0.55,47
2026-10-10,wk inc flu hosp,2,2026-10-24,40,quantile,0.6,52
2026-10-10,wk inc flu hosp,2,2026-10-24,40,quantile,0.65,56
2026-10-10,wk inc flu hosp,2,2026-10-24,40,quantile,0.7,64
2026-10-10,wk inc flu hosp,2,2026-10-24,40,quantile,0.75,73
2026-10-10,wk inc flu hosp,2,2026-10-24,40,quantile,0.8,84
2026-10-10,wk inc flu hosp,2,2026-10-24,40,quantile,0.85,100
2026-10-10,wk inc flu hosp,2,2026-10-24,40,quantile,0.9,129
2026-10-10,wk inc flu hosp,2,2026-10-24,40,quantile,0.95,167
2026-10-10,wk inc flu hosp,2,2026-10-24,40,quantile,0.975,211
2026-10-10,wk inc flu hosp,2,2026-10-24,40,quantile,0.99,287
2026-10-10,wk inc flu hosp,3,2026-10-31,40,quantile,0.01,4
2026-10-10,wk inc flu hosp,3,2026-10-31,40,quantile,0.025,7
2026-10-10,wk inc flu hosp,3,2026-10-31,40,quantile,0.05,11
2026-10-10,wk inc flu hosp,3,2026-10-31,40,quantile,0.1,15
2026-10-10,wk inc flu hosp,3,2026-10-31,40,quantile,0.15,20
2026-10-10,wk inc flu hosp,3,2026-10-31,40,quantile,0.2,24
2026-10-10,wk inc flu hosp,3,2026-10-31,40,quantile,0.25,27
2026-10-10,wk inc flu hosp,3,2026-10-31,40,quantile,0.3,31
2026-10-10,wk inc flu hosp,3,2026-10-31,40,quantile,0.35,34
2026-10-10,wk inc flu hosp,3,2026-10-31,40,quantile,0.4,40
2026-10-10,wk inc flu hosp,3,2026-10-31,40,quantile,0.45,45
2026-10-10,wk inc flu hosp,3,2026-10-31,40,quantile,0.5,50
2026-10-10,wk inc flu hosp,3,2026-10-31,40,quantile,0.55,56
2026-10-10,wk inc flu hosp,3,2026-10-31,40,quantile,0.6,64
2026-10-10,wk inc flu hosp,3,2026-10-31,40,quantile,0.65,74
2026-10-10,wk inc flu hosp,3,2026-10-31,40,quantile,0.7,84
2026-10-10,wk inc flu hosp,3,2026-10-31,40,quantile,0.75,98
2026-10-10,wk inc flu hosp,3,2026-10-31,40,quantile,0.8,116
2026-10-10,wk inc flu hosp,3,2026-10-31,40,quantile,0.85,144
2026-10-10,wk inc flu hosp,3,2026-10-31,40,quantile,0.9,188
2026-10-10,wk inc flu hosp,3,2026-10-31,40,quantile,0.95,248
2026-10-10,wk inc flu hosp,3,2026-10-31,40,quantile,0.975,314
2026-10-10,wk inc flu hosp,3,2026-10-31,40,quantile,0.99,460
2026-10-10,wk inc flu hosp,0,2026-10-10,41,quantile,0.01,8
2026-10-10,wk inc flu hosp,0,2026-10-10,41,quantile,0.025,11
2026-10-10,wk inc flu hosp,0,2026-10-10,41,quantile,0.05,17
2026-10-10,wk inc flu hosp,0,2026-10-10,41,quantile,0.1,23
2026-10-10,wk inc flu hosp,0,2026-10-10,41,quantile,0.15,28
2026-10-10,wk inc flu hosp,0,2026-10-10,41,quantile,0.2,32
2026-10-10,wk inc flu hosp,0,2026-10-10,41,quantile,0.25,35
2026-10-10,wk inc flu hosp,0,2026-10-10,41,quantile,0.3,37
2026-10-10,wk inc flu hosp,0,2026-10-10,41,quantile,0.35,40
2026-10-10,wk inc flu hosp,0,2026-10-10,41,quantile,0.4,42
2026-10-10,wk inc flu hosp,0,2026-10-10,41,quantile,0.45,44
2026-10-10,wk inc flu hosp,0,2026-10-10,41,quantile,0.5,47
2026-10-10,wk inc flu hosp,0,2026-10-10,41,quantile,0.55,50
2026-10-10,wk inc flu hosp,0,2026-10-10,41,quantile,0.6,53
2026-10-10,wk inc flu hosp,0,2026-10-10,41,quantile,0.65,56
2026-10-10,wk inc flu hosp,0,2026-10-10,41,quantile,0.7,61
2026-10-10,wk inc flu hosp,0,2026-10-10,41,quantile,0.75,65
2026-10-10,wk inc flu hosp,0,2026-10-10,41,quantile,0.8,70
2026-10-10,wk inc flu hosp,0,2026-10-10,41,quantile,0.85,76
2026-10-10,wk inc flu hosp,0,2026-10-10,41,quantile,0.9,88
2026-10-10,wk inc flu hosp,0,2026-10-10,41,quantile,0.95,105
2026-10-10,wk inc flu hosp,0,2026-10-10,41,quantile,0.975,124
2026-10-10,wk inc flu hosp,0,2026-10-10,41,quantile,0.99,150
2026-10-10,wk inc flu hosp,1,2026-10-17,41,quantile,0.01,7
2026-10-10,wk inc flu hosp,1,2026-10-17,41,quantile,0.025,10
2026-10-10,wk inc flu hosp,1,2026-10-17,41,quantile,0.05,16
2026-10-10,wk inc flu hosp,1,2026-10-17,41,quantile,0.1,22
2026-10-10,wk inc flu hosp,1,2026-10-17,41,quantile,0.15,28
2026-10-10,wk inc flu hosp,1,2026-10-17,41,quantile,0.2,33
2026-10-10,wk inc flu hosp,1,2026-10-17,41,quantile,0.25,36
2026-10-10,wk inc flu hosp,1,2026-10-17,41,quantile,0.3,40
2026-10-10,wk inc flu hosp,1,2026-10-17,41,quantile,0.35,43
2026-10-10,wk inc flu hosp,1,2026-10-17,41,quantile,0.4,47
2026-10-10,wk inc flu hosp,1,2026-10-17,41,quantile,0.45,50
2026-10-10,wk inc flu hosp,1,2026-10-17,41,quantile,0.5,55
2026-10-10,wk inc flu hosp,1,2026-10-17,41,quantile,0.55,60
2026-10-10,wk inc flu hosp,1,2026-10-17,41,quantile,0.6,66
2026-10-10,wk inc flu hosp,1,2026-10-17,41,quantile,0.65,71
2026-10-10,wk inc flu hosp,1,2026-10-17,41,quantile,0.7,77
2026-10-10,wk inc flu hosp,1,2026-10-17,41,quantile,0.75,84
2026-10-10,wk inc flu hosp,1,2026-10-17,41,quantile,0.8,93
2026-10-10,wk inc flu hosp,1,2026-10-17,41,quantile,0.85,106
2026-10-10,wk inc flu hosp,1,2026-10-17,41,quantile,0.9,126
2026-10-10,wk inc flu hosp,1,2026-10-17,41,quantile,0.95,159
2026-10-10,wk inc flu hosp,1,2026-10-17,41,quantile,0.975,203
2026-10-10,wk inc flu hosp,1,2026-10-17,41,quantile,0.99,272
2026-10-10,wk inc flu hosp,2,2026-10-24,41,quantile,0.01,5
2026-10-10,wk inc flu hosp,2,2026-10-24,41,quantile,0.025,8
2026-10-10,wk inc flu hosp,2,2026-10-24,41,quantile,0.05,15
2026-10-10,wk inc flu hosp,2,2026-10-24,41,quantile,0.1,22
2026-10-10,wk inc flu hosp,2,2026-10-24,41,quantile,0.15,30
2026-10-10,wk inc flu hosp,2,2026-10-24,41,quantile,0.2,34
2026-10-10,wk inc flu hosp,2,2026-10-24,41,quantile,0.25,39
2026-10-10,wk inc flu hosp,2,2026-10-24,41,quantile,0.3,43
2026-10-10,wk inc flu hosp,2,2026-10-24,41,quantile,0.35,48
2026-10-10,wk inc flu hosp,2,2026-10-24,41,quantile,0.4,53
2026-10-10,wk inc flu hosp,2,2026-10-24,41,quantile,0.45,59
2026-10-10,wk inc flu hosp,2,2026-10-24,41,quantile,0.5,66
2026-10-10,wk inc flu hosp,2,2026-10-24,41,quantile,0.55,72
2026-10-10,wk inc flu hosp,2,2026-10-24,41,quantile,0.6,79
2026-10-10,wk inc flu hosp,2,2026-10-24,41,quantile,0.65,86
2026-10-10,wk inc flu hosp,2,2026-10-24,41,quantile,0.7,97
2026-10-10,wk inc flu hosp,2,2026-10-24,41,quantile,0.75,110
2026-10-10,wk inc flu hosp,2,2026-10-24,41,quantile,0.8,125
2026-10-10,wk inc flu hosp,2,2026-10-24,41,quantile,0.85,144
2026-10-10,wk inc flu hosp,2,2026-10-24,41,quantile,0.9,180
2026-10-10,wk inc flu hosp,2,2026-10-24,41,quantile,0.95,244
2026-10-10,wk inc flu hosp,2,2026-10-24,41,quantile,0.975,314
2026-10-10,wk inc flu hosp,2,2026-10-24,41,quantile,0.99,425
2026-10-10,wk inc flu hosp,3,2026-10-31,41,quantile,0.01,5
2026-10-10,wk inc flu hosp,3,2026-10-31,41,quantile,0.025,8
2026-10-10,wk inc flu hosp,3,2026-10-31,41,quantile,0.05,15
2026-10-10,wk inc flu hosp,3,2026-10-31,41,quantile,0.1,23
2026-10-10,wk inc flu hosp,3,2026-10-31,41,quantile,0.15,30
2026-10-10,wk inc flu hosp,3,2026-10-31,41,quantile,0.2,37
2026-10-10,wk inc flu hosp,3,2026-10-31,41,quantile,0.25,43
2026-10-10,wk inc flu hosp,3,2026-10-31,41,quantile,0.3,48
2026-10-10,wk inc flu hosp,3,2026-10-31,41,quantile,0.35,54
2026-10-10,wk inc flu hosp,3,2026-10-31,41,quantile,0.4,62
2026-10-10,wk inc flu hosp,3,2026-10-31,41,quantile,0.45,70
2026-10-10,wk inc flu hosp,3,2026-10-31,41,quantile,0.5,78
2026-10-10,wk inc flu hosp,3,2026-10-31,41,quantile,0.55,85
2026-10-10,wk inc flu hosp,3,2026-10-31,41,quantile,0.6,95
2026-10-10,wk inc flu hosp,3,2026-10-31,41,quantile,0.65,108
2026-10-10,wk inc flu hosp,3,2026-10-31,41,quantile,0.7,121
2026-10-10,wk inc flu hosp,3,2026-10-31,41,quantile,0.75,139
2026-10-10,wk inc flu hosp,3,2026-10-31,41,quantile,0.8,160
2026-10-10,wk inc flu hosp,3,2026-10-31,41,quantile,0.85,188
2026-10-10,wk inc flu hosp,3,2026-10-31,41,quantile,0.9,240
2026-10-10,wk inc flu hosp,3,2026-10-31,41,quantile,0.95,340
2026-10-10,wk inc flu hosp,3,2026-10-31,41,quantile,0.975,453
2026-10-10,wk inc flu hosp,3,2026-10-31,41,quantile,0.99,674
2026-10-10,wk inc flu hosp,0,2026-10-10,42,quantile,0.01,62
2026-10-10,wk inc flu hosp,0,2026-10-10,42,quantile,0.025,82
2026-10-10,wk inc flu hosp,0,2026-10-10,42,quantile,0.05,101
2026-10-10,wk inc flu hosp,0,2026-10-10,42,quantile,0.1,117
2026-10-10,wk inc flu hosp,0,2026-10-10,42,quantile,0.15,133
2026-10-10,wk inc flu hosp,0,2026-10-10,42,quantile,0.2,145
2026-10-10,wk inc flu hosp,0,2026-10-10,42,quantile,0.25,153
2026-10-10,wk inc flu hosp,0,2026-10-10,42,quantile,0.3,160
2026-10-10,wk inc flu hosp,0,2026-10-10,42,quantile,0.35,168
2026-10-10,wk inc flu hosp,0,2026-10-10,42,quantile,0.4,173
2026-10-10,wk inc flu hosp,0,2026-10-10,42,quantile,0.45,179
2026-10-10,wk inc flu hosp,0,2026-10-10,42,quantile,0.5,187
2026-10-10,wk inc flu hosp,0,2026-10-10,42,quantile,0.55,194
2026-10-10,wk inc flu hosp,0,2026-10-10,42,quantile,0.6,204
2026-10-10,wk inc flu hosp,0,2026-10-10,42,quantile,0.65,214
2026-10-10,wk inc flu hosp,0,2026-10-10,42,quantile,0.7,225
2026-10-10,wk inc flu hosp,0,2026-10-10,42,quantile,0.75,239
2026-10-10,wk inc flu hosp,0,2026-10-10,42,quantile,0.8,250
2026-10-10,wk inc flu hosp,0,2026-10-10,42,quantile,0.85,268
2026-10-10,wk inc flu hosp,0,2026-10-10,42,quantile,0.9,304
2026-10-10,wk inc flu hosp,0,2026-10-10,42,quantile,0.95,358
2026-10-10,wk inc flu hosp,0,2026-10-10,42,quantile,0.975,419
2026-10-10,wk inc flu hosp,0,2026-10-10,42,quantile,0.99,496
2026-10-10,wk inc flu hosp,1,2026-10-17,42,quantile,0.01,58
2026-10-10,wk inc flu hosp,1,2026-10-17,42,quantile,0.025,73
2026-10-10,wk inc flu hosp,1,2026-10-17,42,quantile,0.05,93
2026-10-10,wk inc flu hosp,1,2026-10-17,42,quantile,0.1,114
2026-10-10,wk inc flu hosp,1,2026-10-17,42,quantile,0.15,131
2026-10-10,wk inc flu hosp,1,2026-10-17,42,quantile,0.2,146
2026-10-10,wk inc flu hosp,1,2026-10-17,42,quantile,0.25,156
2026-10-10,wk inc flu hosp,1,2026-10-17,42,quantile,0.3,166
2026-10-10,wk inc flu hosp,1,2026-10-17,42,quantile,0.35,175
2026-10-10,wk inc flu hosp,1,2026-10-17,42,quantile,0.4,184
2026-10-10,wk inc flu hosp,1,2026-10-17,42,quantile,0.45,194
2026-10-10,wk inc flu hosp,1,2026-10-17,42,quantile,0.5,209
2026-10-10,wk inc flu hosp,1,2026-10-17,42,quantile,0.55,221
2026-10-10,wk inc flu hosp,1,2026-10-17,42,quantile,0.6,239
2026-10-10,wk inc flu hosp,1,2026-10-17,42,quantile,0.65,252
2026-10-10,wk inc flu hosp,1,2026-10-17,42,quantile,0.7,268
2026-10-10,wk inc flu hosp,1,2026-10-17,42,quantile,0.75,286
2026-10-10,wk inc flu hosp,1,2026-10-17,42,quantile,0.8,314
2026-10-10,wk inc flu hosp,1,2026-10-17,42,quantile,0.85,345
2026-10-10,wk inc flu hosp,1,2026-10-17,42,quantile,0.9,402
2026-10-10,wk inc flu hosp,1,2026-10-17,42,quantile,0.95,499
2026-10-10,wk inc flu hosp,1,2026-10-17,42,quantile,0.975,665
2026-10-10,wk inc flu hosp,1,2026-10-17,42,quantile,0.99,915
2026-10-10,wk inc flu hosp,2,2026-10-24,42,quantile,0.01,51
2026-10-10,wk inc flu hosp,2,2026-10-24,42,quantile,0.025,67
2026-10-10,wk inc flu hosp,2,2026-10-24,42,quantile,0.05,90
2026-10-10,wk inc flu hosp,2,2026-10-24,42,quantile,0.1,113
2026-10-10,wk inc flu hosp,2,2026-10-24,42,quantile,0.15,135
2026-10-10,wk inc flu hosp,2,2026-10-24,42,quantile,0.2,150
2026-10-10,wk inc flu hosp,2,2026-10-24,42,quantile,0.25,162
2026-10-10,wk inc flu hosp,2,2026-10-24,42,quantile,0.3,174
2026-10-10,wk inc flu hosp,2,2026-10-24,42,quantile,0.35,186
2026-10-10,wk inc flu hosp,2,2026-10-24,42,quantile,0.4,200
2026-10-10,wk inc flu hosp,2,2026-10-24,42,quantile,0.45,220
2026-10-10,wk inc flu hosp,2,2026-10-24,42,quantile,0.5,240
2026-10-10,wk inc flu hosp,2,2026-10-24,42,quantile,0.55,256
2026-10-10,wk inc flu hosp,2,2026-10-24,42,quantile,0.6,274
2026-10-10,wk inc flu hosp,2,2026-10-24,42,quantile,0.65,289
2026-10-10,wk inc flu hosp,2,2026-10-24,42,quantile,0.7,322
2026-10-10,wk inc flu hosp,2,2026-10-24,42,quantile,0.75,355
2026-10-10,wk inc flu hosp,2,2026-10-24,42,quantile,0.8,395
2026-10-10,wk inc flu hosp,2,2026-10-24,42,quantile,0.85,455
2026-10-10,wk inc flu hosp,2,2026-10-24,42,quantile,0.9,564
2026-10-10,wk inc flu hosp,2,2026-10-24,42,quantile,0.95,761
2026-10-10,wk inc flu hosp,2,2026-10-24,42,quantile,0.975,1006
2026-10-10,wk inc flu hosp,2,2026-10-24,42,quantile,0.99,1412
2026-10-10,wk inc flu hosp,3,2026-10-31,42,quantile,0.01,45
2026-10-10,wk inc flu hosp,3,2026-10-31,42,quantile,0.025,66
2026-10-10,wk inc flu hosp,3,2026-10-31,42,quantile,0.05,89
2026-10-10,wk inc flu hosp,3,2026-10-31,42,quantile,0.1,114
2026-10-10,wk inc flu hosp,3,2026-10-31,42,quantile,0.15,137
2026-10-10,wk inc flu hosp,3,2026-10-31,42,quantile,0.2,157
2026-10-10,wk inc flu hosp,3,2026-10-31,42,quantile,0.25,173
2026-10-10,wk inc flu hosp,3,2026-10-31,42,quantile,0.3,189
2026-10-10,wk inc flu hosp,3,2026-10-31,42,quantile,0.35,205
2026-10-10,wk inc flu hosp,3,2026-10-31,42,quantile,0.4,229
2026-10-10,wk inc flu hosp,3,2026-10-31,42,quantile,0.45,252
2026-10-10,wk inc flu hosp,3,2026-10-31,42,quantile,0.5,272
2026-10-10,wk inc flu hosp,3,2026-10-31,42,quantile,0.55,292
2026-10-10,wk inc flu hosp,3,2026-10-31,42,quantile,0.6,321
2026-10-10,wk inc flu hosp,3,2026-10-31,42,quantile,0.65,360
2026-10-10,wk inc flu hosp,3,2026-10-31,42,quantile,0.7,391
2026-10-10,wk inc flu hosp,3,2026-10-31,42,quantile,0.75,451
2026-10-10,wk inc flu hosp,3,2026-10-31,42,quantile,0.8,519
2026-10-10,wk inc flu hosp,3,2026-10-31,42,quantile,0.85,618
2026-10-10,wk inc flu hosp,3,2026-10-31,42,quantile,0.9,774
2026-10-10,wk inc flu hosp,3,2026-10-31,42,quantile,0.95,1082
2026-10-10,wk inc flu hosp,3,2026-10-31,42,quantile,0.975,1451
2026-10-10,wk inc flu hosp,3,2026-10-31,42,quantile,0.99,2313
2026-10-10,wk inc flu hosp,0,2026-10-10,44,quantile,0.01,0
2026-10-10,wk inc flu hosp,0,2026-10-10,44,quantile,0.025,1
2026-10-10,wk inc flu hosp,0,2026-10-10,44,quantile,0.05,2
2026-10-10,wk inc flu hosp,0,2026-10-10,44,quantile,0.1,3
2026-10-10,wk inc flu hosp,0,2026-10-10,44,quantile,0.15,4
2026-10-10,wk inc flu hosp,0,2026-10-10,44,quantile,0.2,4
2026-10-10,wk inc flu hosp,0,2026-10-10,44,quantile,0.25,5
2026-10-10,wk inc flu hosp,0,2026-10-10,44,quantile,0.3,6
2026-10-10,wk inc flu hosp,0,2026-10-10,44,quantile,0.35,6
2026-10-10,wk inc flu hosp,0,2026-10-10,44,quantile,0.4,7
2026-10-10,wk inc flu hosp,0,2026-10-10,44,quantile,0.45,8
2026-10-10,wk inc flu hosp,0,2026-10-10,44,quantile,0.5,8
2026-10-10,wk inc flu hosp,0,2026-10-10,44,quantile,0.55,9
2026-10-10,wk inc flu hosp,0,2026-10-10,44,quantile,0.6,10
2026-10-10,wk inc flu hosp,0,2026-10-10,44,quantile,0.65,10
2026-10-10,wk inc flu hosp,0,2026-10-10,44,quantile,0.7,12
2026-10-10,wk inc flu hosp,0,2026-10-10,44,quantile,0.75,13
2026-10-10,wk inc flu hosp,0,2026-10-10,44,quantile,0.8,14
2026-10-10,wk inc flu hosp,0,2026-10-10,44,quantile,0.85,16
2026-10-10,wk inc flu hosp,0,2026-10-10,44,quantile,0.9,19
2026-10-10,wk inc flu hosp,0,2026-10-10,44,quantile,0.95,24
2026-10-10,wk inc flu hosp,0,2026-10-10,44,quantile,0.975,29
2026-10-10,wk inc flu hosp,0,2026-10-10,44,quantile,0.99,36
2026-10-10,wk inc flu hosp,1,2026-10-17,44,quantile,0.01,1
2026-10-10,wk inc flu hosp,1,2026-10-17,44,quantile,0.025,1
2026-10-10,wk inc flu hosp,1,2026-10-17,44,quantile,0.05,2
2026-10-10,wk inc flu hosp,1,2026-10-17,44,quantile,0.1,3
2026-10-10,wk inc flu hosp,1,2026-10-17,44,quantile,0.15,4
2026-10-10,wk inc flu hosp,1,2026-10-17,44,quantile,0.2,5
2026-10-10,wk inc flu hosp,1,2026-10-17,44,quantile,0.25,6
2026-10-10,wk inc flu hosp,1,2026-10-17,44,quantile,0.3,6
2026-10-10,wk inc flu hosp,1,2026-10-17,44,quantile,0.35,7
2026-10-10,wk inc flu hosp,1,2026-10-17,44,quantile,0.4,8
2026-10-10,wk inc flu hosp,1,2026-10-17,44,quantile,0.45,9
2026-10-10,wk inc flu hosp,1,2026-10-17,44,quantile,0.5,10
2026-10-10,wk inc flu hosp,1,2026-10-17,44,quantile,0.55,11
2026-10-10,wk inc flu hosp,1,2026-10-17,44,quantile,0.6,12
2026-10-10,wk inc flu hosp,1,2026-10-17,44,quantile,0.65,14
2026-10-10,wk inc flu hosp,1,2026-10-17,44,quantile,0.7,15
2026-10-10,wk inc flu hosp,1,2026-10-17,44,quantile,0.75,17
2026-10-10,wk inc flu hosp,1,2026-10-17,44,quantile,0.8,19
2026-10-10,wk inc flu hosp,1,2026-10-17,44,quantile,0.85,22
2026-10-10,wk inc flu hosp,1,2026-10-17,44,quantile,0.9,28
2026-10-10,wk inc flu hosp,1,2026-10-17,44,quantile,0.95,37
2026-10-10,wk inc flu hosp,1,2026-10-17,44,quantile,0.975,48
2026-10-10,wk inc flu hosp,1,2026-10-17,44,quantile,0.99,66
2026-10-10,wk inc flu hosp,2,2026-10-24,44,quantile,0.01,0
2026-10-10,wk inc flu hosp,2,2026-10-24,44,quantile,0.025,1
2026-10-10,wk inc flu hosp,2,2026-10-24,44,quantile,0.05,2
2026-10-10,wk inc flu hosp,2,2026-10-24,44,quantile,0.1,3
2026-10-10,wk inc flu hosp,2,2026-10-24,44,quantile,0.15,4
2026-10-10,wk inc flu hosp,2,2026-10-24,44,quantile,0.2,5
2026-10-10,wk inc flu hosp,2,2026-10-24,44,quantile,0.25,6
2026-10-10,wk inc flu hosp,2,2026-10-24,44,quantile,0.3,7
2026-10-10,wk inc flu hosp,2,2026-10-24,44,quantile,0.35,8
2026-10-10,wk inc flu hosp,2,2026-10-24,44,quantile,0.4,9
2026-10-10,wk inc flu hosp,2,2026-10-24,44,quantile,0.45,10
2026-10-10,wk inc flu hosp,2,2026-10-24,44,quantile,0.5,12
2026-10-10,wk inc flu hosp,2,2026-10-24,44,quantile,0.55,13
2026-10-10,wk inc flu hosp,2,2026-10-24,44,quantile,0.6,15
2026-10-10,wk inc flu hosp,2,2026-10-24,44,quantile,0.65,17
2026-10-10,wk inc flu hosp,2,2026-10-24,44,quantile,0.7,19
2026-10-10,wk inc flu hosp,2,2026-10-24,44,quantile,0.75,22
2026-10-10,wk inc flu hosp,2,2026-10-24,44,quantile,0.8,26
2026-10-10,wk inc flu hosp,2,2026-10-24,44,quantile,0.85,32
2026-10-10,wk inc flu hosp,2,2026-10-24,44,quantile,0.9,42
2026-10-10,wk inc flu hosp,2,2026-10-24,44,quantile,0.95,58
2026-10-10,wk inc flu hosp,2,2026-10-24,44,quantile,0.975,75
2026-10-10,wk inc flu hosp,2,2026-10-24,44,quantile,0.99,107
2026-10-10,wk inc flu hosp,3,2026-10-31,44,quantile,0.01,0
2026-10-10,wk inc flu hosp,3,2026-10-31,44,quantile,0.025,1
2026-10-10,wk inc flu hosp,3,2026-10-31,44,quantile,0.05,2
2026-10-10,wk inc flu hosp,3,2026-10-31,44,quantile,0.1,3
2026-10-10,wk inc flu hosp,3,2026-10-31,44,quantile,0.15,4
2026-10-10,wk inc flu hosp,3,2026-10-31,44,quantile,0.2,6
2026-10-10,wk inc flu hosp,3,2026-10-31,44,quantile,0.25,6
2026-10-10,wk inc flu hosp,3,2026-10-31,44,quantile,0.3,8
2026-10-10,wk inc flu hosp,3,2026-10-31,44,quantile,0.35,9
2026-10-10,wk inc flu hosp,3,2026-10-31,44,quantile,0.4,11
2026-10-10,wk inc flu hosp,3,2026-10-31,44,quantile,0.45,12
2026-10-10,wk inc flu hosp,3,2026-10-31,44,quantile,0.5,14
2026-10-10,wk inc flu hosp,3,2026-10-31,44,quantile,0.55,15
2026-10-10,wk inc flu hosp,3,2026-10-31,44,quantile,0.6,18
2026-10-10,wk inc flu hosp,3,2026-10-31,44,quantile,0.65,21
2026-10-10,wk inc flu hosp,3,2026-10-31,44,quantile,0.7,24
2026-10-10,wk inc flu hosp,3,2026-10-31,44,quantile,0.75,29
2026-10-10,wk inc flu hosp,3,2026-10-31,44,quantile,0.8,35
2026-10-10,wk inc flu hosp,3,2026-10-31,44,quantile,0.85,44
2026-10-10,wk inc flu hosp,3,2026-10-31,44,quantile,0.9,59
2026-10-10,wk inc flu hosp,3,2026-10-31,44,quantile,0.95,87
2026-10-10,wk inc flu hosp,3,2026-10-31,44,quantile,0.975,111
2026-10-10,wk inc flu hosp,3,2026-10-31,44,quantile,0.99,169
2026-10-10,wk inc flu hosp,0,2026-10-10,45,quantile,0.01,7
2026-10-10,wk inc flu hosp,0,2026-10-10,45,quantile,0.025,12
2026-10-10,wk inc flu hosp,0,2026-10-10,45,quantile,0.05,16
2026-10-10,wk inc flu hosp,0,2026-10-10,45,quantile,0.1,20
2026-10-10,wk inc flu hosp,0,2026-10-10,45,quantile,0.15,25
2026-10-10,wk inc flu hosp,0,2026-10-10,45,quantile,0.2,28
2026-10-10,wk inc flu hosp,0,2026-10-10,45,quantile,0.25,30
2026-10-10,wk inc flu hosp,0,2026-10-10,45,quantile,0.3,33
2026-10-10,wk inc flu hosp,0,2026-10-10,45,quantile,0.35,35
2026-10-10,wk inc flu hosp,0,2026-10-10,45,quantile,0.4,37
2026-10-10,wk inc flu hosp,0,2026-10-10,45,quantile,0.45,40
2026-10-10,wk inc flu hosp,0,2026-10-10,45,quantile,0.5,42
2026-10-10,wk inc flu hosp,0,2026-10-10,45,quantile,0.55,44
2026-10-10,wk inc flu hosp,0,2026-10-10,45,quantile,0.6,48
2026-10-10,wk inc flu hosp,0,2026-10-10,45,quantile,0.65,51
2026-10-10,wk inc flu hosp,0,2026-10-10,45,quantile,0.7,54
2026-10-10,wk inc flu hosp,0,2026-10-10,45,quantile,0.75,59
2026-10-10,wk inc flu hosp,0,2026-10-10,45,quantile,0.8,64
2026-10-10,wk inc flu hosp,0,2026-10-10,45,quantile,0.85,69
2026-10-10,wk inc flu hosp,0,2026-10-10,45,quantile,0.9,80
2026-10-10,wk inc flu hosp,0,2026-10-10,45,quantile,0.95,97
2026-10-10,wk inc flu hosp,0,2026-10-10,45,quantile,0.975,115
2026-10-10,wk inc flu hosp,0,2026-10-10,45,quantile,0.99,143
2026-10-10,wk inc flu hosp,1,2026-10-17,45,quantile,0.01,6
2026-10-10,wk inc flu hosp,1,2026-10-17,45,quantile,0.025,10
2026-10-10,wk inc flu hosp,1,2026-10-17,45,quantile,0.05,15
2026-10-10,wk inc flu hosp,1,2026-10-17,45,quantile,0.1,20
2026-10-10,wk inc flu hosp,1,2026-10-17,45,quantile,0.15,25
2026-10-10,wk inc flu hosp,1,2026-10-17,45,quantile,0.2,29
2026-10-10,wk inc flu hosp,1,2026-10-17,45,quantile,0.25,32
2026-10-10,wk inc flu hosp,1,2026-10-17,45,quantile,0.3,36
2026-10-10,wk inc flu hosp,1,2026-10-17,45,quantile,0.35,39
2026-10-10,wk inc flu hosp,1,2026-10-17,45,quantile,0.4,42
2026-10-10,wk inc flu hosp,1,2026-10-17,45,quantile,0.45,45
2026-10-10,wk inc flu hosp,1,2026-10-17,45,quantile,0.5,50
2026-10-10,wk inc flu hosp,1,2026-10-17,45,quantile,0.55,54
2026-10-10,wk inc flu hosp,1,2026-10-17,45,quantile,0.6,60
2026-10-10,wk inc flu hosp,1,2026-10-17,45,quantile,0.65,66
2026-10-10,wk inc flu hosp,1,2026-10-17,45,quantile,0.7,71
2026-10-10,wk inc flu hosp,1,2026-10-17,45,quantile,0.75,78
2026-10-10,wk inc flu hosp,1,2026-10-17,45,quantile,0.8,88
2026-10-10,wk inc flu hosp,1,2026-10-17,45,quantile,0.85,100
2026-10-10,wk inc flu hosp,1,2026-10-17,45,quantile,0.9,119
2026-10-10,wk inc flu hosp,1,2026-10-17,45,quantile,0.95,153
2026-10-10,wk inc flu hosp,1,2026-10-17,45,quantile,0.975,198
2026-10-10,wk inc flu hosp,1,2026-10-17,45,quantile,0.99,266
2026-10-10,wk inc flu hosp,2,2026-10-24,45,quantile,0.01,6
2026-10-10,wk inc flu hosp,2,2026-10-24,45,quantile,0.025,10
2026-10-10,wk inc flu hosp,2,2026-10-24,45,quantile,0.05,14
2026-10-10,wk inc flu hosp,2,2026-10-24,45,quantile,0.1,21
2026-10-10,wk inc flu hosp,2,2026-10-24,45,quantile,0.15,27
2026-10-10,wk inc flu hosp,2,2026-10-24,45,quantile,0.2,31
2026-10-10,wk inc flu hosp,2,2026-10-24,45,quantile,0.25,35
2026-10-10,wk inc flu hosp,2,2026-10-24,45,quantile,0.3,39
2026-10-10,wk inc flu hosp,2,2026-10-24,45,quantile,0.35,43
2026-10-10,wk inc flu hosp,2,2026-10-24,45,quantile,0.4,48
2026-10-10,wk inc flu hosp,2,2026-10-24,45,quantile,0.45,54
2026-10-10,wk inc flu hosp,2,2026-10-24,45,quantile,0.5,61
2026-10-10,wk inc flu hosp,2,2026-10-24,45,quantile,0.55,67
2026-10-10,wk inc flu hosp,2,2026-10-24,45,quantile,0.6,75
2026-10-10,wk inc flu hosp,2,2026-10-24,45,quantile,0.65,81
2026-10-10,wk inc flu hosp,2,2026-10-24,45,quantile,0.7,93
2026-10-10,wk inc flu hosp,2,2026-10-24,45,quantile,0.75,106
2026-10-10,wk inc flu hosp,2,2026-10-24,45,quantile,0.8,120
2026-10-10,wk inc flu hosp,2,2026-10-24,45,quantile,0.85,142
2026-10-10,wk inc flu hosp,2,2026-10-24,45,quantile,0.9,178
2026-10-10,wk inc flu hosp,2,2026-10-24,45,quantile,0.95,243
2026-10-10,wk inc flu hosp,2,2026-10-24,45,quantile,0.975,317
2026-10-10,wk inc flu hosp,2,2026-10-24,45,quantile,0.99,436
2026-10-10,wk inc flu hosp,3,2026-10-31,45,quantile,0.01,5
2026-10-10,wk inc flu hosp,3,2026-10-31,45,quantile,0.025,9
2026-10-10,wk inc flu hosp,3,2026-10-31,45,quantile,0.05,14
2026-10-10,wk inc flu hosp,3,2026-10-31,45,quantile,0.1,21
2026-10-10,wk inc flu hosp,3,2026-10-31,45,quantile,0.15,28
2026-10-10,wk inc flu hosp,3,2026-10-31,45,quantile,0.2,33
2026-10-10,wk inc flu hosp,3,2026-10-31,45,quantile,0.25,39
2026-10-10,wk inc flu hosp,3,2026-10-31,45,quantile,0.3,44
2026-10-10,wk inc flu hosp,3,2026-10-31,45,quantile,0.35,50
2026-10-10,wk inc flu hosp,3,2026-10-31,45,quantile,0.4,58
2026-10-10,wk inc flu hosp,3,2026-10-31,45,quantile,0.45,66
2026-10-10,wk inc flu hosp,3,2026-10-31,45,quantile,0.5,74
2026-10-10,wk inc flu hosp,3,2026-10-31,45,quantile,0.55,82
2026-10-10,wk inc flu hosp,3,2026-10-31,45,quantile,0.6,93
2026-10-10,wk inc flu hosp,3,2026-10-31,45,quantile,0.65,108
2026-10-10,wk inc flu hosp,3,2026-10-31,45,quantile,0.7,122
2026-10-10,wk inc flu hosp,3,2026-10-31,45,quantile,0.75,142
2026-10-10,wk inc flu hosp,3,2026-10-31,45,quantile,0.8,164
2026-10-10,wk inc flu hosp,3,2026-10-31,45,quantile,0.85,194
2026-10-10,wk inc flu hosp,3,2026-10-31,45,quantile,0.9,249
2026-10-10,wk inc flu hosp,3,2026-10-31,45,quantile,0.95,351
2026-10-10,wk inc flu hosp,3,2026-10-31,45,quantile,0.975,490
2026-10-10,wk inc flu hosp,3,2026-10-31,45,quantile,0.99,719
2026-10-10,wk inc flu hosp,0,2026-10-10,46,quantile,0.01,0
2026-10-10,wk inc flu hosp,0,2026-10-10,46,quantile,0.025,0
2026-10-10,wk inc flu hosp,0,2026-10-10,46,quantile,0.05,1
2026-10-10,wk inc flu hosp,0,2026-10-10,46,quantile,0.1,2
2026-10-10,wk inc flu hosp,0,2026-10-10,46,quantile,0.15,2
2026-10-10,wk inc flu hosp,0,2026-10-10,46,quantile,0.2,3
2026-10-10,wk inc flu hosp,0,2026-10-10,46,quantile,0.25,3
2026-10-10,wk inc flu hosp,0,2026-10-10,46,quantile,0.3,4
2026-10-10,wk inc flu hosp,0,2026-10-10,46,quantile,0.35,4
2026-10-10,wk inc flu hosp,0,2026-10-10,46,quantile,0.4,4
2026-10-10,wk inc flu hosp,0,2026-10-10,46,quantile,0.45,4
2026-10-10,wk inc flu hosp,0,2026-10-10,46,quantile,0.5,5
2026-10-10,wk inc flu hosp,0,2026-10-10,46,quantile,0.55,6
2026-10-10,wk inc flu hosp,0,2026-10-10,46,quantile,0.6,6
2026-10-10,wk inc flu hosp,0,2026-10-10,46,quantile,0.65,7
2026-10-10,wk inc flu hosp,0,2026-10-10,46,quantile,0.7,7
2026-10-10,wk inc flu hosp,0,2026-10-10,46,quantile,0.75,8
2026-10-10,wk inc flu hosp,0,2026-10-10,46,quantile,0.8,9
2026-10-10,wk inc flu hosp,0,2026-10-10,46,quantile,0.85,10
2026-10-10,wk inc flu hosp,0,2026-10-10,46,quantile,0.9,12
2026-10-10,wk inc flu hosp,0,2026-10-10,46,quantile,0.95,15
2026-10-10,wk inc flu hosp,0,2026-10-10,46,quantile,0.975,19
2026-10-10,wk inc flu hosp,0,2026-10-10,46,quantile,0.99,24
2026-10-10,wk inc flu hosp,1,2026-10-17,46,quantile,0.01,0
2026-10-10,wk inc flu hosp,1,2026-10-17,46,quantile,0.025,0
2026-10-10,wk inc flu hosp,1,2026-10-17,46,quantile,0.05,1
2026-10-10,wk inc flu hosp,1,2026-10-17,46,quantile,0.1,1
2026-10-10,wk inc flu hosp,1,2026-10-17,46,quantile,0.15,2
2026-10-10,wk inc flu hosp,1,2026-10-17,46,quantile,0.2,3
2026-10-10,wk inc flu hosp,1,2026-10-17,46,quantile,0.25,3
2026-10-10,wk inc flu hosp,1,2026-10-17,46,quantile,0.3,4
2026-10-10,wk inc flu hosp,1,2026-10-17,46,quantile,0.35,4
2026-10-10,wk inc flu hosp,1,2026-10-17,46,quantile,0.4,5
2026-10-10,wk inc flu hosp,1,2026-10-17,46,quantile,0.45,5
2026-10-10,wk inc flu hosp,1,2026-10-17,46,quantile,0.5,6
2026-10-10,wk inc flu hosp,1,2026-10-17,46,quantile,0.55,6
2026-10-10,wk inc flu hosp,1,2026-10-17,46,quantile,0.6,7
2026-10-10,wk inc flu hosp,1,2026-10-17,46,quantile,0.65,8
2026-10-10,wk inc flu hosp,1,2026-10-17,46,quantile,0.7,9
2026-10-10,wk inc flu hosp,1,2026-10-17,46,quantile,0.75,10
2026-10-10,wk inc flu hosp,1,2026-10-17,46,quantile,0.8,11
2026-10-10,wk inc flu hosp,1,2026-10-17,46,quantile,0.85,13
2026-10-10,wk inc flu hosp,1,2026-10-17,46,quantile,0.9,16
2026-10-10,wk inc flu hosp,1,2026-10-17,46,quantile,0.95,22
2026-10-10,wk inc flu hosp,1,2026-10-17,46,quantile,0.975,30
2026-10-10,wk inc flu hosp,1,2026-10-17,46,quantile,0.99,41
2026-10-10,wk inc flu hosp,2,2026-10-24,46,quantile,0.01,0
2026-10-10,wk inc flu hosp,2,2026-10-24,46,quantile,0.025,0
2026-10-10,wk inc flu hosp,2,2026-10-24,46,quantile,0.05,1
2026-10-10,wk inc flu hosp,2,2026-10-24,46,quantile,0.1,2
2026-10-10,wk inc flu hosp,2,2026-10-24,46,quantile,0.15,2
2026-10-10,wk inc flu hosp,2,2026-10-24,46,quantile,0.2,3
2026-10-10,wk inc flu hosp,2,2026-10-24,46,quantile,0.25,4
2026-10-10,wk inc flu hosp,2,2026-10-24,46,quantile,0.3,4
2026-10-10,wk inc flu hosp,2,2026-10-24,46,quantile,0.35,5
2026-10-10,wk inc flu hosp,2,2026-10-24,46,quantile,0.4,6
2026-10-10,wk inc flu hosp,2,2026-10-24,46,quantile,0.45,6
2026-10-10,wk inc flu hosp,2,2026-10-24,46,quantile,0.5,7
2026-10-10,wk inc flu hosp,2,2026-10-24,46,quantile,0.55,8
2026-10-10,wk inc flu hosp,2,2026-10-24,46,quantile,0.6,9
2026-10-10,wk inc flu hosp,2,2026-10-24,46,quantile,0.65,10
2026-10-10,wk inc flu hosp,2,2026-10-24,46,quantile,0.7,11
2026-10-10,wk inc flu hosp,2,2026-10-24,46,quantile,0.75,12
2026-10-10,wk inc flu hosp,2,2026-10-24,46,quantile,0.8,15
2026-10-10,wk inc flu hosp,2,2026-10-24,46,quantile,0.85,18
2026-10-10,wk inc flu hosp,2,2026-10-24,46,quantile,0.9,23
2026-10-10,wk inc flu hosp,2,2026-10-24,46,quantile,0.95,34
2026-10-10,wk inc flu hosp,2,2026-10-24,46,quantile,0.975,46
2026-10-10,wk inc flu hosp,2,2026-10-24,46,quantile,0.99,62
2026-10-10,wk inc flu hosp,3,2026-10-31,46,quantile,0.01,0
2026-10-10,wk inc flu hosp,3,2026-10-31,46,quantile,0.025,0
2026-10-10,wk inc flu hosp,3,2026-10-31,46,quantile,0.05,1
2026-10-10,wk inc flu hosp,3,2026-10-31,46,quantile,0.1,2
2026-10-10,wk inc flu hosp,3,2026-10-31,46,quantile,0.15,2
2026-10-10,wk inc flu hosp,3,2026-10-31,46,quantile,0.2,3
2026-10-10,wk inc flu hosp,3,2026-10-31,46,quantile,0.25,4
2026-10-10,wk inc flu hosp,3,2026-10-31,46,quantile,0.3,4
2026-10-10,wk inc flu hosp,3,2026-10-31,46,quantile,0.35,6
2026-10-10,wk inc flu hosp,3,2026-10-31,46,quantile,0.4,6
2026-10-10,wk inc flu hosp,3,2026-10-31,46,quantile,0.45,8
2026-10-10,wk inc flu hosp,3,2026-10-31,46,quantile,0.5,8
2026-10-10,wk inc flu hosp,3,2026-10-31,46,quantile,0.55,10
2026-10-10,wk inc flu hosp,3,2026-10-31,46,quantile,0.6,11
2026-10-10,wk inc flu hosp,3,2026-10-31,46,quantile,0.65,13
2026-10-10,wk inc flu hosp,3,2026-10-31,46,quantile,0.7,15
2026-10-10,wk inc flu hosp,3,2026-10-31,46,quantile,0.75,17
2026-10-10,wk inc flu hosp,3,2026-10-31,46,quantile,0.8,20
2026-10-10,wk inc flu hosp,3,2026-10-31,46,quantile,0.85,25
2026-10-10,wk inc flu hosp,3,2026-10-31,46,quantile,0.9,33
2026-10-10,wk inc flu hosp,3,2026-10-31,46,quantile,0.95,53
2026-10-10,wk inc flu hosp,3,2026-10-31,46,quantile,0.975,76
2026-10-10,wk inc flu hosp,3,2026-10-31,46,quantile,0.99,107
2026-10-10,wk inc flu hosp,0,2026-10-10,47,quantile,0.01,25
2026-10-10,wk inc flu hosp,0,2026-10-10,47,quantile,0.025,33
2026-10-10,wk inc flu hosp,0,2026-10-10,47,quantile,0.05,39
2026-10-10,wk inc flu hosp,0,2026-10-10,47,quantile,0.1,48
2026-10-10,wk inc flu hosp,0,2026-10-10,47,quantile,0.15,56
2026-10-10,wk inc flu hosp,0,2026-10-10,47,quantile,0.2,62
2026-10-10,wk inc flu hosp,0,2026-10-10,47,quantile,0.25,66
2026-10-10,wk inc flu hosp,0,2026-10-10,47,quantile,0.3,71
2026-10-10,wk inc flu hosp,0,2026-10-10,47,quantile,0.35,74
2026-10-10,wk inc flu hosp,0,2026-10-10,47,quantile,0.4,78
2026-10-10,wk inc flu hosp,0,2026-10-10,47,quantile,0.45,81
2026-10-10,wk inc flu hosp,0,2026-10-10,47,quantile,0.5,85
2026-10-10,wk inc flu hosp,0,2026-10-10,47,quantile,0.55,89
2026-10-10,wk inc flu hosp,0,2026-10-10,47,quantile,0.6,94
2026-10-10,wk inc flu hosp,0,2026-10-10,47,quantile,0.65,100
2026-10-10,wk inc flu hosp,0,2026-10-10,47,quantile,0.7,105
2026-10-10,wk inc flu hosp,0,2026-10-10,47,quantile,0.75,113
2026-10-10,wk inc flu hosp,0,2026-10-10,47,quantile,0.8,120
2026-10-10,wk inc flu hosp,0,2026-10-10,47,quantile,0.85,129
2026-10-10,wk inc flu hosp,0,2026-10-10,47,quantile,0.9,146
2026-10-10,wk inc flu hosp,0,2026-10-10,47,quantile,0.95,173
2026-10-10,wk inc flu hosp,0,2026-10-10,47,quantile,0.975,202
2026-10-10,wk inc flu hosp,0,2026-10-10,47,quantile,0.99,245
2026-10-10,wk inc flu hosp,1,2026-10-17,47,quantile,0.01,22
2026-10-10,wk inc flu hosp,1,2026-10-17,47,quantile,0.025,30
2026-10-10,wk inc flu hosp,1,2026-10-17,47,quantile,0.05,38
2026-10-10,wk inc flu hosp,1,2026-10-17,47,quantile,0.1,48
2026-10-10,wk inc flu hosp,1,2026-10-17,47,quantile,0.15,58
2026-10-10,wk inc flu hosp,1,2026-10-17,47,quantile,0.2,66
2026-10-10,wk inc flu hosp,1,2026-10-17,47,quantile,0.25,71
2026-10-10,wk inc flu hosp,1,2026-10-17,47,quantile,0.3,76
2026-10-10,wk inc flu hosp,1,2026-10-17,47,quantile,0.35,80
2026-10-10,wk inc flu hosp,1,2026-10-17,47,quantile,0.4,86
2026-10-10,wk inc flu hosp,1,2026-10-17,47,quantile,0.45,92
2026-10-10,wk inc flu hosp,1,2026-10-17,47,quantile,0.5,99
2026-10-10,wk inc flu hosp,1,2026-10-17,47,quantile,0.55,106
2026-10-10,wk inc flu hosp,1,2026-10-17,47,quantile,0.6,116
2026-10-10,wk inc flu hosp,1,2026-10-17,47,quantile,0.65,124
2026-10-10,wk inc flu hosp,1,2026-10-17,47,quantile,0.7,133
2026-10-10,wk inc flu hosp,1,2026-10-17,47,quantile,0.75,144
2026-10-10,wk inc flu hosp,1,2026-10-17,47,quantile,0.8,159
2026-10-10,wk inc flu hosp,1,2026-10-17,47,quantile,0.85,177
2026-10-10,wk inc flu hosp,1,2026-10-17,47,quantile,0.9,210
2026-10-10,wk inc flu hosp,1,2026-10-17,47,quantile,0.95,264
2026-10-10,wk inc flu hosp,1,2026-10-17,47,quantile,0.975,336
2026-10-10,wk inc flu hosp,1,2026-10-17,47,quantile,0.99,460
2026-10-10,wk inc flu hosp,2,2026-10-24,47,quantile,0.01,20
2026-10-10,wk inc flu hosp,2,2026-10-24,47,quantile,0.025,30
2026-10-10,wk inc flu hosp,2,2026-10-24,47,quantile,0.05,39
2026-10-10,wk inc flu hosp,2,2026-10-24,47,quantile,0.1,51
2026-10-10,wk inc flu hosp,2,2026-10-24,47,quantile,0.15,62
2026-10-10,wk inc flu hosp,2,2026-10-24,47,quantile,0.2,70
2026-10-10,wk inc flu hosp,2,2026-10-24,47,quantile,0.25,77
2026-10-10,wk inc flu hosp,2,2026-10-24,47,quantile,0.3,84
2026-10-10,wk inc flu hosp,2,2026-10-24,47,quantile,0.35,91
2026-10-10,wk inc flu hosp,2,2026-10-24,47,quantile,0.4,98
2026-10-10,wk inc flu hosp,2,2026-10-24,47,quantile,0.45,108
2026-10-10,wk inc flu hosp,2,2026-10-24,47,quantile,0.5,119
2026-10-10,wk inc flu hosp,2,2026-10-24,47,quantile,0.55,128
2026-10-10,wk inc flu hosp,2,2026-10-24,47,quantile,0.6,138
2026-10-10,wk inc flu hosp,2,2026-10-24,47,quantile,0.65,148
2026-10-10,wk inc flu hosp,2,2026-10-24,47,quantile,0.7,168
2026-10-10,wk inc flu hosp,2,2026-10-24,47,quantile,0.75,189
2026-10-10,wk inc flu hosp,2,2026-10-24,47,quantile,0.8,217
2026-10-10,wk inc flu hosp,2,2026-10-24,47,quantile,0.85,252
2026-10-10,wk inc flu hosp,2,2026-10-24,47,quantile,0.9,311
2026-10-10,wk inc flu hosp,2,2026-10-24,47,quantile,0.95,415
2026-10-10,wk inc flu hosp,2,2026-10-24,47,quantile,0.975,535
2026-10-10,wk inc flu hosp,2,2026-10-24,47,quantile,0.99,753
2026-10-10,wk inc flu hosp,3,2026-10-31,47,quantile,0.01,19
2026-10-10,wk inc flu hosp,3,2026-10-31,47,quantile,0.025,30
2026-10-10,wk inc flu hosp,3,2026-10-31,47,quantile,0.05,40
2026-10-10,wk inc flu hosp,3,2026-10-31,47,quantile,0.1,52
2026-10-10,wk inc flu hosp,3,2026-10-31,47,quantile,0.15,65
2026-10-10,wk inc flu hosp,3,2026-10-31,47,quantile,0.2,75
2026-10-10,wk inc flu hosp,3,2026-10-31,47,quantile,0.25,84
2026-10-10,wk inc flu hosp,3,2026-10-31,47,quantile,0.3,93
2026-10-10,wk inc flu hosp,3,2026-10-31,47,quantile,0.35,102
2026-10-10,wk inc flu hosp,3,2026-10-31,47,quantile,0.4,115
2026-10-10,wk inc flu hosp,3,2026-10-31,47,quantile,0.45,127
2026-10-10,wk inc flu hosp,3,2026-10-31,47,quantile,0.5,140
2026-10-10,wk inc flu hosp,3,2026-10-31,47,quantile,0.55,152
2026-10-10,wk inc flu hosp,3,2026-10-31,47,quantile,0.6,169
2026-10-10,wk inc flu hosp,3,2026-10-31,47,quantile,0.65,191
2026-10-10,wk inc flu hosp,3,2026-10-31,47,quantile,0.7,214
2026-10-10,wk inc flu hosp,3,2026-10-31,47,quantile,0.75,249
2026-10-10,wk inc flu hosp,3,2026-10-31,47,quantile,0.8,286
2026-10-10,wk inc flu hosp,3,2026-10-31,47,quantile,0.85,338
2026-10-10,wk inc flu hosp,3,2026-10-31,47,quantile,0.9,422
2026-10-10,wk inc flu hosp,3,2026-10-31,47,quantile,0.95,584
2026-10-10,wk inc flu hosp,3,2026-10-31,47,quantile,0.975,807
2026-10-10,wk inc flu hosp,3,2026-10-31,47,quantile,0.99,1264
2026-10-10,wk inc flu hosp,0,2026-10-10,48,quantile,0.01,138
2026-10-10,wk inc flu hosp,0,2026-10-10,48,quantile,0.025,171
2026-10-10,wk inc flu hosp,0,2026-10-10,48,quantile,0.05,204
2026-10-10,wk inc flu hosp,0,2026-10-10,48,quantile,0.1,238
2026-10-10,wk inc flu hosp,0,2026-10-10,48,quantile,0.15,274
2026-10-10,wk inc flu hosp,0,2026-10-10,48,quantile,0.2,302
2026-10-10,wk inc flu hosp,0,2026-10-10,48,quantile,0.25,322
2026-10-10,wk inc flu hosp,0,2026-10-10,48,quantile,0.3,339
2026-10-10,wk inc flu hosp,0,2026-10-10,48,quantile,0.35,356
2026-10-10,wk inc flu hosp,0,2026-10-10,48,quantile,0.4,371
2026-10-10,wk inc flu hosp,0,2026-10-10,48,quantile,0.45,387
2026-10-10,wk inc flu hosp,0,2026-10-10,48,quantile,0.5,403
2026-10-10,wk inc flu hosp,0,2026-10-10,48,quantile,0.55,422
2026-10-10,wk inc flu hosp,0,2026-10-10,48,quantile,0.6,446
2026-10-10,wk inc flu hosp,0,2026-10-10,48,quantile,0.65,470
2026-10-10,wk inc flu hosp,0,2026-10-10,48,quantile,0.7,497
2026-10-10,wk inc flu hosp,0,2026-10-10,48,quantile,0.75,532
2026-10-10,wk inc flu hosp,0,2026-10-10,48,quantile,0.8,561
2026-10-10,wk inc flu hosp,0,2026-10-10,48,quantile,0.85,601
2026-10-10,wk inc flu hosp,0,2026-10-10,48,quantile,0.9,683
2026-10-10,wk inc flu hosp,0,2026-10-10,48,quantile,0.95,810
2026-10-10,wk inc flu hosp,0,2026-10-10,48,quantile,0.975,948
2026-10-10,wk inc flu hosp,0,2026-10-10,48,quantile,0.99,1132
2026-10-10,wk inc flu hosp,1,2026-10-17,48,quantile,0.01,118
2026-10-10,wk inc flu hosp,1,2026-10-17,48,quantile,0.025,152
2026-10-10,wk inc flu hosp,1,2026-10-17,48,quantile,0.05,189
2026-10-10,wk inc flu hosp,1,2026-10-17,48,quantile,0.1,233
2026-10-10,wk inc flu hosp,1,2026-10-17,48,quantile,0.15,273
2026-10-10,wk inc flu hosp,1,2026-10-17,48,quantile,0.2,308
2026-10-10,wk inc flu hosp,1,2026-10-17,48,quantile,0.25,336
2026-10-10,wk inc flu hosp,1,2026-10-17,48,quantile,0.3,359
2026-10-10,wk inc flu hosp,1,2026-10-17,48,quantile,0.35,381
2026-10-10,wk inc flu hosp,1,2026-10-17,48,quantile,0.4,407
2026-10-10,wk inc flu hosp,1,2026-10-17,48,quantile,0.45,434
2026-10-10,wk inc flu hosp,1,2026-10-17,48,quantile,0.5,470
2026-10-10,wk inc flu hosp,1,2026-10-17,48,quantile,0.55,503
2026-10-10,wk inc flu hosp,1,2026-10-17,48,quantile,0.6,549
2026-10-10,wk inc flu hosp,1,2026-10-17,48,quantile,0.65,587
2026-10-10,wk inc flu hosp,1,2026-10-17,48,quantile,0.7,625
2026-10-10,wk inc flu hosp,1,2026-10-17,48,quantile,0.75,678
2026-10-10,wk inc flu hosp,1,2026-10-17,48,quantile,0.8,756
2026-10-10,wk inc flu hosp,1,2026-10-17,48,quantile,0.85,841
2026-10-10,wk inc flu hosp,1,2026-10-17,48,quantile,0.9,982
2026-10-10,wk inc flu hosp,1,2026-10-17,48,quantile,0.95,1225
2026-10-10,wk inc flu hosp,1,2026-10-17,48,quantile,0.975,1588
2026-10-10,wk inc flu hosp,1,2026-10-17,48,quantile,0.99,2147
2026-10-10,wk inc flu hosp,2,2026-10-24,48,quantile,0.01,100
2026-10-10,wk inc flu hosp,2,2026-10-24,48,quantile,0.025,139
2026-10-10,wk inc flu hosp,2,2026-10-24,48,quantile,0.05,186
2026-10-10,wk inc flu hosp,2,2026-10-24,48,quantile,0.1,240
2026-10-10,wk inc flu hosp,2,2026-10-24,48,quantile,0.15,290
2026-10-10,wk inc flu hosp,2,2026-10-24,48,quantile,0.2,325
2026-10-10,wk inc flu hosp,2,2026-10-24,48,quantile,0.25,358
2026-10-10,wk inc flu hosp,2,2026-10-24,48,quantile,0.3,390
2026-10-10,wk inc flu hosp,2,2026-10-24,48,quantile,0.35,425
2026-10-10,wk inc flu hosp,2,2026-10-24,48,quantile,0.4,462
2026-10-10,wk inc flu hosp,2,2026-10-24,48,quantile,0.45,513
2026-10-10,wk inc flu hosp,2,2026-10-24,48,quantile,0.5,566
2026-10-10,wk inc flu hosp,2,2026-10-24,48,quantile,0.55,608
2026-10-10,wk inc flu hosp,2,2026-10-24,48,quantile,0.6,659
2026-10-10,wk inc flu hosp,2,2026-10-24,48,quantile,0.65,713
2026-10-10,wk inc flu hosp,2,2026-10-24,48,quantile,0.7,793
2026-10-10,wk inc flu hosp,2,2026-10-24,48,quantile,0.75,883
2026-10-10,wk inc flu hosp,2,2026-10-24,48,quantile,0.8,996
2026-10-10,wk inc flu hosp,2,2026-10-24,48,quantile,0.85,1151
2026-10-10,wk inc flu hosp,2,2026-10-24,48,quantile,0.9,1398
2026-10-10,wk inc flu hosp,2,2026-10-24,48,quantile,0.95,1865
2026-10-10,wk inc flu hosp,2,2026-10-24,48,quantile,0.975,2483
2026-10-10,wk inc flu hosp,2,2026-10-24,48,quantile,0.99,3400
2026-10-10,wk inc flu hosp,3,2026-10-31,48,quantile,0.01,97
2026-10-10,wk inc flu hosp,3,2026-10-31,48,quantile,0.025,134
2026-10-10,wk inc flu hosp,3,2026-10-31,48,quantile,0.05,184
2026-10-10,wk inc flu hosp,3,2026-10-31,48,quantile,0.1,244
2026-10-10,wk inc flu hosp,3,2026-10-31,48,quantile,0.15,297
2026-10-10,wk inc flu hosp,3,2026-10-31,48,quantile,0.2,347
2026-10-10,wk inc flu hosp,3,2026-10-31,48,quantile,0.25,389
2026-10-10,wk inc flu hosp,3,2026-10-31,48,quantile,0.3,431
2026-10-10,wk inc flu hosp,3,2026-10-31,48,quantile,0.35,475
2026-10-10,wk inc flu hosp,3,2026-10-31,48,quantile,0.4,537
2026-10-10,wk inc flu hosp,3,2026-10-31,48,quantile,0.45,600
2026-10-10,wk inc flu hosp,3,2026-10-31,48,quantile,0.5,653
2026-10-10,wk inc flu hosp,3,2026-10-31,48,quantile,0.55,713
2026-10-10,wk inc flu hosp,3,2026-10-31,48,quantile,0.6,789
2026-10-10,wk inc flu hosp,3,2026-10-31,48,quantile,0.65,889
2026-10-10,wk inc flu hosp,3,2026-10-31,48,quantile,0.7,998
2026-10-10,wk inc flu hosp,3,2026-10-31,48,quantile,0.75,1145
2026-10-10,wk inc flu hosp,3,2026-10-31,48,quantile,0.8,1308
2026-10-10,wk inc flu hosp,3,2026-10-31,48,quantile,0.85,1535
2026-10-10,wk inc flu hosp,3,2026-10-31,48,quantile,0.9,1935
2026-10-10,wk inc flu hosp,3,2026-10-31,48,quantile,0.95,2731
2026-10-10,wk inc flu hosp,3,2026-10-31,48,quantile,0.975,3647
2026-10-10,wk inc flu hosp,3,2026-10-31,48,quantile,0.99,5438
2026-10-10,wk inc flu hosp,0,2026-10-10,49,quantile,0.01,6
2026-10-10,wk inc flu hosp,0,2026-10-10,49,quantile,0.025,9
2026-10-10,wk inc flu hosp,0,2026-10-10,49,quantile,0.05,11
2026-10-10,wk inc flu hosp,0,2026-10-10,49,quantile,0.1,14
2026-10-10,wk inc flu hosp,0,2026-10-10,49,quantile,0.15,17
2026-10-10,wk inc flu hosp,0,2026-10-10,49,quantile,0.2,20
2026-10-10,wk inc flu hosp,0,2026-10-10,49,quantile,0.25,21
2026-10-10,wk inc flu hosp,0,2026-10-10,49,quantile,0.3,22
2026-10-10,wk inc flu hosp,0,2026-10-10,49,quantile,0.35,24
2026-10-10,wk inc flu hosp,0,2026-10-10,49,quantile,0.4,25
2026-10-10,wk inc flu hosp,0,2026-10-10,49,quantile,0.45,27
2026-10-10,wk inc flu hosp,0,2026-10-10,49,quantile,0.5,28
2026-10-10,wk inc flu hosp,0,2026-10-10,49,quantile,0.55,30
2026-10-10,wk inc flu hosp,0,2026-10-10,49,quantile,0.6,32
2026-10-10,wk inc flu hosp,0,2026-10-10,49,quantile,0.65,34
2026-10-10,wk inc flu hosp,0,2026-10-10,49,quantile,0.7,36
2026-10-10,wk inc flu hosp,0,2026-10-10,49,quantile,0.75,39
2026-10-10,wk inc flu hosp,0,2026-10-10,49,quantile,0.8,42
2026-10-10,wk inc flu hosp,0,2026-10-10,49,quantile,0.85,46
2026-10-10,wk inc flu hosp,0,2026-10-10,49,quantile,0.9,52
2026-10-10,wk inc flu hosp,0,2026-10-10,49,quantile,0.95,63
2026-10-10,wk inc flu hosp,0,2026-10-10,49,quantile,0.975,76
2026-10-10,wk inc flu hosp,0,2026-10-10,49,quantile,0.99,93
2026-10-10,wk inc flu hosp,1,2026-10-17,49,quantile,0.01,5
2026-10-10,wk inc flu hosp,1,2026-10-17,49,quantile,0.025,8
2026-10-10,wk inc flu hosp,1,2026-10-17,49,quantile,0.05,10
2026-10-10,wk inc flu hosp,1,2026-10-17,49,quantile,0.1,14
2026-10-10,wk inc flu hosp,1,2026-10-17,49,quantile,0.15,17
2026-10-10,wk inc flu hosp,1,2026-10-17,49,quantile,0.2,20
2026-10-10,wk inc flu hosp,1,2026-10-17,49,quantile,0.25,22
2026-10-10,wk inc flu hosp,1,2026-10-17,49,quantile,0.3,24
2026-10-10,wk inc flu hosp,1,2026-10-17,49,quantile,0.35,26
2026-10-10,wk inc flu hosp,1,2026-10-17,49,quantile,0.4,28
2026-10-10,wk inc flu hosp,1,2026-10-17,49,quantile,0.45,30
2026-10-10,wk inc flu hosp,1,2026-10-17,49,quantile,0.5,33
2026-10-10,wk inc flu hosp,1,2026-10-17,49,quantile,0.55,35
2026-10-10,wk inc flu hosp,1,2026-10-17,49,quantile,0.6,39
2026-10-10,wk inc flu hosp,1,2026-10-17,49,quantile,0.65,41
2026-10-10,wk inc flu hosp,1,2026-10-17,49,quantile,0.7,45
2026-10-10,wk inc flu hosp,1,2026-10-17,49,quantile,0.75,49
2026-10-10,wk inc flu hosp,1,2026-10-17,49,quantile,0.8,55
2026-10-10,wk inc flu hosp,1,2026-10-17,49,quantile,0.85,62
2026-10-10,wk inc flu hosp,1,2026-10-17,49,quantile,0.9,74
2026-10-10,wk inc flu hosp,1,2026-10-17,49,quantile,0.95,96
2026-10-10,wk inc flu hosp,1,2026-10-17,49,quantile,0.975,127
2026-10-10,wk inc flu hosp,1,2026-10-17,49,quantile,0.99,169
2026-10-10,wk inc flu hosp,2,2026-10-24,49,quantile,0.01,4
2026-10-10,wk inc flu hosp,2,2026-10-24,49,quantile,0.025,7
2026-10-10,wk inc flu hosp,2,2026-10-24,49,quantile,0.05,10
2026-10-10,wk inc flu hosp,2,2026-10-24,49,quantile,0.1,14
2026-10-10,wk inc flu hosp,2,2026-10-24,49,quantile,0.15,18
2026-10-10,wk inc flu hosp,2,2026-10-24,49,quantile,0.2,20
2026-10-10,wk inc flu hosp,2,2026-10-24,49,quantile,0.25,23
2026-10-10,wk inc flu hosp,2,2026-10-24,49,quantile,0.3,25
2026-10-10,wk inc flu hosp,2,2026-10-24,49,quantile,0.35,28
2026-10-10,wk inc flu hosp,2,2026-10-24,49,quantile,0.4,31
2026-10-10,wk inc flu hosp,2,2026-10-24,49,quantile,0.45,34
2026-10-10,wk inc flu hosp,2,2026-10-24,49,quantile,0.5,39
2026-10-10,wk inc flu hosp,2,2026-10-24,49,quantile,0.55,42
2026-10-10,wk inc flu hosp,2,2026-10-24,49,quantile,0.6,46
2026-10-10,wk inc flu hosp,2,2026-10-24,49,quantile,0.65,49
2026-10-10,wk inc flu hosp,2,2026-10-24,49,quantile,0.7,55
2026-10-10,wk inc flu hosp,2,2026-10-24,49,quantile,0.75,62
2026-10-10,wk inc flu hosp,2,2026-10-24,49,quantile,0.8,71
2026-10-10,wk inc flu hosp,2,2026-10-24,49,quantile,0.85,85
2026-10-10,wk inc flu hosp,2,2026-10-24,49,quantile,0.9,107
2026-10-10,wk inc flu hosp,2,2026-10-24,49,quantile,0.95,147
2026-10-10,wk inc flu hosp,2,2026-10-24,49,quantile,0.975,197
2026-10-10,wk inc flu hosp,2,2026-10-24,49,quantile,0.99,278
2026-10-10,wk inc flu hosp,3,2026-10-31,49,quantile,0.01,3
2026-10-10,wk inc flu hosp,3,2026-10-31,49,quantile,0.025,6
2026-10-10,wk inc flu hosp,3,2026-10-31,49,quantile,0.05,10
2026-10-10,wk inc flu hosp,3,2026-10-31,49,quantile,0.1,14
2026-10-10,wk inc flu hosp,3,2026-10-31,49,quantile,0.15,18
2026-10-10,wk inc flu hosp,3,2026-10-31,49,quantile,0.2,22
2026-10-10,wk inc flu hosp,3,2026-10-31,49,quantile,0.25,25
2026-10-10,wk inc flu hosp,3,2026-10-31,49,quantile,0.3,28
2026-10-10,wk inc flu hosp,3,2026-10-31,49,quantile,0.35,31
2026-10-10,wk inc flu hosp,3,2026-10-31,49,quantile,0.4,36
2026-10-10,wk inc flu hosp,3,2026-10-31,49,quantile,0.45,40
2026-10-10,wk inc flu hosp,3,2026-10-31,49,quantile,0.5,44
2026-10-10,wk inc flu hosp,3,2026-10-31,49,quantile,0.55,49
2026-10-10,wk inc flu hosp,3,2026-10-31,49,quantile,0.6,55
2026-10-10,wk inc flu hosp,3,2026-10-31,49,quantile,0.65,62
2026-10-10,wk inc flu hosp,3,2026-10-31,49,quantile,0.7,69
2026-10-10,wk inc flu hosp,3,2026-10-31,49,quantile,0.75,81
2026-10-10,wk inc flu hosp,3,2026-10-31,49,quantile,0.8,95
2026-10-10,wk inc flu hosp,3,2026-10-31,49,quantile,0.85,115
2026-10-10,wk inc flu hosp,3,2026-10-31,49,quantile,0.9,147
2026-10-10,wk inc flu hosp,3,2026-10-31,49,quantile,0.95,215
2026-10-10,wk inc flu hosp,3,2026-10-31,49,quantile,0.975,295
2026-10-10,wk inc flu hosp,3,2026-10-31,49,quantile,0.99,477
2026-10-10,wk inc flu hosp,0,2026-10-10,50,quantile,0.01,0
2026-10-10,wk inc flu hosp,0,2026-10-10,50,quantile,0.025,0
2026-10-10,wk inc flu hosp,0,2026-10-10,50,quantile,0.05,0
2026-10-10,wk inc flu hosp,0,2026-10-10,50,quantile,0.1,0
2026-10-10,wk inc flu hosp,0,2026-10-10,50,quantile,0.15,0
2026-10-10,wk inc flu hosp,0,2026-10-10,50,quantile,0.2,0
2026-10-10,wk inc flu hosp,0,2026-10-10,50,quantile,0.25,0
2026-10-10,wk inc flu hosp,0,2026-10-10,50,quantile,0.3,1
2026-10-10,wk inc flu hosp,0,2026-10-10,50,quantile,0.35,1
2026-10-10,wk inc flu hosp,0,2026-10-10,50,quantile,0.4,1
2026-10-10,wk inc flu hosp,0,2026-10-10,50,quantile,0.45,2
2026-10-10,wk inc flu hosp,0,2026-10-10,50,quantile,0.5,2
2026-10-10,wk inc flu hosp,0,2026-10-10,50,quantile,0.55,2
2026-10-10,wk inc flu hosp,0,2026-10-10,50,quantile,0.6,2
2026-10-10,wk inc flu hosp,0,2026-10-10,50,quantile,0.65,2
2026-10-10,wk inc flu hosp,0,2026-10-10,50,quantile,0.7,3
2026-10-10,wk inc flu hosp,0,2026-10-10,50,quantile,0.75,3
2026-10-10,wk inc flu hosp,0,2026-10-10,50,quantile,0.8,3
2026-10-10,wk inc flu hosp,0,2026-10-10,50,quantile,0.85,4
2026-10-10,wk inc flu hosp,0,2026-10-10,50,quantile,0.9,5
2026-10-10,wk inc flu hosp,0,2026-10-10,50,quantile,0.95,6
2026-10-10,wk inc flu hosp,0,2026-10-10,50,quantile,0.975,8
2026-10-10,wk inc flu hosp,0,2026-10-10,50,quantile,0.99,11
2026-10-10,wk inc flu hosp,1,2026-10-17,50,quantile,0.01,0
2026-10-10,wk inc flu hosp,1,2026-10-17,50,quantile,0.025,0
2026-10-10,wk inc flu hosp,1,2026-10-17,50,quantile,0.05,0
2026-10-10,wk inc flu hosp,1,2026-10-17,50,quantile,0.1,0
2026-10-10,wk inc flu hosp,1,2026-10-17,50,quantile,0.15,0
2026-10-10,wk inc flu hosp,1,2026-10-17,50,quantile,0.2,0
2026-10-10,wk inc flu hosp,1,2026-10-17,50,quantile,0.25,0
2026-10-10,wk inc flu hosp,1,2026-10-17,50,quantile,0.3,1
2026-10-10,wk inc flu hosp,1,2026-10-17,50,quantile,0.35,1
2026-10-10,wk inc flu hosp,1,2026-10-17,50,quantile,0.4,1
2026-10-10,wk inc flu hosp,1,2026-10-17,50,quantile,0.45,2
2026-10-10,wk inc flu hosp,1,2026-10-17,50,quantile,0.5,2
2026-10-10,wk inc flu hosp,1,2026-10-17,50,quantile,0.55,2
2026-10-10,wk inc flu hosp,1,2026-10-17,50,quantile,0.6,2
2026-10-10,wk inc flu hosp,1,2026-10-17,50,quantile,0.65,3
2026-10-10,wk inc flu hosp,1,2026-10-17,50,quantile,0.7,3
2026-10-10,wk inc flu hosp,1,2026-10-17,50,quantile,0.75,4
2026-10-10,wk inc flu hosp,1,2026-10-17,50,quantile,0.8,4
2026-10-10,wk inc flu hosp,1,2026-10-17,50,quantile,0.85,5
2026-10-10,wk inc flu hosp,1,2026-10-17,50,quantile,0.9,6
2026-10-10,wk inc flu hosp,1,2026-10-17,50,quantile,0.95,9
2026-10-10,wk inc flu hosp,1,2026-10-17,50,quantile,0.975,12
2026-10-10,wk inc flu hosp,1,2026-10-17,50,quantile,0.99,17
2026-10-10,wk inc flu hosp,2,2026-10-24,50,quantile,0.01,0
2026-10-10,wk inc flu hosp,2,2026-10-24,50,quantile,0.025,0
2026-10-10,wk inc flu hosp,2,2026-10-24,50,quantile,0.05,0
2026-10-10,wk inc flu hosp,2,2026-10-24,50,quantile,0.1,0
2026-10-10,wk inc flu hosp,2,2026-10-24,50,quantile,0.15,0
2026-10-10,wk inc flu hosp,2,2026-10-24,50,quantile,0.2,0
2026-10-10,wk inc flu hosp,2,2026-10-24,50,quantile,0.25,1
2026-10-10,wk inc flu hosp,2,2026-10-24,50,quantile,0.3,1
2026-10-10,wk inc flu hosp,2,2026-10-24,50,quantile,0.35,1
2026-10-10,wk inc flu hosp,2,2026-10-24,50,quantile,0.4,2
2026-10-10,wk inc flu hosp,2,2026-10-24,50,quantile,0.45,2
2026-10-10,wk inc flu hosp,2,2026-10-24,50,quantile,0.5,2
2026-10-10,wk inc flu hosp,2,2026-10-24,50,quantile,0.55,3
2026-10-10,wk inc flu hosp,2,2026-10-24,50,quantile,0.6,3
2026-10-10,wk inc flu hosp,2,2026-10-24,50,quantile,0.65,3
2026-10-10,wk inc flu hosp,2,2026-10-24,50,quantile,0.7,4
2026-10-10,wk inc flu hosp,2,2026-10-24,50,quantile,0.75,4
2026-10-10,wk inc flu hosp,2,2026-10-24,50,quantile,0.8,5
2026-10-10,wk inc flu hosp,2,2026-10-24,50,quantile,0.85,7
2026-10-10,wk inc flu hosp,2,2026-10-24,50,quantile,0.9,9
2026-10-10,wk inc flu hosp,2,2026-10-24,50,quantile,0.95,13
2026-10-10,wk inc flu hosp,2,2026-10-24,50,quantile,0.975,20
2026-10-10,wk inc flu hosp,2,2026-10-24,50,quantile,0.99,28
2026-10-10,wk inc flu hosp,3,2026-10-31,50,quantile,0.01,0
2026-10-10,wk inc flu hosp,3,2026-10-31,50,quantile,0.025,0
2026-10-10,wk inc flu hosp,3,2026-10-31,50,quantile,0.05,0
2026-10-10,wk inc flu hosp,3,2026-10-31,50,quantile,0.1,0
2026-10-10,wk inc flu hosp,3,2026-10-31,50,quantile,0.15,0
2026-10-10,wk inc flu hosp,3,2026-10-31,50,quantile,0.2,1
2026-10-10,wk inc flu hosp,3,2026-10-31,50,quantile,0.25,1
2026-10-10,wk inc flu hosp,3,2026-10-31,50,quantile,0.3,1
2026-10-10,wk inc flu hosp,3,2026-10-31,50,quantile,0.35,2
2026-10-10,wk inc flu hosp,3,2026-10-31,50,quantile,0.4,2
2026-10-10,wk inc flu hosp,3,2026-10-31,50,quantile,0.45,2
2026-10-10,wk inc flu hosp,3,2026-10-31,50,quantile,0.5,3
2026-10-10,wk inc flu hosp,3,2026-10-31,50,quantile,0.55,3
2026-10-10,wk inc flu hosp,3,2026-10-31,50,quantile,0.6,4
2026-10-10,wk inc flu hosp,3,2026-10-31,50,quantile,0.65,4
2026-10-10,wk inc flu hosp,3,2026-10-31,50,quantile,0.7,5
2026-10-10,wk inc flu hosp,3,2026-10-31,50,quantile,0.75,6
2026-10-10,wk inc flu hosp,3,2026-10-31,50,quantile,0.8,7
2026-10-10,wk inc flu hosp,3,2026-10-31,50,quantile,0.85,9
2026-10-10,wk inc flu hosp,3,2026-10-31,50,quantile,0.9,12
2026-10-10,wk inc flu hosp,3,2026-10-31,50,quantile,0.95,21
2026-10-10,wk inc flu hosp,3,2026-10-31,50,quantile,0.975,30
2026-10-10,wk inc flu hosp,3,2026-10-31,50,quantile,0.99,49
2026-10-10,wk inc flu hosp,0,2026-10-10,51,quantile,0.01,8
2026-10-10,wk inc flu hosp,0,2026-10-10,51,quantile,0.025,12
2026-10-10,wk inc flu hosp,0,2026-10-10,51,quantile,0.05,17
2026-10-10,wk inc flu hosp,0,2026-10-10,51,quantile,0.1,22
2026-10-10,wk inc flu hosp,0,2026-10-10,51,quantile,0.15,26
2026-10-10,wk inc flu hosp,0,2026-10-10,51,quantile,0.2,30
2026-10-10,wk inc flu hosp,0,2026-10-10,51,quantile,0.25,32
2026-10-10,wk inc flu hosp,0,2026-10-10,51,quantile,0.3,35
2026-10-10,wk inc flu hosp,0,2026-10-10,51,quantile,0.35,37
2026-10-10,wk inc flu hosp,0,2026-10-10,51,quantile,0.4,40
2026-10-10,wk inc flu hosp,0,2026-10-10,51,quantile,0.45,42
2026-10-10,wk inc flu hosp,0,2026-10-10,51,quantile,0.5,44
2026-10-10,wk inc flu hosp,0,2026-10-10,51,quantile,0.55,48
2026-10-10,wk inc flu hosp,0,2026-10-10,51,quantile,0.6,51
2026-10-10,wk inc flu hosp,0,2026-10-10,51,quantile,0.65,54
2026-10-10,wk inc flu hosp,0,2026-10-10,51,quantile,0.7,58
2026-10-10,wk inc flu hosp,0,2026-10-10,51,quantile,0.75,63
2026-10-10,wk inc flu hosp,0,2026-10-10,51,quantile,0.8,67
2026-10-10,wk inc flu hosp,0,2026-10-10,51,quantile,0.85,74
2026-10-10,wk inc flu hosp,0,2026-10-10,51,quantile,0.9,85
2026-10-10,wk inc flu hosp,0,2026-10-10,51,quantile,0.95,103
2026-10-10,wk inc flu hosp,0,2026-10-10,51,quantile,0.975,123
2026-10-10,wk inc flu hosp,0,2026-10-10,51,quantile,0.99,147
2026-10-10,wk inc flu hosp,1,2026-10-17,51,quantile,0.01,7
2026-10-10,wk inc flu hosp,1,2026-10-17,51,quantile,0.025,12
2026-10-10,wk inc flu hosp,1,2026-10-17,51,quantile,0.05,16
2026-10-10,wk inc flu hosp,1,2026-10-17,51,quantile,0.1,22
2026-10-10,wk inc flu hosp,1,2026-10-17,51,quantile,0.15,27
2026-10-10,wk inc flu hosp,1,2026-10-17,51,quantile,0.2,31
2026-10-10,wk inc flu hosp,1,2026-10-17,51,quantile,0.25,34
2026-10-10,wk inc flu hosp,1,2026-10-17,51,quantile,0.3,38
2026-10-10,wk inc flu hosp,1,2026-10-17,51,quantile,0.35,40
2026-10-10,wk inc flu hosp,1,2026-10-17,51,quantile,0.4,44
2026-10-10,wk inc flu hosp,1,2026-10-17,51,quantile,0.45,48
2026-10-10,wk inc flu hosp,1,2026-10-17,51,quantile,0.5,53
2026-10-10,wk inc flu hosp,1,2026-10-17,51,quantile,0.55,57
2026-10-10,wk inc flu hosp,1,2026-10-17,51,quantile,0.6,63
2026-10-10,wk inc flu hosp,1,2026-10-17,51,quantile,0.65,68
2026-10-10,wk inc flu hosp,1,2026-10-17,51,quantile,0.7,74
2026-10-10,wk inc flu hosp,1,2026-10-17,51,quantile,0.75,80
2026-10-10,wk inc flu hosp,1,2026-10-17,51,quantile,0.8,90
2026-10-10,wk inc flu hosp,1,2026-10-17,51,quantile,0.85,102
2026-10-10,wk inc flu hosp,1,2026-10-17,51,quantile,0.9,121
2026-10-10,wk inc flu hosp,1,2026-10-17,51,quantile,0.95,156
2026-10-10,wk inc flu hosp,1,2026-10-17,51,quantile,0.975,200
2026-10-10,wk inc flu hosp,1,2026-10-17,51,quantile,0.99,265
2026-10-10,wk inc flu hosp,2,2026-10-24,51,quantile,0.01,6
2026-10-10,wk inc flu hosp,2,2026-10-24,51,quantile,0.025,10
2026-10-10,wk inc flu hosp,2,2026-10-24,51,quantile,0.05,16
2026-10-10,wk inc flu hosp,2,2026-10-24,51,quantile,0.1,22
2026-10-10,wk inc flu hosp,2,2026-10-24,51,quantile,0.15,28
2026-10-10,wk inc flu hosp,2,2026-10-24,51,quantile,0.2,33
2026-10-10,wk inc flu hosp,2,2026-10-24,51,quantile,0.25,37
2026-10-10,wk inc flu hosp,2,2026-10-24,51,quantile,0.3,40
2026-10-10,wk inc flu hosp,2,2026-10-24,51,quantile,0.35,45
2026-10-10,wk inc flu hosp,2,2026-10-24,51,quantile,0.4,50
2026-10-10,wk inc flu hosp,2,2026-10-24,51,quantile,0.45,56
2026-10-10,wk inc flu hosp,2,2026-10-24,51,quantile,0.5,62
2026-10-10,wk inc flu hosp,2,2026-10-24,51,quantile,0.55,68
2026-10-10,wk inc flu hosp,2,2026-10-24,51,quantile,0.6,75
2026-10-10,wk inc flu hosp,2,2026-10-24,51,quantile,0.65,82
2026-10-10,wk inc flu hosp,2,2026-10-24,51,quantile,0.7,92
2026-10-10,wk inc flu hosp,2,2026-10-24,51,quantile,0.75,105
2026-10-10,wk inc flu hosp,2,2026-10-24,51,quantile,0.8,121
2026-10-10,wk inc flu hosp,2,2026-10-24,51,quantile,0.85,142
2026-10-10,wk inc flu hosp,2,2026-10-24,51,quantile,0.9,179
2026-10-10,wk inc flu hosp,2,2026-10-24,51,quantile,0.95,250
2026-10-10,wk inc flu hosp,2,2026-10-24,51,quantile,0.975,317
2026-10-10,wk inc flu hosp,2,2026-10-24,51,quantile,0.99,428
2026-10-10,wk inc flu hosp,3,2026-10-31,51,quantile,0.01,6
2026-10-10,wk inc flu hosp,3,2026-10-31,51,quantile,0.025,10
2026-10-10,wk inc flu hosp,3,2026-10-31,51,quantile,0.05,16
2026-10-10,wk inc flu hosp,3,2026-10-31,51,quantile,0.1,22
2026-10-10,wk inc flu hosp,3,2026-10-31,51,quantile,0.15,29
2026-10-10,wk inc flu hosp,3,2026-10-31,51,quantile,0.2,35
2026-10-10,wk inc flu hosp,3,2026-10-31,51,quantile,0.25,40
2026-10-10,wk inc flu hosp,3,2026-10-31,51,quantile,0.3,46
2026-10-10,wk inc flu hosp,3,2026-10-31,51,quantile,0.35,51
2026-10-10,wk inc flu hosp,3,2026-10-31,51,quantile,0.4,59
2026-10-10,wk inc flu hosp,3,2026-10-31,51,quantile,0.45,66
2026-10-10,wk inc flu hosp,3,2026-10-31,51,quantile,0.5,74
2026-10-10,wk inc flu hosp,3,2026-10-31,51,quantile,0.55,83
2026-10-10,wk inc flu hosp,3,2026-10-31,51,quantile,0.6,93
2026-10-10,wk inc flu hosp,3,2026-10-31,51,quantile,0.65,106
2026-10-10,wk inc flu hosp,3,2026-10-31,51,quantile,0.7,119
2026-10-10,wk inc flu hosp,3,2026-10-31,51,quantile,0.75,138
2026-10-10,wk inc flu hosp,3,2026-10-31,51,quantile,0.8,160
2026-10-10,wk inc flu hosp,3,2026-10-31,51,quantile,0.85,191
2026-10-10,wk inc flu hosp,3,2026-10-31,51,quantile,0.9,250
2026-10-10,wk inc flu hosp,3,2026-10-31,51,quantile,0.95,366
2026-10-10,wk inc flu hosp,3,2026-10-31,51,quantile,0.975,490
2026-10-10,wk inc flu hosp,3,2026-10-31,51,quantile,0.99,706
2026-10-10,wk inc flu hosp,0,2026-10-10,53,quantile,0.01,43
2026-10-10,wk inc flu hosp,0,2026-10-10,53,quantile,0.025,58
2026-10-10,wk inc flu hosp,0,2026-10-10,53,quantile,0.05,74
2026-10-10,wk inc flu hosp,0,2026-10-10,53,quantile,0.1,94
2026-10-10,wk inc flu hosp,0,2026-10-10,53,quantile,0.15,108
2026-10-10,wk inc flu hosp,0,2026-10-10,53,quantile,0.2,120
2026-10-10,wk inc flu hosp,0,2026-10-10,53,quantile,0.25,127
2026-10-10,wk inc flu hosp,0,2026-10-10,53,quantile,0.3,134
2026-10-10,wk inc flu hosp,0,2026-10-10,53,quantile,0.35,141
2026-10-10,wk inc flu hosp,0,2026-10-10,53,quantile,0.4,148
2026-10-10,wk inc flu hosp,0,2026-10-10,53,quantile,0.45,154
2026-10-10,wk inc flu hosp,0,2026-10-10,53,quantile,0.5,160
2026-10-10,wk inc flu hosp,0,2026-10-10,53,quantile,0.55,167
2026-10-10,wk inc flu hosp,0,2026-10-10,53,quantile,0.6,177
2026-10-10,wk inc flu hosp,0,2026-10-10,53,quantile,0.65,186
2026-10-10,wk inc flu hosp,0,2026-10-10,53,quantile,0.7,196
2026-10-10,wk inc flu hosp,0,2026-10-10,53,quantile,0.75,209
2026-10-10,wk inc flu hosp,0,2026-10-10,53,quantile,0.8,220
2026-10-10,wk inc flu hosp,0,2026-10-10,53,quantile,0.85,235
2026-10-10,wk inc flu hosp,0,2026-10-10,53,quantile,0.9,265
2026-10-10,wk inc flu hosp,0,2026-10-10,53,quantile,0.95,311
2026-10-10,wk inc flu hosp,0,2026-10-10,53,quantile,0.975,359
2026-10-10,wk inc flu hosp,0,2026-10-10,53,quantile,0.99,441
2026-10-10,wk inc flu hosp,1,2026-10-17,53,quantile,0.01,39
2026-10-10,wk inc flu hosp,1,2026-10-17,53,quantile,0.025,56
2026-10-10,wk inc flu hosp,1,2026-10-17,53,quantile,0.05,71
2026-10-10,wk inc flu hosp,1,2026-10-17,53,quantile,0.1,86
2026-10-10,wk inc flu hosp,1,2026-10-17,53,quantile,0.15,100
2026-10-10,wk inc flu hosp,1,2026-10-17,53,quantile,0.2,123
2026-10-10,wk inc flu hosp,1,2026-10-17,53,quantile,0.25,138
2026-10-10,wk inc flu hosp,1,2026-10-17,53,quantile,0.3,146
2026-10-10,wk inc flu hosp,1,2026-10-17,53,quantile,0.35,155
2026-10-10,wk inc flu hosp,1,2026-10-17,53,quantile,0.4,176
2026-10-10,wk inc flu hosp,1,2026-10-17,53,quantile,0.45,190
2026-10-10,wk inc flu hosp,1,2026-10-17,53,quantile,0.5,206
2026-10-10,wk inc flu hosp,1,2026-10-17,53,quantile,0.55,224
2026-10-10,wk inc flu hosp,1,2026-10-17,53,quantile,0.6,245
2026-10-10,wk inc flu hosp,1,2026-10-17,53,quantile,0.65,258
2026-10-10,wk inc flu hosp,1,2026-10-17,53,quantile,0.7,272
2026-10-10,wk inc flu hosp,1,2026-10-17,53,quantile,0.75,289
2026-10-10,wk inc flu hosp,1,2026-10-17,53,quantile,0.8,313
2026-10-10,wk inc flu hosp,1,2026-10-17,53,quantile,0.85,337
2026-10-10,wk inc flu hosp,1,2026-10-17,53,quantile,0.9,386
2026-10-10,wk inc flu hosp,1,2026-10-17,53,quantile,0.95,464
2026-10-10,wk inc flu hosp,1,2026-10-17,53,quantile,0.975,589
2026-10-10,wk inc flu hosp,1,2026-10-17,53,quantile,0.99,812
2026-10-10,wk inc flu hosp,2,2026-10-24,53,quantile,0.01,44
2026-10-10,wk inc flu hosp,2,2026-10-24,53,quantile,0.025,64
2026-10-10,wk inc flu hosp,2,2026-10-24,53,quantile,0.05,83
2026-10-10,wk inc flu hosp,2,2026-10-24,53,quantile,0.1,102
2026-10-10,wk inc flu hosp,2,2026-10-24,53,quantile,0.15,120
2026-10-10,wk inc flu hosp,2,2026-10-24,53,quantile,0.2,133
2026-10-10,wk inc flu hosp,2,2026-10-24,53,quantile,0.25,147
2026-10-10,wk inc flu hosp,2,2026-10-24,53,quantile,0.3,158
2026-10-10,wk inc flu hosp,2,2026-10-24,53,quantile,0.35,172
2026-10-10,wk inc flu hosp,2,2026-10-24,53,quantile,0.4,225
2026-10-10,wk inc flu hosp,2,2026-10-24,53,quantile,0.45,251
2026-10-10,wk inc flu hosp,2,2026-10-24,53,quantile,0.5,278
2026-10-10,wk inc flu hosp,2,2026-10-24,53,quantile,0.55,296
2026-10-10,wk inc flu hosp,2,2026-10-24,53,quantile,0.6,316
2026-10-10,wk inc flu hosp,2,2026-10-24,53,quantile,0.65,335
2026-10-10,wk inc flu hosp,2,2026-10-24,53,quantile,0.7,367
2026-10-10,wk inc flu hosp,2,2026-10-24,53,quantile,0.75,399
2026-10-10,wk inc flu hosp,2,2026-10-24,53,quantile,0.8,436
2026-10-10,wk inc flu hosp,2,2026-10-24,53,quantile,0.85,486
2026-10-10,wk inc flu hosp,2,2026-10-24,53,quantile,0.9,572
2026-10-10,wk inc flu hosp,2,2026-10-24,53,quantile,0.95,717
2026-10-10,wk inc flu hosp,2,2026-10-24,53,quantile,0.975,906
2026-10-10,wk inc flu hosp,2,2026-10-24,53,quantile,0.99,1257
2026-10-10,wk inc flu hosp,3,2026-10-31,53,quantile,0.01,41
2026-10-10,wk inc flu hosp,3,2026-10-31,53,quantile,0.025,63
2026-10-10,wk inc flu hosp,3,2026-10-31,53,quantile,0.05,82
2026-10-10,wk inc flu hosp,3,2026-10-31,53,quantile,0.1,103
2026-10-10,wk inc flu hosp,3,2026-10-31,53,quantile,0.15,122
2026-10-10,wk inc flu hosp,3,2026-10-31,53,quantile,0.2,143
2026-10-10,wk inc flu hosp,3,2026-10-31,53,quantile,0.25,159
2026-10-10,wk inc flu hosp,3,2026-10-31,53,quantile,0.3,199
2026-10-10,wk inc flu hosp,3,2026-10-31,53,quantile,0.35,217
2026-10-10,wk inc flu hosp,3,2026-10-31,53,quantile,0.4,261
2026-10-10,wk inc flu hosp,3,2026-10-31,53,quantile,0.45,300
2026-10-10,wk inc flu hosp,3,2026-10-31,53,quantile,0.5,342
2026-10-10,wk inc flu hosp,3,2026-10-31,53,quantile,0.55,370
2026-10-10,wk inc flu hosp,3,2026-10-31,53,quantile,0.6,397
2026-10-10,wk inc flu hosp,3,2026-10-31,53,quantile,0.65,432
2026-10-10,wk inc flu hosp,3,2026-10-31,53,quantile,0.7,458
2026-10-10,wk inc flu hosp,3,2026-10-31,53,quantile,0.75,506
2026-10-10,wk inc flu hosp,3,2026-10-31,53,quantile,0.8,554
2026-10-10,wk inc flu hosp,3,2026-10-31,53,quantile,0.85,631
2026-10-10,wk inc flu hosp,3,2026-10-31,53,quantile,0.9,773
2026-10-10,wk inc flu hosp,3,2026-10-31,53,quantile,0.95,1013
2026-10-10,wk inc flu hosp,3,2026-10-31,53,quantile,0.975,1319
2026-10-10,wk inc flu hosp,3,2026-10-31,53,quantile,0.99,2056
2026-10-10,wk inc flu hosp,0,2026-10-10,54,quantile,0.01,1
2026-10-10,wk inc flu hosp,0,2026-10-10,54,quantile,0.025,1
2026-10-10,wk inc flu hosp,0,2026-10-10,54,quantile,0.05,2
2026-10-10,wk inc flu hosp,0,2026-10-10,54,quantile,0.1,2
2026-10-10,wk inc flu hosp,0,2026-10-10,54,quantile,0.15,3
2026-10-10,wk inc flu hosp,0,2026-10-10,54,quantile,0.2,4
2026-10-10,wk inc flu hosp,0,2026-10-10,54,quantile,0.25,4
2026-10-10,wk inc flu hosp,0,2026-10-10,54,quantile,0.3,5
2026-10-10,wk inc flu hosp,0,2026-10-10,54,quantile,0.35,6
2026-10-10,wk inc flu hosp,0,2026-10-10,54,quantile,0.4,6
2026-10-10,wk inc flu hosp,0,2026-10-10,54,quantile,0.45,6
2026-10-10,wk inc flu hosp,0,2026-10-10,54,quantile,0.5,6
2026-10-10,wk inc flu hosp,0,2026-10-10,54,quantile,0.55,7
2026-10-10,wk inc flu hosp,0,2026-10-10,54,quantile,0.6,8
2026-10-10,wk inc flu hosp,0,2026-10-10,54,quantile,0.65,8
2026-10-10,wk inc flu hosp,0,2026-10-10,54,quantile,0.7,9
2026-10-10,wk inc flu hosp,0,2026-10-10,54,quantile,0.75,10
2026-10-10,wk inc flu hosp,0,2026-10-10,54,quantile,0.8,11
2026-10-10,wk inc flu hosp,0,2026-10-10,54,quantile,0.85,12
2026-10-10,wk inc flu hosp,0,2026-10-10,54,quantile,0.9,14
2026-10-10,wk inc flu hosp,0,2026-10-10,54,quantile,0.95,18
2026-10-10,wk inc flu hosp,0,2026-10-10,54,quantile,0.975,22
2026-10-10,wk inc flu hosp,0,2026-10-10,54,quantile,0.99,29
2026-10-10,wk inc flu hosp,1,2026-10-17,54,quantile,0.01,1
2026-10-10,wk inc flu hosp,1,2026-10-17,54,quantile,0.025,1
2026-10-10,wk inc flu hosp,1,2026-10-17,54,quantile,0.05,1
2026-10-10,wk inc flu hosp,1,2026-10-17,54,quantile,0.1,2
2026-10-10,wk inc flu hosp,1,2026-10-17,54,quantile,0.15,3
2026-10-10,wk inc flu hosp,1,2026-10-17,54,quantile,0.2,4
2026-10-10,wk inc flu hosp,1,2026-10-17,54,quantile,0.25,5
2026-10-10,wk inc flu hosp,1,2026-10-17,54,quantile,0.3,5
2026-10-10,wk inc flu hosp,1,2026-10-17,54,quantile,0.35,6
2026-10-10,wk inc flu hosp,1,2026-10-17,54,quantile,0.4,6
2026-10-10,wk inc flu hosp,1,2026-10-17,54,quantile,0.45,7
2026-10-10,wk inc flu hosp,1,2026-10-17,54,quantile,0.5,8
2026-10-10,wk inc flu hosp,1,2026-10-17,54,quantile,0.55,8
2026-10-10,wk inc flu hosp,1,2026-10-17,54,quantile,0.6,9
2026-10-10,wk inc flu hosp,1,2026-10-17,54,quantile,0.65,10
2026-10-10,wk inc flu hosp,1,2026-10-17,54,quantile,0.7,11
2026-10-10,wk inc flu hosp,1,2026-10-17,54,quantile,0.75,12
2026-10-10,wk inc flu hosp,1,2026-10-17,54,quantile,0.8,14
2026-10-10,wk inc flu hosp,1,2026-10-17,54,quantile,0.85,16
2026-10-10,wk inc flu hosp,1,2026-10-17,54,quantile,0.9,20
2026-10-10,wk inc flu hosp,1,2026-10-17,54,quantile,0.95,27
2026-10-10,wk inc flu hosp,1,2026-10-17,54,quantile,0.975,36
2026-10-10,wk inc flu hosp,1,2026-10-17,54,quantile,0.99,50
2026-10-10,wk inc flu hosp,2,2026-10-24,54,quantile,0.01,0
2026-10-10,wk inc flu hosp,2,2026-10-24,54,quantile,0.025,1
2026-10-10,wk inc flu hosp,2,2026-10-24,54,quantile,0.05,2
2026-10-10,wk inc flu hosp,2,2026-10-24,54,quantile,0.1,3
2026-10-10,wk inc flu hosp,2,2026-10-24,54,quantile,0.15,4
2026-10-10,wk inc flu hosp,2,2026-10-24,54,quantile,0.2,5
2026-10-10,wk inc flu hosp,2,2026-10-24,54,quantile,0.25,5
2026-10-10,wk inc flu hosp,2,2026-10-24,54,quantile,0.3,6
2026-10-10,wk inc flu hosp,2,2026-10-24,54,quantile,0.35,7
2026-10-10,wk inc flu hosp,2,2026-10-24,54,quantile,0.4,7
2026-10-10,wk inc flu hosp,2,2026-10-24,54,quantile,0.45,8
2026-10-10,wk inc flu hosp,2,2026-10-24,54,quantile,0.5,10
2026-10-10,wk inc flu hosp,2,2026-10-24,54,quantile,0.55,10
2026-10-10,wk inc flu hosp,2,2026-10-24,54,quantile,0.6,12
2026-10-10,wk inc flu hosp,2,2026-10-24,54,quantile,0.65,12
2026-10-10,wk inc flu hosp,2,2026-10-24,54,quantile,0.7,14
2026-10-10,wk inc flu hosp,2,2026-10-24,54,quantile,0.75,16
2026-10-10,wk inc flu hosp,2,2026-10-24,54,quantile,0.8,18
2026-10-10,wk inc flu hosp,2,2026-10-24,54,quantile,0.85,22
2026-10-10,wk inc flu hosp,2,2026-10-24,54,quantile,0.9,30
2026-10-10,wk inc flu hosp,2,2026-10-24,54,quantile,0.95,42
2026-10-10,wk inc flu hosp,2,2026-10-24,54,quantile,0.975,57
2026-10-10,wk inc flu hosp,2,2026-10-24,54,quantile,0.99,83
2026-10-10,wk inc flu hosp,3,2026-10-31,54,quantile,0.01,0
2026-10-10,wk inc flu hosp,3,2026-10-31,54,quantile,0.025,1
2026-10-10,wk inc flu hosp,3,2026-10-31,54,quantile,0.05,2
2026-10-10,wk inc flu hosp,3,2026-10-31,54,quantile,0.1,3
2026-10-10,wk inc flu hosp,3,2026-10-31,54,quantile,0.15,4
2026-10-10,wk inc flu hosp,3,2026-10-31,54,quantile,0.2,5
2026-10-10,wk inc flu hosp,3,2026-10-31,54,quantile,0.25,6
2026-10-10,wk inc flu hosp,3,2026-10-31,54,quantile,0.3,7
2026-10-10,wk inc flu hosp,3,2026-10-31,54,quantile,0.35,8
2026-10-10,wk inc flu hosp,3,2026-10-31,54,quantile,0.4,9
2026-10-10,wk inc flu hosp,3,2026-10-31,54,quantile,0.45,10
2026-10-10,wk inc flu hosp,3,2026-10-31,54,quantile,0.5,11
2026-10-10,wk inc flu hosp,3,2026-10-31,54,quantile,0.55,13
2026-10-10,wk inc flu hosp,3,2026-10-31,54,quantile,0.6,14
2026-10-10,wk inc flu hosp,3,2026-10-31,54,quantile,0.65,17
2026-10-10,wk inc flu hosp,3,2026-10-31,54,quantile,0.7,18
2026-10-10,wk inc flu hosp,3,2026-10-31,54,quantile,0.75,22
2026-10-10,wk inc flu hosp,3,2026-10-31,54,quantile,0.8,26
2026-10-10,wk inc flu hosp,3,2026-10-31,54,quantile,0.85,32
2026-10-10,wk inc flu hosp,3,2026-10-31,54,quantile,0.9,41
2026-10-10,wk inc flu hosp,3,2026-10-31,54,quantile,0.95,64
2026-10-10,wk inc flu hosp,3,2026-10-31,54,quantile,0.975,93
2026-10-10,wk inc flu hosp,3,2026-10-31,54,quantile,0.99,140
2026-10-10,wk inc flu hosp,0,2026-10-10,55,quantile,0.01,8
2026-10-10,wk inc flu hosp,0,2026-10-10,55,quantile,0.025,11
2026-10-10,wk inc flu hosp,0,2026-10-10,55,quantile,0.05,14
2026-10-10,wk inc flu hosp,0,2026-10-10,55,quantile,0.1,19
2026-10-10,wk inc flu hosp,0,2026-10-10,55,quantile,0.15,24
2026-10-10,wk inc flu hosp,0,2026-10-10,55,quantile,0.2,27
2026-10-10,wk inc flu hosp,0,2026-10-10,55,quantile,0.25,30
2026-10-10,wk inc flu hosp,0,2026-10-10,55,quantile,0.3,32
2026-10-10,wk inc flu hosp,0,2026-10-10,55,quantile,0.35,34
2026-10-10,wk inc flu hosp,0,2026-10-10,55,quantile,0.4,36
2026-10-10,wk inc flu hosp,0,2026-10-10,55,quantile,0.45,38
2026-10-10,wk inc flu hosp,0,2026-10-10,55,quantile,0.5,40
2026-10-10,wk inc flu hosp,0,2026-10-10,55,quantile,0.55,42
2026-10-10,wk inc flu hosp,0,2026-10-10,55,quantile,0.6,45
2026-10-10,wk inc flu hosp,0,2026-10-10,55,quantile,0.65,48
2026-10-10,wk inc flu hosp,0,2026-10-10,55,quantile,0.7,51
2026-10-10,wk inc flu hosp,0,2026-10-10,55,quantile,0.75,55
2026-10-10,wk inc flu hosp,0,2026-10-10,55,quantile,0.8,59
2026-10-10,wk inc flu hosp,0,2026-10-10,55,quantile,0.85,64
2026-10-10,wk inc flu hosp,0,2026-10-10,55,quantile,0.9,74
2026-10-10,wk inc flu hosp,0,2026-10-10,55,quantile,0.95,90
2026-10-10,wk inc flu hosp,0,2026-10-10,55,quantile,0.975,108
2026-10-10,wk inc flu hosp,0,2026-10-10,55,quantile,0.99,132
2026-10-10,wk inc flu hosp,1,2026-10-17,55,quantile,0.01,7
2026-10-10,wk inc flu hosp,1,2026-10-17,55,quantile,0.025,10
2026-10-10,wk inc flu hosp,1,2026-10-17,55,quantile,0.05,13
2026-10-10,wk inc flu hosp,1,2026-10-17,55,quantile,0.1,18
2026-10-10,wk inc flu hosp,1,2026-10-17,55,quantile,0.15,23
2026-10-10,wk inc flu hosp,1,2026-10-17,55,quantile,0.2,28
2026-10-10,wk inc flu hosp,1,2026-10-17,55,quantile,0.25,31
2026-10-10,wk inc flu hosp,1,2026-10-17,55,quantile,0.3,33
2026-10-10,wk inc flu hosp,1,2026-10-17,55,quantile,0.35,36
2026-10-10,wk inc flu hosp,1,2026-10-17,55,quantile,0.4,38
2026-10-10,wk inc flu hosp,1,2026-10-17,55,quantile,0.45,41
2026-10-10,wk inc flu hosp,1,2026-10-17,55,quantile,0.5,45
2026-10-10,wk inc flu hosp,1,2026-10-17,55,quantile,0.55,49
2026-10-10,wk inc flu hosp,1,2026-10-17,55,quantile,0.6,54
2026-10-10,wk inc flu hosp,1,2026-10-17,55,quantile,0.65,57
2026-10-10,wk inc flu hosp,1,2026-10-17,55,quantile,0.7,62
2026-10-10,wk inc flu hosp,1,2026-10-17,55,quantile,0.75,67
2026-10-10,wk inc flu hosp,1,2026-10-17,55,quantile,0.8,75
2026-10-10,wk inc flu hosp,1,2026-10-17,55,quantile,0.85,84
2026-10-10,wk inc flu hosp,1,2026-10-17,55,quantile,0.9,99
2026-10-10,wk inc flu hosp,1,2026-10-17,55,quantile,0.95,126
2026-10-10,wk inc flu hosp,1,2026-10-17,55,quantile,0.975,165
2026-10-10,wk inc flu hosp,1,2026-10-17,55,quantile,0.99,228
2026-10-10,wk inc flu hosp,2,2026-10-24,55,quantile,0.01,6
2026-10-10,wk inc flu hosp,2,2026-10-24,55,quantile,0.025,8
2026-10-10,wk inc flu hosp,2,2026-10-24,55,quantile,0.05,12
2026-10-10,wk inc flu hosp,2,2026-10-24,55,quantile,0.1,19
2026-10-10,wk inc flu hosp,2,2026-10-24,55,quantile,0.15,25
2026-10-10,wk inc flu hosp,2,2026-10-24,55,quantile,0.2,29
2026-10-10,wk inc flu hosp,2,2026-10-24,55,quantile,0.25,32
2026-10-10,wk inc flu hosp,2,2026-10-24,55,quantile,0.3,35
2026-10-10,wk inc flu hosp,2,2026-10-24,55,quantile,0.35,39
2026-10-10,wk inc flu hosp,2,2026-10-24,55,quantile,0.4,43
2026-10-10,wk inc flu hosp,2,2026-10-24,55,quantile,0.45,48
2026-10-10,wk inc flu hosp,2,2026-10-24,55,quantile,0.5,54
2026-10-10,wk inc flu hosp,2,2026-10-24,55,quantile,0.55,58
2026-10-10,wk inc flu hosp,2,2026-10-24,55,quantile,0.6,63
2026-10-10,wk inc flu hosp,2,2026-10-24,55,quantile,0.65,68
2026-10-10,wk inc flu hosp,2,2026-10-24,55,quantile,0.7,76
2026-10-10,wk inc flu hosp,2,2026-10-24,55,quantile,0.75,86
2026-10-10,wk inc flu hosp,2,2026-10-24,55,quantile,0.8,97
2026-10-10,wk inc flu hosp,2,2026-10-24,55,quantile,0.85,112
2026-10-10,wk inc flu hosp,2,2026-10-24,55,quantile,0.9,139
2026-10-10,wk inc flu hosp,2,2026-10-24,55,quantile,0.95,190
2026-10-10,wk inc flu hosp,2,2026-10-24,55,quantile,0.975,254
2026-10-10,wk inc flu hosp,2,2026-10-24,55,quantile,0.99,354
2026-10-10,wk inc flu hosp,3,2026-10-31,55,quantile,0.01,5
2026-10-10,wk inc flu hosp,3,2026-10-31,55,quantile,0.025,7
2026-10-10,wk inc flu hosp,3,2026-10-31,55,quantile,0.05,12
2026-10-10,wk inc flu hosp,3,2026-10-31,55,quantile,0.1,20
2026-10-10,wk inc flu hosp,3,2026-10-31,55,quantile,0.15,26
2026-10-10,wk inc flu hosp,3,2026-10-31,55,quantile,0.2,31
2026-10-10,wk inc flu hosp,3,2026-10-31,55,quantile,0.25,35
2026-10-10,wk inc flu hosp,3,2026-10-31,55,quantile,0.3,39
2026-10-10,wk inc flu hosp,3,2026-10-31,55,quantile,0.35,44
2026-10-10,wk inc flu hosp,3,2026-10-31,55,quantile,0.4,50
2026-10-10,wk inc flu hosp,3,2026-10-31,55,quantile,0.45,56
2026-10-10,wk inc flu hosp,3,2026-10-31,55,quantile,0.5,62
2026-10-10,wk inc flu hosp,3,2026-10-31,55,quantile,0.55,68
2026-10-10,wk inc flu hosp,3,2026-10-31,55,quantile,0.6,75
2026-10-10,wk inc flu hosp,3,2026-10-31,55,quantile,0.65,85
2026-10-10,wk inc flu hosp,3,2026-10-31,55,quantile,0.7,94
2026-10-10,wk inc flu hosp,3,2026-10-31,55,quantile,0.75,109
2026-10-10,wk inc flu hosp,3,2026-10-31,55,quantile,0.8,124
2026-10-10,wk inc flu hosp,3,2026-10-31,55,quantile,0.85,149
2026-10-10,wk inc flu hosp,3,2026-10-31,55,quantile,0.9,188
2026-10-10,wk inc flu hosp,3,2026-10-31,55,quantile,0.95,276
2026-10-10,wk inc flu hosp,3,2026-10-31,55,quantile,0.975,382
2026-10-10,wk inc flu hosp,3,2026-10-31,55,quantile,0.99,575
2026-10-10,wk inc flu hosp,0,2026-10-10,56,quantile,0.01,0
2026-10-10,wk inc flu hosp,0,2026-10-10,56,quantile,0.025,0
2026-10-10,wk inc flu hosp,0,2026-10-10,56,quantile,0.05,0
2026-10-10,wk inc flu hosp,0,2026-10-10,56,quantile,0.1,1
2026-10-10,wk inc flu hosp,0,2026-10-10,56,quantile,0.15,2
2026-10-10,wk inc flu hosp,0,2026-10-10,56,quantile,0.2,2
2026-10-10,wk inc flu hosp,0,2026-10-10,56,quantile,0.25,2
2026-10-10,wk inc flu hosp,0,2026-10-10,56,quantile,0.3,3
2026-10-10,wk inc flu hosp,0,2026-10-10,56,quantile,0.35,3
2026-10-10,wk inc flu hosp,0,2026-10-10,56,quantile,0.4,3
2026-10-10,wk inc flu hosp,0,2026-10-10,56,quantile,0.45,4
2026-10-10,wk inc flu hosp,0,2026-10-10,56,quantile,0.5,4
2026-10-10,wk inc flu hosp,0,2026-10-10,56,quantile,0.55,5
2026-10-10,wk inc flu hosp,0,2026-10-10,56,quantile,0.6,5
2026-10-10,wk inc flu hosp,0,2026-10-10,56,quantile,0.65,6
2026-10-10,wk inc flu hosp,0,2026-10-10,56,quantile,0.7,6
2026-10-10,wk inc flu hosp,0,2026-10-10,56,quantile,0.75,7
2026-10-10,wk inc flu hosp,0,2026-10-10,56,quantile,0.8,8
2026-10-10,wk inc flu hosp,0,2026-10-10,56,quantile,0.85,9
2026-10-10,wk inc flu hosp,0,2026-10-10,56,quantile,0.9,11
2026-10-10,wk inc flu hosp,0,2026-10-10,56,quantile,0.95,15
2026-10-10,wk inc flu hosp,0,2026-10-10,56,quantile,0.975,20
2026-10-10,wk inc flu hosp,0,2026-10-10,56,quantile,0.99,30
2026-10-10,wk inc flu hosp,1,2026-10-17,56,quantile,0.01,0
2026-10-10,wk inc flu hosp,1,2026-10-17,56,quantile,0.025,0
2026-10-10,wk inc flu hosp,1,2026-10-17,56,quantile,0.05,0
2026-10-10,wk inc flu hosp,1,2026-10-17,56,quantile,0.1,1
2026-10-10,wk inc flu hosp,1,2026-10-17,56,quantile,0.15,2
2026-10-10,wk inc flu hosp,1,2026-10-17,56,quantile,0.2,2
2026-10-10,wk inc flu hosp,1,2026-10-17,56,quantile,0.25,2
2026-10-10,wk inc flu hosp,1,2026-10-17,56,quantile,0.3,3
2026-10-10,wk inc flu hosp,1,2026-10-17,56,quantile,0.35,3
2026-10-10,wk inc flu hosp,1,2026-10-17,56,quantile,0.4,4
2026-10-10,wk inc flu hosp,1,2026-10-17,56,quantile,0.45,4
2026-10-10,wk inc flu hosp,1,2026-10-17,56,quantile,0.5,5
2026-10-10,wk inc flu hosp,1,2026-10-17,56,quantile,0.55,5
2026-10-10,wk inc flu hosp,1,2026-10-17,56,quantile,0.6,6
2026-10-10,wk inc flu hosp,1,2026-10-17,56,quantile,0.65,7
2026-10-10,wk inc flu hosp,1,2026-10-17,56,quantile,0.7,8
2026-10-10,wk inc flu hosp,1,2026-10-17,56,quantile,0.75,9
2026-10-10,wk inc flu hosp,1,2026-10-17,56,quantile,0.8,11
2026-10-10,wk inc flu hosp,1,2026-10-17,56,quantile,0.85,13
2026-10-10,wk inc flu hosp,1,2026-10-17,56,quantile,0.9,16
2026-10-10,wk inc flu hosp,1,2026-10-17,56,quantile,0.95,24
2026-10-10,wk inc flu hosp,1,2026-10-17,56,quantile,0.975,37
2026-10-10,wk inc flu hosp,1,2026-10-17,56,quantile,0.99,58
2026-10-10,wk inc flu hosp,2,2026-10-24,56,quantile,0.01,0
2026-10-10,wk inc flu hosp,2,2026-10-24,56,quantile,0.025,0
2026-10-10,wk inc flu hosp,2,2026-10-24,56,quantile,0.05,1
2026-10-10,wk inc flu hosp,2,2026-10-24,56,quantile,0.1,1
2026-10-10,wk inc flu hosp,2,2026-10-24,56,quantile,0.15,2
2026-10-10,wk inc flu hosp,2,2026-10-24,56,quantile,0.2,2
2026-10-10,wk inc flu hosp,2,2026-10-24,56,quantile,0.25,3
2026-10-10,wk inc flu hosp,2,2026-10-24,56,quantile,0.3,3
2026-10-10,wk inc flu hosp,2,2026-10-24,56,quantile,0.35,4
2026-10-10,wk inc flu hosp,2,2026-10-24,56,quantile,0.4,4
2026-10-10,wk inc flu hosp,2,2026-10-24,56,quantile,0.45,5
2026-10-10,wk inc flu hosp,2,2026-10-24,56,quantile,0.5,6
2026-10-10,wk inc flu hosp,2,2026-10-24,56,quantile,0.55,6
2026-10-10,wk inc flu hosp,2,2026-10-24,56,quantile,0.6,7
2026-10-10,wk inc flu hosp,2,2026-10-24,56,quantile,0.65,8
2026-10-10,wk inc flu hosp,2,2026-10-24,56,quantile,0.7,10
2026-10-10,wk inc flu hosp,2,2026-10-24,56,quantile,0.75,11
2026-10-10,wk inc flu hosp,2,2026-10-24,56,quantile,0.8,13
2026-10-10,wk inc flu hosp,2,2026-10-24,56,quantile,0.85,17
2026-10-10,wk inc flu hosp,2,2026-10-24,56,quantile,0.9,22
2026-10-10,wk inc flu hosp,2,2026-10-24,56,quantile,0.95,34
2026-10-10,wk inc flu hosp,2,2026-10-24,56,quantile,0.975,49
2026-10-10,wk inc flu hosp,2,2026-10-24,56,quantile,0.99,74
2026-10-10,wk inc flu hosp,3,2026-10-31,56,quantile,0.01,0
2026-10-10,wk inc flu hosp,3,2026-10-31,56,quantile,0.025,0
2026-10-10,wk inc flu hosp,3,2026-10-31,56,quantile,0.05,1
2026-10-10,wk inc flu hosp,3,2026-10-31,56,quantile,0.1,1
2026-10-10,wk inc flu hosp,3,2026-10-31,56,quantile,0.15,2
2026-10-10,wk inc flu hosp,3,2026-10-31,56,quantile,0.2,2
2026-10-10,wk inc flu hosp,3,2026-10-31,56,quantile,0.25,3
2026-10-10,wk inc flu hosp,3,2026-10-31,56,quantile,0.3,4
2026-10-10,wk inc flu hosp,3,2026-10-31,56,quantile,0.35,4
2026-10-10,wk inc flu hosp,3,2026-10-31,56,quantile,0.4,5
2026-10-10,wk inc flu hosp,3,2026-10-31,56,quantile,0.45,6
2026-10-10,wk inc flu hosp,3,2026-10-31,56,quantile,0.5,7
2026-10-10,wk inc flu hosp,3,2026-10-31,56,quantile,0.55,8
2026-10-10,wk inc flu hosp,3,2026-10-31,56,quantile,0.6,9
2026-10-10,wk inc flu hosp,3,2026-10-31,56,quantile,0.65,10
2026-10-10,wk inc flu hosp,3,2026-10-31,56,quantile,0.7,12
2026-10-10,wk inc flu hosp,3,2026-10-31,56,quantile,0.75,15
2026-10-10,wk inc flu hosp,3,2026-10-31,56,quantile,0.8,18
2026-10-10,wk inc flu hosp,3,2026-10-31,56,quantile,0.85,22
2026-10-10,wk inc flu hosp,3,2026-10-31,56,quantile,0.9,29
2026-10-10,wk inc flu hosp,3,2026-10-31,56,quantile,0.95,51
2026-10-10,wk inc flu hosp,3,2026-10-31,56,quantile,0.975,69
2026-10-10,wk inc flu hosp,3,2026-10-31,56,quantile,0.99,99
2026-10-10,wk inc flu hosp,0,2026-10-10,72,quantile,0.01,23
2026-10-10,wk inc flu hosp,0,2026-10-10,72,quantile,0.025,35
2026-10-10,wk inc flu hosp,0,2026-10-10,72,quantile,0.05,44
2026-10-10,wk inc flu hosp,0,2026-10-10,72,quantile,0.1,53
2026-10-10,wk inc flu hosp,0,2026-10-10,72,quantile,0.15,62
2026-10-10,wk inc flu hosp,0,2026-10-10,72,quantile,0.2,70
2026-10-10,wk inc flu hosp,0,2026-10-10,72,quantile,0.25,75
2026-10-10,wk inc flu hosp,0,2026-10-10,72,quantile,0.3,79
2026-10-10,wk inc flu hosp,0,2026-10-10,72,quantile,0.35,84
2026-10-10,wk inc flu hosp,0,2026-10-10,72,quantile,0.4,88
2026-10-10,wk inc flu hosp,0,2026-10-10,72,quantile,0.45,92
2026-10-10,wk inc flu hosp,0,2026-10-10,72,quantile,0.5,97
2026-10-10,wk inc flu hosp,0,2026-10-10,72,quantile,0.55,102
2026-10-10,wk inc flu hosp,0,2026-10-10,72,quantile,0.6,108
2026-10-10,wk inc flu hosp,0,2026-10-10,72,quantile,0.65,114
2026-10-10,wk inc flu hosp,0,2026-10-10,72,quantile,0.7,122
2026-10-10,wk inc flu hosp,0,2026-10-10,72,quantile,0.75,131
2026-10-10,wk inc flu hosp,0,2026-10-10,72,quantile,0.8,140
2026-10-10,wk inc flu hosp,0,2026-10-10,72,quantile,0.85,152
2026-10-10,wk inc flu hosp,0,2026-10-10,72,quantile,0.9,174
2026-10-10,wk inc flu hosp,0,2026-10-10,72,quantile,0.95,210
2026-10-10,wk inc flu hosp,0,2026-10-10,72,quantile,0.975,247
2026-10-10,wk inc flu hosp,0,2026-10-10,72,quantile,0.99,294
2026-10-10,wk inc flu hosp,1,2026-10-17,72,quantile,0.01,22
2026-10-10,wk inc flu hosp,1,2026-10-17,72,quantile,0.025,31
2026-10-10,wk inc flu hosp,1,2026-10-17,72,quantile,0.05,39
2026-10-10,wk inc flu hosp,1,2026-10-17,72,quantile,0.1,50
2026-10-10,wk inc flu hosp,1,2026-10-17,72,quantile,0.15,59
2026-10-10,wk inc flu hosp,1,2026-10-17,72,quantile,0.2,68
2026-10-10,wk inc flu hosp,1,2026-10-17,72,quantile,0.25,74
2026-10-10,wk inc flu hosp,1,2026-10-17,72,quantile,0.3,80
2026-10-10,wk inc flu hosp,1,2026-10-17,72,quantile,0.35,86
2026-10-10,wk inc flu hosp,1,2026-10-17,72,quantile,0.4,92
2026-10-10,wk inc flu hosp,1,2026-10-17,72,quantile,0.45,98
2026-10-10,wk inc flu hosp,1,2026-10-17,72,quantile,0.5,106
2026-10-10,wk inc flu hosp,1,2026-10-17,72,quantile,0.55,114
2026-10-10,wk inc flu hosp,1,2026-10-17,72,quantile,0.6,125
2026-10-10,wk inc flu hosp,1,2026-10-17,72,quantile,0.65,133
2026-10-10,wk inc flu hosp,1,2026-10-17,72,quantile,0.7,143
2026-10-10,wk inc flu hosp,1,2026-10-17,72,quantile,0.75,155
2026-10-10,wk inc flu hosp,1,2026-10-17,72,quantile,0.8,172
2026-10-10,wk inc flu hosp,1,2026-10-17,72,quantile,0.85,193
2026-10-10,wk inc flu hosp,1,2026-10-17,72,quantile,0.9,227
2026-10-10,wk inc flu hosp,1,2026-10-17,72,quantile,0.95,298
2026-10-10,wk inc flu hosp,1,2026-10-17,72,quantile,0.975,388
2026-10-10,wk inc flu hosp,1,2026-10-17,72,quantile,0.99,513
2026-10-10,wk inc flu hosp,2,2026-10-24,72,quantile,0.01,16
2026-10-10,wk inc flu hosp,2,2026-10-24,72,quantile,0.025,26
2026-10-10,wk inc flu hosp,2,2026-10-24,72,quantile,0.05,36
2026-10-10,wk inc flu hosp,2,2026-10-24,72,quantile,0.1,48
2026-10-10,wk inc flu hosp,2,2026-10-24,72,quantile,0.15,59
2026-10-10,wk inc flu hosp,2,2026-10-24,72,quantile,0.2,67
2026-10-10,wk inc flu hosp,2,2026-10-24,72,quantile,0.25,74
2026-10-10,wk inc flu hosp,2,2026-10-24,72,quantile,0.3,80
2026-10-10,wk inc flu hosp,2,2026-10-24,72,quantile,0.35,88
2026-10-10,wk inc flu hosp,2,2026-10-24,72,quantile,0.4,96
2026-10-10,wk inc flu hosp,2,2026-10-24,72,quantile,0.45,107
2026-10-10,wk inc flu hosp,2,2026-10-24,72,quantile,0.5,118
2026-10-10,wk inc flu hosp,2,2026-10-24,72,quantile,0.55,127
2026-10-10,wk inc flu hosp,2,2026-10-24,72,quantile,0.6,138
2026-10-10,wk inc flu hosp,2,2026-10-24,72,quantile,0.65,149
2026-10-10,wk inc flu hosp,2,2026-10-24,72,quantile,0.7,168
2026-10-10,wk inc flu hosp,2,2026-10-24,72,quantile,0.75,188
2026-10-10,wk inc flu hosp,2,2026-10-24,72,quantile,0.8,213
2026-10-10,wk inc flu hosp,2,2026-10-24,72,quantile,0.85,247
2026-10-10,wk inc flu hosp,2,2026-10-24,72,quantile,0.9,314
2026-10-10,wk inc flu hosp,2,2026-10-24,72,quantile,0.95,436
2026-10-10,wk inc flu hosp,2,2026-10-24,72,quantile,0.975,576
2026-10-10,wk inc flu hosp,2,2026-10-24,72,quantile,0.99,786
2026-10-10,wk inc flu hosp,3,2026-10-31,72,quantile,0.01,15
2026-10-10,wk inc flu hosp,3,2026-10-31,72,quantile,0.025,22
2026-10-10,wk inc flu hosp,3,2026-10-31,72,quantile,0.05,33
2026-10-10,wk inc flu hosp,3,2026-10-31,72,quantile,0.1,46
2026-10-10,wk inc flu hosp,3,2026-10-31,72,quantile,0.15,58
2026-10-10,wk inc flu hosp,3,2026-10-31,72,quantile,0.2,68
2026-10-10,wk inc flu hosp,3,2026-10-31,72,quantile,0.25,76
2026-10-10,wk inc flu hosp,3,2026-10-31,72,quantile,0.3,84
2026-10-10,wk inc flu hosp,3,2026-10-31,72,quantile,0.35,92
2026-10-10,wk inc flu hosp,3,2026-10-31,72,quantile,0.4,105
2026-10-10,wk inc flu hosp,3,2026-10-31,72,quantile,0.45,119
2026-10-10,wk inc flu hosp,3,2026-10-31,72,quantile,0.5,130
2026-10-10,wk inc flu hosp,3,2026-10-31,72,quantile,0.55,142
2026-10-10,wk inc flu hosp,3,2026-10-31,72,quantile,0.6,157
2026-10-10,wk inc flu hosp,3,2026-10-31,72,quantile,0.65,179
2026-10-10,wk inc flu hosp,3,2026-10-31,72,quantile,0.7,199
2026-10-10,wk inc flu hosp,3,2026-10-31,72,quantile,0.75,230
2026-10-10,wk inc flu hosp,3,2026-10-31,72,quantile,0.8,266
2026-10-10,wk inc flu hosp,3,2026-10-31,72,quantile,0.85,319
2026-10-10,wk inc flu hosp,3,2026-10-31,72,quantile,0.9,409
2026-10-10,wk inc flu hosp,3,2026-10-31,72,quantile,0.95,591
2026-10-10,wk inc flu hosp,3,2026-10-31,72,quantile,0.975,833
2026-10-10,wk inc flu hosp,3,2026-10-31,72,quantile,0.99,1257
2026-10-10,wk inc flu hosp,0,2026-10-10,US,quantile,0.01,1844
2026-10-10,wk inc flu hosp,0,2026-10-10,US,quantile,0.025,2035
2026-10-10,wk inc flu hosp,0,2026-10-10,US,quantile,0.05,2292
2026-10-10,wk inc flu hosp,0,2026-10-10,US,quantile,0.1,2708
2026-10-10,wk inc flu hosp,0,2026-10-10,US,quantile,0.15,2983
2026-10-10,wk inc flu hosp,0,2026-10-10,US,quantile,0.2,3199
2026-10-10,wk inc flu hosp,0,2026-10-10,US,quantile,0.25,3334
2026-10-10,wk inc flu hosp,0,2026-10-10,US,quantile,0.3,3472
2026-10-10,wk inc flu hosp,0,2026-10-10,US,quantile,0.35,3746
2026-10-10,wk inc flu hosp,0,2026-10-10,US,quantile,0.4,3904
2026-10-10,wk inc flu hosp,0,2026-10-10,US,quantile,0.45,4032
2026-10-10,wk inc flu hosp,0,2026-10-10,US,quantile,0.5,4156
2026-10-10,wk inc flu hosp,0,2026-10-10,US,quantile,0.55,4311
2026-10-10,wk inc flu hosp,0,2026-10-10,US,quantile,0.6,4514
2026-10-10,wk inc flu hosp,0,2026-10-10,US,quantile,0.65,4714
2026-10-10,wk inc flu hosp,0,2026-10-10,US,quantile,0.7,4950
2026-10-10,wk inc flu hosp,0,2026-10-10,US,quantile,0.75,5274
2026-10-10,wk inc flu hosp,0,2026-10-10,US,quantile,0.8,5533
2026-10-10,wk inc flu hosp,0,2026-10-10,US,quantile,0.85,5852
2026-10-10,wk inc flu hosp,0,2026-10-10,US,quantile,0.9,6483
2026-10-10,wk inc flu hosp,0,2026-10-10,US,quantile,0.95,7441
2026-10-10,wk inc flu hosp,0,2026-10-10,US,quantile,0.975,8495
2026-10-10,wk inc flu hosp,0,2026-10-10,US,quantile,0.99,9858
2026-10-10,wk inc flu hosp,1,2026-10-17,US,quantile,0.01,1704
2026-10-10,wk inc flu hosp,1,2026-10-17,US,quantile,0.025,1963
2026-10-10,wk inc flu hosp,1,2026-10-17,US,quantile,0.05,2576
2026-10-10,wk inc flu hosp,1,2026-10-17,US,quantile,0.1,3012
2026-10-10,wk inc flu hosp,1,2026-10-17,US,quantile,0.15,3393
2026-10-10,wk inc flu hosp,1,2026-10-17,US,quantile,0.2,3686
2026-10-10,wk inc flu hosp,1,2026-10-17,US,quantile,0.25,3874
2026-10-10,wk inc flu hosp,1,2026-10-17,US,quantile,0.3,4063
2026-10-10,wk inc flu hosp,1,2026-10-17,US,quantile,0.35,4246
2026-10-10,wk inc flu hosp,1,2026-10-17,US,quantile,0.4,4627
2026-10-10,wk inc flu hosp,1,2026-10-17,US,quantile,0.45,4871
2026-10-10,wk inc flu hosp,1,2026-10-17,US,quantile,0.5,5210
2026-10-10,wk inc flu hosp,1,2026-10-17,US,quantile,0.55,5508
2026-10-10,wk inc flu hosp,1,2026-10-17,US,quantile,0.6,5957
2026-10-10,wk inc flu hosp,1,2026-10-17,US,quantile,0.65,6305
2026-10-10,wk inc flu hosp,1,2026-10-17,US,quantile,0.7,6658
2026-10-10,wk inc flu hosp,1,2026-10-17,US,quantile,0.75,7026
2026-10-10,wk inc flu hosp,1,2026-10-17,US,quantile,0.8,7598
2026-10-10,wk inc flu hosp,1,2026-10-17,US,quantile,0.85,8244
2026-10-10,wk inc flu hosp,1,2026-10-17,US,quantile,0.9,9316
2026-10-10,wk inc flu hosp,1,2026-10-17,US,quantile,0.95,11080
2026-10-10,wk inc flu hosp,1,2026-10-17,US,quantile,0.975,13803
2026-10-10,wk inc flu hosp,1,2026-10-17,US,quantile,0.99,18385
2026-10-10,wk inc flu hosp,2,2026-10-24,US,quantile,0.01,1682
2026-10-10,wk inc flu hosp,2,2026-10-24,US,quantile,0.025,2003
2026-10-10,wk inc flu hosp,2,2026-10-24,US,quantile,0.05,2483
2026-10-10,wk inc flu hosp,2,2026-10-24,US,quantile,0.1,3323
2026-10-10,wk inc flu hosp,2,2026-10-24,US,quantile,0.15,3757
2026-10-10,wk inc flu hosp,2,2026-10-24,US,quantile,0.2,4063
2026-10-10,wk inc flu hosp,2,2026-10-24,US,quantile,0.25,4319
2026-10-10,wk inc flu hosp,2,2026-10-24,US,quantile,0.3,4557
2026-10-10,wk inc flu hosp,2,2026-10-24,US,quantile,0.35,4832
2026-10-10,wk inc flu hosp,2,2026-10-24,US,quantile,0.4,5360
2026-10-10,wk inc flu hosp,2,2026-10-24,US,quantile,0.45,6452
2026-10-10,wk inc flu hosp,2,2026-10-24,US,quantile,0.5,6967
2026-10-10,wk inc flu hosp,2,2026-10-24,US,quantile,0.55,7323
2026-10-10,wk inc flu hosp,2,2026-10-24,US,quantile,0.6,7708
2026-10-10,wk inc flu hosp,2,2026-10-24,US,quantile,0.65,8167
2026-10-10,wk inc flu hosp,2,2026-10-24,US,quantile,0.7,8845
2026-10-10,wk inc flu hosp,2,2026-10-24,US,quantile,0.75,9582
2026-10-10,wk inc flu hosp,2,2026-10-24,US,quantile,0.8,10449
2026-10-10,wk inc flu hosp,2,2026-10-24,US,quantile,0.85,11796
2026-10-10,wk inc flu hosp,2,2026-10-24,US,quantile,0.9,13973
2026-10-10,wk inc flu hosp,2,2026-10-24,US,quantile,0.95,17383
2026-10-10,wk inc flu hosp,2,2026-10-24,US,quantile,0.975,21805
2026-10-10,wk inc flu hosp,2,2026-10-24,US,quantile,0.99,29866
2026-10-10,wk inc flu hosp,3,2026-10-31,US,quantile,0.01,1530
2026-10-10,wk inc flu hosp,3,2026-10-31,US,quantile,0.025,2032
2026-10-10,wk inc flu hosp,3,2026-10-31,US,quantile,0.05,2572
2026-10-10,wk inc flu hosp,3,2026-10-31,US,quantile,0.1,3473
2026-10-10,wk inc flu hosp,3,2026-10-31,US,quantile,0.15,3962
2026-10-10,wk inc flu hosp,3,2026-10-31,US,quantile,0.2,4370
2026-10-10,wk inc flu hosp,3,2026-10-31,US,quantile,0.25,4688
2026-10-10,wk inc flu hosp,3,2026-10-31,US,quantile,0.3,5020
2026-10-10,wk inc flu hosp,3,2026-10-31,US,quantile,0.35,5632
2026-10-10,wk inc flu hosp,3,2026-10-31,US,quantile,0.4,6682
2026-10-10,wk inc flu hosp,3,2026-10-31,US,quantile,0.45,7774
2026-10-10,wk inc flu hosp,3,2026-10-31,US,quantile,0.5,8288
2026-10-10,wk inc flu hosp,3,2026-10-31,US,quantile,0.55,8733
2026-10-10,wk inc flu hosp,3,2026-10-31,US,quantile,0.6,9396
2026-10-10,wk inc flu hosp,3,2026-10-31,US,quantile,0.65,10933
2026-10-10,wk inc flu hosp,3,2026-10-31,US,quantile,0.7,11732
2026-10-10,wk inc flu hosp,3,2026-10-31,US,quantile,0.75,12891
2026-10-10,wk inc flu hosp,3,2026-10-31,US,quantile,0.8,13982
2026-10-10,wk inc flu hosp,3,2026-10-31,US,quantile,0.85,15578
2026-10-10,wk inc flu hosp,3,2026-10-31,US,quantile,0.9,18431
2026-10-10,wk inc flu hosp,3,2026-10-31,US,quantile,0.95,24147
2026-10-10,wk inc flu hosp,3,2026-10-31,US,quantile,0.975,31282
2026-10-10,wk inc flu hosp,3,2026-10-31,US,quantile,0.99,48268
2026-10-10,wk inc flu prop ed visits,0,2026-10-10,01,quantile,0.01,0.004790907822968787
2026-10-10,wk inc flu prop ed visits,0,2026-10-10,01,quantile,0.025,0.005574235201880317
2026-10-10,wk inc flu prop ed visits,0,2026-10-10,01,quantile,0.05,0.006377795499360446
2026-10-10,wk inc flu prop ed visits,0,2026-10-10,01,quantile,0.1,0.007443444488608676
2026-10-10,wk inc flu prop ed visits,0,2026-10-10,01,quantile,0.15,0.008077187126531403
2026-10-10,wk inc flu prop ed visits,0,2026-10-10,01,quantile,0.2,0.008530511083523571
2026-10-10,wk inc flu prop ed visits,0,2026-10-10,01,quantile,0.25,0.008886243849653048
2026-10-10,wk inc flu prop ed visits,0,2026-10-10,01,quantile,0.3,0.009262226953963892
2026-10-10,wk inc flu prop ed visits,0,2026-10-10,01,quantile,0.35,0.009604580368947091
2026-10-10,wk inc flu prop ed visits,0,2026-10-10,01,quantile,0.4,0.00990817643429889
2026-10-10,wk inc flu prop ed visits,0,2026-10-10,01,quantile,0.45,0.010188849275346998
2026-10-10,wk inc flu prop ed visits,0,2026-10-10,01,quantile,0.5,0.010505500207206097
2026-10-10,wk inc flu prop ed visits,0,2026-10-10,01,quantile,0.55,0.010801638100029083
2026-10-10,wk inc flu prop ed visits,0,2026-10-10,01,quantile,0.6,0.011138733978394731
2026-10-10,wk inc flu prop ed visits,0,2026-10-10,01,quantile,0.65,0.011485847245960254
2026-10-10,wk inc flu prop ed visits,0,2026-10-10,01,quantile,0.7,0.01188667207665444
2026-10-10,wk inc flu prop ed visits,0,2026-10-10,01,quantile,0.75,0.012360084420959708
2026-10-10,wk inc flu prop ed visits,0,2026-10-10,01,quantile,0.8,0.012860526881755917
2026-10-10,wk inc flu prop ed visits,0,2026-10-10,01,quantile,0.85,0.013510898621122978
2026-10-10,wk inc flu prop ed visits,0,2026-10-10,01,quantile,0.9,0.014386260224165517
2026-10-10,wk inc flu prop ed visits,0,2026-10-10,01,quantile,0.95,0.016348575164807838
2026-10-10,wk inc flu prop ed visits,0,2026-10-10,01,quantile,0.975,0.018174527843395478
2026-10-10,wk inc flu prop ed visits,0,2026-10-10,01,quantile,0.99,0.019937567990595376
2026-10-10,wk inc flu prop ed visits,1,2026-10-17,01,quantile,0.01,0.004367898092499885
2026-10-10,wk inc flu prop ed visits,1,2026-10-17,01,quantile,0.025,0.00528579623119369
2026-10-10,wk inc flu prop ed visits,1,2026-10-17,01,quantile,0.05,0.0061283291395931635
2026-10-10,wk inc flu prop ed visits,1,2026-10-17,01,quantile,0.1,0.007482298889759613
2026-10-10,wk inc flu prop ed visits,1,2026-10-17,01,quantile,0.15,0.008318235189861158
2026-10-10,wk inc flu prop ed visits,1,2026-10-17,01,quantile,0.2,0.008928595047881203
2026-10-10,wk inc flu prop ed visits,1,2026-10-17,01,quantile,0.25,0.00954889828025951
2026-10-10,wk inc flu prop ed visits,1,2026-10-17,01,quantile,0.3,0.010092053007060273
2026-10-10,wk inc flu prop ed visits,1,2026-10-17,01,quantile,0.35,0.010660645837163477
2026-10-10,wk inc flu prop ed visits,1,2026-10-17,01,quantile,0.4,0.011106816484163593
2026-10-10,wk inc flu prop ed visits,1,2026-10-17,01,quantile,0.45,0.01166143367059548
2026-10-10,wk inc flu prop ed visits,1,2026-10-17,01,quantile,0.5,0.012153597124874996
2026-10-10,wk inc flu prop ed visits,1,2026-10-17,01,quantile,0.55,0.01275730251122811
2026-10-10,wk inc flu prop ed visits,1,2026-10-17,01,quantile,0.6,0.013351516613174377
2026-10-10,wk inc flu prop ed visits,1,2026-10-17,01,quantile,0.65,0.013881257321293763
2026-10-10,wk inc flu prop ed visits,1,2026-10-17,01,quantile,0.7,0.01457368007397019
2026-10-10,wk inc flu prop ed visits,1,2026-10-17,01,quantile,0.75,0.01528142569910031
2026-10-10,wk inc flu prop ed visits,1,2026-10-17,01,quantile,0.8,0.01617042854977526
2026-10-10,wk inc flu prop ed visits,1,2026-10-17,01,quantile,0.85,0.01743615826754156
2026-10-10,wk inc flu prop ed visits,1,2026-10-17,01,quantile,0.9,0.01942520775240747
2026-10-10,wk inc flu prop ed visits,1,2026-10-17,01,quantile,0.95,0.023469732740934363
2026-10-10,wk inc flu prop ed visits,1,2026-10-17,01,quantile,0.975,0.02829746756523644
2026-10-10,wk inc flu prop ed visits,1,2026-10-17,01,quantile,0.99,0.032443829987967875
2026-10-10,wk inc flu prop ed visits,2,2026-10-24,01,quantile,0.01,0.004597617946502958
2026-10-10,wk inc flu prop ed visits,2,2026-10-24,01,quantile,0.025,0.0053794834670887965
2026-10-10,wk inc flu prop ed visits,2,2026-10-24,01,quantile,0.05,0.006499153515104142
2026-10-10,wk inc flu prop ed visits,2,2026-10-24,01,quantile,0.1,0.007895493580507236
2026-10-10,wk inc flu prop ed visits,2,2026-10-24,01,quantile,0.15,0.008922027855904981
2026-10-10,wk inc flu prop ed visits,2,2026-10-24,01,quantile,0.2,0.009809940638315997
2026-10-10,wk inc flu prop ed visits,2,2026-10-24,01,quantile,0.25,0.010683768693948287
2026-10-10,wk inc flu prop ed visits,2,2026-10-24,01,quantile,0.3,0.011378486504487521
2026-10-10,wk inc flu prop ed visits,2,2026-10-24,01,quantile,0.35,0.0121709245435049
2026-10-10,wk inc flu prop ed visits,2,2026-10-24,01,quantile,0.4,0.012830907285359761
2026-10-10,wk inc flu prop ed visits,2,2026-10-24,01,quantile,0.45,0.013618174710600884
2026-10-10,wk inc flu prop ed visits,2,2026-10-24,01,quantile,0.5,0.014450451513298388
2026-10-10,wk inc flu prop ed visits,2,2026-10-24,01,quantile,0.55,0.015223778745568762
2026-10-10,wk inc flu prop ed visits,2,2026-10-24,01,quantile,0.6,0.016242717072037012
2026-10-10,wk inc flu prop ed visits,2,2026-10-24,01,quantile,0.65,0.017359794202582286
2026-10-10,wk inc flu prop ed visits,2,2026-10-24,01,quantile,0.7,0.018593426452234343
2026-10-10,wk inc flu prop ed visits,2,2026-10-24,01,quantile,0.75,0.02002344261980007
2026-10-10,wk inc flu prop ed visits,2,2026-10-24,01,quantile,0.8,0.022222610923864412
2026-10-10,wk inc flu prop ed visits,2,2026-10-24,01,quantile,0.85,0.024829352355012914
2026-10-10,wk inc flu prop ed visits,2,2026-10-24,01,quantile,0.9,0.028969316260238125
2026-10-10,wk inc flu prop ed visits,2,2026-10-24,01,quantile,0.95,0.03537299507911979
2026-10-10,wk inc flu prop ed visits,2,2026-10-24,01,quantile,0.975,0.042595645185184224
2026-10-10,wk inc flu prop ed visits,2,2026-10-24,01,quantile,0.99,0.051217424336283415
2026-10-10,wk inc flu prop ed visits,3,2026-10-31,01,quantile,0.01,0.0038674872665205064
2026-10-10,wk inc flu prop ed visits,3,2026-10-31,01,quantile,0.025,0.005493647523207265
2026-10-10,wk inc flu prop ed visits,3,2026-10-31,01,quantile,0.05,0.007068146824804958
2026-10-10,wk inc flu prop ed visits,3,2026-10-31,01,quantile,0.1,0.008933222668528891
2026-10-10,wk inc flu prop ed visits,3,2026-10-31,01,quantile,0.15,0.01034280522291232
2026-10-10,wk inc flu prop ed visits,3,2026-10-31,01,quantile,0.2,0.011351554292494882
2026-10-10,wk inc flu prop ed visits,3,2026-10-31,01,quantile,0.25,0.012449899694072501
2026-10-10,wk inc flu prop ed visits,3,2026-10-31,01,quantile,0.3,0.013565425684284378
2026-10-10,wk inc flu prop ed visits,3,2026-10-31,01,quantile,0.35,0.0145125043271921
2026-10-10,wk inc flu prop ed visits,3,2026-10-31,01,quantile,0.4,0.015582684976883684
2026-10-10,wk inc flu prop ed visits,3,2026-10-31,01,quantile,0.45,0.01664112338614933
2026-10-10,wk inc flu prop ed visits,3,2026-10-31,01,quantile,0.5,0.017779163403736174
2026-10-10,wk inc flu prop ed visits,3,2026-10-31,01,quantile,0.55,0.01906027505196057
2026-10-10,wk inc flu prop ed visits,3,2026-10-31,01,quantile,0.6,0.020935924105085085
2026-10-10,wk inc flu prop ed visits,3,2026-10-31,01,quantile,0.65,0.022539269535157766
2026-10-10,wk inc flu prop ed visits,3,2026-10-31,01,quantile,0.7,0.024791463534733015
2026-10-10,wk inc flu prop ed visits,3,2026-10-31,01,quantile,0.75,0.027247332905608504
2026-10-10,wk inc flu prop ed visits,3,2026-10-31,01,quantile,0.8,0.030086546096868234
2026-10-10,wk inc flu prop ed visits,3,2026-10-31,01,quantile,0.85,0.03479475181858236
2026-10-10,wk inc flu prop ed visits,3,2026-10-31,01,quantile,0.9,0.04221246050709744
2026-10-10,wk inc flu prop ed visits,3,2026-10-31,01,quantile,0.95,0.05319357591934905
2026-10-10,wk inc flu prop ed visits,3,2026-10-31,01,quantile,0.975,0.06978955921485594
2026-10-10,wk inc flu prop ed visits,3,2026-10-31,01,quantile,0.99,0.08450899078213074
2026-10-10,wk inc flu prop ed visits,0,2026-10-10,02,quantile,0.01,0.00901207217851667
2026-10-10,wk inc flu prop ed visits,0,2026-10-10,02,quantile,0.025,0.0104419351966593
2026-10-10,wk inc flu prop ed visits,0,2026-10-10,02,quantile,0.05,0.01207738683101432
2026-10-10,wk inc flu prop ed visits,0,2026-10-10,02,quantile,0.1,0.013767892686156198
2026-10-10,wk inc flu prop ed visits,0,2026-10-10,02,quantile,0.15,0.0151438624356381
2026-10-10,wk inc flu prop ed visits,0,2026-10-10,02,quantile,0.2,0.01608226271629012
2026-10-10,wk inc flu prop ed visits,0,2026-10-10,02,quantile,0.25,0.01688715735405113
2026-10-10,wk inc flu prop ed visits,0,2026-10-10,02,quantile,0.3,0.01759467189044074
2026-10-10,wk inc flu prop ed visits,0,2026-10-10,02,quantile,0.35,0.018371079392199126
2026-10-10,wk inc flu prop ed visits,0,2026-10-10,02,quantile,0.4,0.01912512780619928
2026-10-10,wk inc flu prop ed visits,0,2026-10-10,02,quantile,0.45,0.01980258204954987
2026-10-10,wk inc flu prop ed visits,0,2026-10-10,02,quantile,0.5,0.020506682104254426
2026-10-10,wk inc flu prop ed visits,0,2026-10-10,02,quantile,0.55,0.021147536196579768
2026-10-10,wk inc flu prop ed visits,0,2026-10-10,02,quantile,0.6,0.021889474555424882
2026-10-10,wk inc flu prop ed visits,0,2026-10-10,02,quantile,0.65,0.022868225189595658
2026-10-10,wk inc flu prop ed visits,0,2026-10-10,02,quantile,0.7,0.02381029438709856
2026-10-10,wk inc flu prop ed visits,0,2026-10-10,02,quantile,0.75,0.02491344692304657
2026-10-10,wk inc flu prop ed visits,0,2026-10-10,02,quantile,0.8,0.026208590609687832
2026-10-10,wk inc flu prop ed visits,0,2026-10-10,02,quantile,0.85,0.02775368185512434
2026-10-10,wk inc flu prop ed visits,0,2026-10-10,02,quantile,0.9,0.0303643330285826
2026-10-10,wk inc flu prop ed visits,0,2026-10-10,02,quantile,0.95,0.035200269917421714
2026-10-10,wk inc flu prop ed visits,0,2026-10-10,02,quantile,0.975,0.04022953201838718
2026-10-10,wk inc flu prop ed visits,0,2026-10-10,02,quantile,0.99,0.04994456046430127
2026-10-10,wk inc flu prop ed visits,1,2026-10-17,02,quantile,0.01,0.0073723827755997695
2026-10-10,wk inc flu prop ed visits,1,2026-10-17,02,quantile,0.025,0.009015793878468945
2026-10-10,wk inc flu prop ed visits,1,2026-10-17,02,quantile,0.05,0.010733229020266495
2026-10-10,wk inc flu prop ed visits,1,2026-10-17,02,quantile,0.1,0.013000758142456294
2026-10-10,wk inc flu prop ed visits,1,2026-10-17,02,quantile,0.15,0.01456014228606102
2026-10-10,wk inc flu prop ed visits,1,2026-10-17,02,quantile,0.2,0.015706118709487307
2026-10-10,wk inc flu prop ed visits,1,2026-10-17,02,quantile,0.25,0.016954403180776692
2026-10-10,wk inc flu prop ed visits,1,2026-10-17,02,quantile,0.3,0.01802449577924934
2026-10-10,wk inc flu prop ed visits,1,2026-10-17,02,quantile,0.35,0.019095040782511126
2026-10-10,wk inc flu prop ed visits,1,2026-10-17,02,quantile,0.4,0.020094252638851236
2026-10-10,wk inc flu prop ed visits,1,2026-10-17,02,quantile,0.45,0.021106983850920264
2026-10-10,wk inc flu prop ed visits,1,2026-10-17,02,quantile,0.5,0.022136367088120276
2026-10-10,wk inc flu prop ed visits,1,2026-10-17,02,quantile,0.55,0.023466446154701167
2026-10-10,wk inc flu prop ed visits,1,2026-10-17,02,quantile,0.6,0.024779628501398306
2026-10-10,wk inc flu prop ed visits,1,2026-10-17,02,quantile,0.65,0.026235857715003634
2026-10-10,wk inc flu prop ed visits,1,2026-10-17,02,quantile,0.7,0.0278528846762715
2026-10-10,wk inc flu prop ed visits,1,2026-10-17,02,quantile,0.75,0.029715126073549782
2026-10-10,wk inc flu prop ed visits,1,2026-10-17,02,quantile,0.8,0.031797302709763144
2026-10-10,wk inc flu prop ed visits,1,2026-10-17,02,quantile,0.85,0.0347046236492344
2026-10-10,wk inc flu prop ed visits,1,2026-10-17,02,quantile,0.9,0.03852245477066823
2026-10-10,wk inc flu prop ed visits,1,2026-10-17,02,quantile,0.95,0.047421989564213424
2026-10-10,wk inc flu prop ed visits,1,2026-10-17,02,quantile,0.975,0.059877688672694114
2026-10-10,wk inc flu prop ed visits,1,2026-10-17,02,quantile,0.99,0.07399069640765818
2026-10-10,wk inc flu prop ed visits,2,2026-10-24,02,quantile,0.01,0.006887275743396542
2026-10-10,wk inc flu prop ed visits,2,2026-10-24,02,quantile,0.025,0.008345002626391988
2026-10-10,wk inc flu prop ed visits,2,2026-10-24,02,quantile,0.05,0.010634217380683408
2026-10-10,wk inc flu prop ed visits,2,2026-10-24,02,quantile,0.1,0.012814630452435864
2026-10-10,wk inc flu prop ed visits,2,2026-10-24,02,quantile,0.15,0.014811369380200758
2026-10-10,wk inc flu prop ed visits,2,2026-10-24,02,quantile,0.2,0.016260626266573548
2026-10-10,wk inc flu prop ed visits,2,2026-10-24,02,quantile,0.25,0.017586082189779896
2026-10-10,wk inc flu prop ed visits,2,2026-10-24,02,quantile,0.3,0.01898034783942485
2026-10-10,wk inc flu prop ed visits,2,2026-10-24,02,quantile,0.35,0.020261059111625276
2026-10-10,wk inc flu prop ed visits,2,2026-10-24,02,quantile,0.4,0.021788164155448236
2026-10-10,wk inc flu prop ed visits,2,2026-10-24,02,quantile,0.45,0.02313313014218578
2026-10-10,wk inc flu prop ed visits,2,2026-10-24,02,quantile,0.5,0.024681351330872098
2026-10-10,wk inc flu prop ed visits,2,2026-10-24,02,quantile,0.55,0.026331398482519273
2026-10-10,wk inc flu prop ed visits,2,2026-10-24,02,quantile,0.6,0.028082618298121365
2026-10-10,wk inc flu prop ed visits,2,2026-10-24,02,quantile,0.65,0.03010208495802537
2026-10-10,wk inc flu prop ed visits,2,2026-10-24,02,quantile,0.7,0.03223256172453813
2026-10-10,wk inc flu prop ed visits,2,2026-10-24,02,quantile,0.75,0.03504788752370492
2026-10-10,wk inc flu prop ed visits,2,2026-10-24,02,quantile,0.8,0.038665351262860706
2026-10-10,wk inc flu prop ed visits,2,2026-10-24,02,quantile,0.85,0.043928556589753
2026-10-10,wk inc flu prop ed visits,2,2026-10-24,02,quantile,0.9,0.05039330978295261
2026-10-10,wk inc flu prop ed visits,2,2026-10-24,02,quantile,0.95,0.06460783240025841
2026-10-10,wk inc flu prop ed visits,2,2026-10-24,02,quantile,0.975,0.0855267517269393
2026-10-10,wk inc flu prop ed visits,2,2026-10-24,02,quantile,0.99,0.11152955382518208
2026-10-10,wk inc flu prop ed visits,3,2026-10-31,02,quantile,0.01,0.005475395931779195
2026-10-10,wk inc flu prop ed visits,3,2026-10-31,02,quantile,0.025,0.008401552464947845
2026-10-10,wk inc flu prop ed visits,3,2026-10-31,02,quantile,0.05,0.010643951484071474
2026-10-10,wk inc flu prop ed visits,3,2026-10-31,02,quantile,0.1,0.013114952547570658
2026-10-10,wk inc flu prop ed visits,3,2026-10-31,02,quantile,0.15,0.01499737103990684
2026-10-10,wk inc flu prop ed visits,3,2026-10-31,02,quantile,0.2,0.016824418992417496
2026-10-10,wk inc flu prop ed visits,3,2026-10-31,02,quantile,0.25,0.018824526570521166
2026-10-10,wk inc flu prop ed visits,3,2026-10-31,02,quantile,0.3,0.020569732096551413
2026-10-10,wk inc flu prop ed visits,3,2026-10-31,02,quantile,0.35,0.02235494743093345
2026-10-10,wk inc flu prop ed visits,3,2026-10-31,02,quantile,0.4,0.024302422488995612
2026-10-10,wk inc flu prop ed visits,3,2026-10-31,02,quantile,0.45,0.02624577665977495
2026-10-10,wk inc flu prop ed visits,3,2026-10-31,02,quantile,0.5,0.028142605469839193
2026-10-10,wk inc flu prop ed visits,3,2026-10-31,02,quantile,0.55,0.03046587121453357
2026-10-10,wk inc flu prop ed visits,3,2026-10-31,02,quantile,0.6,0.033124566280796824
2026-10-10,wk inc flu prop ed visits,3,2026-10-31,02,quantile,0.65,0.035580680912398625
2026-10-10,wk inc flu prop ed visits,3,2026-10-31,02,quantile,0.7,0.04006505266531217
2026-10-10,wk inc flu prop ed visits,3,2026-10-31,02,quantile,0.75,0.04420051600073284
2026-10-10,wk inc flu prop ed visits,3,2026-10-31,02,quantile,0.8,0.04845132206380714
2026-10-10,wk inc flu prop ed visits,3,2026-10-31,02,quantile,0.85,0.05545085027435886
2026-10-10,wk inc flu prop ed visits,3,2026-10-31,02,quantile,0.9,0.0674126562897608
2026-10-10,wk inc flu prop ed visits,3,2026-10-31,02,quantile,0.95,0.0923587875899659
2026-10-10,wk inc flu prop ed visits,3,2026-10-31,02,quantile,0.975,0.12143928460271364
2026-10-10,wk inc flu prop ed visits,3,2026-10-31,02,quantile,0.99,0.17353305041158676
2026-10-10,wk inc flu prop ed visits,0,2026-10-10,04,quantile,0.01,0.0018993195154897293
2026-10-10,wk inc flu prop ed visits,0,2026-10-10,04,quantile,0.025,0.0023253233568291233
2026-10-10,wk inc flu prop ed visits,0,2026-10-10,04,quantile,0.05,0.0027310610927583053
2026-10-10,wk inc flu prop ed visits,0,2026-10-10,04,quantile,0.1,0.0032365105690612007
2026-10-10,wk inc flu prop ed visits,0,2026-10-10,04,quantile,0.15,0.0035589953483346763
2026-10-10,wk inc flu prop ed visits,0,2026-10-10,04,quantile,0.2,0.0037531448278381478
2026-10-10,wk inc flu prop ed visits,0,2026-10-10,04,quantile,0.25,0.003974501316555322
2026-10-10,wk inc flu prop ed visits,0,2026-10-10,04,quantile,0.3,0.004155903611997207
2026-10-10,wk inc flu prop ed visits,0,2026-10-10,04,quantile,0.35,0.004353343913559166
2026-10-10,wk inc flu prop ed visits,0,2026-10-10,04,quantile,0.4,0.004536581128840866
2026-10-10,wk inc flu prop ed visits,0,2026-10-10,04,quantile,0.45,0.004698730558739433
2026-10-10,wk inc flu prop ed visits,0,2026-10-10,04,quantile,0.5,0.004885355264278062
2026-10-10,wk inc flu prop ed visits,0,2026-10-10,04,quantile,0.55,0.0050750521437908785
2026-10-10,wk inc flu prop ed visits,0,2026-10-10,04,quantile,0.6,0.005256683070797505
2026-10-10,wk inc flu prop ed visits,0,2026-10-10,04,quantile,0.65,0.005483077316997676
2026-10-10,wk inc flu prop ed visits,0,2026-10-10,04,quantile,0.7,0.005693756232070595
2026-10-10,wk inc flu prop ed visits,0,2026-10-10,04,quantile,0.75,0.005920616943057459
2026-10-10,wk inc flu prop ed visits,0,2026-10-10,04,quantile,0.8,0.006249499375607293
2026-10-10,wk inc flu prop ed visits,0,2026-10-10,04,quantile,0.85,0.006608763881521679
2026-10-10,wk inc flu prop ed visits,0,2026-10-10,04,quantile,0.9,0.007143590810036525
2026-10-10,wk inc flu prop ed visits,0,2026-10-10,04,quantile,0.95,0.008249865420038582
2026-10-10,wk inc flu prop ed visits,0,2026-10-10,04,quantile,0.975,0.009330200873965725
2026-10-10,wk inc flu prop ed visits,0,2026-10-10,04,quantile,0.99,0.011106795006386437
2026-10-10,wk inc flu prop ed visits,1,2026-10-17,04,quantile,0.01,0.0018575029967785879
2026-10-10,wk inc flu prop ed visits,1,2026-10-17,04,quantile,0.025,0.0023638263031902293
2026-10-10,wk inc flu prop ed visits,1,2026-10-17,04,quantile,0.05,0.002738474647068995
2026-10-10,wk inc flu prop ed visits,1,2026-10-17,04,quantile,0.1,0.0033576675178443407
2026-10-10,wk inc flu prop ed visits,1,2026-10-17,04,quantile,0.15,0.003738302578531913
2026-10-10,wk inc flu prop ed visits,1,2026-10-17,04,quantile,0.2,0.004042524749855491
2026-10-10,wk inc flu prop ed visits,1,2026-10-17,04,quantile,0.25,0.00433558211331474
2026-10-10,wk inc flu prop ed visits,1,2026-10-17,04,quantile,0.3,0.004598289029338487
2026-10-10,wk inc flu prop ed visits,1,2026-10-17,04,quantile,0.35,0.004843612689237476
2026-10-10,wk inc flu prop ed visits,1,2026-10-17,04,quantile,0.4,0.005158428070918413
2026-10-10,wk inc flu prop ed visits,1,2026-10-17,04,quantile,0.45,0.005421827799262063
2026-10-10,wk inc flu prop ed visits,1,2026-10-17,04,quantile,0.5,0.005703411863446455
2026-10-10,wk inc flu prop ed visits,1,2026-10-17,04,quantile,0.55,0.006011122248947157
2026-10-10,wk inc flu prop ed visits,1,2026-10-17,04,quantile,0.6,0.006328693736375286
2026-10-10,wk inc flu prop ed visits,1,2026-10-17,04,quantile,0.65,0.006693436228326119
2026-10-10,wk inc flu prop ed visits,1,2026-10-17,04,quantile,0.7,0.007089075180109393
2026-10-10,wk inc flu prop ed visits,1,2026-10-17,04,quantile,0.75,0.007495858960254509
2026-10-10,wk inc flu prop ed visits,1,2026-10-17,04,quantile,0.8,0.008030890105508006
2026-10-10,wk inc flu prop ed visits,1,2026-10-17,04,quantile,0.85,0.008928656566230216
2026-10-10,wk inc flu prop ed visits,1,2026-10-17,04,quantile,0.9,0.01010922464541229
2026-10-10,wk inc flu prop ed visits,1,2026-10-17,04,quantile,0.95,0.01264951569943873
2026-10-10,wk inc flu prop ed visits,1,2026-10-17,04,quantile,0.975,0.015185379070065336
2026-10-10,wk inc flu prop ed visits,1,2026-10-17,04,quantile,0.99,0.01807832828384302
2026-10-10,wk inc flu prop ed visits,2,2026-10-24,04,quantile,0.01,0.0019265162485610286
2026-10-10,wk inc flu prop ed visits,2,2026-10-24,04,quantile,0.025,0.002477037782568217
2026-10-10,wk inc flu prop ed visits,2,2026-10-24,04,quantile,0.05,0.0028864582500524563
2026-10-10,wk inc flu prop ed visits,2,2026-10-24,04,quantile,0.1,0.0035083456390899302
2026-10-10,wk inc flu prop ed visits,2,2026-10-24,04,quantile,0.15,0.004002992387197677
2026-10-10,wk inc flu prop ed visits,2,2026-10-24,04,quantile,0.2,0.004460112580058191
2026-10-10,wk inc flu prop ed visits,2,2026-10-24,04,quantile,0.25,0.004831019823577815
2026-10-10,wk inc flu prop ed visits,2,2026-10-24,04,quantile,0.3,0.005264002461860899
2026-10-10,wk inc flu prop ed visits,2,2026-10-24,04,quantile,0.35,0.005734609064794812
2026-10-10,wk inc flu prop ed visits,2,2026-10-24,04,quantile,0.4,0.006120341355887893
2026-10-10,wk inc flu prop ed visits,2,2026-10-24,04,quantile,0.45,0.006540608805018932
2026-10-10,wk inc flu prop ed visits,2,2026-10-24,04,quantile,0.5,0.00696732805739093
2026-10-10,wk inc flu prop ed visits,2,2026-10-24,04,quantile,0.55,0.0073605445320563765
2026-10-10,wk inc flu prop ed visits,2,2026-10-24,04,quantile,0.6,0.007901584240563088
2026-10-10,wk inc flu prop ed visits,2,2026-10-24,04,quantile,0.65,0.008484209380961352
2026-10-10,wk inc flu prop ed visits,2,2026-10-24,04,quantile,0.7,0.009107075723957955
2026-10-10,wk inc flu prop ed visits,2,2026-10-24,04,quantile,0.75,0.010046270214002964
2026-10-10,wk inc flu prop ed visits,2,2026-10-24,04,quantile,0.8,0.011093248690451663
2026-10-10,wk inc flu prop ed visits,2,2026-10-24,04,quantile,0.85,0.012816178697128932
2026-10-10,wk inc flu prop ed visits,2,2026-10-24,04,quantile,0.9,0.014956797589065398
2026-10-10,wk inc flu prop ed visits,2,2026-10-24,04,quantile,0.95,0.018995579036192905
2026-10-10,wk inc flu prop ed visits,2,2026-10-24,04,quantile,0.975,0.023723217762722768
2026-10-10,wk inc flu prop ed visits,2,2026-10-24,04,quantile,0.99,0.030185363646817655
2026-10-10,wk inc flu prop ed visits,3,2026-10-31,04,quantile,0.01,0.001979723056403216
2026-10-10,wk inc flu prop ed visits,3,2026-10-31,04,quantile,0.025,0.002503005467810555
2026-10-10,wk inc flu prop ed visits,3,2026-10-31,04,quantile,0.05,0.0030667374245706503
2026-10-10,wk inc flu prop ed visits,3,2026-10-31,04,quantile,0.1,0.004055277345728472
2026-10-10,wk inc flu prop ed visits,3,2026-10-31,04,quantile,0.15,0.004647716894920759
2026-10-10,wk inc flu prop ed visits,3,2026-10-31,04,quantile,0.2,0.005313685786161966
2026-10-10,wk inc flu prop ed visits,3,2026-10-31,04,quantile,0.25,0.005955163684658787
2026-10-10,wk inc flu prop ed visits,3,2026-10-31,04,quantile,0.3,0.006417958742419095
2026-10-10,wk inc flu prop ed visits,3,2026-10-31,04,quantile,0.35,0.006948855777207673
2026-10-10,wk inc flu prop ed visits,3,2026-10-31,04,quantile,0.4,0.007628004014046853
2026-10-10,wk inc flu prop ed visits,3,2026-10-31,04,quantile,0.45,0.008246647247834374
2026-10-10,wk inc flu prop ed visits,3,2026-10-31,04,quantile,0.5,0.008936411296040923
2026-10-10,wk inc flu prop ed visits,3,2026-10-31,04,quantile,0.55,0.00977208733496578
2026-10-10,wk inc flu prop ed visits,3,2026-10-31,04,quantile,0.6,0.01070388498776538
2026-10-10,wk inc flu prop ed visits,3,2026-10-31,04,quantile,0.65,0.011666738295091095
2026-10-10,wk inc flu prop ed visits,3,2026-10-31,04,quantile,0.7,0.012929095882220975
2026-10-10,wk inc flu prop ed visits,3,2026-10-31,04,quantile,0.75,0.014289506582954217
2026-10-10,wk inc flu prop ed visits,3,2026-10-31,04,quantile,0.8,0.0159693381986589
2026-10-10,wk inc flu prop ed visits,3,2026-10-31,04,quantile,0.85,0.018486431349852218
2026-10-10,wk inc flu prop ed visits,3,2026-10-31,04,quantile,0.9,0.021655201236907343
2026-10-10,wk inc flu prop ed visits,3,2026-10-31,04,quantile,0.95,0.027239315998548272
2026-10-10,wk inc flu prop ed visits,3,2026-10-31,04,quantile,0.975,0.03551186814309344
2026-10-10,wk inc flu prop ed visits,3,2026-10-31,04,quantile,0.99,0.052290143337963196
2026-10-10,wk inc flu prop ed visits,0,2026-10-10,05,quantile,0.01,0.0017366441516321566
2026-10-10,wk inc flu prop ed visits,0,2026-10-10,05,quantile,0.025,0.0021146265616655067
2026-10-10,wk inc flu prop ed visits,0,2026-10-10,05,quantile,0.05,0.002438223537259025
2026-10-10,wk inc flu prop ed visits,0,2026-10-10,05,quantile,0.1,0.0028964767137395955
2026-10-10,wk inc flu prop ed visits,0,2026-10-10,05,quantile,0.15,0.0031665847916619353
2026-10-10,wk inc flu prop ed visits,0,2026-10-10,05,quantile,0.2,0.003394056543152284
2026-10-10,wk inc flu prop ed visits,0,2026-10-10,05,quantile,0.25,0.003592615262068957
2026-10-10,wk inc flu prop ed visits,0,2026-10-10,05,quantile,0.3,0.003801508209008146
2026-10-10,wk inc flu prop ed visits,0,2026-10-10,05,quantile,0.35,0.003962697577003365
2026-10-10,wk inc flu prop ed visits,0,2026-10-10,05,quantile,0.4,0.004125813100482096
2026-10-10,wk inc flu prop ed visits,0,2026-10-10,05,quantile,0.45,0.004297878364794647
2026-10-10,wk inc flu prop ed visits,0,2026-10-10,05,quantile,0.5,0.004498221352365059
2026-10-10,wk inc flu prop ed visits,0,2026-10-10,05,quantile,0.55,0.004671816452593224
2026-10-10,wk inc flu prop ed visits,0,2026-10-10,05,quantile,0.6,0.004868369121761675
2026-10-10,wk inc flu prop ed visits,0,2026-10-10,05,quantile,0.65,0.005054738576733591
2026-10-10,wk inc flu prop ed visits,0,2026-10-10,05,quantile,0.7,0.0052769528278699546
2026-10-10,wk inc flu prop ed visits,0,2026-10-10,05,quantile,0.75,0.00553276975283884
2026-10-10,wk inc flu prop ed visits,0,2026-10-10,05,quantile,0.8,0.005862470913304373
2026-10-10,wk inc flu prop ed visits,0,2026-10-10,05,quantile,0.85,0.006201924262614142
2026-10-10,wk inc flu prop ed visits,0,2026-10-10,05,quantile,0.9,0.0067154344665407845
2026-10-10,wk inc flu prop ed visits,0,2026-10-10,05,quantile,0.95,0.007609314613203216
2026-10-10,wk inc flu prop ed visits,0,2026-10-10,05,quantile,0.975,0.0086984486652498
2026-10-10,wk inc flu prop ed visits,0,2026-10-10,05,quantile,0.99,0.009769700452090514
2026-10-10,wk inc flu prop ed visits,1,2026-10-17,05,quantile,0.01,0.0016150634009962942
2026-10-10,wk inc flu prop ed visits,1,2026-10-17,05,quantile,0.025,0.002120900078655218
2026-10-10,wk inc flu prop ed visits,1,2026-10-17,05,quantile,0.05,0.0024606446950762428
2026-10-10,wk inc flu prop ed visits,1,2026-10-17,05,quantile,0.1,0.0030293314992794894
2026-10-10,wk inc flu prop ed visits,1,2026-10-17,05,quantile,0.15,0.0033446337942021516
2026-10-10,wk inc flu prop ed visits,1,2026-10-17,05,quantile,0.2,0.0036299325672322167
2026-10-10,wk inc flu prop ed visits,1,2026-10-17,05,quantile,0.25,0.003935907669797552
2026-10-10,wk inc flu prop ed visits,1,2026-10-17,05,quantile,0.3,0.004176106253144336
2026-10-10,wk inc flu prop ed visits,1,2026-10-17,05,quantile,0.35,0.004436330603092266
2026-10-10,wk inc flu prop ed visits,1,2026-10-17,05,quantile,0.4,0.004701642296995115
2026-10-10,wk inc flu prop ed visits,1,2026-10-17,05,quantile,0.45,0.004977028334361107
2026-10-10,wk inc flu prop ed visits,1,2026-10-17,05,quantile,0.5,0.005308181868365557
2026-10-10,wk inc flu prop ed visits,1,2026-10-17,05,quantile,0.55,0.005599448011071817
2026-10-10,wk inc flu prop ed visits,1,2026-10-17,05,quantile,0.6,0.00587973062743158
2026-10-10,wk inc flu prop ed visits,1,2026-10-17,05,quantile,0.65,0.006237439078772539
2026-10-10,wk inc flu prop ed visits,1,2026-10-17,05,quantile,0.7,0.006618501948061539
2026-10-10,wk inc flu prop ed visits,1,2026-10-17,05,quantile,0.75,0.007047300603253183
2026-10-10,wk inc flu prop ed visits,1,2026-10-17,05,quantile,0.8,0.007535180591448593
2026-10-10,wk inc flu prop ed visits,1,2026-10-17,05,quantile,0.85,0.008185248537915576
2026-10-10,wk inc flu prop ed visits,1,2026-10-17,05,quantile,0.9,0.009310681573751988
2026-10-10,wk inc flu prop ed visits,1,2026-10-17,05,quantile,0.95,0.011239979874916487
2026-10-10,wk inc flu prop ed visits,1,2026-10-17,05,quantile,0.975,0.013021808126437145
2026-10-10,wk inc flu prop ed visits,1,2026-10-17,05,quantile,0.99,0.016314457079085493
2026-10-10,wk inc flu prop ed visits,2,2026-10-24,05,quantile,0.01,0.001713700182860399
2026-10-10,wk inc flu prop ed visits,2,2026-10-24,05,quantile,0.025,0.002159846704417479
2026-10-10,wk inc flu prop ed visits,2,2026-10-24,05,quantile,0.05,0.002610483053531139
2026-10-10,wk inc flu prop ed visits,2,2026-10-24,05,quantile,0.1,0.003204371603367964
2026-10-10,wk inc flu prop ed visits,2,2026-10-24,05,quantile,0.15,0.003688125713743692
2026-10-10,wk inc flu prop ed visits,2,2026-10-24,05,quantile,0.2,0.004040250260905161
2026-10-10,wk inc flu prop ed visits,2,2026-10-24,05,quantile,0.25,0.004426995484509736
2026-10-10,wk inc flu prop ed visits,2,2026-10-24,05,quantile,0.3,0.004790775961077935
2026-10-10,wk inc flu prop ed visits,2,2026-10-24,05,quantile,0.35,0.005136122726318575
2026-10-10,wk inc flu prop ed visits,2,2026-10-24,05,quantile,0.4,0.00552549939482085
2026-10-10,wk inc flu prop ed visits,2,2026-10-24,05,quantile,0.45,0.00593025828722492
2026-10-10,wk inc flu prop ed visits,2,2026-10-24,05,quantile,0.5,0.006343490573177048
2026-10-10,wk inc flu prop ed visits,2,2026-10-24,05,quantile,0.55,0.006824849453982055
2026-10-10,wk inc flu prop ed visits,2,2026-10-24,05,quantile,0.6,0.007280509411712992
2026-10-10,wk inc flu prop ed visits,2,2026-10-24,05,quantile,0.65,0.007867490842744095
2026-10-10,wk inc flu prop ed visits,2,2026-10-24,05,quantile,0.7,0.008499151111603757
2026-10-10,wk inc flu prop ed visits,2,2026-10-24,05,quantile,0.75,0.009242318234731539
2026-10-10,wk inc flu prop ed visits,2,2026-10-24,05,quantile,0.8,0.010010833497792637
2026-10-10,wk inc flu prop ed visits,2,2026-10-24,05,quantile,0.85,0.01128781319358762
2026-10-10,wk inc flu prop ed visits,2,2026-10-24,05,quantile,0.9,0.013032232926553217
2026-10-10,wk inc flu prop ed visits,2,2026-10-24,05,quantile,0.95,0.016850190316668914
2026-10-10,wk inc flu prop ed visits,2,2026-10-24,05,quantile,0.975,0.021961137724695372
2026-10-10,wk inc flu prop ed visits,2,2026-10-24,05,quantile,0.99,0.027425952888173746
2026-10-10,wk inc flu prop ed visits,3,2026-10-31,05,quantile,0.01,0.0017546963668679046
2026-10-10,wk inc flu prop ed visits,3,2026-10-31,05,quantile,0.025,0.002158861868816608
2026-10-10,wk inc flu prop ed visits,3,2026-10-31,05,quantile,0.05,0.00285769979176834
2026-10-10,wk inc flu prop ed visits,3,2026-10-31,05,quantile,0.1,0.0037055449960433353
2026-10-10,wk inc flu prop ed visits,3,2026-10-31,05,quantile,0.15,0.004335887448562523
2026-10-10,wk inc flu prop ed visits,3,2026-10-31,05,quantile,0.2,0.004828519893281906
2026-10-10,wk inc flu prop ed visits,3,2026-10-31,05,quantile,0.25,0.00538711828007194
2026-10-10,wk inc flu prop ed visits,3,2026-10-31,05,quantile,0.3,0.0058574701161977286
2026-10-10,wk inc flu prop ed visits,3,2026-10-31,05,quantile,0.35,0.0063267827176935664
2026-10-10,wk inc flu prop ed visits,3,2026-10-31,05,quantile,0.4,0.006794039883546698
2026-10-10,wk inc flu prop ed visits,3,2026-10-31,05,quantile,0.45,0.007319333682328094
2026-10-10,wk inc flu prop ed visits,3,2026-10-31,05,quantile,0.5,0.007882838532899672
2026-10-10,wk inc flu prop ed visits,3,2026-10-31,05,quantile,0.55,0.008569279874258807
2026-10-10,wk inc flu prop ed visits,3,2026-10-31,05,quantile,0.6,0.009281773616381711
2026-10-10,wk inc flu prop ed visits,3,2026-10-31,05,quantile,0.65,0.010091745211771344
2026-10-10,wk inc flu prop ed visits,3,2026-10-31,05,quantile,0.7,0.011180072008955698
2026-10-10,wk inc flu prop ed visits,3,2026-10-31,05,quantile,0.75,0.01229236116040901
2026-10-10,wk inc flu prop ed visits,3,2026-10-31,05,quantile,0.8,0.014136137039805804
2026-10-10,wk inc flu prop ed visits,3,2026-10-31,05,quantile,0.85,0.01594991126010726
2026-10-10,wk inc flu prop ed visits,3,2026-10-31,05,quantile,0.9,0.01904557475888616
2026-10-10,wk inc flu prop ed visits,3,2026-10-31,05,quantile,0.95,0.02629837527276365
2026-10-10,wk inc flu prop ed visits,3,2026-10-31,05,quantile,0.975,0.03424346640560516
2026-10-10,wk inc flu prop ed visits,3,2026-10-31,05,quantile,0.99,0.0476362041262024
2026-10-10,wk inc flu prop ed visits,0,2026-10-10,06,quantile,0.01,0.0045808493647617726
2026-10-10,wk inc flu prop ed visits,0,2026-10-10,06,quantile,0.025,0.0058363370758087625
2026-10-10,wk inc flu prop ed visits,0,2026-10-10,06,quantile,0.05,0.007124848712968897
2026-10-10,wk inc flu prop ed visits,0,2026-10-10,06,quantile,0.1,0.007883813452130482
2026-10-10,wk inc flu prop ed visits,0,2026-10-10,06,quantile,0.15,0.008558293105294459
2026-10-10,wk inc flu prop ed visits,0,2026-10-10,06,quantile,0.2,0.0090625770873665
2026-10-10,wk inc flu prop ed visits,0,2026-10-10,06,quantile,0.25,0.009498267270836505
2026-10-10,wk inc flu prop ed visits,0,2026-10-10,06,quantile,0.3,0.009821236052283832
2026-10-10,wk inc flu prop ed visits,0,2026-10-10,06,quantile,0.35,0.010142600287052892
2026-10-10,wk inc flu prop ed visits,0,2026-10-10,06,quantile,0.4,0.010465612679059922
2026-10-10,wk inc flu prop ed visits,0,2026-10-10,06,quantile,0.45,0.010784027818907428
2026-10-10,wk inc flu prop ed visits,0,2026-10-10,06,quantile,0.5,0.011068234358825795
2026-10-10,wk inc flu prop ed visits,0,2026-10-10,06,quantile,0.55,0.011345353442810902
2026-10-10,wk inc flu prop ed visits,0,2026-10-10,06,quantile,0.6,0.011623538004604327
2026-10-10,wk inc flu prop ed visits,0,2026-10-10,06,quantile,0.65,0.011920837676684979
2026-10-10,wk inc flu prop ed visits,0,2026-10-10,06,quantile,0.7,0.012319132706344217
2026-10-10,wk inc flu prop ed visits,0,2026-10-10,06,quantile,0.75,0.01278143817149234
2026-10-10,wk inc flu prop ed visits,0,2026-10-10,06,quantile,0.8,0.01330253809644687
2026-10-10,wk inc flu prop ed visits,0,2026-10-10,06,quantile,0.85,0.014050527639529046
2026-10-10,wk inc flu prop ed visits,0,2026-10-10,06,quantile,0.9,0.01500373853155786
2026-10-10,wk inc flu prop ed visits,0,2026-10-10,06,quantile,0.95,0.016337352898963906
2026-10-10,wk inc flu prop ed visits,0,2026-10-10,06,quantile,0.975,0.017494455609750246
2026-10-10,wk inc flu prop ed visits,0,2026-10-10,06,quantile,0.99,0.01922900266242948
2026-10-10,wk inc flu prop ed visits,1,2026-10-17,06,quantile,0.01,0.00420236902968411
2026-10-10,wk inc flu prop ed visits,1,2026-10-17,06,quantile,0.025,0.006347658310457421
2026-10-10,wk inc flu prop ed visits,1,2026-10-17,06,quantile,0.05,0.007913104084895439
2026-10-10,wk inc flu prop ed visits,1,2026-10-17,06,quantile,0.1,0.009067593988104727
2026-10-10,wk inc flu prop ed visits,1,2026-10-17,06,quantile,0.15,0.009781350732923095
2026-10-10,wk inc flu prop ed visits,1,2026-10-17,06,quantile,0.2,0.010641450465168277
2026-10-10,wk inc flu prop ed visits,1,2026-10-17,06,quantile,0.25,0.011476910573966631
2026-10-10,wk inc flu prop ed visits,1,2026-10-17,06,quantile,0.3,0.012361251914774532
2026-10-10,wk inc flu prop ed visits,1,2026-10-17,06,quantile,0.35,0.013021816650459556
2026-10-10,wk inc flu prop ed visits,1,2026-10-17,06,quantile,0.4,0.01400116448482476
2026-10-10,wk inc flu prop ed visits,1,2026-10-17,06,quantile,0.45,0.0148095300181568
2026-10-10,wk inc flu prop ed visits,1,2026-10-17,06,quantile,0.5,0.015737303263415655
2026-10-10,wk inc flu prop ed visits,1,2026-10-17,06,quantile,0.55,0.01778896119212198
2026-10-10,wk inc flu prop ed visits,1,2026-10-17,06,quantile,0.6,0.019291996247349865
2026-10-10,wk inc flu prop ed visits,1,2026-10-17,06,quantile,0.65,0.02007372601514054
2026-10-10,wk inc flu prop ed visits,1,2026-10-17,06,quantile,0.7,0.020720160878335427
2026-10-10,wk inc flu prop ed visits,1,2026-10-17,06,quantile,0.75,0.021427396264790274
2026-10-10,wk inc flu prop ed visits,1,2026-10-17,06,quantile,0.8,0.022249898922570975
2026-10-10,wk inc flu prop ed visits,1,2026-10-17,06,quantile,0.85,0.023133985122900904
2026-10-10,wk inc flu prop ed visits,1,2026-10-17,06,quantile,0.9,0.024470521277948742
2026-10-10,wk inc flu prop ed visits,1,2026-10-17,06,quantile,0.95,0.026652425227705827
2026-10-10,wk inc flu prop ed visits,1,2026-10-17,06,quantile,0.975,0.02876153333241594
2026-10-10,wk inc flu prop ed visits,1,2026-10-17,06,quantile,0.99,0.03186038411250316
2026-10-10,wk inc flu prop ed visits,2,2026-10-24,06,quantile,0.01,0.004989113150540809
2026-10-10,wk inc flu prop ed visits,2,2026-10-24,06,quantile,0.025,0.00614343093622796
2026-10-10,wk inc flu prop ed visits,2,2026-10-24,06,quantile,0.05,0.00750483046263919
2026-10-10,wk inc flu prop ed visits,2,2026-10-24,06,quantile,0.1,0.009846062269006663
2026-10-10,wk inc flu prop ed visits,2,2026-10-24,06,quantile,0.15,0.010997451507900675
2026-10-10,wk inc flu prop ed visits,2,2026-10-24,06,quantile,0.2,0.012650400539218188
2026-10-10,wk inc flu prop ed visits,2,2026-10-24,06,quantile,0.25,0.014756218672804236
2026-10-10,wk inc flu prop ed visits,2,2026-10-24,06,quantile,0.3,0.0173534447003329
2026-10-10,wk inc flu prop ed visits,2,2026-10-24,06,quantile,0.35,0.01931066079175424
2026-10-10,wk inc flu prop ed visits,2,2026-10-24,06,quantile,0.4,0.02152580944491475
2026-10-10,wk inc flu prop ed visits,2,2026-10-24,06,quantile,0.45,0.023687805083942016
2026-10-10,wk inc flu prop ed visits,2,2026-10-24,06,quantile,0.5,0.02536224820991643
2026-10-10,wk inc flu prop ed visits,2,2026-10-24,06,quantile,0.55,0.026885089321045087
2026-10-10,wk inc flu prop ed visits,2,2026-10-24,06,quantile,0.6,0.028225803725251228
2026-10-10,wk inc flu prop ed visits,2,2026-10-24,06,quantile,0.65,0.029505006588337778
2026-10-10,wk inc flu prop ed visits,2,2026-10-24,06,quantile,0.7,0.030648846095537467
2026-10-10,wk inc flu prop ed visits,2,2026-10-24,06,quantile,0.75,0.03193870433290276
2026-10-10,wk inc flu prop ed visits,2,2026-10-24,06,quantile,0.8,0.033693721094742314
2026-10-10,wk inc flu prop ed visits,2,2026-10-24,06,quantile,0.85,0.03584455937438966
2026-10-10,wk inc flu prop ed visits,2,2026-10-24,06,quantile,0.9,0.038257284775076617
2026-10-10,wk inc flu prop ed visits,2,2026-10-24,06,quantile,0.95,0.04270042974789772
2026-10-10,wk inc flu prop ed visits,2,2026-10-24,06,quantile,0.975,0.047599040462114245
2026-10-10,wk inc flu prop ed visits,2,2026-10-24,06,quantile,0.99,0.057510741320750056
2026-10-10,wk inc flu prop ed visits,3,2026-10-31,06,quantile,0.01,0.005506863080989634
2026-10-10,wk inc flu prop ed visits,3,2026-10-31,06,quantile,0.025,0.006805998658523896
2026-10-10,wk inc flu prop ed visits,3,2026-10-31,06,quantile,0.05,0.008372531126858051
2026-10-10,wk inc flu prop ed visits,3,2026-10-31,06,quantile,0.1,0.010736510806631528
2026-10-10,wk inc flu prop ed visits,3,2026-10-31,06,quantile,0.15,0.013094525717018192
2026-10-10,wk inc flu prop ed visits,3,2026-10-31,06,quantile,0.2,0.01614593982799266
2026-10-10,wk inc flu prop ed visits,3,2026-10-31,06,quantile,0.25,0.019825642286524173
2026-10-10,wk inc flu prop ed visits,3,2026-10-31,06,quantile,0.3,0.022102389837782756
2026-10-10,wk inc flu prop ed visits,3,2026-10-31,06,quantile,0.35,0.02492421961703309
2026-10-10,wk inc flu prop ed visits,3,2026-10-31,06,quantile,0.4,0.02763879328712547
2026-10-10,wk inc flu prop ed visits,3,2026-10-31,06,quantile,0.45,0.02987637789729792
2026-10-10,wk inc flu prop ed visits,3,2026-10-31,06,quantile,0.5,0.03222106502279042
2026-10-10,wk inc flu prop ed visits,3,2026-10-31,06,quantile,0.55,0.034930016092819365
2026-10-10,wk inc flu prop ed visits,3,2026-10-31,06,quantile,0.6,0.03836084254747911
2026-10-10,wk inc flu prop ed visits,3,2026-10-31,06,quantile,0.65,0.04043188042434886
2026-10-10,wk inc flu prop ed visits,3,2026-10-31,06,quantile,0.7,0.042359241036508434
2026-10-10,wk inc flu prop ed visits,3,2026-10-31,06,quantile,0.75,0.04442217017788884
2026-10-10,wk inc flu prop ed visits,3,2026-10-31,06,quantile,0.8,0.04670003769712228
2026-10-10,wk inc flu prop ed visits,3,2026-10-31,06,quantile,0.85,0.04977998260221713
2026-10-10,wk inc flu prop ed visits,3,2026-10-31,06,quantile,0.9,0.05559930714040328
2026-10-10,wk inc flu prop ed visits,3,2026-10-31,06,quantile,0.95,0.06283998618180246
2026-10-10,wk inc flu prop ed visits,3,2026-10-31,06,quantile,0.975,0.0704761911536131
2026-10-10,wk inc flu prop ed visits,3,2026-10-31,06,quantile,0.99,0.08178962167162664
2026-10-10,wk inc flu prop ed visits,0,2026-10-10,08,quantile,0.01,0.0015621542860931078
2026-10-10,wk inc flu prop ed visits,0,2026-10-10,08,quantile,0.025,0.0019260993665303483
2026-10-10,wk inc flu prop ed visits,0,2026-10-10,08,quantile,0.05,0.002277790337587877
2026-10-10,wk inc flu prop ed visits,0,2026-10-10,08,quantile,0.1,0.002579881068092712
2026-10-10,wk inc flu prop ed visits,0,2026-10-10,08,quantile,0.15,0.002782742809845362
2026-10-10,wk inc flu prop ed visits,0,2026-10-10,08,quantile,0.2,0.0029399944748596902
2026-10-10,wk inc flu prop ed visits,0,2026-10-10,08,quantile,0.25,0.0030943641704903463
2026-10-10,wk inc flu prop ed visits,0,2026-10-10,08,quantile,0.3,0.0032371032602042586
2026-10-10,wk inc flu prop ed visits,0,2026-10-10,08,quantile,0.35,0.003359968967690575
2026-10-10,wk inc flu prop ed visits,0,2026-10-10,08,quantile,0.4,0.0034931591879632353
2026-10-10,wk inc flu prop ed visits,0,2026-10-10,08,quantile,0.45,0.0036038478006833333
2026-10-10,wk inc flu prop ed visits,0,2026-10-10,08,quantile,0.5,0.003726775335430617
2026-10-10,wk inc flu prop ed visits,0,2026-10-10,08,quantile,0.55,0.003853035358125742
2026-10-10,wk inc flu prop ed visits,0,2026-10-10,08,quantile,0.6,0.003987796921676723
2026-10-10,wk inc flu prop ed visits,0,2026-10-10,08,quantile,0.65,0.004129236429568653
2026-10-10,wk inc flu prop ed visits,0,2026-10-10,08,quantile,0.7,0.0042679534964084175
2026-10-10,wk inc flu prop ed visits,0,2026-10-10,08,quantile,0.75,0.004420331893154578
2026-10-10,wk inc flu prop ed visits,0,2026-10-10,08,quantile,0.8,0.004615982236337624
2026-10-10,wk inc flu prop ed visits,0,2026-10-10,08,quantile,0.85,0.004857977289374891
2026-10-10,wk inc flu prop ed visits,0,2026-10-10,08,quantile,0.9,0.00519598230875295
2026-10-10,wk inc flu prop ed visits,0,2026-10-10,08,quantile,0.95,0.0058668232722067434
2026-10-10,wk inc flu prop ed visits,0,2026-10-10,08,quantile,0.975,0.006508282319023086
2026-10-10,wk inc flu prop ed visits,0,2026-10-10,08,quantile,0.99,0.007647529217532796
2026-10-10,wk inc flu prop ed visits,1,2026-10-17,08,quantile,0.01,0.0015592534492535554
2026-10-10,wk inc flu prop ed visits,1,2026-10-17,08,quantile,0.025,0.0019396884625270466
2026-10-10,wk inc flu prop ed visits,1,2026-10-17,08,quantile,0.05,0.002408893096381407
2026-10-10,wk inc flu prop ed visits,1,2026-10-17,08,quantile,0.1,0.0028161145392644666
2026-10-10,wk inc flu prop ed visits,1,2026-10-17,08,quantile,0.15,0.003095692064544248
2026-10-10,wk inc flu prop ed visits,1,2026-10-17,08,quantile,0.2,0.00334158568626398
2026-10-10,wk inc flu prop ed visits,1,2026-10-17,08,quantile,0.25,0.00353546044552614
2026-10-10,wk inc flu prop ed visits,1,2026-10-17,08,quantile,0.3,0.003723970949124805
2026-10-10,wk inc flu prop ed visits,1,2026-10-17,08,quantile,0.35,0.0039147027532997385
2026-10-10,wk inc flu prop ed visits,1,2026-10-17,08,quantile,0.4,0.004114097840218335
2026-10-10,wk inc flu prop ed visits,1,2026-10-17,08,quantile,0.45,0.004288276455817718
2026-10-10,wk inc flu prop ed visits,1,2026-10-17,08,quantile,0.5,0.004476351996488715
2026-10-10,wk inc flu prop ed visits,1,2026-10-17,08,quantile,0.55,0.004667787129589375
2026-10-10,wk inc flu prop ed visits,1,2026-10-17,08,quantile,0.6,0.004890750281139521
2026-10-10,wk inc flu prop ed visits,1,2026-10-17,08,quantile,0.65,0.0051449240197893814
2026-10-10,wk inc flu prop ed visits,1,2026-10-17,08,quantile,0.7,0.005438973826754258
2026-10-10,wk inc flu prop ed visits,1,2026-10-17,08,quantile,0.75,0.0058064333771139275
2026-10-10,wk inc flu prop ed visits,1,2026-10-17,08,quantile,0.8,0.006241988272052347
2026-10-10,wk inc flu prop ed visits,1,2026-10-17,08,quantile,0.85,0.006888198467617859
2026-10-10,wk inc flu prop ed visits,1,2026-10-17,08,quantile,0.9,0.007667253722679074
2026-10-10,wk inc flu prop ed visits,1,2026-10-17,08,quantile,0.95,0.009324720320278703
2026-10-10,wk inc flu prop ed visits,1,2026-10-17,08,quantile,0.975,0.010726633905963465
2026-10-10,wk inc flu prop ed visits,1,2026-10-17,08,quantile,0.99,0.013453364413089398
2026-10-10,wk inc flu prop ed visits,2,2026-10-24,08,quantile,0.01,0.0018161247599903529
2026-10-10,wk inc flu prop ed visits,2,2026-10-24,08,quantile,0.025,0.002112436100494757
2026-10-10,wk inc flu prop ed visits,2,2026-10-24,08,quantile,0.05,0.002590635080320632
2026-10-10,wk inc flu prop ed visits,2,2026-10-24,08,quantile,0.1,0.003088830043952053
2026-10-10,wk inc flu prop ed visits,2,2026-10-24,08,quantile,0.15,0.003451856645121101
2026-10-10,wk inc flu prop ed visits,2,2026-10-24,08,quantile,0.2,0.0037884136802797327
2026-10-10,wk inc flu prop ed visits,2,2026-10-24,08,quantile,0.25,0.004054023822332446
2026-10-10,wk inc flu prop ed visits,2,2026-10-24,08,quantile,0.3,0.004369819033690341
2026-10-10,wk inc flu prop ed visits,2,2026-10-24,08,quantile,0.35,0.004696647933138869
2026-10-10,wk inc flu prop ed visits,2,2026-10-24,08,quantile,0.4,0.004978808008027575
2026-10-10,wk inc flu prop ed visits,2,2026-10-24,08,quantile,0.45,0.00525591302022008
2026-10-10,wk inc flu prop ed visits,2,2026-10-24,08,quantile,0.5,0.005579916862438911
2026-10-10,wk inc flu prop ed visits,2,2026-10-24,08,quantile,0.55,0.005955530103290732
2026-10-10,wk inc flu prop ed visits,2,2026-10-24,08,quantile,0.6,0.006392393233170128
2026-10-10,wk inc flu prop ed visits,2,2026-10-24,08,quantile,0.65,0.006799239164425236
2026-10-10,wk inc flu prop ed visits,2,2026-10-24,08,quantile,0.7,0.007376359254955941
2026-10-10,wk inc flu prop ed visits,2,2026-10-24,08,quantile,0.75,0.008241998431755637
2026-10-10,wk inc flu prop ed visits,2,2026-10-24,08,quantile,0.8,0.009222775141603131
2026-10-10,wk inc flu prop ed visits,2,2026-10-24,08,quantile,0.85,0.010596575224035407
2026-10-10,wk inc flu prop ed visits,2,2026-10-24,08,quantile,0.9,0.011950600567354922
2026-10-10,wk inc flu prop ed visits,2,2026-10-24,08,quantile,0.95,0.01455185090949304
2026-10-10,wk inc flu prop ed visits,2,2026-10-24,08,quantile,0.975,0.018258475706817837
2026-10-10,wk inc flu prop ed visits,2,2026-10-24,08,quantile,0.99,0.02246054959407175
2026-10-10,wk inc flu prop ed visits,3,2026-10-31,08,quantile,0.01,0.0017774806749780933
2026-10-10,wk inc flu prop ed visits,3,2026-10-31,08,quantile,0.025,0.0024223390999377013
2026-10-10,wk inc flu prop ed visits,3,2026-10-31,08,quantile,0.05,0.0028790020615970047
2026-10-10,wk inc flu prop ed visits,3,2026-10-31,08,quantile,0.1,0.003579946907908055
2026-10-10,wk inc flu prop ed visits,3,2026-10-31,08,quantile,0.15,0.004123998149209629
2026-10-10,wk inc flu prop ed visits,3,2026-10-31,08,quantile,0.2,0.004617696602908937
2026-10-10,wk inc flu prop ed visits,3,2026-10-31,08,quantile,0.25,0.0050188437120287374
2026-10-10,wk inc flu prop ed visits,3,2026-10-31,08,quantile,0.3,0.005423744362666178
2026-10-10,wk inc flu prop ed visits,3,2026-10-31,08,quantile,0.35,0.0058671239755180155
2026-10-10,wk inc flu prop ed visits,3,2026-10-31,08,quantile,0.4,0.00640666367398447
2026-10-10,wk inc flu prop ed visits,3,2026-10-31,08,quantile,0.45,0.00689898381478113
2026-10-10,wk inc flu prop ed visits,3,2026-10-31,08,quantile,0.5,0.007431856756786429
2026-10-10,wk inc flu prop ed visits,3,2026-10-31,08,quantile,0.55,0.00801744544292654
2026-10-10,wk inc flu prop ed visits,3,2026-10-31,08,quantile,0.6,0.008756566566088218
2026-10-10,wk inc flu prop ed visits,3,2026-10-31,08,quantile,0.65,0.009596869016424548
2026-10-10,wk inc flu prop ed visits,3,2026-10-31,08,quantile,0.7,0.010518597873649591
2026-10-10,wk inc flu prop ed visits,3,2026-10-31,08,quantile,0.75,0.01177491359028929
2026-10-10,wk inc flu prop ed visits,3,2026-10-31,08,quantile,0.8,0.013024419142570152
2026-10-10,wk inc flu prop ed visits,3,2026-10-31,08,quantile,0.85,0.014907792995424704
2026-10-10,wk inc flu prop ed visits,3,2026-10-31,08,quantile,0.9,0.017896462319978323
2026-10-10,wk inc flu prop ed visits,3,2026-10-31,08,quantile,0.95,0.021640719420826758
2026-10-10,wk inc flu prop ed visits,3,2026-10-31,08,quantile,0.975,0.026485281315502034
2026-10-10,wk inc flu prop ed visits,3,2026-10-31,08,quantile,0.99,0.03949929194553486
2026-10-10,wk inc flu prop ed visits,0,2026-10-10,09,quantile,0.01,9.865796710260574e-4
2026-10-10,wk inc flu prop ed visits,0,2026-10-10,09,quantile,0.025,0.0012821958439395086
2026-10-10,wk inc flu prop ed visits,0,2026-10-10,09,quantile,0.05,0.0015099945155940529
2026-10-10,wk inc flu prop ed visits,0,2026-10-10,09,quantile,0.1,0.00175357119986714
2026-10-10,wk inc flu prop ed visits,0,2026-10-10,09,quantile,0.15,0.0018972581500176391
2026-10-10,wk inc flu prop ed visits,0,2026-10-10,09,quantile,0.2,0.002046830340910785
2026-10-10,wk inc flu prop ed visits,0,2026-10-10,09,quantile,0.25,0.0021709828282721363
2026-10-10,wk inc flu prop ed visits,0,2026-10-10,09,quantile,0.3,0.002278027660631984
2026-10-10,wk inc flu prop ed visits,0,2026-10-10,09,quantile,0.35,0.0023910129621902334
2026-10-10,wk inc flu prop ed visits,0,2026-10-10,09,quantile,0.4,0.00248508410745479
2026-10-10,wk inc flu prop ed visits,0,2026-10-10,09,quantile,0.45,0.0026056423199773008
2026-10-10,wk inc flu prop ed visits,0,2026-10-10,09,quantile,0.5,0.002707991299032955
2026-10-10,wk inc flu prop ed visits,0,2026-10-10,09,quantile,0.55,0.0028078987422239503
2026-10-10,wk inc flu prop ed visits,0,2026-10-10,09,quantile,0.6,0.002916380530300243
2026-10-10,wk inc flu prop ed visits,0,2026-10-10,09,quantile,0.65,0.0030429882858060016
2026-10-10,wk inc flu prop ed visits,0,2026-10-10,09,quantile,0.7,0.00316755472220489
2026-10-10,wk inc flu prop ed visits,0,2026-10-10,09,quantile,0.75,0.003313995869829286
2026-10-10,wk inc flu prop ed visits,0,2026-10-10,09,quantile,0.8,0.0034885597352829157
2026-10-10,wk inc flu prop ed visits,0,2026-10-10,09,quantile,0.85,0.0036957473297959315
2026-10-10,wk inc flu prop ed visits,0,2026-10-10,09,quantile,0.9,0.004043448363222648
2026-10-10,wk inc flu prop ed visits,0,2026-10-10,09,quantile,0.95,0.004659345743476069
2026-10-10,wk inc flu prop ed visits,0,2026-10-10,09,quantile,0.975,0.005187841294076635
2026-10-10,wk inc flu prop ed visits,0,2026-10-10,09,quantile,0.99,0.005963764834319227
2026-10-10,wk inc flu prop ed visits,1,2026-10-17,09,quantile,0.01,0.001053867215308593
2026-10-10,wk inc flu prop ed visits,1,2026-10-17,09,quantile,0.025,0.0012535190439550174
2026-10-10,wk inc flu prop ed visits,1,2026-10-17,09,quantile,0.05,0.0015282319045063675
2026-10-10,wk inc flu prop ed visits,1,2026-10-17,09,quantile,0.1,0.0018213418382872592
2026-10-10,wk inc flu prop ed visits,1,2026-10-17,09,quantile,0.15,0.002072685787094162
2026-10-10,wk inc flu prop ed visits,1,2026-10-17,09,quantile,0.2,0.0022596340916252663
2026-10-10,wk inc flu prop ed visits,1,2026-10-17,09,quantile,0.25,0.0024376938660835455
2026-10-10,wk inc flu prop ed visits,1,2026-10-17,09,quantile,0.3,0.0026058623725590787
2026-10-10,wk inc flu prop ed visits,1,2026-10-17,09,quantile,0.35,0.002743473037887117
2026-10-10,wk inc flu prop ed visits,1,2026-10-17,09,quantile,0.4,0.0029050314559471773
2026-10-10,wk inc flu prop ed visits,1,2026-10-17,09,quantile,0.45,0.003041100299561586
2026-10-10,wk inc flu prop ed visits,1,2026-10-17,09,quantile,0.5,0.0031775028480121184
2026-10-10,wk inc flu prop ed visits,1,2026-10-17,09,quantile,0.55,0.0033335881893197857
2026-10-10,wk inc flu prop ed visits,1,2026-10-17,09,quantile,0.6,0.0035054726014461476
2026-10-10,wk inc flu prop ed visits,1,2026-10-17,09,quantile,0.65,0.0036944044262477143
2026-10-10,wk inc flu prop ed visits,1,2026-10-17,09,quantile,0.7,0.0039440034061287875
2026-10-10,wk inc flu prop ed visits,1,2026-10-17,09,quantile,0.75,0.004223185152042041
2026-10-10,wk inc flu prop ed visits,1,2026-10-17,09,quantile,0.8,0.004593179446347115
2026-10-10,wk inc flu prop ed visits,1,2026-10-17,09,quantile,0.85,0.005050081415442104
2026-10-10,wk inc flu prop ed visits,1,2026-10-17,09,quantile,0.9,0.005986572021610843
2026-10-10,wk inc flu prop ed visits,1,2026-10-17,09,quantile,0.95,0.007576501929190869
2026-10-10,wk inc flu prop ed visits,1,2026-10-17,09,quantile,0.975,0.008640528458734222
2026-10-10,wk inc flu prop ed visits,1,2026-10-17,09,quantile,0.99,0.010406821502507666
2026-10-10,wk inc flu prop ed visits,2,2026-10-24,09,quantile,0.01,0.001097147997576238
2026-10-10,wk inc flu prop ed visits,2,2026-10-24,09,quantile,0.025,0.0013362956838646376
2026-10-10,wk inc flu prop ed visits,2,2026-10-24,09,quantile,0.05,0.0016324406199145598
2026-10-10,wk inc flu prop ed visits,2,2026-10-24,09,quantile,0.1,0.002039724277929192
2026-10-10,wk inc flu prop ed visits,2,2026-10-24,09,quantile,0.15,0.002345002873819795
2026-10-10,wk inc flu prop ed visits,2,2026-10-24,09,quantile,0.2,0.0025604073855924926
2026-10-10,wk inc flu prop ed visits,2,2026-10-24,09,quantile,0.25,0.0028121759746235634
2026-10-10,wk inc flu prop ed visits,2,2026-10-24,09,quantile,0.3,0.003065469046081047
2026-10-10,wk inc flu prop ed visits,2,2026-10-24,09,quantile,0.35,0.0032641493701156582
2026-10-10,wk inc flu prop ed visits,2,2026-10-24,09,quantile,0.4,0.0035052422289807393
2026-10-10,wk inc flu prop ed visits,2,2026-10-24,09,quantile,0.45,0.0037325547170203293
2026-10-10,wk inc flu prop ed visits,2,2026-10-24,09,quantile,0.5,0.0039857002047509246
2026-10-10,wk inc flu prop ed visits,2,2026-10-24,09,quantile,0.55,0.004282245075464037
2026-10-10,wk inc flu prop ed visits,2,2026-10-24,09,quantile,0.6,0.004581860943265334
2026-10-10,wk inc flu prop ed visits,2,2026-10-24,09,quantile,0.65,0.0049926685655485616
2026-10-10,wk inc flu prop ed visits,2,2026-10-24,09,quantile,0.7,0.00536249540885049
2026-10-10,wk inc flu prop ed visits,2,2026-10-24,09,quantile,0.75,0.005801643445337949
2026-10-10,wk inc flu prop ed visits,2,2026-10-24,09,quantile,0.8,0.0064768889125595185
2026-10-10,wk inc flu prop ed visits,2,2026-10-24,09,quantile,0.85,0.007379498098125999
2026-10-10,wk inc flu prop ed visits,2,2026-10-24,09,quantile,0.9,0.009071171441739167
2026-10-10,wk inc flu prop ed visits,2,2026-10-24,09,quantile,0.95,0.012094804752994875
2026-10-10,wk inc flu prop ed visits,2,2026-10-24,09,quantile,0.975,0.015277275434226549
2026-10-10,wk inc flu prop ed visits,2,2026-10-24,09,quantile,0.99,0.017699102978398364
2026-10-10,wk inc flu prop ed visits,3,2026-10-31,09,quantile,0.01,0.0011020790066723807
2026-10-10,wk inc flu prop ed visits,3,2026-10-31,09,quantile,0.025,0.001484906575023546
2026-10-10,wk inc flu prop ed visits,3,2026-10-31,09,quantile,0.05,0.0018802618614300018
2026-10-10,wk inc flu prop ed visits,3,2026-10-31,09,quantile,0.1,0.002348610124026661
2026-10-10,wk inc flu prop ed visits,3,2026-10-31,09,quantile,0.15,0.0027056895642972745
2026-10-10,wk inc flu prop ed visits,3,2026-10-31,09,quantile,0.2,0.003074866825831281
2026-10-10,wk inc flu prop ed visits,3,2026-10-31,09,quantile,0.25,0.0034269256164878702
2026-10-10,wk inc flu prop ed visits,3,2026-10-31,09,quantile,0.3,0.003743837408632972
2026-10-10,wk inc flu prop ed visits,3,2026-10-31,09,quantile,0.35,0.004087492282884427
2026-10-10,wk inc flu prop ed visits,3,2026-10-31,09,quantile,0.4,0.0044072341554362
2026-10-10,wk inc flu prop ed visits,3,2026-10-31,09,quantile,0.45,0.004757893908505963
2026-10-10,wk inc flu prop ed visits,3,2026-10-31,09,quantile,0.5,0.005133020114410651
2026-10-10,wk inc flu prop ed visits,3,2026-10-31,09,quantile,0.55,0.005629880456366643
2026-10-10,wk inc flu prop ed visits,3,2026-10-31,09,quantile,0.6,0.006182712990638941
2026-10-10,wk inc flu prop ed visits,3,2026-10-31,09,quantile,0.65,0.0068097540017255315
2026-10-10,wk inc flu prop ed visits,3,2026-10-31,09,quantile,0.7,0.007520211715819937
2026-10-10,wk inc flu prop ed visits,3,2026-10-31,09,quantile,0.75,0.008404061153323582
2026-10-10,wk inc flu prop ed visits,3,2026-10-31,09,quantile,0.8,0.009553991349094588
2026-10-10,wk inc flu prop ed visits,3,2026-10-31,09,quantile,0.85,0.01101139612976733
2026-10-10,wk inc flu prop ed visits,3,2026-10-31,09,quantile,0.9,0.01397591652482592
2026-10-10,wk inc flu prop ed visits,3,2026-10-31,09,quantile,0.95,0.018697345076914493
2026-10-10,wk inc flu prop ed visits,3,2026-10-31,09,quantile,0.975,0.027011771811594018
2026-10-10,wk inc flu prop ed visits,3,2026-10-31,09,quantile,0.99,0.030396108863912086
2026-10-10,wk inc flu prop ed visits,0,2026-10-10,10,quantile,0.01,0.0014728815384530704
2026-10-10,wk inc flu prop ed visits,0,2026-10-10,10,quantile,0.025,0.0017854581976574366
2026-10-10,wk inc flu prop ed visits,0,2026-10-10,10,quantile,0.05,0.0020743876714535087
2026-10-10,wk inc flu prop ed visits,0,2026-10-10,10,quantile,0.1,0.002462423844478645
2026-10-10,wk inc flu prop ed visits,0,2026-10-10,10,quantile,0.15,0.0026631605454966005
2026-10-10,wk inc flu prop ed visits,0,2026-10-10,10,quantile,0.2,0.0028283736359228998
2026-10-10,wk inc flu prop ed visits,0,2026-10-10,10,quantile,0.25,0.0029849057790574526
2026-10-10,wk inc flu prop ed visits,0,2026-10-10,10,quantile,0.3,0.0031614292416669854
2026-10-10,wk inc flu prop ed visits,0,2026-10-10,10,quantile,0.35,0.003340743056971327
2026-10-10,wk inc flu prop ed visits,0,2026-10-10,10,quantile,0.4,0.0034992020524045727
2026-10-10,wk inc flu prop ed visits,0,2026-10-10,10,quantile,0.45,0.003648887052114611
2026-10-10,wk inc flu prop ed visits,0,2026-10-10,10,quantile,0.5,0.003820322083880885
2026-10-10,wk inc flu prop ed visits,0,2026-10-10,10,quantile,0.55,0.003979654857016108
2026-10-10,wk inc flu prop ed visits,0,2026-10-10,10,quantile,0.6,0.004121347977759531
2026-10-10,wk inc flu prop ed visits,0,2026-10-10,10,quantile,0.65,0.0043045878081532825
2026-10-10,wk inc flu prop ed visits,0,2026-10-10,10,quantile,0.7,0.004518851498154437
2026-10-10,wk inc flu prop ed visits,0,2026-10-10,10,quantile,0.75,0.004745366247756727
2026-10-10,wk inc flu prop ed visits,0,2026-10-10,10,quantile,0.8,0.004981291829758755
2026-10-10,wk inc flu prop ed visits,0,2026-10-10,10,quantile,0.85,0.005319589146143011
2026-10-10,wk inc flu prop ed visits,0,2026-10-10,10,quantile,0.9,0.005767091990699151
2026-10-10,wk inc flu prop ed visits,0,2026-10-10,10,quantile,0.95,0.006580079802374613
2026-10-10,wk inc flu prop ed visits,0,2026-10-10,10,quantile,0.975,0.007283067269532254
2026-10-10,wk inc flu prop ed visits,0,2026-10-10,10,quantile,0.99,0.008275055885430763
2026-10-10,wk inc flu prop ed visits,1,2026-10-17,10,quantile,0.01,0.0012831524974928998
2026-10-10,wk inc flu prop ed visits,1,2026-10-17,10,quantile,0.025,0.0016526795478188946
2026-10-10,wk inc flu prop ed visits,1,2026-10-17,10,quantile,0.05,0.0020551006891845183
2026-10-10,wk inc flu prop ed visits,1,2026-10-17,10,quantile,0.1,0.0024637108185997514
2026-10-10,wk inc flu prop ed visits,1,2026-10-17,10,quantile,0.15,0.0027967422840434633
2026-10-10,wk inc flu prop ed visits,1,2026-10-17,10,quantile,0.2,0.003078228585268078
2026-10-10,wk inc flu prop ed visits,1,2026-10-17,10,quantile,0.25,0.003305163725966917
2026-10-10,wk inc flu prop ed visits,1,2026-10-17,10,quantile,0.3,0.003523325499455105
2026-10-10,wk inc flu prop ed visits,1,2026-10-17,10,quantile,0.35,0.0037247628975556044
2026-10-10,wk inc flu prop ed visits,1,2026-10-17,10,quantile,0.4,0.003939443163963983
2026-10-10,wk inc flu prop ed visits,1,2026-10-17,10,quantile,0.45,0.004174873197608142
2026-10-10,wk inc flu prop ed visits,1,2026-10-17,10,quantile,0.5,0.0044294401774908326
2026-10-10,wk inc flu prop ed visits,1,2026-10-17,10,quantile,0.55,0.004670943714781011
2026-10-10,wk inc flu prop ed visits,1,2026-10-17,10,quantile,0.6,0.004915343542299187
2026-10-10,wk inc flu prop ed visits,1,2026-10-17,10,quantile,0.65,0.0052274510695085215
2026-10-10,wk inc flu prop ed visits,1,2026-10-17,10,quantile,0.7,0.005600833218015606
2026-10-10,wk inc flu prop ed visits,1,2026-10-17,10,quantile,0.75,0.006017209682292499
2026-10-10,wk inc flu prop ed visits,1,2026-10-17,10,quantile,0.8,0.006449662041066715
2026-10-10,wk inc flu prop ed visits,1,2026-10-17,10,quantile,0.85,0.0071083242386057585
2026-10-10,wk inc flu prop ed visits,1,2026-10-17,10,quantile,0.9,0.008080744184409317
2026-10-10,wk inc flu prop ed visits,1,2026-10-17,10,quantile,0.95,0.010327609230834697
2026-10-10,wk inc flu prop ed visits,1,2026-10-17,10,quantile,0.975,0.012593793957955655
2026-10-10,wk inc flu prop ed visits,1,2026-10-17,10,quantile,0.99,0.0143889069680001
2026-10-10,wk inc flu prop ed visits,2,2026-10-24,10,quantile,0.01,0.0014244497675111152
2026-10-10,wk inc flu prop ed visits,2,2026-10-24,10,quantile,0.025,0.0017823735787516472
2026-10-10,wk inc flu prop ed visits,2,2026-10-24,10,quantile,0.05,0.002154865655867098
2026-10-10,wk inc flu prop ed visits,2,2026-10-24,10,quantile,0.1,0.002641525662226466
2026-10-10,wk inc flu prop ed visits,2,2026-10-24,10,quantile,0.15,0.003110822336345978
2026-10-10,wk inc flu prop ed visits,2,2026-10-24,10,quantile,0.2,0.0034443267617984665
2026-10-10,wk inc flu prop ed visits,2,2026-10-24,10,quantile,0.25,0.003746770168497985
2026-10-10,wk inc flu prop ed visits,2,2026-10-24,10,quantile,0.3,0.004076826647116715
2026-10-10,wk inc flu prop ed visits,2,2026-10-24,10,quantile,0.35,0.004378949111205221
2026-10-10,wk inc flu prop ed visits,2,2026-10-24,10,quantile,0.4,0.00471435928546942
2026-10-10,wk inc flu prop ed visits,2,2026-10-24,10,quantile,0.45,0.005068960807182192
2026-10-10,wk inc flu prop ed visits,2,2026-10-24,10,quantile,0.5,0.005413411896165313
2026-10-10,wk inc flu prop ed visits,2,2026-10-24,10,quantile,0.55,0.005755035155838128
2026-10-10,wk inc flu prop ed visits,2,2026-10-24,10,quantile,0.6,0.006133450906436134
2026-10-10,wk inc flu prop ed visits,2,2026-10-24,10,quantile,0.65,0.006572368783205065
2026-10-10,wk inc flu prop ed visits,2,2026-10-24,10,quantile,0.7,0.007183258262868709
2026-10-10,wk inc flu prop ed visits,2,2026-10-24,10,quantile,0.75,0.007827816073056182
2026-10-10,wk inc flu prop ed visits,2,2026-10-24,10,quantile,0.8,0.008776633802331757
2026-10-10,wk inc flu prop ed visits,2,2026-10-24,10,quantile,0.85,0.009976800580230663
2026-10-10,wk inc flu prop ed visits,2,2026-10-24,10,quantile,0.9,0.012124949334309548
2026-10-10,wk inc flu prop ed visits,2,2026-10-24,10,quantile,0.95,0.015010577110250362
2026-10-10,wk inc flu prop ed visits,2,2026-10-24,10,quantile,0.975,0.020459412780716738
2026-10-10,wk inc flu prop ed visits,2,2026-10-24,10,quantile,0.99,0.024345018415387065
2026-10-10,wk inc flu prop ed visits,3,2026-10-31,10,quantile,0.01,0.0012818502344339043
2026-10-10,wk inc flu prop ed visits,3,2026-10-31,10,quantile,0.025,0.0017659325934744848
2026-10-10,wk inc flu prop ed visits,3,2026-10-31,10,quantile,0.05,0.002278145994972288
2026-10-10,wk inc flu prop ed visits,3,2026-10-31,10,quantile,0.1,0.003006552912646466
2026-10-10,wk inc flu prop ed visits,3,2026-10-31,10,quantile,0.15,0.0035689808970809254
2026-10-10,wk inc flu prop ed visits,3,2026-10-31,10,quantile,0.2,0.004084368473183133
2026-10-10,wk inc flu prop ed visits,3,2026-10-31,10,quantile,0.25,0.0045348704476539615
2026-10-10,wk inc flu prop ed visits,3,2026-10-31,10,quantile,0.3,0.004981467294253637
2026-10-10,wk inc flu prop ed visits,3,2026-10-31,10,quantile,0.35,0.005444854195813382
2026-10-10,wk inc flu prop ed visits,3,2026-10-31,10,quantile,0.4,0.005906443708779618
2026-10-10,wk inc flu prop ed visits,3,2026-10-31,10,quantile,0.45,0.006376199324849254
2026-10-10,wk inc flu prop ed visits,3,2026-10-31,10,quantile,0.5,0.00689568285137894
2026-10-10,wk inc flu prop ed visits,3,2026-10-31,10,quantile,0.55,0.007461851355924057
2026-10-10,wk inc flu prop ed visits,3,2026-10-31,10,quantile,0.6,0.008111326442030673
2026-10-10,wk inc flu prop ed visits,3,2026-10-31,10,quantile,0.65,0.008904211832866455
2026-10-10,wk inc flu prop ed visits,3,2026-10-31,10,quantile,0.7,0.009750122348610463
2026-10-10,wk inc flu prop ed visits,3,2026-10-31,10,quantile,0.75,0.010885808200790097
2026-10-10,wk inc flu prop ed visits,3,2026-10-31,10,quantile,0.8,0.012024341342145946
2026-10-10,wk inc flu prop ed visits,3,2026-10-31,10,quantile,0.85,0.014432996745627806
2026-10-10,wk inc flu prop ed visits,3,2026-10-31,10,quantile,0.9,0.01819592437610741
2026-10-10,wk inc flu prop ed visits,3,2026-10-31,10,quantile,0.95,0.02495707513998565
2026-10-10,wk inc flu prop ed visits,3,2026-10-31,10,quantile,0.975,0.030513729793860075
2026-10-10,wk inc flu prop ed visits,3,2026-10-31,10,quantile,0.99,0.042508424197325145
2026-10-10,wk inc flu prop ed visits,0,2026-10-10,11,quantile,0.01,3.5123770480546227e-4
2026-10-10,wk inc flu prop ed visits,0,2026-10-10,11,quantile,0.025,4.80959664013002e-4
2026-10-10,wk inc flu prop ed visits,0,2026-10-10,11,quantile,0.05,5.885118439833909e-4
2026-10-10,wk inc flu prop ed visits,0,2026-10-10,11,quantile,0.1,7.375499636075302e-4
2026-10-10,wk inc flu prop ed visits,0,2026-10-10,11,quantile,0.15,8.848384971682616e-4
2026-10-10,wk inc flu prop ed visits,0,2026-10-10,11,quantile,0.2,0.0010084412458638543
2026-10-10,wk inc flu prop ed visits,0,2026-10-10,11,quantile,0.25,0.0011280241267521156
2026-10-10,wk inc flu prop ed visits,0,2026-10-10,11,quantile,0.3,0.0012588813062464582
2026-10-10,wk inc flu prop ed visits,0,2026-10-10,11,quantile,0.35,0.001381265407762339
2026-10-10,wk inc flu prop ed visits,0,2026-10-10,11,quantile,0.4,0.0014976866664255892
2026-10-10,wk inc flu prop ed visits,0,2026-10-10,11,quantile,0.45,0.0016379350207254744
2026-10-10,wk inc flu prop ed visits,0,2026-10-10,11,quantile,0.5,0.0017785264041392424
2026-10-10,wk inc flu prop ed visits,0,2026-10-10,11,quantile,0.55,0.0019591865065238315
2026-10-10,wk inc flu prop ed visits,0,2026-10-10,11,quantile,0.6,0.0021294215739061048
2026-10-10,wk inc flu prop ed visits,0,2026-10-10,11,quantile,0.65,0.002307148951504619
2026-10-10,wk inc flu prop ed visits,0,2026-10-10,11,quantile,0.7,0.0025182877315625346
2026-10-10,wk inc flu prop ed visits,0,2026-10-10,11,quantile,0.75,0.0028080845433066043
2026-10-10,wk inc flu prop ed visits,0,2026-10-10,11,quantile,0.8,0.0031091766977094587
2026-10-10,wk inc flu prop ed visits,0,2026-10-10,11,quantile,0.85,0.003585196234134723
2026-10-10,wk inc flu prop ed visits,0,2026-10-10,11,quantile,0.9,0.003924279582003198
2026-10-10,wk inc flu prop ed visits,0,2026-10-10,11,quantile,0.95,0.00413811326689293
2026-10-10,wk inc flu prop ed visits,0,2026-10-10,11,quantile,0.975,0.004346298815341893
2026-10-10,wk inc flu prop ed visits,0,2026-10-10,11,quantile,0.99,0.004598393046323451
2026-10-10,wk inc flu prop ed visits,1,2026-10-17,11,quantile,0.01,3.4900023666445526e-4
2026-10-10,wk inc flu prop ed visits,1,2026-10-17,11,quantile,0.025,4.351710999736377e-4
2026-10-10,wk inc flu prop ed visits,1,2026-10-17,11,quantile,0.05,5.480211192684437e-4
2026-10-10,wk inc flu prop ed visits,1,2026-10-17,11,quantile,0.1,7.310902748292858e-4
2026-10-10,wk inc flu prop ed visits,1,2026-10-17,11,quantile,0.15,8.949329537102607e-4
2026-10-10,wk inc flu prop ed visits,1,2026-10-17,11,quantile,0.2,0.0010425066493305957
2026-10-10,wk inc flu prop ed visits,1,2026-10-17,11,quantile,0.25,0.0011897907716872903
2026-10-10,wk inc flu prop ed visits,1,2026-10-17,11,quantile,0.3,0.001326331743205073
2026-10-10,wk inc flu prop ed visits,1,2026-10-17,11,quantile,0.35,0.0014871944824554283
2026-10-10,wk inc flu prop ed visits,1,2026-10-17,11,quantile,0.4,0.0016259367029059228
2026-10-10,wk inc flu prop ed visits,1,2026-10-17,11,quantile,0.45,0.0017725490484052802
2026-10-10,wk inc flu prop ed visits,1,2026-10-17,11,quantile,0.5,0.001959599359538991
2026-10-10,wk inc flu prop ed visits,1,2026-10-17,11,quantile,0.55,0.002168958755599921
2026-10-10,wk inc flu prop ed visits,1,2026-10-17,11,quantile,0.6,0.002444531287034513
2026-10-10,wk inc flu prop ed visits,1,2026-10-17,11,quantile,0.65,0.002750286872008044
2026-10-10,wk inc flu prop ed visits,1,2026-10-17,11,quantile,0.7,0.0031970558091265655
2026-10-10,wk inc flu prop ed visits,1,2026-10-17,11,quantile,0.75,0.003721773789116616
2026-10-10,wk inc flu prop ed visits,1,2026-10-17,11,quantile,0.8,0.004442999604677161
2026-10-10,wk inc flu prop ed visits,1,2026-10-17,11,quantile,0.85,0.005335063081203252
2026-10-10,wk inc flu prop ed visits,1,2026-10-17,11,quantile,0.9,0.006361983122989731
2026-10-10,wk inc flu prop ed visits,1,2026-10-17,11,quantile,0.95,0.0066883687078116046
2026-10-10,wk inc flu prop ed visits,1,2026-10-17,11,quantile,0.975,0.006982990084988861
2026-10-10,wk inc flu prop ed visits,1,2026-10-17,11,quantile,0.99,0.007369095195740372
2026-10-10,wk inc flu prop ed visits,2,2026-10-24,11,quantile,0.01,3.2460233647146853e-4
2026-10-10,wk inc flu prop ed visits,2,2026-10-24,11,quantile,0.025,4.3424564520124376e-4
2026-10-10,wk inc flu prop ed visits,2,2026-10-24,11,quantile,0.05,5.583515490595514e-4
2026-10-10,wk inc flu prop ed visits,2,2026-10-24,11,quantile,0.1,7.744011325700604e-4
2026-10-10,wk inc flu prop ed visits,2,2026-10-24,11,quantile,0.15,9.379857151924588e-4
2026-10-10,wk inc flu prop ed visits,2,2026-10-24,11,quantile,0.2,0.0011111940985277127
2026-10-10,wk inc flu prop ed visits,2,2026-10-24,11,quantile,0.25,0.001277354304196291
2026-10-10,wk inc flu prop ed visits,2,2026-10-24,11,quantile,0.3,0.0014664122472971969
2026-10-10,wk inc flu prop ed visits,2,2026-10-24,11,quantile,0.35,0.0016731257351839494
2026-10-10,wk inc flu prop ed visits,2,2026-10-24,11,quantile,0.4,0.0018861773770864826
2026-10-10,wk inc flu prop ed visits,2,2026-10-24,11,quantile,0.45,0.002171991620596488
2026-10-10,wk inc flu prop ed visits,2,2026-10-24,11,quantile,0.5,0.002469869777091774
2026-10-10,wk inc flu prop ed visits,2,2026-10-24,11,quantile,0.55,0.002800262289983852
2026-10-10,wk inc flu prop ed visits,2,2026-10-24,11,quantile,0.6,0.003241233871989577
2026-10-10,wk inc flu prop ed visits,2,2026-10-24,11,quantile,0.65,0.0037204121431820125
2026-10-10,wk inc flu prop ed visits,2,2026-10-24,11,quantile,0.7,0.004331309606284715
2026-10-10,wk inc flu prop ed visits,2,2026-10-24,11,quantile,0.75,0.005109093706335852
2026-10-10,wk inc flu prop ed visits,2,2026-10-24,11,quantile,0.8,0.006166000520848767
2026-10-10,wk inc flu prop ed visits,2,2026-10-24,11,quantile,0.85,0.0083440294204099
2026-10-10,wk inc flu prop ed visits,2,2026-10-24,11,quantile,0.9,0.01078512908756113
2026-10-10,wk inc flu prop ed visits,2,2026-10-24,11,quantile,0.95,0.01125513181745014
2026-10-10,wk inc flu prop ed visits,2,2026-10-24,11,quantile,0.975,0.011731720168522412
2026-10-10,wk inc flu prop ed visits,2,2026-10-24,11,quantile,0.99,0.012247068695847244
2026-10-10,wk inc flu prop ed visits,3,2026-10-31,11,quantile,0.01,3.7539210882924114e-4
2026-10-10,wk inc flu prop ed visits,3,2026-10-31,11,quantile,0.025,4.89734151443033e-4
2026-10-10,wk inc flu prop ed visits,3,2026-10-31,11,quantile,0.05,6.485738724973031e-4
2026-10-10,wk inc flu prop ed visits,3,2026-10-31,11,quantile,0.1,8.787706773381272e-4
2026-10-10,wk inc flu prop ed visits,3,2026-10-31,11,quantile,0.15,0.001087336801165014
2026-10-10,wk inc flu prop ed visits,3,2026-10-31,11,quantile,0.2,0.0012791409312624981
2026-10-10,wk inc flu prop ed visits,3,2026-10-31,11,quantile,0.25,0.0015095318604998731
2026-10-10,wk inc flu prop ed visits,3,2026-10-31,11,quantile,0.3,0.0017572869665073755
2026-10-10,wk inc flu prop ed visits,3,2026-10-31,11,quantile,0.35,0.0020206287204431574
2026-10-10,wk inc flu prop ed visits,3,2026-10-31,11,quantile,0.4,0.0023172086973354475
2026-10-10,wk inc flu prop ed visits,3,2026-10-31,11,quantile,0.45,0.0027172079939399604
2026-10-10,wk inc flu prop ed visits,3,2026-10-31,11,quantile,0.5,0.0031193441712555597
2026-10-10,wk inc flu prop ed visits,3,2026-10-31,11,quantile,0.55,0.003635694509342804
2026-10-10,wk inc flu prop ed visits,3,2026-10-31,11,quantile,0.6,0.004231301023781191
2026-10-10,wk inc flu prop ed visits,3,2026-10-31,11,quantile,0.65,0.004985158109833637
2026-10-10,wk inc flu prop ed visits,3,2026-10-31,11,quantile,0.7,0.006046184958616491
2026-10-10,wk inc flu prop ed visits,3,2026-10-31,11,quantile,0.75,0.0076679592486760765
2026-10-10,wk inc flu prop ed visits,3,2026-10-31,11,quantile,0.8,0.00997708346549718
2026-10-10,wk inc flu prop ed visits,3,2026-10-31,11,quantile,0.85,0.013766990097537946
2026-10-10,wk inc flu prop ed visits,3,2026-10-31,11,quantile,0.9,0.01900878188213925
2026-10-10,wk inc flu prop ed visits,3,2026-10-31,11,quantile,0.95,0.01963040583977986
2026-10-10,wk inc flu prop ed visits,3,2026-10-31,11,quantile,0.975,0.020253724230667715
2026-10-10,wk inc flu prop ed visits,3,2026-10-31,11,quantile,0.99,0.021150387724803106
2026-10-10,wk inc flu prop ed visits,0,2026-10-10,12,quantile,0.01,0.006916765701303798
2026-10-10,wk inc flu prop ed visits,0,2026-10-10,12,quantile,0.025,0.010111796248211385
2026-10-10,wk inc flu prop ed visits,0,2026-10-10,12,quantile,0.05,0.011133845973963764
2026-10-10,wk inc flu prop ed visits,0,2026-10-10,12,quantile,0.1,0.012427194257662127
2026-10-10,wk inc flu prop ed visits,0,2026-10-10,12,quantile,0.15,0.013195860022098434
2026-10-10,wk inc flu prop ed visits,0,2026-10-10,12,quantile,0.2,0.013744401297045822
2026-10-10,wk inc flu prop ed visits,0,2026-10-10,12,quantile,0.25,0.01417029700044849
2026-10-10,wk inc flu prop ed visits,0,2026-10-10,12,quantile,0.3,0.014583885218669013
2026-10-10,wk inc flu prop ed visits,0,2026-10-10,12,quantile,0.35,0.014996311575580434
2026-10-10,wk inc flu prop ed visits,0,2026-10-10,12,quantile,0.4,0.015463927125557593
2026-10-10,wk inc flu prop ed visits,0,2026-10-10,12,quantile,0.45,0.015891840939133806
2026-10-10,wk inc flu prop ed visits,0,2026-10-10,12,quantile,0.5,0.01629715920663502
2026-10-10,wk inc flu prop ed visits,0,2026-10-10,12,quantile,0.55,0.016661088510872404
2026-10-10,wk inc flu prop ed visits,0,2026-10-10,12,quantile,0.6,0.017127040972352
2026-10-10,wk inc flu prop ed visits,0,2026-10-10,12,quantile,0.65,0.017606680475742965
2026-10-10,wk inc flu prop ed visits,0,2026-10-10,12,quantile,0.7,0.018246114397345116
2026-10-10,wk inc flu prop ed visits,0,2026-10-10,12,quantile,0.75,0.018920167975299232
2026-10-10,wk inc flu prop ed visits,0,2026-10-10,12,quantile,0.8,0.019656889710572792
2026-10-10,wk inc flu prop ed visits,0,2026-10-10,12,quantile,0.85,0.02038227953438774
2026-10-10,wk inc flu prop ed visits,0,2026-10-10,12,quantile,0.9,0.02142337421447876
2026-10-10,wk inc flu prop ed visits,0,2026-10-10,12,quantile,0.95,0.023784160120932395
2026-10-10,wk inc flu prop ed visits,0,2026-10-10,12,quantile,0.975,0.02564245722328934
2026-10-10,wk inc flu prop ed visits,0,2026-10-10,12,quantile,0.99,0.027555292956023318
2026-10-10,wk inc flu prop ed visits,1,2026-10-17,12,quantile,0.01,0.006446408185492432
2026-10-10,wk inc flu prop ed visits,1,2026-10-17,12,quantile,0.025,0.011147621958366213
2026-10-10,wk inc flu prop ed visits,1,2026-10-17,12,quantile,0.05,0.012611496868920066
2026-10-10,wk inc flu prop ed visits,1,2026-10-17,12,quantile,0.1,0.014529957379068096
2026-10-10,wk inc flu prop ed visits,1,2026-10-17,12,quantile,0.15,0.015911320925776316
2026-10-10,wk inc flu prop ed visits,1,2026-10-17,12,quantile,0.2,0.016846453343350408
2026-10-10,wk inc flu prop ed visits,1,2026-10-17,12,quantile,0.25,0.01761596334213754
2026-10-10,wk inc flu prop ed visits,1,2026-10-17,12,quantile,0.3,0.01856075238727726
2026-10-10,wk inc flu prop ed visits,1,2026-10-17,12,quantile,0.35,0.019412055633632706
2026-10-10,wk inc flu prop ed visits,1,2026-10-17,12,quantile,0.4,0.020531172036305688
2026-10-10,wk inc flu prop ed visits,1,2026-10-17,12,quantile,0.45,0.022587791866245568
2026-10-10,wk inc flu prop ed visits,1,2026-10-17,12,quantile,0.5,0.026408304596222933
2026-10-10,wk inc flu prop ed visits,1,2026-10-17,12,quantile,0.55,0.027896705223119676
2026-10-10,wk inc flu prop ed visits,1,2026-10-17,12,quantile,0.6,0.028839978349177654
2026-10-10,wk inc flu prop ed visits,1,2026-10-17,12,quantile,0.65,0.029627854394193038
2026-10-10,wk inc flu prop ed visits,1,2026-10-17,12,quantile,0.7,0.030441660447806437
2026-10-10,wk inc flu prop ed visits,1,2026-10-17,12,quantile,0.75,0.031489104807542335
2026-10-10,wk inc flu prop ed visits,1,2026-10-17,12,quantile,0.8,0.03255641209605285
2026-10-10,wk inc flu prop ed visits,1,2026-10-17,12,quantile,0.85,0.03383220261352629
2026-10-10,wk inc flu prop ed visits,1,2026-10-17,12,quantile,0.9,0.03550368405479806
2026-10-10,wk inc flu prop ed visits,1,2026-10-17,12,quantile,0.95,0.03853040083275794
2026-10-10,wk inc flu prop ed visits,1,2026-10-17,12,quantile,0.975,0.04269806661707794
2026-10-10,wk inc flu prop ed visits,1,2026-10-17,12,quantile,0.99,0.047364961226197246
2026-10-10,wk inc flu prop ed visits,2,2026-10-24,12,quantile,0.01,0.007642864999818016
2026-10-10,wk inc flu prop ed visits,2,2026-10-24,12,quantile,0.025,0.010268240275320892
2026-10-10,wk inc flu prop ed visits,2,2026-10-24,12,quantile,0.05,0.013628590257518551
2026-10-10,wk inc flu prop ed visits,2,2026-10-24,12,quantile,0.1,0.01625761715180099
2026-10-10,wk inc flu prop ed visits,2,2026-10-24,12,quantile,0.15,0.022389090444010492
2026-10-10,wk inc flu prop ed visits,2,2026-10-24,12,quantile,0.2,0.02544731861903018
2026-10-10,wk inc flu prop ed visits,2,2026-10-24,12,quantile,0.25,0.027294248626721657
2026-10-10,wk inc flu prop ed visits,2,2026-10-24,12,quantile,0.3,0.02905223958888678
2026-10-10,wk inc flu prop ed visits,2,2026-10-24,12,quantile,0.35,0.030984683992889506
2026-10-10,wk inc flu prop ed visits,2,2026-10-24,12,quantile,0.4,0.03408961348180285
2026-10-10,wk inc flu prop ed visits,2,2026-10-24,12,quantile,0.45,0.03681520078183753
2026-10-10,wk inc flu prop ed visits,2,2026-10-24,12,quantile,0.5,0.039737610898417125
2026-10-10,wk inc flu prop ed visits,2,2026-10-24,12,quantile,0.55,0.04188052921471872
2026-10-10,wk inc flu prop ed visits,2,2026-10-24,12,quantile,0.6,0.0437283116651678
2026-10-10,wk inc flu prop ed visits,2,2026-10-24,12,quantile,0.65,0.04519345742719784
2026-10-10,wk inc flu prop ed visits,2,2026-10-24,12,quantile,0.7,0.04719341263048127
2026-10-10,wk inc flu prop ed visits,2,2026-10-24,12,quantile,0.75,0.04940654872996772
2026-10-10,wk inc flu prop ed visits,2,2026-10-24,12,quantile,0.8,0.051428535648319514
2026-10-10,wk inc flu prop ed visits,2,2026-10-24,12,quantile,0.85,0.054039230718757804
2026-10-10,wk inc flu prop ed visits,2,2026-10-24,12,quantile,0.9,0.05733775749117832
2026-10-10,wk inc flu prop ed visits,2,2026-10-24,12,quantile,0.95,0.061326406838267934
2026-10-10,wk inc flu prop ed visits,2,2026-10-24,12,quantile,0.975,0.06632101835192646
2026-10-10,wk inc flu prop ed visits,2,2026-10-24,12,quantile,0.99,0.0779122829331595
2026-10-10,wk inc flu prop ed visits,3,2026-10-31,12,quantile,0.01,0.008520917019003094
2026-10-10,wk inc flu prop ed visits,3,2026-10-31,12,quantile,0.025,0.011153744316009202
2026-10-10,wk inc flu prop ed visits,3,2026-10-31,12,quantile,0.05,0.014731120486256539
2026-10-10,wk inc flu prop ed visits,3,2026-10-31,12,quantile,0.1,0.019542162065419567
2026-10-10,wk inc flu prop ed visits,3,2026-10-31,12,quantile,0.15,0.02828672606656874
2026-10-10,wk inc flu prop ed visits,3,2026-10-31,12,quantile,0.2,0.030794941774481305
2026-10-10,wk inc flu prop ed visits,3,2026-10-31,12,quantile,0.25,0.03311873939512369
2026-10-10,wk inc flu prop ed visits,3,2026-10-31,12,quantile,0.3,0.03524479424161388
2026-10-10,wk inc flu prop ed visits,3,2026-10-31,12,quantile,0.35,0.03871533217715704
2026-10-10,wk inc flu prop ed visits,3,2026-10-31,12,quantile,0.4,0.043157252474353536
2026-10-10,wk inc flu prop ed visits,3,2026-10-31,12,quantile,0.45,0.04733935337826563
2026-10-10,wk inc flu prop ed visits,3,2026-10-31,12,quantile,0.5,0.05424863719265871
2026-10-10,wk inc flu prop ed visits,3,2026-10-31,12,quantile,0.55,0.05710513344559742
2026-10-10,wk inc flu prop ed visits,3,2026-10-31,12,quantile,0.6,0.05925718661478654
2026-10-10,wk inc flu prop ed visits,3,2026-10-31,12,quantile,0.65,0.0611764670598261
2026-10-10,wk inc flu prop ed visits,3,2026-10-31,12,quantile,0.7,0.06338201927557471
2026-10-10,wk inc flu prop ed visits,3,2026-10-31,12,quantile,0.75,0.06558700325971248
2026-10-10,wk inc flu prop ed visits,3,2026-10-31,12,quantile,0.8,0.06822700131760082
2026-10-10,wk inc flu prop ed visits,3,2026-10-31,12,quantile,0.85,0.07249526522901102
2026-10-10,wk inc flu prop ed visits,3,2026-10-31,12,quantile,0.9,0.08164648973675394
2026-10-10,wk inc flu prop ed visits,3,2026-10-31,12,quantile,0.95,0.09204031257893468
2026-10-10,wk inc flu prop ed visits,3,2026-10-31,12,quantile,0.975,0.10170597950540575
2026-10-10,wk inc flu prop ed visits,3,2026-10-31,12,quantile,0.99,0.11515721940117407
2026-10-10,wk inc flu prop ed visits,0,2026-10-10,13,quantile,0.01,0.0017761518780873798
2026-10-10,wk inc flu prop ed visits,0,2026-10-10,13,quantile,0.025,0.002302915409330657
2026-10-10,wk inc flu prop ed visits,0,2026-10-10,13,quantile,0.05,0.003022179021612594
2026-10-10,wk inc flu prop ed visits,0,2026-10-10,13,quantile,0.1,0.0035419036322367364
2026-10-10,wk inc flu prop ed visits,0,2026-10-10,13,quantile,0.15,0.003878680612171473
2026-10-10,wk inc flu prop ed visits,0,2026-10-10,13,quantile,0.2,0.0041141080327356215
2026-10-10,wk inc flu prop ed visits,0,2026-10-10,13,quantile,0.25,0.004338917720265273
2026-10-10,wk inc flu prop ed visits,0,2026-10-10,13,quantile,0.3,0.004501916980902185
2026-10-10,wk inc flu prop ed visits,0,2026-10-10,13,quantile,0.35,0.004661903081601402
2026-10-10,wk inc flu prop ed visits,0,2026-10-10,13,quantile,0.4,0.004843449582591967
2026-10-10,wk inc flu prop ed visits,0,2026-10-10,13,quantile,0.45,0.00501748948224905
2026-10-10,wk inc flu prop ed visits,0,2026-10-10,13,quantile,0.5,0.005183980226519575
2026-10-10,wk inc flu prop ed visits,0,2026-10-10,13,quantile,0.55,0.005353475555309956
2026-10-10,wk inc flu prop ed visits,0,2026-10-10,13,quantile,0.6,0.005570996297779639
2026-10-10,wk inc flu prop ed visits,0,2026-10-10,13,quantile,0.65,0.0058177603006542445
2026-10-10,wk inc flu prop ed visits,0,2026-10-10,13,quantile,0.7,0.006042488210322981
2026-10-10,wk inc flu prop ed visits,0,2026-10-10,13,quantile,0.75,0.0063025534647943825
2026-10-10,wk inc flu prop ed visits,0,2026-10-10,13,quantile,0.8,0.006598859353787963
2026-10-10,wk inc flu prop ed visits,0,2026-10-10,13,quantile,0.85,0.006982597083562039
2026-10-10,wk inc flu prop ed visits,0,2026-10-10,13,quantile,0.9,0.00740949453732375
2026-10-10,wk inc flu prop ed visits,0,2026-10-10,13,quantile,0.95,0.008154440662266716
2026-10-10,wk inc flu prop ed visits,0,2026-10-10,13,quantile,0.975,0.008939313115852582
2026-10-10,wk inc flu prop ed visits,0,2026-10-10,13,quantile,0.99,0.01013666420480826
2026-10-10,wk inc flu prop ed visits,1,2026-10-17,13,quantile,0.01,0.00205868643589325
2026-10-10,wk inc flu prop ed visits,1,2026-10-17,13,quantile,0.025,0.002630208583355371
2026-10-10,wk inc flu prop ed visits,1,2026-10-17,13,quantile,0.05,0.0032378709507190715
2026-10-10,wk inc flu prop ed visits,1,2026-10-17,13,quantile,0.1,0.00398493998394412
2026-10-10,wk inc flu prop ed visits,1,2026-10-17,13,quantile,0.15,0.004480755957011481
2026-10-10,wk inc flu prop ed visits,1,2026-10-17,13,quantile,0.2,0.0048770036982870675
2026-10-10,wk inc flu prop ed visits,1,2026-10-17,13,quantile,0.25,0.005248716014353411
2026-10-10,wk inc flu prop ed visits,1,2026-10-17,13,quantile,0.3,0.005561797542904648
2026-10-10,wk inc flu prop ed visits,1,2026-10-17,13,quantile,0.35,0.00591879741004064
2026-10-10,wk inc flu prop ed visits,1,2026-10-17,13,quantile,0.4,0.006370168707207436
2026-10-10,wk inc flu prop ed visits,1,2026-10-17,13,quantile,0.45,0.006771190679542615
2026-10-10,wk inc flu prop ed visits,1,2026-10-17,13,quantile,0.5,0.007189978947174721
2026-10-10,wk inc flu prop ed visits,1,2026-10-17,13,quantile,0.55,0.007586640790819243
2026-10-10,wk inc flu prop ed visits,1,2026-10-17,13,quantile,0.6,0.008010198038948558
2026-10-10,wk inc flu prop ed visits,1,2026-10-17,13,quantile,0.65,0.008540231316708748
2026-10-10,wk inc flu prop ed visits,1,2026-10-17,13,quantile,0.7,0.009118493196464492
2026-10-10,wk inc flu prop ed visits,1,2026-10-17,13,quantile,0.75,0.009804775014712554
2026-10-10,wk inc flu prop ed visits,1,2026-10-17,13,quantile,0.8,0.010562488660277577
2026-10-10,wk inc flu prop ed visits,1,2026-10-17,13,quantile,0.85,0.011250203452812885
2026-10-10,wk inc flu prop ed visits,1,2026-10-17,13,quantile,0.9,0.012158687279237655
2026-10-10,wk inc flu prop ed visits,1,2026-10-17,13,quantile,0.95,0.013772082982494565
2026-10-10,wk inc flu prop ed visits,1,2026-10-17,13,quantile,0.975,0.01691350457278704
2026-10-10,wk inc flu prop ed visits,1,2026-10-17,13,quantile,0.99,0.017478702543534265
2026-10-10,wk inc flu prop ed visits,2,2026-10-24,13,quantile,0.01,0.0024038047313595604
2026-10-10,wk inc flu prop ed visits,2,2026-10-24,13,quantile,0.025,0.002830688601118016
2026-10-10,wk inc flu prop ed visits,2,2026-10-24,13,quantile,0.05,0.003617169618365868
2026-10-10,wk inc flu prop ed visits,2,2026-10-24,13,quantile,0.1,0.0046904335702600535
2026-10-10,wk inc flu prop ed visits,2,2026-10-24,13,quantile,0.15,0.005352663876010048
2026-10-10,wk inc flu prop ed visits,2,2026-10-24,13,quantile,0.2,0.006165922192708593
2026-10-10,wk inc flu prop ed visits,2,2026-10-24,13,quantile,0.25,0.006773788954140625
2026-10-10,wk inc flu prop ed visits,2,2026-10-24,13,quantile,0.3,0.007718193620513172
2026-10-10,wk inc flu prop ed visits,2,2026-10-24,13,quantile,0.35,0.008662093638188414
2026-10-10,wk inc flu prop ed visits,2,2026-10-24,13,quantile,0.4,0.009498305765677882
2026-10-10,wk inc flu prop ed visits,2,2026-10-24,13,quantile,0.45,0.010335160148681256
2026-10-10,wk inc flu prop ed visits,2,2026-10-24,13,quantile,0.5,0.011202392037885766
2026-10-10,wk inc flu prop ed visits,2,2026-10-24,13,quantile,0.55,0.012113588376469094
2026-10-10,wk inc flu prop ed visits,2,2026-10-24,13,quantile,0.6,0.01286338835205013
2026-10-10,wk inc flu prop ed visits,2,2026-10-24,13,quantile,0.65,0.013511980575053158
2026-10-10,wk inc flu prop ed visits,2,2026-10-24,13,quantile,0.7,0.014302499306278556
2026-10-10,wk inc flu prop ed visits,2,2026-10-24,13,quantile,0.75,0.01501044219072805
2026-10-10,wk inc flu prop ed visits,2,2026-10-24,13,quantile,0.8,0.01595013595319631
2026-10-10,wk inc flu prop ed visits,2,2026-10-24,13,quantile,0.85,0.01708108519295847
2026-10-10,wk inc flu prop ed visits,2,2026-10-24,13,quantile,0.9,0.018835859332628234
2026-10-10,wk inc flu prop ed visits,2,2026-10-24,13,quantile,0.95,0.022209490787537273
2026-10-10,wk inc flu prop ed visits,2,2026-10-24,13,quantile,0.975,0.02860777704772012
2026-10-10,wk inc flu prop ed visits,2,2026-10-24,13,quantile,0.99,0.029350232909726
2026-10-10,wk inc flu prop ed visits,3,2026-10-31,13,quantile,0.01,0.0029458184672334674
2026-10-10,wk inc flu prop ed visits,3,2026-10-31,13,quantile,0.025,0.003633301192692749
2026-10-10,wk inc flu prop ed visits,3,2026-10-31,13,quantile,0.05,0.004629485546453802
2026-10-10,wk inc flu prop ed visits,3,2026-10-31,13,quantile,0.1,0.006028059807300349
2026-10-10,wk inc flu prop ed visits,3,2026-10-31,13,quantile,0.15,0.0071647672113789775
2026-10-10,wk inc flu prop ed visits,3,2026-10-31,13,quantile,0.2,0.008311266997682431
2026-10-10,wk inc flu prop ed visits,3,2026-10-31,13,quantile,0.25,0.009683226985169279
2026-10-10,wk inc flu prop ed visits,3,2026-10-31,13,quantile,0.3,0.010634476110490072
2026-10-10,wk inc flu prop ed visits,3,2026-10-31,13,quantile,0.35,0.011605497160159798
2026-10-10,wk inc flu prop ed visits,3,2026-10-31,13,quantile,0.4,0.012639727164249534
2026-10-10,wk inc flu prop ed visits,3,2026-10-31,13,quantile,0.45,0.014245407242811457
2026-10-10,wk inc flu prop ed visits,3,2026-10-31,13,quantile,0.5,0.016247787752030965
2026-10-10,wk inc flu prop ed visits,3,2026-10-31,13,quantile,0.55,0.017487885460702013
2026-10-10,wk inc flu prop ed visits,3,2026-10-31,13,quantile,0.6,0.01860243147166967
2026-10-10,wk inc flu prop ed visits,3,2026-10-31,13,quantile,0.65,0.019990524257723952
2026-10-10,wk inc flu prop ed visits,3,2026-10-31,13,quantile,0.7,0.021056102454765503
2026-10-10,wk inc flu prop ed visits,3,2026-10-31,13,quantile,0.75,0.022300303689293016
2026-10-10,wk inc flu prop ed visits,3,2026-10-31,13,quantile,0.8,0.02369873124545039
2026-10-10,wk inc flu prop ed visits,3,2026-10-31,13,quantile,0.85,0.025328939759015373
2026-10-10,wk inc flu prop ed visits,3,2026-10-31,13,quantile,0.9,0.028091269808452758
2026-10-10,wk inc flu prop ed visits,3,2026-10-31,13,quantile,0.95,0.033915980909201685
2026-10-10,wk inc flu prop ed visits,3,2026-10-31,13,quantile,0.975,0.04258460130529847
2026-10-10,wk inc flu prop ed visits,3,2026-10-31,13,quantile,0.99,0.05167703983514283
2026-10-10,wk inc flu prop ed visits,0,2026-10-10,15,quantile,0.01,0.031168516241904927
2026-10-10,wk inc flu prop ed visits,0,2026-10-10,15,quantile,0.025,0.034485993690920376
2026-10-10,wk inc flu prop ed visits,0,2026-10-10,15,quantile,0.05,0.03848972236135824
2026-10-10,wk inc flu prop ed visits,0,2026-10-10,15,quantile,0.1,0.042824315441282484
2026-10-10,wk inc flu prop ed visits,0,2026-10-10,15,quantile,0.15,0.045569049418554636
2026-10-10,wk inc flu prop ed visits,0,2026-10-10,15,quantile,0.2,0.048710900151151176
2026-10-10,wk inc flu prop ed visits,0,2026-10-10,15,quantile,0.25,0.05130619489083805
2026-10-10,wk inc flu prop ed visits,0,2026-10-10,15,quantile,0.3,0.05381188549187994
2026-10-10,wk inc flu prop ed visits,0,2026-10-10,15,quantile,0.35,0.05646205035661937
2026-10-10,wk inc flu prop ed visits,0,2026-10-10,15,quantile,0.4,0.059475718458178166
2026-10-10,wk inc flu prop ed visits,0,2026-10-10,15,quantile,0.45,0.06392080572010497
2026-10-10,wk inc flu prop ed visits,0,2026-10-10,15,quantile,0.5,0.06679153710403615
2026-10-10,wk inc flu prop ed visits,0,2026-10-10,15,quantile,0.55,0.06889482725695809
2026-10-10,wk inc flu prop ed visits,0,2026-10-10,15,quantile,0.6,0.07109520332926986
2026-10-10,wk inc flu prop ed visits,0,2026-10-10,15,quantile,0.65,0.07309891202379097
2026-10-10,wk inc flu prop ed visits,0,2026-10-10,15,quantile,0.7,0.07519630329438992
2026-10-10,wk inc flu prop ed visits,0,2026-10-10,15,quantile,0.75,0.07744708282468397
2026-10-10,wk inc flu prop ed visits,0,2026-10-10,15,quantile,0.8,0.08013300023329073
2026-10-10,wk inc flu prop ed visits,0,2026-10-10,15,quantile,0.85,0.0832365523370178
2026-10-10,wk inc flu prop ed visits,0,2026-10-10,15,quantile,0.9,0.08756687144959198
2026-10-10,wk inc flu prop ed visits,0,2026-10-10,15,quantile,0.95,0.09561412132160775
2026-10-10,wk inc flu prop ed visits,0,2026-10-10,15,quantile,0.975,0.10902795083768502
2026-10-10,wk inc flu prop ed visits,0,2026-10-10,15,quantile,0.99,0.1275819019685046
2026-10-10,wk inc flu prop ed visits,1,2026-10-17,15,quantile,0.01,0.01979343510575797
2026-10-10,wk inc flu prop ed visits,1,2026-10-17,15,quantile,0.025,0.03243425110388631
2026-10-10,wk inc flu prop ed visits,1,2026-10-17,15,quantile,0.05,0.036941402248365035
2026-10-10,wk inc flu prop ed visits,1,2026-10-17,15,quantile,0.1,0.04306192752884554
2026-10-10,wk inc flu prop ed visits,1,2026-10-17,15,quantile,0.15,0.04851260414555078
2026-10-10,wk inc flu prop ed visits,1,2026-10-17,15,quantile,0.2,0.059247101539694785
2026-10-10,wk inc flu prop ed visits,1,2026-10-17,15,quantile,0.25,0.06872140290371243
2026-10-10,wk inc flu prop ed visits,1,2026-10-17,15,quantile,0.3,0.07412229833876788
2026-10-10,wk inc flu prop ed visits,1,2026-10-17,15,quantile,0.35,0.07759062429083721
2026-10-10,wk inc flu prop ed visits,1,2026-10-17,15,quantile,0.4,0.08095365778376404
2026-10-10,wk inc flu prop ed visits,1,2026-10-17,15,quantile,0.45,0.08382162233811469
2026-10-10,wk inc flu prop ed visits,1,2026-10-17,15,quantile,0.5,0.08660591899722483
2026-10-10,wk inc flu prop ed visits,1,2026-10-17,15,quantile,0.55,0.08963111936872074
2026-10-10,wk inc flu prop ed visits,1,2026-10-17,15,quantile,0.6,0.09273829759228572
2026-10-10,wk inc flu prop ed visits,1,2026-10-17,15,quantile,0.65,0.09616415009029736
2026-10-10,wk inc flu prop ed visits,1,2026-10-17,15,quantile,0.7,0.0999054905431537
2026-10-10,wk inc flu prop ed visits,1,2026-10-17,15,quantile,0.75,0.10409728693914005
2026-10-10,wk inc flu prop ed visits,1,2026-10-17,15,quantile,0.8,0.10954003867310264
2026-10-10,wk inc flu prop ed visits,1,2026-10-17,15,quantile,0.85,0.11735151751409603
2026-10-10,wk inc flu prop ed visits,1,2026-10-17,15,quantile,0.9,0.1302180814689397
2026-10-10,wk inc flu prop ed visits,1,2026-10-17,15,quantile,0.95,0.15075943440219458
2026-10-10,wk inc flu prop ed visits,1,2026-10-17,15,quantile,0.975,0.1746810509559544
2026-10-10,wk inc flu prop ed visits,1,2026-10-17,15,quantile,0.99,0.1857683125433574
2026-10-10,wk inc flu prop ed visits,2,2026-10-24,15,quantile,0.01,0.03107063391669259
2026-10-10,wk inc flu prop ed visits,2,2026-10-24,15,quantile,0.025,0.03572427599188072
2026-10-10,wk inc flu prop ed visits,2,2026-10-24,15,quantile,0.05,0.040360167021545254
2026-10-10,wk inc flu prop ed visits,2,2026-10-24,15,quantile,0.1,0.04800918355247453
2026-10-10,wk inc flu prop ed visits,2,2026-10-24,15,quantile,0.15,0.0559804171698012
2026-10-10,wk inc flu prop ed visits,2,2026-10-24,15,quantile,0.2,0.0712928942050392
2026-10-10,wk inc flu prop ed visits,2,2026-10-24,15,quantile,0.25,0.07726879370512235
2026-10-10,wk inc flu prop ed visits,2,2026-10-24,15,quantile,0.3,0.08207826613653718
2026-10-10,wk inc flu prop ed visits,2,2026-10-24,15,quantile,0.35,0.08640339142279835
2026-10-10,wk inc flu prop ed visits,2,2026-10-24,15,quantile,0.4,0.09034857441161903
2026-10-10,wk inc flu prop ed visits,2,2026-10-24,15,quantile,0.45,0.09391672915997111
2026-10-10,wk inc flu prop ed visits,2,2026-10-24,15,quantile,0.5,0.09781538544662194
2026-10-10,wk inc flu prop ed visits,2,2026-10-24,15,quantile,0.55,0.10241112413692813
2026-10-10,wk inc flu prop ed visits,2,2026-10-24,15,quantile,0.6,0.10799628154711466
2026-10-10,wk inc flu prop ed visits,2,2026-10-24,15,quantile,0.65,0.11539430880116613
2026-10-10,wk inc flu prop ed visits,2,2026-10-24,15,quantile,0.7,0.122385713089217
2026-10-10,wk inc flu prop ed visits,2,2026-10-24,15,quantile,0.75,0.13186526636084894
2026-10-10,wk inc flu prop ed visits,2,2026-10-24,15,quantile,0.8,0.14250260467020384
2026-10-10,wk inc flu prop ed visits,2,2026-10-24,15,quantile,0.85,0.15705515453325136
2026-10-10,wk inc flu prop ed visits,2,2026-10-24,15,quantile,0.9,0.16452016375299222
2026-10-10,wk inc flu prop ed visits,2,2026-10-24,15,quantile,0.95,0.1758655940657602
2026-10-10,wk inc flu prop ed visits,2,2026-10-24,15,quantile,0.975,0.18748975629188142
2026-10-10,wk inc flu prop ed visits,2,2026-10-24,15,quantile,0.99,0.19954296539182703
2026-10-10,wk inc flu prop ed visits,3,2026-10-31,15,quantile,0.01,0.026965556441541957
2026-10-10,wk inc flu prop ed visits,3,2026-10-31,15,quantile,0.025,0.032490496409230074
2026-10-10,wk inc flu prop ed visits,3,2026-10-31,15,quantile,0.05,0.04186924213911376
2026-10-10,wk inc flu prop ed visits,3,2026-10-31,15,quantile,0.1,0.054134558005136314
2026-10-10,wk inc flu prop ed visits,3,2026-10-31,15,quantile,0.15,0.06256370329502382
2026-10-10,wk inc flu prop ed visits,3,2026-10-31,15,quantile,0.2,0.06915548848057096
2026-10-10,wk inc flu prop ed visits,3,2026-10-31,15,quantile,0.25,0.0751364524803532
2026-10-10,wk inc flu prop ed visits,3,2026-10-31,15,quantile,0.3,0.08049503693431095
2026-10-10,wk inc flu prop ed visits,3,2026-10-31,15,quantile,0.35,0.08487767959768865
2026-10-10,wk inc flu prop ed visits,3,2026-10-31,15,quantile,0.4,0.0890910628980007
2026-10-10,wk inc flu prop ed visits,3,2026-10-31,15,quantile,0.45,0.09374650900914522
2026-10-10,wk inc flu prop ed visits,3,2026-10-31,15,quantile,0.5,0.09823388219660877
2026-10-10,wk inc flu prop ed visits,3,2026-10-31,15,quantile,0.55,0.10534337264639067
2026-10-10,wk inc flu prop ed visits,3,2026-10-31,15,quantile,0.6,0.11407453505276646
2026-10-10,wk inc flu prop ed visits,3,2026-10-31,15,quantile,0.65,0.12632938402802046
2026-10-10,wk inc flu prop ed visits,3,2026-10-31,15,quantile,0.7,0.137162910681309
2026-10-10,wk inc flu prop ed visits,3,2026-10-31,15,quantile,0.75,0.15047839538018143
2026-10-10,wk inc flu prop ed visits,3,2026-10-31,15,quantile,0.8,0.15618573552178905
2026-10-10,wk inc flu prop ed visits,3,2026-10-31,15,quantile,0.85,0.1611287631800818
2026-10-10,wk inc flu prop ed visits,3,2026-10-31,15,quantile,0.9,0.16993745398095644
2026-10-10,wk inc flu prop ed visits,3,2026-10-31,15,quantile,0.95,0.183079297983767
2026-10-10,wk inc flu prop ed visits,3,2026-10-31,15,quantile,0.975,0.1953216183439877
2026-10-10,wk inc flu prop ed visits,3,2026-10-31,15,quantile,0.99,0.21133075554639574
2026-10-10,wk inc flu prop ed visits,0,2026-10-10,16,quantile,0.01,0.002404082732035978
2026-10-10,wk inc flu prop ed visits,0,2026-10-10,16,quantile,0.025,0.0029390971695605183
2026-10-10,wk inc flu prop ed visits,0,2026-10-10,16,quantile,0.05,0.003370029747008651
2026-10-10,wk inc flu prop ed visits,0,2026-10-10,16,quantile,0.1,0.0038638346500004285
2026-10-10,wk inc flu prop ed visits,0,2026-10-10,16,quantile,0.15,0.004208690628237997
2026-10-10,wk inc flu prop ed visits,0,2026-10-10,16,quantile,0.2,0.00448817335979922
2026-10-10,wk inc flu prop ed visits,0,2026-10-10,16,quantile,0.25,0.004704120283452677
2026-10-10,wk inc flu prop ed visits,0,2026-10-10,16,quantile,0.3,0.004924688987270831
2026-10-10,wk inc flu prop ed visits,0,2026-10-10,16,quantile,0.35,0.005105614430393046
2026-10-10,wk inc flu prop ed visits,0,2026-10-10,16,quantile,0.4,0.005276669893803319
2026-10-10,wk inc flu prop ed visits,0,2026-10-10,16,quantile,0.45,0.00547055616268391
2026-10-10,wk inc flu prop ed visits,0,2026-10-10,16,quantile,0.5,0.0056516496129855615
2026-10-10,wk inc flu prop ed visits,0,2026-10-10,16,quantile,0.55,0.005833742718482947
2026-10-10,wk inc flu prop ed visits,0,2026-10-10,16,quantile,0.6,0.006027877250069947
2026-10-10,wk inc flu prop ed visits,0,2026-10-10,16,quantile,0.65,0.006248363994557257
2026-10-10,wk inc flu prop ed visits,0,2026-10-10,16,quantile,0.7,0.006522622317898954
2026-10-10,wk inc flu prop ed visits,0,2026-10-10,16,quantile,0.75,0.006799459065093036
2026-10-10,wk inc flu prop ed visits,0,2026-10-10,16,quantile,0.8,0.007117547150184759
2026-10-10,wk inc flu prop ed visits,0,2026-10-10,16,quantile,0.85,0.007588949575034935
2026-10-10,wk inc flu prop ed visits,0,2026-10-10,16,quantile,0.9,0.008262795465494202
2026-10-10,wk inc flu prop ed visits,0,2026-10-10,16,quantile,0.95,0.009398730679567485
2026-10-10,wk inc flu prop ed visits,0,2026-10-10,16,quantile,0.975,0.010488604257040974
2026-10-10,wk inc flu prop ed visits,0,2026-10-10,16,quantile,0.99,0.01205203389633033
2026-10-10,wk inc flu prop ed visits,1,2026-10-17,16,quantile,0.01,0.0023389847181633275
2026-10-10,wk inc flu prop ed visits,1,2026-10-17,16,quantile,0.025,0.0028382200895665545
2026-10-10,wk inc flu prop ed visits,1,2026-10-17,16,quantile,0.05,0.003311577543228186
2026-10-10,wk inc flu prop ed visits,1,2026-10-17,16,quantile,0.1,0.0038828992819688974
2026-10-10,wk inc flu prop ed visits,1,2026-10-17,16,quantile,0.15,0.004322414749079433
2026-10-10,wk inc flu prop ed visits,1,2026-10-17,16,quantile,0.2,0.004707529639133252
2026-10-10,wk inc flu prop ed visits,1,2026-10-17,16,quantile,0.25,0.00505351938578298
2026-10-10,wk inc flu prop ed visits,1,2026-10-17,16,quantile,0.3,0.005403087398713704
2026-10-10,wk inc flu prop ed visits,1,2026-10-17,16,quantile,0.35,0.005729848936761637
2026-10-10,wk inc flu prop ed visits,1,2026-10-17,16,quantile,0.4,0.0060061625353682565
2026-10-10,wk inc flu prop ed visits,1,2026-10-17,16,quantile,0.45,0.006300424775676019
2026-10-10,wk inc flu prop ed visits,1,2026-10-17,16,quantile,0.5,0.006613937362065738
2026-10-10,wk inc flu prop ed visits,1,2026-10-17,16,quantile,0.55,0.00694234485720124
2026-10-10,wk inc flu prop ed visits,1,2026-10-17,16,quantile,0.6,0.007281562146195556
2026-10-10,wk inc flu prop ed visits,1,2026-10-17,16,quantile,0.65,0.007672722420551791
2026-10-10,wk inc flu prop ed visits,1,2026-10-17,16,quantile,0.7,0.008129435697695407
2026-10-10,wk inc flu prop ed visits,1,2026-10-17,16,quantile,0.75,0.00867784330660963
2026-10-10,wk inc flu prop ed visits,1,2026-10-17,16,quantile,0.8,0.009285176755588667
2026-10-10,wk inc flu prop ed visits,1,2026-10-17,16,quantile,0.85,0.0101105368251862
2026-10-10,wk inc flu prop ed visits,1,2026-10-17,16,quantile,0.9,0.011581103234300616
2026-10-10,wk inc flu prop ed visits,1,2026-10-17,16,quantile,0.95,0.014527443410583839
2026-10-10,wk inc flu prop ed visits,1,2026-10-17,16,quantile,0.975,0.017409977371304557
2026-10-10,wk inc flu prop ed visits,1,2026-10-17,16,quantile,0.99,0.020778821595332495
2026-10-10,wk inc flu prop ed visits,2,2026-10-24,16,quantile,0.01,0.0023874470449710005
2026-10-10,wk inc flu prop ed visits,2,2026-10-24,16,quantile,0.025,0.002828918049137951
2026-10-10,wk inc flu prop ed visits,2,2026-10-24,16,quantile,0.05,0.0033751444609691214
2026-10-10,wk inc flu prop ed visits,2,2026-10-24,16,quantile,0.1,0.004173087862460087
2026-10-10,wk inc flu prop ed visits,2,2026-10-24,16,quantile,0.15,0.0047099152723417
2026-10-10,wk inc flu prop ed visits,2,2026-10-24,16,quantile,0.2,0.005240358591945498
2026-10-10,wk inc flu prop ed visits,2,2026-10-24,16,quantile,0.25,0.005752207449574798
2026-10-10,wk inc flu prop ed visits,2,2026-10-24,16,quantile,0.3,0.006193371898855059
2026-10-10,wk inc flu prop ed visits,2,2026-10-24,16,quantile,0.35,0.006644800560556986
2026-10-10,wk inc flu prop ed visits,2,2026-10-24,16,quantile,0.4,0.007016748398440969
2026-10-10,wk inc flu prop ed visits,2,2026-10-24,16,quantile,0.45,0.007428358517458364
2026-10-10,wk inc flu prop ed visits,2,2026-10-24,16,quantile,0.5,0.00783221217607465
2026-10-10,wk inc flu prop ed visits,2,2026-10-24,16,quantile,0.55,0.008322307343941992
2026-10-10,wk inc flu prop ed visits,2,2026-10-24,16,quantile,0.6,0.008918447671537105
2026-10-10,wk inc flu prop ed visits,2,2026-10-24,16,quantile,0.65,0.00972420188739378
2026-10-10,wk inc flu prop ed visits,2,2026-10-24,16,quantile,0.7,0.010474004694360182
2026-10-10,wk inc flu prop ed visits,2,2026-10-24,16,quantile,0.75,0.011436017042126049
2026-10-10,wk inc flu prop ed visits,2,2026-10-24,16,quantile,0.8,0.012746949652751763
2026-10-10,wk inc flu prop ed visits,2,2026-10-24,16,quantile,0.85,0.014441157362357284
2026-10-10,wk inc flu prop ed visits,2,2026-10-24,16,quantile,0.9,0.017319683304474226
2026-10-10,wk inc flu prop ed visits,2,2026-10-24,16,quantile,0.95,0.021832797269293637
2026-10-10,wk inc flu prop ed visits,2,2026-10-24,16,quantile,0.975,0.027318972576627756
2026-10-10,wk inc flu prop ed visits,2,2026-10-24,16,quantile,0.99,0.03454212213025631
2026-10-10,wk inc flu prop ed visits,3,2026-10-31,16,quantile,0.01,0.0020377521425611537
2026-10-10,wk inc flu prop ed visits,3,2026-10-31,16,quantile,0.025,0.002789745613252497
2026-10-10,wk inc flu prop ed visits,3,2026-10-31,16,quantile,0.05,0.0036873728534018795
2026-10-10,wk inc flu prop ed visits,3,2026-10-31,16,quantile,0.1,0.004705596444948735
2026-10-10,wk inc flu prop ed visits,3,2026-10-31,16,quantile,0.15,0.005500297199300339
2026-10-10,wk inc flu prop ed visits,3,2026-10-31,16,quantile,0.2,0.0061045984580708835
2026-10-10,wk inc flu prop ed visits,3,2026-10-31,16,quantile,0.25,0.0067875433310325365
2026-10-10,wk inc flu prop ed visits,3,2026-10-31,16,quantile,0.3,0.007446093681328975
2026-10-10,wk inc flu prop ed visits,3,2026-10-31,16,quantile,0.35,0.008124035870815954
2026-10-10,wk inc flu prop ed visits,3,2026-10-31,16,quantile,0.4,0.008613297423224125
2026-10-10,wk inc flu prop ed visits,3,2026-10-31,16,quantile,0.45,0.00926919494834496
2026-10-10,wk inc flu prop ed visits,3,2026-10-31,16,quantile,0.5,0.009994831062507765
2026-10-10,wk inc flu prop ed visits,3,2026-10-31,16,quantile,0.55,0.010793130007565705
2026-10-10,wk inc flu prop ed visits,3,2026-10-31,16,quantile,0.6,0.011629355032522066
2026-10-10,wk inc flu prop ed visits,3,2026-10-31,16,quantile,0.65,0.012810701150596517
2026-10-10,wk inc flu prop ed visits,3,2026-10-31,16,quantile,0.7,0.014340419628629196
2026-10-10,wk inc flu prop ed visits,3,2026-10-31,16,quantile,0.75,0.01593512858445701
2026-10-10,wk inc flu prop ed visits,3,2026-10-31,16,quantile,0.8,0.017880396233610898
2026-10-10,wk inc flu prop ed visits,3,2026-10-31,16,quantile,0.85,0.020710327873128594
2026-10-10,wk inc flu prop ed visits,3,2026-10-31,16,quantile,0.9,0.026150012171119126
2026-10-10,wk inc flu prop ed visits,3,2026-10-31,16,quantile,0.95,0.034202111153925935
2026-10-10,wk inc flu prop ed visits,3,2026-10-31,16,quantile,0.975,0.04243796136224674
2026-10-10,wk inc flu prop ed visits,3,2026-10-31,16,quantile,0.99,0.05813344942061807
2026-10-10,wk inc flu prop ed visits,0,2026-10-10,17,quantile,0.01,0.0016586061955738201
2026-10-10,wk inc flu prop ed visits,0,2026-10-10,17,quantile,0.025,0.001890203203610612
2026-10-10,wk inc flu prop ed visits,0,2026-10-10,17,quantile,0.05,0.00214009648677219
2026-10-10,wk inc flu prop ed visits,0,2026-10-10,17,quantile,0.1,0.002421354966518704
2026-10-10,wk inc flu prop ed visits,0,2026-10-10,17,quantile,0.15,0.002648321947413803
2026-10-10,wk inc flu prop ed visits,0,2026-10-10,17,quantile,0.2,0.002795942258593467
2026-10-10,wk inc flu prop ed visits,0,2026-10-10,17,quantile,0.25,0.00294173186781311
2026-10-10,wk inc flu prop ed visits,0,2026-10-10,17,quantile,0.3,0.0030620644788309005
2026-10-10,wk inc flu prop ed visits,0,2026-10-10,17,quantile,0.35,0.0031820677951529793
2026-10-10,wk inc flu prop ed visits,0,2026-10-10,17,quantile,0.4,0.003307592544909377
2026-10-10,wk inc flu prop ed visits,0,2026-10-10,17,quantile,0.45,0.003428619616834188
2026-10-10,wk inc flu prop ed visits,0,2026-10-10,17,quantile,0.5,0.003544139010775698
2026-10-10,wk inc flu prop ed visits,0,2026-10-10,17,quantile,0.55,0.003660612881178874
2026-10-10,wk inc flu prop ed visits,0,2026-10-10,17,quantile,0.6,0.0037905649532119674
2026-10-10,wk inc flu prop ed visits,0,2026-10-10,17,quantile,0.65,0.0039289714273641994
2026-10-10,wk inc flu prop ed visits,0,2026-10-10,17,quantile,0.7,0.004079823592900617
2026-10-10,wk inc flu prop ed visits,0,2026-10-10,17,quantile,0.75,0.004252441064569788
2026-10-10,wk inc flu prop ed visits,0,2026-10-10,17,quantile,0.8,0.004452671898931669
2026-10-10,wk inc flu prop ed visits,0,2026-10-10,17,quantile,0.85,0.004696847922042243
2026-10-10,wk inc flu prop ed visits,0,2026-10-10,17,quantile,0.9,0.005062126720886436
2026-10-10,wk inc flu prop ed visits,0,2026-10-10,17,quantile,0.95,0.005698048284651267
2026-10-10,wk inc flu prop ed visits,0,2026-10-10,17,quantile,0.975,0.006242863190653471
2026-10-10,wk inc flu prop ed visits,0,2026-10-10,17,quantile,0.99,0.007008579612195892
2026-10-10,wk inc flu prop ed visits,1,2026-10-17,17,quantile,0.01,0.0016152044822522187
2026-10-10,wk inc flu prop ed visits,1,2026-10-17,17,quantile,0.025,0.001934297419840592
2026-10-10,wk inc flu prop ed visits,1,2026-10-17,17,quantile,0.05,0.0022151590756753032
2026-10-10,wk inc flu prop ed visits,1,2026-10-17,17,quantile,0.1,0.002603456514087915
2026-10-10,wk inc flu prop ed visits,1,2026-10-17,17,quantile,0.15,0.0028820844520969493
2026-10-10,wk inc flu prop ed visits,1,2026-10-17,17,quantile,0.2,0.003094779622820123
2026-10-10,wk inc flu prop ed visits,1,2026-10-17,17,quantile,0.25,0.0032765905587739197
2026-10-10,wk inc flu prop ed visits,1,2026-10-17,17,quantile,0.3,0.0034637432909260767
2026-10-10,wk inc flu prop ed visits,1,2026-10-17,17,quantile,0.35,0.0036178426320200357
2026-10-10,wk inc flu prop ed visits,1,2026-10-17,17,quantile,0.4,0.003773055028196516
2026-10-10,wk inc flu prop ed visits,1,2026-10-17,17,quantile,0.45,0.003964296985591986
2026-10-10,wk inc flu prop ed visits,1,2026-10-17,17,quantile,0.5,0.004145703305338314
2026-10-10,wk inc flu prop ed visits,1,2026-10-17,17,quantile,0.55,0.004345199869690844
2026-10-10,wk inc flu prop ed visits,1,2026-10-17,17,quantile,0.6,0.004559028809266225
2026-10-10,wk inc flu prop ed visits,1,2026-10-17,17,quantile,0.65,0.004791419096210505
2026-10-10,wk inc flu prop ed visits,1,2026-10-17,17,quantile,0.7,0.005037192460668654
2026-10-10,wk inc flu prop ed visits,1,2026-10-17,17,quantile,0.75,0.0053818098413685135
2026-10-10,wk inc flu prop ed visits,1,2026-10-17,17,quantile,0.8,0.0058426359821479625
2026-10-10,wk inc flu prop ed visits,1,2026-10-17,17,quantile,0.85,0.006325102679800941
2026-10-10,wk inc flu prop ed visits,1,2026-10-17,17,quantile,0.9,0.00732349772862251
2026-10-10,wk inc flu prop ed visits,1,2026-10-17,17,quantile,0.95,0.009187007636373465
2026-10-10,wk inc flu prop ed visits,1,2026-10-17,17,quantile,0.975,0.010582609716073227
2026-10-10,wk inc flu prop ed visits,1,2026-10-17,17,quantile,0.99,0.012905473447730211
2026-10-10,wk inc flu prop ed visits,2,2026-10-24,17,quantile,0.01,0.0016620368512522145
2026-10-10,wk inc flu prop ed visits,2,2026-10-24,17,quantile,0.025,0.0019942406468622083
2026-10-10,wk inc flu prop ed visits,2,2026-10-24,17,quantile,0.05,0.002409587081252185
2026-10-10,wk inc flu prop ed visits,2,2026-10-24,17,quantile,0.1,0.0028669059596192837
2026-10-10,wk inc flu prop ed visits,2,2026-10-24,17,quantile,0.15,0.0032284335279868384
2026-10-10,wk inc flu prop ed visits,2,2026-10-24,17,quantile,0.2,0.0035281335903062814
2026-10-10,wk inc flu prop ed visits,2,2026-10-24,17,quantile,0.25,0.0037454850433409834
2026-10-10,wk inc flu prop ed visits,2,2026-10-24,17,quantile,0.3,0.004013426324615488
2026-10-10,wk inc flu prop ed visits,2,2026-10-24,17,quantile,0.35,0.0042449090288690945
2026-10-10,wk inc flu prop ed visits,2,2026-10-24,17,quantile,0.4,0.004511186165216275
2026-10-10,wk inc flu prop ed visits,2,2026-10-24,17,quantile,0.45,0.0047861396027325375
2026-10-10,wk inc flu prop ed visits,2,2026-10-24,17,quantile,0.5,0.005109025741920132
2026-10-10,wk inc flu prop ed visits,2,2026-10-24,17,quantile,0.55,0.00542886294267581
2026-10-10,wk inc flu prop ed visits,2,2026-10-24,17,quantile,0.6,0.005789485594172575
2026-10-10,wk inc flu prop ed visits,2,2026-10-24,17,quantile,0.65,0.006194104136980037
2026-10-10,wk inc flu prop ed visits,2,2026-10-24,17,quantile,0.7,0.006714783478387819
2026-10-10,wk inc flu prop ed visits,2,2026-10-24,17,quantile,0.75,0.007269868158547551
2026-10-10,wk inc flu prop ed visits,2,2026-10-24,17,quantile,0.8,0.00807512782583993
2026-10-10,wk inc flu prop ed visits,2,2026-10-24,17,quantile,0.85,0.009329443262803213
2026-10-10,wk inc flu prop ed visits,2,2026-10-24,17,quantile,0.9,0.010833665074442536
2026-10-10,wk inc flu prop ed visits,2,2026-10-24,17,quantile,0.95,0.014342875765058223
2026-10-10,wk inc flu prop ed visits,2,2026-10-24,17,quantile,0.975,0.01737260916342869
2026-10-10,wk inc flu prop ed visits,2,2026-10-24,17,quantile,0.99,0.021571071665967653
2026-10-10,wk inc flu prop ed visits,3,2026-10-31,17,quantile,0.01,0.001759655631903521
2026-10-10,wk inc flu prop ed visits,3,2026-10-31,17,quantile,0.025,0.0023769523045779318
2026-10-10,wk inc flu prop ed visits,3,2026-10-31,17,quantile,0.05,0.0027874449909770886
2026-10-10,wk inc flu prop ed visits,3,2026-10-31,17,quantile,0.1,0.003350184548666155
2026-10-10,wk inc flu prop ed visits,3,2026-10-31,17,quantile,0.15,0.003830867793399687
2026-10-10,wk inc flu prop ed visits,3,2026-10-31,17,quantile,0.2,0.0041952025934447945
2026-10-10,wk inc flu prop ed visits,3,2026-10-31,17,quantile,0.25,0.004569844459694847
2026-10-10,wk inc flu prop ed visits,3,2026-10-31,17,quantile,0.3,0.004920541221996075
2026-10-10,wk inc flu prop ed visits,3,2026-10-31,17,quantile,0.35,0.0052772755761685275
2026-10-10,wk inc flu prop ed visits,3,2026-10-31,17,quantile,0.4,0.0056364006234738626
2026-10-10,wk inc flu prop ed visits,3,2026-10-31,17,quantile,0.45,0.006007945630753526
2026-10-10,wk inc flu prop ed visits,3,2026-10-31,17,quantile,0.5,0.00646718494977108
2026-10-10,wk inc flu prop ed visits,3,2026-10-31,17,quantile,0.55,0.006959642736478663
2026-10-10,wk inc flu prop ed visits,3,2026-10-31,17,quantile,0.6,0.007593593511099661
2026-10-10,wk inc flu prop ed visits,3,2026-10-31,17,quantile,0.65,0.008460573446652015
2026-10-10,wk inc flu prop ed visits,3,2026-10-31,17,quantile,0.7,0.009456812798799322
2026-10-10,wk inc flu prop ed visits,3,2026-10-31,17,quantile,0.75,0.010428063059712715
2026-10-10,wk inc flu prop ed visits,3,2026-10-31,17,quantile,0.8,0.01186583481388809
2026-10-10,wk inc flu prop ed visits,3,2026-10-31,17,quantile,0.85,0.01348003220043657
2026-10-10,wk inc flu prop ed visits,3,2026-10-31,17,quantile,0.9,0.015991296648137508
2026-10-10,wk inc flu prop ed visits,3,2026-10-31,17,quantile,0.95,0.020154991974348186
2026-10-10,wk inc flu prop ed visits,3,2026-10-31,17,quantile,0.975,0.02710897997297275
2026-10-10,wk inc flu prop ed visits,3,2026-10-31,17,quantile,0.99,0.03752711173867365
2026-10-10,wk inc flu prop ed visits,0,2026-10-10,18,quantile,0.01,0.0012572851169909594
2026-10-10,wk inc flu prop ed visits,0,2026-10-10,18,quantile,0.025,0.0015942083903008888
2026-10-10,wk inc flu prop ed visits,0,2026-10-10,18,quantile,0.05,0.0018267284253107243
2026-10-10,wk inc flu prop ed visits,0,2026-10-10,18,quantile,0.1,0.0021328610139557834
2026-10-10,wk inc flu prop ed visits,0,2026-10-10,18,quantile,0.15,0.0023599240936458044
2026-10-10,wk inc flu prop ed visits,0,2026-10-10,18,quantile,0.2,0.0025206339594716115
2026-10-10,wk inc flu prop ed visits,0,2026-10-10,18,quantile,0.25,0.002686676107713453
2026-10-10,wk inc flu prop ed visits,0,2026-10-10,18,quantile,0.3,0.0028460125300206183
2026-10-10,wk inc flu prop ed visits,0,2026-10-10,18,quantile,0.35,0.002999297955327182
2026-10-10,wk inc flu prop ed visits,0,2026-10-10,18,quantile,0.4,0.0031373423376731867
2026-10-10,wk inc flu prop ed visits,0,2026-10-10,18,quantile,0.45,0.0032582212079316298
2026-10-10,wk inc flu prop ed visits,0,2026-10-10,18,quantile,0.5,0.003378715630405797
2026-10-10,wk inc flu prop ed visits,0,2026-10-10,18,quantile,0.55,0.0035186586072359412
2026-10-10,wk inc flu prop ed visits,0,2026-10-10,18,quantile,0.6,0.003680138824473845
2026-10-10,wk inc flu prop ed visits,0,2026-10-10,18,quantile,0.65,0.0038363722591646726
2026-10-10,wk inc flu prop ed visits,0,2026-10-10,18,quantile,0.7,0.004017246710165616
2026-10-10,wk inc flu prop ed visits,0,2026-10-10,18,quantile,0.75,0.004244775488596827
2026-10-10,wk inc flu prop ed visits,0,2026-10-10,18,quantile,0.8,0.004504077692485822
2026-10-10,wk inc flu prop ed visits,0,2026-10-10,18,quantile,0.85,0.004834223260202804
2026-10-10,wk inc flu prop ed visits,0,2026-10-10,18,quantile,0.9,0.005237660872889885
2026-10-10,wk inc flu prop ed visits,0,2026-10-10,18,quantile,0.95,0.005920375836842254
2026-10-10,wk inc flu prop ed visits,0,2026-10-10,18,quantile,0.975,0.00662883085711967
2026-10-10,wk inc flu prop ed visits,0,2026-10-10,18,quantile,0.99,0.007566138889210045
2026-10-10,wk inc flu prop ed visits,1,2026-10-17,18,quantile,0.01,0.0012405393749999021
2026-10-10,wk inc flu prop ed visits,1,2026-10-17,18,quantile,0.025,0.0014965029770572721
2026-10-10,wk inc flu prop ed visits,1,2026-10-17,18,quantile,0.05,0.0019107677187556755
2026-10-10,wk inc flu prop ed visits,1,2026-10-17,18,quantile,0.1,0.0022850385625755075
2026-10-10,wk inc flu prop ed visits,1,2026-10-17,18,quantile,0.15,0.002528094124436908
2026-10-10,wk inc flu prop ed visits,1,2026-10-17,18,quantile,0.2,0.0027738740393955267
2026-10-10,wk inc flu prop ed visits,1,2026-10-17,18,quantile,0.25,0.0029799314857731967
2026-10-10,wk inc flu prop ed visits,1,2026-10-17,18,quantile,0.3,0.0032006609732791675
2026-10-10,wk inc flu prop ed visits,1,2026-10-17,18,quantile,0.35,0.003432330847726108
2026-10-10,wk inc flu prop ed visits,1,2026-10-17,18,quantile,0.4,0.003627206794503193
2026-10-10,wk inc flu prop ed visits,1,2026-10-17,18,quantile,0.45,0.003827821766874057
2026-10-10,wk inc flu prop ed visits,1,2026-10-17,18,quantile,0.5,0.004042797492290235
2026-10-10,wk inc flu prop ed visits,1,2026-10-17,18,quantile,0.55,0.004307719498596332
2026-10-10,wk inc flu prop ed visits,1,2026-10-17,18,quantile,0.6,0.004559067040078218
2026-10-10,wk inc flu prop ed visits,1,2026-10-17,18,quantile,0.65,0.004877978698310397
2026-10-10,wk inc flu prop ed visits,1,2026-10-17,18,quantile,0.7,0.005274179111964065
2026-10-10,wk inc flu prop ed visits,1,2026-10-17,18,quantile,0.75,0.005724649090773736
2026-10-10,wk inc flu prop ed visits,1,2026-10-17,18,quantile,0.8,0.006369171316104623
2026-10-10,wk inc flu prop ed visits,1,2026-10-17,18,quantile,0.85,0.007102289420535996
2026-10-10,wk inc flu prop ed visits,1,2026-10-17,18,quantile,0.9,0.008139626860494643
2026-10-10,wk inc flu prop ed visits,1,2026-10-17,18,quantile,0.95,0.01028030802614081
2026-10-10,wk inc flu prop ed visits,1,2026-10-17,18,quantile,0.975,0.0121294282121442
2026-10-10,wk inc flu prop ed visits,1,2026-10-17,18,quantile,0.99,0.013256788482940806
2026-10-10,wk inc flu prop ed visits,2,2026-10-24,18,quantile,0.01,0.0013858524851837334
2026-10-10,wk inc flu prop ed visits,2,2026-10-24,18,quantile,0.025,0.0017012005394502292
2026-10-10,wk inc flu prop ed visits,2,2026-10-24,18,quantile,0.05,0.0019446802252913592
2026-10-10,wk inc flu prop ed visits,2,2026-10-24,18,quantile,0.1,0.0023746849670163166
2026-10-10,wk inc flu prop ed visits,2,2026-10-24,18,quantile,0.15,0.0027218099192036728
2026-10-10,wk inc flu prop ed visits,2,2026-10-24,18,quantile,0.2,0.0030517042952959922
2026-10-10,wk inc flu prop ed visits,2,2026-10-24,18,quantile,0.25,0.0033959601646114815
2026-10-10,wk inc flu prop ed visits,2,2026-10-24,18,quantile,0.3,0.003689195887449142
2026-10-10,wk inc flu prop ed visits,2,2026-10-24,18,quantile,0.35,0.0039840915729475014
2026-10-10,wk inc flu prop ed visits,2,2026-10-24,18,quantile,0.4,0.004277492928011778
2026-10-10,wk inc flu prop ed visits,2,2026-10-24,18,quantile,0.45,0.0045865932041090785
2026-10-10,wk inc flu prop ed visits,2,2026-10-24,18,quantile,0.5,0.0049527017999470195
2026-10-10,wk inc flu prop ed visits,2,2026-10-24,18,quantile,0.55,0.005363597206323635
2026-10-10,wk inc flu prop ed visits,2,2026-10-24,18,quantile,0.6,0.005819961100714295
2026-10-10,wk inc flu prop ed visits,2,2026-10-24,18,quantile,0.65,0.006311906709439374
2026-10-10,wk inc flu prop ed visits,2,2026-10-24,18,quantile,0.7,0.007104240626389168
2026-10-10,wk inc flu prop ed visits,2,2026-10-24,18,quantile,0.75,0.008140888307787957
2026-10-10,wk inc flu prop ed visits,2,2026-10-24,18,quantile,0.8,0.009346937027819417
2026-10-10,wk inc flu prop ed visits,2,2026-10-24,18,quantile,0.85,0.010895614987229461
2026-10-10,wk inc flu prop ed visits,2,2026-10-24,18,quantile,0.9,0.013292572812046245
2026-10-10,wk inc flu prop ed visits,2,2026-10-24,18,quantile,0.95,0.017432716243928767
2026-10-10,wk inc flu prop ed visits,2,2026-10-24,18,quantile,0.975,0.02113888202960589
2026-10-10,wk inc flu prop ed visits,2,2026-10-24,18,quantile,0.99,0.022016115490678115
2026-10-10,wk inc flu prop ed visits,3,2026-10-31,18,quantile,0.01,0.0012813505137431428
2026-10-10,wk inc flu prop ed visits,3,2026-10-31,18,quantile,0.025,0.001689671557227484
2026-10-10,wk inc flu prop ed visits,3,2026-10-31,18,quantile,0.05,0.0021691825524424516
2026-10-10,wk inc flu prop ed visits,3,2026-10-31,18,quantile,0.1,0.002747491930658302
2026-10-10,wk inc flu prop ed visits,3,2026-10-31,18,quantile,0.15,0.003239033937387316
2026-10-10,wk inc flu prop ed visits,3,2026-10-31,18,quantile,0.2,0.0036293717536167265
2026-10-10,wk inc flu prop ed visits,3,2026-10-31,18,quantile,0.25,0.004066472690960111
2026-10-10,wk inc flu prop ed visits,3,2026-10-31,18,quantile,0.3,0.0044804332548298124
2026-10-10,wk inc flu prop ed visits,3,2026-10-31,18,quantile,0.35,0.00496257720655537
2026-10-10,wk inc flu prop ed visits,3,2026-10-31,18,quantile,0.4,0.005441473041413545
2026-10-10,wk inc flu prop ed visits,3,2026-10-31,18,quantile,0.45,0.0059402593522446204
2026-10-10,wk inc flu prop ed visits,3,2026-10-31,18,quantile,0.5,0.006420257725896392
2026-10-10,wk inc flu prop ed visits,3,2026-10-31,18,quantile,0.55,0.007156188430115151
2026-10-10,wk inc flu prop ed visits,3,2026-10-31,18,quantile,0.6,0.007945547352811414
2026-10-10,wk inc flu prop ed visits,3,2026-10-31,18,quantile,0.65,0.008763315818933354
2026-10-10,wk inc flu prop ed visits,3,2026-10-31,18,quantile,0.7,0.0101163448225038
2026-10-10,wk inc flu prop ed visits,3,2026-10-31,18,quantile,0.75,0.011749963902061605
2026-10-10,wk inc flu prop ed visits,3,2026-10-31,18,quantile,0.8,0.013382483019389721
2026-10-10,wk inc flu prop ed visits,3,2026-10-31,18,quantile,0.85,0.015869361712913206
2026-10-10,wk inc flu prop ed visits,3,2026-10-31,18,quantile,0.9,0.019460957877797634
2026-10-10,wk inc flu prop ed visits,3,2026-10-31,18,quantile,0.95,0.026572019825999077
2026-10-10,wk inc flu prop ed visits,3,2026-10-31,18,quantile,0.975,0.03708510605836425
2026-10-10,wk inc flu prop ed visits,3,2026-10-31,18,quantile,0.99,0.03811579991506383
2026-10-10,wk inc flu prop ed visits,0,2026-10-10,20,quantile,0.01,8.65233949383182e-4
2026-10-10,wk inc flu prop ed visits,0,2026-10-10,20,quantile,0.025,0.0011104055401927413
2026-10-10,wk inc flu prop ed visits,0,2026-10-10,20,quantile,0.05,0.0012891957090762724
2026-10-10,wk inc flu prop ed visits,0,2026-10-10,20,quantile,0.1,0.0015386213684561358
2026-10-10,wk inc flu prop ed visits,0,2026-10-10,20,quantile,0.15,0.0017101108331966557
2026-10-10,wk inc flu prop ed visits,0,2026-10-10,20,quantile,0.2,0.0018498176475811228
2026-10-10,wk inc flu prop ed visits,0,2026-10-10,20,quantile,0.25,0.001972482472078576
2026-10-10,wk inc flu prop ed visits,0,2026-10-10,20,quantile,0.3,0.002083996048233914
2026-10-10,wk inc flu prop ed visits,0,2026-10-10,20,quantile,0.35,0.0022049069838853824
2026-10-10,wk inc flu prop ed visits,0,2026-10-10,20,quantile,0.4,0.00231138285375175
2026-10-10,wk inc flu prop ed visits,0,2026-10-10,20,quantile,0.45,0.002414086283757451
2026-10-10,wk inc flu prop ed visits,0,2026-10-10,20,quantile,0.5,0.0025224998948759417
2026-10-10,wk inc flu prop ed visits,0,2026-10-10,20,quantile,0.55,0.0026383552774053368
2026-10-10,wk inc flu prop ed visits,0,2026-10-10,20,quantile,0.6,0.0027727199466098564
2026-10-10,wk inc flu prop ed visits,0,2026-10-10,20,quantile,0.65,0.0028995512947146787
2026-10-10,wk inc flu prop ed visits,0,2026-10-10,20,quantile,0.7,0.0030518498388707096
2026-10-10,wk inc flu prop ed visits,0,2026-10-10,20,quantile,0.75,0.0032226869067462516
2026-10-10,wk inc flu prop ed visits,0,2026-10-10,20,quantile,0.8,0.0034441075312897774
2026-10-10,wk inc flu prop ed visits,0,2026-10-10,20,quantile,0.85,0.003704085178603731
2026-10-10,wk inc flu prop ed visits,0,2026-10-10,20,quantile,0.9,0.004082281763204499
2026-10-10,wk inc flu prop ed visits,0,2026-10-10,20,quantile,0.95,0.0047480091728511215
2026-10-10,wk inc flu prop ed visits,0,2026-10-10,20,quantile,0.975,0.005459515744004894
2026-10-10,wk inc flu prop ed visits,0,2026-10-10,20,quantile,0.99,0.006116364457228166
2026-10-10,wk inc flu prop ed visits,1,2026-10-17,20,quantile,0.01,7.663058956142554e-4
2026-10-10,wk inc flu prop ed visits,1,2026-10-17,20,quantile,0.025,0.001029430648033165
2026-10-10,wk inc flu prop ed visits,1,2026-10-17,20,quantile,0.05,0.0012913790926631836
2026-10-10,wk inc flu prop ed visits,1,2026-10-17,20,quantile,0.1,0.0015614807295906944
2026-10-10,wk inc flu prop ed visits,1,2026-10-17,20,quantile,0.15,0.0017742721079890733
2026-10-10,wk inc flu prop ed visits,1,2026-10-17,20,quantile,0.2,0.001976040796697386
2026-10-10,wk inc flu prop ed visits,1,2026-10-17,20,quantile,0.25,0.002143304749894474
2026-10-10,wk inc flu prop ed visits,1,2026-10-17,20,quantile,0.3,0.0023072929944186163
2026-10-10,wk inc flu prop ed visits,1,2026-10-17,20,quantile,0.35,0.002452389763888142
2026-10-10,wk inc flu prop ed visits,1,2026-10-17,20,quantile,0.4,0.002624808246140758
2026-10-10,wk inc flu prop ed visits,1,2026-10-17,20,quantile,0.45,0.0027885017453150238
2026-10-10,wk inc flu prop ed visits,1,2026-10-17,20,quantile,0.5,0.002941625391800883
2026-10-10,wk inc flu prop ed visits,1,2026-10-17,20,quantile,0.55,0.0031252329880494334
2026-10-10,wk inc flu prop ed visits,1,2026-10-17,20,quantile,0.6,0.0033540161956419107
2026-10-10,wk inc flu prop ed visits,1,2026-10-17,20,quantile,0.65,0.0035565336718225175
2026-10-10,wk inc flu prop ed visits,1,2026-10-17,20,quantile,0.7,0.003812564057227823
2026-10-10,wk inc flu prop ed visits,1,2026-10-17,20,quantile,0.75,0.004097235433959796
2026-10-10,wk inc flu prop ed visits,1,2026-10-17,20,quantile,0.8,0.004454113927550952
2026-10-10,wk inc flu prop ed visits,1,2026-10-17,20,quantile,0.85,0.004898032113760685
2026-10-10,wk inc flu prop ed visits,1,2026-10-17,20,quantile,0.9,0.005630239022246889
2026-10-10,wk inc flu prop ed visits,1,2026-10-17,20,quantile,0.95,0.007098063546199613
2026-10-10,wk inc flu prop ed visits,1,2026-10-17,20,quantile,0.975,0.008502474004076712
2026-10-10,wk inc flu prop ed visits,1,2026-10-17,20,quantile,0.99,0.009857298829650618
2026-10-10,wk inc flu prop ed visits,2,2026-10-24,20,quantile,0.01,7.707721077478539e-4
2026-10-10,wk inc flu prop ed visits,2,2026-10-24,20,quantile,0.025,0.001066157373018808
2026-10-10,wk inc flu prop ed visits,2,2026-10-24,20,quantile,0.05,0.0013439791245799153
2026-10-10,wk inc flu prop ed visits,2,2026-10-24,20,quantile,0.1,0.0016925262013063793
2026-10-10,wk inc flu prop ed visits,2,2026-10-24,20,quantile,0.15,0.00195852557276756
2026-10-10,wk inc flu prop ed visits,2,2026-10-24,20,quantile,0.2,0.0022123525897219895
2026-10-10,wk inc flu prop ed visits,2,2026-10-24,20,quantile,0.25,0.002418782500683202
2026-10-10,wk inc flu prop ed visits,2,2026-10-24,20,quantile,0.3,0.0026255587052331194
2026-10-10,wk inc flu prop ed visits,2,2026-10-24,20,quantile,0.35,0.0028672352425087866
2026-10-10,wk inc flu prop ed visits,2,2026-10-24,20,quantile,0.4,0.0030935764427292766
2026-10-10,wk inc flu prop ed visits,2,2026-10-24,20,quantile,0.45,0.003339182011225964
2026-10-10,wk inc flu prop ed visits,2,2026-10-24,20,quantile,0.5,0.0035479436188509974
2026-10-10,wk inc flu prop ed visits,2,2026-10-24,20,quantile,0.55,0.003840956131065256
2026-10-10,wk inc flu prop ed visits,2,2026-10-24,20,quantile,0.6,0.004144504804079645
2026-10-10,wk inc flu prop ed visits,2,2026-10-24,20,quantile,0.65,0.004549827167831323
2026-10-10,wk inc flu prop ed visits,2,2026-10-24,20,quantile,0.7,0.004896047590646806
2026-10-10,wk inc flu prop ed visits,2,2026-10-24,20,quantile,0.75,0.005390615286377822
2026-10-10,wk inc flu prop ed visits,2,2026-10-24,20,quantile,0.8,0.006032974728699493
2026-10-10,wk inc flu prop ed visits,2,2026-10-24,20,quantile,0.85,0.006764768339174486
2026-10-10,wk inc flu prop ed visits,2,2026-10-24,20,quantile,0.9,0.008004197607665514
2026-10-10,wk inc flu prop ed visits,2,2026-10-24,20,quantile,0.95,0.010692559422428301
2026-10-10,wk inc flu prop ed visits,2,2026-10-24,20,quantile,0.975,0.013737334558564667
2026-10-10,wk inc flu prop ed visits,2,2026-10-24,20,quantile,0.99,0.016687640766424875
2026-10-10,wk inc flu prop ed visits,3,2026-10-31,20,quantile,0.01,7.814794375167923e-4
2026-10-10,wk inc flu prop ed visits,3,2026-10-31,20,quantile,0.025,0.001139380848690553
2026-10-10,wk inc flu prop ed visits,3,2026-10-31,20,quantile,0.05,0.0014709105593705097
2026-10-10,wk inc flu prop ed visits,3,2026-10-31,20,quantile,0.1,0.0019110020776916137
2026-10-10,wk inc flu prop ed visits,3,2026-10-31,20,quantile,0.15,0.0021821144675637115
2026-10-10,wk inc flu prop ed visits,3,2026-10-31,20,quantile,0.2,0.0024990054845570823
2026-10-10,wk inc flu prop ed visits,3,2026-10-31,20,quantile,0.25,0.002804772674730957
2026-10-10,wk inc flu prop ed visits,3,2026-10-31,20,quantile,0.3,0.0031053817403012135
2026-10-10,wk inc flu prop ed visits,3,2026-10-31,20,quantile,0.35,0.0034176177562326494
2026-10-10,wk inc flu prop ed visits,3,2026-10-31,20,quantile,0.4,0.003807852936753317
2026-10-10,wk inc flu prop ed visits,3,2026-10-31,20,quantile,0.45,0.004118465076858329
2026-10-10,wk inc flu prop ed visits,3,2026-10-31,20,quantile,0.5,0.004515703673385378
2026-10-10,wk inc flu prop ed visits,3,2026-10-31,20,quantile,0.55,0.00495493416723731
2026-10-10,wk inc flu prop ed visits,3,2026-10-31,20,quantile,0.6,0.005425094401397114
2026-10-10,wk inc flu prop ed visits,3,2026-10-31,20,quantile,0.65,0.006003768436560019
2026-10-10,wk inc flu prop ed visits,3,2026-10-31,20,quantile,0.7,0.006640433713540847
2026-10-10,wk inc flu prop ed visits,3,2026-10-31,20,quantile,0.75,0.007423882001528688
2026-10-10,wk inc flu prop ed visits,3,2026-10-31,20,quantile,0.8,0.008651514244973565
2026-10-10,wk inc flu prop ed visits,3,2026-10-31,20,quantile,0.85,0.010056988765490153
2026-10-10,wk inc flu prop ed visits,3,2026-10-31,20,quantile,0.9,0.012323449006335953
2026-10-10,wk inc flu prop ed visits,3,2026-10-31,20,quantile,0.95,0.01758583124558622
2026-10-10,wk inc flu prop ed visits,3,2026-10-31,20,quantile,0.975,0.023734206340976748
2026-10-10,wk inc flu prop ed visits,3,2026-10-31,20,quantile,0.99,0.028892623756921275
2026-10-10,wk inc flu prop ed visits,0,2026-10-10,21,quantile,0.01,0.0017994707779973905
2026-10-10,wk inc flu prop ed visits,0,2026-10-10,21,quantile,0.025,0.0022063407037066917
2026-10-10,wk inc flu prop ed visits,0,2026-10-10,21,quantile,0.05,0.0027352800390164737
2026-10-10,wk inc flu prop ed visits,0,2026-10-10,21,quantile,0.1,0.003293846068987134
2026-10-10,wk inc flu prop ed visits,0,2026-10-10,21,quantile,0.15,0.0036258163444267983
2026-10-10,wk inc flu prop ed visits,0,2026-10-10,21,quantile,0.2,0.003950792818558854
2026-10-10,wk inc flu prop ed visits,0,2026-10-10,21,quantile,0.25,0.004210808776382581
2026-10-10,wk inc flu prop ed visits,0,2026-10-10,21,quantile,0.3,0.004459764994109307
2026-10-10,wk inc flu prop ed visits,0,2026-10-10,21,quantile,0.35,0.004674166202885662
2026-10-10,wk inc flu prop ed visits,0,2026-10-10,21,quantile,0.4,0.004908592810266722
2026-10-10,wk inc flu prop ed visits,0,2026-10-10,21,quantile,0.45,0.005144870032264698
2026-10-10,wk inc flu prop ed visits,0,2026-10-10,21,quantile,0.5,0.005366291612151201
2026-10-10,wk inc flu prop ed visits,0,2026-10-10,21,quantile,0.55,0.005578416635241742
2026-10-10,wk inc flu prop ed visits,0,2026-10-10,21,quantile,0.6,0.005802362681343242
2026-10-10,wk inc flu prop ed visits,0,2026-10-10,21,quantile,0.65,0.006074927251015571
2026-10-10,wk inc flu prop ed visits,0,2026-10-10,21,quantile,0.7,0.006393790091038317
2026-10-10,wk inc flu prop ed visits,0,2026-10-10,21,quantile,0.75,0.006711727679463018
2026-10-10,wk inc flu prop ed visits,0,2026-10-10,21,quantile,0.8,0.007165564038270914
2026-10-10,wk inc flu prop ed visits,0,2026-10-10,21,quantile,0.85,0.0076506047109922825
2026-10-10,wk inc flu prop ed visits,0,2026-10-10,21,quantile,0.9,0.008407000458096265
2026-10-10,wk inc flu prop ed visits,0,2026-10-10,21,quantile,0.95,0.009607158348255453
2026-10-10,wk inc flu prop ed visits,0,2026-10-10,21,quantile,0.975,0.010883137035724574
2026-10-10,wk inc flu prop ed visits,0,2026-10-10,21,quantile,0.99,0.01204404290327173
2026-10-10,wk inc flu prop ed visits,1,2026-10-17,21,quantile,0.01,0.0016719552762019833
2026-10-10,wk inc flu prop ed visits,1,2026-10-17,21,quantile,0.025,0.0021050965248876966
2026-10-10,wk inc flu prop ed visits,1,2026-10-17,21,quantile,0.05,0.0026576398609906415
2026-10-10,wk inc flu prop ed visits,1,2026-10-17,21,quantile,0.1,0.003274415957186064
2026-10-10,wk inc flu prop ed visits,1,2026-10-17,21,quantile,0.15,0.0037540480861303657
2026-10-10,wk inc flu prop ed visits,1,2026-10-17,21,quantile,0.2,0.004217273035944377
2026-10-10,wk inc flu prop ed visits,1,2026-10-17,21,quantile,0.25,0.004647593643134552
2026-10-10,wk inc flu prop ed visits,1,2026-10-17,21,quantile,0.3,0.005019166783212179
2026-10-10,wk inc flu prop ed visits,1,2026-10-17,21,quantile,0.35,0.00531245272898157
2026-10-10,wk inc flu prop ed visits,1,2026-10-17,21,quantile,0.4,0.0056656928912895525
2026-10-10,wk inc flu prop ed visits,1,2026-10-17,21,quantile,0.45,0.006030061463821343
2026-10-10,wk inc flu prop ed visits,1,2026-10-17,21,quantile,0.5,0.006416183102507502
2026-10-10,wk inc flu prop ed visits,1,2026-10-17,21,quantile,0.55,0.0068347880224792655
2026-10-10,wk inc flu prop ed visits,1,2026-10-17,21,quantile,0.6,0.007248470135101987
2026-10-10,wk inc flu prop ed visits,1,2026-10-17,21,quantile,0.65,0.007743505479258927
2026-10-10,wk inc flu prop ed visits,1,2026-10-17,21,quantile,0.7,0.008360259298024515
2026-10-10,wk inc flu prop ed visits,1,2026-10-17,21,quantile,0.75,0.009319668003047059
2026-10-10,wk inc flu prop ed visits,1,2026-10-17,21,quantile,0.8,0.010556876450923857
2026-10-10,wk inc flu prop ed visits,1,2026-10-17,21,quantile,0.85,0.012149632639435737
2026-10-10,wk inc flu prop ed visits,1,2026-10-17,21,quantile,0.9,0.014526356890850405
2026-10-10,wk inc flu prop ed visits,1,2026-10-17,21,quantile,0.95,0.018183245017034826
2026-10-10,wk inc flu prop ed visits,1,2026-10-17,21,quantile,0.975,0.01925331676143367
2026-10-10,wk inc flu prop ed visits,1,2026-10-17,21,quantile,0.99,0.019803393522815276
2026-10-10,wk inc flu prop ed visits,2,2026-10-24,21,quantile,0.01,0.0019347332432888779
2026-10-10,wk inc flu prop ed visits,2,2026-10-24,21,quantile,0.025,0.0024619238927712584
2026-10-10,wk inc flu prop ed visits,2,2026-10-24,21,quantile,0.05,0.0029418970244572606
2026-10-10,wk inc flu prop ed visits,2,2026-10-24,21,quantile,0.1,0.0036434157469162802
2026-10-10,wk inc flu prop ed visits,2,2026-10-24,21,quantile,0.15,0.004215366804213323
2026-10-10,wk inc flu prop ed visits,2,2026-10-24,21,quantile,0.2,0.004841081870996144
2026-10-10,wk inc flu prop ed visits,2,2026-10-24,21,quantile,0.25,0.005345288816473093
2026-10-10,wk inc flu prop ed visits,2,2026-10-24,21,quantile,0.3,0.005864986312924657
2026-10-10,wk inc flu prop ed visits,2,2026-10-24,21,quantile,0.35,0.006356600226704354
2026-10-10,wk inc flu prop ed visits,2,2026-10-24,21,quantile,0.4,0.006849286959242234
2026-10-10,wk inc flu prop ed visits,2,2026-10-24,21,quantile,0.45,0.007485209335750408
2026-10-10,wk inc flu prop ed visits,2,2026-10-24,21,quantile,0.5,0.008132125451398122
2026-10-10,wk inc flu prop ed visits,2,2026-10-24,21,quantile,0.55,0.008707766238257229
2026-10-10,wk inc flu prop ed visits,2,2026-10-24,21,quantile,0.6,0.009496135697538523
2026-10-10,wk inc flu prop ed visits,2,2026-10-24,21,quantile,0.65,0.010353086226612148
2026-10-10,wk inc flu prop ed visits,2,2026-10-24,21,quantile,0.7,0.011652200891022741
2026-10-10,wk inc flu prop ed visits,2,2026-10-24,21,quantile,0.75,0.013369825516679113
2026-10-10,wk inc flu prop ed visits,2,2026-10-24,21,quantile,0.8,0.015778699588110914
2026-10-10,wk inc flu prop ed visits,2,2026-10-24,21,quantile,0.85,0.0182232033378788
2026-10-10,wk inc flu prop ed visits,2,2026-10-24,21,quantile,0.9,0.02266864094980174
2026-10-10,wk inc flu prop ed visits,2,2026-10-24,21,quantile,0.95,0.029958825910286035
2026-10-10,wk inc flu prop ed visits,2,2026-10-24,21,quantile,0.975,0.03286931732776448
2026-10-10,wk inc flu prop ed visits,2,2026-10-24,21,quantile,0.99,0.03375980823676821
2026-10-10,wk inc flu prop ed visits,3,2026-10-31,21,quantile,0.01,0.002092250700873299
2026-10-10,wk inc flu prop ed visits,3,2026-10-31,21,quantile,0.025,0.002622385911108937
2026-10-10,wk inc flu prop ed visits,3,2026-10-31,21,quantile,0.05,0.0032812473837018647
2026-10-10,wk inc flu prop ed visits,3,2026-10-31,21,quantile,0.1,0.004125516560064211
2026-10-10,wk inc flu prop ed visits,3,2026-10-31,21,quantile,0.15,0.004980489621260783
2026-10-10,wk inc flu prop ed visits,3,2026-10-31,21,quantile,0.2,0.005756091587419035
2026-10-10,wk inc flu prop ed visits,3,2026-10-31,21,quantile,0.25,0.006574018767450214
2026-10-10,wk inc flu prop ed visits,3,2026-10-31,21,quantile,0.3,0.007226222017808516
2026-10-10,wk inc flu prop ed visits,3,2026-10-31,21,quantile,0.35,0.007950796626789281
2026-10-10,wk inc flu prop ed visits,3,2026-10-31,21,quantile,0.4,0.008830075300995058
2026-10-10,wk inc flu prop ed visits,3,2026-10-31,21,quantile,0.45,0.009718627201299618
2026-10-10,wk inc flu prop ed visits,3,2026-10-31,21,quantile,0.5,0.010724946991436838
2026-10-10,wk inc flu prop ed visits,3,2026-10-31,21,quantile,0.55,0.011839278643672145
2026-10-10,wk inc flu prop ed visits,3,2026-10-31,21,quantile,0.6,0.01299458345329852
2026-10-10,wk inc flu prop ed visits,3,2026-10-31,21,quantile,0.65,0.014236908020333665
2026-10-10,wk inc flu prop ed visits,3,2026-10-31,21,quantile,0.7,0.016505641713616046
2026-10-10,wk inc flu prop ed visits,3,2026-10-31,21,quantile,0.75,0.01960462031610577
2026-10-10,wk inc flu prop ed visits,3,2026-10-31,21,quantile,0.8,0.0232333472046808
2026-10-10,wk inc flu prop ed visits,3,2026-10-31,21,quantile,0.85,0.027840592048379763
2026-10-10,wk inc flu prop ed visits,3,2026-10-31,21,quantile,0.9,0.034273129293012995
2026-10-10,wk inc flu prop ed visits,3,2026-10-31,21,quantile,0.95,0.04554408029615811
2026-10-10,wk inc flu prop ed visits,3,2026-10-31,21,quantile,0.975,0.05867182903032158
2026-10-10,wk inc flu prop ed visits,3,2026-10-31,21,quantile,0.99,0.059929042686646686
2026-10-10,wk inc flu prop ed visits,0,2026-10-10,22,quantile,0.01,0.005268623872351933
2026-10-10,wk inc flu prop ed visits,0,2026-10-10,22,quantile,0.025,0.008156599194419597
2026-10-10,wk inc flu prop ed visits,0,2026-10-10,22,quantile,0.05,0.00929283412461053
2026-10-10,wk inc flu prop ed visits,0,2026-10-10,22,quantile,0.1,0.010388635750527973
2026-10-10,wk inc flu prop ed visits,0,2026-10-10,22,quantile,0.15,0.011177495585800036
2026-10-10,wk inc flu prop ed visits,0,2026-10-10,22,quantile,0.2,0.011925807147325572
2026-10-10,wk inc flu prop ed visits,0,2026-10-10,22,quantile,0.25,0.012689192316254969
2026-10-10,wk inc flu prop ed visits,0,2026-10-10,22,quantile,0.3,0.013358410142654684
2026-10-10,wk inc flu prop ed visits,0,2026-10-10,22,quantile,0.35,0.013883456472288808
2026-10-10,wk inc flu prop ed visits,0,2026-10-10,22,quantile,0.4,0.014614354632634032
2026-10-10,wk inc flu prop ed visits,0,2026-10-10,22,quantile,0.45,0.015248515389367412
2026-10-10,wk inc flu prop ed visits,0,2026-10-10,22,quantile,0.5,0.01586213927371525
2026-10-10,wk inc flu prop ed visits,0,2026-10-10,22,quantile,0.55,0.016472221066765685
2026-10-10,wk inc flu prop ed visits,0,2026-10-10,22,quantile,0.6,0.01704231095214119
2026-10-10,wk inc flu prop ed visits,0,2026-10-10,22,quantile,0.65,0.01766474261227533
2026-10-10,wk inc flu prop ed visits,0,2026-10-10,22,quantile,0.7,0.018168595705936142
2026-10-10,wk inc flu prop ed visits,0,2026-10-10,22,quantile,0.75,0.01876724123419408
2026-10-10,wk inc flu prop ed visits,0,2026-10-10,22,quantile,0.8,0.019355115017643768
2026-10-10,wk inc flu prop ed visits,0,2026-10-10,22,quantile,0.85,0.02013820911835045
2026-10-10,wk inc flu prop ed visits,0,2026-10-10,22,quantile,0.9,0.02117289724376239
2026-10-10,wk inc flu prop ed visits,0,2026-10-10,22,quantile,0.95,0.023124643503134895
2026-10-10,wk inc flu prop ed visits,0,2026-10-10,22,quantile,0.975,0.02755258752742085
2026-10-10,wk inc flu prop ed visits,0,2026-10-10,22,quantile,0.99,0.02964395459595036
2026-10-10,wk inc flu prop ed visits,1,2026-10-17,22,quantile,0.01,0.004819883499155168
2026-10-10,wk inc flu prop ed visits,1,2026-10-17,22,quantile,0.025,0.007079292570978909
2026-10-10,wk inc flu prop ed visits,1,2026-10-17,22,quantile,0.05,0.009366219122960415
2026-10-10,wk inc flu prop ed visits,1,2026-10-17,22,quantile,0.1,0.011658357056358653
2026-10-10,wk inc flu prop ed visits,1,2026-10-17,22,quantile,0.15,0.013299984443579518
2026-10-10,wk inc flu prop ed visits,1,2026-10-17,22,quantile,0.2,0.01496322311066713
2026-10-10,wk inc flu prop ed visits,1,2026-10-17,22,quantile,0.25,0.016604648086985106
2026-10-10,wk inc flu prop ed visits,1,2026-10-17,22,quantile,0.3,0.01833530399768602
2026-10-10,wk inc flu prop ed visits,1,2026-10-17,22,quantile,0.35,0.019654140433328127
2026-10-10,wk inc flu prop ed visits,1,2026-10-17,22,quantile,0.4,0.02068282717382884
2026-10-10,wk inc flu prop ed visits,1,2026-10-17,22,quantile,0.45,0.021489268044281102
2026-10-10,wk inc flu prop ed visits,1,2026-10-17,22,quantile,0.5,0.022273882649388038
2026-10-10,wk inc flu prop ed visits,1,2026-10-17,22,quantile,0.55,0.02313609427259592
2026-10-10,wk inc flu prop ed visits,1,2026-10-17,22,quantile,0.6,0.024268596204390192
2026-10-10,wk inc flu prop ed visits,1,2026-10-17,22,quantile,0.65,0.025393601176924185
2026-10-10,wk inc flu prop ed visits,1,2026-10-17,22,quantile,0.7,0.026837153619338652
2026-10-10,wk inc flu prop ed visits,1,2026-10-17,22,quantile,0.75,0.02846090644912904
2026-10-10,wk inc flu prop ed visits,1,2026-10-17,22,quantile,0.8,0.029973987793801837
2026-10-10,wk inc flu prop ed visits,1,2026-10-17,22,quantile,0.85,0.031918959795589
2026-10-10,wk inc flu prop ed visits,1,2026-10-17,22,quantile,0.9,0.034570874206490305
2026-10-10,wk inc flu prop ed visits,1,2026-10-17,22,quantile,0.95,0.04192057736008731
2026-10-10,wk inc flu prop ed visits,1,2026-10-17,22,quantile,0.975,0.04713482865971454
2026-10-10,wk inc flu prop ed visits,1,2026-10-17,22,quantile,0.99,0.049099570384508906
2026-10-10,wk inc flu prop ed visits,2,2026-10-24,22,quantile,0.01,0.007573829225522853
2026-10-10,wk inc flu prop ed visits,2,2026-10-24,22,quantile,0.025,0.008902281186829649
2026-10-10,wk inc flu prop ed visits,2,2026-10-24,22,quantile,0.05,0.011218053870731989
2026-10-10,wk inc flu prop ed visits,2,2026-10-24,22,quantile,0.1,0.014667460914718497
2026-10-10,wk inc flu prop ed visits,2,2026-10-24,22,quantile,0.15,0.018171368842846806
2026-10-10,wk inc flu prop ed visits,2,2026-10-24,22,quantile,0.2,0.020229874478404634
2026-10-10,wk inc flu prop ed visits,2,2026-10-24,22,quantile,0.25,0.02176070497354758
2026-10-10,wk inc flu prop ed visits,2,2026-10-24,22,quantile,0.3,0.023310390106376432
2026-10-10,wk inc flu prop ed visits,2,2026-10-24,22,quantile,0.35,0.02500809315829614
2026-10-10,wk inc flu prop ed visits,2,2026-10-24,22,quantile,0.4,0.026569805977217427
2026-10-10,wk inc flu prop ed visits,2,2026-10-24,22,quantile,0.45,0.028356321123879074
2026-10-10,wk inc flu prop ed visits,2,2026-10-24,22,quantile,0.5,0.030580018174171393
2026-10-10,wk inc flu prop ed visits,2,2026-10-24,22,quantile,0.55,0.03295129682274736
2026-10-10,wk inc flu prop ed visits,2,2026-10-24,22,quantile,0.6,0.03501286470122815
2026-10-10,wk inc flu prop ed visits,2,2026-10-24,22,quantile,0.65,0.036695592944755356
2026-10-10,wk inc flu prop ed visits,2,2026-10-24,22,quantile,0.7,0.03867160934380602
2026-10-10,wk inc flu prop ed visits,2,2026-10-24,22,quantile,0.75,0.040550443950352566
2026-10-10,wk inc flu prop ed visits,2,2026-10-24,22,quantile,0.8,0.04272008883077846
2026-10-10,wk inc flu prop ed visits,2,2026-10-24,22,quantile,0.85,0.04629589240305999
2026-10-10,wk inc flu prop ed visits,2,2026-10-24,22,quantile,0.9,0.050759632430231044
2026-10-10,wk inc flu prop ed visits,2,2026-10-24,22,quantile,0.95,0.058642035347653526
2026-10-10,wk inc flu prop ed visits,2,2026-10-24,22,quantile,0.975,0.07288866316600362
2026-10-10,wk inc flu prop ed visits,2,2026-10-24,22,quantile,0.99,0.08268042629201597
2026-10-10,wk inc flu prop ed visits,3,2026-10-31,22,quantile,0.01,0.008677883284184569
2026-10-10,wk inc flu prop ed visits,3,2026-10-31,22,quantile,0.025,0.011478130272317776
2026-10-10,wk inc flu prop ed visits,3,2026-10-31,22,quantile,0.05,0.014230393260008491
2026-10-10,wk inc flu prop ed visits,3,2026-10-31,22,quantile,0.1,0.018258570129469964
2026-10-10,wk inc flu prop ed visits,3,2026-10-31,22,quantile,0.15,0.020695119266225043
2026-10-10,wk inc flu prop ed visits,3,2026-10-31,22,quantile,0.2,0.02277658450236026
2026-10-10,wk inc flu prop ed visits,3,2026-10-31,22,quantile,0.25,0.025443420229279964
2026-10-10,wk inc flu prop ed visits,3,2026-10-31,22,quantile,0.3,0.028042884639800078
2026-10-10,wk inc flu prop ed visits,3,2026-10-31,22,quantile,0.35,0.030793833962258405
2026-10-10,wk inc flu prop ed visits,3,2026-10-31,22,quantile,0.4,0.03318991050941022
2026-10-10,wk inc flu prop ed visits,3,2026-10-31,22,quantile,0.45,0.03616311127799289
2026-10-10,wk inc flu prop ed visits,3,2026-10-31,22,quantile,0.5,0.03933505382073623
2026-10-10,wk inc flu prop ed visits,3,2026-10-31,22,quantile,0.55,0.04192581827747714
2026-10-10,wk inc flu prop ed visits,3,2026-10-31,22,quantile,0.6,0.04476204679109812
2026-10-10,wk inc flu prop ed visits,3,2026-10-31,22,quantile,0.65,0.04731198957857363
2026-10-10,wk inc flu prop ed visits,3,2026-10-31,22,quantile,0.7,0.05045806866851639
2026-10-10,wk inc flu prop ed visits,3,2026-10-31,22,quantile,0.75,0.053891594099009024
2026-10-10,wk inc flu prop ed visits,3,2026-10-31,22,quantile,0.8,0.057116778703093146
2026-10-10,wk inc flu prop ed visits,3,2026-10-31,22,quantile,0.85,0.06326356994279297
2026-10-10,wk inc flu prop ed visits,3,2026-10-31,22,quantile,0.9,0.07161298822256977
2026-10-10,wk inc flu prop ed visits,3,2026-10-31,22,quantile,0.95,0.08537855840224962
2026-10-10,wk inc flu prop ed visits,3,2026-10-31,22,quantile,0.975,0.09950922903681161
2026-10-10,wk inc flu prop ed visits,3,2026-10-31,22,quantile,0.99,0.12948735731517858
2026-10-10,wk inc flu prop ed visits,0,2026-10-10,23,quantile,0.01,0.001867178822407107
2026-10-10,wk inc flu prop ed visits,0,2026-10-10,23,quantile,0.025,0.002257031823377171
2026-10-10,wk inc flu prop ed visits,0,2026-10-10,23,quantile,0.05,0.0027117794631335923
2026-10-10,wk inc flu prop ed visits,0,2026-10-10,23,quantile,0.1,0.00316654334551814
2026-10-10,wk inc flu prop ed visits,0,2026-10-10,23,quantile,0.15,0.003498727967792921
2026-10-10,wk inc flu prop ed visits,0,2026-10-10,23,quantile,0.2,0.00375265290179361
2026-10-10,wk inc flu prop ed visits,0,2026-10-10,23,quantile,0.25,0.003997410503192172
2026-10-10,wk inc flu prop ed visits,0,2026-10-10,23,quantile,0.3,0.0042118704746164125
2026-10-10,wk inc flu prop ed visits,0,2026-10-10,23,quantile,0.35,0.004407959558971629
2026-10-10,wk inc flu prop ed visits,0,2026-10-10,23,quantile,0.4,0.004622468564373231
2026-10-10,wk inc flu prop ed visits,0,2026-10-10,23,quantile,0.45,0.004841510558355475
2026-10-10,wk inc flu prop ed visits,0,2026-10-10,23,quantile,0.5,0.0050637530115290545
2026-10-10,wk inc flu prop ed visits,0,2026-10-10,23,quantile,0.55,0.005287630592140791
2026-10-10,wk inc flu prop ed visits,0,2026-10-10,23,quantile,0.6,0.005517664754835706
2026-10-10,wk inc flu prop ed visits,0,2026-10-10,23,quantile,0.65,0.005783130462366937
2026-10-10,wk inc flu prop ed visits,0,2026-10-10,23,quantile,0.7,0.006070967998543487
2026-10-10,wk inc flu prop ed visits,0,2026-10-10,23,quantile,0.75,0.006412975759613956
2026-10-10,wk inc flu prop ed visits,0,2026-10-10,23,quantile,0.8,0.0068140779518774414
2026-10-10,wk inc flu prop ed visits,0,2026-10-10,23,quantile,0.85,0.0072923670800680625
2026-10-10,wk inc flu prop ed visits,0,2026-10-10,23,quantile,0.9,0.008049786547301343
2026-10-10,wk inc flu prop ed visits,0,2026-10-10,23,quantile,0.95,0.009070308267825818
2026-10-10,wk inc flu prop ed visits,0,2026-10-10,23,quantile,0.975,0.010093889538903542
2026-10-10,wk inc flu prop ed visits,0,2026-10-10,23,quantile,0.99,0.011159178849846609
2026-10-10,wk inc flu prop ed visits,1,2026-10-17,23,quantile,0.01,0.0016587925328854353
2026-10-10,wk inc flu prop ed visits,1,2026-10-17,23,quantile,0.025,0.0020403128865878715
2026-10-10,wk inc flu prop ed visits,1,2026-10-17,23,quantile,0.05,0.0025824208144331296
2026-10-10,wk inc flu prop ed visits,1,2026-10-17,23,quantile,0.1,0.0032413029194468916
2026-10-10,wk inc flu prop ed visits,1,2026-10-17,23,quantile,0.15,0.0036438809631592437
2026-10-10,wk inc flu prop ed visits,1,2026-10-17,23,quantile,0.2,0.004041136125971835
2026-10-10,wk inc flu prop ed visits,1,2026-10-17,23,quantile,0.25,0.0043912465841722025
2026-10-10,wk inc flu prop ed visits,1,2026-10-17,23,quantile,0.3,0.004758636754704509
2026-10-10,wk inc flu prop ed visits,1,2026-10-17,23,quantile,0.35,0.005081210714979594
2026-10-10,wk inc flu prop ed visits,1,2026-10-17,23,quantile,0.4,0.005381765142727013
2026-10-10,wk inc flu prop ed visits,1,2026-10-17,23,quantile,0.45,0.00574819255273572
2026-10-10,wk inc flu prop ed visits,1,2026-10-17,23,quantile,0.5,0.006133322953511963
2026-10-10,wk inc flu prop ed visits,1,2026-10-17,23,quantile,0.55,0.006594834779431754
2026-10-10,wk inc flu prop ed visits,1,2026-10-17,23,quantile,0.6,0.007057156715717628
2026-10-10,wk inc flu prop ed visits,1,2026-10-17,23,quantile,0.65,0.00758575351986993
2026-10-10,wk inc flu prop ed visits,1,2026-10-17,23,quantile,0.7,0.008199794824585969
2026-10-10,wk inc flu prop ed visits,1,2026-10-17,23,quantile,0.75,0.008986397728081038
2026-10-10,wk inc flu prop ed visits,1,2026-10-17,23,quantile,0.8,0.010008177661567015
2026-10-10,wk inc flu prop ed visits,1,2026-10-17,23,quantile,0.85,0.011400064303567346
2026-10-10,wk inc flu prop ed visits,1,2026-10-17,23,quantile,0.9,0.013126851792245979
2026-10-10,wk inc flu prop ed visits,1,2026-10-17,23,quantile,0.95,0.015609141605753628
2026-10-10,wk inc flu prop ed visits,1,2026-10-17,23,quantile,0.975,0.01874941490115423
2026-10-10,wk inc flu prop ed visits,1,2026-10-17,23,quantile,0.99,0.019532428089649025
2026-10-10,wk inc flu prop ed visits,2,2026-10-24,23,quantile,0.01,0.0017295245306412283
2026-10-10,wk inc flu prop ed visits,2,2026-10-24,23,quantile,0.025,0.0021543497382651455
2026-10-10,wk inc flu prop ed visits,2,2026-10-24,23,quantile,0.05,0.002687040178913431
2026-10-10,wk inc flu prop ed visits,2,2026-10-24,23,quantile,0.1,0.0034625254420732436
2026-10-10,wk inc flu prop ed visits,2,2026-10-24,23,quantile,0.15,0.004009148780576043
2026-10-10,wk inc flu prop ed visits,2,2026-10-24,23,quantile,0.2,0.004591643092326011
2026-10-10,wk inc flu prop ed visits,2,2026-10-24,23,quantile,0.25,0.00510691398758975
2026-10-10,wk inc flu prop ed visits,2,2026-10-24,23,quantile,0.3,0.00565421268213352
2026-10-10,wk inc flu prop ed visits,2,2026-10-24,23,quantile,0.35,0.006209940005585809
2026-10-10,wk inc flu prop ed visits,2,2026-10-24,23,quantile,0.4,0.006700847470672038
2026-10-10,wk inc flu prop ed visits,2,2026-10-24,23,quantile,0.45,0.007339732481697985
2026-10-10,wk inc flu prop ed visits,2,2026-10-24,23,quantile,0.5,0.007909438284839948
2026-10-10,wk inc flu prop ed visits,2,2026-10-24,23,quantile,0.55,0.008566171909621667
2026-10-10,wk inc flu prop ed visits,2,2026-10-24,23,quantile,0.6,0.009491905969986138
2026-10-10,wk inc flu prop ed visits,2,2026-10-24,23,quantile,0.65,0.010429538146593191
2026-10-10,wk inc flu prop ed visits,2,2026-10-24,23,quantile,0.7,0.011409293930095356
2026-10-10,wk inc flu prop ed visits,2,2026-10-24,23,quantile,0.75,0.0127158522080069
2026-10-10,wk inc flu prop ed visits,2,2026-10-24,23,quantile,0.8,0.014463111022711177
2026-10-10,wk inc flu prop ed visits,2,2026-10-24,23,quantile,0.85,0.016883576385621255
2026-10-10,wk inc flu prop ed visits,2,2026-10-24,23,quantile,0.9,0.019591926724882025
2026-10-10,wk inc flu prop ed visits,2,2026-10-24,23,quantile,0.95,0.026356875794487863
2026-10-10,wk inc flu prop ed visits,2,2026-10-24,23,quantile,0.975,0.03165858854110443
2026-10-10,wk inc flu prop ed visits,2,2026-10-24,23,quantile,0.99,0.03310379532594275
2026-10-10,wk inc flu prop ed visits,3,2026-10-31,23,quantile,0.01,0.0015669452261516514
2026-10-10,wk inc flu prop ed visits,3,2026-10-31,23,quantile,0.025,0.002203791162088449
2026-10-10,wk inc flu prop ed visits,3,2026-10-31,23,quantile,0.05,0.002836993457574922
2026-10-10,wk inc flu prop ed visits,3,2026-10-31,23,quantile,0.1,0.00377847144814652
2026-10-10,wk inc flu prop ed visits,3,2026-10-31,23,quantile,0.15,0.004523698549543476
2026-10-10,wk inc flu prop ed visits,3,2026-10-31,23,quantile,0.2,0.005233378801594642
2026-10-10,wk inc flu prop ed visits,3,2026-10-31,23,quantile,0.25,0.006078557295774648
2026-10-10,wk inc flu prop ed visits,3,2026-10-31,23,quantile,0.3,0.00684695369737601
2026-10-10,wk inc flu prop ed visits,3,2026-10-31,23,quantile,0.35,0.007764215354012808
2026-10-10,wk inc flu prop ed visits,3,2026-10-31,23,quantile,0.4,0.008704775690250088
2026-10-10,wk inc flu prop ed visits,3,2026-10-31,23,quantile,0.45,0.009707958572511773
2026-10-10,wk inc flu prop ed visits,3,2026-10-31,23,quantile,0.5,0.010657724655777825
2026-10-10,wk inc flu prop ed visits,3,2026-10-31,23,quantile,0.55,0.011760324021216313
2026-10-10,wk inc flu prop ed visits,3,2026-10-31,23,quantile,0.6,0.013154044527359882
2026-10-10,wk inc flu prop ed visits,3,2026-10-31,23,quantile,0.65,0.014626773518936168
2026-10-10,wk inc flu prop ed visits,3,2026-10-31,23,quantile,0.7,0.01598973050566692
2026-10-10,wk inc flu prop ed visits,3,2026-10-31,23,quantile,0.75,0.018336917065947853
2026-10-10,wk inc flu prop ed visits,3,2026-10-31,23,quantile,0.8,0.021352823797246387
2026-10-10,wk inc flu prop ed visits,3,2026-10-31,23,quantile,0.85,0.023989388144398556
2026-10-10,wk inc flu prop ed visits,3,2026-10-31,23,quantile,0.9,0.028223780957888443
2026-10-10,wk inc flu prop ed visits,3,2026-10-31,23,quantile,0.95,0.03805568795262643
2026-10-10,wk inc flu prop ed visits,3,2026-10-31,23,quantile,0.975,0.04939045508865403
2026-10-10,wk inc flu prop ed visits,3,2026-10-31,23,quantile,0.99,0.05801966220546971
2026-10-10,wk inc flu prop ed visits,0,2026-10-10,24,quantile,0.01,0.0015221473129294256
2026-10-10,wk inc flu prop ed visits,0,2026-10-10,24,quantile,0.025,0.0017482267695493612
2026-10-10,wk inc flu prop ed visits,0,2026-10-10,24,quantile,0.05,0.002018340525600778
2026-10-10,wk inc flu prop ed visits,0,2026-10-10,24,quantile,0.1,0.0023128301852460243
2026-10-10,wk inc flu prop ed visits,0,2026-10-10,24,quantile,0.15,0.002509120737737295
2026-10-10,wk inc flu prop ed visits,0,2026-10-10,24,quantile,0.2,0.002675171988099542
2026-10-10,wk inc flu prop ed visits,0,2026-10-10,24,quantile,0.25,0.0028089398896600695
2026-10-10,wk inc flu prop ed visits,0,2026-10-10,24,quantile,0.3,0.0029441207055391325
2026-10-10,wk inc flu prop ed visits,0,2026-10-10,24,quantile,0.35,0.0030864339414557115
2026-10-10,wk inc flu prop ed visits,0,2026-10-10,24,quantile,0.4,0.003204842429347822
2026-10-10,wk inc flu prop ed visits,0,2026-10-10,24,quantile,0.45,0.0033103870984337374
2026-10-10,wk inc flu prop ed visits,0,2026-10-10,24,quantile,0.5,0.003429678495577665
2026-10-10,wk inc flu prop ed visits,0,2026-10-10,24,quantile,0.55,0.003547267155924524
2026-10-10,wk inc flu prop ed visits,0,2026-10-10,24,quantile,0.6,0.0036865261892800203
2026-10-10,wk inc flu prop ed visits,0,2026-10-10,24,quantile,0.65,0.0038203423949913305
2026-10-10,wk inc flu prop ed visits,0,2026-10-10,24,quantile,0.7,0.003969224431754396
2026-10-10,wk inc flu prop ed visits,0,2026-10-10,24,quantile,0.75,0.0041272596327102135
2026-10-10,wk inc flu prop ed visits,0,2026-10-10,24,quantile,0.8,0.004329421034285602
2026-10-10,wk inc flu prop ed visits,0,2026-10-10,24,quantile,0.85,0.0045682866686993255
2026-10-10,wk inc flu prop ed visits,0,2026-10-10,24,quantile,0.9,0.005011880948141612
2026-10-10,wk inc flu prop ed visits,0,2026-10-10,24,quantile,0.95,0.005619948415748801
2026-10-10,wk inc flu prop ed visits,0,2026-10-10,24,quantile,0.975,0.006154022355044029
2026-10-10,wk inc flu prop ed visits,0,2026-10-10,24,quantile,0.99,0.007113114240785697
2026-10-10,wk inc flu prop ed visits,1,2026-10-17,24,quantile,0.01,0.0014590659098316344
2026-10-10,wk inc flu prop ed visits,1,2026-10-17,24,quantile,0.025,0.0018099616601948835
2026-10-10,wk inc flu prop ed visits,1,2026-10-17,24,quantile,0.05,0.0021434158763568175
2026-10-10,wk inc flu prop ed visits,1,2026-10-17,24,quantile,0.1,0.00249068510936455
2026-10-10,wk inc flu prop ed visits,1,2026-10-17,24,quantile,0.15,0.0027831520972316525
2026-10-10,wk inc flu prop ed visits,1,2026-10-17,24,quantile,0.2,0.0029967808775039615
2026-10-10,wk inc flu prop ed visits,1,2026-10-17,24,quantile,0.25,0.0032038415274579634
2026-10-10,wk inc flu prop ed visits,1,2026-10-17,24,quantile,0.3,0.0034155260847807747
2026-10-10,wk inc flu prop ed visits,1,2026-10-17,24,quantile,0.35,0.003595659722447613
2026-10-10,wk inc flu prop ed visits,1,2026-10-17,24,quantile,0.4,0.003775337633424381
2026-10-10,wk inc flu prop ed visits,1,2026-10-17,24,quantile,0.45,0.003969628387461416
2026-10-10,wk inc flu prop ed visits,1,2026-10-17,24,quantile,0.5,0.004176860380557264
2026-10-10,wk inc flu prop ed visits,1,2026-10-17,24,quantile,0.55,0.004394543756497485
2026-10-10,wk inc flu prop ed visits,1,2026-10-17,24,quantile,0.6,0.004615233582192598
2026-10-10,wk inc flu prop ed visits,1,2026-10-17,24,quantile,0.65,0.0049547130665813085
2026-10-10,wk inc flu prop ed visits,1,2026-10-17,24,quantile,0.7,0.005278836669444594
2026-10-10,wk inc flu prop ed visits,1,2026-10-17,24,quantile,0.75,0.005625297254158957
2026-10-10,wk inc flu prop ed visits,1,2026-10-17,24,quantile,0.8,0.0060136177929198675
2026-10-10,wk inc flu prop ed visits,1,2026-10-17,24,quantile,0.85,0.0067121189484623854
2026-10-10,wk inc flu prop ed visits,1,2026-10-17,24,quantile,0.9,0.00803458201355049
2026-10-10,wk inc flu prop ed visits,1,2026-10-17,24,quantile,0.95,0.009322873233406696
2026-10-10,wk inc flu prop ed visits,1,2026-10-17,24,quantile,0.975,0.010480010188342485
2026-10-10,wk inc flu prop ed visits,1,2026-10-17,24,quantile,0.99,0.01275027101667824
2026-10-10,wk inc flu prop ed visits,2,2026-10-24,24,quantile,0.01,0.0016770882383407865
2026-10-10,wk inc flu prop ed visits,2,2026-10-24,24,quantile,0.025,0.0019285433202770536
2026-10-10,wk inc flu prop ed visits,2,2026-10-24,24,quantile,0.05,0.002243207206035813
2026-10-10,wk inc flu prop ed visits,2,2026-10-24,24,quantile,0.1,0.002715454282001809
2026-10-10,wk inc flu prop ed visits,2,2026-10-24,24,quantile,0.15,0.0030598505045110894
2026-10-10,wk inc flu prop ed visits,2,2026-10-24,24,quantile,0.2,0.0033525035991771434
2026-10-10,wk inc flu prop ed visits,2,2026-10-24,24,quantile,0.25,0.003668634298385671
2026-10-10,wk inc flu prop ed visits,2,2026-10-24,24,quantile,0.3,0.003980221142475069
2026-10-10,wk inc flu prop ed visits,2,2026-10-24,24,quantile,0.35,0.004262968509950074
2026-10-10,wk inc flu prop ed visits,2,2026-10-24,24,quantile,0.4,0.004600822900846782
2026-10-10,wk inc flu prop ed visits,2,2026-10-24,24,quantile,0.45,0.004946471318697496
2026-10-10,wk inc flu prop ed visits,2,2026-10-24,24,quantile,0.5,0.0052776439758330275
2026-10-10,wk inc flu prop ed visits,2,2026-10-24,24,quantile,0.55,0.005627598845807011
2026-10-10,wk inc flu prop ed visits,2,2026-10-24,24,quantile,0.6,0.006153735795026193
2026-10-10,wk inc flu prop ed visits,2,2026-10-24,24,quantile,0.65,0.006733329086078255
2026-10-10,wk inc flu prop ed visits,2,2026-10-24,24,quantile,0.7,0.007437111442740889
2026-10-10,wk inc flu prop ed visits,2,2026-10-24,24,quantile,0.75,0.008304370321870435
2026-10-10,wk inc flu prop ed visits,2,2026-10-24,24,quantile,0.8,0.009320139534504952
2026-10-10,wk inc flu prop ed visits,2,2026-10-24,24,quantile,0.85,0.010240410652442782
2026-10-10,wk inc flu prop ed visits,2,2026-10-24,24,quantile,0.9,0.012075481093278852
2026-10-10,wk inc flu prop ed visits,2,2026-10-24,24,quantile,0.95,0.015213780267588437
2026-10-10,wk inc flu prop ed visits,2,2026-10-24,24,quantile,0.975,0.020471673037710664
2026-10-10,wk inc flu prop ed visits,2,2026-10-24,24,quantile,0.99,0.021619342681314435
2026-10-10,wk inc flu prop ed visits,3,2026-10-31,24,quantile,0.01,0.0017307911735900115
2026-10-10,wk inc flu prop ed visits,3,2026-10-31,24,quantile,0.025,0.002246740116653197
2026-10-10,wk inc flu prop ed visits,3,2026-10-31,24,quantile,0.05,0.0026718917082160874
2026-10-10,wk inc flu prop ed visits,3,2026-10-31,24,quantile,0.1,0.0032740113064280217
2026-10-10,wk inc flu prop ed visits,3,2026-10-31,24,quantile,0.15,0.0036791609967190483
2026-10-10,wk inc flu prop ed visits,3,2026-10-31,24,quantile,0.2,0.004085148803453986
2026-10-10,wk inc flu prop ed visits,3,2026-10-31,24,quantile,0.25,0.004439265952202304
2026-10-10,wk inc flu prop ed visits,3,2026-10-31,24,quantile,0.3,0.004947359735695521
2026-10-10,wk inc flu prop ed visits,3,2026-10-31,24,quantile,0.35,0.005423423174423896
2026-10-10,wk inc flu prop ed visits,3,2026-10-31,24,quantile,0.4,0.005912210088015955
2026-10-10,wk inc flu prop ed visits,3,2026-10-31,24,quantile,0.45,0.0064157188388121195
2026-10-10,wk inc flu prop ed visits,3,2026-10-31,24,quantile,0.5,0.0070858580669062
2026-10-10,wk inc flu prop ed visits,3,2026-10-31,24,quantile,0.55,0.007809850910623707
2026-10-10,wk inc flu prop ed visits,3,2026-10-31,24,quantile,0.6,0.008723323973921733
2026-10-10,wk inc flu prop ed visits,3,2026-10-31,24,quantile,0.65,0.009841288795858364
2026-10-10,wk inc flu prop ed visits,3,2026-10-31,24,quantile,0.7,0.010770403216047202
2026-10-10,wk inc flu prop ed visits,3,2026-10-31,24,quantile,0.75,0.011808874766401575
2026-10-10,wk inc flu prop ed visits,3,2026-10-31,24,quantile,0.8,0.012985588838325884
2026-10-10,wk inc flu prop ed visits,3,2026-10-31,24,quantile,0.85,0.015086800095917431
2026-10-10,wk inc flu prop ed visits,3,2026-10-31,24,quantile,0.9,0.017197046753125885
2026-10-10,wk inc flu prop ed visits,3,2026-10-31,24,quantile,0.95,0.020769046030614517
2026-10-10,wk inc flu prop ed visits,3,2026-10-31,24,quantile,0.975,0.03253215373865449
2026-10-10,wk inc flu prop ed visits,3,2026-10-31,24,quantile,0.99,0.03752141120797073
2026-10-10,wk inc flu prop ed visits,0,2026-10-10,25,quantile,0.01,0.0014534211300244
2026-10-10,wk inc flu prop ed visits,0,2026-10-10,25,quantile,0.025,0.0016542508373441366
2026-10-10,wk inc flu prop ed visits,0,2026-10-10,25,quantile,0.05,0.0018456733864163784
2026-10-10,wk inc flu prop ed visits,0,2026-10-10,25,quantile,0.1,0.0021643316702690523
2026-10-10,wk inc flu prop ed visits,0,2026-10-10,25,quantile,0.15,0.0023599749996852876
2026-10-10,wk inc flu prop ed visits,0,2026-10-10,25,quantile,0.2,0.0025080835793985998
2026-10-10,wk inc flu prop ed visits,0,2026-10-10,25,quantile,0.25,0.0026873951217874824
2026-10-10,wk inc flu prop ed visits,0,2026-10-10,25,quantile,0.3,0.002835335504212548
2026-10-10,wk inc flu prop ed visits,0,2026-10-10,25,quantile,0.35,0.002988263211292085
2026-10-10,wk inc flu prop ed visits,0,2026-10-10,25,quantile,0.4,0.003102917434025318
2026-10-10,wk inc flu prop ed visits,0,2026-10-10,25,quantile,0.45,0.0032403332663482392
2026-10-10,wk inc flu prop ed visits,0,2026-10-10,25,quantile,0.5,0.0033505763042620046
2026-10-10,wk inc flu prop ed visits,0,2026-10-10,25,quantile,0.55,0.0034667082927967146
2026-10-10,wk inc flu prop ed visits,0,2026-10-10,25,quantile,0.6,0.0035915248492152255
2026-10-10,wk inc flu prop ed visits,0,2026-10-10,25,quantile,0.65,0.003730662982360824
2026-10-10,wk inc flu prop ed visits,0,2026-10-10,25,quantile,0.7,0.0038892849541277644
2026-10-10,wk inc flu prop ed visits,0,2026-10-10,25,quantile,0.75,0.004076148214674608
2026-10-10,wk inc flu prop ed visits,0,2026-10-10,25,quantile,0.8,0.004274382778019975
2026-10-10,wk inc flu prop ed visits,0,2026-10-10,25,quantile,0.85,0.004529670749142026
2026-10-10,wk inc flu prop ed visits,0,2026-10-10,25,quantile,0.9,0.004872636749783509
2026-10-10,wk inc flu prop ed visits,0,2026-10-10,25,quantile,0.95,0.006240665208191535
2026-10-10,wk inc flu prop ed visits,0,2026-10-10,25,quantile,0.975,0.006849777567630933
2026-10-10,wk inc flu prop ed visits,0,2026-10-10,25,quantile,0.99,0.007118707459021828
2026-10-10,wk inc flu prop ed visits,1,2026-10-17,25,quantile,0.01,0.0013266776368690302
2026-10-10,wk inc flu prop ed visits,1,2026-10-17,25,quantile,0.025,0.00169350316258022
2026-10-10,wk inc flu prop ed visits,1,2026-10-17,25,quantile,0.05,0.0019304872028376152
2026-10-10,wk inc flu prop ed visits,1,2026-10-17,25,quantile,0.1,0.002436009064403523
2026-10-10,wk inc flu prop ed visits,1,2026-10-17,25,quantile,0.15,0.002824527101291439
2026-10-10,wk inc flu prop ed visits,1,2026-10-17,25,quantile,0.2,0.0031264442507937164
2026-10-10,wk inc flu prop ed visits,1,2026-10-17,25,quantile,0.25,0.0033622123770082695
2026-10-10,wk inc flu prop ed visits,1,2026-10-17,25,quantile,0.3,0.003617167992897257
2026-10-10,wk inc flu prop ed visits,1,2026-10-17,25,quantile,0.35,0.003879949420687808
2026-10-10,wk inc flu prop ed visits,1,2026-10-17,25,quantile,0.4,0.004182049437265331
2026-10-10,wk inc flu prop ed visits,1,2026-10-17,25,quantile,0.45,0.004496686067845488
2026-10-10,wk inc flu prop ed visits,1,2026-10-17,25,quantile,0.5,0.004730229100286922
2026-10-10,wk inc flu prop ed visits,1,2026-10-17,25,quantile,0.55,0.004932499960254963
2026-10-10,wk inc flu prop ed visits,1,2026-10-17,25,quantile,0.6,0.005188020012520658
2026-10-10,wk inc flu prop ed visits,1,2026-10-17,25,quantile,0.65,0.00550523301294749
2026-10-10,wk inc flu prop ed visits,1,2026-10-17,25,quantile,0.7,0.005917730085897171
2026-10-10,wk inc flu prop ed visits,1,2026-10-17,25,quantile,0.75,0.006711752291838272
2026-10-10,wk inc flu prop ed visits,1,2026-10-17,25,quantile,0.8,0.007155702758017007
2026-10-10,wk inc flu prop ed visits,1,2026-10-17,25,quantile,0.85,0.007677581261365443
2026-10-10,wk inc flu prop ed visits,1,2026-10-17,25,quantile,0.9,0.008338340230089803
2026-10-10,wk inc flu prop ed visits,1,2026-10-17,25,quantile,0.95,0.010498327474328165
2026-10-10,wk inc flu prop ed visits,1,2026-10-17,25,quantile,0.975,0.011136753949911605
2026-10-10,wk inc flu prop ed visits,1,2026-10-17,25,quantile,0.99,0.011590370046868708
2026-10-10,wk inc flu prop ed visits,2,2026-10-24,25,quantile,0.01,0.0014080313213217371
2026-10-10,wk inc flu prop ed visits,2,2026-10-24,25,quantile,0.025,0.001702580397892017
2026-10-10,wk inc flu prop ed visits,2,2026-10-24,25,quantile,0.05,0.0021295670027681158
2026-10-10,wk inc flu prop ed visits,2,2026-10-24,25,quantile,0.1,0.0027650981549730697
2026-10-10,wk inc flu prop ed visits,2,2026-10-24,25,quantile,0.15,0.003312291556808388
2026-10-10,wk inc flu prop ed visits,2,2026-10-24,25,quantile,0.2,0.0037586556677952016
2026-10-10,wk inc flu prop ed visits,2,2026-10-24,25,quantile,0.25,0.004332576329246802
2026-10-10,wk inc flu prop ed visits,2,2026-10-24,25,quantile,0.3,0.004888903663732604
2026-10-10,wk inc flu prop ed visits,2,2026-10-24,25,quantile,0.35,0.0053501877187176064
2026-10-10,wk inc flu prop ed visits,2,2026-10-24,25,quantile,0.4,0.006178819899089756
2026-10-10,wk inc flu prop ed visits,2,2026-10-24,25,quantile,0.45,0.0068954764852851205
2026-10-10,wk inc flu prop ed visits,2,2026-10-24,25,quantile,0.5,0.007509887283913739
2026-10-10,wk inc flu prop ed visits,2,2026-10-24,25,quantile,0.55,0.008048331388694853
2026-10-10,wk inc flu prop ed visits,2,2026-10-24,25,quantile,0.6,0.008537399744152229
2026-10-10,wk inc flu prop ed visits,2,2026-10-24,25,quantile,0.65,0.008927590889255363
2026-10-10,wk inc flu prop ed visits,2,2026-10-24,25,quantile,0.7,0.00944080060515182
2026-10-10,wk inc flu prop ed visits,2,2026-10-24,25,quantile,0.75,0.009955952662318577
2026-10-10,wk inc flu prop ed visits,2,2026-10-24,25,quantile,0.8,0.010851029774508355
2026-10-10,wk inc flu prop ed visits,2,2026-10-24,25,quantile,0.85,0.011957304808609695
2026-10-10,wk inc flu prop ed visits,2,2026-10-24,25,quantile,0.9,0.013788213730643865
2026-10-10,wk inc flu prop ed visits,2,2026-10-24,25,quantile,0.95,0.01796364557983366
2026-10-10,wk inc flu prop ed visits,2,2026-10-24,25,quantile,0.975,0.018823312438147097
2026-10-10,wk inc flu prop ed visits,2,2026-10-24,25,quantile,0.99,0.019564546697670902
2026-10-10,wk inc flu prop ed visits,3,2026-10-31,25,quantile,0.01,0.0017862599388179202
2026-10-10,wk inc flu prop ed visits,3,2026-10-31,25,quantile,0.025,0.0020740726355572042
2026-10-10,wk inc flu prop ed visits,3,2026-10-31,25,quantile,0.05,0.002522207350656211
2026-10-10,wk inc flu prop ed visits,3,2026-10-31,25,quantile,0.1,0.003531758332960916
2026-10-10,wk inc flu prop ed visits,3,2026-10-31,25,quantile,0.15,0.0044522981080719875
2026-10-10,wk inc flu prop ed visits,3,2026-10-31,25,quantile,0.2,0.0053293381136743385
2026-10-10,wk inc flu prop ed visits,3,2026-10-31,25,quantile,0.25,0.006023166996291431
2026-10-10,wk inc flu prop ed visits,3,2026-10-31,25,quantile,0.3,0.006789325060424583
2026-10-10,wk inc flu prop ed visits,3,2026-10-31,25,quantile,0.35,0.007628818286431355
2026-10-10,wk inc flu prop ed visits,3,2026-10-31,25,quantile,0.4,0.008253841805842651
2026-10-10,wk inc flu prop ed visits,3,2026-10-31,25,quantile,0.45,0.009074189783561377
2026-10-10,wk inc flu prop ed visits,3,2026-10-31,25,quantile,0.5,0.00987789724001082
2026-10-10,wk inc flu prop ed visits,3,2026-10-31,25,quantile,0.55,0.010898346571625648
2026-10-10,wk inc flu prop ed visits,3,2026-10-31,25,quantile,0.6,0.011859684940816479
2026-10-10,wk inc flu prop ed visits,3,2026-10-31,25,quantile,0.65,0.013169211735569081
2026-10-10,wk inc flu prop ed visits,3,2026-10-31,25,quantile,0.7,0.014137987806426647
2026-10-10,wk inc flu prop ed visits,3,2026-10-31,25,quantile,0.75,0.014980403214798724
2026-10-10,wk inc flu prop ed visits,3,2026-10-31,25,quantile,0.8,0.0158273360527601
2026-10-10,wk inc flu prop ed visits,3,2026-10-31,25,quantile,0.85,0.017115398159912323
2026-10-10,wk inc flu prop ed visits,3,2026-10-31,25,quantile,0.9,0.019387426578251404
2026-10-10,wk inc flu prop ed visits,3,2026-10-31,25,quantile,0.95,0.026719723187501293
2026-10-10,wk inc flu prop ed visits,3,2026-10-31,25,quantile,0.975,0.033035578306118335
2026-10-10,wk inc flu prop ed visits,3,2026-10-31,25,quantile,0.99,0.034229667793680224
2026-10-10,wk inc flu prop ed visits,0,2026-10-10,26,quantile,0.01,8.976374426704431e-4
2026-10-10,wk inc flu prop ed visits,0,2026-10-10,26,quantile,0.025,0.00109001416241025
2026-10-10,wk inc flu prop ed visits,0,2026-10-10,26,quantile,0.05,0.0013087731070504046
2026-10-10,wk inc flu prop ed visits,0,2026-10-10,26,quantile,0.1,0.001552166759059042
2026-10-10,wk inc flu prop ed visits,0,2026-10-10,26,quantile,0.15,0.0017106975369511894
2026-10-10,wk inc flu prop ed visits,0,2026-10-10,26,quantile,0.2,0.0018315839106338456
2026-10-10,wk inc flu prop ed visits,0,2026-10-10,26,quantile,0.25,0.00193779912371493
2026-10-10,wk inc flu prop ed visits,0,2026-10-10,26,quantile,0.3,0.0020313935016520973
2026-10-10,wk inc flu prop ed visits,0,2026-10-10,26,quantile,0.35,0.002123565374719921
2026-10-10,wk inc flu prop ed visits,0,2026-10-10,26,quantile,0.4,0.0022124440664000418
2026-10-10,wk inc flu prop ed visits,0,2026-10-10,26,quantile,0.45,0.0023114166615983193
2026-10-10,wk inc flu prop ed visits,0,2026-10-10,26,quantile,0.5,0.002412499757624458
2026-10-10,wk inc flu prop ed visits,0,2026-10-10,26,quantile,0.55,0.002512834395924981
2026-10-10,wk inc flu prop ed visits,0,2026-10-10,26,quantile,0.6,0.0026202899080325684
2026-10-10,wk inc flu prop ed visits,0,2026-10-10,26,quantile,0.65,0.0027259186984041717
2026-10-10,wk inc flu prop ed visits,0,2026-10-10,26,quantile,0.7,0.002828666362539968
2026-10-10,wk inc flu prop ed visits,0,2026-10-10,26,quantile,0.75,0.0029581697631917347
2026-10-10,wk inc flu prop ed visits,0,2026-10-10,26,quantile,0.8,0.0031164664134705105
2026-10-10,wk inc flu prop ed visits,0,2026-10-10,26,quantile,0.85,0.003316270219327747
2026-10-10,wk inc flu prop ed visits,0,2026-10-10,26,quantile,0.9,0.00364448368220277
2026-10-10,wk inc flu prop ed visits,0,2026-10-10,26,quantile,0.95,0.004239815768773899
2026-10-10,wk inc flu prop ed visits,0,2026-10-10,26,quantile,0.975,0.0048604851157369264
2026-10-10,wk inc flu prop ed visits,0,2026-10-10,26,quantile,0.99,0.005473091463774821
2026-10-10,wk inc flu prop ed visits,1,2026-10-17,26,quantile,0.01,9.378707712577304e-4
2026-10-10,wk inc flu prop ed visits,1,2026-10-17,26,quantile,0.025,0.0011537480698790047
2026-10-10,wk inc flu prop ed visits,1,2026-10-17,26,quantile,0.05,0.0013838848435870545
2026-10-10,wk inc flu prop ed visits,1,2026-10-17,26,quantile,0.1,0.0016455212961458726
2026-10-10,wk inc flu prop ed visits,1,2026-10-17,26,quantile,0.15,0.0018335597644950918
2026-10-10,wk inc flu prop ed visits,1,2026-10-17,26,quantile,0.2,0.002019862233895408
2026-10-10,wk inc flu prop ed visits,1,2026-10-17,26,quantile,0.25,0.0021676755206496796
2026-10-10,wk inc flu prop ed visits,1,2026-10-17,26,quantile,0.3,0.0022925543012486415
2026-10-10,wk inc flu prop ed visits,1,2026-10-17,26,quantile,0.35,0.0024290447955763834
2026-10-10,wk inc flu prop ed visits,1,2026-10-17,26,quantile,0.4,0.0025624927783595543
2026-10-10,wk inc flu prop ed visits,1,2026-10-17,26,quantile,0.45,0.0026988501037276203
2026-10-10,wk inc flu prop ed visits,1,2026-10-17,26,quantile,0.5,0.002834934570039573
2026-10-10,wk inc flu prop ed visits,1,2026-10-17,26,quantile,0.55,0.002974205770034608
2026-10-10,wk inc flu prop ed visits,1,2026-10-17,26,quantile,0.6,0.0031266282214331338
2026-10-10,wk inc flu prop ed visits,1,2026-10-17,26,quantile,0.65,0.0033365295163430104
2026-10-10,wk inc flu prop ed visits,1,2026-10-17,26,quantile,0.7,0.0035373225574474735
2026-10-10,wk inc flu prop ed visits,1,2026-10-17,26,quantile,0.75,0.0037581264347041846
2026-10-10,wk inc flu prop ed visits,1,2026-10-17,26,quantile,0.8,0.004056408267901354
2026-10-10,wk inc flu prop ed visits,1,2026-10-17,26,quantile,0.85,0.004445760166497388
2026-10-10,wk inc flu prop ed visits,1,2026-10-17,26,quantile,0.9,0.005170450568106354
2026-10-10,wk inc flu prop ed visits,1,2026-10-17,26,quantile,0.95,0.006630699034791434
2026-10-10,wk inc flu prop ed visits,1,2026-10-17,26,quantile,0.975,0.008481903406458081
2026-10-10,wk inc flu prop ed visits,1,2026-10-17,26,quantile,0.99,0.009567405254511663
2026-10-10,wk inc flu prop ed visits,2,2026-10-24,26,quantile,0.01,9.140141100346141e-4
2026-10-10,wk inc flu prop ed visits,2,2026-10-24,26,quantile,0.025,0.001152618606552107
2026-10-10,wk inc flu prop ed visits,2,2026-10-24,26,quantile,0.05,0.001405780124169113
2026-10-10,wk inc flu prop ed visits,2,2026-10-24,26,quantile,0.1,0.0018037862858271167
2026-10-10,wk inc flu prop ed visits,2,2026-10-24,26,quantile,0.15,0.0020308010506949925
2026-10-10,wk inc flu prop ed visits,2,2026-10-24,26,quantile,0.2,0.002269788498551641
2026-10-10,wk inc flu prop ed visits,2,2026-10-24,26,quantile,0.25,0.00247198078587919
2026-10-10,wk inc flu prop ed visits,2,2026-10-24,26,quantile,0.3,0.002624937086691265
2026-10-10,wk inc flu prop ed visits,2,2026-10-24,26,quantile,0.35,0.002811619673936874
2026-10-10,wk inc flu prop ed visits,2,2026-10-24,26,quantile,0.4,0.0030135083872356054
2026-10-10,wk inc flu prop ed visits,2,2026-10-24,26,quantile,0.45,0.0031964302035188174
2026-10-10,wk inc flu prop ed visits,2,2026-10-24,26,quantile,0.5,0.003420352061125994
2026-10-10,wk inc flu prop ed visits,2,2026-10-24,26,quantile,0.55,0.003659336890185865
2026-10-10,wk inc flu prop ed visits,2,2026-10-24,26,quantile,0.6,0.003933084939020303
2026-10-10,wk inc flu prop ed visits,2,2026-10-24,26,quantile,0.65,0.004278843997654573
2026-10-10,wk inc flu prop ed visits,2,2026-10-24,26,quantile,0.7,0.004638663850080699
2026-10-10,wk inc flu prop ed visits,2,2026-10-24,26,quantile,0.75,0.0051119720464500315
2026-10-10,wk inc flu prop ed visits,2,2026-10-24,26,quantile,0.8,0.005568013858430462
2026-10-10,wk inc flu prop ed visits,2,2026-10-24,26,quantile,0.85,0.006322665953465144
2026-10-10,wk inc flu prop ed visits,2,2026-10-24,26,quantile,0.9,0.007559755709158081
2026-10-10,wk inc flu prop ed visits,2,2026-10-24,26,quantile,0.95,0.010992720272251375
2026-10-10,wk inc flu prop ed visits,2,2026-10-24,26,quantile,0.975,0.015205105435446748
2026-10-10,wk inc flu prop ed visits,2,2026-10-24,26,quantile,0.99,0.015985051354349945
2026-10-10,wk inc flu prop ed visits,3,2026-10-31,26,quantile,0.01,9.427591197102552e-4
2026-10-10,wk inc flu prop ed visits,3,2026-10-31,26,quantile,0.025,0.0012402877844845945
2026-10-10,wk inc flu prop ed visits,3,2026-10-31,26,quantile,0.05,0.0016983660702067597
2026-10-10,wk inc flu prop ed visits,3,2026-10-31,26,quantile,0.1,0.0020339324584683085
2026-10-10,wk inc flu prop ed visits,3,2026-10-31,26,quantile,0.15,0.0023662307091444684
2026-10-10,wk inc flu prop ed visits,3,2026-10-31,26,quantile,0.2,0.002635617075821289
2026-10-10,wk inc flu prop ed visits,3,2026-10-31,26,quantile,0.25,0.0029175882780092437
2026-10-10,wk inc flu prop ed visits,3,2026-10-31,26,quantile,0.3,0.0031794207161113096
2026-10-10,wk inc flu prop ed visits,3,2026-10-31,26,quantile,0.35,0.0034538445107121897
2026-10-10,wk inc flu prop ed visits,3,2026-10-31,26,quantile,0.4,0.003725950738519148
2026-10-10,wk inc flu prop ed visits,3,2026-10-31,26,quantile,0.45,0.004098024796883304
2026-10-10,wk inc flu prop ed visits,3,2026-10-31,26,quantile,0.5,0.004417944339624634
2026-10-10,wk inc flu prop ed visits,3,2026-10-31,26,quantile,0.55,0.004784592488559319
2026-10-10,wk inc flu prop ed visits,3,2026-10-31,26,quantile,0.6,0.005143260386229901
2026-10-10,wk inc flu prop ed visits,3,2026-10-31,26,quantile,0.65,0.005649971813169492
2026-10-10,wk inc flu prop ed visits,3,2026-10-31,26,quantile,0.7,0.006324721555632768
2026-10-10,wk inc flu prop ed visits,3,2026-10-31,26,quantile,0.75,0.007032779958740098
2026-10-10,wk inc flu prop ed visits,3,2026-10-31,26,quantile,0.8,0.007950499008531571
2026-10-10,wk inc flu prop ed visits,3,2026-10-31,26,quantile,0.85,0.009551398769690717
2026-10-10,wk inc flu prop ed visits,3,2026-10-31,26,quantile,0.9,0.011704840059722542
2026-10-10,wk inc flu prop ed visits,3,2026-10-31,26,quantile,0.95,0.01798856224783348
2026-10-10,wk inc flu prop ed visits,3,2026-10-31,26,quantile,0.975,0.026621597765801964
2026-10-10,wk inc flu prop ed visits,3,2026-10-31,26,quantile,0.99,0.02788868147827571
2026-10-10,wk inc flu prop ed visits,0,2026-10-10,27,quantile,0.01,0.0011453489320075614
2026-10-10,wk inc flu prop ed visits,0,2026-10-10,27,quantile,0.025,0.0013522445184387531
2026-10-10,wk inc flu prop ed visits,0,2026-10-10,27,quantile,0.05,0.0015331947081026417
2026-10-10,wk inc flu prop ed visits,0,2026-10-10,27,quantile,0.1,0.0017809738901580965
2026-10-10,wk inc flu prop ed visits,0,2026-10-10,27,quantile,0.15,0.0019728680836985056
2026-10-10,wk inc flu prop ed visits,0,2026-10-10,27,quantile,0.2,0.002142013670841829
2026-10-10,wk inc flu prop ed visits,0,2026-10-10,27,quantile,0.25,0.0022576738047548305
2026-10-10,wk inc flu prop ed visits,0,2026-10-10,27,quantile,0.3,0.0023914170954869385
2026-10-10,wk inc flu prop ed visits,0,2026-10-10,27,quantile,0.35,0.0025089815244220435
2026-10-10,wk inc flu prop ed visits,0,2026-10-10,27,quantile,0.4,0.0026192005907671803
2026-10-10,wk inc flu prop ed visits,0,2026-10-10,27,quantile,0.45,0.0027389509856318417
2026-10-10,wk inc flu prop ed visits,0,2026-10-10,27,quantile,0.5,0.0028505198103522273
2026-10-10,wk inc flu prop ed visits,0,2026-10-10,27,quantile,0.55,0.002966860382684609
2026-10-10,wk inc flu prop ed visits,0,2026-10-10,27,quantile,0.6,0.003097855057805334
2026-10-10,wk inc flu prop ed visits,0,2026-10-10,27,quantile,0.65,0.0032403735081093276
2026-10-10,wk inc flu prop ed visits,0,2026-10-10,27,quantile,0.7,0.0033945049859326042
2026-10-10,wk inc flu prop ed visits,0,2026-10-10,27,quantile,0.75,0.0035684205424703404
2026-10-10,wk inc flu prop ed visits,0,2026-10-10,27,quantile,0.8,0.0037356971775470973
2026-10-10,wk inc flu prop ed visits,0,2026-10-10,27,quantile,0.85,0.004009323713947556
2026-10-10,wk inc flu prop ed visits,0,2026-10-10,27,quantile,0.9,0.004345937712558378
2026-10-10,wk inc flu prop ed visits,0,2026-10-10,27,quantile,0.95,0.004840192904112852
2026-10-10,wk inc flu prop ed visits,0,2026-10-10,27,quantile,0.975,0.0054721029686981655
2026-10-10,wk inc flu prop ed visits,0,2026-10-10,27,quantile,0.99,0.006194392810684739
2026-10-10,wk inc flu prop ed visits,1,2026-10-17,27,quantile,0.01,0.0011199537842688629
2026-10-10,wk inc flu prop ed visits,1,2026-10-17,27,quantile,0.025,0.0013773624062386994
2026-10-10,wk inc flu prop ed visits,1,2026-10-17,27,quantile,0.05,0.0016246792838564912
2026-10-10,wk inc flu prop ed visits,1,2026-10-17,27,quantile,0.1,0.0019303224811129233
2026-10-10,wk inc flu prop ed visits,1,2026-10-17,27,quantile,0.15,0.0021491212876306237
2026-10-10,wk inc flu prop ed visits,1,2026-10-17,27,quantile,0.2,0.0023532641600699723
2026-10-10,wk inc flu prop ed visits,1,2026-10-17,27,quantile,0.25,0.002521299888397568
2026-10-10,wk inc flu prop ed visits,1,2026-10-17,27,quantile,0.3,0.002682927429289066
2026-10-10,wk inc flu prop ed visits,1,2026-10-17,27,quantile,0.35,0.002837439193261267
2026-10-10,wk inc flu prop ed visits,1,2026-10-17,27,quantile,0.4,0.002998390622478723
2026-10-10,wk inc flu prop ed visits,1,2026-10-17,27,quantile,0.45,0.0031392713008353192
2026-10-10,wk inc flu prop ed visits,1,2026-10-17,27,quantile,0.5,0.0032976358551954172
2026-10-10,wk inc flu prop ed visits,1,2026-10-17,27,quantile,0.55,0.0034581009725422867
2026-10-10,wk inc flu prop ed visits,1,2026-10-17,27,quantile,0.6,0.0036513901151289975
2026-10-10,wk inc flu prop ed visits,1,2026-10-17,27,quantile,0.65,0.003861665674176143
2026-10-10,wk inc flu prop ed visits,1,2026-10-17,27,quantile,0.7,0.004084928947487267
2026-10-10,wk inc flu prop ed visits,1,2026-10-17,27,quantile,0.75,0.004360811018466075
2026-10-10,wk inc flu prop ed visits,1,2026-10-17,27,quantile,0.8,0.0046845711387142625
2026-10-10,wk inc flu prop ed visits,1,2026-10-17,27,quantile,0.85,0.005102449042966652
2026-10-10,wk inc flu prop ed visits,1,2026-10-17,27,quantile,0.9,0.005830768448477643
2026-10-10,wk inc flu prop ed visits,1,2026-10-17,27,quantile,0.95,0.007070073334328733
2026-10-10,wk inc flu prop ed visits,1,2026-10-17,27,quantile,0.975,0.008504024246853675
2026-10-10,wk inc flu prop ed visits,1,2026-10-17,27,quantile,0.99,0.01008218101536118
2026-10-10,wk inc flu prop ed visits,2,2026-10-24,27,quantile,0.01,0.0011282545706214869
2026-10-10,wk inc flu prop ed visits,2,2026-10-24,27,quantile,0.025,0.0014215605387778677
2026-10-10,wk inc flu prop ed visits,2,2026-10-24,27,quantile,0.05,0.0016600694887223258
2026-10-10,wk inc flu prop ed visits,2,2026-10-24,27,quantile,0.1,0.0020499393195560463
2026-10-10,wk inc flu prop ed visits,2,2026-10-24,27,quantile,0.15,0.002325122476373922
2026-10-10,wk inc flu prop ed visits,2,2026-10-24,27,quantile,0.2,0.00261835000215111
2026-10-10,wk inc flu prop ed visits,2,2026-10-24,27,quantile,0.25,0.00283441700095747
2026-10-10,wk inc flu prop ed visits,2,2026-10-24,27,quantile,0.3,0.003067048357830735
2026-10-10,wk inc flu prop ed visits,2,2026-10-24,27,quantile,0.35,0.0032780188686527857
2026-10-10,wk inc flu prop ed visits,2,2026-10-24,27,quantile,0.4,0.0035142824270374858
2026-10-10,wk inc flu prop ed visits,2,2026-10-24,27,quantile,0.45,0.0037283962715572386
2026-10-10,wk inc flu prop ed visits,2,2026-10-24,27,quantile,0.5,0.003975892243729047
2026-10-10,wk inc flu prop ed visits,2,2026-10-24,27,quantile,0.55,0.0042264843258648325
2026-10-10,wk inc flu prop ed visits,2,2026-10-24,27,quantile,0.6,0.004509906381818538
2026-10-10,wk inc flu prop ed visits,2,2026-10-24,27,quantile,0.65,0.004833425165251136
2026-10-10,wk inc flu prop ed visits,2,2026-10-24,27,quantile,0.7,0.005227805819256611
2026-10-10,wk inc flu prop ed visits,2,2026-10-24,27,quantile,0.75,0.005727623547236337
2026-10-10,wk inc flu prop ed visits,2,2026-10-24,27,quantile,0.8,0.006350587372497788
2026-10-10,wk inc flu prop ed visits,2,2026-10-24,27,quantile,0.85,0.007098155949457912
2026-10-10,wk inc flu prop ed visits,2,2026-10-24,27,quantile,0.9,0.008200654229473157
2026-10-10,wk inc flu prop ed visits,2,2026-10-24,27,quantile,0.95,0.010652781352695758
2026-10-10,wk inc flu prop ed visits,2,2026-10-24,27,quantile,0.975,0.014509094415153963
2026-10-10,wk inc flu prop ed visits,2,2026-10-24,27,quantile,0.99,0.017847377019502154
2026-10-10,wk inc flu prop ed visits,3,2026-10-31,27,quantile,0.01,0.0012650773240996968
2026-10-10,wk inc flu prop ed visits,3,2026-10-31,27,quantile,0.025,0.0015586763555009505
2026-10-10,wk inc flu prop ed visits,3,2026-10-31,27,quantile,0.05,0.0019394635423297555
2026-10-10,wk inc flu prop ed visits,3,2026-10-31,27,quantile,0.1,0.0023729333210439976
2026-10-10,wk inc flu prop ed visits,3,2026-10-31,27,quantile,0.15,0.0027342170803222538
2026-10-10,wk inc flu prop ed visits,3,2026-10-31,27,quantile,0.2,0.003090459849379088
2026-10-10,wk inc flu prop ed visits,3,2026-10-31,27,quantile,0.25,0.0034262548519219975
2026-10-10,wk inc flu prop ed visits,3,2026-10-31,27,quantile,0.3,0.003725320563895395
2026-10-10,wk inc flu prop ed visits,3,2026-10-31,27,quantile,0.35,0.003970960515936843
2026-10-10,wk inc flu prop ed visits,3,2026-10-31,27,quantile,0.4,0.0042766913182868856
2026-10-10,wk inc flu prop ed visits,3,2026-10-31,27,quantile,0.45,0.004646492307073239
2026-10-10,wk inc flu prop ed visits,3,2026-10-31,27,quantile,0.5,0.005048396735038629
2026-10-10,wk inc flu prop ed visits,3,2026-10-31,27,quantile,0.55,0.005471868690122149
2026-10-10,wk inc flu prop ed visits,3,2026-10-31,27,quantile,0.6,0.00594430026494223
2026-10-10,wk inc flu prop ed visits,3,2026-10-31,27,quantile,0.65,0.006556431102302442
2026-10-10,wk inc flu prop ed visits,3,2026-10-31,27,quantile,0.7,0.007216289298372965
2026-10-10,wk inc flu prop ed visits,3,2026-10-31,27,quantile,0.75,0.008056676626124044
2026-10-10,wk inc flu prop ed visits,3,2026-10-31,27,quantile,0.8,0.008855728207622822
2026-10-10,wk inc flu prop ed visits,3,2026-10-31,27,quantile,0.85,0.010002625687875894
2026-10-10,wk inc flu prop ed visits,3,2026-10-31,27,quantile,0.9,0.011871091008879876
2026-10-10,wk inc flu prop ed visits,3,2026-10-31,27,quantile,0.95,0.016821085576137297
2026-10-10,wk inc flu prop ed visits,3,2026-10-31,27,quantile,0.975,0.022589634862842545
2026-10-10,wk inc flu prop ed visits,3,2026-10-31,27,quantile,0.99,0.03095550158198984
2026-10-10,wk inc flu prop ed visits,0,2026-10-10,28,quantile,0.01,0.003351345898934683
2026-10-10,wk inc flu prop ed visits,0,2026-10-10,28,quantile,0.025,0.003860361770570325
2026-10-10,wk inc flu prop ed visits,0,2026-10-10,28,quantile,0.05,0.00427396385330834
2026-10-10,wk inc flu prop ed visits,0,2026-10-10,28,quantile,0.1,0.004856868023841225
2026-10-10,wk inc flu prop ed visits,0,2026-10-10,28,quantile,0.15,0.005296284438506115
2026-10-10,wk inc flu prop ed visits,0,2026-10-10,28,quantile,0.2,0.005595075205915986
2026-10-10,wk inc flu prop ed visits,0,2026-10-10,28,quantile,0.25,0.005843055308721165
2026-10-10,wk inc flu prop ed visits,0,2026-10-10,28,quantile,0.3,0.006101604189456971
2026-10-10,wk inc flu prop ed visits,0,2026-10-10,28,quantile,0.35,0.006354932046176872
2026-10-10,wk inc flu prop ed visits,0,2026-10-10,28,quantile,0.4,0.006591026358301423
2026-10-10,wk inc flu prop ed visits,0,2026-10-10,28,quantile,0.45,0.006819804788499995
2026-10-10,wk inc flu prop ed visits,0,2026-10-10,28,quantile,0.5,0.007054463672111409
2026-10-10,wk inc flu prop ed visits,0,2026-10-10,28,quantile,0.55,0.007319378931450857
2026-10-10,wk inc flu prop ed visits,0,2026-10-10,28,quantile,0.6,0.007545945937161475
2026-10-10,wk inc flu prop ed visits,0,2026-10-10,28,quantile,0.65,0.007827318790849963
2026-10-10,wk inc flu prop ed visits,0,2026-10-10,28,quantile,0.7,0.008140096545162229
2026-10-10,wk inc flu prop ed visits,0,2026-10-10,28,quantile,0.75,0.008453195031962958
2026-10-10,wk inc flu prop ed visits,0,2026-10-10,28,quantile,0.8,0.008806260450785686
2026-10-10,wk inc flu prop ed visits,0,2026-10-10,28,quantile,0.85,0.009350823097784441
2026-10-10,wk inc flu prop ed visits,0,2026-10-10,28,quantile,0.9,0.010137882167089104
2026-10-10,wk inc flu prop ed visits,0,2026-10-10,28,quantile,0.95,0.011341808241153514
2026-10-10,wk inc flu prop ed visits,0,2026-10-10,28,quantile,0.975,0.01248036073260967
2026-10-10,wk inc flu prop ed visits,0,2026-10-10,28,quantile,0.99,0.01476698045802742
2026-10-10,wk inc flu prop ed visits,1,2026-10-17,28,quantile,0.01,0.0030332888733747747
2026-10-10,wk inc flu prop ed visits,1,2026-10-17,28,quantile,0.025,0.003937537940628608
2026-10-10,wk inc flu prop ed visits,1,2026-10-17,28,quantile,0.05,0.004510868235482917
2026-10-10,wk inc flu prop ed visits,1,2026-10-17,28,quantile,0.1,0.00531693591600561
2026-10-10,wk inc flu prop ed visits,1,2026-10-17,28,quantile,0.15,0.005930901738600143
2026-10-10,wk inc flu prop ed visits,1,2026-10-17,28,quantile,0.2,0.00635647058747584
2026-10-10,wk inc flu prop ed visits,1,2026-10-17,28,quantile,0.25,0.00675523388532972
2026-10-10,wk inc flu prop ed visits,1,2026-10-17,28,quantile,0.3,0.007142580813425581
2026-10-10,wk inc flu prop ed visits,1,2026-10-17,28,quantile,0.35,0.007489043045273475
2026-10-10,wk inc flu prop ed visits,1,2026-10-17,28,quantile,0.4,0.007838378901995176
2026-10-10,wk inc flu prop ed visits,1,2026-10-17,28,quantile,0.45,0.008229849473293388
2026-10-10,wk inc flu prop ed visits,1,2026-10-17,28,quantile,0.5,0.008636969528691378
2026-10-10,wk inc flu prop ed visits,1,2026-10-17,28,quantile,0.55,0.00914270441485811
2026-10-10,wk inc flu prop ed visits,1,2026-10-17,28,quantile,0.6,0.00955074759090172
2026-10-10,wk inc flu prop ed visits,1,2026-10-17,28,quantile,0.65,0.010221214851919404
2026-10-10,wk inc flu prop ed visits,1,2026-10-17,28,quantile,0.7,0.011031792655706588
2026-10-10,wk inc flu prop ed visits,1,2026-10-17,28,quantile,0.75,0.011821879880410665
2026-10-10,wk inc flu prop ed visits,1,2026-10-17,28,quantile,0.8,0.01302955016159799
2026-10-10,wk inc flu prop ed visits,1,2026-10-17,28,quantile,0.85,0.014419852471242774
2026-10-10,wk inc flu prop ed visits,1,2026-10-17,28,quantile,0.9,0.016260798109656187
2026-10-10,wk inc flu prop ed visits,1,2026-10-17,28,quantile,0.95,0.01873625355633388
2026-10-10,wk inc flu prop ed visits,1,2026-10-17,28,quantile,0.975,0.021489368840409025
2026-10-10,wk inc flu prop ed visits,1,2026-10-17,28,quantile,0.99,0.025355843132596208
2026-10-10,wk inc flu prop ed visits,2,2026-10-24,28,quantile,0.01,0.0033917048071518425
2026-10-10,wk inc flu prop ed visits,2,2026-10-24,28,quantile,0.025,0.0039047938495718744
2026-10-10,wk inc flu prop ed visits,2,2026-10-24,28,quantile,0.05,0.0045394253441126495
2026-10-10,wk inc flu prop ed visits,2,2026-10-24,28,quantile,0.1,0.005600767741456625
2026-10-10,wk inc flu prop ed visits,2,2026-10-24,28,quantile,0.15,0.006451429925155424
2026-10-10,wk inc flu prop ed visits,2,2026-10-24,28,quantile,0.2,0.007159344967265066
2026-10-10,wk inc flu prop ed visits,2,2026-10-24,28,quantile,0.25,0.007855692035476862
2026-10-10,wk inc flu prop ed visits,2,2026-10-24,28,quantile,0.3,0.008483902192115516
2026-10-10,wk inc flu prop ed visits,2,2026-10-24,28,quantile,0.35,0.009051864417350708
2026-10-10,wk inc flu prop ed visits,2,2026-10-24,28,quantile,0.4,0.009706772772249808
2026-10-10,wk inc flu prop ed visits,2,2026-10-24,28,quantile,0.45,0.010426924144031804
2026-10-10,wk inc flu prop ed visits,2,2026-10-24,28,quantile,0.5,0.011095041502592048
2026-10-10,wk inc flu prop ed visits,2,2026-10-24,28,quantile,0.55,0.012018477014738313
2026-10-10,wk inc flu prop ed visits,2,2026-10-24,28,quantile,0.6,0.01306422877808912
2026-10-10,wk inc flu prop ed visits,2,2026-10-24,28,quantile,0.65,0.014164377960011453
2026-10-10,wk inc flu prop ed visits,2,2026-10-24,28,quantile,0.7,0.01580372415549975
2026-10-10,wk inc flu prop ed visits,2,2026-10-24,28,quantile,0.75,0.017469867870596418
2026-10-10,wk inc flu prop ed visits,2,2026-10-24,28,quantile,0.8,0.01945505024249884
2026-10-10,wk inc flu prop ed visits,2,2026-10-24,28,quantile,0.85,0.02144732637869743
2026-10-10,wk inc flu prop ed visits,2,2026-10-24,28,quantile,0.9,0.024395447517002438
2026-10-10,wk inc flu prop ed visits,2,2026-10-24,28,quantile,0.95,0.029583871574763845
2026-10-10,wk inc flu prop ed visits,2,2026-10-24,28,quantile,0.975,0.03687378238585444
2026-10-10,wk inc flu prop ed visits,2,2026-10-24,28,quantile,0.99,0.04294474726187869
2026-10-10,wk inc flu prop ed visits,3,2026-10-31,28,quantile,0.01,0.0033081817573163697
2026-10-10,wk inc flu prop ed visits,3,2026-10-31,28,quantile,0.025,0.004247716566462084
2026-10-10,wk inc flu prop ed visits,3,2026-10-31,28,quantile,0.05,0.005022884445910902
2026-10-10,wk inc flu prop ed visits,3,2026-10-31,28,quantile,0.1,0.006298306252199721
2026-10-10,wk inc flu prop ed visits,3,2026-10-31,28,quantile,0.15,0.007641062220436963
2026-10-10,wk inc flu prop ed visits,3,2026-10-31,28,quantile,0.2,0.008884761767592689
2026-10-10,wk inc flu prop ed visits,3,2026-10-31,28,quantile,0.25,0.009759380874615888
2026-10-10,wk inc flu prop ed visits,3,2026-10-31,28,quantile,0.3,0.010555725731687898
2026-10-10,wk inc flu prop ed visits,3,2026-10-31,28,quantile,0.35,0.011491635659868962
2026-10-10,wk inc flu prop ed visits,3,2026-10-31,28,quantile,0.4,0.01251112754438484
2026-10-10,wk inc flu prop ed visits,3,2026-10-31,28,quantile,0.45,0.013587398003367904
2026-10-10,wk inc flu prop ed visits,3,2026-10-31,28,quantile,0.5,0.01503154583424211
2026-10-10,wk inc flu prop ed visits,3,2026-10-31,28,quantile,0.55,0.016441513326438326
2026-10-10,wk inc flu prop ed visits,3,2026-10-31,28,quantile,0.6,0.0181125532807181
2026-10-10,wk inc flu prop ed visits,3,2026-10-31,28,quantile,0.65,0.01992862193356691
2026-10-10,wk inc flu prop ed visits,3,2026-10-31,28,quantile,0.7,0.021888899392489912
2026-10-10,wk inc flu prop ed visits,3,2026-10-31,28,quantile,0.75,0.024294832595977738
2026-10-10,wk inc flu prop ed visits,3,2026-10-31,28,quantile,0.8,0.02647733128052259
2026-10-10,wk inc flu prop ed visits,3,2026-10-31,28,quantile,0.85,0.029667240401855057
2026-10-10,wk inc flu prop ed visits,3,2026-10-31,28,quantile,0.9,0.03532669601364298
2026-10-10,wk inc flu prop ed visits,3,2026-10-31,28,quantile,0.95,0.04253808783719143
2026-10-10,wk inc flu prop ed visits,3,2026-10-31,28,quantile,0.975,0.05228818551495931
2026-10-10,wk inc flu prop ed visits,3,2026-10-31,28,quantile,0.99,0.07476770693868133
2026-10-10,wk inc flu prop ed visits,0,2026-10-10,29,quantile,0.01,0.0010765768353011435
2026-10-10,wk inc flu prop ed visits,0,2026-10-10,29,quantile,0.025,0.0012667341081339769
2026-10-10,wk inc flu prop ed visits,0,2026-10-10,29,quantile,0.05,0.0014042395858726614
2026-10-10,wk inc flu prop ed visits,0,2026-10-10,29,quantile,0.1,0.0016453259636333407
2026-10-10,wk inc flu prop ed visits,0,2026-10-10,29,quantile,0.15,0.0018053641975165442
2026-10-10,wk inc flu prop ed visits,0,2026-10-10,29,quantile,0.2,0.0019448443214324
2026-10-10,wk inc flu prop ed visits,0,2026-10-10,29,quantile,0.25,0.0020704574692627566
2026-10-10,wk inc flu prop ed visits,0,2026-10-10,29,quantile,0.3,0.0021671592697548817
2026-10-10,wk inc flu prop ed visits,0,2026-10-10,29,quantile,0.35,0.0022664461023009126
2026-10-10,wk inc flu prop ed visits,0,2026-10-10,29,quantile,0.4,0.00237217762472046
2026-10-10,wk inc flu prop ed visits,0,2026-10-10,29,quantile,0.45,0.0024704202152997456
2026-10-10,wk inc flu prop ed visits,0,2026-10-10,29,quantile,0.5,0.0025837750246606502
2026-10-10,wk inc flu prop ed visits,0,2026-10-10,29,quantile,0.55,0.0026789372211092808
2026-10-10,wk inc flu prop ed visits,0,2026-10-10,29,quantile,0.6,0.0027862572219322303
2026-10-10,wk inc flu prop ed visits,0,2026-10-10,29,quantile,0.65,0.0028925422960992047
2026-10-10,wk inc flu prop ed visits,0,2026-10-10,29,quantile,0.7,0.00301490596858694
2026-10-10,wk inc flu prop ed visits,0,2026-10-10,29,quantile,0.75,0.003141673326882635
2026-10-10,wk inc flu prop ed visits,0,2026-10-10,29,quantile,0.8,0.003306907763356135
2026-10-10,wk inc flu prop ed visits,0,2026-10-10,29,quantile,0.85,0.0034886823661119297
2026-10-10,wk inc flu prop ed visits,0,2026-10-10,29,quantile,0.9,0.003783055954766767
2026-10-10,wk inc flu prop ed visits,0,2026-10-10,29,quantile,0.95,0.004219129317470504
2026-10-10,wk inc flu prop ed visits,0,2026-10-10,29,quantile,0.975,0.004671927363218648
2026-10-10,wk inc flu prop ed visits,0,2026-10-10,29,quantile,0.99,0.005525122701371092
2026-10-10,wk inc flu prop ed visits,1,2026-10-17,29,quantile,0.01,0.0010475074335183359
2026-10-10,wk inc flu prop ed visits,1,2026-10-17,29,quantile,0.025,0.0012580780180219567
2026-10-10,wk inc flu prop ed visits,1,2026-10-17,29,quantile,0.05,0.0014391840909081164
2026-10-10,wk inc flu prop ed visits,1,2026-10-17,29,quantile,0.1,0.0017455707934752346
2026-10-10,wk inc flu prop ed visits,1,2026-10-17,29,quantile,0.15,0.0019515954578599444
2026-10-10,wk inc flu prop ed visits,1,2026-10-17,29,quantile,0.2,0.0021265366631851076
2026-10-10,wk inc flu prop ed visits,1,2026-10-17,29,quantile,0.25,0.0022721427576745303
2026-10-10,wk inc flu prop ed visits,1,2026-10-17,29,quantile,0.3,0.002406146787961317
2026-10-10,wk inc flu prop ed visits,1,2026-10-17,29,quantile,0.35,0.0025536740276533697
2026-10-10,wk inc flu prop ed visits,1,2026-10-17,29,quantile,0.4,0.0027095730146958295
2026-10-10,wk inc flu prop ed visits,1,2026-10-17,29,quantile,0.45,0.002834139715385671
2026-10-10,wk inc flu prop ed visits,1,2026-10-17,29,quantile,0.5,0.002968698382394388
2026-10-10,wk inc flu prop ed visits,1,2026-10-17,29,quantile,0.55,0.0031066761590076743
2026-10-10,wk inc flu prop ed visits,1,2026-10-17,29,quantile,0.6,0.00325884893369418
2026-10-10,wk inc flu prop ed visits,1,2026-10-17,29,quantile,0.65,0.003432214779886117
2026-10-10,wk inc flu prop ed visits,1,2026-10-17,29,quantile,0.7,0.003630114668239663
2026-10-10,wk inc flu prop ed visits,1,2026-10-17,29,quantile,0.75,0.0039153891915672786
2026-10-10,wk inc flu prop ed visits,1,2026-10-17,29,quantile,0.8,0.00430039361696585
2026-10-10,wk inc flu prop ed visits,1,2026-10-17,29,quantile,0.85,0.004782890626883113
2026-10-10,wk inc flu prop ed visits,1,2026-10-17,29,quantile,0.9,0.005537344892779933
2026-10-10,wk inc flu prop ed visits,1,2026-10-17,29,quantile,0.95,0.0065927321207458305
2026-10-10,wk inc flu prop ed visits,1,2026-10-17,29,quantile,0.975,0.007761525534424875
2026-10-10,wk inc flu prop ed visits,1,2026-10-17,29,quantile,0.99,0.009284167419148007
2026-10-10,wk inc flu prop ed visits,2,2026-10-24,29,quantile,0.01,9.932973694175059e-4
2026-10-10,wk inc flu prop ed visits,2,2026-10-24,29,quantile,0.025,0.0012394971612874717
2026-10-10,wk inc flu prop ed visits,2,2026-10-24,29,quantile,0.05,0.0015359386751142019
2026-10-10,wk inc flu prop ed visits,2,2026-10-24,29,quantile,0.1,0.0018444824488279238
2026-10-10,wk inc flu prop ed visits,2,2026-10-24,29,quantile,0.15,0.0021079246457327465
2026-10-10,wk inc flu prop ed visits,2,2026-10-24,29,quantile,0.2,0.0023246960125356975
2026-10-10,wk inc flu prop ed visits,2,2026-10-24,29,quantile,0.25,0.002499943202909358
2026-10-10,wk inc flu prop ed visits,2,2026-10-24,29,quantile,0.3,0.002723637754583292
2026-10-10,wk inc flu prop ed visits,2,2026-10-24,29,quantile,0.35,0.002922905462999918
2026-10-10,wk inc flu prop ed visits,2,2026-10-24,29,quantile,0.4,0.003110593585919587
2026-10-10,wk inc flu prop ed visits,2,2026-10-24,29,quantile,0.45,0.0033045719654834754
2026-10-10,wk inc flu prop ed visits,2,2026-10-24,29,quantile,0.5,0.0035294061862405236
2026-10-10,wk inc flu prop ed visits,2,2026-10-24,29,quantile,0.55,0.0037439584414264387
2026-10-10,wk inc flu prop ed visits,2,2026-10-24,29,quantile,0.6,0.004011003001633269
2026-10-10,wk inc flu prop ed visits,2,2026-10-24,29,quantile,0.65,0.0042911223773049526
2026-10-10,wk inc flu prop ed visits,2,2026-10-24,29,quantile,0.7,0.004649354462833465
2026-10-10,wk inc flu prop ed visits,2,2026-10-24,29,quantile,0.75,0.005125310096363146
2026-10-10,wk inc flu prop ed visits,2,2026-10-24,29,quantile,0.8,0.0057818365807416955
2026-10-10,wk inc flu prop ed visits,2,2026-10-24,29,quantile,0.85,0.0066981159322116145
2026-10-10,wk inc flu prop ed visits,2,2026-10-24,29,quantile,0.9,0.007829258628635557
2026-10-10,wk inc flu prop ed visits,2,2026-10-24,29,quantile,0.95,0.010044536434862878
2026-10-10,wk inc flu prop ed visits,2,2026-10-24,29,quantile,0.975,0.0124426451153591
2026-10-10,wk inc flu prop ed visits,2,2026-10-24,29,quantile,0.99,0.015343632130219009
2026-10-10,wk inc flu prop ed visits,3,2026-10-31,29,quantile,0.01,0.0010921562475089339
2026-10-10,wk inc flu prop ed visits,3,2026-10-31,29,quantile,0.025,0.0013424177452704927
2026-10-10,wk inc flu prop ed visits,3,2026-10-31,29,quantile,0.05,0.001664703706026117
2026-10-10,wk inc flu prop ed visits,3,2026-10-31,29,quantile,0.1,0.00204418090827264
2026-10-10,wk inc flu prop ed visits,3,2026-10-31,29,quantile,0.15,0.0023955861983618347
2026-10-10,wk inc flu prop ed visits,3,2026-10-31,29,quantile,0.2,0.0026890844417421732
2026-10-10,wk inc flu prop ed visits,3,2026-10-31,29,quantile,0.25,0.002990113464786597
2026-10-10,wk inc flu prop ed visits,3,2026-10-31,29,quantile,0.3,0.003232531694059917
2026-10-10,wk inc flu prop ed visits,3,2026-10-31,29,quantile,0.35,0.0034973026375360065
2026-10-10,wk inc flu prop ed visits,3,2026-10-31,29,quantile,0.4,0.0038159047798884574
2026-10-10,wk inc flu prop ed visits,3,2026-10-31,29,quantile,0.45,0.004110105548351602
2026-10-10,wk inc flu prop ed visits,3,2026-10-31,29,quantile,0.5,0.004436466666251035
2026-10-10,wk inc flu prop ed visits,3,2026-10-31,29,quantile,0.55,0.004790447978786143
2026-10-10,wk inc flu prop ed visits,3,2026-10-31,29,quantile,0.6,0.00518138788349114
2026-10-10,wk inc flu prop ed visits,3,2026-10-31,29,quantile,0.65,0.0056564026805776026
2026-10-10,wk inc flu prop ed visits,3,2026-10-31,29,quantile,0.7,0.006249403237919031
2026-10-10,wk inc flu prop ed visits,3,2026-10-31,29,quantile,0.75,0.007023821169179133
2026-10-10,wk inc flu prop ed visits,3,2026-10-31,29,quantile,0.8,0.007994814996174437
2026-10-10,wk inc flu prop ed visits,3,2026-10-31,29,quantile,0.85,0.009289576811989482
2026-10-10,wk inc flu prop ed visits,3,2026-10-31,29,quantile,0.9,0.01087373418558298
2026-10-10,wk inc flu prop ed visits,3,2026-10-31,29,quantile,0.95,0.013701155615127612
2026-10-10,wk inc flu prop ed visits,3,2026-10-31,29,quantile,0.975,0.01746912145220049
2026-10-10,wk inc flu prop ed visits,3,2026-10-31,29,quantile,0.99,0.026818196254790122
2026-10-10,wk inc flu prop ed visits,0,2026-10-10,30,quantile,0.01,0.0014755745394854024
2026-10-10,wk inc flu prop ed visits,0,2026-10-10,30,quantile,0.025,0.0018272943391625966
2026-10-10,wk inc flu prop ed visits,0,2026-10-10,30,quantile,0.05,0.002284742784707654
2026-10-10,wk inc flu prop ed visits,0,2026-10-10,30,quantile,0.1,0.002751311498865667
2026-10-10,wk inc flu prop ed visits,0,2026-10-10,30,quantile,0.15,0.003058779654157273
2026-10-10,wk inc flu prop ed visits,0,2026-10-10,30,quantile,0.2,0.003399720438778107
2026-10-10,wk inc flu prop ed visits,0,2026-10-10,30,quantile,0.25,0.0036704155188074976
2026-10-10,wk inc flu prop ed visits,0,2026-10-10,30,quantile,0.3,0.0039230951299351275
2026-10-10,wk inc flu prop ed visits,0,2026-10-10,30,quantile,0.35,0.004153594636455909
2026-10-10,wk inc flu prop ed visits,0,2026-10-10,30,quantile,0.4,0.004358592473024087
2026-10-10,wk inc flu prop ed visits,0,2026-10-10,30,quantile,0.45,0.004588275757582368
2026-10-10,wk inc flu prop ed visits,0,2026-10-10,30,quantile,0.5,0.0047950974776507106
2026-10-10,wk inc flu prop ed visits,0,2026-10-10,30,quantile,0.55,0.005053436181621631
2026-10-10,wk inc flu prop ed visits,0,2026-10-10,30,quantile,0.6,0.005342642906372536
2026-10-10,wk inc flu prop ed visits,0,2026-10-10,30,quantile,0.65,0.005573537900609547
2026-10-10,wk inc flu prop ed visits,0,2026-10-10,30,quantile,0.7,0.0058604362752494935
2026-10-10,wk inc flu prop ed visits,0,2026-10-10,30,quantile,0.75,0.00622646240283
2026-10-10,wk inc flu prop ed visits,0,2026-10-10,30,quantile,0.8,0.006633665656270412
2026-10-10,wk inc flu prop ed visits,0,2026-10-10,30,quantile,0.85,0.00713482177246072
2026-10-10,wk inc flu prop ed visits,0,2026-10-10,30,quantile,0.9,0.0078026583242756745
2026-10-10,wk inc flu prop ed visits,0,2026-10-10,30,quantile,0.95,0.009382746145311328
2026-10-10,wk inc flu prop ed visits,0,2026-10-10,30,quantile,0.975,0.010807745933478437
2026-10-10,wk inc flu prop ed visits,0,2026-10-10,30,quantile,0.99,0.011205146249642306
2026-10-10,wk inc flu prop ed visits,1,2026-10-17,30,quantile,0.01,0.0014838841130141852
2026-10-10,wk inc flu prop ed visits,1,2026-10-17,30,quantile,0.025,0.0018426308252448998
2026-10-10,wk inc flu prop ed visits,1,2026-10-17,30,quantile,0.05,0.0023026230604618675
2026-10-10,wk inc flu prop ed visits,1,2026-10-17,30,quantile,0.1,0.0028749818538704114
2026-10-10,wk inc flu prop ed visits,1,2026-10-17,30,quantile,0.15,0.0032779523473184793
2026-10-10,wk inc flu prop ed visits,1,2026-10-17,30,quantile,0.2,0.003598740543834744
2026-10-10,wk inc flu prop ed visits,1,2026-10-17,30,quantile,0.25,0.0038979270282025703
2026-10-10,wk inc flu prop ed visits,1,2026-10-17,30,quantile,0.3,0.004244126582570068
2026-10-10,wk inc flu prop ed visits,1,2026-10-17,30,quantile,0.35,0.004570340921290043
2026-10-10,wk inc flu prop ed visits,1,2026-10-17,30,quantile,0.4,0.004905417730429268
2026-10-10,wk inc flu prop ed visits,1,2026-10-17,30,quantile,0.45,0.005250832616817614
2026-10-10,wk inc flu prop ed visits,1,2026-10-17,30,quantile,0.5,0.005579833355522117
2026-10-10,wk inc flu prop ed visits,1,2026-10-17,30,quantile,0.55,0.005960379255528623
2026-10-10,wk inc flu prop ed visits,1,2026-10-17,30,quantile,0.6,0.006286136596929101
2026-10-10,wk inc flu prop ed visits,1,2026-10-17,30,quantile,0.65,0.006831379604006926
2026-10-10,wk inc flu prop ed visits,1,2026-10-17,30,quantile,0.7,0.007394626334794668
2026-10-10,wk inc flu prop ed visits,1,2026-10-17,30,quantile,0.75,0.00812337823138356
2026-10-10,wk inc flu prop ed visits,1,2026-10-17,30,quantile,0.8,0.009123595533805064
2026-10-10,wk inc flu prop ed visits,1,2026-10-17,30,quantile,0.85,0.010425251326745294
2026-10-10,wk inc flu prop ed visits,1,2026-10-17,30,quantile,0.9,0.01226319499475846
2026-10-10,wk inc flu prop ed visits,1,2026-10-17,30,quantile,0.95,0.01566162361011262
2026-10-10,wk inc flu prop ed visits,1,2026-10-17,30,quantile,0.975,0.017808198775755762
2026-10-10,wk inc flu prop ed visits,1,2026-10-17,30,quantile,0.99,0.018568728323307138
2026-10-10,wk inc flu prop ed visits,2,2026-10-24,30,quantile,0.01,0.0014438912374724535
2026-10-10,wk inc flu prop ed visits,2,2026-10-24,30,quantile,0.025,0.0017890033842604437
2026-10-10,wk inc flu prop ed visits,2,2026-10-24,30,quantile,0.05,0.002247379296872014
2026-10-10,wk inc flu prop ed visits,2,2026-10-24,30,quantile,0.1,0.0029189132601377815
2026-10-10,wk inc flu prop ed visits,2,2026-10-24,30,quantile,0.15,0.0034531590012489236
2026-10-10,wk inc flu prop ed visits,2,2026-10-24,30,quantile,0.2,0.0038457683828398512
2026-10-10,wk inc flu prop ed visits,2,2026-10-24,30,quantile,0.25,0.0042762240081353625
2026-10-10,wk inc flu prop ed visits,2,2026-10-24,30,quantile,0.3,0.004673507145953665
2026-10-10,wk inc flu prop ed visits,2,2026-10-24,30,quantile,0.35,0.005006402040248329
2026-10-10,wk inc flu prop ed visits,2,2026-10-24,30,quantile,0.4,0.005445615737815993
2026-10-10,wk inc flu prop ed visits,2,2026-10-24,30,quantile,0.45,0.006001145083675705
2026-10-10,wk inc flu prop ed visits,2,2026-10-24,30,quantile,0.5,0.0065846434708845
2026-10-10,wk inc flu prop ed visits,2,2026-10-24,30,quantile,0.55,0.007224780384905388
2026-10-10,wk inc flu prop ed visits,2,2026-10-24,30,quantile,0.6,0.0079269326721058
2026-10-10,wk inc flu prop ed visits,2,2026-10-24,30,quantile,0.65,0.008524173007567946
2026-10-10,wk inc flu prop ed visits,2,2026-10-24,30,quantile,0.7,0.009402411125905221
2026-10-10,wk inc flu prop ed visits,2,2026-10-24,30,quantile,0.75,0.010653317386035597
2026-10-10,wk inc flu prop ed visits,2,2026-10-24,30,quantile,0.8,0.012226695889196582
2026-10-10,wk inc flu prop ed visits,2,2026-10-24,30,quantile,0.85,0.014384830281610486
2026-10-10,wk inc flu prop ed visits,2,2026-10-24,30,quantile,0.9,0.017707233945648604
2026-10-10,wk inc flu prop ed visits,2,2026-10-24,30,quantile,0.95,0.02580516497598868
2026-10-10,wk inc flu prop ed visits,2,2026-10-24,30,quantile,0.975,0.030280716850776233
2026-10-10,wk inc flu prop ed visits,2,2026-10-24,30,quantile,0.99,0.03135534207518261
2026-10-10,wk inc flu prop ed visits,3,2026-10-31,30,quantile,0.01,0.0013861164224811464
2026-10-10,wk inc flu prop ed visits,3,2026-10-31,30,quantile,0.025,0.0019117138230336094
2026-10-10,wk inc flu prop ed visits,3,2026-10-31,30,quantile,0.05,0.002506529030049242
2026-10-10,wk inc flu prop ed visits,3,2026-10-31,30,quantile,0.1,0.003256831363114808
2026-10-10,wk inc flu prop ed visits,3,2026-10-31,30,quantile,0.15,0.0039108150511833585
2026-10-10,wk inc flu prop ed visits,3,2026-10-31,30,quantile,0.2,0.004505027219505372
2026-10-10,wk inc flu prop ed visits,3,2026-10-31,30,quantile,0.25,0.005077519001084022
2026-10-10,wk inc flu prop ed visits,3,2026-10-31,30,quantile,0.3,0.005616385327220912
2026-10-10,wk inc flu prop ed visits,3,2026-10-31,30,quantile,0.35,0.0062168935013012265
2026-10-10,wk inc flu prop ed visits,3,2026-10-31,30,quantile,0.4,0.0067793188145208365
2026-10-10,wk inc flu prop ed visits,3,2026-10-31,30,quantile,0.45,0.00750319273289312
2026-10-10,wk inc flu prop ed visits,3,2026-10-31,30,quantile,0.5,0.00842861891983527
2026-10-10,wk inc flu prop ed visits,3,2026-10-31,30,quantile,0.55,0.009247396971434906
2026-10-10,wk inc flu prop ed visits,3,2026-10-31,30,quantile,0.6,0.01023517259933006
2026-10-10,wk inc flu prop ed visits,3,2026-10-31,30,quantile,0.65,0.0113632695525138
2026-10-10,wk inc flu prop ed visits,3,2026-10-31,30,quantile,0.7,0.012615421737701686
2026-10-10,wk inc flu prop ed visits,3,2026-10-31,30,quantile,0.75,0.014723302335456882
2026-10-10,wk inc flu prop ed visits,3,2026-10-31,30,quantile,0.8,0.016926736229371287
2026-10-10,wk inc flu prop ed visits,3,2026-10-31,30,quantile,0.85,0.020479205604477045
2026-10-10,wk inc flu prop ed visits,3,2026-10-31,30,quantile,0.9,0.02557688637098931
2026-10-10,wk inc flu prop ed visits,3,2026-10-31,30,quantile,0.95,0.03947385821807091
2026-10-10,wk inc flu prop ed visits,3,2026-10-31,30,quantile,0.975,0.052141332277623714
2026-10-10,wk inc flu prop ed visits,3,2026-10-31,30,quantile,0.99,0.05517478135731682
2026-10-10,wk inc flu prop ed visits,0,2026-10-10,31,quantile,0.01,5.176121352191304e-4
2026-10-10,wk inc flu prop ed visits,0,2026-10-10,31,quantile,0.025,7.119109853727687e-4
2026-10-10,wk inc flu prop ed visits,0,2026-10-10,31,quantile,0.05,8.803621091784232e-4
2026-10-10,wk inc flu prop ed visits,0,2026-10-10,31,quantile,0.1,0.0011442582355080315
2026-10-10,wk inc flu prop ed visits,0,2026-10-10,31,quantile,0.15,0.001350318812978171
2026-10-10,wk inc flu prop ed visits,0,2026-10-10,31,quantile,0.2,0.0014981957290422353
2026-10-10,wk inc flu prop ed visits,0,2026-10-10,31,quantile,0.25,0.001612456131461099
2026-10-10,wk inc flu prop ed visits,0,2026-10-10,31,quantile,0.3,0.0017515869586648164
2026-10-10,wk inc flu prop ed visits,0,2026-10-10,31,quantile,0.35,0.0018714369512562777
2026-10-10,wk inc flu prop ed visits,0,2026-10-10,31,quantile,0.4,0.002014120656831407
2026-10-10,wk inc flu prop ed visits,0,2026-10-10,31,quantile,0.45,0.0021209879398323486
2026-10-10,wk inc flu prop ed visits,0,2026-10-10,31,quantile,0.5,0.0022517264171785538
2026-10-10,wk inc flu prop ed visits,0,2026-10-10,31,quantile,0.55,0.0023926405574830408
2026-10-10,wk inc flu prop ed visits,0,2026-10-10,31,quantile,0.6,0.0025561260255703294
2026-10-10,wk inc flu prop ed visits,0,2026-10-10,31,quantile,0.65,0.0027292175173857054
2026-10-10,wk inc flu prop ed visits,0,2026-10-10,31,quantile,0.7,0.002905804592023823
2026-10-10,wk inc flu prop ed visits,0,2026-10-10,31,quantile,0.75,0.003080115923968021
2026-10-10,wk inc flu prop ed visits,0,2026-10-10,31,quantile,0.8,0.003303234433045789
2026-10-10,wk inc flu prop ed visits,0,2026-10-10,31,quantile,0.85,0.0036651986848059877
2026-10-10,wk inc flu prop ed visits,0,2026-10-10,31,quantile,0.9,0.004133859872689287
2026-10-10,wk inc flu prop ed visits,0,2026-10-10,31,quantile,0.95,0.004865475966402903
2026-10-10,wk inc flu prop ed visits,0,2026-10-10,31,quantile,0.975,0.005458216738341862
2026-10-10,wk inc flu prop ed visits,0,2026-10-10,31,quantile,0.99,0.0056582178835532385
2026-10-10,wk inc flu prop ed visits,1,2026-10-17,31,quantile,0.01,4.6080549034187616e-4
2026-10-10,wk inc flu prop ed visits,1,2026-10-17,31,quantile,0.025,6.664116981085373e-4
2026-10-10,wk inc flu prop ed visits,1,2026-10-17,31,quantile,0.05,8.886856987986016e-4
2026-10-10,wk inc flu prop ed visits,1,2026-10-17,31,quantile,0.1,0.001126814794337792
2026-10-10,wk inc flu prop ed visits,1,2026-10-17,31,quantile,0.15,0.0013388517189381792
2026-10-10,wk inc flu prop ed visits,1,2026-10-17,31,quantile,0.2,0.0015426107732546786
2026-10-10,wk inc flu prop ed visits,1,2026-10-17,31,quantile,0.25,0.0017189415738851866
2026-10-10,wk inc flu prop ed visits,1,2026-10-17,31,quantile,0.3,0.0019113811383126768
2026-10-10,wk inc flu prop ed visits,1,2026-10-17,31,quantile,0.35,0.002075281829070182
2026-10-10,wk inc flu prop ed visits,1,2026-10-17,31,quantile,0.4,0.0022456773749569437
2026-10-10,wk inc flu prop ed visits,1,2026-10-17,31,quantile,0.45,0.0024332835990753645
2026-10-10,wk inc flu prop ed visits,1,2026-10-17,31,quantile,0.5,0.002639130855209848
2026-10-10,wk inc flu prop ed visits,1,2026-10-17,31,quantile,0.55,0.002830943294891178
2026-10-10,wk inc flu prop ed visits,1,2026-10-17,31,quantile,0.6,0.003060437209896234
2026-10-10,wk inc flu prop ed visits,1,2026-10-17,31,quantile,0.65,0.0033511995856119665
2026-10-10,wk inc flu prop ed visits,1,2026-10-17,31,quantile,0.7,0.0036627048875195415
2026-10-10,wk inc flu prop ed visits,1,2026-10-17,31,quantile,0.75,0.0040538297701331735
2026-10-10,wk inc flu prop ed visits,1,2026-10-17,31,quantile,0.8,0.0045339332750214435
2026-10-10,wk inc flu prop ed visits,1,2026-10-17,31,quantile,0.85,0.00520639887562444
2026-10-10,wk inc flu prop ed visits,1,2026-10-17,31,quantile,0.9,0.006305604581325441
2026-10-10,wk inc flu prop ed visits,1,2026-10-17,31,quantile,0.95,0.008475698867829137
2026-10-10,wk inc flu prop ed visits,1,2026-10-17,31,quantile,0.975,0.009033948363143873
2026-10-10,wk inc flu prop ed visits,1,2026-10-17,31,quantile,0.99,0.009340345201487917
2026-10-10,wk inc flu prop ed visits,2,2026-10-24,31,quantile,0.01,4.913775561023226e-4
2026-10-10,wk inc flu prop ed visits,2,2026-10-24,31,quantile,0.025,7.065810876240721e-4
2026-10-10,wk inc flu prop ed visits,2,2026-10-24,31,quantile,0.05,9.161544105597663e-4
2026-10-10,wk inc flu prop ed visits,2,2026-10-24,31,quantile,0.1,0.0012604479250624763
2026-10-10,wk inc flu prop ed visits,2,2026-10-24,31,quantile,0.15,0.0015297776859622377
2026-10-10,wk inc flu prop ed visits,2,2026-10-24,31,quantile,0.2,0.0017727786866374817
2026-10-10,wk inc flu prop ed visits,2,2026-10-24,31,quantile,0.25,0.0019855511622348847
2026-10-10,wk inc flu prop ed visits,2,2026-10-24,31,quantile,0.3,0.002211402298097584
2026-10-10,wk inc flu prop ed visits,2,2026-10-24,31,quantile,0.35,0.002477788433916187
2026-10-10,wk inc flu prop ed visits,2,2026-10-24,31,quantile,0.4,0.0026817302029051994
2026-10-10,wk inc flu prop ed visits,2,2026-10-24,31,quantile,0.45,0.0028954297535935146
2026-10-10,wk inc flu prop ed visits,2,2026-10-24,31,quantile,0.5,0.003209545411017625
2026-10-10,wk inc flu prop ed visits,2,2026-10-24,31,quantile,0.55,0.0034891758901653934
2026-10-10,wk inc flu prop ed visits,2,2026-10-24,31,quantile,0.6,0.003925876110995137
2026-10-10,wk inc flu prop ed visits,2,2026-10-24,31,quantile,0.65,0.0043369283072671
2026-10-10,wk inc flu prop ed visits,2,2026-10-24,31,quantile,0.7,0.0048273072286751165
2026-10-10,wk inc flu prop ed visits,2,2026-10-24,31,quantile,0.75,0.005532685234815786
2026-10-10,wk inc flu prop ed visits,2,2026-10-24,31,quantile,0.8,0.006396683538523844
2026-10-10,wk inc flu prop ed visits,2,2026-10-24,31,quantile,0.85,0.007545719806181695
2026-10-10,wk inc flu prop ed visits,2,2026-10-24,31,quantile,0.9,0.009605544474561514
2026-10-10,wk inc flu prop ed visits,2,2026-10-24,31,quantile,0.95,0.0134897397847231
2026-10-10,wk inc flu prop ed visits,2,2026-10-24,31,quantile,0.975,0.015670644863121218
2026-10-10,wk inc flu prop ed visits,2,2026-10-24,31,quantile,0.99,0.016021781423737416
2026-10-10,wk inc flu prop ed visits,3,2026-10-31,31,quantile,0.01,5.190168612965989e-4
2026-10-10,wk inc flu prop ed visits,3,2026-10-31,31,quantile,0.025,7.483675910473493e-4
2026-10-10,wk inc flu prop ed visits,3,2026-10-31,31,quantile,0.05,0.0010063518510412847
2026-10-10,wk inc flu prop ed visits,3,2026-10-31,31,quantile,0.1,0.001356665395614626
2026-10-10,wk inc flu prop ed visits,3,2026-10-31,31,quantile,0.15,0.0017085576571657388
2026-10-10,wk inc flu prop ed visits,3,2026-10-31,31,quantile,0.2,0.0020586977792203935
2026-10-10,wk inc flu prop ed visits,3,2026-10-31,31,quantile,0.25,0.0023590154365510352
2026-10-10,wk inc flu prop ed visits,3,2026-10-31,31,quantile,0.3,0.0026159972469651767
2026-10-10,wk inc flu prop ed visits,3,2026-10-31,31,quantile,0.35,0.002969539234826582
2026-10-10,wk inc flu prop ed visits,3,2026-10-31,31,quantile,0.4,0.003273731291472754
2026-10-10,wk inc flu prop ed visits,3,2026-10-31,31,quantile,0.45,0.0036479435418524265
2026-10-10,wk inc flu prop ed visits,3,2026-10-31,31,quantile,0.5,0.004096699991798718
2026-10-10,wk inc flu prop ed visits,3,2026-10-31,31,quantile,0.55,0.004545982245638313
2026-10-10,wk inc flu prop ed visits,3,2026-10-31,31,quantile,0.6,0.005084609395857229
2026-10-10,wk inc flu prop ed visits,3,2026-10-31,31,quantile,0.65,0.005852754701610539
2026-10-10,wk inc flu prop ed visits,3,2026-10-31,31,quantile,0.7,0.006626130627230021
2026-10-10,wk inc flu prop ed visits,3,2026-10-31,31,quantile,0.75,0.007633404139732355
2026-10-10,wk inc flu prop ed visits,3,2026-10-31,31,quantile,0.8,0.009157542254242947
2026-10-10,wk inc flu prop ed visits,3,2026-10-31,31,quantile,0.85,0.011634012588667903
2026-10-10,wk inc flu prop ed visits,3,2026-10-31,31,quantile,0.9,0.01496254662602678
2026-10-10,wk inc flu prop ed visits,3,2026-10-31,31,quantile,0.95,0.022098572755529823
2026-10-10,wk inc flu prop ed visits,3,2026-10-31,31,quantile,0.975,0.027951433679289713
2026-10-10,wk inc flu prop ed visits,3,2026-10-31,31,quantile,0.99,0.028529493986890885
2026-10-10,wk inc flu prop ed visits,0,2026-10-10,32,quantile,0.01,0.0037486399331367317
2026-10-10,wk inc flu prop ed visits,0,2026-10-10,32,quantile,0.025,0.004508790420632156
2026-10-10,wk inc flu prop ed visits,0,2026-10-10,32,quantile,0.05,0.005099588949806456
2026-10-10,wk inc flu prop ed visits,0,2026-10-10,32,quantile,0.1,0.005720236226782608
2026-10-10,wk inc flu prop ed visits,0,2026-10-10,32,quantile,0.15,0.006156536397644397
2026-10-10,wk inc flu prop ed visits,0,2026-10-10,32,quantile,0.2,0.006547432471089975
2026-10-10,wk inc flu prop ed visits,0,2026-10-10,32,quantile,0.25,0.0069002229452733675
2026-10-10,wk inc flu prop ed visits,0,2026-10-10,32,quantile,0.3,0.007196568207177121
2026-10-10,wk inc flu prop ed visits,0,2026-10-10,32,quantile,0.35,0.007465010721324137
2026-10-10,wk inc flu prop ed visits,0,2026-10-10,32,quantile,0.4,0.007782430901725752
2026-10-10,wk inc flu prop ed visits,0,2026-10-10,32,quantile,0.45,0.008041341327744707
2026-10-10,wk inc flu prop ed visits,0,2026-10-10,32,quantile,0.5,0.008319847166042924
2026-10-10,wk inc flu prop ed visits,0,2026-10-10,32,quantile,0.55,0.008605049920017097
2026-10-10,wk inc flu prop ed visits,0,2026-10-10,32,quantile,0.6,0.008889110108665003
2026-10-10,wk inc flu prop ed visits,0,2026-10-10,32,quantile,0.65,0.009190115288233923
2026-10-10,wk inc flu prop ed visits,0,2026-10-10,32,quantile,0.7,0.009535217542441736
2026-10-10,wk inc flu prop ed visits,0,2026-10-10,32,quantile,0.75,0.009966664407428528
2026-10-10,wk inc flu prop ed visits,0,2026-10-10,32,quantile,0.8,0.010581660294121857
2026-10-10,wk inc flu prop ed visits,0,2026-10-10,32,quantile,0.85,0.011214780971179214
2026-10-10,wk inc flu prop ed visits,0,2026-10-10,32,quantile,0.9,0.0119097077456661
2026-10-10,wk inc flu prop ed visits,0,2026-10-10,32,quantile,0.95,0.012988531667554676
2026-10-10,wk inc flu prop ed visits,0,2026-10-10,32,quantile,0.975,0.01436017663547249
2026-10-10,wk inc flu prop ed visits,0,2026-10-10,32,quantile,0.99,0.016799753277369454
2026-10-10,wk inc flu prop ed visits,1,2026-10-17,32,quantile,0.01,0.0034386609235347977
2026-10-10,wk inc flu prop ed visits,1,2026-10-17,32,quantile,0.025,0.004222715475413596
2026-10-10,wk inc flu prop ed visits,1,2026-10-17,32,quantile,0.05,0.005188401965105026
2026-10-10,wk inc flu prop ed visits,1,2026-10-17,32,quantile,0.1,0.006283923992728801
2026-10-10,wk inc flu prop ed visits,1,2026-10-17,32,quantile,0.15,0.006947881612361946
2026-10-10,wk inc flu prop ed visits,1,2026-10-17,32,quantile,0.2,0.007527139007869222
2026-10-10,wk inc flu prop ed visits,1,2026-10-17,32,quantile,0.25,0.008019335159979296
2026-10-10,wk inc flu prop ed visits,1,2026-10-17,32,quantile,0.3,0.008481870932088208
2026-10-10,wk inc flu prop ed visits,1,2026-10-17,32,quantile,0.35,0.009014571601256259
2026-10-10,wk inc flu prop ed visits,1,2026-10-17,32,quantile,0.4,0.009607360212793821
2026-10-10,wk inc flu prop ed visits,1,2026-10-17,32,quantile,0.45,0.010268979816313608
2026-10-10,wk inc flu prop ed visits,1,2026-10-17,32,quantile,0.5,0.01086116792822742
2026-10-10,wk inc flu prop ed visits,1,2026-10-17,32,quantile,0.55,0.01156741630356279
2026-10-10,wk inc flu prop ed visits,1,2026-10-17,32,quantile,0.6,0.012361405507210332
2026-10-10,wk inc flu prop ed visits,1,2026-10-17,32,quantile,0.65,0.013805410269362259
2026-10-10,wk inc flu prop ed visits,1,2026-10-17,32,quantile,0.7,0.014720563391207007
2026-10-10,wk inc flu prop ed visits,1,2026-10-17,32,quantile,0.75,0.01566014696455268
2026-10-10,wk inc flu prop ed visits,1,2026-10-17,32,quantile,0.8,0.016683978349069636
2026-10-10,wk inc flu prop ed visits,1,2026-10-17,32,quantile,0.85,0.01791162446606346
2026-10-10,wk inc flu prop ed visits,1,2026-10-17,32,quantile,0.9,0.019339466332483013
2026-10-10,wk inc flu prop ed visits,1,2026-10-17,32,quantile,0.95,0.02130775702690061
2026-10-10,wk inc flu prop ed visits,1,2026-10-17,32,quantile,0.975,0.024146043613822027
2026-10-10,wk inc flu prop ed visits,1,2026-10-17,32,quantile,0.99,0.027776052943738704
2026-10-10,wk inc flu prop ed visits,2,2026-10-24,32,quantile,0.01,0.003934852375028057
2026-10-10,wk inc flu prop ed visits,2,2026-10-24,32,quantile,0.025,0.004617800409443983
2026-10-10,wk inc flu prop ed visits,2,2026-10-24,32,quantile,0.05,0.005609833261464046
2026-10-10,wk inc flu prop ed visits,2,2026-10-24,32,quantile,0.1,0.006673376163270848
2026-10-10,wk inc flu prop ed visits,2,2026-10-24,32,quantile,0.15,0.007572559388758041
2026-10-10,wk inc flu prop ed visits,2,2026-10-24,32,quantile,0.2,0.008652175729855159
2026-10-10,wk inc flu prop ed visits,2,2026-10-24,32,quantile,0.25,0.00937520589987939
2026-10-10,wk inc flu prop ed visits,2,2026-10-24,32,quantile,0.3,0.010263012318236333
2026-10-10,wk inc flu prop ed visits,2,2026-10-24,32,quantile,0.35,0.011203815702123662
2026-10-10,wk inc flu prop ed visits,2,2026-10-24,32,quantile,0.4,0.012205308356802322
2026-10-10,wk inc flu prop ed visits,2,2026-10-24,32,quantile,0.45,0.013583585001810488
2026-10-10,wk inc flu prop ed visits,2,2026-10-24,32,quantile,0.5,0.0146472317273518
2026-10-10,wk inc flu prop ed visits,2,2026-10-24,32,quantile,0.55,0.01618471113491534
2026-10-10,wk inc flu prop ed visits,2,2026-10-24,32,quantile,0.6,0.01781212859854085
2026-10-10,wk inc flu prop ed visits,2,2026-10-24,32,quantile,0.65,0.019642176443323296
2026-10-10,wk inc flu prop ed visits,2,2026-10-24,32,quantile,0.7,0.021335840602912045
2026-10-10,wk inc flu prop ed visits,2,2026-10-24,32,quantile,0.75,0.022841828132343835
2026-10-10,wk inc flu prop ed visits,2,2026-10-24,32,quantile,0.8,0.024200503565932292
2026-10-10,wk inc flu prop ed visits,2,2026-10-24,32,quantile,0.85,0.0259420648182759
2026-10-10,wk inc flu prop ed visits,2,2026-10-24,32,quantile,0.9,0.028691136135656062
2026-10-10,wk inc flu prop ed visits,2,2026-10-24,32,quantile,0.95,0.03262519943176066
2026-10-10,wk inc flu prop ed visits,2,2026-10-24,32,quantile,0.975,0.03892031800812523
2026-10-10,wk inc flu prop ed visits,2,2026-10-24,32,quantile,0.99,0.048084449301664854
2026-10-10,wk inc flu prop ed visits,3,2026-10-31,32,quantile,0.01,0.004130296022051856
2026-10-10,wk inc flu prop ed visits,3,2026-10-31,32,quantile,0.025,0.004861738060598905
2026-10-10,wk inc flu prop ed visits,3,2026-10-31,32,quantile,0.05,0.00574132122090436
2026-10-10,wk inc flu prop ed visits,3,2026-10-31,32,quantile,0.1,0.00734999559976366
2026-10-10,wk inc flu prop ed visits,3,2026-10-31,32,quantile,0.15,0.009035477970345322
2026-10-10,wk inc flu prop ed visits,3,2026-10-31,32,quantile,0.2,0.010289761581712395
2026-10-10,wk inc flu prop ed visits,3,2026-10-31,32,quantile,0.25,0.011571916950000424
2026-10-10,wk inc flu prop ed visits,3,2026-10-31,32,quantile,0.3,0.012901109072393401
2026-10-10,wk inc flu prop ed visits,3,2026-10-31,32,quantile,0.35,0.01444871593278561
2026-10-10,wk inc flu prop ed visits,3,2026-10-31,32,quantile,0.4,0.016250821667030832
2026-10-10,wk inc flu prop ed visits,3,2026-10-31,32,quantile,0.45,0.017886180924224
2026-10-10,wk inc flu prop ed visits,3,2026-10-31,32,quantile,0.5,0.019328156538313497
2026-10-10,wk inc flu prop ed visits,3,2026-10-31,32,quantile,0.55,0.02145049394202981
2026-10-10,wk inc flu prop ed visits,3,2026-10-31,32,quantile,0.6,0.023895269917983165
2026-10-10,wk inc flu prop ed visits,3,2026-10-31,32,quantile,0.65,0.026226920302352644
2026-10-10,wk inc flu prop ed visits,3,2026-10-31,32,quantile,0.7,0.028866626164238688
2026-10-10,wk inc flu prop ed visits,3,2026-10-31,32,quantile,0.75,0.030953886775564723
2026-10-10,wk inc flu prop ed visits,3,2026-10-31,32,quantile,0.8,0.033554656743842295
2026-10-10,wk inc flu prop ed visits,3,2026-10-31,32,quantile,0.85,0.036481146285747
2026-10-10,wk inc flu prop ed visits,3,2026-10-31,32,quantile,0.9,0.040077798584601636
2026-10-10,wk inc flu prop ed visits,3,2026-10-31,32,quantile,0.95,0.047907235854475226
2026-10-10,wk inc flu prop ed visits,3,2026-10-31,32,quantile,0.975,0.05482541102764323
2026-10-10,wk inc flu prop ed visits,3,2026-10-31,32,quantile,0.99,0.0755860198968045
2026-10-10,wk inc flu prop ed visits,0,2026-10-10,33,quantile,0.01,0.001177423376586255
2026-10-10,wk inc flu prop ed visits,0,2026-10-10,33,quantile,0.025,0.001532166283545491
2026-10-10,wk inc flu prop ed visits,0,2026-10-10,33,quantile,0.05,0.0018407273830864353
2026-10-10,wk inc flu prop ed visits,0,2026-10-10,33,quantile,0.1,0.0023441959993104502
2026-10-10,wk inc flu prop ed visits,0,2026-10-10,33,quantile,0.15,0.00258145917159808
2026-10-10,wk inc flu prop ed visits,0,2026-10-10,33,quantile,0.2,0.0028265943414586647
2026-10-10,wk inc flu prop ed visits,0,2026-10-10,33,quantile,0.25,0.0030106292243937266
2026-10-10,wk inc flu prop ed visits,0,2026-10-10,33,quantile,0.3,0.003237877461784889
2026-10-10,wk inc flu prop ed visits,0,2026-10-10,33,quantile,0.35,0.0034116932347669025
2026-10-10,wk inc flu prop ed visits,0,2026-10-10,33,quantile,0.4,0.003580201392731062
2026-10-10,wk inc flu prop ed visits,0,2026-10-10,33,quantile,0.45,0.0037399524537865083
2026-10-10,wk inc flu prop ed visits,0,2026-10-10,33,quantile,0.5,0.003910388270899712
2026-10-10,wk inc flu prop ed visits,0,2026-10-10,33,quantile,0.55,0.004058205945152208
2026-10-10,wk inc flu prop ed visits,0,2026-10-10,33,quantile,0.6,0.004258171451383584
2026-10-10,wk inc flu prop ed visits,0,2026-10-10,33,quantile,0.65,0.00444451906644158
2026-10-10,wk inc flu prop ed visits,0,2026-10-10,33,quantile,0.7,0.004658707866927821
2026-10-10,wk inc flu prop ed visits,0,2026-10-10,33,quantile,0.75,0.0049001251961057705
2026-10-10,wk inc flu prop ed visits,0,2026-10-10,33,quantile,0.8,0.005227825000172737
2026-10-10,wk inc flu prop ed visits,0,2026-10-10,33,quantile,0.85,0.005573076140066023
2026-10-10,wk inc flu prop ed visits,0,2026-10-10,33,quantile,0.9,0.006079604251585136
2026-10-10,wk inc flu prop ed visits,0,2026-10-10,33,quantile,0.95,0.007020120936718773
2026-10-10,wk inc flu prop ed visits,0,2026-10-10,33,quantile,0.975,0.008412222398268956
2026-10-10,wk inc flu prop ed visits,0,2026-10-10,33,quantile,0.99,0.009441342607571682
2026-10-10,wk inc flu prop ed visits,1,2026-10-17,33,quantile,0.01,0.001100592465718908
2026-10-10,wk inc flu prop ed visits,1,2026-10-17,33,quantile,0.025,0.0014599203181302673
2026-10-10,wk inc flu prop ed visits,1,2026-10-17,33,quantile,0.05,0.001808076937807461
2026-10-10,wk inc flu prop ed visits,1,2026-10-17,33,quantile,0.1,0.002241903283623704
2026-10-10,wk inc flu prop ed visits,1,2026-10-17,33,quantile,0.15,0.0026754181496752667
2026-10-10,wk inc flu prop ed visits,1,2026-10-17,33,quantile,0.2,0.002968673543238133
2026-10-10,wk inc flu prop ed visits,1,2026-10-17,33,quantile,0.25,0.003197810121099106
2026-10-10,wk inc flu prop ed visits,1,2026-10-17,33,quantile,0.3,0.0034864535145562774
2026-10-10,wk inc flu prop ed visits,1,2026-10-17,33,quantile,0.35,0.0037300112367000993
2026-10-10,wk inc flu prop ed visits,1,2026-10-17,33,quantile,0.4,0.0039834816902223616
2026-10-10,wk inc flu prop ed visits,1,2026-10-17,33,quantile,0.45,0.004247776353008947
2026-10-10,wk inc flu prop ed visits,1,2026-10-17,33,quantile,0.5,0.004478167161434603
2026-10-10,wk inc flu prop ed visits,1,2026-10-17,33,quantile,0.55,0.004742225293003565
2026-10-10,wk inc flu prop ed visits,1,2026-10-17,33,quantile,0.6,0.00507098284463784
2026-10-10,wk inc flu prop ed visits,1,2026-10-17,33,quantile,0.65,0.005458179627851237
2026-10-10,wk inc flu prop ed visits,1,2026-10-17,33,quantile,0.7,0.005892560998765265
2026-10-10,wk inc flu prop ed visits,1,2026-10-17,33,quantile,0.75,0.006367115003860286
2026-10-10,wk inc flu prop ed visits,1,2026-10-17,33,quantile,0.8,0.006962810189952738
2026-10-10,wk inc flu prop ed visits,1,2026-10-17,33,quantile,0.85,0.007629398350318702
2026-10-10,wk inc flu prop ed visits,1,2026-10-17,33,quantile,0.9,0.008850342370412042
2026-10-10,wk inc flu prop ed visits,1,2026-10-17,33,quantile,0.95,0.011798393161459184
2026-10-10,wk inc flu prop ed visits,1,2026-10-17,33,quantile,0.975,0.014817609062859607
2026-10-10,wk inc flu prop ed visits,1,2026-10-17,33,quantile,0.99,0.015506361445402784
2026-10-10,wk inc flu prop ed visits,2,2026-10-24,33,quantile,0.01,0.0011548773479390104
2026-10-10,wk inc flu prop ed visits,2,2026-10-24,33,quantile,0.025,0.0015769439735892656
2026-10-10,wk inc flu prop ed visits,2,2026-10-24,33,quantile,0.05,0.001882459630486613
2026-10-10,wk inc flu prop ed visits,2,2026-10-24,33,quantile,0.1,0.002407891864385974
2026-10-10,wk inc flu prop ed visits,2,2026-10-24,33,quantile,0.15,0.0028486808767483624
2026-10-10,wk inc flu prop ed visits,2,2026-10-24,33,quantile,0.2,0.0031834633899693317
2026-10-10,wk inc flu prop ed visits,2,2026-10-24,33,quantile,0.25,0.003538491472699753
2026-10-10,wk inc flu prop ed visits,2,2026-10-24,33,quantile,0.3,0.0038810332341598338
2026-10-10,wk inc flu prop ed visits,2,2026-10-24,33,quantile,0.35,0.0042757480632078316
2026-10-10,wk inc flu prop ed visits,2,2026-10-24,33,quantile,0.4,0.004586073669701352
2026-10-10,wk inc flu prop ed visits,2,2026-10-24,33,quantile,0.45,0.0049621355074547435
2026-10-10,wk inc flu prop ed visits,2,2026-10-24,33,quantile,0.5,0.005456345084696178
2026-10-10,wk inc flu prop ed visits,2,2026-10-24,33,quantile,0.55,0.0058566653981969525
2026-10-10,wk inc flu prop ed visits,2,2026-10-24,33,quantile,0.6,0.0063418830551705
2026-10-10,wk inc flu prop ed visits,2,2026-10-24,33,quantile,0.65,0.0068931661106715544
2026-10-10,wk inc flu prop ed visits,2,2026-10-24,33,quantile,0.7,0.007442866396802243
2026-10-10,wk inc flu prop ed visits,2,2026-10-24,33,quantile,0.75,0.008328626494750678
2026-10-10,wk inc flu prop ed visits,2,2026-10-24,33,quantile,0.8,0.009356713271212413
2026-10-10,wk inc flu prop ed visits,2,2026-10-24,33,quantile,0.85,0.01080084002912607
2026-10-10,wk inc flu prop ed visits,2,2026-10-24,33,quantile,0.9,0.013263982547760952
2026-10-10,wk inc flu prop ed visits,2,2026-10-24,33,quantile,0.95,0.018396674434985015
2026-10-10,wk inc flu prop ed visits,2,2026-10-24,33,quantile,0.975,0.024360293982028155
2026-10-10,wk inc flu prop ed visits,2,2026-10-24,33,quantile,0.99,0.026171030952844364
2026-10-10,wk inc flu prop ed visits,3,2026-10-31,33,quantile,0.01,0.0011216835931484846
2026-10-10,wk inc flu prop ed visits,3,2026-10-31,33,quantile,0.025,0.0015274584988892491
2026-10-10,wk inc flu prop ed visits,3,2026-10-31,33,quantile,0.05,0.0020431574990361643
2026-10-10,wk inc flu prop ed visits,3,2026-10-31,33,quantile,0.1,0.002685837575385068
2026-10-10,wk inc flu prop ed visits,3,2026-10-31,33,quantile,0.15,0.0032421494201112606
2026-10-10,wk inc flu prop ed visits,3,2026-10-31,33,quantile,0.2,0.0037682121351627637
2026-10-10,wk inc flu prop ed visits,3,2026-10-31,33,quantile,0.25,0.0042210279655097455
2026-10-10,wk inc flu prop ed visits,3,2026-10-31,33,quantile,0.3,0.004707281811496481
2026-10-10,wk inc flu prop ed visits,3,2026-10-31,33,quantile,0.35,0.005246534085801053
2026-10-10,wk inc flu prop ed visits,3,2026-10-31,33,quantile,0.4,0.00575544306837214
2026-10-10,wk inc flu prop ed visits,3,2026-10-31,33,quantile,0.45,0.006265190377944092
2026-10-10,wk inc flu prop ed visits,3,2026-10-31,33,quantile,0.5,0.006885417326485938
2026-10-10,wk inc flu prop ed visits,3,2026-10-31,33,quantile,0.55,0.007504078164453489
2026-10-10,wk inc flu prop ed visits,3,2026-10-31,33,quantile,0.6,0.008102720012833898
2026-10-10,wk inc flu prop ed visits,3,2026-10-31,33,quantile,0.65,0.008855446296545008
2026-10-10,wk inc flu prop ed visits,3,2026-10-31,33,quantile,0.7,0.009913601031459924
2026-10-10,wk inc flu prop ed visits,3,2026-10-31,33,quantile,0.75,0.011170546309447834
2026-10-10,wk inc flu prop ed visits,3,2026-10-31,33,quantile,0.8,0.012970091594466278
2026-10-10,wk inc flu prop ed visits,3,2026-10-31,33,quantile,0.85,0.015536586976616772
2026-10-10,wk inc flu prop ed visits,3,2026-10-31,33,quantile,0.9,0.020360982457416178
2026-10-10,wk inc flu prop ed visits,3,2026-10-31,33,quantile,0.95,0.029194236850251458
2026-10-10,wk inc flu prop ed visits,3,2026-10-31,33,quantile,0.975,0.03812046204798282
2026-10-10,wk inc flu prop ed visits,3,2026-10-31,33,quantile,0.99,0.04588834006468814
2026-10-10,wk inc flu prop ed visits,0,2026-10-10,34,quantile,0.01,0.0017623102498146295
2026-10-10,wk inc flu prop ed visits,0,2026-10-10,34,quantile,0.025,0.0020776134323658322
2026-10-10,wk inc flu prop ed visits,0,2026-10-10,34,quantile,0.05,0.0023831536488751323
2026-10-10,wk inc flu prop ed visits,0,2026-10-10,34,quantile,0.1,0.0027966795676957136
2026-10-10,wk inc flu prop ed visits,0,2026-10-10,34,quantile,0.15,0.0030426484576623566
2026-10-10,wk inc flu prop ed visits,0,2026-10-10,34,quantile,0.2,0.003267212139522883
2026-10-10,wk inc flu prop ed visits,0,2026-10-10,34,quantile,0.25,0.003458533215852922
2026-10-10,wk inc flu prop ed visits,0,2026-10-10,34,quantile,0.3,0.0036086569141222354
2026-10-10,wk inc flu prop ed visits,0,2026-10-10,34,quantile,0.35,0.003800768037314947
2026-10-10,wk inc flu prop ed visits,0,2026-10-10,34,quantile,0.4,0.003964814335576991
2026-10-10,wk inc flu prop ed visits,0,2026-10-10,34,quantile,0.45,0.004130204908280629
2026-10-10,wk inc flu prop ed visits,0,2026-10-10,34,quantile,0.5,0.004279656648787019
2026-10-10,wk inc flu prop ed visits,0,2026-10-10,34,quantile,0.55,0.004428739902066346
2026-10-10,wk inc flu prop ed visits,0,2026-10-10,34,quantile,0.6,0.004620362336521102
2026-10-10,wk inc flu prop ed visits,0,2026-10-10,34,quantile,0.65,0.004810070502035508
2026-10-10,wk inc flu prop ed visits,0,2026-10-10,34,quantile,0.7,0.0050170913790353764
2026-10-10,wk inc flu prop ed visits,0,2026-10-10,34,quantile,0.75,0.005247153699556221
2026-10-10,wk inc flu prop ed visits,0,2026-10-10,34,quantile,0.8,0.005539473881004311
2026-10-10,wk inc flu prop ed visits,0,2026-10-10,34,quantile,0.85,0.005887939813212127
2026-10-10,wk inc flu prop ed visits,0,2026-10-10,34,quantile,0.9,0.006361150141590872
2026-10-10,wk inc flu prop ed visits,0,2026-10-10,34,quantile,0.95,0.007216385783610994
2026-10-10,wk inc flu prop ed visits,0,2026-10-10,34,quantile,0.975,0.008007672589514613
2026-10-10,wk inc flu prop ed visits,0,2026-10-10,34,quantile,0.99,0.009517789051343753
2026-10-10,wk inc flu prop ed visits,1,2026-10-17,34,quantile,0.01,0.0017141408904004663
2026-10-10,wk inc flu prop ed visits,1,2026-10-17,34,quantile,0.025,0.002040061020222304
2026-10-10,wk inc flu prop ed visits,1,2026-10-17,34,quantile,0.05,0.0024056658877602975
2026-10-10,wk inc flu prop ed visits,1,2026-10-17,34,quantile,0.1,0.0029035817819386585
2026-10-10,wk inc flu prop ed visits,1,2026-10-17,34,quantile,0.15,0.0032829879692308065
2026-10-10,wk inc flu prop ed visits,1,2026-10-17,34,quantile,0.2,0.003606265294999811
2026-10-10,wk inc flu prop ed visits,1,2026-10-17,34,quantile,0.25,0.003921969013203484
2026-10-10,wk inc flu prop ed visits,1,2026-10-17,34,quantile,0.3,0.004153960593079653
2026-10-10,wk inc flu prop ed visits,1,2026-10-17,34,quantile,0.35,0.0043623417274252395
2026-10-10,wk inc flu prop ed visits,1,2026-10-17,34,quantile,0.4,0.00459133233024534
2026-10-10,wk inc flu prop ed visits,1,2026-10-17,34,quantile,0.45,0.004836639436583976
2026-10-10,wk inc flu prop ed visits,1,2026-10-17,34,quantile,0.5,0.005067535424351603
2026-10-10,wk inc flu prop ed visits,1,2026-10-17,34,quantile,0.55,0.005320030622519869
2026-10-10,wk inc flu prop ed visits,1,2026-10-17,34,quantile,0.6,0.005592653892361041
2026-10-10,wk inc flu prop ed visits,1,2026-10-17,34,quantile,0.65,0.00593604717205044
2026-10-10,wk inc flu prop ed visits,1,2026-10-17,34,quantile,0.7,0.00629500198875526
2026-10-10,wk inc flu prop ed visits,1,2026-10-17,34,quantile,0.75,0.006700350673542902
2026-10-10,wk inc flu prop ed visits,1,2026-10-17,34,quantile,0.8,0.007290879038810722
2026-10-10,wk inc flu prop ed visits,1,2026-10-17,34,quantile,0.85,0.00794870272324782
2026-10-10,wk inc flu prop ed visits,1,2026-10-17,34,quantile,0.9,0.009378322303527815
2026-10-10,wk inc flu prop ed visits,1,2026-10-17,34,quantile,0.95,0.011787456091825351
2026-10-10,wk inc flu prop ed visits,1,2026-10-17,34,quantile,0.975,0.013948259876791571
2026-10-10,wk inc flu prop ed visits,1,2026-10-17,34,quantile,0.99,0.01624656870978447
2026-10-10,wk inc flu prop ed visits,2,2026-10-24,34,quantile,0.01,0.0017657006784588673
2026-10-10,wk inc flu prop ed visits,2,2026-10-24,34,quantile,0.025,0.002215157168437014
2026-10-10,wk inc flu prop ed visits,2,2026-10-24,34,quantile,0.05,0.002588776328845842
2026-10-10,wk inc flu prop ed visits,2,2026-10-24,34,quantile,0.1,0.00310474973723511
2026-10-10,wk inc flu prop ed visits,2,2026-10-24,34,quantile,0.15,0.003630492869210838
2026-10-10,wk inc flu prop ed visits,2,2026-10-24,34,quantile,0.2,0.004032457924917364
2026-10-10,wk inc flu prop ed visits,2,2026-10-24,34,quantile,0.25,0.0044248979928292135
2026-10-10,wk inc flu prop ed visits,2,2026-10-24,34,quantile,0.3,0.004755652653831435
2026-10-10,wk inc flu prop ed visits,2,2026-10-24,34,quantile,0.35,0.005121417901604828
2026-10-10,wk inc flu prop ed visits,2,2026-10-24,34,quantile,0.4,0.0054618634696007645
2026-10-10,wk inc flu prop ed visits,2,2026-10-24,34,quantile,0.45,0.005805134523029651
2026-10-10,wk inc flu prop ed visits,2,2026-10-24,34,quantile,0.5,0.006185723624940187
2026-10-10,wk inc flu prop ed visits,2,2026-10-24,34,quantile,0.55,0.006560658125635442
2026-10-10,wk inc flu prop ed visits,2,2026-10-24,34,quantile,0.6,0.007115204574555314
2026-10-10,wk inc flu prop ed visits,2,2026-10-24,34,quantile,0.65,0.007631426883179727
2026-10-10,wk inc flu prop ed visits,2,2026-10-24,34,quantile,0.7,0.008240618842608466
2026-10-10,wk inc flu prop ed visits,2,2026-10-24,34,quantile,0.75,0.008779166796484331
2026-10-10,wk inc flu prop ed visits,2,2026-10-24,34,quantile,0.8,0.009654902611687341
2026-10-10,wk inc flu prop ed visits,2,2026-10-24,34,quantile,0.85,0.011139434777739956
2026-10-10,wk inc flu prop ed visits,2,2026-10-24,34,quantile,0.9,0.01355186699301033
2026-10-10,wk inc flu prop ed visits,2,2026-10-24,34,quantile,0.95,0.01900263805615484
2026-10-10,wk inc flu prop ed visits,2,2026-10-24,34,quantile,0.975,0.024016300927948403
2026-10-10,wk inc flu prop ed visits,2,2026-10-24,34,quantile,0.99,0.026998541689210447
2026-10-10,wk inc flu prop ed visits,3,2026-10-31,34,quantile,0.01,0.0016269599248219281
2026-10-10,wk inc flu prop ed visits,3,2026-10-31,34,quantile,0.025,0.0021730225556907817
2026-10-10,wk inc flu prop ed visits,3,2026-10-31,34,quantile,0.05,0.002824399351450826
2026-10-10,wk inc flu prop ed visits,3,2026-10-31,34,quantile,0.1,0.0036039171727109856
2026-10-10,wk inc flu prop ed visits,3,2026-10-31,34,quantile,0.15,0.004221566549186815
2026-10-10,wk inc flu prop ed visits,3,2026-10-31,34,quantile,0.2,0.004772082170588983
2026-10-10,wk inc flu prop ed visits,3,2026-10-31,34,quantile,0.25,0.00521377942806648
2026-10-10,wk inc flu prop ed visits,3,2026-10-31,34,quantile,0.3,0.005735080570139802
2026-10-10,wk inc flu prop ed visits,3,2026-10-31,34,quantile,0.35,0.006212140195612033
2026-10-10,wk inc flu prop ed visits,3,2026-10-31,34,quantile,0.4,0.0067324405054058935
2026-10-10,wk inc flu prop ed visits,3,2026-10-31,34,quantile,0.45,0.007428575185425966
2026-10-10,wk inc flu prop ed visits,3,2026-10-31,34,quantile,0.5,0.008116297487916965
2026-10-10,wk inc flu prop ed visits,3,2026-10-31,34,quantile,0.55,0.008736623092265252
2026-10-10,wk inc flu prop ed visits,3,2026-10-31,34,quantile,0.6,0.009431918964229707
2026-10-10,wk inc flu prop ed visits,3,2026-10-31,34,quantile,0.65,0.010274486022217188
2026-10-10,wk inc flu prop ed visits,3,2026-10-31,34,quantile,0.7,0.01130942180453924
2026-10-10,wk inc flu prop ed visits,3,2026-10-31,34,quantile,0.75,0.012384873526023608
2026-10-10,wk inc flu prop ed visits,3,2026-10-31,34,quantile,0.8,0.013930844407182216
2026-10-10,wk inc flu prop ed visits,3,2026-10-31,34,quantile,0.85,0.01622848891311953
2026-10-10,wk inc flu prop ed visits,3,2026-10-31,34,quantile,0.9,0.019570845812705018
2026-10-10,wk inc flu prop ed visits,3,2026-10-31,34,quantile,0.95,0.027994722282997132
2026-10-10,wk inc flu prop ed visits,3,2026-10-31,34,quantile,0.975,0.0416734785791739
2026-10-10,wk inc flu prop ed visits,3,2026-10-31,34,quantile,0.99,0.04704696004284395
2026-10-10,wk inc flu prop ed visits,0,2026-10-10,35,quantile,0.01,7.437821869216266e-4
2026-10-10,wk inc flu prop ed visits,0,2026-10-10,35,quantile,0.025,9.135285454694108e-4
2026-10-10,wk inc flu prop ed visits,0,2026-10-10,35,quantile,0.05,0.0010938148158854692
2026-10-10,wk inc flu prop ed visits,0,2026-10-10,35,quantile,0.1,0.0012902349487603467
2026-10-10,wk inc flu prop ed visits,0,2026-10-10,35,quantile,0.15,0.0014379837843288756
2026-10-10,wk inc flu prop ed visits,0,2026-10-10,35,quantile,0.2,0.001586452342457599
2026-10-10,wk inc flu prop ed visits,0,2026-10-10,35,quantile,0.25,0.0017082337915117545
2026-10-10,wk inc flu prop ed visits,0,2026-10-10,35,quantile,0.3,0.0018351058178646049
2026-10-10,wk inc flu prop ed visits,0,2026-10-10,35,quantile,0.35,0.0019678540298350504
2026-10-10,wk inc flu prop ed visits,0,2026-10-10,35,quantile,0.4,0.002109737923049248
2026-10-10,wk inc flu prop ed visits,0,2026-10-10,35,quantile,0.45,0.002237972577393645
2026-10-10,wk inc flu prop ed visits,0,2026-10-10,35,quantile,0.5,0.0023747728916674593
2026-10-10,wk inc flu prop ed visits,0,2026-10-10,35,quantile,0.55,0.0025222093946245918
2026-10-10,wk inc flu prop ed visits,0,2026-10-10,35,quantile,0.6,0.0026636012282506656
2026-10-10,wk inc flu prop ed visits,0,2026-10-10,35,quantile,0.65,0.0028161176846648196
2026-10-10,wk inc flu prop ed visits,0,2026-10-10,35,quantile,0.7,0.0029951874182099778
2026-10-10,wk inc flu prop ed visits,0,2026-10-10,35,quantile,0.75,0.0031842796437280764
2026-10-10,wk inc flu prop ed visits,0,2026-10-10,35,quantile,0.8,0.003465012927988266
2026-10-10,wk inc flu prop ed visits,0,2026-10-10,35,quantile,0.85,0.003818752524151485
2026-10-10,wk inc flu prop ed visits,0,2026-10-10,35,quantile,0.9,0.004316424875481978
2026-10-10,wk inc flu prop ed visits,0,2026-10-10,35,quantile,0.95,0.005171262884392555
2026-10-10,wk inc flu prop ed visits,0,2026-10-10,35,quantile,0.975,0.005387359114205403
2026-10-10,wk inc flu prop ed visits,0,2026-10-10,35,quantile,0.99,0.005700022267481536
2026-10-10,wk inc flu prop ed visits,1,2026-10-17,35,quantile,0.01,7.03298388778786e-4
2026-10-10,wk inc flu prop ed visits,1,2026-10-17,35,quantile,0.025,8.737780000621951e-4
2026-10-10,wk inc flu prop ed visits,1,2026-10-17,35,quantile,0.05,0.001066007648328917
2026-10-10,wk inc flu prop ed visits,1,2026-10-17,35,quantile,0.1,0.0013074411459127182
2026-10-10,wk inc flu prop ed visits,1,2026-10-17,35,quantile,0.15,0.0015215730799864637
2026-10-10,wk inc flu prop ed visits,1,2026-10-17,35,quantile,0.2,0.0017048114925784512
2026-10-10,wk inc flu prop ed visits,1,2026-10-17,35,quantile,0.25,0.0018879874998115281
2026-10-10,wk inc flu prop ed visits,1,2026-10-17,35,quantile,0.3,0.0020868706731774706
2026-10-10,wk inc flu prop ed visits,1,2026-10-17,35,quantile,0.35,0.0022572271960300413
2026-10-10,wk inc flu prop ed visits,1,2026-10-17,35,quantile,0.4,0.0024417972418629835
2026-10-10,wk inc flu prop ed visits,1,2026-10-17,35,quantile,0.45,0.0026501747330279126
2026-10-10,wk inc flu prop ed visits,1,2026-10-17,35,quantile,0.5,0.0027917356941379156
2026-10-10,wk inc flu prop ed visits,1,2026-10-17,35,quantile,0.55,0.0029922952134598013
2026-10-10,wk inc flu prop ed visits,1,2026-10-17,35,quantile,0.6,0.003206453103607027
2026-10-10,wk inc flu prop ed visits,1,2026-10-17,35,quantile,0.65,0.003544913193047813
2026-10-10,wk inc flu prop ed visits,1,2026-10-17,35,quantile,0.7,0.003873866174751235
2026-10-10,wk inc flu prop ed visits,1,2026-10-17,35,quantile,0.75,0.00421670644988272
2026-10-10,wk inc flu prop ed visits,1,2026-10-17,35,quantile,0.8,0.004755363901608381
2026-10-10,wk inc flu prop ed visits,1,2026-10-17,35,quantile,0.85,0.0053512453635798695
2026-10-10,wk inc flu prop ed visits,1,2026-10-17,35,quantile,0.9,0.006434422089586488
2026-10-10,wk inc flu prop ed visits,1,2026-10-17,35,quantile,0.95,0.008203652625724322
2026-10-10,wk inc flu prop ed visits,1,2026-10-17,35,quantile,0.975,0.00852445691888909
2026-10-10,wk inc flu prop ed visits,1,2026-10-17,35,quantile,0.99,0.00898803240125132
2026-10-10,wk inc flu prop ed visits,2,2026-10-24,35,quantile,0.01,6.857855976968208e-4
2026-10-10,wk inc flu prop ed visits,2,2026-10-24,35,quantile,0.025,8.569395842681509e-4
2026-10-10,wk inc flu prop ed visits,2,2026-10-24,35,quantile,0.05,0.001055013994925984
2026-10-10,wk inc flu prop ed visits,2,2026-10-24,35,quantile,0.1,0.0013751222374953612
2026-10-10,wk inc flu prop ed visits,2,2026-10-24,35,quantile,0.15,0.0016569158648964417
2026-10-10,wk inc flu prop ed visits,2,2026-10-24,35,quantile,0.2,0.001897261718274015
2026-10-10,wk inc flu prop ed visits,2,2026-10-24,35,quantile,0.25,0.0021257640352206476
2026-10-10,wk inc flu prop ed visits,2,2026-10-24,35,quantile,0.3,0.002348329755896857
2026-10-10,wk inc flu prop ed visits,2,2026-10-24,35,quantile,0.35,0.0026016331568048372
2026-10-10,wk inc flu prop ed visits,2,2026-10-24,35,quantile,0.4,0.002818302828791118
2026-10-10,wk inc flu prop ed visits,2,2026-10-24,35,quantile,0.45,0.0030722150140419366
2026-10-10,wk inc flu prop ed visits,2,2026-10-24,35,quantile,0.5,0.0033247870260974784
2026-10-10,wk inc flu prop ed visits,2,2026-10-24,35,quantile,0.55,0.003675070695574733
2026-10-10,wk inc flu prop ed visits,2,2026-10-24,35,quantile,0.6,0.004039809915834516
2026-10-10,wk inc flu prop ed visits,2,2026-10-24,35,quantile,0.65,0.004494625760301575
2026-10-10,wk inc flu prop ed visits,2,2026-10-24,35,quantile,0.7,0.005009170649506376
2026-10-10,wk inc flu prop ed visits,2,2026-10-24,35,quantile,0.75,0.005626584871502511
2026-10-10,wk inc flu prop ed visits,2,2026-10-24,35,quantile,0.8,0.006333879703549495
2026-10-10,wk inc flu prop ed visits,2,2026-10-24,35,quantile,0.85,0.007471509454656671
2026-10-10,wk inc flu prop ed visits,2,2026-10-24,35,quantile,0.9,0.009111129352968112
2026-10-10,wk inc flu prop ed visits,2,2026-10-24,35,quantile,0.95,0.012761272034497463
2026-10-10,wk inc flu prop ed visits,2,2026-10-24,35,quantile,0.975,0.014139590467868779
2026-10-10,wk inc flu prop ed visits,2,2026-10-24,35,quantile,0.99,0.014774939320930502
2026-10-10,wk inc flu prop ed visits,3,2026-10-31,35,quantile,0.01,7.749260107203862e-4
2026-10-10,wk inc flu prop ed visits,3,2026-10-31,35,quantile,0.025,9.693761875733031e-4
2026-10-10,wk inc flu prop ed visits,3,2026-10-31,35,quantile,0.05,0.0012233300247897847
2026-10-10,wk inc flu prop ed visits,3,2026-10-31,35,quantile,0.1,0.0015275881022189918
2026-10-10,wk inc flu prop ed visits,3,2026-10-31,35,quantile,0.15,0.001841723916614048
2026-10-10,wk inc flu prop ed visits,3,2026-10-31,35,quantile,0.2,0.00213141971018993
2026-10-10,wk inc flu prop ed visits,3,2026-10-31,35,quantile,0.25,0.0024395943835086205
2026-10-10,wk inc flu prop ed visits,3,2026-10-31,35,quantile,0.3,0.0027987364809584463
2026-10-10,wk inc flu prop ed visits,3,2026-10-31,35,quantile,0.35,0.0030796526731007973
2026-10-10,wk inc flu prop ed visits,3,2026-10-31,35,quantile,0.4,0.0034070489570617512
2026-10-10,wk inc flu prop ed visits,3,2026-10-31,35,quantile,0.45,0.0038220392791828636
2026-10-10,wk inc flu prop ed visits,3,2026-10-31,35,quantile,0.5,0.00424233126007265
2026-10-10,wk inc flu prop ed visits,3,2026-10-31,35,quantile,0.55,0.004727905964676915
2026-10-10,wk inc flu prop ed visits,3,2026-10-31,35,quantile,0.6,0.005297831307308947
2026-10-10,wk inc flu prop ed visits,3,2026-10-31,35,quantile,0.65,0.00588893035321767
2026-10-10,wk inc flu prop ed visits,3,2026-10-31,35,quantile,0.7,0.00675371931764231
2026-10-10,wk inc flu prop ed visits,3,2026-10-31,35,quantile,0.75,0.007893068386700685
2026-10-10,wk inc flu prop ed visits,3,2026-10-31,35,quantile,0.8,0.00901190198954364
2026-10-10,wk inc flu prop ed visits,3,2026-10-31,35,quantile,0.85,0.01072921880338705
2026-10-10,wk inc flu prop ed visits,3,2026-10-31,35,quantile,0.9,0.013617232319976722
2026-10-10,wk inc flu prop ed visits,3,2026-10-31,35,quantile,0.95,0.02235051659819835
2026-10-10,wk inc flu prop ed visits,3,2026-10-31,35,quantile,0.975,0.024500743343600626
2026-10-10,wk inc flu prop ed visits,3,2026-10-31,35,quantile,0.99,0.025280335394408895
2026-10-10,wk inc flu prop ed visits,0,2026-10-10,36,quantile,0.01,0.001362795651796395
2026-10-10,wk inc flu prop ed visits,0,2026-10-10,36,quantile,0.025,0.0016495215228733316
2026-10-10,wk inc flu prop ed visits,0,2026-10-10,36,quantile,0.05,0.0019871640335746266
2026-10-10,wk inc flu prop ed visits,0,2026-10-10,36,quantile,0.1,0.0023295646709262825
2026-10-10,wk inc flu prop ed visits,0,2026-10-10,36,quantile,0.15,0.002527094604568279
2026-10-10,wk inc flu prop ed visits,0,2026-10-10,36,quantile,0.2,0.002682772516118962
2026-10-10,wk inc flu prop ed visits,0,2026-10-10,36,quantile,0.25,0.002828325901859295
2026-10-10,wk inc flu prop ed visits,0,2026-10-10,36,quantile,0.3,0.0029567211028824966
2026-10-10,wk inc flu prop ed visits,0,2026-10-10,36,quantile,0.35,0.003087051459518722
2026-10-10,wk inc flu prop ed visits,0,2026-10-10,36,quantile,0.4,0.0032076420578488534
2026-10-10,wk inc flu prop ed visits,0,2026-10-10,36,quantile,0.45,0.003322186130688457
2026-10-10,wk inc flu prop ed visits,0,2026-10-10,36,quantile,0.5,0.0034312575284519723
2026-10-10,wk inc flu prop ed visits,0,2026-10-10,36,quantile,0.55,0.003528536260765563
2026-10-10,wk inc flu prop ed visits,0,2026-10-10,36,quantile,0.6,0.0036272900625317845
2026-10-10,wk inc flu prop ed visits,0,2026-10-10,36,quantile,0.65,0.0037404155082870994
2026-10-10,wk inc flu prop ed visits,0,2026-10-10,36,quantile,0.7,0.0038574788044315354
2026-10-10,wk inc flu prop ed visits,0,2026-10-10,36,quantile,0.75,0.004001912120710998
2026-10-10,wk inc flu prop ed visits,0,2026-10-10,36,quantile,0.8,0.004202615805346286
2026-10-10,wk inc flu prop ed visits,0,2026-10-10,36,quantile,0.85,0.004472011285520788
2026-10-10,wk inc flu prop ed visits,0,2026-10-10,36,quantile,0.9,0.004798421857961712
2026-10-10,wk inc flu prop ed visits,0,2026-10-10,36,quantile,0.95,0.0052484437439833335
2026-10-10,wk inc flu prop ed visits,0,2026-10-10,36,quantile,0.975,0.005915082606560691
2026-10-10,wk inc flu prop ed visits,0,2026-10-10,36,quantile,0.99,0.007380146531751463
2026-10-10,wk inc flu prop ed visits,1,2026-10-17,36,quantile,0.01,0.001376391854634009
2026-10-10,wk inc flu prop ed visits,1,2026-10-17,36,quantile,0.025,0.0017611322018430565
2026-10-10,wk inc flu prop ed visits,1,2026-10-17,36,quantile,0.05,0.0021211829802677594
2026-10-10,wk inc flu prop ed visits,1,2026-10-17,36,quantile,0.1,0.0026253501812640617
2026-10-10,wk inc flu prop ed visits,1,2026-10-17,36,quantile,0.15,0.002888146450666374
2026-10-10,wk inc flu prop ed visits,1,2026-10-17,36,quantile,0.2,0.00308858320111512
2026-10-10,wk inc flu prop ed visits,1,2026-10-17,36,quantile,0.25,0.0033008137196704223
2026-10-10,wk inc flu prop ed visits,1,2026-10-17,36,quantile,0.3,0.003500343646051181
2026-10-10,wk inc flu prop ed visits,1,2026-10-17,36,quantile,0.35,0.003748001984580758
2026-10-10,wk inc flu prop ed visits,1,2026-10-17,36,quantile,0.4,0.003980184098563845
2026-10-10,wk inc flu prop ed visits,1,2026-10-17,36,quantile,0.45,0.00420765021258134
2026-10-10,wk inc flu prop ed visits,1,2026-10-17,36,quantile,0.5,0.004470156188472379
2026-10-10,wk inc flu prop ed visits,1,2026-10-17,36,quantile,0.55,0.0046878562862613955
2026-10-10,wk inc flu prop ed visits,1,2026-10-17,36,quantile,0.6,0.0048992151339426375
2026-10-10,wk inc flu prop ed visits,1,2026-10-17,36,quantile,0.65,0.005154255268931577
2026-10-10,wk inc flu prop ed visits,1,2026-10-17,36,quantile,0.7,0.005447477252453061
2026-10-10,wk inc flu prop ed visits,1,2026-10-17,36,quantile,0.75,0.0057645500367688165
2026-10-10,wk inc flu prop ed visits,1,2026-10-17,36,quantile,0.8,0.006325309020352672
2026-10-10,wk inc flu prop ed visits,1,2026-10-17,36,quantile,0.85,0.007186247823041453
2026-10-10,wk inc flu prop ed visits,1,2026-10-17,36,quantile,0.9,0.007819289599788897
2026-10-10,wk inc flu prop ed visits,1,2026-10-17,36,quantile,0.95,0.00878760100451196
2026-10-10,wk inc flu prop ed visits,1,2026-10-17,36,quantile,0.975,0.0099997665858472
2026-10-10,wk inc flu prop ed visits,1,2026-10-17,36,quantile,0.99,0.012083549803501417
2026-10-10,wk inc flu prop ed visits,2,2026-10-24,36,quantile,0.01,0.0014897617962864543
2026-10-10,wk inc flu prop ed visits,2,2026-10-24,36,quantile,0.025,0.0018777165187610905
2026-10-10,wk inc flu prop ed visits,2,2026-10-24,36,quantile,0.05,0.002314414850709727
2026-10-10,wk inc flu prop ed visits,2,2026-10-24,36,quantile,0.1,0.0029091978808856835
2026-10-10,wk inc flu prop ed visits,2,2026-10-24,36,quantile,0.15,0.0033661783582300568
2026-10-10,wk inc flu prop ed visits,2,2026-10-24,36,quantile,0.2,0.003744609841978685
2026-10-10,wk inc flu prop ed visits,2,2026-10-24,36,quantile,0.25,0.004079828167816643
2026-10-10,wk inc flu prop ed visits,2,2026-10-24,36,quantile,0.3,0.004393936128315805
2026-10-10,wk inc flu prop ed visits,2,2026-10-24,36,quantile,0.35,0.004768146304266781
2026-10-10,wk inc flu prop ed visits,2,2026-10-24,36,quantile,0.4,0.005168477318888566
2026-10-10,wk inc flu prop ed visits,2,2026-10-24,36,quantile,0.45,0.005599197469750061
2026-10-10,wk inc flu prop ed visits,2,2026-10-24,36,quantile,0.5,0.006480550767213781
2026-10-10,wk inc flu prop ed visits,2,2026-10-24,36,quantile,0.55,0.007271731216379139
2026-10-10,wk inc flu prop ed visits,2,2026-10-24,36,quantile,0.6,0.007806616184434741
2026-10-10,wk inc flu prop ed visits,2,2026-10-24,36,quantile,0.65,0.008402510778945561
2026-10-10,wk inc flu prop ed visits,2,2026-10-24,36,quantile,0.7,0.008899873756301404
2026-10-10,wk inc flu prop ed visits,2,2026-10-24,36,quantile,0.75,0.009476575990628467
2026-10-10,wk inc flu prop ed visits,2,2026-10-24,36,quantile,0.8,0.010171587291708865
2026-10-10,wk inc flu prop ed visits,2,2026-10-24,36,quantile,0.85,0.011074961464530107
2026-10-10,wk inc flu prop ed visits,2,2026-10-24,36,quantile,0.9,0.012095566886607904
2026-10-10,wk inc flu prop ed visits,2,2026-10-24,36,quantile,0.95,0.014115950411594306
2026-10-10,wk inc flu prop ed visits,2,2026-10-24,36,quantile,0.975,0.016737998408781235
2026-10-10,wk inc flu prop ed visits,2,2026-10-24,36,quantile,0.99,0.020080240135606445
2026-10-10,wk inc flu prop ed visits,3,2026-10-31,36,quantile,0.01,0.0018015050874945365
2026-10-10,wk inc flu prop ed visits,3,2026-10-31,36,quantile,0.025,0.0022633869767327524
2026-10-10,wk inc flu prop ed visits,3,2026-10-31,36,quantile,0.05,0.002828701669163181
2026-10-10,wk inc flu prop ed visits,3,2026-10-31,36,quantile,0.1,0.003714133848834552
2026-10-10,wk inc flu prop ed visits,3,2026-10-31,36,quantile,0.15,0.00415199569272948
2026-10-10,wk inc flu prop ed visits,3,2026-10-31,36,quantile,0.2,0.004729146350344256
2026-10-10,wk inc flu prop ed visits,3,2026-10-31,36,quantile,0.25,0.00531039357523657
2026-10-10,wk inc flu prop ed visits,3,2026-10-31,36,quantile,0.3,0.005816150609885717
2026-10-10,wk inc flu prop ed visits,3,2026-10-31,36,quantile,0.35,0.006455983423247281
2026-10-10,wk inc flu prop ed visits,3,2026-10-31,36,quantile,0.4,0.007111990516418951
2026-10-10,wk inc flu prop ed visits,3,2026-10-31,36,quantile,0.45,0.007937125830195372
2026-10-10,wk inc flu prop ed visits,3,2026-10-31,36,quantile,0.5,0.008946928742452946
2026-10-10,wk inc flu prop ed visits,3,2026-10-31,36,quantile,0.55,0.00952893369952786
2026-10-10,wk inc flu prop ed visits,3,2026-10-31,36,quantile,0.6,0.01039081292250929
2026-10-10,wk inc flu prop ed visits,3,2026-10-31,36,quantile,0.65,0.011114713565009105
2026-10-10,wk inc flu prop ed visits,3,2026-10-31,36,quantile,0.7,0.012471748230311408
2026-10-10,wk inc flu prop ed visits,3,2026-10-31,36,quantile,0.75,0.0140499229260149
2026-10-10,wk inc flu prop ed visits,3,2026-10-31,36,quantile,0.8,0.015141868872893
2026-10-10,wk inc flu prop ed visits,3,2026-10-31,36,quantile,0.85,0.01627130417247404
2026-10-10,wk inc flu prop ed visits,3,2026-10-31,36,quantile,0.9,0.018006449472287286
2026-10-10,wk inc flu prop ed visits,3,2026-10-31,36,quantile,0.95,0.020276226658675876
2026-10-10,wk inc flu prop ed visits,3,2026-10-31,36,quantile,0.975,0.0255477762550909
2026-10-10,wk inc flu prop ed visits,3,2026-10-31,36,quantile,0.99,0.03497767077131312
2026-10-10,wk inc flu prop ed visits,0,2026-10-10,37,quantile,0.01,0.005195521609370691
2026-10-10,wk inc flu prop ed visits,0,2026-10-10,37,quantile,0.025,0.006407363129007932
2026-10-10,wk inc flu prop ed visits,0,2026-10-10,37,quantile,0.05,0.007053626115265568
2026-10-10,wk inc flu prop ed visits,0,2026-10-10,37,quantile,0.1,0.008077888868710668
2026-10-10,wk inc flu prop ed visits,0,2026-10-10,37,quantile,0.15,0.008698618533877047
2026-10-10,wk inc flu prop ed visits,0,2026-10-10,37,quantile,0.2,0.009087415476467266
2026-10-10,wk inc flu prop ed visits,0,2026-10-10,37,quantile,0.25,0.009475092746338693
2026-10-10,wk inc flu prop ed visits,0,2026-10-10,37,quantile,0.3,0.00982489654061704
2026-10-10,wk inc flu prop ed visits,0,2026-10-10,37,quantile,0.35,0.010153854126716577
2026-10-10,wk inc flu prop ed visits,0,2026-10-10,37,quantile,0.4,0.010484449671141384
2026-10-10,wk inc flu prop ed visits,0,2026-10-10,37,quantile,0.45,0.010753495044309832
2026-10-10,wk inc flu prop ed visits,0,2026-10-10,37,quantile,0.5,0.011101427585943513
2026-10-10,wk inc flu prop ed visits,0,2026-10-10,37,quantile,0.55,0.011420112322256978
2026-10-10,wk inc flu prop ed visits,0,2026-10-10,37,quantile,0.6,0.011734163061400796
2026-10-10,wk inc flu prop ed visits,0,2026-10-10,37,quantile,0.65,0.012081753548471085
2026-10-10,wk inc flu prop ed visits,0,2026-10-10,37,quantile,0.7,0.012474829868688087
2026-10-10,wk inc flu prop ed visits,0,2026-10-10,37,quantile,0.75,0.012890689080883987
2026-10-10,wk inc flu prop ed visits,0,2026-10-10,37,quantile,0.8,0.013366789085264367
2026-10-10,wk inc flu prop ed visits,0,2026-10-10,37,quantile,0.85,0.014001492323756703
2026-10-10,wk inc flu prop ed visits,0,2026-10-10,37,quantile,0.9,0.014798923134804059
2026-10-10,wk inc flu prop ed visits,0,2026-10-10,37,quantile,0.95,0.016054330173078023
2026-10-10,wk inc flu prop ed visits,0,2026-10-10,37,quantile,0.975,0.017750288956813454
2026-10-10,wk inc flu prop ed visits,0,2026-10-10,37,quantile,0.99,0.01973664582244864
2026-10-10,wk inc flu prop ed visits,1,2026-10-17,37,quantile,0.01,0.005125867297912576
2026-10-10,wk inc flu prop ed visits,1,2026-10-17,37,quantile,0.025,0.005769330090967928
2026-10-10,wk inc flu prop ed visits,1,2026-10-17,37,quantile,0.05,0.00686982797278777
2026-10-10,wk inc flu prop ed visits,1,2026-10-17,37,quantile,0.1,0.00814566222845442
2026-10-10,wk inc flu prop ed visits,1,2026-10-17,37,quantile,0.15,0.009029965486822288
2026-10-10,wk inc flu prop ed visits,1,2026-10-17,37,quantile,0.2,0.009735163429678765
2026-10-10,wk inc flu prop ed visits,1,2026-10-17,37,quantile,0.25,0.010391955124935078
2026-10-10,wk inc flu prop ed visits,1,2026-10-17,37,quantile,0.3,0.010904022018453804
2026-10-10,wk inc flu prop ed visits,1,2026-10-17,37,quantile,0.35,0.011448948917644995
2026-10-10,wk inc flu prop ed visits,1,2026-10-17,37,quantile,0.4,0.011911722930362129
2026-10-10,wk inc flu prop ed visits,1,2026-10-17,37,quantile,0.45,0.012347360301401964
2026-10-10,wk inc flu prop ed visits,1,2026-10-17,37,quantile,0.5,0.01280916224349377
2026-10-10,wk inc flu prop ed visits,1,2026-10-17,37,quantile,0.55,0.013257743096228741
2026-10-10,wk inc flu prop ed visits,1,2026-10-17,37,quantile,0.6,0.0137147982465396
2026-10-10,wk inc flu prop ed visits,1,2026-10-17,37,quantile,0.65,0.014292009157921927
2026-10-10,wk inc flu prop ed visits,1,2026-10-17,37,quantile,0.7,0.014964710348628289
2026-10-10,wk inc flu prop ed visits,1,2026-10-17,37,quantile,0.75,0.01567938064292608
2026-10-10,wk inc flu prop ed visits,1,2026-10-17,37,quantile,0.8,0.016499544513147064
2026-10-10,wk inc flu prop ed visits,1,2026-10-17,37,quantile,0.85,0.017815722269470688
2026-10-10,wk inc flu prop ed visits,1,2026-10-17,37,quantile,0.9,0.01961929821068295
2026-10-10,wk inc flu prop ed visits,1,2026-10-17,37,quantile,0.95,0.023115435366597166
2026-10-10,wk inc flu prop ed visits,1,2026-10-17,37,quantile,0.975,0.027449226420678235
2026-10-10,wk inc flu prop ed visits,1,2026-10-17,37,quantile,0.99,0.03187281393550906
2026-10-10,wk inc flu prop ed visits,2,2026-10-24,37,quantile,0.01,0.0050704137415623785
2026-10-10,wk inc flu prop ed visits,2,2026-10-24,37,quantile,0.025,0.006298986439727273
2026-10-10,wk inc flu prop ed visits,2,2026-10-24,37,quantile,0.05,0.007171317915709376
2026-10-10,wk inc flu prop ed visits,2,2026-10-24,37,quantile,0.1,0.008522712936099644
2026-10-10,wk inc flu prop ed visits,2,2026-10-24,37,quantile,0.15,0.00977426000332397
2026-10-10,wk inc flu prop ed visits,2,2026-10-24,37,quantile,0.2,0.0107515757968689
2026-10-10,wk inc flu prop ed visits,2,2026-10-24,37,quantile,0.25,0.011604089201928442
2026-10-10,wk inc flu prop ed visits,2,2026-10-24,37,quantile,0.3,0.012307322067308684
2026-10-10,wk inc flu prop ed visits,2,2026-10-24,37,quantile,0.35,0.01309232688731782
2026-10-10,wk inc flu prop ed visits,2,2026-10-24,37,quantile,0.4,0.013736215422433303
2026-10-10,wk inc flu prop ed visits,2,2026-10-24,37,quantile,0.45,0.014421537715675194
2026-10-10,wk inc flu prop ed visits,2,2026-10-24,37,quantile,0.5,0.01505897690191273
2026-10-10,wk inc flu prop ed visits,2,2026-10-24,37,quantile,0.55,0.015807250140136005
2026-10-10,wk inc flu prop ed visits,2,2026-10-24,37,quantile,0.6,0.01657794774733081
2026-10-10,wk inc flu prop ed visits,2,2026-10-24,37,quantile,0.65,0.01741270134173632
2026-10-10,wk inc flu prop ed visits,2,2026-10-24,37,quantile,0.7,0.018659822917105037
2026-10-10,wk inc flu prop ed visits,2,2026-10-24,37,quantile,0.75,0.020135239971117685
2026-10-10,wk inc flu prop ed visits,2,2026-10-24,37,quantile,0.8,0.021639512785591602
2026-10-10,wk inc flu prop ed visits,2,2026-10-24,37,quantile,0.85,0.023600797384572617
2026-10-10,wk inc flu prop ed visits,2,2026-10-24,37,quantile,0.9,0.026797690594874257
2026-10-10,wk inc flu prop ed visits,2,2026-10-24,37,quantile,0.95,0.034527896431200515
2026-10-10,wk inc flu prop ed visits,2,2026-10-24,37,quantile,0.975,0.04173105286610629
2026-10-10,wk inc flu prop ed visits,2,2026-10-24,37,quantile,0.99,0.04998016949030841
2026-10-10,wk inc flu prop ed visits,3,2026-10-31,37,quantile,0.01,0.004042455779045178
2026-10-10,wk inc flu prop ed visits,3,2026-10-31,37,quantile,0.025,0.006430997875869319
2026-10-10,wk inc flu prop ed visits,3,2026-10-31,37,quantile,0.05,0.007697200872285419
2026-10-10,wk inc flu prop ed visits,3,2026-10-31,37,quantile,0.1,0.009717761079889427
2026-10-10,wk inc flu prop ed visits,3,2026-10-31,37,quantile,0.15,0.011186170863290774
2026-10-10,wk inc flu prop ed visits,3,2026-10-31,37,quantile,0.2,0.012388247669965533
2026-10-10,wk inc flu prop ed visits,3,2026-10-31,37,quantile,0.25,0.0133906744354689
2026-10-10,wk inc flu prop ed visits,3,2026-10-31,37,quantile,0.3,0.014471842050506034
2026-10-10,wk inc flu prop ed visits,3,2026-10-31,37,quantile,0.35,0.01548341947176509
2026-10-10,wk inc flu prop ed visits,3,2026-10-31,37,quantile,0.4,0.01652649373575908
2026-10-10,wk inc flu prop ed visits,3,2026-10-31,37,quantile,0.45,0.017621338974467327
2026-10-10,wk inc flu prop ed visits,3,2026-10-31,37,quantile,0.5,0.01858371408012822
2026-10-10,wk inc flu prop ed visits,3,2026-10-31,37,quantile,0.55,0.01973064064729678
2026-10-10,wk inc flu prop ed visits,3,2026-10-31,37,quantile,0.6,0.021030794077508908
2026-10-10,wk inc flu prop ed visits,3,2026-10-31,37,quantile,0.65,0.022258918242758684
2026-10-10,wk inc flu prop ed visits,3,2026-10-31,37,quantile,0.7,0.024157009480596146
2026-10-10,wk inc flu prop ed visits,3,2026-10-31,37,quantile,0.75,0.026277342598060093
2026-10-10,wk inc flu prop ed visits,3,2026-10-31,37,quantile,0.8,0.029070831892656072
2026-10-10,wk inc flu prop ed visits,3,2026-10-31,37,quantile,0.85,0.03191331825436479
2026-10-10,wk inc flu prop ed visits,3,2026-10-31,37,quantile,0.9,0.03784086624679919
2026-10-10,wk inc flu prop ed visits,3,2026-10-31,37,quantile,0.95,0.04824269516497069
2026-10-10,wk inc flu prop ed visits,3,2026-10-31,37,quantile,0.975,0.05890872533380307
2026-10-10,wk inc flu prop ed visits,3,2026-10-31,37,quantile,0.99,0.07623750752596585
2026-10-10,wk inc flu prop ed visits,0,2026-10-10,38,quantile,0.01,3.9753140083266904e-4
2026-10-10,wk inc flu prop ed visits,0,2026-10-10,38,quantile,0.025,5.384804006906399e-4
2026-10-10,wk inc flu prop ed visits,0,2026-10-10,38,quantile,0.05,6.502812771407838e-4
2026-10-10,wk inc flu prop ed visits,0,2026-10-10,38,quantile,0.1,8.318441325826304e-4
2026-10-10,wk inc flu prop ed visits,0,2026-10-10,38,quantile,0.15,9.503408528859442e-4
2026-10-10,wk inc flu prop ed visits,0,2026-10-10,38,quantile,0.2,0.0010791349976974926
2026-10-10,wk inc flu prop ed visits,0,2026-10-10,38,quantile,0.25,0.0011990030674640592
2026-10-10,wk inc flu prop ed visits,0,2026-10-10,38,quantile,0.3,0.0012943435443740553
2026-10-10,wk inc flu prop ed visits,0,2026-10-10,38,quantile,0.35,0.0013867965923004886
2026-10-10,wk inc flu prop ed visits,0,2026-10-10,38,quantile,0.4,0.0014916904956573148
2026-10-10,wk inc flu prop ed visits,0,2026-10-10,38,quantile,0.45,0.0015967750268668702
2026-10-10,wk inc flu prop ed visits,0,2026-10-10,38,quantile,0.5,0.0017012428921567952
2026-10-10,wk inc flu prop ed visits,0,2026-10-10,38,quantile,0.55,0.0018145288184317307
2026-10-10,wk inc flu prop ed visits,0,2026-10-10,38,quantile,0.6,0.0019712928527267116
2026-10-10,wk inc flu prop ed visits,0,2026-10-10,38,quantile,0.65,0.0021351976650514936
2026-10-10,wk inc flu prop ed visits,0,2026-10-10,38,quantile,0.7,0.0023032529238403068
2026-10-10,wk inc flu prop ed visits,0,2026-10-10,38,quantile,0.75,0.002502649722198383
2026-10-10,wk inc flu prop ed visits,0,2026-10-10,38,quantile,0.8,0.002798795845780959
2026-10-10,wk inc flu prop ed visits,0,2026-10-10,38,quantile,0.85,0.0031417654728787318
2026-10-10,wk inc flu prop ed visits,0,2026-10-10,38,quantile,0.9,0.003561235917085979
2026-10-10,wk inc flu prop ed visits,0,2026-10-10,38,quantile,0.95,0.0037512857547608346
2026-10-10,wk inc flu prop ed visits,0,2026-10-10,38,quantile,0.975,0.003933320580082078
2026-10-10,wk inc flu prop ed visits,0,2026-10-10,38,quantile,0.99,0.004140549249707033
2026-10-10,wk inc flu prop ed visits,1,2026-10-17,38,quantile,0.01,3.897030168707722e-4
2026-10-10,wk inc flu prop ed visits,1,2026-10-17,38,quantile,0.025,5.088309267520931e-4
2026-10-10,wk inc flu prop ed visits,1,2026-10-17,38,quantile,0.05,6.305668915156243e-4
2026-10-10,wk inc flu prop ed visits,1,2026-10-17,38,quantile,0.1,8.082702301702249e-4
2026-10-10,wk inc flu prop ed visits,1,2026-10-17,38,quantile,0.15,9.545789900648953e-4
2026-10-10,wk inc flu prop ed visits,1,2026-10-17,38,quantile,0.2,0.0010966064166748216
2026-10-10,wk inc flu prop ed visits,1,2026-10-17,38,quantile,0.25,0.0012338488062477566
2026-10-10,wk inc flu prop ed visits,1,2026-10-17,38,quantile,0.3,0.0013822460246820532
2026-10-10,wk inc flu prop ed visits,1,2026-10-17,38,quantile,0.35,0.001506768449012377
2026-10-10,wk inc flu prop ed visits,1,2026-10-17,38,quantile,0.4,0.001645123432058815
2026-10-10,wk inc flu prop ed visits,1,2026-10-17,38,quantile,0.45,0.0018058131058343255
2026-10-10,wk inc flu prop ed visits,1,2026-10-17,38,quantile,0.5,0.001964117496442987
2026-10-10,wk inc flu prop ed visits,1,2026-10-17,38,quantile,0.55,0.002167996137067172
2026-10-10,wk inc flu prop ed visits,1,2026-10-17,38,quantile,0.6,0.002421603177699465
2026-10-10,wk inc flu prop ed visits,1,2026-10-17,38,quantile,0.65,0.002640102701397179
2026-10-10,wk inc flu prop ed visits,1,2026-10-17,38,quantile,0.7,0.003012759756952198
2026-10-10,wk inc flu prop ed visits,1,2026-10-17,38,quantile,0.75,0.0034187818493639516
2026-10-10,wk inc flu prop ed visits,1,2026-10-17,38,quantile,0.8,0.0038600477325114986
2026-10-10,wk inc flu prop ed visits,1,2026-10-17,38,quantile,0.85,0.004487716097113589
2026-10-10,wk inc flu prop ed visits,1,2026-10-17,38,quantile,0.9,0.005367502834191715
2026-10-10,wk inc flu prop ed visits,1,2026-10-17,38,quantile,0.95,0.005919680364544639
2026-10-10,wk inc flu prop ed visits,1,2026-10-17,38,quantile,0.975,0.006208618562548674
2026-10-10,wk inc flu prop ed visits,1,2026-10-17,38,quantile,0.99,0.006567355327130665
2026-10-10,wk inc flu prop ed visits,2,2026-10-24,38,quantile,0.01,3.7510939432722397e-4
2026-10-10,wk inc flu prop ed visits,2,2026-10-24,38,quantile,0.025,5.005359353463262e-4
2026-10-10,wk inc flu prop ed visits,2,2026-10-24,38,quantile,0.05,6.261733507016694e-4
2026-10-10,wk inc flu prop ed visits,2,2026-10-24,38,quantile,0.1,8.463214755694403e-4
2026-10-10,wk inc flu prop ed visits,2,2026-10-24,38,quantile,0.15,0.0010309095262009118
2026-10-10,wk inc flu prop ed visits,2,2026-10-24,38,quantile,0.2,0.0012083469399885008
2026-10-10,wk inc flu prop ed visits,2,2026-10-24,38,quantile,0.25,0.0013829607816654677
2026-10-10,wk inc flu prop ed visits,2,2026-10-24,38,quantile,0.3,0.0015627126493729074
2026-10-10,wk inc flu prop ed visits,2,2026-10-24,38,quantile,0.35,0.0017397239156609747
2026-10-10,wk inc flu prop ed visits,2,2026-10-24,38,quantile,0.4,0.0019501781923569885
2026-10-10,wk inc flu prop ed visits,2,2026-10-24,38,quantile,0.45,0.0021757582156881595
2026-10-10,wk inc flu prop ed visits,2,2026-10-24,38,quantile,0.5,0.0024137472327174798
2026-10-10,wk inc flu prop ed visits,2,2026-10-24,38,quantile,0.55,0.002702967978189024
2026-10-10,wk inc flu prop ed visits,2,2026-10-24,38,quantile,0.6,0.003064325483286481
2026-10-10,wk inc flu prop ed visits,2,2026-10-24,38,quantile,0.65,0.003453907784429982
2026-10-10,wk inc flu prop ed visits,2,2026-10-24,38,quantile,0.7,0.0039018330714384432
2026-10-10,wk inc flu prop ed visits,2,2026-10-24,38,quantile,0.75,0.00449605729985425
2026-10-10,wk inc flu prop ed visits,2,2026-10-24,38,quantile,0.8,0.005301211629537333
2026-10-10,wk inc flu prop ed visits,2,2026-10-24,38,quantile,0.85,0.006592631616563051
2026-10-10,wk inc flu prop ed visits,2,2026-10-24,38,quantile,0.9,0.008303519426299817
2026-10-10,wk inc flu prop ed visits,2,2026-10-24,38,quantile,0.95,0.009782216529206468
2026-10-10,wk inc flu prop ed visits,2,2026-10-24,38,quantile,0.975,0.010178547686058541
2026-10-10,wk inc flu prop ed visits,2,2026-10-24,38,quantile,0.99,0.010641040943233046
2026-10-10,wk inc flu prop ed visits,3,2026-10-31,38,quantile,0.01,4.182722459950834e-4
2026-10-10,wk inc flu prop ed visits,3,2026-10-31,38,quantile,0.025,5.554479150744502e-4
2026-10-10,wk inc flu prop ed visits,3,2026-10-31,38,quantile,0.05,7.073861235358217e-4
2026-10-10,wk inc flu prop ed visits,3,2026-10-31,38,quantile,0.1,9.370921292475008e-4
2026-10-10,wk inc flu prop ed visits,3,2026-10-31,38,quantile,0.15,0.001159811099802694
2026-10-10,wk inc flu prop ed visits,3,2026-10-31,38,quantile,0.2,0.0013712239218951557
2026-10-10,wk inc flu prop ed visits,3,2026-10-31,38,quantile,0.25,0.001592684550623539
2026-10-10,wk inc flu prop ed visits,3,2026-10-31,38,quantile,0.3,0.0018524304597484008
2026-10-10,wk inc flu prop ed visits,3,2026-10-31,38,quantile,0.35,0.0020950977303332502
2026-10-10,wk inc flu prop ed visits,3,2026-10-31,38,quantile,0.4,0.0023473227135079044
2026-10-10,wk inc flu prop ed visits,3,2026-10-31,38,quantile,0.45,0.0026545377442537795
2026-10-10,wk inc flu prop ed visits,3,2026-10-31,38,quantile,0.5,0.0030103588161629717
2026-10-10,wk inc flu prop ed visits,3,2026-10-31,38,quantile,0.55,0.0034674480733877192
2026-10-10,wk inc flu prop ed visits,3,2026-10-31,38,quantile,0.6,0.004037480368435372
2026-10-10,wk inc flu prop ed visits,3,2026-10-31,38,quantile,0.65,0.004651831521752461
2026-10-10,wk inc flu prop ed visits,3,2026-10-31,38,quantile,0.7,0.005233067454972831
2026-10-10,wk inc flu prop ed visits,3,2026-10-31,38,quantile,0.75,0.006233983438123675
2026-10-10,wk inc flu prop ed visits,3,2026-10-31,38,quantile,0.8,0.0076013653575970844
2026-10-10,wk inc flu prop ed visits,3,2026-10-31,38,quantile,0.85,0.009990459202352303
2026-10-10,wk inc flu prop ed visits,3,2026-10-31,38,quantile,0.9,0.01347901907194329
2026-10-10,wk inc flu prop ed visits,3,2026-10-31,38,quantile,0.95,0.016855551488293347
2026-10-10,wk inc flu prop ed visits,3,2026-10-31,38,quantile,0.975,0.0174176731141334
2026-10-10,wk inc flu prop ed visits,3,2026-10-31,38,quantile,0.99,0.018243065586486452
2026-10-10,wk inc flu prop ed visits,0,2026-10-10,39,quantile,0.01,8.411244847426581e-4
2026-10-10,wk inc flu prop ed visits,0,2026-10-10,39,quantile,0.025,0.0010725703422789577
2026-10-10,wk inc flu prop ed visits,0,2026-10-10,39,quantile,0.05,0.0012910050032505778
2026-10-10,wk inc flu prop ed visits,0,2026-10-10,39,quantile,0.1,0.0014952017446426757
2026-10-10,wk inc flu prop ed visits,0,2026-10-10,39,quantile,0.15,0.0016657727636185497
2026-10-10,wk inc flu prop ed visits,0,2026-10-10,39,quantile,0.2,0.0018250896443430774
2026-10-10,wk inc flu prop ed visits,0,2026-10-10,39,quantile,0.25,0.0019637858409026388
2026-10-10,wk inc flu prop ed visits,0,2026-10-10,39,quantile,0.3,0.0020621519824211548
2026-10-10,wk inc flu prop ed visits,0,2026-10-10,39,quantile,0.35,0.0021817554413865016
2026-10-10,wk inc flu prop ed visits,0,2026-10-10,39,quantile,0.4,0.002279385995165174
2026-10-10,wk inc flu prop ed visits,0,2026-10-10,39,quantile,0.45,0.0023805052241987496
2026-10-10,wk inc flu prop ed visits,0,2026-10-10,39,quantile,0.5,0.0024854864984349082
2026-10-10,wk inc flu prop ed visits,0,2026-10-10,39,quantile,0.55,0.0025990396452837987
2026-10-10,wk inc flu prop ed visits,0,2026-10-10,39,quantile,0.6,0.0027074544686159618
2026-10-10,wk inc flu prop ed visits,0,2026-10-10,39,quantile,0.65,0.0028403060069807293
2026-10-10,wk inc flu prop ed visits,0,2026-10-10,39,quantile,0.7,0.0029752070086257946
2026-10-10,wk inc flu prop ed visits,0,2026-10-10,39,quantile,0.75,0.003118027237461528
2026-10-10,wk inc flu prop ed visits,0,2026-10-10,39,quantile,0.8,0.003301611960520765
2026-10-10,wk inc flu prop ed visits,0,2026-10-10,39,quantile,0.85,0.0035644527942959043
2026-10-10,wk inc flu prop ed visits,0,2026-10-10,39,quantile,0.9,0.00392327421998412
2026-10-10,wk inc flu prop ed visits,0,2026-10-10,39,quantile,0.95,0.004406985323145576
2026-10-10,wk inc flu prop ed visits,0,2026-10-10,39,quantile,0.975,0.004836888182331675
2026-10-10,wk inc flu prop ed visits,0,2026-10-10,39,quantile,0.99,0.005399908108071511
2026-10-10,wk inc flu prop ed visits,1,2026-10-17,39,quantile,0.01,8.857683631640353e-4
2026-10-10,wk inc flu prop ed visits,1,2026-10-17,39,quantile,0.025,0.0011518689245437583
2026-10-10,wk inc flu prop ed visits,1,2026-10-17,39,quantile,0.05,0.0013976053946752904
2026-10-10,wk inc flu prop ed visits,1,2026-10-17,39,quantile,0.1,0.0016792338382173766
2026-10-10,wk inc flu prop ed visits,1,2026-10-17,39,quantile,0.15,0.0018726964182973471
2026-10-10,wk inc flu prop ed visits,1,2026-10-17,39,quantile,0.2,0.0020883874650733034
2026-10-10,wk inc flu prop ed visits,1,2026-10-17,39,quantile,0.25,0.002265880578547839
2026-10-10,wk inc flu prop ed visits,1,2026-10-17,39,quantile,0.3,0.002432050695656331
2026-10-10,wk inc flu prop ed visits,1,2026-10-17,39,quantile,0.35,0.002597281536680726
2026-10-10,wk inc flu prop ed visits,1,2026-10-17,39,quantile,0.4,0.0027466284433387486
2026-10-10,wk inc flu prop ed visits,1,2026-10-17,39,quantile,0.45,0.0029038465153889918
2026-10-10,wk inc flu prop ed visits,1,2026-10-17,39,quantile,0.5,0.0030624367376573193
2026-10-10,wk inc flu prop ed visits,1,2026-10-17,39,quantile,0.55,0.0032592295819206633
2026-10-10,wk inc flu prop ed visits,1,2026-10-17,39,quantile,0.6,0.0035051928969443745
2026-10-10,wk inc flu prop ed visits,1,2026-10-17,39,quantile,0.65,0.003758705904279612
2026-10-10,wk inc flu prop ed visits,1,2026-10-17,39,quantile,0.7,0.004096112534373128
2026-10-10,wk inc flu prop ed visits,1,2026-10-17,39,quantile,0.75,0.004488902560923899
2026-10-10,wk inc flu prop ed visits,1,2026-10-17,39,quantile,0.8,0.004989573243458893
2026-10-10,wk inc flu prop ed visits,1,2026-10-17,39,quantile,0.85,0.00586219145941751
2026-10-10,wk inc flu prop ed visits,1,2026-10-17,39,quantile,0.9,0.006739035218923024
2026-10-10,wk inc flu prop ed visits,1,2026-10-17,39,quantile,0.95,0.008226131340699836
2026-10-10,wk inc flu prop ed visits,1,2026-10-17,39,quantile,0.975,0.009211050722216306
2026-10-10,wk inc flu prop ed visits,1,2026-10-17,39,quantile,0.99,0.009579220734686188
2026-10-10,wk inc flu prop ed visits,2,2026-10-24,39,quantile,0.01,9.691309841979661e-4
2026-10-10,wk inc flu prop ed visits,2,2026-10-24,39,quantile,0.025,0.0012210507127975176
2026-10-10,wk inc flu prop ed visits,2,2026-10-24,39,quantile,0.05,0.0014460044766396913
2026-10-10,wk inc flu prop ed visits,2,2026-10-24,39,quantile,0.1,0.001765279567436747
2026-10-10,wk inc flu prop ed visits,2,2026-10-24,39,quantile,0.15,0.0021097431803473476
2026-10-10,wk inc flu prop ed visits,2,2026-10-24,39,quantile,0.2,0.002398359071108126
2026-10-10,wk inc flu prop ed visits,2,2026-10-24,39,quantile,0.25,0.0026267649818076124
2026-10-10,wk inc flu prop ed visits,2,2026-10-24,39,quantile,0.3,0.0028274682295447253
2026-10-10,wk inc flu prop ed visits,2,2026-10-24,39,quantile,0.35,0.0030360697436070264
2026-10-10,wk inc flu prop ed visits,2,2026-10-24,39,quantile,0.4,0.003293248228554747
2026-10-10,wk inc flu prop ed visits,2,2026-10-24,39,quantile,0.45,0.0036085530138285763
2026-10-10,wk inc flu prop ed visits,2,2026-10-24,39,quantile,0.5,0.003985026934856184
2026-10-10,wk inc flu prop ed visits,2,2026-10-24,39,quantile,0.55,0.004381936614673795
2026-10-10,wk inc flu prop ed visits,2,2026-10-24,39,quantile,0.6,0.004747636327551192
2026-10-10,wk inc flu prop ed visits,2,2026-10-24,39,quantile,0.65,0.005213139636188845
2026-10-10,wk inc flu prop ed visits,2,2026-10-24,39,quantile,0.7,0.006022832541770429
2026-10-10,wk inc flu prop ed visits,2,2026-10-24,39,quantile,0.75,0.006846003810510336
2026-10-10,wk inc flu prop ed visits,2,2026-10-24,39,quantile,0.8,0.008083055740065048
2026-10-10,wk inc flu prop ed visits,2,2026-10-24,39,quantile,0.85,0.009461872870035285
2026-10-10,wk inc flu prop ed visits,2,2026-10-24,39,quantile,0.9,0.011333106244764177
2026-10-10,wk inc flu prop ed visits,2,2026-10-24,39,quantile,0.95,0.015203304575099236
2026-10-10,wk inc flu prop ed visits,2,2026-10-24,39,quantile,0.975,0.015655605107391155
2026-10-10,wk inc flu prop ed visits,2,2026-10-24,39,quantile,0.99,0.01620002182089503
2026-10-10,wk inc flu prop ed visits,3,2026-10-31,39,quantile,0.01,9.229249806041895e-4
2026-10-10,wk inc flu prop ed visits,3,2026-10-31,39,quantile,0.025,0.001286268978438027
2026-10-10,wk inc flu prop ed visits,3,2026-10-31,39,quantile,0.05,0.001642622194965502
2026-10-10,wk inc flu prop ed visits,3,2026-10-31,39,quantile,0.1,0.0020896766325704283
2026-10-10,wk inc flu prop ed visits,3,2026-10-31,39,quantile,0.15,0.0024677286036326003
2026-10-10,wk inc flu prop ed visits,3,2026-10-31,39,quantile,0.2,0.0027197484989040016
2026-10-10,wk inc flu prop ed visits,3,2026-10-31,39,quantile,0.25,0.0030828418298445145
2026-10-10,wk inc flu prop ed visits,3,2026-10-31,39,quantile,0.3,0.0034884656556705023
2026-10-10,wk inc flu prop ed visits,3,2026-10-31,39,quantile,0.35,0.003877527379126209
2026-10-10,wk inc flu prop ed visits,3,2026-10-31,39,quantile,0.4,0.004447991482133517
2026-10-10,wk inc flu prop ed visits,3,2026-10-31,39,quantile,0.45,0.0049194944554219215
2026-10-10,wk inc flu prop ed visits,3,2026-10-31,39,quantile,0.5,0.005403563444745093
2026-10-10,wk inc flu prop ed visits,3,2026-10-31,39,quantile,0.55,0.006038816361902037
2026-10-10,wk inc flu prop ed visits,3,2026-10-31,39,quantile,0.6,0.0069884346625812815
2026-10-10,wk inc flu prop ed visits,3,2026-10-31,39,quantile,0.65,0.007896878437003957
2026-10-10,wk inc flu prop ed visits,3,2026-10-31,39,quantile,0.7,0.00880183596976318
2026-10-10,wk inc flu prop ed visits,3,2026-10-31,39,quantile,0.75,0.00997459344213558
2026-10-10,wk inc flu prop ed visits,3,2026-10-31,39,quantile,0.8,0.01179228378462361
2026-10-10,wk inc flu prop ed visits,3,2026-10-31,39,quantile,0.85,0.013956949906337031
2026-10-10,wk inc flu prop ed visits,3,2026-10-31,39,quantile,0.9,0.01755836293014284
2026-10-10,wk inc flu prop ed visits,3,2026-10-31,39,quantile,0.95,0.02554418088166246
2026-10-10,wk inc flu prop ed visits,3,2026-10-31,39,quantile,0.975,0.027350156663422956
2026-10-10,wk inc flu prop ed visits,3,2026-10-31,39,quantile,0.99,0.028221603097633968
2026-10-10,wk inc flu prop ed visits,0,2026-10-10,40,quantile,0.01,0.001440586148452929
2026-10-10,wk inc flu prop ed visits,0,2026-10-10,40,quantile,0.025,0.0017329443251920445
2026-10-10,wk inc flu prop ed visits,0,2026-10-10,40,quantile,0.05,0.0019406020726154855
2026-10-10,wk inc flu prop ed visits,0,2026-10-10,40,quantile,0.1,0.0022478858857594604
2026-10-10,wk inc flu prop ed visits,0,2026-10-10,40,quantile,0.15,0.00243737649043159
2026-10-10,wk inc flu prop ed visits,0,2026-10-10,40,quantile,0.2,0.0025823616856440646
2026-10-10,wk inc flu prop ed visits,0,2026-10-10,40,quantile,0.25,0.0027264936556716246
2026-10-10,wk inc flu prop ed visits,0,2026-10-10,40,quantile,0.3,0.002858488779111614
2026-10-10,wk inc flu prop ed visits,0,2026-10-10,40,quantile,0.35,0.002989271485188634
2026-10-10,wk inc flu prop ed visits,0,2026-10-10,40,quantile,0.4,0.0031136367317978874
2026-10-10,wk inc flu prop ed visits,0,2026-10-10,40,quantile,0.45,0.0032211294955792526
2026-10-10,wk inc flu prop ed visits,0,2026-10-10,40,quantile,0.5,0.003350295430984351
2026-10-10,wk inc flu prop ed visits,0,2026-10-10,40,quantile,0.55,0.0034693200743303914
2026-10-10,wk inc flu prop ed visits,0,2026-10-10,40,quantile,0.6,0.003597666565462724
2026-10-10,wk inc flu prop ed visits,0,2026-10-10,40,quantile,0.65,0.0037418206940092917
2026-10-10,wk inc flu prop ed visits,0,2026-10-10,40,quantile,0.7,0.0038900143953377606
2026-10-10,wk inc flu prop ed visits,0,2026-10-10,40,quantile,0.75,0.004038242186852659
2026-10-10,wk inc flu prop ed visits,0,2026-10-10,40,quantile,0.8,0.004240028644622704
2026-10-10,wk inc flu prop ed visits,0,2026-10-10,40,quantile,0.85,0.004460293224331297
2026-10-10,wk inc flu prop ed visits,0,2026-10-10,40,quantile,0.9,0.00481276276488626
2026-10-10,wk inc flu prop ed visits,0,2026-10-10,40,quantile,0.95,0.005310551995529049
2026-10-10,wk inc flu prop ed visits,0,2026-10-10,40,quantile,0.975,0.005978539645632754
2026-10-10,wk inc flu prop ed visits,0,2026-10-10,40,quantile,0.99,0.006923338005421716
2026-10-10,wk inc flu prop ed visits,1,2026-10-17,40,quantile,0.01,0.0014059658993590333
2026-10-10,wk inc flu prop ed visits,1,2026-10-17,40,quantile,0.025,0.001690099332831701
2026-10-10,wk inc flu prop ed visits,1,2026-10-17,40,quantile,0.05,0.0020281575822259333
2026-10-10,wk inc flu prop ed visits,1,2026-10-17,40,quantile,0.1,0.002412364499570863
2026-10-10,wk inc flu prop ed visits,1,2026-10-17,40,quantile,0.15,0.00264662545107229
2026-10-10,wk inc flu prop ed visits,1,2026-10-17,40,quantile,0.2,0.0028625290703329868
2026-10-10,wk inc flu prop ed visits,1,2026-10-17,40,quantile,0.25,0.003047904797741858
2026-10-10,wk inc flu prop ed visits,1,2026-10-17,40,quantile,0.3,0.003221149699770341
2026-10-10,wk inc flu prop ed visits,1,2026-10-17,40,quantile,0.35,0.003396181549371423
2026-10-10,wk inc flu prop ed visits,1,2026-10-17,40,quantile,0.4,0.0035629737064452713
2026-10-10,wk inc flu prop ed visits,1,2026-10-17,40,quantile,0.45,0.0037581964726215076
2026-10-10,wk inc flu prop ed visits,1,2026-10-17,40,quantile,0.5,0.003940807125234349
2026-10-10,wk inc flu prop ed visits,1,2026-10-17,40,quantile,0.55,0.00411334342471379
2026-10-10,wk inc flu prop ed visits,1,2026-10-17,40,quantile,0.6,0.004328144610079505
2026-10-10,wk inc flu prop ed visits,1,2026-10-17,40,quantile,0.65,0.004553619765589658
2026-10-10,wk inc flu prop ed visits,1,2026-10-17,40,quantile,0.7,0.004790328720283567
2026-10-10,wk inc flu prop ed visits,1,2026-10-17,40,quantile,0.75,0.005108285135528343
2026-10-10,wk inc flu prop ed visits,1,2026-10-17,40,quantile,0.8,0.005462769303368066
2026-10-10,wk inc flu prop ed visits,1,2026-10-17,40,quantile,0.85,0.005987710905423504
2026-10-10,wk inc flu prop ed visits,1,2026-10-17,40,quantile,0.9,0.006633340318429602
2026-10-10,wk inc flu prop ed visits,1,2026-10-17,40,quantile,0.95,0.008052830074165074
2026-10-10,wk inc flu prop ed visits,1,2026-10-17,40,quantile,0.975,0.009361521917694866
2026-10-10,wk inc flu prop ed visits,1,2026-10-17,40,quantile,0.99,0.011473684134063841
2026-10-10,wk inc flu prop ed visits,2,2026-10-24,40,quantile,0.01,0.0013390094605102334
2026-10-10,wk inc flu prop ed visits,2,2026-10-24,40,quantile,0.025,0.0018167305054090507
2026-10-10,wk inc flu prop ed visits,2,2026-10-24,40,quantile,0.05,0.002178611273378866
2026-10-10,wk inc flu prop ed visits,2,2026-10-24,40,quantile,0.1,0.0025677445296067147
2026-10-10,wk inc flu prop ed visits,2,2026-10-24,40,quantile,0.15,0.00293445362017508
2026-10-10,wk inc flu prop ed visits,2,2026-10-24,40,quantile,0.2,0.0032256535469194275
2026-10-10,wk inc flu prop ed visits,2,2026-10-24,40,quantile,0.25,0.003509197899791098
2026-10-10,wk inc flu prop ed visits,2,2026-10-24,40,quantile,0.3,0.0037448376889628846
2026-10-10,wk inc flu prop ed visits,2,2026-10-24,40,quantile,0.35,0.004037787551231291
2026-10-10,wk inc flu prop ed visits,2,2026-10-24,40,quantile,0.4,0.004278201634448461
2026-10-10,wk inc flu prop ed visits,2,2026-10-24,40,quantile,0.45,0.004562408846006991
2026-10-10,wk inc flu prop ed visits,2,2026-10-24,40,quantile,0.5,0.004868927782635818
2026-10-10,wk inc flu prop ed visits,2,2026-10-24,40,quantile,0.55,0.005145037231165338
2026-10-10,wk inc flu prop ed visits,2,2026-10-24,40,quantile,0.6,0.005517012305999762
2026-10-10,wk inc flu prop ed visits,2,2026-10-24,40,quantile,0.65,0.005863016133005499
2026-10-10,wk inc flu prop ed visits,2,2026-10-24,40,quantile,0.7,0.006298797253528648
2026-10-10,wk inc flu prop ed visits,2,2026-10-24,40,quantile,0.75,0.00686066142715437
2026-10-10,wk inc flu prop ed visits,2,2026-10-24,40,quantile,0.8,0.007561502721517684
2026-10-10,wk inc flu prop ed visits,2,2026-10-24,40,quantile,0.85,0.008652464880311038
2026-10-10,wk inc flu prop ed visits,2,2026-10-24,40,quantile,0.9,0.010027067362929291
2026-10-10,wk inc flu prop ed visits,2,2026-10-24,40,quantile,0.95,0.012578797356664857
2026-10-10,wk inc flu prop ed visits,2,2026-10-24,40,quantile,0.975,0.015055909142699008
2026-10-10,wk inc flu prop ed visits,2,2026-10-24,40,quantile,0.99,0.020361255992929452
2026-10-10,wk inc flu prop ed visits,3,2026-10-31,40,quantile,0.01,0.0014330871438726924
2026-10-10,wk inc flu prop ed visits,3,2026-10-31,40,quantile,0.025,0.001983878645468772
2026-10-10,wk inc flu prop ed visits,3,2026-10-31,40,quantile,0.05,0.002466207503835946
2026-10-10,wk inc flu prop ed visits,3,2026-10-31,40,quantile,0.1,0.0030916530546754905
2026-10-10,wk inc flu prop ed visits,3,2026-10-31,40,quantile,0.15,0.0035423555754669203
2026-10-10,wk inc flu prop ed visits,3,2026-10-31,40,quantile,0.2,0.003909435244078855
2026-10-10,wk inc flu prop ed visits,3,2026-10-31,40,quantile,0.25,0.0042608638590033296
2026-10-10,wk inc flu prop ed visits,3,2026-10-31,40,quantile,0.3,0.004646419346150328
2026-10-10,wk inc flu prop ed visits,3,2026-10-31,40,quantile,0.35,0.005021406487840071
2026-10-10,wk inc flu prop ed visits,3,2026-10-31,40,quantile,0.4,0.005369009002141082
2026-10-10,wk inc flu prop ed visits,3,2026-10-31,40,quantile,0.45,0.005742423009566115
2026-10-10,wk inc flu prop ed visits,3,2026-10-31,40,quantile,0.5,0.006153802975706127
2026-10-10,wk inc flu prop ed visits,3,2026-10-31,40,quantile,0.55,0.0065736867193376255
2026-10-10,wk inc flu prop ed visits,3,2026-10-31,40,quantile,0.6,0.007071577695018776
2026-10-10,wk inc flu prop ed visits,3,2026-10-31,40,quantile,0.65,0.007860588790432232
2026-10-10,wk inc flu prop ed visits,3,2026-10-31,40,quantile,0.7,0.008652927294078492
2026-10-10,wk inc flu prop ed visits,3,2026-10-31,40,quantile,0.75,0.009605955243223805
2026-10-10,wk inc flu prop ed visits,3,2026-10-31,40,quantile,0.8,0.010841715677673192
2026-10-10,wk inc flu prop ed visits,3,2026-10-31,40,quantile,0.85,0.012407151283833583
2026-10-10,wk inc flu prop ed visits,3,2026-10-31,40,quantile,0.9,0.01480446870445385
2026-10-10,wk inc flu prop ed visits,3,2026-10-31,40,quantile,0.95,0.017921145288331105
2026-10-10,wk inc flu prop ed visits,3,2026-10-31,40,quantile,0.975,0.02297681723668939
2026-10-10,wk inc flu prop ed visits,3,2026-10-31,40,quantile,0.99,0.035775553193884084
2026-10-10,wk inc flu prop ed visits,0,2026-10-10,41,quantile,0.01,0.0024747307403986973
2026-10-10,wk inc flu prop ed visits,0,2026-10-10,41,quantile,0.025,0.003177152689918898
2026-10-10,wk inc flu prop ed visits,0,2026-10-10,41,quantile,0.05,0.003760515177924069
2026-10-10,wk inc flu prop ed visits,0,2026-10-10,41,quantile,0.1,0.004332566392463513
2026-10-10,wk inc flu prop ed visits,0,2026-10-10,41,quantile,0.15,0.004811229631399576
2026-10-10,wk inc flu prop ed visits,0,2026-10-10,41,quantile,0.2,0.005132043532742114
2026-10-10,wk inc flu prop ed visits,0,2026-10-10,41,quantile,0.25,0.0054167241341259095
2026-10-10,wk inc flu prop ed visits,0,2026-10-10,41,quantile,0.3,0.005655352186370783
2026-10-10,wk inc flu prop ed visits,0,2026-10-10,41,quantile,0.35,0.005900418169966366
2026-10-10,wk inc flu prop ed visits,0,2026-10-10,41,quantile,0.4,0.006134043661251139
2026-10-10,wk inc flu prop ed visits,0,2026-10-10,41,quantile,0.45,0.0063930148557442765
2026-10-10,wk inc flu prop ed visits,0,2026-10-10,41,quantile,0.5,0.0066535155533521875
2026-10-10,wk inc flu prop ed visits,0,2026-10-10,41,quantile,0.55,0.00689944932877706
2026-10-10,wk inc flu prop ed visits,0,2026-10-10,41,quantile,0.6,0.00724741667010588
2026-10-10,wk inc flu prop ed visits,0,2026-10-10,41,quantile,0.65,0.007536405139311384
2026-10-10,wk inc flu prop ed visits,0,2026-10-10,41,quantile,0.7,0.007885271530171772
2026-10-10,wk inc flu prop ed visits,0,2026-10-10,41,quantile,0.75,0.008234652557434156
2026-10-10,wk inc flu prop ed visits,0,2026-10-10,41,quantile,0.8,0.008744496616297866
2026-10-10,wk inc flu prop ed visits,0,2026-10-10,41,quantile,0.85,0.009242061071894375
2026-10-10,wk inc flu prop ed visits,0,2026-10-10,41,quantile,0.9,0.009879791552976636
2026-10-10,wk inc flu prop ed visits,0,2026-10-10,41,quantile,0.95,0.011201971556055644
2026-10-10,wk inc flu prop ed visits,0,2026-10-10,41,quantile,0.975,0.012338014365538236
2026-10-10,wk inc flu prop ed visits,0,2026-10-10,41,quantile,0.99,0.014548175349175196
2026-10-10,wk inc flu prop ed visits,1,2026-10-17,41,quantile,0.01,0.0024189216564637628
2026-10-10,wk inc flu prop ed visits,1,2026-10-17,41,quantile,0.025,0.0030761285525006347
2026-10-10,wk inc flu prop ed visits,1,2026-10-17,41,quantile,0.05,0.003691367270298445
2026-10-10,wk inc flu prop ed visits,1,2026-10-17,41,quantile,0.1,0.004455098460902545
2026-10-10,wk inc flu prop ed visits,1,2026-10-17,41,quantile,0.15,0.005023946595827263
2026-10-10,wk inc flu prop ed visits,1,2026-10-17,41,quantile,0.2,0.005555134561153656
2026-10-10,wk inc flu prop ed visits,1,2026-10-17,41,quantile,0.25,0.005983703480295994
2026-10-10,wk inc flu prop ed visits,1,2026-10-17,41,quantile,0.3,0.0063813429804007475
2026-10-10,wk inc flu prop ed visits,1,2026-10-17,41,quantile,0.35,0.006769973974659744
2026-10-10,wk inc flu prop ed visits,1,2026-10-17,41,quantile,0.4,0.0071568571997551005
2026-10-10,wk inc flu prop ed visits,1,2026-10-17,41,quantile,0.45,0.007587041524336609
2026-10-10,wk inc flu prop ed visits,1,2026-10-17,41,quantile,0.5,0.008027244826560663
2026-10-10,wk inc flu prop ed visits,1,2026-10-17,41,quantile,0.55,0.008509053418370532
2026-10-10,wk inc flu prop ed visits,1,2026-10-17,41,quantile,0.6,0.008998981905887209
2026-10-10,wk inc flu prop ed visits,1,2026-10-17,41,quantile,0.65,0.009518637719167122
2026-10-10,wk inc flu prop ed visits,1,2026-10-17,41,quantile,0.7,0.010119896958730078
2026-10-10,wk inc flu prop ed visits,1,2026-10-17,41,quantile,0.75,0.011008048338873325
2026-10-10,wk inc flu prop ed visits,1,2026-10-17,41,quantile,0.8,0.012393414634191805
2026-10-10,wk inc flu prop ed visits,1,2026-10-17,41,quantile,0.85,0.01388725184426157
2026-10-10,wk inc flu prop ed visits,1,2026-10-17,41,quantile,0.9,0.016073300974013438
2026-10-10,wk inc flu prop ed visits,1,2026-10-17,41,quantile,0.95,0.018875938376763372
2026-10-10,wk inc flu prop ed visits,1,2026-10-17,41,quantile,0.975,0.02214398607163825
2026-10-10,wk inc flu prop ed visits,1,2026-10-17,41,quantile,0.99,0.02443937026775333
2026-10-10,wk inc flu prop ed visits,2,2026-10-24,41,quantile,0.01,0.0025464602691640604
2026-10-10,wk inc flu prop ed visits,2,2026-10-24,41,quantile,0.025,0.003142202430924014
2026-10-10,wk inc flu prop ed visits,2,2026-10-24,41,quantile,0.05,0.003696655106954983
2026-10-10,wk inc flu prop ed visits,2,2026-10-24,41,quantile,0.1,0.004683182378558129
2026-10-10,wk inc flu prop ed visits,2,2026-10-24,41,quantile,0.15,0.005472501691426048
2026-10-10,wk inc flu prop ed visits,2,2026-10-24,41,quantile,0.2,0.006075477664248321
2026-10-10,wk inc flu prop ed visits,2,2026-10-24,41,quantile,0.25,0.006738326820185643
2026-10-10,wk inc flu prop ed visits,2,2026-10-24,41,quantile,0.3,0.007325253368638693
2026-10-10,wk inc flu prop ed visits,2,2026-10-24,41,quantile,0.35,0.00796463735455229
2026-10-10,wk inc flu prop ed visits,2,2026-10-24,41,quantile,0.4,0.008501647577441145
2026-10-10,wk inc flu prop ed visits,2,2026-10-24,41,quantile,0.45,0.009224079173508188
2026-10-10,wk inc flu prop ed visits,2,2026-10-24,41,quantile,0.5,0.00992339957974917
2026-10-10,wk inc flu prop ed visits,2,2026-10-24,41,quantile,0.55,0.010723365260861862
2026-10-10,wk inc flu prop ed visits,2,2026-10-24,41,quantile,0.6,0.011688456796408486
2026-10-10,wk inc flu prop ed visits,2,2026-10-24,41,quantile,0.65,0.012761848338653042
2026-10-10,wk inc flu prop ed visits,2,2026-10-24,41,quantile,0.7,0.014281888108607735
2026-10-10,wk inc flu prop ed visits,2,2026-10-24,41,quantile,0.75,0.01585294246526861
2026-10-10,wk inc flu prop ed visits,2,2026-10-24,41,quantile,0.8,0.017846680077804968
2026-10-10,wk inc flu prop ed visits,2,2026-10-24,41,quantile,0.85,0.02028364479178872
2026-10-10,wk inc flu prop ed visits,2,2026-10-24,41,quantile,0.9,0.023435066478752407
2026-10-10,wk inc flu prop ed visits,2,2026-10-24,41,quantile,0.95,0.027666986443230103
2026-10-10,wk inc flu prop ed visits,2,2026-10-24,41,quantile,0.975,0.032459105456637875
2026-10-10,wk inc flu prop ed visits,2,2026-10-24,41,quantile,0.99,0.041136869941888365
2026-10-10,wk inc flu prop ed visits,3,2026-10-31,41,quantile,0.01,0.0025727109014667153
2026-10-10,wk inc flu prop ed visits,3,2026-10-31,41,quantile,0.025,0.0031767964104463583
2026-10-10,wk inc flu prop ed visits,3,2026-10-31,41,quantile,0.05,0.00404003771840469
2026-10-10,wk inc flu prop ed visits,3,2026-10-31,41,quantile,0.1,0.005288641545106096
2026-10-10,wk inc flu prop ed visits,3,2026-10-31,41,quantile,0.15,0.006274506601612793
2026-10-10,wk inc flu prop ed visits,3,2026-10-31,41,quantile,0.2,0.007098582377835222
2026-10-10,wk inc flu prop ed visits,3,2026-10-31,41,quantile,0.25,0.007993314662788593
2026-10-10,wk inc flu prop ed visits,3,2026-10-31,41,quantile,0.3,0.009108208418805339
2026-10-10,wk inc flu prop ed visits,3,2026-10-31,41,quantile,0.35,0.010057030614501737
2026-10-10,wk inc flu prop ed visits,3,2026-10-31,41,quantile,0.4,0.010938181998774521
2026-10-10,wk inc flu prop ed visits,3,2026-10-31,41,quantile,0.45,0.011902619648660465
2026-10-10,wk inc flu prop ed visits,3,2026-10-31,41,quantile,0.5,0.012933978997070494
2026-10-10,wk inc flu prop ed visits,3,2026-10-31,41,quantile,0.55,0.014077119135370356
2026-10-10,wk inc flu prop ed visits,3,2026-10-31,41,quantile,0.6,0.015431580452357293
2026-10-10,wk inc flu prop ed visits,3,2026-10-31,41,quantile,0.65,0.01690112832468695
2026-10-10,wk inc flu prop ed visits,3,2026-10-31,41,quantile,0.7,0.019332226610081275
2026-10-10,wk inc flu prop ed visits,3,2026-10-31,41,quantile,0.75,0.021174056230474123
2026-10-10,wk inc flu prop ed visits,3,2026-10-31,41,quantile,0.8,0.024560120934790847
2026-10-10,wk inc flu prop ed visits,3,2026-10-31,41,quantile,0.85,0.0283396330182459
2026-10-10,wk inc flu prop ed visits,3,2026-10-31,41,quantile,0.9,0.03241793543820001
2026-10-10,wk inc flu prop ed visits,3,2026-10-31,41,quantile,0.95,0.04200244588967012
2026-10-10,wk inc flu prop ed visits,3,2026-10-31,41,quantile,0.975,0.05046434626813272
2026-10-10,wk inc flu prop ed visits,3,2026-10-31,41,quantile,0.99,0.07203641059885685
2026-10-10,wk inc flu prop ed visits,0,2026-10-10,42,quantile,0.01,0.0010453696027529669
2026-10-10,wk inc flu prop ed visits,0,2026-10-10,42,quantile,0.025,0.0012309744833362813
2026-10-10,wk inc flu prop ed visits,0,2026-10-10,42,quantile,0.05,0.0014023902117458655
2026-10-10,wk inc flu prop ed visits,0,2026-10-10,42,quantile,0.1,0.0016213218154336986
2026-10-10,wk inc flu prop ed visits,0,2026-10-10,42,quantile,0.15,0.0017832578194308122
2026-10-10,wk inc flu prop ed visits,0,2026-10-10,42,quantile,0.2,0.001902460088839981
2026-10-10,wk inc flu prop ed visits,0,2026-10-10,42,quantile,0.25,0.002035270302139334
2026-10-10,wk inc flu prop ed visits,0,2026-10-10,42,quantile,0.3,0.0021258028063164606
2026-10-10,wk inc flu prop ed visits,0,2026-10-10,42,quantile,0.35,0.0022126740902634625
2026-10-10,wk inc flu prop ed visits,0,2026-10-10,42,quantile,0.4,0.002314977741235077
2026-10-10,wk inc flu prop ed visits,0,2026-10-10,42,quantile,0.45,0.002395608863290896
2026-10-10,wk inc flu prop ed visits,0,2026-10-10,42,quantile,0.5,0.0024815860945559902
2026-10-10,wk inc flu prop ed visits,0,2026-10-10,42,quantile,0.55,0.00258418769902863
2026-10-10,wk inc flu prop ed visits,0,2026-10-10,42,quantile,0.6,0.002677995382507955
2026-10-10,wk inc flu prop ed visits,0,2026-10-10,42,quantile,0.65,0.002786257774211307
2026-10-10,wk inc flu prop ed visits,0,2026-10-10,42,quantile,0.7,0.0028899534473131906
2026-10-10,wk inc flu prop ed visits,0,2026-10-10,42,quantile,0.75,0.0030205867441029217
2026-10-10,wk inc flu prop ed visits,0,2026-10-10,42,quantile,0.8,0.003154579721948235
2026-10-10,wk inc flu prop ed visits,0,2026-10-10,42,quantile,0.85,0.003346087999348443
2026-10-10,wk inc flu prop ed visits,0,2026-10-10,42,quantile,0.9,0.003599661204365042
2026-10-10,wk inc flu prop ed visits,0,2026-10-10,42,quantile,0.95,0.00407677815760465
2026-10-10,wk inc flu prop ed visits,0,2026-10-10,42,quantile,0.975,0.004480935403875133
2026-10-10,wk inc flu prop ed visits,0,2026-10-10,42,quantile,0.99,0.005193245054124272
2026-10-10,wk inc flu prop ed visits,1,2026-10-17,42,quantile,0.01,0.0010172553780905336
2026-10-10,wk inc flu prop ed visits,1,2026-10-17,42,quantile,0.025,0.0013443237987537898
2026-10-10,wk inc flu prop ed visits,1,2026-10-17,42,quantile,0.05,0.0015308433589547466
2026-10-10,wk inc flu prop ed visits,1,2026-10-17,42,quantile,0.1,0.0017893956168448107
2026-10-10,wk inc flu prop ed visits,1,2026-10-17,42,quantile,0.15,0.001967397553195152
2026-10-10,wk inc flu prop ed visits,1,2026-10-17,42,quantile,0.2,0.0021358001451782286
2026-10-10,wk inc flu prop ed visits,1,2026-10-17,42,quantile,0.25,0.0022848704543707446
2026-10-10,wk inc flu prop ed visits,1,2026-10-17,42,quantile,0.3,0.0024378370569067415
2026-10-10,wk inc flu prop ed visits,1,2026-10-17,42,quantile,0.35,0.0025516890835884836
2026-10-10,wk inc flu prop ed visits,1,2026-10-17,42,quantile,0.4,0.00267721063975545
2026-10-10,wk inc flu prop ed visits,1,2026-10-17,42,quantile,0.45,0.002805582706992834
2026-10-10,wk inc flu prop ed visits,1,2026-10-17,42,quantile,0.5,0.0029366457774662623
2026-10-10,wk inc flu prop ed visits,1,2026-10-17,42,quantile,0.55,0.0031110814999470294
2026-10-10,wk inc flu prop ed visits,1,2026-10-17,42,quantile,0.6,0.003275469815553546
2026-10-10,wk inc flu prop ed visits,1,2026-10-17,42,quantile,0.65,0.0034768138529811324
2026-10-10,wk inc flu prop ed visits,1,2026-10-17,42,quantile,0.7,0.0037251140902197733
2026-10-10,wk inc flu prop ed visits,1,2026-10-17,42,quantile,0.75,0.004033703107671671
2026-10-10,wk inc flu prop ed visits,1,2026-10-17,42,quantile,0.8,0.0043411112454483525
2026-10-10,wk inc flu prop ed visits,1,2026-10-17,42,quantile,0.85,0.004787160045924664
2026-10-10,wk inc flu prop ed visits,1,2026-10-17,42,quantile,0.9,0.005443673317544458
2026-10-10,wk inc flu prop ed visits,1,2026-10-17,42,quantile,0.95,0.006390319665564994
2026-10-10,wk inc flu prop ed visits,1,2026-10-17,42,quantile,0.975,0.0071493057055748
2026-10-10,wk inc flu prop ed visits,1,2026-10-17,42,quantile,0.99,0.008694501339514094
2026-10-10,wk inc flu prop ed visits,2,2026-10-24,42,quantile,0.01,0.0010927365997293356
2026-10-10,wk inc flu prop ed visits,2,2026-10-24,42,quantile,0.025,0.0014111245877566788
2026-10-10,wk inc flu prop ed visits,2,2026-10-24,42,quantile,0.05,0.0016304911147239209
2026-10-10,wk inc flu prop ed visits,2,2026-10-24,42,quantile,0.1,0.0019276546055223291
2026-10-10,wk inc flu prop ed visits,2,2026-10-24,42,quantile,0.15,0.0021875978864633505
2026-10-10,wk inc flu prop ed visits,2,2026-10-24,42,quantile,0.2,0.0023840641074729598
2026-10-10,wk inc flu prop ed visits,2,2026-10-24,42,quantile,0.25,0.002579380794198829
2026-10-10,wk inc flu prop ed visits,2,2026-10-24,42,quantile,0.3,0.002756834660104751
2026-10-10,wk inc flu prop ed visits,2,2026-10-24,42,quantile,0.35,0.002946503977747149
2026-10-10,wk inc flu prop ed visits,2,2026-10-24,42,quantile,0.4,0.0031649809566096946
2026-10-10,wk inc flu prop ed visits,2,2026-10-24,42,quantile,0.45,0.0034116003440057274
2026-10-10,wk inc flu prop ed visits,2,2026-10-24,42,quantile,0.5,0.0036292077075020684
2026-10-10,wk inc flu prop ed visits,2,2026-10-24,42,quantile,0.55,0.003906347039761629
2026-10-10,wk inc flu prop ed visits,2,2026-10-24,42,quantile,0.6,0.004204929904454763
2026-10-10,wk inc flu prop ed visits,2,2026-10-24,42,quantile,0.65,0.004536753658475136
2026-10-10,wk inc flu prop ed visits,2,2026-10-24,42,quantile,0.7,0.0049589576691974075
2026-10-10,wk inc flu prop ed visits,2,2026-10-24,42,quantile,0.75,0.005482534507934407
2026-10-10,wk inc flu prop ed visits,2,2026-10-24,42,quantile,0.8,0.006141636653723286
2026-10-10,wk inc flu prop ed visits,2,2026-10-24,42,quantile,0.85,0.0070105557017910115
2026-10-10,wk inc flu prop ed visits,2,2026-10-24,42,quantile,0.9,0.008144551458283439
2026-10-10,wk inc flu prop ed visits,2,2026-10-24,42,quantile,0.95,0.009785373744630878
2026-10-10,wk inc flu prop ed visits,2,2026-10-24,42,quantile,0.975,0.012370476045225308
2026-10-10,wk inc flu prop ed visits,2,2026-10-24,42,quantile,0.99,0.015042729646717913
2026-10-10,wk inc flu prop ed visits,3,2026-10-31,42,quantile,0.01,0.001144043459140148
2026-10-10,wk inc flu prop ed visits,3,2026-10-31,42,quantile,0.025,0.0015326461845446243
2026-10-10,wk inc flu prop ed visits,3,2026-10-31,42,quantile,0.05,0.0018236157464238114
2026-10-10,wk inc flu prop ed visits,3,2026-10-31,42,quantile,0.1,0.0022057297410402743
2026-10-10,wk inc flu prop ed visits,3,2026-10-31,42,quantile,0.15,0.0025522173964283006
2026-10-10,wk inc flu prop ed visits,3,2026-10-31,42,quantile,0.2,0.0028613508732869093
2026-10-10,wk inc flu prop ed visits,3,2026-10-31,42,quantile,0.25,0.0031672957526082835
2026-10-10,wk inc flu prop ed visits,3,2026-10-31,42,quantile,0.3,0.003411858599992763
2026-10-10,wk inc flu prop ed visits,3,2026-10-31,42,quantile,0.35,0.0037005072074535166
2026-10-10,wk inc flu prop ed visits,3,2026-10-31,42,quantile,0.4,0.003971185868982781
2026-10-10,wk inc flu prop ed visits,3,2026-10-31,42,quantile,0.45,0.004318148353582575
2026-10-10,wk inc flu prop ed visits,3,2026-10-31,42,quantile,0.5,0.004753844801564632
2026-10-10,wk inc flu prop ed visits,3,2026-10-31,42,quantile,0.55,0.005157477169964465
2026-10-10,wk inc flu prop ed visits,3,2026-10-31,42,quantile,0.6,0.0056158230449386915
2026-10-10,wk inc flu prop ed visits,3,2026-10-31,42,quantile,0.65,0.006296266382850255
2026-10-10,wk inc flu prop ed visits,3,2026-10-31,42,quantile,0.7,0.006949842162948693
2026-10-10,wk inc flu prop ed visits,3,2026-10-31,42,quantile,0.75,0.007644803476639888
2026-10-10,wk inc flu prop ed visits,3,2026-10-31,42,quantile,0.8,0.008610629186261633
2026-10-10,wk inc flu prop ed visits,3,2026-10-31,42,quantile,0.85,0.00988579800553486
2026-10-10,wk inc flu prop ed visits,3,2026-10-31,42,quantile,0.9,0.011496088619238877
2026-10-10,wk inc flu prop ed visits,3,2026-10-31,42,quantile,0.95,0.014422577343438454
2026-10-10,wk inc flu prop ed visits,3,2026-10-31,42,quantile,0.975,0.018290103847891145
2026-10-10,wk inc flu prop ed visits,3,2026-10-31,42,quantile,0.99,0.026416176606120424
2026-10-10,wk inc flu prop ed visits,0,2026-10-10,44,quantile,0.01,5.832899488640928e-4
2026-10-10,wk inc flu prop ed visits,0,2026-10-10,44,quantile,0.025,7.50686375968672e-4
2026-10-10,wk inc flu prop ed visits,0,2026-10-10,44,quantile,0.05,9.367204293543698e-4
2026-10-10,wk inc flu prop ed visits,0,2026-10-10,44,quantile,0.1,0.0011472617166515702
2026-10-10,wk inc flu prop ed visits,0,2026-10-10,44,quantile,0.15,0.0013011091239222075
2026-10-10,wk inc flu prop ed visits,0,2026-10-10,44,quantile,0.2,0.001434386710285218
2026-10-10,wk inc flu prop ed visits,0,2026-10-10,44,quantile,0.25,0.0015550084775724545
2026-10-10,wk inc flu prop ed visits,0,2026-10-10,44,quantile,0.3,0.001658163251144872
2026-10-10,wk inc flu prop ed visits,0,2026-10-10,44,quantile,0.35,0.0017638718721975644
2026-10-10,wk inc flu prop ed visits,0,2026-10-10,44,quantile,0.4,0.0018799476917422606
2026-10-10,wk inc flu prop ed visits,0,2026-10-10,44,quantile,0.45,0.002002134791639659
2026-10-10,wk inc flu prop ed visits,0,2026-10-10,44,quantile,0.5,0.0020995363294427963
2026-10-10,wk inc flu prop ed visits,0,2026-10-10,44,quantile,0.55,0.002220859521054561
2026-10-10,wk inc flu prop ed visits,0,2026-10-10,44,quantile,0.6,0.0023567520112497127
2026-10-10,wk inc flu prop ed visits,0,2026-10-10,44,quantile,0.65,0.00251258624630605
2026-10-10,wk inc flu prop ed visits,0,2026-10-10,44,quantile,0.7,0.002646166596971594
2026-10-10,wk inc flu prop ed visits,0,2026-10-10,44,quantile,0.75,0.0028424385636993945
2026-10-10,wk inc flu prop ed visits,0,2026-10-10,44,quantile,0.8,0.0030632055379766787
2026-10-10,wk inc flu prop ed visits,0,2026-10-10,44,quantile,0.85,0.0033684818131077716
2026-10-10,wk inc flu prop ed visits,0,2026-10-10,44,quantile,0.9,0.003825212723530559
2026-10-10,wk inc flu prop ed visits,0,2026-10-10,44,quantile,0.95,0.0044518317799805834
2026-10-10,wk inc flu prop ed visits,0,2026-10-10,44,quantile,0.975,0.0049739483311576176
2026-10-10,wk inc flu prop ed visits,0,2026-10-10,44,quantile,0.99,0.0052879414560440575
2026-10-10,wk inc flu prop ed visits,1,2026-10-17,44,quantile,0.01,5.156622072681333e-4
2026-10-10,wk inc flu prop ed visits,1,2026-10-17,44,quantile,0.025,7.234000040217836e-4
2026-10-10,wk inc flu prop ed visits,1,2026-10-17,44,quantile,0.05,8.716692748541825e-4
2026-10-10,wk inc flu prop ed visits,1,2026-10-17,44,quantile,0.1,0.0011065700962096124
2026-10-10,wk inc flu prop ed visits,1,2026-10-17,44,quantile,0.15,0.0013185893980752089
2026-10-10,wk inc flu prop ed visits,1,2026-10-17,44,quantile,0.2,0.0014614522381918705
2026-10-10,wk inc flu prop ed visits,1,2026-10-17,44,quantile,0.25,0.001613497787212567
2026-10-10,wk inc flu prop ed visits,1,2026-10-17,44,quantile,0.3,0.0017716953231318496
2026-10-10,wk inc flu prop ed visits,1,2026-10-17,44,quantile,0.35,0.0019047900643929347
2026-10-10,wk inc flu prop ed visits,1,2026-10-17,44,quantile,0.4,0.0020652895134259516
2026-10-10,wk inc flu prop ed visits,1,2026-10-17,44,quantile,0.45,0.0022199941746432876
2026-10-10,wk inc flu prop ed visits,1,2026-10-17,44,quantile,0.5,0.002394142639806169
2026-10-10,wk inc flu prop ed visits,1,2026-10-17,44,quantile,0.55,0.0025807997734907176
2026-10-10,wk inc flu prop ed visits,1,2026-10-17,44,quantile,0.6,0.0027847934139319684
2026-10-10,wk inc flu prop ed visits,1,2026-10-17,44,quantile,0.65,0.003029370685295585
2026-10-10,wk inc flu prop ed visits,1,2026-10-17,44,quantile,0.7,0.0032873684823085314
2026-10-10,wk inc flu prop ed visits,1,2026-10-17,44,quantile,0.75,0.0036071017520203147
2026-10-10,wk inc flu prop ed visits,1,2026-10-17,44,quantile,0.8,0.004048559097894861
2026-10-10,wk inc flu prop ed visits,1,2026-10-17,44,quantile,0.85,0.004587759258826964
2026-10-10,wk inc flu prop ed visits,1,2026-10-17,44,quantile,0.9,0.0052769141379457795
2026-10-10,wk inc flu prop ed visits,1,2026-10-17,44,quantile,0.95,0.006798723877971303
2026-10-10,wk inc flu prop ed visits,1,2026-10-17,44,quantile,0.975,0.007966808163224148
2026-10-10,wk inc flu prop ed visits,1,2026-10-17,44,quantile,0.99,0.008460108719201916
2026-10-10,wk inc flu prop ed visits,2,2026-10-24,44,quantile,0.01,5.404631209653527e-4
2026-10-10,wk inc flu prop ed visits,2,2026-10-24,44,quantile,0.025,7.15332713569346e-4
2026-10-10,wk inc flu prop ed visits,2,2026-10-24,44,quantile,0.05,9.079644421890853e-4
2026-10-10,wk inc flu prop ed visits,2,2026-10-24,44,quantile,0.1,0.0011727068308662115
2026-10-10,wk inc flu prop ed visits,2,2026-10-24,44,quantile,0.15,0.0014375011997604923
2026-10-10,wk inc flu prop ed visits,2,2026-10-24,44,quantile,0.2,0.0016478590658351431
2026-10-10,wk inc flu prop ed visits,2,2026-10-24,44,quantile,0.25,0.0018474026060356444
2026-10-10,wk inc flu prop ed visits,2,2026-10-24,44,quantile,0.3,0.002058623889935274
2026-10-10,wk inc flu prop ed visits,2,2026-10-24,44,quantile,0.35,0.002248558681259838
2026-10-10,wk inc flu prop ed visits,2,2026-10-24,44,quantile,0.4,0.0024899459593082807
2026-10-10,wk inc flu prop ed visits,2,2026-10-24,44,quantile,0.45,0.002692257928408275
2026-10-10,wk inc flu prop ed visits,2,2026-10-24,44,quantile,0.5,0.002939349333203117
2026-10-10,wk inc flu prop ed visits,2,2026-10-24,44,quantile,0.55,0.0032280352169127974
2026-10-10,wk inc flu prop ed visits,2,2026-10-24,44,quantile,0.6,0.0035263265667980766
2026-10-10,wk inc flu prop ed visits,2,2026-10-24,44,quantile,0.65,0.003841698916773469
2026-10-10,wk inc flu prop ed visits,2,2026-10-24,44,quantile,0.7,0.004274203147230331
2026-10-10,wk inc flu prop ed visits,2,2026-10-24,44,quantile,0.75,0.004850423481967542
2026-10-10,wk inc flu prop ed visits,2,2026-10-24,44,quantile,0.8,0.00544577140320721
2026-10-10,wk inc flu prop ed visits,2,2026-10-24,44,quantile,0.85,0.0063802479555245175
2026-10-10,wk inc flu prop ed visits,2,2026-10-24,44,quantile,0.9,0.007862428201297093
2026-10-10,wk inc flu prop ed visits,2,2026-10-24,44,quantile,0.95,0.010634835331233022
2026-10-10,wk inc flu prop ed visits,2,2026-10-24,44,quantile,0.975,0.013291603118085377
2026-10-10,wk inc flu prop ed visits,2,2026-10-24,44,quantile,0.99,0.013892399913678553
2026-10-10,wk inc flu prop ed visits,3,2026-10-31,44,quantile,0.01,4.8783939722162734e-4
2026-10-10,wk inc flu prop ed visits,3,2026-10-31,44,quantile,0.025,7.015521407002525e-4
2026-10-10,wk inc flu prop ed visits,3,2026-10-31,44,quantile,0.05,9.550840479638773e-4
2026-10-10,wk inc flu prop ed visits,3,2026-10-31,44,quantile,0.1,0.0013139604071405943
2026-10-10,wk inc flu prop ed visits,3,2026-10-31,44,quantile,0.15,0.0016399038179077592
2026-10-10,wk inc flu prop ed visits,3,2026-10-31,44,quantile,0.2,0.001903794141716497
2026-10-10,wk inc flu prop ed visits,3,2026-10-31,44,quantile,0.25,0.002153192306029071
2026-10-10,wk inc flu prop ed visits,3,2026-10-31,44,quantile,0.3,0.0024335065494374554
2026-10-10,wk inc flu prop ed visits,3,2026-10-31,44,quantile,0.35,0.002760666893850827
2026-10-10,wk inc flu prop ed visits,3,2026-10-31,44,quantile,0.4,0.003038682180714735
2026-10-10,wk inc flu prop ed visits,3,2026-10-31,44,quantile,0.45,0.0034500063725895593
2026-10-10,wk inc flu prop ed visits,3,2026-10-31,44,quantile,0.5,0.003831140021357501
2026-10-10,wk inc flu prop ed visits,3,2026-10-31,44,quantile,0.55,0.004227700489034148
2026-10-10,wk inc flu prop ed visits,3,2026-10-31,44,quantile,0.6,0.004697713153239901
2026-10-10,wk inc flu prop ed visits,3,2026-10-31,44,quantile,0.65,0.005314070354444622
2026-10-10,wk inc flu prop ed visits,3,2026-10-31,44,quantile,0.7,0.005950732107982111
2026-10-10,wk inc flu prop ed visits,3,2026-10-31,44,quantile,0.75,0.006877636912076443
2026-10-10,wk inc flu prop ed visits,3,2026-10-31,44,quantile,0.8,0.007892880311619775
2026-10-10,wk inc flu prop ed visits,3,2026-10-31,44,quantile,0.85,0.009362406426932266
2026-10-10,wk inc flu prop ed visits,3,2026-10-31,44,quantile,0.9,0.011739966254063889
2026-10-10,wk inc flu prop ed visits,3,2026-10-31,44,quantile,0.95,0.017236820497671557
2026-10-10,wk inc flu prop ed visits,3,2026-10-31,44,quantile,0.975,0.022963974584664454
2026-10-10,wk inc flu prop ed visits,3,2026-10-31,44,quantile,0.99,0.024038125676884382
2026-10-10,wk inc flu prop ed visits,0,2026-10-10,45,quantile,0.01,0.0013737468232792943
2026-10-10,wk inc flu prop ed visits,0,2026-10-10,45,quantile,0.025,0.00187901544032637
2026-10-10,wk inc flu prop ed visits,0,2026-10-10,45,quantile,0.05,0.002347500624115604
2026-10-10,wk inc flu prop ed visits,0,2026-10-10,45,quantile,0.1,0.0028432764821777973
2026-10-10,wk inc flu prop ed visits,0,2026-10-10,45,quantile,0.15,0.0031835753669900405
2026-10-10,wk inc flu prop ed visits,0,2026-10-10,45,quantile,0.2,0.0034639503701124827
2026-10-10,wk inc flu prop ed visits,0,2026-10-10,45,quantile,0.25,0.003702748642141342
2026-10-10,wk inc flu prop ed visits,0,2026-10-10,45,quantile,0.3,0.003946616742184128
2026-10-10,wk inc flu prop ed visits,0,2026-10-10,45,quantile,0.35,0.0041802473559835445
2026-10-10,wk inc flu prop ed visits,0,2026-10-10,45,quantile,0.4,0.0044240875793111895
2026-10-10,wk inc flu prop ed visits,0,2026-10-10,45,quantile,0.45,0.004646663322298723
2026-10-10,wk inc flu prop ed visits,0,2026-10-10,45,quantile,0.5,0.00488570304475687
2026-10-10,wk inc flu prop ed visits,0,2026-10-10,45,quantile,0.55,0.005128617765986447
2026-10-10,wk inc flu prop ed visits,0,2026-10-10,45,quantile,0.6,0.005371064220674009
2026-10-10,wk inc flu prop ed visits,0,2026-10-10,45,quantile,0.65,0.005629317223064936
2026-10-10,wk inc flu prop ed visits,0,2026-10-10,45,quantile,0.7,0.005893677583146487
2026-10-10,wk inc flu prop ed visits,0,2026-10-10,45,quantile,0.75,0.006237350320961233
2026-10-10,wk inc flu prop ed visits,0,2026-10-10,45,quantile,0.8,0.006608748561268097
2026-10-10,wk inc flu prop ed visits,0,2026-10-10,45,quantile,0.85,0.007162567156094072
2026-10-10,wk inc flu prop ed visits,0,2026-10-10,45,quantile,0.9,0.007808455769046223
2026-10-10,wk inc flu prop ed visits,0,2026-10-10,45,quantile,0.95,0.00916055528959734
2026-10-10,wk inc flu prop ed visits,0,2026-10-10,45,quantile,0.975,0.010582113562752378
2026-10-10,wk inc flu prop ed visits,0,2026-10-10,45,quantile,0.99,0.011780928052550786
2026-10-10,wk inc flu prop ed visits,1,2026-10-17,45,quantile,0.01,0.0013537258611685137
2026-10-10,wk inc flu prop ed visits,1,2026-10-17,45,quantile,0.025,0.0018360361362594062
2026-10-10,wk inc flu prop ed visits,1,2026-10-17,45,quantile,0.05,0.0023614939734420155
2026-10-10,wk inc flu prop ed visits,1,2026-10-17,45,quantile,0.1,0.002905926789941341
2026-10-10,wk inc flu prop ed visits,1,2026-10-17,45,quantile,0.15,0.0033421487522844765
2026-10-10,wk inc flu prop ed visits,1,2026-10-17,45,quantile,0.2,0.0037992885357446176
2026-10-10,wk inc flu prop ed visits,1,2026-10-17,45,quantile,0.25,0.004143750970107085
2026-10-10,wk inc flu prop ed visits,1,2026-10-17,45,quantile,0.3,0.004456428940764087
2026-10-10,wk inc flu prop ed visits,1,2026-10-17,45,quantile,0.35,0.004782381196761418
2026-10-10,wk inc flu prop ed visits,1,2026-10-17,45,quantile,0.4,0.0051212585117735585
2026-10-10,wk inc flu prop ed visits,1,2026-10-17,45,quantile,0.45,0.005422844424705927
2026-10-10,wk inc flu prop ed visits,1,2026-10-17,45,quantile,0.5,0.005748669405042086
2026-10-10,wk inc flu prop ed visits,1,2026-10-17,45,quantile,0.55,0.006146533467906859
2026-10-10,wk inc flu prop ed visits,1,2026-10-17,45,quantile,0.6,0.006493923826049315
2026-10-10,wk inc flu prop ed visits,1,2026-10-17,45,quantile,0.65,0.006941686253380224
2026-10-10,wk inc flu prop ed visits,1,2026-10-17,45,quantile,0.7,0.007539299373211947
2026-10-10,wk inc flu prop ed visits,1,2026-10-17,45,quantile,0.75,0.00812070816675874
2026-10-10,wk inc flu prop ed visits,1,2026-10-17,45,quantile,0.8,0.009020135169789315
2026-10-10,wk inc flu prop ed visits,1,2026-10-17,45,quantile,0.85,0.010273843068882613
2026-10-10,wk inc flu prop ed visits,1,2026-10-17,45,quantile,0.9,0.01212064403086149
2026-10-10,wk inc flu prop ed visits,1,2026-10-17,45,quantile,0.95,0.015340167066336535
2026-10-10,wk inc flu prop ed visits,1,2026-10-17,45,quantile,0.975,0.018480843519767316
2026-10-10,wk inc flu prop ed visits,1,2026-10-17,45,quantile,0.99,0.019262717357774316
2026-10-10,wk inc flu prop ed visits,2,2026-10-24,45,quantile,0.01,0.0013542934878620994
2026-10-10,wk inc flu prop ed visits,2,2026-10-24,45,quantile,0.025,0.001970970934343698
2026-10-10,wk inc flu prop ed visits,2,2026-10-24,45,quantile,0.05,0.0023727747600360586
2026-10-10,wk inc flu prop ed visits,2,2026-10-24,45,quantile,0.1,0.0030428310490847876
2026-10-10,wk inc flu prop ed visits,2,2026-10-24,45,quantile,0.15,0.003659129003942453
2026-10-10,wk inc flu prop ed visits,2,2026-10-24,45,quantile,0.2,0.004148997972365525
2026-10-10,wk inc flu prop ed visits,2,2026-10-24,45,quantile,0.25,0.004606078650474141
2026-10-10,wk inc flu prop ed visits,2,2026-10-24,45,quantile,0.3,0.0050688957442792315
2026-10-10,wk inc flu prop ed visits,2,2026-10-24,45,quantile,0.35,0.005516957380037928
2026-10-10,wk inc flu prop ed visits,2,2026-10-24,45,quantile,0.4,0.005969589256179419
2026-10-10,wk inc flu prop ed visits,2,2026-10-24,45,quantile,0.45,0.006426470744998639
2026-10-10,wk inc flu prop ed visits,2,2026-10-24,45,quantile,0.5,0.006936063814525183
2026-10-10,wk inc flu prop ed visits,2,2026-10-24,45,quantile,0.55,0.0075831183491729326
2026-10-10,wk inc flu prop ed visits,2,2026-10-24,45,quantile,0.6,0.008197900685975297
2026-10-10,wk inc flu prop ed visits,2,2026-10-24,45,quantile,0.65,0.00889281214345813
2026-10-10,wk inc flu prop ed visits,2,2026-10-24,45,quantile,0.7,0.009847220090895942
2026-10-10,wk inc flu prop ed visits,2,2026-10-24,45,quantile,0.75,0.010872503565490358
2026-10-10,wk inc flu prop ed visits,2,2026-10-24,45,quantile,0.8,0.012151570036406349
2026-10-10,wk inc flu prop ed visits,2,2026-10-24,45,quantile,0.85,0.014310907564428578
2026-10-10,wk inc flu prop ed visits,2,2026-10-24,45,quantile,0.9,0.018186031615109694
2026-10-10,wk inc flu prop ed visits,2,2026-10-24,45,quantile,0.95,0.025775956992837357
2026-10-10,wk inc flu prop ed visits,2,2026-10-24,45,quantile,0.975,0.03128751683627776
2026-10-10,wk inc flu prop ed visits,2,2026-10-24,45,quantile,0.99,0.03262739980500375
2026-10-10,wk inc flu prop ed visits,3,2026-10-31,45,quantile,0.01,0.001398160699987511
2026-10-10,wk inc flu prop ed visits,3,2026-10-31,45,quantile,0.025,0.0020765275339812883
2026-10-10,wk inc flu prop ed visits,3,2026-10-31,45,quantile,0.05,0.0026109573666554912
2026-10-10,wk inc flu prop ed visits,3,2026-10-31,45,quantile,0.1,0.0034195242468266743
2026-10-10,wk inc flu prop ed visits,3,2026-10-31,45,quantile,0.15,0.0041013417176450385
2026-10-10,wk inc flu prop ed visits,3,2026-10-31,45,quantile,0.2,0.004791184051634379
2026-10-10,wk inc flu prop ed visits,3,2026-10-31,45,quantile,0.25,0.00551541981881839
2026-10-10,wk inc flu prop ed visits,3,2026-10-31,45,quantile,0.3,0.00612363877308281
2026-10-10,wk inc flu prop ed visits,3,2026-10-31,45,quantile,0.35,0.006812469895042323
2026-10-10,wk inc flu prop ed visits,3,2026-10-31,45,quantile,0.4,0.007409253395445793
2026-10-10,wk inc flu prop ed visits,3,2026-10-31,45,quantile,0.45,0.008118466379967566
2026-10-10,wk inc flu prop ed visits,3,2026-10-31,45,quantile,0.5,0.00880594736110802
2026-10-10,wk inc flu prop ed visits,3,2026-10-31,45,quantile,0.55,0.00980535221552363
2026-10-10,wk inc flu prop ed visits,3,2026-10-31,45,quantile,0.6,0.01101143270369085
2026-10-10,wk inc flu prop ed visits,3,2026-10-31,45,quantile,0.65,0.012204768080045524
2026-10-10,wk inc flu prop ed visits,3,2026-10-31,45,quantile,0.7,0.01355088145312094
2026-10-10,wk inc flu prop ed visits,3,2026-10-31,45,quantile,0.75,0.015311504962096541
2026-10-10,wk inc flu prop ed visits,3,2026-10-31,45,quantile,0.8,0.01817634990113279
2026-10-10,wk inc flu prop ed visits,3,2026-10-31,45,quantile,0.85,0.02120639615748353
2026-10-10,wk inc flu prop ed visits,3,2026-10-31,45,quantile,0.9,0.027069703741540822
2026-10-10,wk inc flu prop ed visits,3,2026-10-31,45,quantile,0.95,0.03843183140234155
2026-10-10,wk inc flu prop ed visits,3,2026-10-31,45,quantile,0.975,0.055184965259913274
2026-10-10,wk inc flu prop ed visits,3,2026-10-31,45,quantile,0.99,0.05699474003189941
2026-10-10,wk inc flu prop ed visits,0,2026-10-10,46,quantile,0.01,7.844978507571267e-4
2026-10-10,wk inc flu prop ed visits,0,2026-10-10,46,quantile,0.025,0.0010022836969854354
2026-10-10,wk inc flu prop ed visits,0,2026-10-10,46,quantile,0.05,0.0011707109995568292
2026-10-10,wk inc flu prop ed visits,0,2026-10-10,46,quantile,0.1,0.0013743102073644794
2026-10-10,wk inc flu prop ed visits,0,2026-10-10,46,quantile,0.15,0.0015171388737862776
2026-10-10,wk inc flu prop ed visits,0,2026-10-10,46,quantile,0.2,0.001643688841760706
2026-10-10,wk inc flu prop ed visits,0,2026-10-10,46,quantile,0.25,0.0017548689462950641
2026-10-10,wk inc flu prop ed visits,0,2026-10-10,46,quantile,0.3,0.0018628366773704931
2026-10-10,wk inc flu prop ed visits,0,2026-10-10,46,quantile,0.35,0.00195468374515377
2026-10-10,wk inc flu prop ed visits,0,2026-10-10,46,quantile,0.4,0.0020402455372147115
2026-10-10,wk inc flu prop ed visits,0,2026-10-10,46,quantile,0.45,0.0021266760926078026
2026-10-10,wk inc flu prop ed visits,0,2026-10-10,46,quantile,0.5,0.0022059101819559895
2026-10-10,wk inc flu prop ed visits,0,2026-10-10,46,quantile,0.55,0.0022904278366527747
2026-10-10,wk inc flu prop ed visits,0,2026-10-10,46,quantile,0.6,0.0023801351832272973
2026-10-10,wk inc flu prop ed visits,0,2026-10-10,46,quantile,0.65,0.0024866868361853737
2026-10-10,wk inc flu prop ed visits,0,2026-10-10,46,quantile,0.7,0.002616180224044911
2026-10-10,wk inc flu prop ed visits,0,2026-10-10,46,quantile,0.75,0.0027579473605985763
2026-10-10,wk inc flu prop ed visits,0,2026-10-10,46,quantile,0.8,0.0029119423402188043
2026-10-10,wk inc flu prop ed visits,0,2026-10-10,46,quantile,0.85,0.0030984767043054522
2026-10-10,wk inc flu prop ed visits,0,2026-10-10,46,quantile,0.9,0.003348866277231975
2026-10-10,wk inc flu prop ed visits,0,2026-10-10,46,quantile,0.95,0.0037585334994717444
2026-10-10,wk inc flu prop ed visits,0,2026-10-10,46,quantile,0.975,0.004198299975137749
2026-10-10,wk inc flu prop ed visits,0,2026-10-10,46,quantile,0.99,0.004983779816045712
2026-10-10,wk inc flu prop ed visits,1,2026-10-17,46,quantile,0.01,8.472148734937806e-4
2026-10-10,wk inc flu prop ed visits,1,2026-10-17,46,quantile,0.025,0.0010306395733920854
2026-10-10,wk inc flu prop ed visits,1,2026-10-17,46,quantile,0.05,0.0012034701098545208
2026-10-10,wk inc flu prop ed visits,1,2026-10-17,46,quantile,0.1,0.0014641656613932795
2026-10-10,wk inc flu prop ed visits,1,2026-10-17,46,quantile,0.15,0.001646032978310883
2026-10-10,wk inc flu prop ed visits,1,2026-10-17,46,quantile,0.2,0.0017899434150374378
2026-10-10,wk inc flu prop ed visits,1,2026-10-17,46,quantile,0.25,0.0019275995494185097
2026-10-10,wk inc flu prop ed visits,1,2026-10-17,46,quantile,0.3,0.002051860912081368
2026-10-10,wk inc flu prop ed visits,1,2026-10-17,46,quantile,0.35,0.0021969957941460295
2026-10-10,wk inc flu prop ed visits,1,2026-10-17,46,quantile,0.4,0.0023062715196379147
2026-10-10,wk inc flu prop ed visits,1,2026-10-17,46,quantile,0.45,0.002438196103751682
2026-10-10,wk inc flu prop ed visits,1,2026-10-17,46,quantile,0.5,0.0025745435442306548
2026-10-10,wk inc flu prop ed visits,1,2026-10-17,46,quantile,0.55,0.00272145195578678
2026-10-10,wk inc flu prop ed visits,1,2026-10-17,46,quantile,0.6,0.0028479134639111626
2026-10-10,wk inc flu prop ed visits,1,2026-10-17,46,quantile,0.65,0.003020595233611607
2026-10-10,wk inc flu prop ed visits,1,2026-10-17,46,quantile,0.7,0.003181562903462644
2026-10-10,wk inc flu prop ed visits,1,2026-10-17,46,quantile,0.75,0.0034027629352854196
2026-10-10,wk inc flu prop ed visits,1,2026-10-17,46,quantile,0.8,0.0036754940057552223
2026-10-10,wk inc flu prop ed visits,1,2026-10-17,46,quantile,0.85,0.004003750564395025
2026-10-10,wk inc flu prop ed visits,1,2026-10-17,46,quantile,0.9,0.004642683585236893
2026-10-10,wk inc flu prop ed visits,1,2026-10-17,46,quantile,0.95,0.0055785463025760165
2026-10-10,wk inc flu prop ed visits,1,2026-10-17,46,quantile,0.975,0.006467720724065096
2026-10-10,wk inc flu prop ed visits,1,2026-10-17,46,quantile,0.99,0.007648066996505976
2026-10-10,wk inc flu prop ed visits,2,2026-10-24,46,quantile,0.01,7.722653405729705e-4
2026-10-10,wk inc flu prop ed visits,2,2026-10-24,46,quantile,0.025,0.0010028258232711047
2026-10-10,wk inc flu prop ed visits,2,2026-10-24,46,quantile,0.05,0.0012634036829539982
2026-10-10,wk inc flu prop ed visits,2,2026-10-24,46,quantile,0.1,0.0015961551722924806
2026-10-10,wk inc flu prop ed visits,2,2026-10-24,46,quantile,0.15,0.0018187999078291988
2026-10-10,wk inc flu prop ed visits,2,2026-10-24,46,quantile,0.2,0.002010996509161327
2026-10-10,wk inc flu prop ed visits,2,2026-10-24,46,quantile,0.25,0.002197678000347654
2026-10-10,wk inc flu prop ed visits,2,2026-10-24,46,quantile,0.3,0.0023792252093154834
2026-10-10,wk inc flu prop ed visits,2,2026-10-24,46,quantile,0.35,0.0025399028022982744
2026-10-10,wk inc flu prop ed visits,2,2026-10-24,46,quantile,0.4,0.002684846448052164
2026-10-10,wk inc flu prop ed visits,2,2026-10-24,46,quantile,0.45,0.0028758122807883
2026-10-10,wk inc flu prop ed visits,2,2026-10-24,46,quantile,0.5,0.0030655578332582853
2026-10-10,wk inc flu prop ed visits,2,2026-10-24,46,quantile,0.55,0.003257406650396555
2026-10-10,wk inc flu prop ed visits,2,2026-10-24,46,quantile,0.6,0.0035078218197162883
2026-10-10,wk inc flu prop ed visits,2,2026-10-24,46,quantile,0.65,0.0037976613704094942
2026-10-10,wk inc flu prop ed visits,2,2026-10-24,46,quantile,0.7,0.0040494768855951335
2026-10-10,wk inc flu prop ed visits,2,2026-10-24,46,quantile,0.75,0.0044137406651566955
2026-10-10,wk inc flu prop ed visits,2,2026-10-24,46,quantile,0.8,0.00486048638896935
2026-10-10,wk inc flu prop ed visits,2,2026-10-24,46,quantile,0.85,0.005601699289588042
2026-10-10,wk inc flu prop ed visits,2,2026-10-24,46,quantile,0.9,0.006499707416739859
2026-10-10,wk inc flu prop ed visits,2,2026-10-24,46,quantile,0.95,0.00839979605156993
2026-10-10,wk inc flu prop ed visits,2,2026-10-24,46,quantile,0.975,0.011063634865850765
2026-10-10,wk inc flu prop ed visits,2,2026-10-24,46,quantile,0.99,0.013365694497051285
2026-10-10,wk inc flu prop ed visits,3,2026-10-31,46,quantile,0.01,8.822740278702209e-4
2026-10-10,wk inc flu prop ed visits,3,2026-10-31,46,quantile,0.025,0.0011747362258459429
2026-10-10,wk inc flu prop ed visits,3,2026-10-31,46,quantile,0.05,0.0014474471440504002
2026-10-10,wk inc flu prop ed visits,3,2026-10-31,46,quantile,0.1,0.0017955757973667746
2026-10-10,wk inc flu prop ed visits,3,2026-10-31,46,quantile,0.15,0.0020948653741212474
2026-10-10,wk inc flu prop ed visits,3,2026-10-31,46,quantile,0.2,0.002368065397654144
2026-10-10,wk inc flu prop ed visits,3,2026-10-31,46,quantile,0.25,0.0026224726400802976
2026-10-10,wk inc flu prop ed visits,3,2026-10-31,46,quantile,0.3,0.0028509348724652084
2026-10-10,wk inc flu prop ed visits,3,2026-10-31,46,quantile,0.35,0.0031280008293713153
2026-10-10,wk inc flu prop ed visits,3,2026-10-31,46,quantile,0.4,0.00336295844124693
2026-10-10,wk inc flu prop ed visits,3,2026-10-31,46,quantile,0.45,0.0036311732154700157
2026-10-10,wk inc flu prop ed visits,3,2026-10-31,46,quantile,0.5,0.003899962505278098
2026-10-10,wk inc flu prop ed visits,3,2026-10-31,46,quantile,0.55,0.004251588280325576
2026-10-10,wk inc flu prop ed visits,3,2026-10-31,46,quantile,0.6,0.004585156069091746
2026-10-10,wk inc flu prop ed visits,3,2026-10-31,46,quantile,0.65,0.004990144808615646
2026-10-10,wk inc flu prop ed visits,3,2026-10-31,46,quantile,0.7,0.005499026320622905
2026-10-10,wk inc flu prop ed visits,3,2026-10-31,46,quantile,0.75,0.006024059127326179
2026-10-10,wk inc flu prop ed visits,3,2026-10-31,46,quantile,0.8,0.006757215202882839
2026-10-10,wk inc flu prop ed visits,3,2026-10-31,46,quantile,0.85,0.007676783193349532
2026-10-10,wk inc flu prop ed visits,3,2026-10-31,46,quantile,0.9,0.009213241256867196
2026-10-10,wk inc flu prop ed visits,3,2026-10-31,46,quantile,0.95,0.013127955675651889
2026-10-10,wk inc flu prop ed visits,3,2026-10-31,46,quantile,0.975,0.017467797367422176
2026-10-10,wk inc flu prop ed visits,3,2026-10-31,46,quantile,0.99,0.02309587030796937
2026-10-10,wk inc flu prop ed visits,0,2026-10-10,47,quantile,0.01,0.0021030059014644983
2026-10-10,wk inc flu prop ed visits,0,2026-10-10,47,quantile,0.025,0.002613971614211908
2026-10-10,wk inc flu prop ed visits,0,2026-10-10,47,quantile,0.05,0.002987125345336177
2026-10-10,wk inc flu prop ed visits,0,2026-10-10,47,quantile,0.1,0.0034990188246284953
2026-10-10,wk inc flu prop ed visits,0,2026-10-10,47,quantile,0.15,0.0038039826126486835
2026-10-10,wk inc flu prop ed visits,0,2026-10-10,47,quantile,0.2,0.004051968439354792
2026-10-10,wk inc flu prop ed visits,0,2026-10-10,47,quantile,0.25,0.004235278375815443
2026-10-10,wk inc flu prop ed visits,0,2026-10-10,47,quantile,0.3,0.004408341909307345
2026-10-10,wk inc flu prop ed visits,0,2026-10-10,47,quantile,0.35,0.004580036271959686
2026-10-10,wk inc flu prop ed visits,0,2026-10-10,47,quantile,0.4,0.004730407699425624
2026-10-10,wk inc flu prop ed visits,0,2026-10-10,47,quantile,0.45,0.004882418675920715
2026-10-10,wk inc flu prop ed visits,0,2026-10-10,47,quantile,0.5,0.005046480028171929
2026-10-10,wk inc flu prop ed visits,0,2026-10-10,47,quantile,0.55,0.0052127948292155285
2026-10-10,wk inc flu prop ed visits,0,2026-10-10,47,quantile,0.6,0.005380244199874545
2026-10-10,wk inc flu prop ed visits,0,2026-10-10,47,quantile,0.65,0.005574439873573975
2026-10-10,wk inc flu prop ed visits,0,2026-10-10,47,quantile,0.7,0.005762880937012703
2026-10-10,wk inc flu prop ed visits,0,2026-10-10,47,quantile,0.75,0.006009194269411298
2026-10-10,wk inc flu prop ed visits,0,2026-10-10,47,quantile,0.8,0.006326505312124572
2026-10-10,wk inc flu prop ed visits,0,2026-10-10,47,quantile,0.85,0.006679738131172636
2026-10-10,wk inc flu prop ed visits,0,2026-10-10,47,quantile,0.9,0.007172363057974935
2026-10-10,wk inc flu prop ed visits,0,2026-10-10,47,quantile,0.95,0.008130452379095637
2026-10-10,wk inc flu prop ed visits,0,2026-10-10,47,quantile,0.975,0.009011521047635033
2026-10-10,wk inc flu prop ed visits,0,2026-10-10,47,quantile,0.99,0.009813333129985283
2026-10-10,wk inc flu prop ed visits,1,2026-10-17,47,quantile,0.01,0.0023473292582963127
2026-10-10,wk inc flu prop ed visits,1,2026-10-17,47,quantile,0.025,0.002722074723592335
2026-10-10,wk inc flu prop ed visits,1,2026-10-17,47,quantile,0.05,0.003115939432754245
2026-10-10,wk inc flu prop ed visits,1,2026-10-17,47,quantile,0.1,0.0036907921530460993
2026-10-10,wk inc flu prop ed visits,1,2026-10-17,47,quantile,0.15,0.004059450623495126
2026-10-10,wk inc flu prop ed visits,1,2026-10-17,47,quantile,0.2,0.004405506378104922
2026-10-10,wk inc flu prop ed visits,1,2026-10-17,47,quantile,0.25,0.0047143482226615595
2026-10-10,wk inc flu prop ed visits,1,2026-10-17,47,quantile,0.3,0.004965076731765803
2026-10-10,wk inc flu prop ed visits,1,2026-10-17,47,quantile,0.35,0.005218408474380612
2026-10-10,wk inc flu prop ed visits,1,2026-10-17,47,quantile,0.4,0.00547060217588926
2026-10-10,wk inc flu prop ed visits,1,2026-10-17,47,quantile,0.45,0.005740353254097808
2026-10-10,wk inc flu prop ed visits,1,2026-10-17,47,quantile,0.5,0.005972405830198469
2026-10-10,wk inc flu prop ed visits,1,2026-10-17,47,quantile,0.55,0.006220271464094243
2026-10-10,wk inc flu prop ed visits,1,2026-10-17,47,quantile,0.6,0.006519857107338944
2026-10-10,wk inc flu prop ed visits,1,2026-10-17,47,quantile,0.65,0.0068094751222101645
2026-10-10,wk inc flu prop ed visits,1,2026-10-17,47,quantile,0.7,0.007199085373600364
2026-10-10,wk inc flu prop ed visits,1,2026-10-17,47,quantile,0.75,0.007565245488216933
2026-10-10,wk inc flu prop ed visits,1,2026-10-17,47,quantile,0.8,0.008173063316592786
2026-10-10,wk inc flu prop ed visits,1,2026-10-17,47,quantile,0.85,0.008952763674205007
2026-10-10,wk inc flu prop ed visits,1,2026-10-17,47,quantile,0.9,0.010314890314501543
2026-10-10,wk inc flu prop ed visits,1,2026-10-17,47,quantile,0.95,0.01316174145257433
2026-10-10,wk inc flu prop ed visits,1,2026-10-17,47,quantile,0.975,0.015391216589549696
2026-10-10,wk inc flu prop ed visits,1,2026-10-17,47,quantile,0.99,0.018448826990568955
2026-10-10,wk inc flu prop ed visits,2,2026-10-24,47,quantile,0.01,0.002253538981694703
2026-10-10,wk inc flu prop ed visits,2,2026-10-24,47,quantile,0.025,0.002767082321057547
2026-10-10,wk inc flu prop ed visits,2,2026-10-24,47,quantile,0.05,0.0033301285858386136
2026-10-10,wk inc flu prop ed visits,2,2026-10-24,47,quantile,0.1,0.004040053549299428
2026-10-10,wk inc flu prop ed visits,2,2026-10-24,47,quantile,0.15,0.004517049502212293
2026-10-10,wk inc flu prop ed visits,2,2026-10-24,47,quantile,0.2,0.004957447830431643
2026-10-10,wk inc flu prop ed visits,2,2026-10-24,47,quantile,0.25,0.005358113228980768
2026-10-10,wk inc flu prop ed visits,2,2026-10-24,47,quantile,0.3,0.005728655531517731
2026-10-10,wk inc flu prop ed visits,2,2026-10-24,47,quantile,0.35,0.006109992817353464
2026-10-10,wk inc flu prop ed visits,2,2026-10-24,47,quantile,0.4,0.00647732503605272
2026-10-10,wk inc flu prop ed visits,2,2026-10-24,47,quantile,0.45,0.006906224089302761
2026-10-10,wk inc flu prop ed visits,2,2026-10-24,47,quantile,0.5,0.007312678123590638
2026-10-10,wk inc flu prop ed visits,2,2026-10-24,47,quantile,0.55,0.007802310516967865
2026-10-10,wk inc flu prop ed visits,2,2026-10-24,47,quantile,0.6,0.008410140144910126
2026-10-10,wk inc flu prop ed visits,2,2026-10-24,47,quantile,0.65,0.008926745214257535
2026-10-10,wk inc flu prop ed visits,2,2026-10-24,47,quantile,0.7,0.009563094891572674
2026-10-10,wk inc flu prop ed visits,2,2026-10-24,47,quantile,0.75,0.010250373626250392
2026-10-10,wk inc flu prop ed visits,2,2026-10-24,47,quantile,0.8,0.011206058078144888
2026-10-10,wk inc flu prop ed visits,2,2026-10-24,47,quantile,0.85,0.012645263172133502
2026-10-10,wk inc flu prop ed visits,2,2026-10-24,47,quantile,0.9,0.015137822001792627
2026-10-10,wk inc flu prop ed visits,2,2026-10-24,47,quantile,0.95,0.020338526620419926
2026-10-10,wk inc flu prop ed visits,2,2026-10-24,47,quantile,0.975,0.02873664495362393
2026-10-10,wk inc flu prop ed visits,2,2026-10-24,47,quantile,0.99,0.03114987670258866
2026-10-10,wk inc flu prop ed visits,3,2026-10-31,47,quantile,0.01,0.002281921645399054
2026-10-10,wk inc flu prop ed visits,3,2026-10-31,47,quantile,0.025,0.0029934286237569907
2026-10-10,wk inc flu prop ed visits,3,2026-10-31,47,quantile,0.05,0.0037779375960433955
2026-10-10,wk inc flu prop ed visits,3,2026-10-31,47,quantile,0.1,0.004553391255838864
2026-10-10,wk inc flu prop ed visits,3,2026-10-31,47,quantile,0.15,0.005233305816923307
2026-10-10,wk inc flu prop ed visits,3,2026-10-31,47,quantile,0.2,0.005892773335623731
2026-10-10,wk inc flu prop ed visits,3,2026-10-31,47,quantile,0.25,0.006401245897076087
2026-10-10,wk inc flu prop ed visits,3,2026-10-31,47,quantile,0.3,0.006871720215124798
2026-10-10,wk inc flu prop ed visits,3,2026-10-31,47,quantile,0.35,0.007415289182972696
2026-10-10,wk inc flu prop ed visits,3,2026-10-31,47,quantile,0.4,0.007978137375154098
2026-10-10,wk inc flu prop ed visits,3,2026-10-31,47,quantile,0.45,0.008515612810824654
2026-10-10,wk inc flu prop ed visits,3,2026-10-31,47,quantile,0.5,0.009201876453630537
2026-10-10,wk inc flu prop ed visits,3,2026-10-31,47,quantile,0.55,0.00994847582678143
2026-10-10,wk inc flu prop ed visits,3,2026-10-31,47,quantile,0.6,0.010864238908144537
2026-10-10,wk inc flu prop ed visits,3,2026-10-31,47,quantile,0.65,0.011864945105350782
2026-10-10,wk inc flu prop ed visits,3,2026-10-31,47,quantile,0.7,0.012901412251430981
2026-10-10,wk inc flu prop ed visits,3,2026-10-31,47,quantile,0.75,0.014281924186230512
2026-10-10,wk inc flu prop ed visits,3,2026-10-31,47,quantile,0.8,0.01624540679384616
2026-10-10,wk inc flu prop ed visits,3,2026-10-31,47,quantile,0.85,0.018871535464003355
2026-10-10,wk inc flu prop ed visits,3,2026-10-31,47,quantile,0.9,0.022345061091933006
2026-10-10,wk inc flu prop ed visits,3,2026-10-31,47,quantile,0.95,0.0328153933480475
2026-10-10,wk inc flu prop ed visits,3,2026-10-31,47,quantile,0.975,0.04615781983441078
2026-10-10,wk inc flu prop ed visits,3,2026-10-31,47,quantile,0.99,0.054318335964331145
2026-10-10,wk inc flu prop ed visits,0,2026-10-10,48,quantile,0.01,0.00454916856695914
2026-10-10,wk inc flu prop ed visits,0,2026-10-10,48,quantile,0.025,0.005222435906411877
2026-10-10,wk inc flu prop ed visits,0,2026-10-10,48,quantile,0.05,0.005965175662370613
2026-10-10,wk inc flu prop ed visits,0,2026-10-10,48,quantile,0.1,0.006953363119324495
2026-10-10,wk inc flu prop ed visits,0,2026-10-10,48,quantile,0.15,0.0074867522943799026
2026-10-10,wk inc flu prop ed visits,0,2026-10-10,48,quantile,0.2,0.007913505242913371
2026-10-10,wk inc flu prop ed visits,0,2026-10-10,48,quantile,0.25,0.008294913439684654
2026-10-10,wk inc flu prop ed visits,0,2026-10-10,48,quantile,0.3,0.008633162229905861
2026-10-10,wk inc flu prop ed visits,0,2026-10-10,48,quantile,0.35,0.008994260245037761
2026-10-10,wk inc flu prop ed visits,0,2026-10-10,48,quantile,0.4,0.00929547921266034
2026-10-10,wk inc flu prop ed visits,0,2026-10-10,48,quantile,0.45,0.009624535841277924
2026-10-10,wk inc flu prop ed visits,0,2026-10-10,48,quantile,0.5,0.00997028973390035
2026-10-10,wk inc flu prop ed visits,0,2026-10-10,48,quantile,0.55,0.010282774281789971
2026-10-10,wk inc flu prop ed visits,0,2026-10-10,48,quantile,0.6,0.01065836308114438
2026-10-10,wk inc flu prop ed visits,0,2026-10-10,48,quantile,0.65,0.011012744451760762
2026-10-10,wk inc flu prop ed visits,0,2026-10-10,48,quantile,0.7,0.011418632079810073
2026-10-10,wk inc flu prop ed visits,0,2026-10-10,48,quantile,0.75,0.011919589393583048
2026-10-10,wk inc flu prop ed visits,0,2026-10-10,48,quantile,0.8,0.012416354477311358
2026-10-10,wk inc flu prop ed visits,0,2026-10-10,48,quantile,0.85,0.01321568993921354
2026-10-10,wk inc flu prop ed visits,0,2026-10-10,48,quantile,0.9,0.014428980995931626
2026-10-10,wk inc flu prop ed visits,0,2026-10-10,48,quantile,0.95,0.016217759459770883
2026-10-10,wk inc flu prop ed visits,0,2026-10-10,48,quantile,0.975,0.017887758965807077
2026-10-10,wk inc flu prop ed visits,0,2026-10-10,48,quantile,0.99,0.020909369614466957
2026-10-10,wk inc flu prop ed visits,1,2026-10-17,48,quantile,0.01,0.0042325352075233795
2026-10-10,wk inc flu prop ed visits,1,2026-10-17,48,quantile,0.025,0.005018096839418
2026-10-10,wk inc flu prop ed visits,1,2026-10-17,48,quantile,0.05,0.005859655030493951
2026-10-10,wk inc flu prop ed visits,1,2026-10-17,48,quantile,0.1,0.007077679058886203
2026-10-10,wk inc flu prop ed visits,1,2026-10-17,48,quantile,0.15,0.007822764284958978
2026-10-10,wk inc flu prop ed visits,1,2026-10-17,48,quantile,0.2,0.008538309250101336
2026-10-10,wk inc flu prop ed visits,1,2026-10-17,48,quantile,0.25,0.009147928871726746
2026-10-10,wk inc flu prop ed visits,1,2026-10-17,48,quantile,0.3,0.009703592677544729
2026-10-10,wk inc flu prop ed visits,1,2026-10-17,48,quantile,0.35,0.010199632028333874
2026-10-10,wk inc flu prop ed visits,1,2026-10-17,48,quantile,0.4,0.010649596264954
2026-10-10,wk inc flu prop ed visits,1,2026-10-17,48,quantile,0.45,0.01118860367779146
2026-10-10,wk inc flu prop ed visits,1,2026-10-17,48,quantile,0.5,0.01181515294226488
2026-10-10,wk inc flu prop ed visits,1,2026-10-17,48,quantile,0.55,0.012296435446221058
2026-10-10,wk inc flu prop ed visits,1,2026-10-17,48,quantile,0.6,0.012891236554055096
2026-10-10,wk inc flu prop ed visits,1,2026-10-17,48,quantile,0.65,0.01364281282875707
2026-10-10,wk inc flu prop ed visits,1,2026-10-17,48,quantile,0.7,0.014469415699515854
2026-10-10,wk inc flu prop ed visits,1,2026-10-17,48,quantile,0.75,0.015443773012234754
2026-10-10,wk inc flu prop ed visits,1,2026-10-17,48,quantile,0.8,0.01675967568175264
2026-10-10,wk inc flu prop ed visits,1,2026-10-17,48,quantile,0.85,0.018406648657370253
2026-10-10,wk inc flu prop ed visits,1,2026-10-17,48,quantile,0.9,0.021488967412623683
2026-10-10,wk inc flu prop ed visits,1,2026-10-17,48,quantile,0.95,0.026372441277784826
2026-10-10,wk inc flu prop ed visits,1,2026-10-17,48,quantile,0.975,0.03145353472418423
2026-10-10,wk inc flu prop ed visits,1,2026-10-17,48,quantile,0.99,0.036567678601400595
2026-10-10,wk inc flu prop ed visits,2,2026-10-24,48,quantile,0.01,0.00450143351006763
2026-10-10,wk inc flu prop ed visits,2,2026-10-24,48,quantile,0.025,0.00533068746743303
2026-10-10,wk inc flu prop ed visits,2,2026-10-24,48,quantile,0.05,0.006323452064860168
2026-10-10,wk inc flu prop ed visits,2,2026-10-24,48,quantile,0.1,0.007671485317892088
2026-10-10,wk inc flu prop ed visits,2,2026-10-24,48,quantile,0.15,0.00881208476257546
2026-10-10,wk inc flu prop ed visits,2,2026-10-24,48,quantile,0.2,0.009684300413407822
2026-10-10,wk inc flu prop ed visits,2,2026-10-24,48,quantile,0.25,0.010536450219076399
2026-10-10,wk inc flu prop ed visits,2,2026-10-24,48,quantile,0.3,0.011309707457708942
2026-10-10,wk inc flu prop ed visits,2,2026-10-24,48,quantile,0.35,0.01202918470353077
2026-10-10,wk inc flu prop ed visits,2,2026-10-24,48,quantile,0.4,0.012779210763716216
2026-10-10,wk inc flu prop ed visits,2,2026-10-24,48,quantile,0.45,0.0137261639243862
2026-10-10,wk inc flu prop ed visits,2,2026-10-24,48,quantile,0.5,0.01460090598672609
2026-10-10,wk inc flu prop ed visits,2,2026-10-24,48,quantile,0.55,0.015619986411610463
2026-10-10,wk inc flu prop ed visits,2,2026-10-24,48,quantile,0.6,0.01675858934248507
2026-10-10,wk inc flu prop ed visits,2,2026-10-24,48,quantile,0.65,0.017849501040720337
2026-10-10,wk inc flu prop ed visits,2,2026-10-24,48,quantile,0.7,0.019534063666975424
2026-10-10,wk inc flu prop ed visits,2,2026-10-24,48,quantile,0.75,0.021371886373107392
2026-10-10,wk inc flu prop ed visits,2,2026-10-24,48,quantile,0.8,0.023977733417597825
2026-10-10,wk inc flu prop ed visits,2,2026-10-24,48,quantile,0.85,0.02729483508710212
2026-10-10,wk inc flu prop ed visits,2,2026-10-24,48,quantile,0.9,0.03166070447065039
2026-10-10,wk inc flu prop ed visits,2,2026-10-24,48,quantile,0.95,0.03928390453042665
2026-10-10,wk inc flu prop ed visits,2,2026-10-24,48,quantile,0.975,0.050216598554064976
2026-10-10,wk inc flu prop ed visits,2,2026-10-24,48,quantile,0.99,0.061920901631677724
2026-10-10,wk inc flu prop ed visits,3,2026-10-31,48,quantile,0.01,0.004870907328708004
2026-10-10,wk inc flu prop ed visits,3,2026-10-31,48,quantile,0.025,0.006004434068884556
2026-10-10,wk inc flu prop ed visits,3,2026-10-31,48,quantile,0.05,0.007305802072513595
2026-10-10,wk inc flu prop ed visits,3,2026-10-31,48,quantile,0.1,0.008717457725590988
2026-10-10,wk inc flu prop ed visits,3,2026-10-31,48,quantile,0.15,0.010040784237825878
2026-10-10,wk inc flu prop ed visits,3,2026-10-31,48,quantile,0.2,0.011223650862170826
2026-10-10,wk inc flu prop ed visits,3,2026-10-31,48,quantile,0.25,0.01247486072102541
2026-10-10,wk inc flu prop ed visits,3,2026-10-31,48,quantile,0.3,0.013592541228737326
2026-10-10,wk inc flu prop ed visits,3,2026-10-31,48,quantile,0.35,0.014573210110970267
2026-10-10,wk inc flu prop ed visits,3,2026-10-31,48,quantile,0.4,0.015749168789005587
2026-10-10,wk inc flu prop ed visits,3,2026-10-31,48,quantile,0.45,0.017151742952626
2026-10-10,wk inc flu prop ed visits,3,2026-10-31,48,quantile,0.5,0.018527159074418202
2026-10-10,wk inc flu prop ed visits,3,2026-10-31,48,quantile,0.55,0.020422560025338807
2026-10-10,wk inc flu prop ed visits,3,2026-10-31,48,quantile,0.6,0.02243518774079402
2026-10-10,wk inc flu prop ed visits,3,2026-10-31,48,quantile,0.65,0.024684361627800695
2026-10-10,wk inc flu prop ed visits,3,2026-10-31,48,quantile,0.7,0.027256763384504896
2026-10-10,wk inc flu prop ed visits,3,2026-10-31,48,quantile,0.75,0.030304194812635046
2026-10-10,wk inc flu prop ed visits,3,2026-10-31,48,quantile,0.8,0.03366517101900859
2026-10-10,wk inc flu prop ed visits,3,2026-10-31,48,quantile,0.85,0.03915359203661714
2026-10-10,wk inc flu prop ed visits,3,2026-10-31,48,quantile,0.9,0.046832803301940666
2026-10-10,wk inc flu prop ed visits,3,2026-10-31,48,quantile,0.95,0.05942900715607109
2026-10-10,wk inc flu prop ed visits,3,2026-10-31,48,quantile,0.975,0.07606106245654196
2026-10-10,wk inc flu prop ed visits,3,2026-10-31,48,quantile,0.99,0.1086341337672743
2026-10-10,wk inc flu prop ed visits,0,2026-10-10,49,quantile,0.01,0.0018762987492409353
2026-10-10,wk inc flu prop ed visits,0,2026-10-10,49,quantile,0.025,0.002330410652893135
2026-10-10,wk inc flu prop ed visits,0,2026-10-10,49,quantile,0.05,0.002718799756050238
2026-10-10,wk inc flu prop ed visits,0,2026-10-10,49,quantile,0.1,0.003257331275025966
2026-10-10,wk inc flu prop ed visits,0,2026-10-10,49,quantile,0.15,0.0036413862466187696
2026-10-10,wk inc flu prop ed visits,0,2026-10-10,49,quantile,0.2,0.0039184143388148246
2026-10-10,wk inc flu prop ed visits,0,2026-10-10,49,quantile,0.25,0.004131504832483646
2026-10-10,wk inc flu prop ed visits,0,2026-10-10,49,quantile,0.3,0.004325902850415005
2026-10-10,wk inc flu prop ed visits,0,2026-10-10,49,quantile,0.35,0.004503422919810188
2026-10-10,wk inc flu prop ed visits,0,2026-10-10,49,quantile,0.4,0.004699141089107784
2026-10-10,wk inc flu prop ed visits,0,2026-10-10,49,quantile,0.45,0.004895319620774257
2026-10-10,wk inc flu prop ed visits,0,2026-10-10,49,quantile,0.5,0.005128279693691687
2026-10-10,wk inc flu prop ed visits,0,2026-10-10,49,quantile,0.55,0.0053122900520882884
2026-10-10,wk inc flu prop ed visits,0,2026-10-10,49,quantile,0.6,0.005509040553608189
2026-10-10,wk inc flu prop ed visits,0,2026-10-10,49,quantile,0.65,0.005730380037695605
2026-10-10,wk inc flu prop ed visits,0,2026-10-10,49,quantile,0.7,0.005944739313415418
2026-10-10,wk inc flu prop ed visits,0,2026-10-10,49,quantile,0.75,0.006244945463271473
2026-10-10,wk inc flu prop ed visits,0,2026-10-10,49,quantile,0.8,0.006598450624598515
2026-10-10,wk inc flu prop ed visits,0,2026-10-10,49,quantile,0.85,0.007052471084881672
2026-10-10,wk inc flu prop ed visits,0,2026-10-10,49,quantile,0.9,0.007668995552869405
2026-10-10,wk inc flu prop ed visits,0,2026-10-10,49,quantile,0.95,0.008817931116658344
2026-10-10,wk inc flu prop ed visits,0,2026-10-10,49,quantile,0.975,0.009808164781813476
2026-10-10,wk inc flu prop ed visits,0,2026-10-10,49,quantile,0.99,0.011356813177037729
2026-10-10,wk inc flu prop ed visits,1,2026-10-17,49,quantile,0.01,0.0018927059747171114
2026-10-10,wk inc flu prop ed visits,1,2026-10-17,49,quantile,0.025,0.0022339548654825812
2026-10-10,wk inc flu prop ed visits,1,2026-10-17,49,quantile,0.05,0.002793377001426658
2026-10-10,wk inc flu prop ed visits,1,2026-10-17,49,quantile,0.1,0.003376147135052472
2026-10-10,wk inc flu prop ed visits,1,2026-10-17,49,quantile,0.15,0.003885453738598516
2026-10-10,wk inc flu prop ed visits,1,2026-10-17,49,quantile,0.2,0.004262469515628009
2026-10-10,wk inc flu prop ed visits,1,2026-10-17,49,quantile,0.25,0.004589087362234748
2026-10-10,wk inc flu prop ed visits,1,2026-10-17,49,quantile,0.3,0.0048935360000554595
2026-10-10,wk inc flu prop ed visits,1,2026-10-17,49,quantile,0.35,0.005152432560896302
2026-10-10,wk inc flu prop ed visits,1,2026-10-17,49,quantile,0.4,0.005437334158102551
2026-10-10,wk inc flu prop ed visits,1,2026-10-17,49,quantile,0.45,0.0057883146928732815
2026-10-10,wk inc flu prop ed visits,1,2026-10-17,49,quantile,0.5,0.006127452664781905
2026-10-10,wk inc flu prop ed visits,1,2026-10-17,49,quantile,0.55,0.006442907601861439
2026-10-10,wk inc flu prop ed visits,1,2026-10-17,49,quantile,0.6,0.006784969058219575
2026-10-10,wk inc flu prop ed visits,1,2026-10-17,49,quantile,0.65,0.007201069632840876
2026-10-10,wk inc flu prop ed visits,1,2026-10-17,49,quantile,0.7,0.007771669031730122
2026-10-10,wk inc flu prop ed visits,1,2026-10-17,49,quantile,0.75,0.008293297527864396
2026-10-10,wk inc flu prop ed visits,1,2026-10-17,49,quantile,0.8,0.009092585223935783
2026-10-10,wk inc flu prop ed visits,1,2026-10-17,49,quantile,0.85,0.010200853932411623
2026-10-10,wk inc flu prop ed visits,1,2026-10-17,49,quantile,0.9,0.011272849327650703
2026-10-10,wk inc flu prop ed visits,1,2026-10-17,49,quantile,0.95,0.01380416320083893
2026-10-10,wk inc flu prop ed visits,1,2026-10-17,49,quantile,0.975,0.016684140420245783
2026-10-10,wk inc flu prop ed visits,1,2026-10-17,49,quantile,0.99,0.018848982522085108
2026-10-10,wk inc flu prop ed visits,2,2026-10-24,49,quantile,0.01,0.0017642629471809406
2026-10-10,wk inc flu prop ed visits,2,2026-10-24,49,quantile,0.025,0.0023304196879396694
2026-10-10,wk inc flu prop ed visits,2,2026-10-24,49,quantile,0.05,0.0028277341137018775
2026-10-10,wk inc flu prop ed visits,2,2026-10-24,49,quantile,0.1,0.003565360830116686
2026-10-10,wk inc flu prop ed visits,2,2026-10-24,49,quantile,0.15,0.004119098481380407
2026-10-10,wk inc flu prop ed visits,2,2026-10-24,49,quantile,0.2,0.004701240894832346
2026-10-10,wk inc flu prop ed visits,2,2026-10-24,49,quantile,0.25,0.005175770413127645
2026-10-10,wk inc flu prop ed visits,2,2026-10-24,49,quantile,0.3,0.005638885767611488
2026-10-10,wk inc flu prop ed visits,2,2026-10-24,49,quantile,0.35,0.006066348953772197
2026-10-10,wk inc flu prop ed visits,2,2026-10-24,49,quantile,0.4,0.0064856519257356195
2026-10-10,wk inc flu prop ed visits,2,2026-10-24,49,quantile,0.45,0.00695149373644725
2026-10-10,wk inc flu prop ed visits,2,2026-10-24,49,quantile,0.5,0.007462167656984225
2026-10-10,wk inc flu prop ed visits,2,2026-10-24,49,quantile,0.55,0.007940983705290578
2026-10-10,wk inc flu prop ed visits,2,2026-10-24,49,quantile,0.6,0.008638676278444928
2026-10-10,wk inc flu prop ed visits,2,2026-10-24,49,quantile,0.65,0.009336704320171542
2026-10-10,wk inc flu prop ed visits,2,2026-10-24,49,quantile,0.7,0.010125563282979288
2026-10-10,wk inc flu prop ed visits,2,2026-10-24,49,quantile,0.75,0.011276947543244407
2026-10-10,wk inc flu prop ed visits,2,2026-10-24,49,quantile,0.8,0.012604791291057748
2026-10-10,wk inc flu prop ed visits,2,2026-10-24,49,quantile,0.85,0.014148002331173195
2026-10-10,wk inc flu prop ed visits,2,2026-10-24,49,quantile,0.9,0.01703965199456511
2026-10-10,wk inc flu prop ed visits,2,2026-10-24,49,quantile,0.95,0.021329029183810487
2026-10-10,wk inc flu prop ed visits,2,2026-10-24,49,quantile,0.975,0.02817278234757162
2026-10-10,wk inc flu prop ed visits,2,2026-10-24,49,quantile,0.99,0.031786198168651754
2026-10-10,wk inc flu prop ed visits,3,2026-10-31,49,quantile,0.01,0.001708136888474732
2026-10-10,wk inc flu prop ed visits,3,2026-10-31,49,quantile,0.025,0.002409963309499878
2026-10-10,wk inc flu prop ed visits,3,2026-10-31,49,quantile,0.05,0.0030378603577935243
2026-10-10,wk inc flu prop ed visits,3,2026-10-31,49,quantile,0.1,0.004004334975034645
2026-10-10,wk inc flu prop ed visits,3,2026-10-31,49,quantile,0.15,0.004762803351475192
2026-10-10,wk inc flu prop ed visits,3,2026-10-31,49,quantile,0.2,0.005438479459974279
2026-10-10,wk inc flu prop ed visits,3,2026-10-31,49,quantile,0.25,0.006140994488871244
2026-10-10,wk inc flu prop ed visits,3,2026-10-31,49,quantile,0.3,0.006855188583794265
2026-10-10,wk inc flu prop ed visits,3,2026-10-31,49,quantile,0.35,0.00741831326043024
2026-10-10,wk inc flu prop ed visits,3,2026-10-31,49,quantile,0.4,0.00802012885497551
2026-10-10,wk inc flu prop ed visits,3,2026-10-31,49,quantile,0.45,0.008724134409444992
2026-10-10,wk inc flu prop ed visits,3,2026-10-31,49,quantile,0.5,0.009494435363791236
2026-10-10,wk inc flu prop ed visits,3,2026-10-31,49,quantile,0.55,0.010453465280689588
2026-10-10,wk inc flu prop ed visits,3,2026-10-31,49,quantile,0.6,0.011459691014932112
2026-10-10,wk inc flu prop ed visits,3,2026-10-31,49,quantile,0.65,0.012696998097045754
2026-10-10,wk inc flu prop ed visits,3,2026-10-31,49,quantile,0.7,0.013860722334872434
2026-10-10,wk inc flu prop ed visits,3,2026-10-31,49,quantile,0.75,0.015584751859098838
2026-10-10,wk inc flu prop ed visits,3,2026-10-31,49,quantile,0.8,0.01784840790393854
2026-10-10,wk inc flu prop ed visits,3,2026-10-31,49,quantile,0.85,0.021110821189731926
2026-10-10,wk inc flu prop ed visits,3,2026-10-31,49,quantile,0.9,0.024605077360893353
2026-10-10,wk inc flu prop ed visits,3,2026-10-31,49,quantile,0.95,0.03400490891131654
2026-10-10,wk inc flu prop ed visits,3,2026-10-31,49,quantile,0.975,0.04830277928214383
2026-10-10,wk inc flu prop ed visits,3,2026-10-31,49,quantile,0.99,0.05547339300097383
2026-10-10,wk inc flu prop ed visits,0,2026-10-10,50,quantile,0.01,3.449120337728638e-4
2026-10-10,wk inc flu prop ed visits,0,2026-10-10,50,quantile,0.025,4.471044872733903e-4
2026-10-10,wk inc flu prop ed visits,0,2026-10-10,50,quantile,0.05,5.658852608882912e-4
2026-10-10,wk inc flu prop ed visits,0,2026-10-10,50,quantile,0.1,7.133776136995301e-4
2026-10-10,wk inc flu prop ed visits,0,2026-10-10,50,quantile,0.15,8.304268945515267e-4
2026-10-10,wk inc flu prop ed visits,0,2026-10-10,50,quantile,0.2,9.493393663794536e-4
2026-10-10,wk inc flu prop ed visits,0,2026-10-10,50,quantile,0.25,0.0010476470792744378
2026-10-10,wk inc flu prop ed visits,0,2026-10-10,50,quantile,0.3,0.00116024785420942
2026-10-10,wk inc flu prop ed visits,0,2026-10-10,50,quantile,0.35,0.0012797657262620834
2026-10-10,wk inc flu prop ed visits,0,2026-10-10,50,quantile,0.4,0.0014024117157561103
2026-10-10,wk inc flu prop ed visits,0,2026-10-10,50,quantile,0.45,0.0015250347064995262
2026-10-10,wk inc flu prop ed visits,0,2026-10-10,50,quantile,0.5,0.0016599517726855213
2026-10-10,wk inc flu prop ed visits,0,2026-10-10,50,quantile,0.55,0.0018001462409312752
2026-10-10,wk inc flu prop ed visits,0,2026-10-10,50,quantile,0.6,0.0019308412916025574
2026-10-10,wk inc flu prop ed visits,0,2026-10-10,50,quantile,0.65,0.002092860369329149
2026-10-10,wk inc flu prop ed visits,0,2026-10-10,50,quantile,0.7,0.0022763811373628443
2026-10-10,wk inc flu prop ed visits,0,2026-10-10,50,quantile,0.75,0.002538382362211005
2026-10-10,wk inc flu prop ed visits,0,2026-10-10,50,quantile,0.8,0.0027823082677747467
2026-10-10,wk inc flu prop ed visits,0,2026-10-10,50,quantile,0.85,0.0031294728054133514
2026-10-10,wk inc flu prop ed visits,0,2026-10-10,50,quantile,0.9,0.003540633528214483
2026-10-10,wk inc flu prop ed visits,0,2026-10-10,50,quantile,0.95,0.003725628938336926
2026-10-10,wk inc flu prop ed visits,0,2026-10-10,50,quantile,0.975,0.0038976433136304798
2026-10-10,wk inc flu prop ed visits,0,2026-10-10,50,quantile,0.99,0.004166328267204228
2026-10-10,wk inc flu prop ed visits,1,2026-10-17,50,quantile,0.01,3.181415170207939e-4
2026-10-10,wk inc flu prop ed visits,1,2026-10-17,50,quantile,0.025,4.267053146738746e-4
2026-10-10,wk inc flu prop ed visits,1,2026-10-17,50,quantile,0.05,5.235524122124565e-4
2026-10-10,wk inc flu prop ed visits,1,2026-10-17,50,quantile,0.1,6.654903969716583e-4
2026-10-10,wk inc flu prop ed visits,1,2026-10-17,50,quantile,0.15,7.988757525403621e-4
2026-10-10,wk inc flu prop ed visits,1,2026-10-17,50,quantile,0.2,9.353441569680109e-4
2026-10-10,wk inc flu prop ed visits,1,2026-10-17,50,quantile,0.25,0.0010780008901631179
2026-10-10,wk inc flu prop ed visits,1,2026-10-17,50,quantile,0.3,0.0012097862218497393
2026-10-10,wk inc flu prop ed visits,1,2026-10-17,50,quantile,0.35,0.0013248315701265812
2026-10-10,wk inc flu prop ed visits,1,2026-10-17,50,quantile,0.4,0.0014757607490518603
2026-10-10,wk inc flu prop ed visits,1,2026-10-17,50,quantile,0.45,0.0016485360949218355
2026-10-10,wk inc flu prop ed visits,1,2026-10-17,50,quantile,0.5,0.0018424622242617461
2026-10-10,wk inc flu prop ed visits,1,2026-10-17,50,quantile,0.55,0.0020942897437010014
2026-10-10,wk inc flu prop ed visits,1,2026-10-17,50,quantile,0.6,0.0023553686028580656
2026-10-10,wk inc flu prop ed visits,1,2026-10-17,50,quantile,0.65,0.0026313777486151515
2026-10-10,wk inc flu prop ed visits,1,2026-10-17,50,quantile,0.7,0.0030311993927526503
2026-10-10,wk inc flu prop ed visits,1,2026-10-17,50,quantile,0.75,0.0034347148033619704
2026-10-10,wk inc flu prop ed visits,1,2026-10-17,50,quantile,0.8,0.004070513447765655
2026-10-10,wk inc flu prop ed visits,1,2026-10-17,50,quantile,0.85,0.004794267698128345
2026-10-10,wk inc flu prop ed visits,1,2026-10-17,50,quantile,0.9,0.005673576346690998
2026-10-10,wk inc flu prop ed visits,1,2026-10-17,50,quantile,0.95,0.005935752981659574
2026-10-10,wk inc flu prop ed visits,1,2026-10-17,50,quantile,0.975,0.00620501234034908
2026-10-10,wk inc flu prop ed visits,1,2026-10-17,50,quantile,0.99,0.0065650478951160135
2026-10-10,wk inc flu prop ed visits,2,2026-10-24,50,quantile,0.01,3.1291022711673407e-4
2026-10-10,wk inc flu prop ed visits,2,2026-10-24,50,quantile,0.025,4.000356829828136e-4
2026-10-10,wk inc flu prop ed visits,2,2026-10-24,50,quantile,0.05,5.141911251241209e-4
2026-10-10,wk inc flu prop ed visits,2,2026-10-24,50,quantile,0.1,7.010301840879073e-4
2026-10-10,wk inc flu prop ed visits,2,2026-10-24,50,quantile,0.15,8.610782722489841e-4
2026-10-10,wk inc flu prop ed visits,2,2026-10-24,50,quantile,0.2,9.95442887333408e-4
2026-10-10,wk inc flu prop ed visits,2,2026-10-24,50,quantile,0.25,0.001155842547249451
2026-10-10,wk inc flu prop ed visits,2,2026-10-24,50,quantile,0.3,0.0013220901633089553
2026-10-10,wk inc flu prop ed visits,2,2026-10-24,50,quantile,0.35,0.0015121166418145943
2026-10-10,wk inc flu prop ed visits,2,2026-10-24,50,quantile,0.4,0.0017399236283178131
2026-10-10,wk inc flu prop ed visits,2,2026-10-24,50,quantile,0.45,0.001991802390776015
2026-10-10,wk inc flu prop ed visits,2,2026-10-24,50,quantile,0.5,0.0022211196351255456
2026-10-10,wk inc flu prop ed visits,2,2026-10-24,50,quantile,0.55,0.0025028219479202047
2026-10-10,wk inc flu prop ed visits,2,2026-10-24,50,quantile,0.6,0.0028333344840320894
2026-10-10,wk inc flu prop ed visits,2,2026-10-24,50,quantile,0.65,0.003253133425276016
2026-10-10,wk inc flu prop ed visits,2,2026-10-24,50,quantile,0.7,0.0038890096865707357
2026-10-10,wk inc flu prop ed visits,2,2026-10-24,50,quantile,0.75,0.004624214835824823
2026-10-10,wk inc flu prop ed visits,2,2026-10-24,50,quantile,0.8,0.005705889843651738
2026-10-10,wk inc flu prop ed visits,2,2026-10-24,50,quantile,0.85,0.007142152860188952
2026-10-10,wk inc flu prop ed visits,2,2026-10-24,50,quantile,0.9,0.00951378545974547
2026-10-10,wk inc flu prop ed visits,2,2026-10-24,50,quantile,0.95,0.009882547672345207
2026-10-10,wk inc flu prop ed visits,2,2026-10-24,50,quantile,0.975,0.010201037231746294
2026-10-10,wk inc flu prop ed visits,2,2026-10-24,50,quantile,0.99,0.010677982335222859
2026-10-10,wk inc flu prop ed visits,3,2026-10-31,50,quantile,0.01,3.39980905899063e-4
2026-10-10,wk inc flu prop ed visits,3,2026-10-31,50,quantile,0.025,4.666375043156057e-4
2026-10-10,wk inc flu prop ed visits,3,2026-10-31,50,quantile,0.05,5.81662435399139e-4
2026-10-10,wk inc flu prop ed visits,3,2026-10-31,50,quantile,0.1,7.823040766493544e-4
2026-10-10,wk inc flu prop ed visits,3,2026-10-31,50,quantile,0.15,0.0010024610371287582
2026-10-10,wk inc flu prop ed visits,3,2026-10-31,50,quantile,0.2,0.001169506971338585
2026-10-10,wk inc flu prop ed visits,3,2026-10-31,50,quantile,0.25,0.0013644703133441167
2026-10-10,wk inc flu prop ed visits,3,2026-10-31,50,quantile,0.3,0.0015597957061473174
2026-10-10,wk inc flu prop ed visits,3,2026-10-31,50,quantile,0.35,0.00180629641866225
2026-10-10,wk inc flu prop ed visits,3,2026-10-31,50,quantile,0.4,0.0021160402441635796
2026-10-10,wk inc flu prop ed visits,3,2026-10-31,50,quantile,0.45,0.0024026780758368946
2026-10-10,wk inc flu prop ed visits,3,2026-10-31,50,quantile,0.5,0.002784949096355327
2026-10-10,wk inc flu prop ed visits,3,2026-10-31,50,quantile,0.55,0.003176292274858872
2026-10-10,wk inc flu prop ed visits,3,2026-10-31,50,quantile,0.6,0.0036541654237763664
2026-10-10,wk inc flu prop ed visits,3,2026-10-31,50,quantile,0.65,0.0043097502262408995
2026-10-10,wk inc flu prop ed visits,3,2026-10-31,50,quantile,0.7,0.005072771778573182
2026-10-10,wk inc flu prop ed visits,3,2026-10-31,50,quantile,0.75,0.0064749640375339566
2026-10-10,wk inc flu prop ed visits,3,2026-10-31,50,quantile,0.8,0.008284229116604444
2026-10-10,wk inc flu prop ed visits,3,2026-10-31,50,quantile,0.85,0.01163531670023093
2026-10-10,wk inc flu prop ed visits,3,2026-10-31,50,quantile,0.9,0.016770857678297516
2026-10-10,wk inc flu prop ed visits,3,2026-10-31,50,quantile,0.95,0.017274406285787983
2026-10-10,wk inc flu prop ed visits,3,2026-10-31,50,quantile,0.975,0.017837258552321263
2026-10-10,wk inc flu prop ed visits,3,2026-10-31,50,quantile,0.99,0.018590088671976215
2026-10-10,wk inc flu prop ed visits,0,2026-10-10,51,quantile,0.01,0.00234565801975043
2026-10-10,wk inc flu prop ed visits,0,2026-10-10,51,quantile,0.025,0.002742902765824997
2026-10-10,wk inc flu prop ed visits,0,2026-10-10,51,quantile,0.05,0.003213364281767833
2026-10-10,wk inc flu prop ed visits,0,2026-10-10,51,quantile,0.1,0.0036327178018944924
2026-10-10,wk inc flu prop ed visits,0,2026-10-10,51,quantile,0.15,0.003936601208089029
2026-10-10,wk inc flu prop ed visits,0,2026-10-10,51,quantile,0.2,0.004153390795295144
2026-10-10,wk inc flu prop ed visits,0,2026-10-10,51,quantile,0.25,0.004352487980960348
2026-10-10,wk inc flu prop ed visits,0,2026-10-10,51,quantile,0.3,0.004575691496959857
2026-10-10,wk inc flu prop ed visits,0,2026-10-10,51,quantile,0.35,0.004803076814204528
2026-10-10,wk inc flu prop ed visits,0,2026-10-10,51,quantile,0.4,0.004991575765164768
2026-10-10,wk inc flu prop ed visits,0,2026-10-10,51,quantile,0.45,0.005175741430291432
2026-10-10,wk inc flu prop ed visits,0,2026-10-10,51,quantile,0.5,0.005349705307723273
2026-10-10,wk inc flu prop ed visits,0,2026-10-10,51,quantile,0.55,0.005512108281833412
2026-10-10,wk inc flu prop ed visits,0,2026-10-10,51,quantile,0.6,0.005704286910367738
2026-10-10,wk inc flu prop ed visits,0,2026-10-10,51,quantile,0.65,0.005909755115209802
2026-10-10,wk inc flu prop ed visits,0,2026-10-10,51,quantile,0.7,0.006115461367053325
2026-10-10,wk inc flu prop ed visits,0,2026-10-10,51,quantile,0.75,0.006398165691036328
2026-10-10,wk inc flu prop ed visits,0,2026-10-10,51,quantile,0.8,0.006812941113345343
2026-10-10,wk inc flu prop ed visits,0,2026-10-10,51,quantile,0.85,0.007220088614890367
2026-10-10,wk inc flu prop ed visits,0,2026-10-10,51,quantile,0.9,0.007671828353435979
2026-10-10,wk inc flu prop ed visits,0,2026-10-10,51,quantile,0.95,0.008481044938907271
2026-10-10,wk inc flu prop ed visits,0,2026-10-10,51,quantile,0.975,0.009140539456036925
2026-10-10,wk inc flu prop ed visits,0,2026-10-10,51,quantile,0.99,0.0106353501437709
2026-10-10,wk inc flu prop ed visits,1,2026-10-17,51,quantile,0.01,0.0023872116098002413
2026-10-10,wk inc flu prop ed visits,1,2026-10-17,51,quantile,0.025,0.002922667836378303
2026-10-10,wk inc flu prop ed visits,1,2026-10-17,51,quantile,0.05,0.003434098481933117
2026-10-10,wk inc flu prop ed visits,1,2026-10-17,51,quantile,0.1,0.004091790114905868
2026-10-10,wk inc flu prop ed visits,1,2026-10-17,51,quantile,0.15,0.004509256865793508
2026-10-10,wk inc flu prop ed visits,1,2026-10-17,51,quantile,0.2,0.004845162693235723
2026-10-10,wk inc flu prop ed visits,1,2026-10-17,51,quantile,0.25,0.00519706970343607
2026-10-10,wk inc flu prop ed visits,1,2026-10-17,51,quantile,0.3,0.005493310766105794
2026-10-10,wk inc flu prop ed visits,1,2026-10-17,51,quantile,0.35,0.0057949409245458775
2026-10-10,wk inc flu prop ed visits,1,2026-10-17,51,quantile,0.4,0.00618140492973314
2026-10-10,wk inc flu prop ed visits,1,2026-10-17,51,quantile,0.45,0.006570564813540432
2026-10-10,wk inc flu prop ed visits,1,2026-10-17,51,quantile,0.5,0.00689995193462405
2026-10-10,wk inc flu prop ed visits,1,2026-10-17,51,quantile,0.55,0.007381098705372098
2026-10-10,wk inc flu prop ed visits,1,2026-10-17,51,quantile,0.6,0.007849396353771208
2026-10-10,wk inc flu prop ed visits,1,2026-10-17,51,quantile,0.65,0.008286718673282617
2026-10-10,wk inc flu prop ed visits,1,2026-10-17,51,quantile,0.7,0.00885769151100823
2026-10-10,wk inc flu prop ed visits,1,2026-10-17,51,quantile,0.75,0.009762098628419896
2026-10-10,wk inc flu prop ed visits,1,2026-10-17,51,quantile,0.8,0.01086144813976674
2026-10-10,wk inc flu prop ed visits,1,2026-10-17,51,quantile,0.85,0.011764116449930747
2026-10-10,wk inc flu prop ed visits,1,2026-10-17,51,quantile,0.9,0.012700491138951511
2026-10-10,wk inc flu prop ed visits,1,2026-10-17,51,quantile,0.95,0.014251473759878161
2026-10-10,wk inc flu prop ed visits,1,2026-10-17,51,quantile,0.975,0.016400583746437013
2026-10-10,wk inc flu prop ed visits,1,2026-10-17,51,quantile,0.99,0.01868316964798182
2026-10-10,wk inc flu prop ed visits,2,2026-10-24,51,quantile,0.01,0.002530861570515429
2026-10-10,wk inc flu prop ed visits,2,2026-10-24,51,quantile,0.025,0.0030091463784105814
2026-10-10,wk inc flu prop ed visits,2,2026-10-24,51,quantile,0.05,0.0036395348582539695
2026-10-10,wk inc flu prop ed visits,2,2026-10-24,51,quantile,0.1,0.004680988881772725
2026-10-10,wk inc flu prop ed visits,2,2026-10-24,51,quantile,0.15,0.005362543152144485
2026-10-10,wk inc flu prop ed visits,2,2026-10-24,51,quantile,0.2,0.005993607535486635
2026-10-10,wk inc flu prop ed visits,2,2026-10-24,51,quantile,0.25,0.006476160855829003
2026-10-10,wk inc flu prop ed visits,2,2026-10-24,51,quantile,0.3,0.006959093121892595
2026-10-10,wk inc flu prop ed visits,2,2026-10-24,51,quantile,0.35,0.0075562536352288615
2026-10-10,wk inc flu prop ed visits,2,2026-10-24,51,quantile,0.4,0.008160302908800729
2026-10-10,wk inc flu prop ed visits,2,2026-10-24,51,quantile,0.45,0.00882622619242137
2026-10-10,wk inc flu prop ed visits,2,2026-10-24,51,quantile,0.5,0.009717328205185847
2026-10-10,wk inc flu prop ed visits,2,2026-10-24,51,quantile,0.55,0.010799667501792799
2026-10-10,wk inc flu prop ed visits,2,2026-10-24,51,quantile,0.6,0.01198976461611127
2026-10-10,wk inc flu prop ed visits,2,2026-10-24,51,quantile,0.65,0.012962950070195961
2026-10-10,wk inc flu prop ed visits,2,2026-10-24,51,quantile,0.7,0.013716832972297375
2026-10-10,wk inc flu prop ed visits,2,2026-10-24,51,quantile,0.75,0.014613964579868468
2026-10-10,wk inc flu prop ed visits,2,2026-10-24,51,quantile,0.8,0.01578797905572504
2026-10-10,wk inc flu prop ed visits,2,2026-10-24,51,quantile,0.85,0.017736678964604513
2026-10-10,wk inc flu prop ed visits,2,2026-10-24,51,quantile,0.9,0.01993920846204654
2026-10-10,wk inc flu prop ed visits,2,2026-10-24,51,quantile,0.95,0.023738076658645545
2026-10-10,wk inc flu prop ed visits,2,2026-10-24,51,quantile,0.975,0.029893712530413043
2026-10-10,wk inc flu prop ed visits,2,2026-10-24,51,quantile,0.99,0.03144998234098956
2026-10-10,wk inc flu prop ed visits,3,2026-10-31,51,quantile,0.01,0.002761342889880042
2026-10-10,wk inc flu prop ed visits,3,2026-10-31,51,quantile,0.025,0.0036141621455965424
2026-10-10,wk inc flu prop ed visits,3,2026-10-31,51,quantile,0.05,0.004299961907137988
2026-10-10,wk inc flu prop ed visits,3,2026-10-31,51,quantile,0.1,0.005553391610939953
2026-10-10,wk inc flu prop ed visits,3,2026-10-31,51,quantile,0.15,0.006531784936959985
2026-10-10,wk inc flu prop ed visits,3,2026-10-31,51,quantile,0.2,0.007242050004397616
2026-10-10,wk inc flu prop ed visits,3,2026-10-31,51,quantile,0.25,0.008169681696261324
2026-10-10,wk inc flu prop ed visits,3,2026-10-31,51,quantile,0.3,0.009187354476401436
2026-10-10,wk inc flu prop ed visits,3,2026-10-31,51,quantile,0.35,0.010114257494317724
2026-10-10,wk inc flu prop ed visits,3,2026-10-31,51,quantile,0.4,0.01136772347412383
2026-10-10,wk inc flu prop ed visits,3,2026-10-31,51,quantile,0.45,0.01278380065386297
2026-10-10,wk inc flu prop ed visits,3,2026-10-31,51,quantile,0.5,0.01400168646467597
2026-10-10,wk inc flu prop ed visits,3,2026-10-31,51,quantile,0.55,0.015311334991898799
2026-10-10,wk inc flu prop ed visits,3,2026-10-31,51,quantile,0.6,0.01685446172628144
2026-10-10,wk inc flu prop ed visits,3,2026-10-31,51,quantile,0.65,0.018452193678165234
2026-10-10,wk inc flu prop ed visits,3,2026-10-31,51,quantile,0.7,0.020090774968817907
2026-10-10,wk inc flu prop ed visits,3,2026-10-31,51,quantile,0.75,0.02221456707788231
2026-10-10,wk inc flu prop ed visits,3,2026-10-31,51,quantile,0.8,0.023982099379530313
2026-10-10,wk inc flu prop ed visits,3,2026-10-31,51,quantile,0.85,0.02560099416426317
2026-10-10,wk inc flu prop ed visits,3,2026-10-31,51,quantile,0.9,0.02862268011737317
2026-10-10,wk inc flu prop ed visits,3,2026-10-31,51,quantile,0.95,0.03447681293225943
2026-10-10,wk inc flu prop ed visits,3,2026-10-31,51,quantile,0.975,0.04283479408392404
2026-10-10,wk inc flu prop ed visits,3,2026-10-31,51,quantile,0.99,0.055380886439425445
2026-10-10,wk inc flu prop ed visits,0,2026-10-10,53,quantile,0.01,0.006685374281407084
2026-10-10,wk inc flu prop ed visits,0,2026-10-10,53,quantile,0.025,0.007988371900494779
2026-10-10,wk inc flu prop ed visits,0,2026-10-10,53,quantile,0.05,0.009050292060506001
2026-10-10,wk inc flu prop ed visits,0,2026-10-10,53,quantile,0.1,0.010731734411940806
2026-10-10,wk inc flu prop ed visits,0,2026-10-10,53,quantile,0.15,0.011593810361939249
2026-10-10,wk inc flu prop ed visits,0,2026-10-10,53,quantile,0.2,0.01233387453639331
2026-10-10,wk inc flu prop ed visits,0,2026-10-10,53,quantile,0.25,0.012939028329361307
2026-10-10,wk inc flu prop ed visits,0,2026-10-10,53,quantile,0.3,0.013525611180756843
2026-10-10,wk inc flu prop ed visits,0,2026-10-10,53,quantile,0.35,0.014033539593980033
2026-10-10,wk inc flu prop ed visits,0,2026-10-10,53,quantile,0.4,0.014606769512578043
2026-10-10,wk inc flu prop ed visits,0,2026-10-10,53,quantile,0.45,0.015152280581778432
2026-10-10,wk inc flu prop ed visits,0,2026-10-10,53,quantile,0.5,0.015707230766912515
2026-10-10,wk inc flu prop ed visits,0,2026-10-10,53,quantile,0.55,0.016351991548882255
2026-10-10,wk inc flu prop ed visits,0,2026-10-10,53,quantile,0.6,0.016953825083781505
2026-10-10,wk inc flu prop ed visits,0,2026-10-10,53,quantile,0.65,0.017698138186654305
2026-10-10,wk inc flu prop ed visits,0,2026-10-10,53,quantile,0.7,0.01839953233910222
2026-10-10,wk inc flu prop ed visits,0,2026-10-10,53,quantile,0.75,0.01921251694699116
2026-10-10,wk inc flu prop ed visits,0,2026-10-10,53,quantile,0.8,0.020367666851147378
2026-10-10,wk inc flu prop ed visits,0,2026-10-10,53,quantile,0.85,0.02164190776514107
2026-10-10,wk inc flu prop ed visits,0,2026-10-10,53,quantile,0.9,0.023304780564433185
2026-10-10,wk inc flu prop ed visits,0,2026-10-10,53,quantile,0.95,0.0257824259544585
2026-10-10,wk inc flu prop ed visits,0,2026-10-10,53,quantile,0.975,0.02896688455937267
2026-10-10,wk inc flu prop ed visits,0,2026-10-10,53,quantile,0.99,0.0321439061016318
2026-10-10,wk inc flu prop ed visits,1,2026-10-17,53,quantile,0.01,0.0057571059853863335
2026-10-10,wk inc flu prop ed visits,1,2026-10-17,53,quantile,0.025,0.007143812143738932
2026-10-10,wk inc flu prop ed visits,1,2026-10-17,53,quantile,0.05,0.008523226099909593
2026-10-10,wk inc flu prop ed visits,1,2026-10-17,53,quantile,0.1,0.010358804012548788
2026-10-10,wk inc flu prop ed visits,1,2026-10-17,53,quantile,0.15,0.01161001712326474
2026-10-10,wk inc flu prop ed visits,1,2026-10-17,53,quantile,0.2,0.012983777117461796
2026-10-10,wk inc flu prop ed visits,1,2026-10-17,53,quantile,0.25,0.014082250041579205
2026-10-10,wk inc flu prop ed visits,1,2026-10-17,53,quantile,0.3,0.015025990431667103
2026-10-10,wk inc flu prop ed visits,1,2026-10-17,53,quantile,0.35,0.01580299641237102
2026-10-10,wk inc flu prop ed visits,1,2026-10-17,53,quantile,0.4,0.01678875265575525
2026-10-10,wk inc flu prop ed visits,1,2026-10-17,53,quantile,0.45,0.017719403770391814
2026-10-10,wk inc flu prop ed visits,1,2026-10-17,53,quantile,0.5,0.018685995790827435
2026-10-10,wk inc flu prop ed visits,1,2026-10-17,53,quantile,0.55,0.01976208204716465
2026-10-10,wk inc flu prop ed visits,1,2026-10-17,53,quantile,0.6,0.02088263069969193
2026-10-10,wk inc flu prop ed visits,1,2026-10-17,53,quantile,0.65,0.02225403313582893
2026-10-10,wk inc flu prop ed visits,1,2026-10-17,53,quantile,0.7,0.023952852965860146
2026-10-10,wk inc flu prop ed visits,1,2026-10-17,53,quantile,0.75,0.02604682082705554
2026-10-10,wk inc flu prop ed visits,1,2026-10-17,53,quantile,0.8,0.028717268969087145
2026-10-10,wk inc flu prop ed visits,1,2026-10-17,53,quantile,0.85,0.03271945412598429
2026-10-10,wk inc flu prop ed visits,1,2026-10-17,53,quantile,0.9,0.036709129891329205
2026-10-10,wk inc flu prop ed visits,1,2026-10-17,53,quantile,0.95,0.04256375676977054
2026-10-10,wk inc flu prop ed visits,1,2026-10-17,53,quantile,0.975,0.047972173060425435
2026-10-10,wk inc flu prop ed visits,1,2026-10-17,53,quantile,0.99,0.058539267988651895
2026-10-10,wk inc flu prop ed visits,2,2026-10-24,53,quantile,0.01,0.0054867393732005955
2026-10-10,wk inc flu prop ed visits,2,2026-10-24,53,quantile,0.025,0.007006197278241252
2026-10-10,wk inc flu prop ed visits,2,2026-10-24,53,quantile,0.05,0.008494261799352865
2026-10-10,wk inc flu prop ed visits,2,2026-10-24,53,quantile,0.1,0.01060436106377682
2026-10-10,wk inc flu prop ed visits,2,2026-10-24,53,quantile,0.15,0.01223937930247322
2026-10-10,wk inc flu prop ed visits,2,2026-10-24,53,quantile,0.2,0.013707230816260685
2026-10-10,wk inc flu prop ed visits,2,2026-10-24,53,quantile,0.25,0.015139091583726574
2026-10-10,wk inc flu prop ed visits,2,2026-10-24,53,quantile,0.3,0.016486123569735465
2026-10-10,wk inc flu prop ed visits,2,2026-10-24,53,quantile,0.35,0.017786517889006266
2026-10-10,wk inc flu prop ed visits,2,2026-10-24,53,quantile,0.4,0.019029689827160863
2026-10-10,wk inc flu prop ed visits,2,2026-10-24,53,quantile,0.45,0.020272807631169967
2026-10-10,wk inc flu prop ed visits,2,2026-10-24,53,quantile,0.5,0.02188951194482574
2026-10-10,wk inc flu prop ed visits,2,2026-10-24,53,quantile,0.55,0.023502108964287005
2026-10-10,wk inc flu prop ed visits,2,2026-10-24,53,quantile,0.6,0.02594252754743987
2026-10-10,wk inc flu prop ed visits,2,2026-10-24,53,quantile,0.65,0.027926938722592894
2026-10-10,wk inc flu prop ed visits,2,2026-10-24,53,quantile,0.7,0.031131773832057185
2026-10-10,wk inc flu prop ed visits,2,2026-10-24,53,quantile,0.75,0.03448088036982791
2026-10-10,wk inc flu prop ed visits,2,2026-10-24,53,quantile,0.8,0.039082413733317986
2026-10-10,wk inc flu prop ed visits,2,2026-10-24,53,quantile,0.85,0.04393944140222618
2026-10-10,wk inc flu prop ed visits,2,2026-10-24,53,quantile,0.9,0.05187026499184129
2026-10-10,wk inc flu prop ed visits,2,2026-10-24,53,quantile,0.95,0.06076791198430062
2026-10-10,wk inc flu prop ed visits,2,2026-10-24,53,quantile,0.975,0.07277483740485356
2026-10-10,wk inc flu prop ed visits,2,2026-10-24,53,quantile,0.99,0.09535550864657
2026-10-10,wk inc flu prop ed visits,3,2026-10-31,53,quantile,0.01,0.0051705476354029015
2026-10-10,wk inc flu prop ed visits,3,2026-10-31,53,quantile,0.025,0.006790362188463919
2026-10-10,wk inc flu prop ed visits,3,2026-10-31,53,quantile,0.05,0.008425993173516208
2026-10-10,wk inc flu prop ed visits,3,2026-10-31,53,quantile,0.1,0.011011857407156355
2026-10-10,wk inc flu prop ed visits,3,2026-10-31,53,quantile,0.15,0.013050126079666605
2026-10-10,wk inc flu prop ed visits,3,2026-10-31,53,quantile,0.2,0.014987635985219263
2026-10-10,wk inc flu prop ed visits,3,2026-10-31,53,quantile,0.25,0.01656416939665788
2026-10-10,wk inc flu prop ed visits,3,2026-10-31,53,quantile,0.3,0.018605505490522735
2026-10-10,wk inc flu prop ed visits,3,2026-10-31,53,quantile,0.35,0.020367508127980494
2026-10-10,wk inc flu prop ed visits,3,2026-10-31,53,quantile,0.4,0.02262581460005192
2026-10-10,wk inc flu prop ed visits,3,2026-10-31,53,quantile,0.45,0.024692187742199112
2026-10-10,wk inc flu prop ed visits,3,2026-10-31,53,quantile,0.5,0.026935457718561706
2026-10-10,wk inc flu prop ed visits,3,2026-10-31,53,quantile,0.55,0.028966157626294932
2026-10-10,wk inc flu prop ed visits,3,2026-10-31,53,quantile,0.6,0.03206284152774022
2026-10-10,wk inc flu prop ed visits,3,2026-10-31,53,quantile,0.65,0.0357000330777485
2026-10-10,wk inc flu prop ed visits,3,2026-10-31,53,quantile,0.7,0.040032478044857725
2026-10-10,wk inc flu prop ed visits,3,2026-10-31,53,quantile,0.75,0.045102179172534625
2026-10-10,wk inc flu prop ed visits,3,2026-10-31,53,quantile,0.8,0.051711900901741735
2026-10-10,wk inc flu prop ed visits,3,2026-10-31,53,quantile,0.85,0.05936366509182217
2026-10-10,wk inc flu prop ed visits,3,2026-10-31,53,quantile,0.9,0.07043716224007582
2026-10-10,wk inc flu prop ed visits,3,2026-10-31,53,quantile,0.95,0.08918154267723388
2026-10-10,wk inc flu prop ed visits,3,2026-10-31,53,quantile,0.975,0.11058618364499676
2026-10-10,wk inc flu prop ed visits,3,2026-10-31,53,quantile,0.99,0.15440858473435262
2026-10-10,wk inc flu prop ed visits,0,2026-10-10,54,quantile,0.01,6.483649839101297e-4
2026-10-10,wk inc flu prop ed visits,0,2026-10-10,54,quantile,0.025,8.023663391540728e-4
2026-10-10,wk inc flu prop ed visits,0,2026-10-10,54,quantile,0.05,9.550857969545187e-4
2026-10-10,wk inc flu prop ed visits,0,2026-10-10,54,quantile,0.1,0.001163458216467325
2026-10-10,wk inc flu prop ed visits,0,2026-10-10,54,quantile,0.15,0.0013051429314288737
2026-10-10,wk inc flu prop ed visits,0,2026-10-10,54,quantile,0.2,0.0014266924646702817
2026-10-10,wk inc flu prop ed visits,0,2026-10-10,54,quantile,0.25,0.0015401889796271282
2026-10-10,wk inc flu prop ed visits,0,2026-10-10,54,quantile,0.3,0.001649500485531208
2026-10-10,wk inc flu prop ed visits,0,2026-10-10,54,quantile,0.35,0.001746684980235053
2026-10-10,wk inc flu prop ed visits,0,2026-10-10,54,quantile,0.4,0.0018574767410392764
2026-10-10,wk inc flu prop ed visits,0,2026-10-10,54,quantile,0.45,0.0019736812287808564
2026-10-10,wk inc flu prop ed visits,0,2026-10-10,54,quantile,0.5,0.002068249741020597
2026-10-10,wk inc flu prop ed visits,0,2026-10-10,54,quantile,0.55,0.0021844313791722345
2026-10-10,wk inc flu prop ed visits,0,2026-10-10,54,quantile,0.6,0.0023069069318568747
2026-10-10,wk inc flu prop ed visits,0,2026-10-10,54,quantile,0.65,0.002446378875659715
2026-10-10,wk inc flu prop ed visits,0,2026-10-10,54,quantile,0.7,0.002583889848872412
2026-10-10,wk inc flu prop ed visits,0,2026-10-10,54,quantile,0.75,0.002747198993042089
2026-10-10,wk inc flu prop ed visits,0,2026-10-10,54,quantile,0.8,0.002937155324859351
2026-10-10,wk inc flu prop ed visits,0,2026-10-10,54,quantile,0.85,0.003206728785349629
2026-10-10,wk inc flu prop ed visits,0,2026-10-10,54,quantile,0.9,0.003569057798874592
2026-10-10,wk inc flu prop ed visits,0,2026-10-10,54,quantile,0.95,0.004264060371426643
2026-10-10,wk inc flu prop ed visits,0,2026-10-10,54,quantile,0.975,0.004752179335189391
2026-10-10,wk inc flu prop ed visits,0,2026-10-10,54,quantile,0.99,0.004969475375256492
2026-10-10,wk inc flu prop ed visits,1,2026-10-17,54,quantile,0.01,5.935909134200816e-4
2026-10-10,wk inc flu prop ed visits,1,2026-10-17,54,quantile,0.025,7.887636309194455e-4
2026-10-10,wk inc flu prop ed visits,1,2026-10-17,54,quantile,0.05,9.46070974615458e-4
2026-10-10,wk inc flu prop ed visits,1,2026-10-17,54,quantile,0.1,0.0011833842732518517
2026-10-10,wk inc flu prop ed visits,1,2026-10-17,54,quantile,0.15,0.0013672212330980787
2026-10-10,wk inc flu prop ed visits,1,2026-10-17,54,quantile,0.2,0.0015248702072922183
2026-10-10,wk inc flu prop ed visits,1,2026-10-17,54,quantile,0.25,0.001666117873444462
2026-10-10,wk inc flu prop ed visits,1,2026-10-17,54,quantile,0.3,0.0018105573610768641
2026-10-10,wk inc flu prop ed visits,1,2026-10-17,54,quantile,0.35,0.0019678510332372286
2026-10-10,wk inc flu prop ed visits,1,2026-10-17,54,quantile,0.4,0.0020984746169571606
2026-10-10,wk inc flu prop ed visits,1,2026-10-17,54,quantile,0.45,0.0022421159017539565
2026-10-10,wk inc flu prop ed visits,1,2026-10-17,54,quantile,0.5,0.0024110032024999848
2026-10-10,wk inc flu prop ed visits,1,2026-10-17,54,quantile,0.55,0.002569662222697314
2026-10-10,wk inc flu prop ed visits,1,2026-10-17,54,quantile,0.6,0.002751511690741228
2026-10-10,wk inc flu prop ed visits,1,2026-10-17,54,quantile,0.65,0.00292282622132813
2026-10-10,wk inc flu prop ed visits,1,2026-10-17,54,quantile,0.7,0.003194262673008347
2026-10-10,wk inc flu prop ed visits,1,2026-10-17,54,quantile,0.75,0.003472615923166821
2026-10-10,wk inc flu prop ed visits,1,2026-10-17,54,quantile,0.8,0.0037602788808480878
2026-10-10,wk inc flu prop ed visits,1,2026-10-17,54,quantile,0.85,0.004312458007070371
2026-10-10,wk inc flu prop ed visits,1,2026-10-17,54,quantile,0.9,0.0049149535446861795
2026-10-10,wk inc flu prop ed visits,1,2026-10-17,54,quantile,0.95,0.006196866198761657
2026-10-10,wk inc flu prop ed visits,1,2026-10-17,54,quantile,0.975,0.00754790805230594
2026-10-10,wk inc flu prop ed visits,1,2026-10-17,54,quantile,0.99,0.007879147130244497
2026-10-10,wk inc flu prop ed visits,2,2026-10-24,54,quantile,0.01,6.338622776102503e-4
2026-10-10,wk inc flu prop ed visits,2,2026-10-24,54,quantile,0.025,8.165390327248555e-4
2026-10-10,wk inc flu prop ed visits,2,2026-10-24,54,quantile,0.05,0.0010424738459263506
2026-10-10,wk inc flu prop ed visits,2,2026-10-24,54,quantile,0.1,0.00130703898038761
2026-10-10,wk inc flu prop ed visits,2,2026-10-24,54,quantile,0.15,0.0014940775319899073
2026-10-10,wk inc flu prop ed visits,2,2026-10-24,54,quantile,0.2,0.001688398385019549
2026-10-10,wk inc flu prop ed visits,2,2026-10-24,54,quantile,0.25,0.001884516019752796
2026-10-10,wk inc flu prop ed visits,2,2026-10-24,54,quantile,0.3,0.0020485582582882296
2026-10-10,wk inc flu prop ed visits,2,2026-10-24,54,quantile,0.35,0.0022602010351545224
2026-10-10,wk inc flu prop ed visits,2,2026-10-24,54,quantile,0.4,0.002483822965068695
2026-10-10,wk inc flu prop ed visits,2,2026-10-24,54,quantile,0.45,0.0026729026562831515
2026-10-10,wk inc flu prop ed visits,2,2026-10-24,54,quantile,0.5,0.002888143721870071
2026-10-10,wk inc flu prop ed visits,2,2026-10-24,54,quantile,0.55,0.0031088908055604105
2026-10-10,wk inc flu prop ed visits,2,2026-10-24,54,quantile,0.6,0.0033804484326895234
2026-10-10,wk inc flu prop ed visits,2,2026-10-24,54,quantile,0.65,0.0037262768625201566
2026-10-10,wk inc flu prop ed visits,2,2026-10-24,54,quantile,0.7,0.004050785778355036
2026-10-10,wk inc flu prop ed visits,2,2026-10-24,54,quantile,0.75,0.004552176473195906
2026-10-10,wk inc flu prop ed visits,2,2026-10-24,54,quantile,0.8,0.005233712672324782
2026-10-10,wk inc flu prop ed visits,2,2026-10-24,54,quantile,0.85,0.006011280915686177
2026-10-10,wk inc flu prop ed visits,2,2026-10-24,54,quantile,0.9,0.007250676256988005
2026-10-10,wk inc flu prop ed visits,2,2026-10-24,54,quantile,0.95,0.009859659299773803
2026-10-10,wk inc flu prop ed visits,2,2026-10-24,54,quantile,0.975,0.012403198741590384
2026-10-10,wk inc flu prop ed visits,2,2026-10-24,54,quantile,0.99,0.012928987901972193
2026-10-10,wk inc flu prop ed visits,3,2026-10-31,54,quantile,0.01,6.767610529503578e-4
2026-10-10,wk inc flu prop ed visits,3,2026-10-31,54,quantile,0.025,8.811044874091112e-4
2026-10-10,wk inc flu prop ed visits,3,2026-10-31,54,quantile,0.05,0.0011205945041016252
2026-10-10,wk inc flu prop ed visits,3,2026-10-31,54,quantile,0.1,0.0014788088984522187
2026-10-10,wk inc flu prop ed visits,3,2026-10-31,54,quantile,0.15,0.0017487113933298119
2026-10-10,wk inc flu prop ed visits,3,2026-10-31,54,quantile,0.2,0.0020075945336505943
2026-10-10,wk inc flu prop ed visits,3,2026-10-31,54,quantile,0.25,0.0022244569586954894
2026-10-10,wk inc flu prop ed visits,3,2026-10-31,54,quantile,0.3,0.0024545530238111665
2026-10-10,wk inc flu prop ed visits,3,2026-10-31,54,quantile,0.35,0.0027007880303275018
2026-10-10,wk inc flu prop ed visits,3,2026-10-31,54,quantile,0.4,0.002994633468938231
2026-10-10,wk inc flu prop ed visits,3,2026-10-31,54,quantile,0.45,0.0032920571143896364
2026-10-10,wk inc flu prop ed visits,3,2026-10-31,54,quantile,0.5,0.003612455828024329
2026-10-10,wk inc flu prop ed visits,3,2026-10-31,54,quantile,0.55,0.004036050719306197
2026-10-10,wk inc flu prop ed visits,3,2026-10-31,54,quantile,0.6,0.004422653010704139
2026-10-10,wk inc flu prop ed visits,3,2026-10-31,54,quantile,0.65,0.0049060821940533845
2026-10-10,wk inc flu prop ed visits,3,2026-10-31,54,quantile,0.7,0.00550808831016022
2026-10-10,wk inc flu prop ed visits,3,2026-10-31,54,quantile,0.75,0.006282952432449734
2026-10-10,wk inc flu prop ed visits,3,2026-10-31,54,quantile,0.8,0.007283510397363843
2026-10-10,wk inc flu prop ed visits,3,2026-10-31,54,quantile,0.85,0.008897140231247443
2026-10-10,wk inc flu prop ed visits,3,2026-10-31,54,quantile,0.9,0.011337837445946781
2026-10-10,wk inc flu prop ed visits,3,2026-10-31,54,quantile,0.95,0.016896117968884343
2026-10-10,wk inc flu prop ed visits,3,2026-10-31,54,quantile,0.975,0.02160431946153512
2026-10-10,wk inc flu prop ed visits,3,2026-10-31,54,quantile,0.99,0.022254531896654176
2026-10-10,wk inc flu prop ed visits,0,2026-10-10,55,quantile,0.01,0.0011432064098661596
2026-10-10,wk inc flu prop ed visits,0,2026-10-10,55,quantile,0.025,0.0013582203226436922
2026-10-10,wk inc flu prop ed visits,0,2026-10-10,55,quantile,0.05,0.001551055917203576
2026-10-10,wk inc flu prop ed visits,0,2026-10-10,55,quantile,0.1,0.0017782596601946033
2026-10-10,wk inc flu prop ed visits,0,2026-10-10,55,quantile,0.15,0.0019335824078267185
2026-10-10,wk inc flu prop ed visits,0,2026-10-10,55,quantile,0.2,0.0020695730072035155
2026-10-10,wk inc flu prop ed visits,0,2026-10-10,55,quantile,0.25,0.0021839392607481715
2026-10-10,wk inc flu prop ed visits,0,2026-10-10,55,quantile,0.3,0.0022877304273695087
2026-10-10,wk inc flu prop ed visits,0,2026-10-10,55,quantile,0.35,0.002391750436861703
2026-10-10,wk inc flu prop ed visits,0,2026-10-10,55,quantile,0.4,0.0024939699572046684
2026-10-10,wk inc flu prop ed visits,0,2026-10-10,55,quantile,0.45,0.0025973070934431266
2026-10-10,wk inc flu prop ed visits,0,2026-10-10,55,quantile,0.5,0.0026920009290786247
2026-10-10,wk inc flu prop ed visits,0,2026-10-10,55,quantile,0.55,0.0027939575261130903
2026-10-10,wk inc flu prop ed visits,0,2026-10-10,55,quantile,0.6,0.00289103888060857
2026-10-10,wk inc flu prop ed visits,0,2026-10-10,55,quantile,0.65,0.0030106359846589752
2026-10-10,wk inc flu prop ed visits,0,2026-10-10,55,quantile,0.7,0.0031436893898195957
2026-10-10,wk inc flu prop ed visits,0,2026-10-10,55,quantile,0.75,0.0032751784878683205
2026-10-10,wk inc flu prop ed visits,0,2026-10-10,55,quantile,0.8,0.0034493620580189214
2026-10-10,wk inc flu prop ed visits,0,2026-10-10,55,quantile,0.85,0.0036517517112226857
2026-10-10,wk inc flu prop ed visits,0,2026-10-10,55,quantile,0.9,0.003959949332422541
2026-10-10,wk inc flu prop ed visits,0,2026-10-10,55,quantile,0.95,0.004429726147175609
2026-10-10,wk inc flu prop ed visits,0,2026-10-10,55,quantile,0.975,0.004948699908867756
2026-10-10,wk inc flu prop ed visits,0,2026-10-10,55,quantile,0.99,0.005907746370861316
2026-10-10,wk inc flu prop ed visits,1,2026-10-17,55,quantile,0.01,0.001115727620473851
2026-10-10,wk inc flu prop ed visits,1,2026-10-17,55,quantile,0.025,0.0013509549830281386
2026-10-10,wk inc flu prop ed visits,1,2026-10-17,55,quantile,0.05,0.001544649457241655
2026-10-10,wk inc flu prop ed visits,1,2026-10-17,55,quantile,0.1,0.0018336618611402445
2026-10-10,wk inc flu prop ed visits,1,2026-10-17,55,quantile,0.15,0.002035580975161058
2026-10-10,wk inc flu prop ed visits,1,2026-10-17,55,quantile,0.2,0.0022281357030176302
2026-10-10,wk inc flu prop ed visits,1,2026-10-17,55,quantile,0.25,0.002403274687048579
2026-10-10,wk inc flu prop ed visits,1,2026-10-17,55,quantile,0.3,0.0025798441453187032
2026-10-10,wk inc flu prop ed visits,1,2026-10-17,55,quantile,0.35,0.0027046230792707668
2026-10-10,wk inc flu prop ed visits,1,2026-10-17,55,quantile,0.4,0.002836417189844251
2026-10-10,wk inc flu prop ed visits,1,2026-10-17,55,quantile,0.45,0.0029741842993253843
2026-10-10,wk inc flu prop ed visits,1,2026-10-17,55,quantile,0.5,0.0031313681051110065
2026-10-10,wk inc flu prop ed visits,1,2026-10-17,55,quantile,0.55,0.003267277430657999
2026-10-10,wk inc flu prop ed visits,1,2026-10-17,55,quantile,0.6,0.003429066705779628
2026-10-10,wk inc flu prop ed visits,1,2026-10-17,55,quantile,0.65,0.003606722796569004
2026-10-10,wk inc flu prop ed visits,1,2026-10-17,55,quantile,0.7,0.0037982477404062027
2026-10-10,wk inc flu prop ed visits,1,2026-10-17,55,quantile,0.75,0.004038412372824569
2026-10-10,wk inc flu prop ed visits,1,2026-10-17,55,quantile,0.8,0.004325713512541064
2026-10-10,wk inc flu prop ed visits,1,2026-10-17,55,quantile,0.85,0.004656124571299633
2026-10-10,wk inc flu prop ed visits,1,2026-10-17,55,quantile,0.9,0.005153555919283239
2026-10-10,wk inc flu prop ed visits,1,2026-10-17,55,quantile,0.95,0.006125729266221537
2026-10-10,wk inc flu prop ed visits,1,2026-10-17,55,quantile,0.975,0.0073642184114730575
2026-10-10,wk inc flu prop ed visits,1,2026-10-17,55,quantile,0.99,0.008935790395103695
2026-10-10,wk inc flu prop ed visits,2,2026-10-24,55,quantile,0.01,0.0010266076756173395
2026-10-10,wk inc flu prop ed visits,2,2026-10-24,55,quantile,0.025,0.0013296217901715233
2026-10-10,wk inc flu prop ed visits,2,2026-10-24,55,quantile,0.05,0.0016658612810634024
2026-10-10,wk inc flu prop ed visits,2,2026-10-24,55,quantile,0.1,0.0020320892065420013
2026-10-10,wk inc flu prop ed visits,2,2026-10-24,55,quantile,0.15,0.0023008784751185948
2026-10-10,wk inc flu prop ed visits,2,2026-10-24,55,quantile,0.2,0.0025479453005048
2026-10-10,wk inc flu prop ed visits,2,2026-10-24,55,quantile,0.25,0.002731330747003158
2026-10-10,wk inc flu prop ed visits,2,2026-10-24,55,quantile,0.3,0.0029109891589747822
2026-10-10,wk inc flu prop ed visits,2,2026-10-24,55,quantile,0.35,0.0031066449106649024
2026-10-10,wk inc flu prop ed visits,2,2026-10-24,55,quantile,0.4,0.0033102110653173296
2026-10-10,wk inc flu prop ed visits,2,2026-10-24,55,quantile,0.45,0.003501733711745273
2026-10-10,wk inc flu prop ed visits,2,2026-10-24,55,quantile,0.5,0.0037523836212197516
2026-10-10,wk inc flu prop ed visits,2,2026-10-24,55,quantile,0.55,0.003982407955885186
2026-10-10,wk inc flu prop ed visits,2,2026-10-24,55,quantile,0.6,0.004250738092465475
2026-10-10,wk inc flu prop ed visits,2,2026-10-24,55,quantile,0.65,0.004559389931597031
2026-10-10,wk inc flu prop ed visits,2,2026-10-24,55,quantile,0.7,0.004862605318877954
2026-10-10,wk inc flu prop ed visits,2,2026-10-24,55,quantile,0.75,0.0052095289541494345
2026-10-10,wk inc flu prop ed visits,2,2026-10-24,55,quantile,0.8,0.005667710803128646
2026-10-10,wk inc flu prop ed visits,2,2026-10-24,55,quantile,0.85,0.006254128340476028
2026-10-10,wk inc flu prop ed visits,2,2026-10-24,55,quantile,0.9,0.0070674975872048774
2026-10-10,wk inc flu prop ed visits,2,2026-10-24,55,quantile,0.95,0.00888543696191928
2026-10-10,wk inc flu prop ed visits,2,2026-10-24,55,quantile,0.975,0.011427593394723611
2026-10-10,wk inc flu prop ed visits,2,2026-10-24,55,quantile,0.99,0.013769610698947997
2026-10-10,wk inc flu prop ed visits,3,2026-10-31,55,quantile,0.01,0.0012156123648109278
2026-10-10,wk inc flu prop ed visits,3,2026-10-31,55,quantile,0.025,0.0015432504715542686
2026-10-10,wk inc flu prop ed visits,3,2026-10-31,55,quantile,0.05,0.0018834705133824788
2026-10-10,wk inc flu prop ed visits,3,2026-10-31,55,quantile,0.1,0.0023118272517579355
2026-10-10,wk inc flu prop ed visits,3,2026-10-31,55,quantile,0.15,0.002642145475237077
2026-10-10,wk inc flu prop ed visits,3,2026-10-31,55,quantile,0.2,0.002908611836893155
2026-10-10,wk inc flu prop ed visits,3,2026-10-31,55,quantile,0.25,0.003176598683221043
2026-10-10,wk inc flu prop ed visits,3,2026-10-31,55,quantile,0.3,0.0034257775247393627
2026-10-10,wk inc flu prop ed visits,3,2026-10-31,55,quantile,0.35,0.0036476136408085716
2026-10-10,wk inc flu prop ed visits,3,2026-10-31,55,quantile,0.4,0.003956351809551405
2026-10-10,wk inc flu prop ed visits,3,2026-10-31,55,quantile,0.45,0.004286787464932608
2026-10-10,wk inc flu prop ed visits,3,2026-10-31,55,quantile,0.5,0.004624348563816915
2026-10-10,wk inc flu prop ed visits,3,2026-10-31,55,quantile,0.55,0.0050042788197240985
2026-10-10,wk inc flu prop ed visits,3,2026-10-31,55,quantile,0.6,0.005388052917818491
2026-10-10,wk inc flu prop ed visits,3,2026-10-31,55,quantile,0.65,0.005833707976880067
2026-10-10,wk inc flu prop ed visits,3,2026-10-31,55,quantile,0.7,0.006280422601170515
2026-10-10,wk inc flu prop ed visits,3,2026-10-31,55,quantile,0.75,0.006892961241177045
2026-10-10,wk inc flu prop ed visits,3,2026-10-31,55,quantile,0.8,0.007609853627557184
2026-10-10,wk inc flu prop ed visits,3,2026-10-31,55,quantile,0.85,0.008626070130152385
2026-10-10,wk inc flu prop ed visits,3,2026-10-31,55,quantile,0.9,0.010045456314886857
2026-10-10,wk inc flu prop ed visits,3,2026-10-31,55,quantile,0.95,0.013315652733351693
2026-10-10,wk inc flu prop ed visits,3,2026-10-31,55,quantile,0.975,0.017430564720252208
2026-10-10,wk inc flu prop ed visits,3,2026-10-31,55,quantile,0.99,0.02525603534461703
2026-10-10,wk inc flu prop ed visits,0,2026-10-10,56,quantile,0.01,0.004939548168432565
2026-10-10,wk inc flu prop ed visits,0,2026-10-10,56,quantile,0.025,0.005654658630154432
2026-10-10,wk inc flu prop ed visits,0,2026-10-10,56,quantile,0.05,0.006588951139669978
2026-10-10,wk inc flu prop ed visits,0,2026-10-10,56,quantile,0.1,0.007607148639797875
2026-10-10,wk inc flu prop ed visits,0,2026-10-10,56,quantile,0.15,0.008136903060961062
2026-10-10,wk inc flu prop ed visits,0,2026-10-10,56,quantile,0.2,0.008496621183988681
2026-10-10,wk inc flu prop ed visits,0,2026-10-10,56,quantile,0.25,0.008895917621280116
2026-10-10,wk inc flu prop ed visits,0,2026-10-10,56,quantile,0.3,0.009251590720415674
2026-10-10,wk inc flu prop ed visits,0,2026-10-10,56,quantile,0.35,0.009554685064563497
2026-10-10,wk inc flu prop ed visits,0,2026-10-10,56,quantile,0.4,0.00984654572231941
2026-10-10,wk inc flu prop ed visits,0,2026-10-10,56,quantile,0.45,0.010152091484988758
2026-10-10,wk inc flu prop ed visits,0,2026-10-10,56,quantile,0.5,0.010439126078654723
2026-10-10,wk inc flu prop ed visits,0,2026-10-10,56,quantile,0.55,0.010708929736098403
2026-10-10,wk inc flu prop ed visits,0,2026-10-10,56,quantile,0.6,0.011004104538687259
2026-10-10,wk inc flu prop ed visits,0,2026-10-10,56,quantile,0.65,0.011340856528736468
2026-10-10,wk inc flu prop ed visits,0,2026-10-10,56,quantile,0.7,0.011691829757062826
2026-10-10,wk inc flu prop ed visits,0,2026-10-10,56,quantile,0.75,0.012090035876778156
2026-10-10,wk inc flu prop ed visits,0,2026-10-10,56,quantile,0.8,0.012534856425867026
2026-10-10,wk inc flu prop ed visits,0,2026-10-10,56,quantile,0.85,0.013070903068805756
2026-10-10,wk inc flu prop ed visits,0,2026-10-10,56,quantile,0.9,0.01404727518129631
2026-10-10,wk inc flu prop ed visits,0,2026-10-10,56,quantile,0.95,0.015604570395808565
2026-10-10,wk inc flu prop ed visits,0,2026-10-10,56,quantile,0.975,0.01680871948744014
2026-10-10,wk inc flu prop ed visits,0,2026-10-10,56,quantile,0.99,0.01866264946498953
2026-10-10,wk inc flu prop ed visits,1,2026-10-17,56,quantile,0.01,0.004594630803089191
2026-10-10,wk inc flu prop ed visits,1,2026-10-17,56,quantile,0.025,0.005232774525324941
2026-10-10,wk inc flu prop ed visits,1,2026-10-17,56,quantile,0.05,0.006679445089058447
2026-10-10,wk inc flu prop ed visits,1,2026-10-17,56,quantile,0.1,0.007915055965203218
2026-10-10,wk inc flu prop ed visits,1,2026-10-17,56,quantile,0.15,0.008772574192836979
2026-10-10,wk inc flu prop ed visits,1,2026-10-17,56,quantile,0.2,0.009379384718822471
2026-10-10,wk inc flu prop ed visits,1,2026-10-17,56,quantile,0.25,0.009885182624551344
2026-10-10,wk inc flu prop ed visits,1,2026-10-17,56,quantile,0.3,0.01041980403762121
2026-10-10,wk inc flu prop ed visits,1,2026-10-17,56,quantile,0.35,0.010909964296845931
2026-10-10,wk inc flu prop ed visits,1,2026-10-17,56,quantile,0.4,0.011360703860738808
2026-10-10,wk inc flu prop ed visits,1,2026-10-17,56,quantile,0.45,0.01177752044728465
2026-10-10,wk inc flu prop ed visits,1,2026-10-17,56,quantile,0.5,0.012209604944499462
2026-10-10,wk inc flu prop ed visits,1,2026-10-17,56,quantile,0.55,0.012688219839310969
2026-10-10,wk inc flu prop ed visits,1,2026-10-17,56,quantile,0.6,0.013179110250248587
2026-10-10,wk inc flu prop ed visits,1,2026-10-17,56,quantile,0.65,0.013818680437851526
2026-10-10,wk inc flu prop ed visits,1,2026-10-17,56,quantile,0.7,0.014455810119091287
2026-10-10,wk inc flu prop ed visits,1,2026-10-17,56,quantile,0.75,0.015378490574081125
2026-10-10,wk inc flu prop ed visits,1,2026-10-17,56,quantile,0.8,0.016549005379281296
2026-10-10,wk inc flu prop ed visits,1,2026-10-17,56,quantile,0.85,0.01783714948690124
2026-10-10,wk inc flu prop ed visits,1,2026-10-17,56,quantile,0.9,0.020454137310909344
2026-10-10,wk inc flu prop ed visits,1,2026-10-17,56,quantile,0.95,0.024523874335169723
2026-10-10,wk inc flu prop ed visits,1,2026-10-17,56,quantile,0.975,0.027558502034513425
2026-10-10,wk inc flu prop ed visits,1,2026-10-17,56,quantile,0.99,0.03141576200178126
2026-10-10,wk inc flu prop ed visits,2,2026-10-24,56,quantile,0.01,0.004970354872589572
2026-10-10,wk inc flu prop ed visits,2,2026-10-24,56,quantile,0.025,0.005799609853494696
2026-10-10,wk inc flu prop ed visits,2,2026-10-24,56,quantile,0.05,0.0066618095670485915
2026-10-10,wk inc flu prop ed visits,2,2026-10-24,56,quantile,0.1,0.008370362140214372
2026-10-10,wk inc flu prop ed visits,2,2026-10-24,56,quantile,0.15,0.00942788026741095
2026-10-10,wk inc flu prop ed visits,2,2026-10-24,56,quantile,0.2,0.010299774925494679
2026-10-10,wk inc flu prop ed visits,2,2026-10-24,56,quantile,0.25,0.011053260391616727
2026-10-10,wk inc flu prop ed visits,2,2026-10-24,56,quantile,0.3,0.011801819797256207
2026-10-10,wk inc flu prop ed visits,2,2026-10-24,56,quantile,0.35,0.012484783036699785
2026-10-10,wk inc flu prop ed visits,2,2026-10-24,56,quantile,0.4,0.013016695902515928
2026-10-10,wk inc flu prop ed visits,2,2026-10-24,56,quantile,0.45,0.013783655360097635
2026-10-10,wk inc flu prop ed visits,2,2026-10-24,56,quantile,0.5,0.014600999871474538
2026-10-10,wk inc flu prop ed visits,2,2026-10-24,56,quantile,0.55,0.01532904826908095
2026-10-10,wk inc flu prop ed visits,2,2026-10-24,56,quantile,0.6,0.01615102075942812
2026-10-10,wk inc flu prop ed visits,2,2026-10-24,56,quantile,0.65,0.017530547101462363
2026-10-10,wk inc flu prop ed visits,2,2026-10-24,56,quantile,0.7,0.019149535471258323
2026-10-10,wk inc flu prop ed visits,2,2026-10-24,56,quantile,0.75,0.020833869416776573
2026-10-10,wk inc flu prop ed visits,2,2026-10-24,56,quantile,0.8,0.023290448061186353
2026-10-10,wk inc flu prop ed visits,2,2026-10-24,56,quantile,0.85,0.02699246265490969
2026-10-10,wk inc flu prop ed visits,2,2026-10-24,56,quantile,0.9,0.031098240545551274
2026-10-10,wk inc flu prop ed visits,2,2026-10-24,56,quantile,0.95,0.03755260776920061
2026-10-10,wk inc flu prop ed visits,2,2026-10-24,56,quantile,0.975,0.044216164632364226
2026-10-10,wk inc flu prop ed visits,2,2026-10-24,56,quantile,0.99,0.05592500206917425
2026-10-10,wk inc flu prop ed visits,3,2026-10-31,56,quantile,0.01,0.005336147151156902
2026-10-10,wk inc flu prop ed visits,3,2026-10-31,56,quantile,0.025,0.006292701429968886
2026-10-10,wk inc flu prop ed visits,3,2026-10-31,56,quantile,0.05,0.007492250142937635
2026-10-10,wk inc flu prop ed visits,3,2026-10-31,56,quantile,0.1,0.009166296678681376
2026-10-10,wk inc flu prop ed visits,3,2026-10-31,56,quantile,0.15,0.010592577509208417
2026-10-10,wk inc flu prop ed visits,3,2026-10-31,56,quantile,0.2,0.01193640384106872
2026-10-10,wk inc flu prop ed visits,3,2026-10-31,56,quantile,0.25,0.012893865326304196
2026-10-10,wk inc flu prop ed visits,3,2026-10-31,56,quantile,0.3,0.01383237966965001
2026-10-10,wk inc flu prop ed visits,3,2026-10-31,56,quantile,0.35,0.014838686657205873
2026-10-10,wk inc flu prop ed visits,3,2026-10-31,56,quantile,0.4,0.015902714480524698
2026-10-10,wk inc flu prop ed visits,3,2026-10-31,56,quantile,0.45,0.01700499499082727
2026-10-10,wk inc flu prop ed visits,3,2026-10-31,56,quantile,0.5,0.018246246228541183
2026-10-10,wk inc flu prop ed visits,3,2026-10-31,56,quantile,0.55,0.01961547294624965
2026-10-10,wk inc flu prop ed visits,3,2026-10-31,56,quantile,0.6,0.0212877945902391
2026-10-10,wk inc flu prop ed visits,3,2026-10-31,56,quantile,0.65,0.023647540903622054
2026-10-10,wk inc flu prop ed visits,3,2026-10-31,56,quantile,0.7,0.026251589709811937
2026-10-10,wk inc flu prop ed visits,3,2026-10-31,56,quantile,0.75,0.028858825712046253
2026-10-10,wk inc flu prop ed visits,3,2026-10-31,56,quantile,0.8,0.03251930624129
2026-10-10,wk inc flu prop ed visits,3,2026-10-31,56,quantile,0.85,0.03811831607604095
2026-10-10,wk inc flu prop ed visits,3,2026-10-31,56,quantile,0.9,0.04546066900019576
2026-10-10,wk inc flu prop ed visits,3,2026-10-31,56,quantile,0.95,0.05332254491593494
2026-10-10,wk inc flu prop ed visits,3,2026-10-31,56,quantile,0.975,0.06520307196524983
2026-10-10,wk inc flu prop ed visits,3,2026-10-31,56,quantile,0.99,0.08492875189784986
2026-10-10,wk inc flu prop ed visits,0,2026-10-10,US,quantile,0.01,0.003676742031060317
2026-10-10,wk inc flu prop ed visits,0,2026-10-10,US,quantile,0.025,0.003926048204476756
2026-10-10,wk inc flu prop ed visits,0,2026-10-10,US,quantile,0.05,0.00535261974187199
2026-10-10,wk inc flu prop ed visits,0,2026-10-10,US,quantile,0.1,0.005817227872581068
2026-10-10,wk inc flu prop ed visits,0,2026-10-10,US,quantile,0.15,0.0061635198066983705
2026-10-10,wk inc flu prop ed visits,0,2026-10-10,US,quantile,0.2,0.006420534151794641
2026-10-10,wk inc flu prop ed visits,0,2026-10-10,US,quantile,0.25,0.0066577758718854435
2026-10-10,wk inc flu prop ed visits,0,2026-10-10,US,quantile,0.3,0.006854396019258374
2026-10-10,wk inc flu prop ed visits,0,2026-10-10,US,quantile,0.35,0.006995504492822475
2026-10-10,wk inc flu prop ed visits,0,2026-10-10,US,quantile,0.4,0.007140851263472386
2026-10-10,wk inc flu prop ed visits,0,2026-10-10,US,quantile,0.45,0.0072836803473071265
2026-10-10,wk inc flu prop ed visits,0,2026-10-10,US,quantile,0.5,0.0074253812054977785
2026-10-10,wk inc flu prop ed visits,0,2026-10-10,US,quantile,0.55,0.007569499731023237
2026-10-10,wk inc flu prop ed visits,0,2026-10-10,US,quantile,0.6,0.0077321945824456294
2026-10-10,wk inc flu prop ed visits,0,2026-10-10,US,quantile,0.65,0.007875238606402685
2026-10-10,wk inc flu prop ed visits,0,2026-10-10,US,quantile,0.7,0.00804363121673554
2026-10-10,wk inc flu prop ed visits,0,2026-10-10,US,quantile,0.75,0.0082378221757929
2026-10-10,wk inc flu prop ed visits,0,2026-10-10,US,quantile,0.8,0.008516673836917487
2026-10-10,wk inc flu prop ed visits,0,2026-10-10,US,quantile,0.85,0.008831069238170775
2026-10-10,wk inc flu prop ed visits,0,2026-10-10,US,quantile,0.9,0.00931686620850489
2026-10-10,wk inc flu prop ed visits,0,2026-10-10,US,quantile,0.95,0.009955225880235395
2026-10-10,wk inc flu prop ed visits,0,2026-10-10,US,quantile,0.975,0.010407873456828903
2026-10-10,wk inc flu prop ed visits,0,2026-10-10,US,quantile,0.99,0.01094260148291996
2026-10-10,wk inc flu prop ed visits,1,2026-10-17,US,quantile,0.01,0.003562905693614513
2026-10-10,wk inc flu prop ed visits,1,2026-10-17,US,quantile,0.025,0.0038443304001411502
2026-10-10,wk inc flu prop ed visits,1,2026-10-17,US,quantile,0.05,0.005879931315732155
2026-10-10,wk inc flu prop ed visits,1,2026-10-17,US,quantile,0.1,0.006870203295498353
2026-10-10,wk inc flu prop ed visits,1,2026-10-17,US,quantile,0.15,0.00738031173132912
2026-10-10,wk inc flu prop ed visits,1,2026-10-17,US,quantile,0.2,0.007699684920920621
2026-10-10,wk inc flu prop ed visits,1,2026-10-17,US,quantile,0.25,0.008104562758248283
2026-10-10,wk inc flu prop ed visits,1,2026-10-17,US,quantile,0.3,0.008516220051665687
2026-10-10,wk inc flu prop ed visits,1,2026-10-17,US,quantile,0.35,0.008840766395464716
2026-10-10,wk inc flu prop ed visits,1,2026-10-17,US,quantile,0.4,0.00922736760539158
2026-10-10,wk inc flu prop ed visits,1,2026-10-17,US,quantile,0.45,0.009580672291600492
2026-10-10,wk inc flu prop ed visits,1,2026-10-17,US,quantile,0.5,0.00999071726334225
2026-10-10,wk inc flu prop ed visits,1,2026-10-17,US,quantile,0.55,0.010419089596580406
2026-10-10,wk inc flu prop ed visits,1,2026-10-17,US,quantile,0.6,0.010843532663346997
2026-10-10,wk inc flu prop ed visits,1,2026-10-17,US,quantile,0.65,0.011917348279179002
2026-10-10,wk inc flu prop ed visits,1,2026-10-17,US,quantile,0.7,0.013548275643503065
2026-10-10,wk inc flu prop ed visits,1,2026-10-17,US,quantile,0.75,0.014048672508019609
2026-10-10,wk inc flu prop ed visits,1,2026-10-17,US,quantile,0.8,0.014527497044889183
2026-10-10,wk inc flu prop ed visits,1,2026-10-17,US,quantile,0.85,0.01499624575049632
2026-10-10,wk inc flu prop ed visits,1,2026-10-17,US,quantile,0.9,0.01564344071513803
2026-10-10,wk inc flu prop ed visits,1,2026-10-17,US,quantile,0.95,0.01657186391138038
2026-10-10,wk inc flu prop ed visits,1,2026-10-17,US,quantile,0.975,0.017637433547193333
2026-10-10,wk inc flu prop ed visits,1,2026-10-17,US,quantile,0.99,0.01912866618008596
2026-10-10,wk inc flu prop ed visits,2,2026-10-24,US,quantile,0.01,0.004183410824303034
2026-10-10,wk inc flu prop ed visits,2,2026-10-24,US,quantile,0.025,0.004691988026996298
2026-10-10,wk inc flu prop ed visits,2,2026-10-24,US,quantile,0.05,0.006980300250529397
2026-10-10,wk inc flu prop ed visits,2,2026-10-24,US,quantile,0.1,0.008163759585498481
2026-10-10,wk inc flu prop ed visits,2,2026-10-24,US,quantile,0.15,0.009056743876782408
2026-10-10,wk inc flu prop ed visits,2,2026-10-24,US,quantile,0.2,0.009735811226633305
2026-10-10,wk inc flu prop ed visits,2,2026-10-24,US,quantile,0.25,0.010418865892169043
2026-10-10,wk inc flu prop ed visits,2,2026-10-24,US,quantile,0.3,0.011674929409578117
2026-10-10,wk inc flu prop ed visits,2,2026-10-24,US,quantile,0.35,0.013034156114960602
2026-10-10,wk inc flu prop ed visits,2,2026-10-24,US,quantile,0.4,0.013898887880747222
2026-10-10,wk inc flu prop ed visits,2,2026-10-24,US,quantile,0.45,0.014961766726967623
2026-10-10,wk inc flu prop ed visits,2,2026-10-24,US,quantile,0.5,0.016161989366923875
2026-10-10,wk inc flu prop ed visits,2,2026-10-24,US,quantile,0.55,0.017194093570055878
2026-10-10,wk inc flu prop ed visits,2,2026-10-24,US,quantile,0.6,0.01821731891358986
2026-10-10,wk inc flu prop ed visits,2,2026-10-24,US,quantile,0.65,0.019441096557535738
2026-10-10,wk inc flu prop ed visits,2,2026-10-24,US,quantile,0.7,0.02053009412009045
2026-10-10,wk inc flu prop ed visits,2,2026-10-24,US,quantile,0.75,0.02146552082201838
2026-10-10,wk inc flu prop ed visits,2,2026-10-24,US,quantile,0.8,0.02251710841261842
2026-10-10,wk inc flu prop ed visits,2,2026-10-24,US,quantile,0.85,0.024008256112307634
2026-10-10,wk inc flu prop ed visits,2,2026-10-24,US,quantile,0.9,0.02558917815163526
2026-10-10,wk inc flu prop ed visits,2,2026-10-24,US,quantile,0.95,0.02745326758446119
2026-10-10,wk inc flu prop ed visits,2,2026-10-24,US,quantile,0.975,0.029316215813824528
2026-10-10,wk inc flu prop ed visits,2,2026-10-24,US,quantile,0.99,0.033067135990274804
2026-10-10,wk inc flu prop ed visits,3,2026-10-31,US,quantile,0.01,0.005302796745586658
2026-10-10,wk inc flu prop ed visits,3,2026-10-31,US,quantile,0.025,0.005926815886468671
2026-10-10,wk inc flu prop ed visits,3,2026-10-31,US,quantile,0.05,0.007848732213975149
2026-10-10,wk inc flu prop ed visits,3,2026-10-31,US,quantile,0.1,0.009644342228200424
2026-10-10,wk inc flu prop ed visits,3,2026-10-31,US,quantile,0.15,0.011764938233251507
2026-10-10,wk inc flu prop ed visits,3,2026-10-31,US,quantile,0.2,0.012862316724038186
2026-10-10,wk inc flu prop ed visits,3,2026-10-31,US,quantile,0.25,0.014183901317445503
2026-10-10,wk inc flu prop ed visits,3,2026-10-31,US,quantile,0.3,0.01533584989167901
2026-10-10,wk inc flu prop ed visits,3,2026-10-31,US,quantile,0.35,0.016230797775000562
2026-10-10,wk inc flu prop ed visits,3,2026-10-31,US,quantile,0.4,0.017645084246814227
2026-10-10,wk inc flu prop ed visits,3,2026-10-31,US,quantile,0.45,0.019130734963943425
2026-10-10,wk inc flu prop ed visits,3,2026-10-31,US,quantile,0.5,0.020782754922998543
2026-10-10,wk inc flu prop ed visits,3,2026-10-31,US,quantile,0.55,0.022452439956139554
2026-10-10,wk inc flu prop ed visits,3,2026-10-31,US,quantile,0.6,0.02576126067139726
2026-10-10,wk inc flu prop ed visits,3,2026-10-31,US,quantile,0.65,0.027336549720649483
2026-10-10,wk inc flu prop ed visits,3,2026-10-31,US,quantile,0.7,0.02850513173067879
2026-10-10,wk inc flu prop ed visits,3,2026-10-31,US,quantile,0.75,0.029484688699239026
2026-10-10,wk inc flu prop ed visits,3,2026-10-31,US,quantile,0.8,0.030682017360760434
2026-10-10,wk inc flu prop ed visits,3,2026-10-31,US,quantile,0.85,0.0327751123374414
2026-10-10,wk inc flu prop ed visits,3,2026-10-31,US,quantile,0.9,0.03669641632566824
2026-10-10,wk inc flu prop ed visits,3,2026-10-31,US,quantile,0.95,0.040997289109448457
2026-10-10,wk inc flu prop ed visits,3,2026-10-31,US,quantile,0.975,0.043657306275841315
2026-10-10,wk inc flu prop ed visits,3,2026-10-31,US,quantile,0.99,0.0485664616085006
