reference_date,target,horizon,target_end_date,location,output_type,output_type_id,value
2026-08-29,wk inc flu hosp,-1,2026-08-22,02,quantile,0.01,0.018064004344983654
2026-08-29,wk inc flu hosp,-1,2026-08-22,02,quantile,0.025,0.0965196412241807
2026-08-29,wk inc flu hosp,-1,2026-08-22,02,quantile,0.05,0.16433533643089332
2026-08-29,wk inc flu hosp,-1,2026-08-22,02,quantile,0.1,0.3726531560150197
2026-08-29,wk inc flu hosp,-1,2026-08-22,02,quantile,0.15,0.8558617679921994
2026-08-29,wk inc flu hosp,-1,2026-08-22,02,quantile,0.2,1.0355411253941993
2026-08-29,wk inc flu hosp,-1,2026-08-22,02,quantile,0.25,1.5300834466881774
2026-08-29,wk inc flu hosp,-1,2026-08-22,02,quantile,0.3,1.7185659090095728
2026-08-29,wk inc flu hosp,-1,2026-08-22,02,quantile,0.35,1.7399774160082628
2026-08-29,wk inc flu hosp,-1,2026-08-22,02,quantile,0.4,1.791494812872518
2026-08-29,wk inc flu hosp,-1,2026-08-22,02,quantile,0.45,1.8208878653111216
2026-08-29,wk inc flu hosp,-1,2026-08-22,02,quantile,0.5,1.8983619521043256
2026-08-29,wk inc flu hosp,-1,2026-08-22,02,quantile,0.55,1.9351897990704836
2026-08-29,wk inc flu hosp,-1,2026-08-22,02,quantile,0.6,1.9439926585705147
2026-08-29,wk inc flu hosp,-1,2026-08-22,02,quantile,0.65,1.9851589450193567
2026-08-29,wk inc flu hosp,-1,2026-08-22,02,quantile,0.7,2.093840191563867
2026-08-29,wk inc flu hosp,-1,2026-08-22,02,quantile,0.75,2.2962895684460025
2026-08-29,wk inc flu hosp,-1,2026-08-22,02,quantile,0.8,2.523357619822104
2026-08-29,wk inc flu hosp,-1,2026-08-22,02,quantile,0.85,2.6355171732685916
2026-08-29,wk inc flu hosp,-1,2026-08-22,02,quantile,0.9,3.1072233368101903
2026-08-29,wk inc flu hosp,-1,2026-08-22,02,quantile,0.95,3.568262965980346
2026-08-29,wk inc flu hosp,-1,2026-08-22,02,quantile,0.975,4.724042650762079
2026-08-29,wk inc flu hosp,-1,2026-08-22,02,quantile,0.99,6.424050933093545
2026-08-29,wk inc flu hosp,0,2026-08-29,02,quantile,0.01,0.08135954259800436
2026-08-29,wk inc flu hosp,0,2026-08-29,02,quantile,0.025,0.1063197145417594
2026-08-29,wk inc flu hosp,0,2026-08-29,02,quantile,0.05,0.15286700555506336
2026-08-29,wk inc flu hosp,0,2026-08-29,02,quantile,0.1,0.3305857245864205
2026-08-29,wk inc flu hosp,0,2026-08-29,02,quantile,0.15,0.7959072956272749
2026-08-29,wk inc flu hosp,0,2026-08-29,02,quantile,0.2,1.0824410350520302
2026-08-29,wk inc flu hosp,0,2026-08-29,02,quantile,0.25,1.2905385949401145
2026-08-29,wk inc flu hosp,0,2026-08-29,02,quantile,0.3,1.4229900060687042
2026-08-29,wk inc flu hosp,0,2026-08-29,02,quantile,0.35,1.6358049797053051
2026-08-29,wk inc flu hosp,0,2026-08-29,02,quantile,0.4,1.860749230938043
2026-08-29,wk inc flu hosp,0,2026-08-29,02,quantile,0.45,2.2018026962400152
2026-08-29,wk inc flu hosp,0,2026-08-29,02,quantile,0.5,2.2312894797016978
2026-08-29,wk inc flu hosp,0,2026-08-29,02,quantile,0.55,2.268012601047669
2026-08-29,wk inc flu hosp,0,2026-08-29,02,quantile,0.6,2.3092174571444626
2026-08-29,wk inc flu hosp,0,2026-08-29,02,quantile,0.65,2.561225011380655
2026-08-29,wk inc flu hosp,0,2026-08-29,02,quantile,0.7,2.818799029974128
2026-08-29,wk inc flu hosp,0,2026-08-29,02,quantile,0.75,2.940746730244427
2026-08-29,wk inc flu hosp,0,2026-08-29,02,quantile,0.8,3.1644842209902917
2026-08-29,wk inc flu hosp,0,2026-08-29,02,quantile,0.85,3.4768400211539237
2026-08-29,wk inc flu hosp,0,2026-08-29,02,quantile,0.9,3.6621701738545354
2026-08-29,wk inc flu hosp,0,2026-08-29,02,quantile,0.95,3.8615837590604425
2026-08-29,wk inc flu hosp,0,2026-08-29,02,quantile,0.975,4.467871063522592
2026-08-29,wk inc flu hosp,0,2026-08-29,02,quantile,0.99,5.128358532421726
2026-08-29,wk inc flu hosp,1,2026-09-05,02,quantile,0.01,0.08762630228575063
2026-08-29,wk inc flu hosp,1,2026-09-05,02,quantile,0.025,0.10800629499998726
2026-08-29,wk inc flu hosp,1,2026-09-05,02,quantile,0.05,0.15322523845178762
2026-08-29,wk inc flu hosp,1,2026-09-05,02,quantile,0.1,0.3880073183173934
2026-08-29,wk inc flu hosp,1,2026-09-05,02,quantile,0.15,0.7698749315668719
2026-08-29,wk inc flu hosp,1,2026-09-05,02,quantile,0.2,1.2781537346371703
2026-08-29,wk inc flu hosp,1,2026-09-05,02,quantile,0.25,1.5427429247955144
2026-08-29,wk inc flu hosp,1,2026-09-05,02,quantile,0.3,1.8405559007459809
2026-08-29,wk inc flu hosp,1,2026-09-05,02,quantile,0.35,1.9576500328308055
2026-08-29,wk inc flu hosp,1,2026-09-05,02,quantile,0.4,2.262694239521642
2026-08-29,wk inc flu hosp,1,2026-09-05,02,quantile,0.45,2.6758969267377
2026-08-29,wk inc flu hosp,1,2026-09-05,02,quantile,0.5,2.696485151140652
2026-08-29,wk inc flu hosp,1,2026-09-05,02,quantile,0.55,2.7350718645285492
2026-08-29,wk inc flu hosp,1,2026-09-05,02,quantile,0.6,2.8111326863377872
2026-08-29,wk inc flu hosp,1,2026-09-05,02,quantile,0.65,2.908680669540652
2026-08-29,wk inc flu hosp,1,2026-09-05,02,quantile,0.7,2.9347946479784506
2026-08-29,wk inc flu hosp,1,2026-09-05,02,quantile,0.75,2.9819637434036252
2026-08-29,wk inc flu hosp,1,2026-09-05,02,quantile,0.8,3.0580506284834454
2026-08-29,wk inc flu hosp,1,2026-09-05,02,quantile,0.85,3.2791923379023773
2026-08-29,wk inc flu hosp,1,2026-09-05,02,quantile,0.9,3.4248887428693937
2026-08-29,wk inc flu hosp,1,2026-09-05,02,quantile,0.95,4.221135788290008
2026-08-29,wk inc flu hosp,1,2026-09-05,02,quantile,0.975,4.898333772670742
2026-08-29,wk inc flu hosp,1,2026-09-05,02,quantile,0.99,5.728782645765135
2026-08-29,wk inc flu hosp,2,2026-09-12,02,quantile,0.01,0.014019961701138575
2026-08-29,wk inc flu hosp,2,2026-09-12,02,quantile,0.025,0.02952904729789141
2026-08-29,wk inc flu hosp,2,2026-09-12,02,quantile,0.05,0.06554543214559654
2026-08-29,wk inc flu hosp,2,2026-09-12,02,quantile,0.1,0.15153890848725912
2026-08-29,wk inc flu hosp,2,2026-09-12,02,quantile,0.15,0.31711485700087466
2026-08-29,wk inc flu hosp,2,2026-09-12,02,quantile,0.2,0.5083603677290061
2026-08-29,wk inc flu hosp,2,2026-09-12,02,quantile,0.25,0.6429191979793247
2026-08-29,wk inc flu hosp,2,2026-09-12,02,quantile,0.3,0.867158890794352
2026-08-29,wk inc flu hosp,2,2026-09-12,02,quantile,0.35,1.0424405244293409
2026-08-29,wk inc flu hosp,2,2026-09-12,02,quantile,0.4,1.1388617913712153
2026-08-29,wk inc flu hosp,2,2026-09-12,02,quantile,0.45,1.2453390424715036
2026-08-29,wk inc flu hosp,2,2026-09-12,02,quantile,0.5,1.3866503789968887
2026-08-29,wk inc flu hosp,2,2026-09-12,02,quantile,0.55,1.4663278257103172
2026-08-29,wk inc flu hosp,2,2026-09-12,02,quantile,0.6,1.6632493402232977
2026-08-29,wk inc flu hosp,2,2026-09-12,02,quantile,0.65,1.7880424689985832
2026-08-29,wk inc flu hosp,2,2026-09-12,02,quantile,0.7,1.9240234807745495
2026-08-29,wk inc flu hosp,2,2026-09-12,02,quantile,0.75,1.9973054235908063
2026-08-29,wk inc flu hosp,2,2026-09-12,02,quantile,0.8,2.358527441403813
2026-08-29,wk inc flu hosp,2,2026-09-12,02,quantile,0.85,2.543562376963843
2026-08-29,wk inc flu hosp,2,2026-09-12,02,quantile,0.9,2.765066913642665
2026-08-29,wk inc flu hosp,2,2026-09-12,02,quantile,0.95,3.2708985182416073
2026-08-29,wk inc flu hosp,2,2026-09-12,02,quantile,0.975,4.1760521357323
2026-08-29,wk inc flu hosp,2,2026-09-12,02,quantile,0.99,5.10899727016335
2026-08-29,wk inc flu hosp,3,2026-09-19,02,quantile,0.01,0.019134765616324954
2026-08-29,wk inc flu hosp,3,2026-09-19,02,quantile,0.025,0.03462078649941532
2026-08-29,wk inc flu hosp,3,2026-09-19,02,quantile,0.05,0.0578541851491387
2026-08-29,wk inc flu hosp,3,2026-09-19,02,quantile,0.1,0.16100469513509122
2026-08-29,wk inc flu hosp,3,2026-09-19,02,quantile,0.15,0.3895166452649174
2026-08-29,wk inc flu hosp,3,2026-09-19,02,quantile,0.2,0.774661819279565
2026-08-29,wk inc flu hosp,3,2026-09-19,02,quantile,0.25,1.0005484662130057
2026-08-29,wk inc flu hosp,3,2026-09-19,02,quantile,0.3,1.2778254250536674
2026-08-29,wk inc flu hosp,3,2026-09-19,02,quantile,0.35,1.4057550811785442
2026-08-29,wk inc flu hosp,3,2026-09-19,02,quantile,0.4,1.6588612099602627
2026-08-29,wk inc flu hosp,3,2026-09-19,02,quantile,0.45,1.6968676854224882
2026-08-29,wk inc flu hosp,3,2026-09-19,02,quantile,0.5,1.787219830097094
2026-08-29,wk inc flu hosp,3,2026-09-19,02,quantile,0.55,1.9519280747893772
2026-08-29,wk inc flu hosp,3,2026-09-19,02,quantile,0.6,2.0470326859989187
2026-08-29,wk inc flu hosp,3,2026-09-19,02,quantile,0.65,2.0969794642911737
2026-08-29,wk inc flu hosp,3,2026-09-19,02,quantile,0.7,2.2484170201689047
2026-08-29,wk inc flu hosp,3,2026-09-19,02,quantile,0.75,2.3087665992369497
2026-08-29,wk inc flu hosp,3,2026-09-19,02,quantile,0.8,2.425359265183336
2026-08-29,wk inc flu hosp,3,2026-09-19,02,quantile,0.85,2.5536000709533426
2026-08-29,wk inc flu hosp,3,2026-09-19,02,quantile,0.9,2.862312525693498
2026-08-29,wk inc flu hosp,3,2026-09-19,02,quantile,0.95,4.204942460566268
2026-08-29,wk inc flu hosp,3,2026-09-19,02,quantile,0.975,5.37519249998952
2026-08-29,wk inc flu hosp,3,2026-09-19,02,quantile,0.99,7.3454890938677435
2026-08-29,wk inc flu hosp,-1,2026-08-22,01,quantile,0.01,0.34707798721275496
2026-08-29,wk inc flu hosp,-1,2026-08-22,01,quantile,0.025,0.8195615946639414
2026-08-29,wk inc flu hosp,-1,2026-08-22,01,quantile,0.05,1.7331881954495651
2026-08-29,wk inc flu hosp,-1,2026-08-22,01,quantile,0.1,3.2958612530018643
2026-08-29,wk inc flu hosp,-1,2026-08-22,01,quantile,0.15,5.784830820026914
2026-08-29,wk inc flu hosp,-1,2026-08-22,01,quantile,0.2,6.950104723057608
2026-08-29,wk inc flu hosp,-1,2026-08-22,01,quantile,0.25,8.351992452357319
2026-08-29,wk inc flu hosp,-1,2026-08-22,01,quantile,0.3,8.886830334281692
2026-08-29,wk inc flu hosp,-1,2026-08-22,01,quantile,0.35,9.78465695284679
2026-08-29,wk inc flu hosp,-1,2026-08-22,01,quantile,0.4,10.308494303009406
2026-08-29,wk inc flu hosp,-1,2026-08-22,01,quantile,0.45,10.678209475715276
2026-08-29,wk inc flu hosp,-1,2026-08-22,01,quantile,0.5,11.008760560950472
2026-08-29,wk inc flu hosp,-1,2026-08-22,01,quantile,0.55,11.458057274708663
2026-08-29,wk inc flu hosp,-1,2026-08-22,01,quantile,0.6,12.19239525142041
2026-08-29,wk inc flu hosp,-1,2026-08-22,01,quantile,0.65,12.869387652162413
2026-08-29,wk inc flu hosp,-1,2026-08-22,01,quantile,0.7,13.644408309875825
2026-08-29,wk inc flu hosp,-1,2026-08-22,01,quantile,0.75,14.340523775807036
2026-08-29,wk inc flu hosp,-1,2026-08-22,01,quantile,0.8,14.836744706770359
2026-08-29,wk inc flu hosp,-1,2026-08-22,01,quantile,0.85,15.734540477805627
2026-08-29,wk inc flu hosp,-1,2026-08-22,01,quantile,0.9,19.222876146848197
2026-08-29,wk inc flu hosp,-1,2026-08-22,01,quantile,0.95,22.101911955142228
2026-08-29,wk inc flu hosp,-1,2026-08-22,01,quantile,0.975,26.325735918059404
2026-08-29,wk inc flu hosp,-1,2026-08-22,01,quantile,0.99,31.705583979593023
2026-08-29,wk inc flu hosp,0,2026-08-29,01,quantile,0.01,0.6282225550789723
2026-08-29,wk inc flu hosp,0,2026-08-29,01,quantile,0.025,1.1579466922320423
2026-08-29,wk inc flu hosp,0,2026-08-29,01,quantile,0.05,1.3323311534591407
2026-08-29,wk inc flu hosp,0,2026-08-29,01,quantile,0.1,2.5961673960544744
2026-08-29,wk inc flu hosp,0,2026-08-29,01,quantile,0.15,4.390987214761744
2026-08-29,wk inc flu hosp,0,2026-08-29,01,quantile,0.2,5.338271147361281
2026-08-29,wk inc flu hosp,0,2026-08-29,01,quantile,0.25,6.049189116017153
2026-08-29,wk inc flu hosp,0,2026-08-29,01,quantile,0.3,6.505841534828147
2026-08-29,wk inc flu hosp,0,2026-08-29,01,quantile,0.35,7.164824671885068
2026-08-29,wk inc flu hosp,0,2026-08-29,01,quantile,0.4,7.786401498998212
2026-08-29,wk inc flu hosp,0,2026-08-29,01,quantile,0.45,8.920779485447456
2026-08-29,wk inc flu hosp,0,2026-08-29,01,quantile,0.5,9.214071783752855
2026-08-29,wk inc flu hosp,0,2026-08-29,01,quantile,0.55,9.859547206810497
2026-08-29,wk inc flu hosp,0,2026-08-29,01,quantile,0.6,10.482751638569745
2026-08-29,wk inc flu hosp,0,2026-08-29,01,quantile,0.65,11.415780792621364
2026-08-29,wk inc flu hosp,0,2026-08-29,01,quantile,0.7,12.329795570559009
2026-08-29,wk inc flu hosp,0,2026-08-29,01,quantile,0.75,13.24684401498525
2026-08-29,wk inc flu hosp,0,2026-08-29,01,quantile,0.8,14.287906150497506
2026-08-29,wk inc flu hosp,0,2026-08-29,01,quantile,0.85,15.62507325739955
2026-08-29,wk inc flu hosp,0,2026-08-29,01,quantile,0.9,17.85569234809865
2026-08-29,wk inc flu hosp,0,2026-08-29,01,quantile,0.95,21.64961245825254
2026-08-29,wk inc flu hosp,0,2026-08-29,01,quantile,0.975,26.667052647195987
2026-08-29,wk inc flu hosp,0,2026-08-29,01,quantile,0.99,30.814495805914532
2026-08-29,wk inc flu hosp,1,2026-09-05,01,quantile,0.01,0.8173117744915941
2026-08-29,wk inc flu hosp,1,2026-09-05,01,quantile,0.025,1.1088991264166626
2026-08-29,wk inc flu hosp,1,2026-09-05,01,quantile,0.05,1.3219270243382801
2026-08-29,wk inc flu hosp,1,2026-09-05,01,quantile,0.1,2.8519032148547248
2026-08-29,wk inc flu hosp,1,2026-09-05,01,quantile,0.15,4.165897622843301
2026-08-29,wk inc flu hosp,1,2026-09-05,01,quantile,0.2,5.849222393089312
2026-08-29,wk inc flu hosp,1,2026-09-05,01,quantile,0.25,6.757120516426082
2026-08-29,wk inc flu hosp,1,2026-09-05,01,quantile,0.3,7.654100678807562
2026-08-29,wk inc flu hosp,1,2026-09-05,01,quantile,0.35,8.271089085996524
2026-08-29,wk inc flu hosp,1,2026-09-05,01,quantile,0.4,9.080127980025601
2026-08-29,wk inc flu hosp,1,2026-09-05,01,quantile,0.45,10.092405847421807
2026-08-29,wk inc flu hosp,1,2026-09-05,01,quantile,0.5,10.791498361706449
2026-08-29,wk inc flu hosp,1,2026-09-05,01,quantile,0.55,11.055605853048016
2026-08-29,wk inc flu hosp,1,2026-09-05,01,quantile,0.6,11.459353009568849
2026-08-29,wk inc flu hosp,1,2026-09-05,01,quantile,0.65,11.748484378385662
2026-08-29,wk inc flu hosp,1,2026-09-05,01,quantile,0.7,12.077552476378889
2026-08-29,wk inc flu hosp,1,2026-09-05,01,quantile,0.75,13.7230135374551
2026-08-29,wk inc flu hosp,1,2026-09-05,01,quantile,0.8,14.33523140241923
2026-08-29,wk inc flu hosp,1,2026-09-05,01,quantile,0.85,15.697696021513586
2026-08-29,wk inc flu hosp,1,2026-09-05,01,quantile,0.9,18.29038718136704
2026-08-29,wk inc flu hosp,1,2026-09-05,01,quantile,0.95,23.546763562833384
2026-08-29,wk inc flu hosp,1,2026-09-05,01,quantile,0.975,26.786906774129594
2026-08-29,wk inc flu hosp,1,2026-09-05,01,quantile,0.99,34.77346597583047
2026-08-29,wk inc flu hosp,2,2026-09-12,01,quantile,0.01,0.2638881342744349
2026-08-29,wk inc flu hosp,2,2026-09-12,01,quantile,0.025,0.49044727604892874
2026-08-29,wk inc flu hosp,2,2026-09-12,01,quantile,0.05,0.9294457099696817
2026-08-29,wk inc flu hosp,2,2026-09-12,01,quantile,0.1,1.4820747755913706
2026-08-29,wk inc flu hosp,2,2026-09-12,01,quantile,0.15,2.57935973639892
2026-08-29,wk inc flu hosp,2,2026-09-12,01,quantile,0.2,3.5906693819108018
2026-08-29,wk inc flu hosp,2,2026-09-12,01,quantile,0.25,4.364560071888446
2026-08-29,wk inc flu hosp,2,2026-09-12,01,quantile,0.3,5.383968174237675
2026-08-29,wk inc flu hosp,2,2026-09-12,01,quantile,0.35,6.161195662616806
2026-08-29,wk inc flu hosp,2,2026-09-12,01,quantile,0.4,6.585073296588142
2026-08-29,wk inc flu hosp,2,2026-09-12,01,quantile,0.45,7.0806293859104485
2026-08-29,wk inc flu hosp,2,2026-09-12,01,quantile,0.5,7.671576285220173
2026-08-29,wk inc flu hosp,2,2026-09-12,01,quantile,0.55,8.167984150672414
2026-08-29,wk inc flu hosp,2,2026-09-12,01,quantile,0.6,9.093823944842809
2026-08-29,wk inc flu hosp,2,2026-09-12,01,quantile,0.65,9.612809835194053
2026-08-29,wk inc flu hosp,2,2026-09-12,01,quantile,0.7,10.332101994839402
2026-08-29,wk inc flu hosp,2,2026-09-12,01,quantile,0.75,10.916937671469322
2026-08-29,wk inc flu hosp,2,2026-09-12,01,quantile,0.8,12.961096598346213
2026-08-29,wk inc flu hosp,2,2026-09-12,01,quantile,0.85,14.647878492167075
2026-08-29,wk inc flu hosp,2,2026-09-12,01,quantile,0.9,17.152336640189866
2026-08-29,wk inc flu hosp,2,2026-09-12,01,quantile,0.95,21.416928046073053
2026-08-29,wk inc flu hosp,2,2026-09-12,01,quantile,0.975,26.62539894414158
2026-08-29,wk inc flu hosp,2,2026-09-12,01,quantile,0.99,30.389410031556356
2026-08-29,wk inc flu hosp,3,2026-09-19,01,quantile,0.01,0.26999863178529254
2026-08-29,wk inc flu hosp,3,2026-09-19,01,quantile,0.025,0.8397218556166867
2026-08-29,wk inc flu hosp,3,2026-09-19,01,quantile,0.05,1.0493560591333126
2026-08-29,wk inc flu hosp,3,2026-09-19,01,quantile,0.1,1.6830652781077036
2026-08-29,wk inc flu hosp,3,2026-09-19,01,quantile,0.15,3.0332430433948567
2026-08-29,wk inc flu hosp,3,2026-09-19,01,quantile,0.2,4.4988607726193335
2026-08-29,wk inc flu hosp,3,2026-09-19,01,quantile,0.25,5.5954329181776705
2026-08-29,wk inc flu hosp,3,2026-09-19,01,quantile,0.3,6.630272357613123
2026-08-29,wk inc flu hosp,3,2026-09-19,01,quantile,0.35,7.293758770118312
2026-08-29,wk inc flu hosp,3,2026-09-19,01,quantile,0.4,8.331324772375927
2026-08-29,wk inc flu hosp,3,2026-09-19,01,quantile,0.45,8.577651953703121
2026-08-29,wk inc flu hosp,3,2026-09-19,01,quantile,0.5,9.256881587511337
2026-08-29,wk inc flu hosp,3,2026-09-19,01,quantile,0.55,9.69589867405591
2026-08-29,wk inc flu hosp,3,2026-09-19,01,quantile,0.6,9.904161077281183
2026-08-29,wk inc flu hosp,3,2026-09-19,01,quantile,0.65,10.734099267798936
2026-08-29,wk inc flu hosp,3,2026-09-19,01,quantile,0.7,11.432132266296225
2026-08-29,wk inc flu hosp,3,2026-09-19,01,quantile,0.75,12.165460466773201
2026-08-29,wk inc flu hosp,3,2026-09-19,01,quantile,0.8,13.115498543440086
2026-08-29,wk inc flu hosp,3,2026-09-19,01,quantile,0.85,15.316377289612502
2026-08-29,wk inc flu hosp,3,2026-09-19,01,quantile,0.9,17.643076859176265
2026-08-29,wk inc flu hosp,3,2026-09-19,01,quantile,0.95,24.28026409039148
2026-08-29,wk inc flu hosp,3,2026-09-19,01,quantile,0.975,31.66674444304489
2026-08-29,wk inc flu hosp,3,2026-09-19,01,quantile,0.99,46.0342494591981
2026-08-29,wk inc flu hosp,-1,2026-08-22,05,quantile,0.01,0.007715933226415327
2026-08-29,wk inc flu hosp,-1,2026-08-22,05,quantile,0.025,0.05498191312419798
2026-08-29,wk inc flu hosp,-1,2026-08-22,05,quantile,0.05,0.08198736379187874
2026-08-29,wk inc flu hosp,-1,2026-08-22,05,quantile,0.1,0.10862640438830128
2026-08-29,wk inc flu hosp,-1,2026-08-22,05,quantile,0.15,0.12441056739240836
2026-08-29,wk inc flu hosp,-1,2026-08-22,05,quantile,0.2,0.15117860513776193
2026-08-29,wk inc flu hosp,-1,2026-08-22,05,quantile,0.25,0.1709297187269095
2026-08-29,wk inc flu hosp,-1,2026-08-22,05,quantile,0.3,0.19805408536086272
2026-08-29,wk inc flu hosp,-1,2026-08-22,05,quantile,0.35,0.23205909530717364
2026-08-29,wk inc flu hosp,-1,2026-08-22,05,quantile,0.4,0.27602651572042775
2026-08-29,wk inc flu hosp,-1,2026-08-22,05,quantile,0.45,0.32279313404756504
2026-08-29,wk inc flu hosp,-1,2026-08-22,05,quantile,0.5,0.5252482026317625
2026-08-29,wk inc flu hosp,-1,2026-08-22,05,quantile,0.55,0.9564474473345965
2026-08-29,wk inc flu hosp,-1,2026-08-22,05,quantile,0.6,1.4183241555789081
2026-08-29,wk inc flu hosp,-1,2026-08-22,05,quantile,0.65,1.6668292642964486
2026-08-29,wk inc flu hosp,-1,2026-08-22,05,quantile,0.7,1.7079090815685778
2026-08-29,wk inc flu hosp,-1,2026-08-22,05,quantile,0.75,2.5187240707758485
2026-08-29,wk inc flu hosp,-1,2026-08-22,05,quantile,0.8,2.9608591876253367
2026-08-29,wk inc flu hosp,-1,2026-08-22,05,quantile,0.85,4.0589783551182945
2026-08-29,wk inc flu hosp,-1,2026-08-22,05,quantile,0.9,6.717091053822488
2026-08-29,wk inc flu hosp,-1,2026-08-22,05,quantile,0.95,8.99929760955193
2026-08-29,wk inc flu hosp,-1,2026-08-22,05,quantile,0.975,17.30510468451953
2026-08-29,wk inc flu hosp,-1,2026-08-22,05,quantile,0.99,20.029444257887686
2026-08-29,wk inc flu hosp,0,2026-08-29,05,quantile,0.01,0.03691169967778815
2026-08-29,wk inc flu hosp,0,2026-08-29,05,quantile,0.025,0.07593323616461818
2026-08-29,wk inc flu hosp,0,2026-08-29,05,quantile,0.05,0.16667684933232466
2026-08-29,wk inc flu hosp,0,2026-08-29,05,quantile,0.1,0.3028577026496977
2026-08-29,wk inc flu hosp,0,2026-08-29,05,quantile,0.15,0.3953053974540034
2026-08-29,wk inc flu hosp,0,2026-08-29,05,quantile,0.2,0.5112840393384218
2026-08-29,wk inc flu hosp,0,2026-08-29,05,quantile,0.25,0.6500641820238966
2026-08-29,wk inc flu hosp,0,2026-08-29,05,quantile,0.3,0.7424566456258277
2026-08-29,wk inc flu hosp,0,2026-08-29,05,quantile,0.35,0.7984750911349788
2026-08-29,wk inc flu hosp,0,2026-08-29,05,quantile,0.4,0.8148168364222154
2026-08-29,wk inc flu hosp,0,2026-08-29,05,quantile,0.45,0.9566624236733321
2026-08-29,wk inc flu hosp,0,2026-08-29,05,quantile,0.5,1.1650612294864602
2026-08-29,wk inc flu hosp,0,2026-08-29,05,quantile,0.55,1.3255099806542858
2026-08-29,wk inc flu hosp,0,2026-08-29,05,quantile,0.6,1.6516974606062127
2026-08-29,wk inc flu hosp,0,2026-08-29,05,quantile,0.65,1.956747083869774
2026-08-29,wk inc flu hosp,0,2026-08-29,05,quantile,0.7,2.5294143834383136
2026-08-29,wk inc flu hosp,0,2026-08-29,05,quantile,0.75,2.8137040039894563
2026-08-29,wk inc flu hosp,0,2026-08-29,05,quantile,0.8,3.1031321123128355
2026-08-29,wk inc flu hosp,0,2026-08-29,05,quantile,0.85,3.5896582242139106
2026-08-29,wk inc flu hosp,0,2026-08-29,05,quantile,0.9,5.67297612744445
2026-08-29,wk inc flu hosp,0,2026-08-29,05,quantile,0.95,7.74769512000885
2026-08-29,wk inc flu hosp,0,2026-08-29,05,quantile,0.975,13.12364102111543
2026-08-29,wk inc flu hosp,0,2026-08-29,05,quantile,0.99,19.270989947717137
2026-08-29,wk inc flu hosp,1,2026-09-05,05,quantile,0.01,0.0030326061741427876
2026-08-29,wk inc flu hosp,1,2026-09-05,05,quantile,0.025,0.09037057128093114
2026-08-29,wk inc flu hosp,1,2026-09-05,05,quantile,0.05,0.12099331109793372
2026-08-29,wk inc flu hosp,1,2026-09-05,05,quantile,0.1,0.26911466186923383
2026-08-29,wk inc flu hosp,1,2026-09-05,05,quantile,0.15,0.3288254866146093
2026-08-29,wk inc flu hosp,1,2026-09-05,05,quantile,0.2,0.39458519122705166
2026-08-29,wk inc flu hosp,1,2026-09-05,05,quantile,0.25,0.3987423830311784
2026-08-29,wk inc flu hosp,1,2026-09-05,05,quantile,0.3,0.4381104376170126
2026-08-29,wk inc flu hosp,1,2026-09-05,05,quantile,0.35,0.4451661199944536
2026-08-29,wk inc flu hosp,1,2026-09-05,05,quantile,0.4,0.4811976545973156
2026-08-29,wk inc flu hosp,1,2026-09-05,05,quantile,0.45,0.5368517164791033
2026-08-29,wk inc flu hosp,1,2026-09-05,05,quantile,0.5,0.6962974319342325
2026-08-29,wk inc flu hosp,1,2026-09-05,05,quantile,0.55,0.7780693363207114
2026-08-29,wk inc flu hosp,1,2026-09-05,05,quantile,0.6,1.2311604643254122
2026-08-29,wk inc flu hosp,1,2026-09-05,05,quantile,0.65,1.376255256773629
2026-08-29,wk inc flu hosp,1,2026-09-05,05,quantile,0.7,1.5018189002474205
2026-08-29,wk inc flu hosp,1,2026-09-05,05,quantile,0.75,1.950495264073074
2026-08-29,wk inc flu hosp,1,2026-09-05,05,quantile,0.8,2.794062927511228
2026-08-29,wk inc flu hosp,1,2026-09-05,05,quantile,0.85,4.065252638940933
2026-08-29,wk inc flu hosp,1,2026-09-05,05,quantile,0.9,5.729033523779332
2026-08-29,wk inc flu hosp,1,2026-09-05,05,quantile,0.95,8.562609980113283
2026-08-29,wk inc flu hosp,1,2026-09-05,05,quantile,0.975,16.78417736680472
2026-08-29,wk inc flu hosp,1,2026-09-05,05,quantile,0.99,20.720648622947706
2026-08-29,wk inc flu hosp,2,2026-09-12,05,quantile,0.01,0.23606053666208196
2026-08-29,wk inc flu hosp,2,2026-09-12,05,quantile,0.025,0.27959791653483707
2026-08-29,wk inc flu hosp,2,2026-09-12,05,quantile,0.05,0.38677747662032047
2026-08-29,wk inc flu hosp,2,2026-09-12,05,quantile,0.1,0.4340771311716968
2026-08-29,wk inc flu hosp,2,2026-09-12,05,quantile,0.15,0.5875199828327997
2026-08-29,wk inc flu hosp,2,2026-09-12,05,quantile,0.2,0.984611423045946
2026-08-29,wk inc flu hosp,2,2026-09-12,05,quantile,0.25,1.2220827908762828
2026-08-29,wk inc flu hosp,2,2026-09-12,05,quantile,0.3,1.2448747434406113
2026-08-29,wk inc flu hosp,2,2026-09-12,05,quantile,0.35,1.255636381177375
2026-08-29,wk inc flu hosp,2,2026-09-12,05,quantile,0.4,1.3159300053372227
2026-08-29,wk inc flu hosp,2,2026-09-12,05,quantile,0.45,1.4416759561889303
2026-08-29,wk inc flu hosp,2,2026-09-12,05,quantile,0.5,1.6737057113273934
2026-08-29,wk inc flu hosp,2,2026-09-12,05,quantile,0.55,1.8678806823112557
2026-08-29,wk inc flu hosp,2,2026-09-12,05,quantile,0.6,2.1006807496651083
2026-08-29,wk inc flu hosp,2,2026-09-12,05,quantile,0.65,2.1978353545741385
2026-08-29,wk inc flu hosp,2,2026-09-12,05,quantile,0.7,2.4347720076155235
2026-08-29,wk inc flu hosp,2,2026-09-12,05,quantile,0.75,2.6388899734644347
2026-08-29,wk inc flu hosp,2,2026-09-12,05,quantile,0.8,3.04095901812222
2026-08-29,wk inc flu hosp,2,2026-09-12,05,quantile,0.85,3.3546356016438126
2026-08-29,wk inc flu hosp,2,2026-09-12,05,quantile,0.9,4.564878358810328
2026-08-29,wk inc flu hosp,2,2026-09-12,05,quantile,0.95,7.473866695169581
2026-08-29,wk inc flu hosp,2,2026-09-12,05,quantile,0.975,9.470662545176513
2026-08-29,wk inc flu hosp,2,2026-09-12,05,quantile,0.99,20.591393878485203
2026-08-29,wk inc flu hosp,3,2026-09-19,05,quantile,0.01,0
2026-08-29,wk inc flu hosp,3,2026-09-19,05,quantile,0.025,0.6151190257291145
2026-08-29,wk inc flu hosp,3,2026-09-19,05,quantile,0.05,0.6774156834919391
2026-08-29,wk inc flu hosp,3,2026-09-19,05,quantile,0.1,0.9459267594954124
2026-08-29,wk inc flu hosp,3,2026-09-19,05,quantile,0.15,1.008771173149619
2026-08-29,wk inc flu hosp,3,2026-09-19,05,quantile,0.2,1.0200055457532755
2026-08-29,wk inc flu hosp,3,2026-09-19,05,quantile,0.25,1.0520271240111725
2026-08-29,wk inc flu hosp,3,2026-09-19,05,quantile,0.3,1.1050070861940153
2026-08-29,wk inc flu hosp,3,2026-09-19,05,quantile,0.35,1.1112101479360035
2026-08-29,wk inc flu hosp,3,2026-09-19,05,quantile,0.4,1.1646647309449454
2026-08-29,wk inc flu hosp,3,2026-09-19,05,quantile,0.45,1.3356948369842108
2026-08-29,wk inc flu hosp,3,2026-09-19,05,quantile,0.5,1.4469133755302246
2026-08-29,wk inc flu hosp,3,2026-09-19,05,quantile,0.55,1.474693097530587
2026-08-29,wk inc flu hosp,3,2026-09-19,05,quantile,0.6,2.425833158393061
2026-08-29,wk inc flu hosp,3,2026-09-19,05,quantile,0.65,2.5151180080638333
2026-08-29,wk inc flu hosp,3,2026-09-19,05,quantile,0.7,2.647321524464134
2026-08-29,wk inc flu hosp,3,2026-09-19,05,quantile,0.75,3.10882967971478
2026-08-29,wk inc flu hosp,3,2026-09-19,05,quantile,0.8,3.815723662171129
2026-08-29,wk inc flu hosp,3,2026-09-19,05,quantile,0.85,8.516543837594218
2026-08-29,wk inc flu hosp,3,2026-09-19,05,quantile,0.9,9.964382668474284
2026-08-29,wk inc flu hosp,3,2026-09-19,05,quantile,0.95,12.18177578425292
2026-08-29,wk inc flu hosp,3,2026-09-19,05,quantile,0.975,17.029999218178432
2026-08-29,wk inc flu hosp,3,2026-09-19,05,quantile,0.99,29.177749929038505
2026-08-29,wk inc flu hosp,-1,2026-08-22,04,quantile,0.01,0.10077922722399438
2026-08-29,wk inc flu hosp,-1,2026-08-22,04,quantile,0.025,0.34985298216321714
2026-08-29,wk inc flu hosp,-1,2026-08-22,04,quantile,0.05,1.7797225744604221
2026-08-29,wk inc flu hosp,-1,2026-08-22,04,quantile,0.1,3.7803018114875413
2026-08-29,wk inc flu hosp,-1,2026-08-22,04,quantile,0.15,4.135047906211058
2026-08-29,wk inc flu hosp,-1,2026-08-22,04,quantile,0.2,4.3137114699354875
2026-08-29,wk inc flu hosp,-1,2026-08-22,04,quantile,0.25,4.714466526846113
2026-08-29,wk inc flu hosp,-1,2026-08-22,04,quantile,0.3,4.853598805543951
2026-08-29,wk inc flu hosp,-1,2026-08-22,04,quantile,0.35,5.164805620844754
2026-08-29,wk inc flu hosp,-1,2026-08-22,04,quantile,0.4,5.33947429993589
2026-08-29,wk inc flu hosp,-1,2026-08-22,04,quantile,0.45,5.75959471116206
2026-08-29,wk inc flu hosp,-1,2026-08-22,04,quantile,0.5,6.272686671902272
2026-08-29,wk inc flu hosp,-1,2026-08-22,04,quantile,0.55,7.477164662759315
2026-08-29,wk inc flu hosp,-1,2026-08-22,04,quantile,0.6,8.471047361663693
2026-08-29,wk inc flu hosp,-1,2026-08-22,04,quantile,0.65,9.320830321672297
2026-08-29,wk inc flu hosp,-1,2026-08-22,04,quantile,0.7,10.542675519149082
2026-08-29,wk inc flu hosp,-1,2026-08-22,04,quantile,0.75,13.700542621252659
2026-08-29,wk inc flu hosp,-1,2026-08-22,04,quantile,0.8,14.74953299308055
2026-08-29,wk inc flu hosp,-1,2026-08-22,04,quantile,0.85,16.925594883554005
2026-08-29,wk inc flu hosp,-1,2026-08-22,04,quantile,0.9,22.355947723494946
2026-08-29,wk inc flu hosp,-1,2026-08-22,04,quantile,0.95,32.61866755080674
2026-08-29,wk inc flu hosp,-1,2026-08-22,04,quantile,0.975,50.55513850928741
2026-08-29,wk inc flu hosp,-1,2026-08-22,04,quantile,0.99,58.5650988948764
2026-08-29,wk inc flu hosp,0,2026-08-29,04,quantile,0.01,0.33137179609373907
2026-08-29,wk inc flu hosp,0,2026-08-29,04,quantile,0.025,1.6618125966802553
2026-08-29,wk inc flu hosp,0,2026-08-29,04,quantile,0.05,1.7484255768606771
2026-08-29,wk inc flu hosp,0,2026-08-29,04,quantile,0.1,3.6731346095027595
2026-08-29,wk inc flu hosp,0,2026-08-29,04,quantile,0.15,4.2889593477468475
2026-08-29,wk inc flu hosp,0,2026-08-29,04,quantile,0.2,4.379797293575316
2026-08-29,wk inc flu hosp,0,2026-08-29,04,quantile,0.25,4.787092977296438
2026-08-29,wk inc flu hosp,0,2026-08-29,04,quantile,0.3,4.935076468907918
2026-08-29,wk inc flu hosp,0,2026-08-29,04,quantile,0.35,5.568706140968584
2026-08-29,wk inc flu hosp,0,2026-08-29,04,quantile,0.4,5.793028810746204
2026-08-29,wk inc flu hosp,0,2026-08-29,04,quantile,0.45,7.015046904063636
2026-08-29,wk inc flu hosp,0,2026-08-29,04,quantile,0.5,7.777899221276221
2026-08-29,wk inc flu hosp,0,2026-08-29,04,quantile,0.55,8.73911763872619
2026-08-29,wk inc flu hosp,0,2026-08-29,04,quantile,0.6,10.625154093765895
2026-08-29,wk inc flu hosp,0,2026-08-29,04,quantile,0.65,12.160804287378085
2026-08-29,wk inc flu hosp,0,2026-08-29,04,quantile,0.7,13.493936887608438
2026-08-29,wk inc flu hosp,0,2026-08-29,04,quantile,0.75,16.030979615596987
2026-08-29,wk inc flu hosp,0,2026-08-29,04,quantile,0.8,18.45855352927469
2026-08-29,wk inc flu hosp,0,2026-08-29,04,quantile,0.85,19.725982105754962
2026-08-29,wk inc flu hosp,0,2026-08-29,04,quantile,0.9,25.435314533348617
2026-08-29,wk inc flu hosp,0,2026-08-29,04,quantile,0.95,35.358320395470756
2026-08-29,wk inc flu hosp,0,2026-08-29,04,quantile,0.975,52.952948630167995
2026-08-29,wk inc flu hosp,0,2026-08-29,04,quantile,0.99,66.20868281997232
2026-08-29,wk inc flu hosp,1,2026-09-05,04,quantile,0.01,0.3420156636230965
2026-08-29,wk inc flu hosp,1,2026-09-05,04,quantile,0.025,1.2249114057670725
2026-08-29,wk inc flu hosp,1,2026-09-05,04,quantile,0.05,1.98111503517303
2026-08-29,wk inc flu hosp,1,2026-09-05,04,quantile,0.1,4.1624681702138515
2026-08-29,wk inc flu hosp,1,2026-09-05,04,quantile,0.15,4.7160468648788685
2026-08-29,wk inc flu hosp,1,2026-09-05,04,quantile,0.2,5.4920314747872085
2026-08-29,wk inc flu hosp,1,2026-09-05,04,quantile,0.25,6.097913811727559
2026-08-29,wk inc flu hosp,1,2026-09-05,04,quantile,0.3,6.632587092831946
2026-08-29,wk inc flu hosp,1,2026-09-05,04,quantile,0.35,7.5658127183069785
2026-08-29,wk inc flu hosp,1,2026-09-05,04,quantile,0.4,8.096212149087854
2026-08-29,wk inc flu hosp,1,2026-09-05,04,quantile,0.45,8.233142303070768
2026-08-29,wk inc flu hosp,1,2026-09-05,04,quantile,0.5,9.683002896262936
2026-08-29,wk inc flu hosp,1,2026-09-05,04,quantile,0.55,9.955165876794531
2026-08-29,wk inc flu hosp,1,2026-09-05,04,quantile,0.6,11.821525966081213
2026-08-29,wk inc flu hosp,1,2026-09-05,04,quantile,0.65,12.280295710454308
2026-08-29,wk inc flu hosp,1,2026-09-05,04,quantile,0.7,12.479001205659689
2026-08-29,wk inc flu hosp,1,2026-09-05,04,quantile,0.75,16.307931179397475
2026-08-29,wk inc flu hosp,1,2026-09-05,04,quantile,0.8,18.868548897655085
2026-08-29,wk inc flu hosp,1,2026-09-05,04,quantile,0.85,24.00221996243609
2026-08-29,wk inc flu hosp,1,2026-09-05,04,quantile,0.9,32.66364513717012
2026-08-29,wk inc flu hosp,1,2026-09-05,04,quantile,0.95,48.37344844692627
2026-08-29,wk inc flu hosp,1,2026-09-05,04,quantile,0.975,57.61420998313378
2026-08-29,wk inc flu hosp,1,2026-09-05,04,quantile,0.99,77.01166066853553
2026-08-29,wk inc flu hosp,2,2026-09-12,04,quantile,0.01,0.3700491207038602
2026-08-29,wk inc flu hosp,2,2026-09-12,04,quantile,0.025,0.6101331913628255
2026-08-29,wk inc flu hosp,2,2026-09-12,04,quantile,0.05,1.2136693168118016
2026-08-29,wk inc flu hosp,2,2026-09-12,04,quantile,0.1,1.500139146604422
2026-08-29,wk inc flu hosp,2,2026-09-12,04,quantile,0.15,2.5027662994943327
2026-08-29,wk inc flu hosp,2,2026-09-12,04,quantile,0.2,3.258304292671193
2026-08-29,wk inc flu hosp,2,2026-09-12,04,quantile,0.25,4.167722990752678
2026-08-29,wk inc flu hosp,2,2026-09-12,04,quantile,0.3,5.124810475256033
2026-08-29,wk inc flu hosp,2,2026-09-12,04,quantile,0.35,6.1217246624020145
2026-08-29,wk inc flu hosp,2,2026-09-12,04,quantile,0.4,6.2621628602885355
2026-08-29,wk inc flu hosp,2,2026-09-12,04,quantile,0.45,6.729510380076915
2026-08-29,wk inc flu hosp,2,2026-09-12,04,quantile,0.5,7.4201667946937455
2026-08-29,wk inc flu hosp,2,2026-09-12,04,quantile,0.55,8.187374110808888
2026-08-29,wk inc flu hosp,2,2026-09-12,04,quantile,0.6,9.697542088541029
2026-08-29,wk inc flu hosp,2,2026-09-12,04,quantile,0.65,9.960573230194008
2026-08-29,wk inc flu hosp,2,2026-09-12,04,quantile,0.7,11.312997622648506
2026-08-29,wk inc flu hosp,2,2026-09-12,04,quantile,0.75,12.193068068364664
2026-08-29,wk inc flu hosp,2,2026-09-12,04,quantile,0.8,16.232886367865976
2026-08-29,wk inc flu hosp,2,2026-09-12,04,quantile,0.85,19.920011353108517
2026-08-29,wk inc flu hosp,2,2026-09-12,04,quantile,0.9,26.49466847415949
2026-08-29,wk inc flu hosp,2,2026-09-12,04,quantile,0.95,34.13546250737579
2026-08-29,wk inc flu hosp,2,2026-09-12,04,quantile,0.975,39.57715190630964
2026-08-29,wk inc flu hosp,2,2026-09-12,04,quantile,0.99,54.40446288365965
2026-08-29,wk inc flu hosp,3,2026-09-19,04,quantile,0.01,0.0445391489341095
2026-08-29,wk inc flu hosp,3,2026-09-19,04,quantile,0.025,2.492766360965477
2026-08-29,wk inc flu hosp,3,2026-09-19,04,quantile,0.05,3.0061009057355537
2026-08-29,wk inc flu hosp,3,2026-09-19,04,quantile,0.1,3.813265078659675
2026-08-29,wk inc flu hosp,3,2026-09-19,04,quantile,0.15,4.6956437062397285
2026-08-29,wk inc flu hosp,3,2026-09-19,04,quantile,0.2,5.081449373442233
2026-08-29,wk inc flu hosp,3,2026-09-19,04,quantile,0.25,6.45355822529625
2026-08-29,wk inc flu hosp,3,2026-09-19,04,quantile,0.3,7.587978786072698
2026-08-29,wk inc flu hosp,3,2026-09-19,04,quantile,0.35,8.604744406474849
2026-08-29,wk inc flu hosp,3,2026-09-19,04,quantile,0.4,10.126344519701666
2026-08-29,wk inc flu hosp,3,2026-09-19,04,quantile,0.45,10.461629084464144
2026-08-29,wk inc flu hosp,3,2026-09-19,04,quantile,0.5,10.789696456096326
2026-08-29,wk inc flu hosp,3,2026-09-19,04,quantile,0.55,11.190319904711052
2026-08-29,wk inc flu hosp,3,2026-09-19,04,quantile,0.6,12.426478002168645
2026-08-29,wk inc flu hosp,3,2026-09-19,04,quantile,0.65,13.276461611078918
2026-08-29,wk inc flu hosp,3,2026-09-19,04,quantile,0.7,13.707626846909815
2026-08-29,wk inc flu hosp,3,2026-09-19,04,quantile,0.75,15.880669802757534
2026-08-29,wk inc flu hosp,3,2026-09-19,04,quantile,0.8,17.62920774919925
2026-08-29,wk inc flu hosp,3,2026-09-19,04,quantile,0.85,25.98870748373723
2026-08-29,wk inc flu hosp,3,2026-09-19,04,quantile,0.9,31.012233388526543
2026-08-29,wk inc flu hosp,3,2026-09-19,04,quantile,0.95,39.66029557725067
2026-08-29,wk inc flu hosp,3,2026-09-19,04,quantile,0.975,49.02737375541648
2026-08-29,wk inc flu hosp,3,2026-09-19,04,quantile,0.99,88.45201996161357
2026-08-29,wk inc flu hosp,-1,2026-08-22,06,quantile,0.01,3.838571630948773
2026-08-29,wk inc flu hosp,-1,2026-08-22,06,quantile,0.025,4.981331914073606
2026-08-29,wk inc flu hosp,-1,2026-08-22,06,quantile,0.05,5.553117258299689
2026-08-29,wk inc flu hosp,-1,2026-08-22,06,quantile,0.1,11.396000448001514
2026-08-29,wk inc flu hosp,-1,2026-08-22,06,quantile,0.15,20.863225636841598
2026-08-29,wk inc flu hosp,-1,2026-08-22,06,quantile,0.2,28.53545054978666
2026-08-29,wk inc flu hosp,-1,2026-08-22,06,quantile,0.25,36.32963481330722
2026-08-29,wk inc flu hosp,-1,2026-08-22,06,quantile,0.3,39.762684305728214
2026-08-29,wk inc flu hosp,-1,2026-08-22,06,quantile,0.35,43.31562414789451
2026-08-29,wk inc flu hosp,-1,2026-08-22,06,quantile,0.4,47.63918006928272
2026-08-29,wk inc flu hosp,-1,2026-08-22,06,quantile,0.45,50.60849690762348
2026-08-29,wk inc flu hosp,-1,2026-08-22,06,quantile,0.5,54.520295479995326
2026-08-29,wk inc flu hosp,-1,2026-08-22,06,quantile,0.55,55.49828252154205
2026-08-29,wk inc flu hosp,-1,2026-08-22,06,quantile,0.6,58.167404145773084
2026-08-29,wk inc flu hosp,-1,2026-08-22,06,quantile,0.65,62.31482138294406
2026-08-29,wk inc flu hosp,-1,2026-08-22,06,quantile,0.7,64.66565111797253
2026-08-29,wk inc flu hosp,-1,2026-08-22,06,quantile,0.75,68.93001732866784
2026-08-29,wk inc flu hosp,-1,2026-08-22,06,quantile,0.8,74.32494429031576
2026-08-29,wk inc flu hosp,-1,2026-08-22,06,quantile,0.85,79.32906482084982
2026-08-29,wk inc flu hosp,-1,2026-08-22,06,quantile,0.9,101.50569791174534
2026-08-29,wk inc flu hosp,-1,2026-08-22,06,quantile,0.95,105.4881124932937
2026-08-29,wk inc flu hosp,-1,2026-08-22,06,quantile,0.975,132.07740331543835
2026-08-29,wk inc flu hosp,-1,2026-08-22,06,quantile,0.99,170.86139220924886
2026-08-29,wk inc flu hosp,0,2026-08-29,06,quantile,0.01,3.338484564419312
2026-08-29,wk inc flu hosp,0,2026-08-29,06,quantile,0.025,4.227292208848895
2026-08-29,wk inc flu hosp,0,2026-08-29,06,quantile,0.05,5.859131214115596
2026-08-29,wk inc flu hosp,0,2026-08-29,06,quantile,0.1,11.413834101001084
2026-08-29,wk inc flu hosp,0,2026-08-29,06,quantile,0.15,22.50760486000882
2026-08-29,wk inc flu hosp,0,2026-08-29,06,quantile,0.2,32.658019586378934
2026-08-29,wk inc flu hosp,0,2026-08-29,06,quantile,0.25,39.15264491228195
2026-08-29,wk inc flu hosp,0,2026-08-29,06,quantile,0.3,44.14850596184133
2026-08-29,wk inc flu hosp,0,2026-08-29,06,quantile,0.35,47.897753204794334
2026-08-29,wk inc flu hosp,0,2026-08-29,06,quantile,0.4,52.7427942589636
2026-08-29,wk inc flu hosp,0,2026-08-29,06,quantile,0.45,59.40873542069601
2026-08-29,wk inc flu hosp,0,2026-08-29,06,quantile,0.5,60.495353105479296
2026-08-29,wk inc flu hosp,0,2026-08-29,06,quantile,0.55,64.12175274061815
2026-08-29,wk inc flu hosp,0,2026-08-29,06,quantile,0.6,64.66287815867435
2026-08-29,wk inc flu hosp,0,2026-08-29,06,quantile,0.65,69.36480345268546
2026-08-29,wk inc flu hosp,0,2026-08-29,06,quantile,0.7,76.47911504156744
2026-08-29,wk inc flu hosp,0,2026-08-29,06,quantile,0.75,77.12357875396832
2026-08-29,wk inc flu hosp,0,2026-08-29,06,quantile,0.8,78.9497384155371
2026-08-29,wk inc flu hosp,0,2026-08-29,06,quantile,0.85,89.24183421050046
2026-08-29,wk inc flu hosp,0,2026-08-29,06,quantile,0.9,101.75440766356708
2026-08-29,wk inc flu hosp,0,2026-08-29,06,quantile,0.95,113.27558963148107
2026-08-29,wk inc flu hosp,0,2026-08-29,06,quantile,0.975,131.68450776971304
2026-08-29,wk inc flu hosp,0,2026-08-29,06,quantile,0.99,146.93609536513472
2026-08-29,wk inc flu hosp,1,2026-09-05,06,quantile,0.01,3.7372405754075935
2026-08-29,wk inc flu hosp,1,2026-09-05,06,quantile,0.025,4.619137665340858
2026-08-29,wk inc flu hosp,1,2026-09-05,06,quantile,0.05,5.448891791202209
2026-08-29,wk inc flu hosp,1,2026-09-05,06,quantile,0.1,11.60726927298442
2026-08-29,wk inc flu hosp,1,2026-09-05,06,quantile,0.15,18.59066950614801
2026-08-29,wk inc flu hosp,1,2026-09-05,06,quantile,0.2,29.427633647048967
2026-08-29,wk inc flu hosp,1,2026-09-05,06,quantile,0.25,36.14883832057277
2026-08-29,wk inc flu hosp,1,2026-09-05,06,quantile,0.3,40.648093181375764
2026-08-29,wk inc flu hosp,1,2026-09-05,06,quantile,0.35,43.506436998106494
2026-08-29,wk inc flu hosp,1,2026-09-05,06,quantile,0.4,49.073883165200215
2026-08-29,wk inc flu hosp,1,2026-09-05,06,quantile,0.45,55.21017060485874
2026-08-29,wk inc flu hosp,1,2026-09-05,06,quantile,0.5,59.81112294989472
2026-08-29,wk inc flu hosp,1,2026-09-05,06,quantile,0.55,62.14890272693986
2026-08-29,wk inc flu hosp,1,2026-09-05,06,quantile,0.6,63.58317624124399
2026-08-29,wk inc flu hosp,1,2026-09-05,06,quantile,0.65,65.74523046029188
2026-08-29,wk inc flu hosp,1,2026-09-05,06,quantile,0.7,68.99828561290627
2026-08-29,wk inc flu hosp,1,2026-09-05,06,quantile,0.75,72.69817467445932
2026-08-29,wk inc flu hosp,1,2026-09-05,06,quantile,0.8,75.56763474120172
2026-08-29,wk inc flu hosp,1,2026-09-05,06,quantile,0.85,78.8726653502053
2026-08-29,wk inc flu hosp,1,2026-09-05,06,quantile,0.9,84.90781955520785
2026-08-29,wk inc flu hosp,1,2026-09-05,06,quantile,0.95,100.19123057237549
2026-08-29,wk inc flu hosp,1,2026-09-05,06,quantile,0.975,128.5848492877058
2026-08-29,wk inc flu hosp,1,2026-09-05,06,quantile,0.99,156.57298255002442
2026-08-29,wk inc flu hosp,2,2026-09-12,06,quantile,0.01,1.8937324719295168
2026-08-29,wk inc flu hosp,2,2026-09-12,06,quantile,0.025,2.8917991357608863
2026-08-29,wk inc flu hosp,2,2026-09-12,06,quantile,0.05,4.882603375755877
2026-08-29,wk inc flu hosp,2,2026-09-12,06,quantile,0.1,9.817911303167634
2026-08-29,wk inc flu hosp,2,2026-09-12,06,quantile,0.15,16.684620748773288
2026-08-29,wk inc flu hosp,2,2026-09-12,06,quantile,0.2,25.723638413286128
2026-08-29,wk inc flu hosp,2,2026-09-12,06,quantile,0.25,31.17401344078957
2026-08-29,wk inc flu hosp,2,2026-09-12,06,quantile,0.3,36.48369214268547
2026-08-29,wk inc flu hosp,2,2026-09-12,06,quantile,0.35,39.74981527984924
2026-08-29,wk inc flu hosp,2,2026-09-12,06,quantile,0.4,43.37773343325559
2026-08-29,wk inc flu hosp,2,2026-09-12,06,quantile,0.45,47.57775378900595
2026-08-29,wk inc flu hosp,2,2026-09-12,06,quantile,0.5,51.796055961810325
2026-08-29,wk inc flu hosp,2,2026-09-12,06,quantile,0.55,54.50207555503725
2026-08-29,wk inc flu hosp,2,2026-09-12,06,quantile,0.6,58.400812475074034
2026-08-29,wk inc flu hosp,2,2026-09-12,06,quantile,0.65,62.743292263040296
2026-08-29,wk inc flu hosp,2,2026-09-12,06,quantile,0.7,65.07328886435344
2026-08-29,wk inc flu hosp,2,2026-09-12,06,quantile,0.75,67.89012278228951
2026-08-29,wk inc flu hosp,2,2026-09-12,06,quantile,0.8,73.90610435456368
2026-08-29,wk inc flu hosp,2,2026-09-12,06,quantile,0.85,77.39380474750149
2026-08-29,wk inc flu hosp,2,2026-09-12,06,quantile,0.9,84.82144569601509
2026-08-29,wk inc flu hosp,2,2026-09-12,06,quantile,0.95,109.45035641165681
2026-08-29,wk inc flu hosp,2,2026-09-12,06,quantile,0.975,139.80284201850506
2026-08-29,wk inc flu hosp,2,2026-09-12,06,quantile,0.99,158.8050407356688
2026-08-29,wk inc flu hosp,3,2026-09-19,06,quantile,0.01,1.6416428190210224
2026-08-29,wk inc flu hosp,3,2026-09-19,06,quantile,0.025,2.7006150415185433
2026-08-29,wk inc flu hosp,3,2026-09-19,06,quantile,0.05,3.3251610790555675
2026-08-29,wk inc flu hosp,3,2026-09-19,06,quantile,0.1,7.215383092224801
2026-08-29,wk inc flu hosp,3,2026-09-19,06,quantile,0.15,15.55294002949114
2026-08-29,wk inc flu hosp,3,2026-09-19,06,quantile,0.2,26.542137496759686
2026-08-29,wk inc flu hosp,3,2026-09-19,06,quantile,0.25,31.161419309000095
2026-08-29,wk inc flu hosp,3,2026-09-19,06,quantile,0.3,36.723802200428445
2026-08-29,wk inc flu hosp,3,2026-09-19,06,quantile,0.35,38.453155391101156
2026-08-29,wk inc flu hosp,3,2026-09-19,06,quantile,0.4,42.99946166049215
2026-08-29,wk inc flu hosp,3,2026-09-19,06,quantile,0.45,46.04278514466956
2026-08-29,wk inc flu hosp,3,2026-09-19,06,quantile,0.5,49.829050443087034
2026-08-29,wk inc flu hosp,3,2026-09-19,06,quantile,0.55,53.66441084664823
2026-08-29,wk inc flu hosp,3,2026-09-19,06,quantile,0.6,57.06558856663427
2026-08-29,wk inc flu hosp,3,2026-09-19,06,quantile,0.65,61.664885500756256
2026-08-29,wk inc flu hosp,3,2026-09-19,06,quantile,0.7,65.93553586302689
2026-08-29,wk inc flu hosp,3,2026-09-19,06,quantile,0.75,67.8238565587563
2026-08-29,wk inc flu hosp,3,2026-09-19,06,quantile,0.8,73.43896631902682
2026-08-29,wk inc flu hosp,3,2026-09-19,06,quantile,0.85,85.9903389967575
2026-08-29,wk inc flu hosp,3,2026-09-19,06,quantile,0.9,95.0802614619371
2026-08-29,wk inc flu hosp,3,2026-09-19,06,quantile,0.95,128.4562255492111
2026-08-29,wk inc flu hosp,3,2026-09-19,06,quantile,0.975,172.6727522119736
2026-08-29,wk inc flu hosp,3,2026-09-19,06,quantile,0.99,210.91697133560015
2026-08-29,wk inc flu hosp,-1,2026-08-22,08,quantile,0.01,0.020681730800845358
2026-08-29,wk inc flu hosp,-1,2026-08-22,08,quantile,0.025,0.12403752671746483
2026-08-29,wk inc flu hosp,-1,2026-08-22,08,quantile,0.05,0.6137724146843716
2026-08-29,wk inc flu hosp,-1,2026-08-22,08,quantile,0.1,1.5252975067678274
2026-08-29,wk inc flu hosp,-1,2026-08-22,08,quantile,0.15,2.2632227501587567
2026-08-29,wk inc flu hosp,-1,2026-08-22,08,quantile,0.2,2.3956708642222093
2026-08-29,wk inc flu hosp,-1,2026-08-22,08,quantile,0.25,2.845088782474169
2026-08-29,wk inc flu hosp,-1,2026-08-22,08,quantile,0.3,3.0193135497418067
2026-08-29,wk inc flu hosp,-1,2026-08-22,08,quantile,0.35,3.2570136980528774
2026-08-29,wk inc flu hosp,-1,2026-08-22,08,quantile,0.4,3.4911945069239416
2026-08-29,wk inc flu hosp,-1,2026-08-22,08,quantile,0.45,3.5996895319721136
2026-08-29,wk inc flu hosp,-1,2026-08-22,08,quantile,0.5,3.991996157694872
2026-08-29,wk inc flu hosp,-1,2026-08-22,08,quantile,0.55,4.57605941900334
2026-08-29,wk inc flu hosp,-1,2026-08-22,08,quantile,0.6,4.9837026012833645
2026-08-29,wk inc flu hosp,-1,2026-08-22,08,quantile,0.65,5.618422824005438
2026-08-29,wk inc flu hosp,-1,2026-08-22,08,quantile,0.7,6.1933022534364
2026-08-29,wk inc flu hosp,-1,2026-08-22,08,quantile,0.75,7.798641862724737
2026-08-29,wk inc flu hosp,-1,2026-08-22,08,quantile,0.8,8.66916714613722
2026-08-29,wk inc flu hosp,-1,2026-08-22,08,quantile,0.85,9.924976734607222
2026-08-29,wk inc flu hosp,-1,2026-08-22,08,quantile,0.9,12.329896228969739
2026-08-29,wk inc flu hosp,-1,2026-08-22,08,quantile,0.95,17.334605801331122
2026-08-29,wk inc flu hosp,-1,2026-08-22,08,quantile,0.975,27.40598033059964
2026-08-29,wk inc flu hosp,-1,2026-08-22,08,quantile,0.99,33.714317940232604
2026-08-29,wk inc flu hosp,0,2026-08-29,08,quantile,0.01,0.019439206158755787
2026-08-29,wk inc flu hosp,0,2026-08-29,08,quantile,0.025,0.4543534978401555
2026-08-29,wk inc flu hosp,0,2026-08-29,08,quantile,0.05,0.4965507615381248
2026-08-29,wk inc flu hosp,0,2026-08-29,08,quantile,0.1,1.4410453281431244
2026-08-29,wk inc flu hosp,0,2026-08-29,08,quantile,0.15,2.0263802001994033
2026-08-29,wk inc flu hosp,0,2026-08-29,08,quantile,0.2,2.202600515984031
2026-08-29,wk inc flu hosp,0,2026-08-29,08,quantile,0.25,2.5479739760298004
2026-08-29,wk inc flu hosp,0,2026-08-29,08,quantile,0.3,2.70112103712654
2026-08-29,wk inc flu hosp,0,2026-08-29,08,quantile,0.35,2.956499475657267
2026-08-29,wk inc flu hosp,0,2026-08-29,08,quantile,0.4,3.1663945961571187
2026-08-29,wk inc flu hosp,0,2026-08-29,08,quantile,0.45,3.6176079437398214
2026-08-29,wk inc flu hosp,0,2026-08-29,08,quantile,0.5,3.9089137316692097
2026-08-29,wk inc flu hosp,0,2026-08-29,08,quantile,0.55,4.554597100055697
2026-08-29,wk inc flu hosp,0,2026-08-29,08,quantile,0.6,5.316897148070692
2026-08-29,wk inc flu hosp,0,2026-08-29,08,quantile,0.65,5.9234946006155225
2026-08-29,wk inc flu hosp,0,2026-08-29,08,quantile,0.7,6.304568979367581
2026-08-29,wk inc flu hosp,0,2026-08-29,08,quantile,0.75,7.365456268674543
2026-08-29,wk inc flu hosp,0,2026-08-29,08,quantile,0.8,8.340328590696446
2026-08-29,wk inc flu hosp,0,2026-08-29,08,quantile,0.85,9.146912595771754
2026-08-29,wk inc flu hosp,0,2026-08-29,08,quantile,0.9,12.037451519317285
2026-08-29,wk inc flu hosp,0,2026-08-29,08,quantile,0.95,16.554480679744806
2026-08-29,wk inc flu hosp,0,2026-08-29,08,quantile,0.975,24.927637392733143
2026-08-29,wk inc flu hosp,0,2026-08-29,08,quantile,0.99,32.73361571271184
2026-08-29,wk inc flu hosp,1,2026-09-05,08,quantile,0.01,0.048041871688748135
2026-08-29,wk inc flu hosp,1,2026-09-05,08,quantile,0.025,0.3052770704955362
2026-08-29,wk inc flu hosp,1,2026-09-05,08,quantile,0.05,0.5882453916316321
2026-08-29,wk inc flu hosp,1,2026-09-05,08,quantile,0.1,1.549666909762873
2026-08-29,wk inc flu hosp,1,2026-09-05,08,quantile,0.15,1.7982134524553803
2026-08-29,wk inc flu hosp,1,2026-09-05,08,quantile,0.2,2.355200961186046
2026-08-29,wk inc flu hosp,1,2026-09-05,08,quantile,0.25,2.7752409631469086
2026-08-29,wk inc flu hosp,1,2026-09-05,08,quantile,0.3,3.173101907266656
2026-08-29,wk inc flu hosp,1,2026-09-05,08,quantile,0.35,3.677559919060962
2026-08-29,wk inc flu hosp,1,2026-09-05,08,quantile,0.4,3.8443413123752883
2026-08-29,wk inc flu hosp,1,2026-09-05,08,quantile,0.45,4.072598158695573
2026-08-29,wk inc flu hosp,1,2026-09-05,08,quantile,0.5,4.485070431708709
2026-08-29,wk inc flu hosp,1,2026-09-05,08,quantile,0.55,4.7358453268225755
2026-08-29,wk inc flu hosp,1,2026-09-05,08,quantile,0.6,5.41468295887262
2026-08-29,wk inc flu hosp,1,2026-09-05,08,quantile,0.65,5.936363405900899
2026-08-29,wk inc flu hosp,1,2026-09-05,08,quantile,0.7,6.242697810456209
2026-08-29,wk inc flu hosp,1,2026-09-05,08,quantile,0.75,7.6151938483578805
2026-08-29,wk inc flu hosp,1,2026-09-05,08,quantile,0.8,8.857539705640868
2026-08-29,wk inc flu hosp,1,2026-09-05,08,quantile,0.85,11.307588449460578
2026-08-29,wk inc flu hosp,1,2026-09-05,08,quantile,0.9,14.787335473877942
2026-08-29,wk inc flu hosp,1,2026-09-05,08,quantile,0.95,19.552393268539145
2026-08-29,wk inc flu hosp,1,2026-09-05,08,quantile,0.975,24.76815296110647
2026-08-29,wk inc flu hosp,1,2026-09-05,08,quantile,0.99,34.53621458658899
2026-08-29,wk inc flu hosp,2,2026-09-12,08,quantile,0.01,0.09991227871297459
2026-08-29,wk inc flu hosp,2,2026-09-12,08,quantile,0.025,0.21296422724729458
2026-08-29,wk inc flu hosp,2,2026-09-12,08,quantile,0.05,0.4959376548087695
2026-08-29,wk inc flu hosp,2,2026-09-12,08,quantile,0.1,0.8728895705129793
2026-08-29,wk inc flu hosp,2,2026-09-12,08,quantile,0.15,1.4889948531620099
2026-08-29,wk inc flu hosp,2,2026-09-12,08,quantile,0.2,1.9068222635677734
2026-08-29,wk inc flu hosp,2,2026-09-12,08,quantile,0.25,2.4321896660479956
2026-08-29,wk inc flu hosp,2,2026-09-12,08,quantile,0.3,3.0310926252862798
2026-08-29,wk inc flu hosp,2,2026-09-12,08,quantile,0.35,3.5214678165081126
2026-08-29,wk inc flu hosp,2,2026-09-12,08,quantile,0.4,3.7492865399721587
2026-08-29,wk inc flu hosp,2,2026-09-12,08,quantile,0.45,4.118367510569419
2026-08-29,wk inc flu hosp,2,2026-09-12,08,quantile,0.5,4.416952486523607
2026-08-29,wk inc flu hosp,2,2026-09-12,08,quantile,0.55,4.838282623151173
2026-08-29,wk inc flu hosp,2,2026-09-12,08,quantile,0.6,5.535238172609985
2026-08-29,wk inc flu hosp,2,2026-09-12,08,quantile,0.65,5.7684925342581455
2026-08-29,wk inc flu hosp,2,2026-09-12,08,quantile,0.7,6.390263489631432
2026-08-29,wk inc flu hosp,2,2026-09-12,08,quantile,0.75,7.058105086781661
2026-08-29,wk inc flu hosp,2,2026-09-12,08,quantile,0.8,9.16206650755659
2026-08-29,wk inc flu hosp,2,2026-09-12,08,quantile,0.85,11.142664329926193
2026-08-29,wk inc flu hosp,2,2026-09-12,08,quantile,0.9,14.578991608095338
2026-08-29,wk inc flu hosp,2,2026-09-12,08,quantile,0.95,18.817639167986847
2026-08-29,wk inc flu hosp,2,2026-09-12,08,quantile,0.975,22.5155434626195
2026-08-29,wk inc flu hosp,2,2026-09-12,08,quantile,0.99,33.37303060288232
2026-08-29,wk inc flu hosp,3,2026-09-19,08,quantile,0.01,1.3503513880759035e-4
2026-08-29,wk inc flu hosp,3,2026-09-19,08,quantile,0.025,0.5380552462052756
2026-08-29,wk inc flu hosp,3,2026-09-19,08,quantile,0.05,0.7559869627534482
2026-08-29,wk inc flu hosp,3,2026-09-19,08,quantile,0.1,1.0466379621285704
2026-08-29,wk inc flu hosp,3,2026-09-19,08,quantile,0.15,1.5181325765752165
2026-08-29,wk inc flu hosp,3,2026-09-19,08,quantile,0.2,1.9343033223980413
2026-08-29,wk inc flu hosp,3,2026-09-19,08,quantile,0.25,2.702381051220546
2026-08-29,wk inc flu hosp,3,2026-09-19,08,quantile,0.3,3.2732828810144206
2026-08-29,wk inc flu hosp,3,2026-09-19,08,quantile,0.35,3.8235774822373694
2026-08-29,wk inc flu hosp,3,2026-09-19,08,quantile,0.4,4.416715437511135
2026-08-29,wk inc flu hosp,3,2026-09-19,08,quantile,0.45,4.680455843502679
2026-08-29,wk inc flu hosp,3,2026-09-19,08,quantile,0.5,4.8604421776028275
2026-08-29,wk inc flu hosp,3,2026-09-19,08,quantile,0.55,5.256710480117085
2026-08-29,wk inc flu hosp,3,2026-09-19,08,quantile,0.6,5.850531472113898
2026-08-29,wk inc flu hosp,3,2026-09-19,08,quantile,0.65,6.321612314989654
2026-08-29,wk inc flu hosp,3,2026-09-19,08,quantile,0.7,6.752596578678925
2026-08-29,wk inc flu hosp,3,2026-09-19,08,quantile,0.75,7.712246006711224
2026-08-29,wk inc flu hosp,3,2026-09-19,08,quantile,0.8,8.65338037681343
2026-08-29,wk inc flu hosp,3,2026-09-19,08,quantile,0.85,12.031266838386328
2026-08-29,wk inc flu hosp,3,2026-09-19,08,quantile,0.9,14.993871166793438
2026-08-29,wk inc flu hosp,3,2026-09-19,08,quantile,0.95,19.51900176996647
2026-08-29,wk inc flu hosp,3,2026-09-19,08,quantile,0.975,25.4933720106083
2026-08-29,wk inc flu hosp,3,2026-09-19,08,quantile,0.99,41.59897258798396
2026-08-29,wk inc flu hosp,-1,2026-08-22,09,quantile,0.01,0.010964163543162736
2026-08-29,wk inc flu hosp,-1,2026-08-22,09,quantile,0.025,0.04944649964576864
2026-08-29,wk inc flu hosp,-1,2026-08-22,09,quantile,0.05,0.16169220798180986
2026-08-29,wk inc flu hosp,-1,2026-08-22,09,quantile,0.1,0.5211564639257366
2026-08-29,wk inc flu hosp,-1,2026-08-22,09,quantile,0.15,0.912239477454385
2026-08-29,wk inc flu hosp,-1,2026-08-22,09,quantile,0.2,1.104363144630776
2026-08-29,wk inc flu hosp,-1,2026-08-22,09,quantile,0.25,1.484967596790352
2026-08-29,wk inc flu hosp,-1,2026-08-22,09,quantile,0.3,1.6469818277682065
2026-08-29,wk inc flu hosp,-1,2026-08-22,09,quantile,0.35,1.7457622219883846
2026-08-29,wk inc flu hosp,-1,2026-08-22,09,quantile,0.4,1.9610599866680378
2026-08-29,wk inc flu hosp,-1,2026-08-22,09,quantile,0.45,2.050248696433202
2026-08-29,wk inc flu hosp,-1,2026-08-22,09,quantile,0.5,2.3481659897837885
2026-08-29,wk inc flu hosp,-1,2026-08-22,09,quantile,0.55,2.592840420129057
2026-08-29,wk inc flu hosp,-1,2026-08-22,09,quantile,0.6,2.758010377751689
2026-08-29,wk inc flu hosp,-1,2026-08-22,09,quantile,0.65,3.1751113340965382
2026-08-29,wk inc flu hosp,-1,2026-08-22,09,quantile,0.7,3.491806662710819
2026-08-29,wk inc flu hosp,-1,2026-08-22,09,quantile,0.75,4.503533800836869
2026-08-29,wk inc flu hosp,-1,2026-08-22,09,quantile,0.8,5.229824941367758
2026-08-29,wk inc flu hosp,-1,2026-08-22,09,quantile,0.85,6.018404440951715
2026-08-29,wk inc flu hosp,-1,2026-08-22,09,quantile,0.9,7.881420856317752
2026-08-29,wk inc flu hosp,-1,2026-08-22,09,quantile,0.95,10.375324178328725
2026-08-29,wk inc flu hosp,-1,2026-08-22,09,quantile,0.975,17.3362511392305
2026-08-29,wk inc flu hosp,-1,2026-08-22,09,quantile,0.99,23.19340006200864
2026-08-29,wk inc flu hosp,0,2026-08-29,09,quantile,0.01,7.89816375840539e-4
2026-08-29,wk inc flu hosp,0,2026-08-29,09,quantile,0.025,0.145547926716796
2026-08-29,wk inc flu hosp,0,2026-08-29,09,quantile,0.05,0.22126450709560408
2026-08-29,wk inc flu hosp,0,2026-08-29,09,quantile,0.1,0.8074363232577546
2026-08-29,wk inc flu hosp,0,2026-08-29,09,quantile,0.15,1.6914983776235781
2026-08-29,wk inc flu hosp,0,2026-08-29,09,quantile,0.2,2.301410907975496
2026-08-29,wk inc flu hosp,0,2026-08-29,09,quantile,0.25,3.0938789850577058
2026-08-29,wk inc flu hosp,0,2026-08-29,09,quantile,0.3,3.456562788707003
2026-08-29,wk inc flu hosp,0,2026-08-29,09,quantile,0.35,3.701510003443442
2026-08-29,wk inc flu hosp,0,2026-08-29,09,quantile,0.4,4.0708600336658884
2026-08-29,wk inc flu hosp,0,2026-08-29,09,quantile,0.45,4.2174757708370345
2026-08-29,wk inc flu hosp,0,2026-08-29,09,quantile,0.5,4.380652823072822
2026-08-29,wk inc flu hosp,0,2026-08-29,09,quantile,0.55,4.626088159933818
2026-08-29,wk inc flu hosp,0,2026-08-29,09,quantile,0.6,4.900316591412595
2026-08-29,wk inc flu hosp,0,2026-08-29,09,quantile,0.65,5.432518218217764
2026-08-29,wk inc flu hosp,0,2026-08-29,09,quantile,0.7,5.874727294843795
2026-08-29,wk inc flu hosp,0,2026-08-29,09,quantile,0.75,6.250838561613479
2026-08-29,wk inc flu hosp,0,2026-08-29,09,quantile,0.8,6.811587762785355
2026-08-29,wk inc flu hosp,0,2026-08-29,09,quantile,0.85,7.5776028798565305
2026-08-29,wk inc flu hosp,0,2026-08-29,09,quantile,0.9,9.693128662336791
2026-08-29,wk inc flu hosp,0,2026-08-29,09,quantile,0.95,12.183877793327907
2026-08-29,wk inc flu hosp,0,2026-08-29,09,quantile,0.975,15.635247021340888
2026-08-29,wk inc flu hosp,0,2026-08-29,09,quantile,0.99,20.581452081510147
2026-08-29,wk inc flu hosp,1,2026-09-05,09,quantile,0.01,0.005181980447670857
2026-08-29,wk inc flu hosp,1,2026-09-05,09,quantile,0.025,0.09946921968818742
2026-08-29,wk inc flu hosp,1,2026-09-05,09,quantile,0.05,0.18901348757385344
2026-08-29,wk inc flu hosp,1,2026-09-05,09,quantile,0.1,0.8624210229409195
2026-08-29,wk inc flu hosp,1,2026-09-05,09,quantile,0.15,1.1839047165285037
2026-08-29,wk inc flu hosp,1,2026-09-05,09,quantile,0.2,1.7849900933326004
2026-08-29,wk inc flu hosp,1,2026-09-05,09,quantile,0.25,2.3437181434180747
2026-08-29,wk inc flu hosp,1,2026-09-05,09,quantile,0.3,2.6616224274216376
2026-08-29,wk inc flu hosp,1,2026-09-05,09,quantile,0.35,3.0317219275473644
2026-08-29,wk inc flu hosp,1,2026-09-05,09,quantile,0.4,3.183010506556707
2026-08-29,wk inc flu hosp,1,2026-09-05,09,quantile,0.45,3.344400128158919
2026-08-29,wk inc flu hosp,1,2026-09-05,09,quantile,0.5,3.699224389385004
2026-08-29,wk inc flu hosp,1,2026-09-05,09,quantile,0.55,3.9358038352989717
2026-08-29,wk inc flu hosp,1,2026-09-05,09,quantile,0.6,4.511155292783544
2026-08-29,wk inc flu hosp,1,2026-09-05,09,quantile,0.65,4.931945003882215
2026-08-29,wk inc flu hosp,1,2026-09-05,09,quantile,0.7,5.312531782446853
2026-08-29,wk inc flu hosp,1,2026-09-05,09,quantile,0.75,5.965184648662955
2026-08-29,wk inc flu hosp,1,2026-09-05,09,quantile,0.8,6.78810803331943
2026-08-29,wk inc flu hosp,1,2026-09-05,09,quantile,0.85,8.293333393171386
2026-08-29,wk inc flu hosp,1,2026-09-05,09,quantile,0.9,9.903619051578
2026-08-29,wk inc flu hosp,1,2026-09-05,09,quantile,0.95,11.69674923892721
2026-08-29,wk inc flu hosp,1,2026-09-05,09,quantile,0.975,16.984250828416737
2026-08-29,wk inc flu hosp,1,2026-09-05,09,quantile,0.99,21.45807382191766
2026-08-29,wk inc flu hosp,2,2026-09-12,09,quantile,0.01,0.06574633723773621
2026-08-29,wk inc flu hosp,2,2026-09-12,09,quantile,0.025,0.15005876704140825
2026-08-29,wk inc flu hosp,2,2026-09-12,09,quantile,0.05,0.2673560102681264
2026-08-29,wk inc flu hosp,2,2026-09-12,09,quantile,0.1,0.7038792341532483
2026-08-29,wk inc flu hosp,2,2026-09-12,09,quantile,0.15,1.494713917302767
2026-08-29,wk inc flu hosp,2,2026-09-12,09,quantile,0.2,2.3699190325358432
2026-08-29,wk inc flu hosp,2,2026-09-12,09,quantile,0.25,2.9903582368403403
2026-08-29,wk inc flu hosp,2,2026-09-12,09,quantile,0.3,3.490516708764599
2026-08-29,wk inc flu hosp,2,2026-09-12,09,quantile,0.35,3.781582188163163
2026-08-29,wk inc flu hosp,2,2026-09-12,09,quantile,0.4,4.065167879150896
2026-08-29,wk inc flu hosp,2,2026-09-12,09,quantile,0.45,4.667900363563213
2026-08-29,wk inc flu hosp,2,2026-09-12,09,quantile,0.5,4.990466589536606
2026-08-29,wk inc flu hosp,2,2026-09-12,09,quantile,0.55,5.256648093127253
2026-08-29,wk inc flu hosp,2,2026-09-12,09,quantile,0.6,5.643086516163261
2026-08-29,wk inc flu hosp,2,2026-09-12,09,quantile,0.65,5.923739343554293
2026-08-29,wk inc flu hosp,2,2026-09-12,09,quantile,0.7,6.272684554621172
2026-08-29,wk inc flu hosp,2,2026-09-12,09,quantile,0.75,6.85932595468579
2026-08-29,wk inc flu hosp,2,2026-09-12,09,quantile,0.8,7.690600610309391
2026-08-29,wk inc flu hosp,2,2026-09-12,09,quantile,0.85,8.649232450985458
2026-08-29,wk inc flu hosp,2,2026-09-12,09,quantile,0.9,10.15926292185767
2026-08-29,wk inc flu hosp,2,2026-09-12,09,quantile,0.95,13.652975183592629
2026-08-29,wk inc flu hosp,2,2026-09-12,09,quantile,0.975,17.163609394870836
2026-08-29,wk inc flu hosp,2,2026-09-12,09,quantile,0.99,26.415619435321013
2026-08-29,wk inc flu hosp,3,2026-09-19,09,quantile,0.01,0
2026-08-29,wk inc flu hosp,3,2026-09-19,09,quantile,0.025,0.10527900092528523
2026-08-29,wk inc flu hosp,3,2026-09-19,09,quantile,0.05,0.1917448497801829
2026-08-29,wk inc flu hosp,3,2026-09-19,09,quantile,0.1,0.4299892772487076
2026-08-29,wk inc flu hosp,3,2026-09-19,09,quantile,0.15,0.9632850786543568
2026-08-29,wk inc flu hosp,3,2026-09-19,09,quantile,0.2,1.7227266937995978
2026-08-29,wk inc flu hosp,3,2026-09-19,09,quantile,0.25,2.217871468437346
2026-08-29,wk inc flu hosp,3,2026-09-19,09,quantile,0.3,2.8105284760583618
2026-08-29,wk inc flu hosp,3,2026-09-19,09,quantile,0.35,2.9673281163088614
2026-08-29,wk inc flu hosp,3,2026-09-19,09,quantile,0.4,3.247424899625836
2026-08-29,wk inc flu hosp,3,2026-09-19,09,quantile,0.45,3.6199386111554874
2026-08-29,wk inc flu hosp,3,2026-09-19,09,quantile,0.5,3.824000286728191
2026-08-29,wk inc flu hosp,3,2026-09-19,09,quantile,0.55,4.253095256571413
2026-08-29,wk inc flu hosp,3,2026-09-19,09,quantile,0.6,5.033487133230332
2026-08-29,wk inc flu hosp,3,2026-09-19,09,quantile,0.65,5.469646127821915
2026-08-29,wk inc flu hosp,3,2026-09-19,09,quantile,0.7,5.878115232987656
2026-08-29,wk inc flu hosp,3,2026-09-19,09,quantile,0.75,6.311609220577624
2026-08-29,wk inc flu hosp,3,2026-09-19,09,quantile,0.8,7.1714267672925205
2026-08-29,wk inc flu hosp,3,2026-09-19,09,quantile,0.85,10.360813306935368
2026-08-29,wk inc flu hosp,3,2026-09-19,09,quantile,0.9,12.840360428700869
2026-08-29,wk inc flu hosp,3,2026-09-19,09,quantile,0.95,16.6559207293248
2026-08-29,wk inc flu hosp,3,2026-09-19,09,quantile,0.975,22.368853895926748
2026-08-29,wk inc flu hosp,3,2026-09-19,09,quantile,0.99,33.08426348370001
2026-08-29,wk inc flu hosp,-1,2026-08-22,11,quantile,0.01,0
2026-08-29,wk inc flu hosp,-1,2026-08-22,11,quantile,0.025,0
2026-08-29,wk inc flu hosp,-1,2026-08-22,11,quantile,0.05,0
2026-08-29,wk inc flu hosp,-1,2026-08-22,11,quantile,0.1,0
2026-08-29,wk inc flu hosp,-1,2026-08-22,11,quantile,0.15,0
2026-08-29,wk inc flu hosp,-1,2026-08-22,11,quantile,0.2,0
2026-08-29,wk inc flu hosp,-1,2026-08-22,11,quantile,0.25,0
2026-08-29,wk inc flu hosp,-1,2026-08-22,11,quantile,0.3,0
2026-08-29,wk inc flu hosp,-1,2026-08-22,11,quantile,0.35,2.75001622901546e-4
2026-08-29,wk inc flu hosp,-1,2026-08-22,11,quantile,0.4,0.0020664918246908505
2026-08-29,wk inc flu hosp,-1,2026-08-22,11,quantile,0.45,0.00823454152103383
2026-08-29,wk inc flu hosp,-1,2026-08-22,11,quantile,0.5,0.014855359292321686
2026-08-29,wk inc flu hosp,-1,2026-08-22,11,quantile,0.55,0.029770927809808015
2026-08-29,wk inc flu hosp,-1,2026-08-22,11,quantile,0.6,0.04724546746794075
2026-08-29,wk inc flu hosp,-1,2026-08-22,11,quantile,0.65,0.05982140080253518
2026-08-29,wk inc flu hosp,-1,2026-08-22,11,quantile,0.7,0.08044073428120958
2026-08-29,wk inc flu hosp,-1,2026-08-22,11,quantile,0.75,0.14915081538237082
2026-08-29,wk inc flu hosp,-1,2026-08-22,11,quantile,0.8,0.1737672432603397
2026-08-29,wk inc flu hosp,-1,2026-08-22,11,quantile,0.85,0.23110413630477555
2026-08-29,wk inc flu hosp,-1,2026-08-22,11,quantile,0.9,0.4760737899717909
2026-08-29,wk inc flu hosp,-1,2026-08-22,11,quantile,0.95,0.7980585815478338
2026-08-29,wk inc flu hosp,-1,2026-08-22,11,quantile,0.975,1.6427161188988162
2026-08-29,wk inc flu hosp,-1,2026-08-22,11,quantile,0.99,2.1478084262319572
2026-08-29,wk inc flu hosp,0,2026-08-29,11,quantile,0.01,0
2026-08-29,wk inc flu hosp,0,2026-08-29,11,quantile,0.025,0
2026-08-29,wk inc flu hosp,0,2026-08-29,11,quantile,0.05,0
2026-08-29,wk inc flu hosp,0,2026-08-29,11,quantile,0.1,0
2026-08-29,wk inc flu hosp,0,2026-08-29,11,quantile,0.15,0
2026-08-29,wk inc flu hosp,0,2026-08-29,11,quantile,0.2,0
2026-08-29,wk inc flu hosp,0,2026-08-29,11,quantile,0.25,0
2026-08-29,wk inc flu hosp,0,2026-08-29,11,quantile,0.3,1.691564076016748e-4
2026-08-29,wk inc flu hosp,0,2026-08-29,11,quantile,0.35,0.001434612539241057
2026-08-29,wk inc flu hosp,0,2026-08-29,11,quantile,0.4,0.0022223678299284513
2026-08-29,wk inc flu hosp,0,2026-08-29,11,quantile,0.45,0.008539853890274072
2026-08-29,wk inc flu hosp,0,2026-08-29,11,quantile,0.5,0.014556060317551847
2026-08-29,wk inc flu hosp,0,2026-08-29,11,quantile,0.55,0.03736751410741053
2026-08-29,wk inc flu hosp,0,2026-08-29,11,quantile,0.6,0.06378875137292192
2026-08-29,wk inc flu hosp,0,2026-08-29,11,quantile,0.65,0.07843851093761994
2026-08-29,wk inc flu hosp,0,2026-08-29,11,quantile,0.7,0.09415262804530825
2026-08-29,wk inc flu hosp,0,2026-08-29,11,quantile,0.75,0.13520913888425676
2026-08-29,wk inc flu hosp,0,2026-08-29,11,quantile,0.8,0.16648210272284836
2026-08-29,wk inc flu hosp,0,2026-08-29,11,quantile,0.85,0.2199244381514082
2026-08-29,wk inc flu hosp,0,2026-08-29,11,quantile,0.9,0.446117117432452
2026-08-29,wk inc flu hosp,0,2026-08-29,11,quantile,0.95,0.7782096111853058
2026-08-29,wk inc flu hosp,0,2026-08-29,11,quantile,0.975,1.8827052656290175
2026-08-29,wk inc flu hosp,0,2026-08-29,11,quantile,0.99,3.0898737820817432
2026-08-29,wk inc flu hosp,1,2026-09-05,11,quantile,0.01,0
2026-08-29,wk inc flu hosp,1,2026-09-05,11,quantile,0.025,0
2026-08-29,wk inc flu hosp,1,2026-09-05,11,quantile,0.05,0
2026-08-29,wk inc flu hosp,1,2026-09-05,11,quantile,0.1,0
2026-08-29,wk inc flu hosp,1,2026-09-05,11,quantile,0.15,0
2026-08-29,wk inc flu hosp,1,2026-09-05,11,quantile,0.2,0
2026-08-29,wk inc flu hosp,1,2026-09-05,11,quantile,0.25,0
2026-08-29,wk inc flu hosp,1,2026-09-05,11,quantile,0.3,2.450704816514731e-4
2026-08-29,wk inc flu hosp,1,2026-09-05,11,quantile,0.35,0.006125974925488033
2026-08-29,wk inc flu hosp,1,2026-09-05,11,quantile,0.4,0.007520284090084376
2026-08-29,wk inc flu hosp,1,2026-09-05,11,quantile,0.45,0.008199779987328466
2026-08-29,wk inc flu hosp,1,2026-09-05,11,quantile,0.5,0.01571014136896075
2026-08-29,wk inc flu hosp,1,2026-09-05,11,quantile,0.55,0.02284962776211345
2026-08-29,wk inc flu hosp,1,2026-09-05,11,quantile,0.6,0.041031381560252746
2026-08-29,wk inc flu hosp,1,2026-09-05,11,quantile,0.65,0.0629539752801342
2026-08-29,wk inc flu hosp,1,2026-09-05,11,quantile,0.7,0.07858576967136754
2026-08-29,wk inc flu hosp,1,2026-09-05,11,quantile,0.75,0.11495601756039604
2026-08-29,wk inc flu hosp,1,2026-09-05,11,quantile,0.8,0.1941971320452148
2026-08-29,wk inc flu hosp,1,2026-09-05,11,quantile,0.85,0.3486973588484128
2026-08-29,wk inc flu hosp,1,2026-09-05,11,quantile,0.9,0.5767827571859733
2026-08-29,wk inc flu hosp,1,2026-09-05,11,quantile,0.95,0.8630114551000239
2026-08-29,wk inc flu hosp,1,2026-09-05,11,quantile,0.975,1.6192428270812627
2026-08-29,wk inc flu hosp,1,2026-09-05,11,quantile,0.99,2.749213061178796
2026-08-29,wk inc flu hosp,2,2026-09-12,11,quantile,0.01,0
2026-08-29,wk inc flu hosp,2,2026-09-12,11,quantile,0.025,0
2026-08-29,wk inc flu hosp,2,2026-09-12,11,quantile,0.05,0
2026-08-29,wk inc flu hosp,2,2026-09-12,11,quantile,0.1,0
2026-08-29,wk inc flu hosp,2,2026-09-12,11,quantile,0.15,0.0013957444469139986
2026-08-29,wk inc flu hosp,2,2026-09-12,11,quantile,0.2,0.005243720228352251
2026-08-29,wk inc flu hosp,2,2026-09-12,11,quantile,0.25,0.01582310244323683
2026-08-29,wk inc flu hosp,2,2026-09-12,11,quantile,0.3,0.023793827446485387
2026-08-29,wk inc flu hosp,2,2026-09-12,11,quantile,0.35,0.031376010704182056
2026-08-29,wk inc flu hosp,2,2026-09-12,11,quantile,0.4,0.03864039095094512
2026-08-29,wk inc flu hosp,2,2026-09-12,11,quantile,0.45,0.04838856906089637
2026-08-29,wk inc flu hosp,2,2026-09-12,11,quantile,0.5,0.05745998955266288
2026-08-29,wk inc flu hosp,2,2026-09-12,11,quantile,0.55,0.07606740516948424
2026-08-29,wk inc flu hosp,2,2026-09-12,11,quantile,0.6,0.10079093783572239
2026-08-29,wk inc flu hosp,2,2026-09-12,11,quantile,0.65,0.11342226459774528
2026-08-29,wk inc flu hosp,2,2026-09-12,11,quantile,0.7,0.13830809250278847
2026-08-29,wk inc flu hosp,2,2026-09-12,11,quantile,0.75,0.17560934082169932
2026-08-29,wk inc flu hosp,2,2026-09-12,11,quantile,0.8,0.2954486979385905
2026-08-29,wk inc flu hosp,2,2026-09-12,11,quantile,0.85,0.4040193894509715
2026-08-29,wk inc flu hosp,2,2026-09-12,11,quantile,0.9,0.6985226134164154
2026-08-29,wk inc flu hosp,2,2026-09-12,11,quantile,0.95,1.1293839043028993
2026-08-29,wk inc flu hosp,2,2026-09-12,11,quantile,0.975,1.4203881081233678
2026-08-29,wk inc flu hosp,2,2026-09-12,11,quantile,0.99,3.430566741184419
2026-08-29,wk inc flu hosp,3,2026-09-19,11,quantile,0.01,0
2026-08-29,wk inc flu hosp,3,2026-09-19,11,quantile,0.025,0
2026-08-29,wk inc flu hosp,3,2026-09-19,11,quantile,0.05,0
2026-08-29,wk inc flu hosp,3,2026-09-19,11,quantile,0.1,0
2026-08-29,wk inc flu hosp,3,2026-09-19,11,quantile,0.15,0
2026-08-29,wk inc flu hosp,3,2026-09-19,11,quantile,0.2,0.0022470375462371552
2026-08-29,wk inc flu hosp,3,2026-09-19,11,quantile,0.25,0.0072851924253787585
2026-08-29,wk inc flu hosp,3,2026-09-19,11,quantile,0.3,0.012099332648363088
2026-08-29,wk inc flu hosp,3,2026-09-19,11,quantile,0.35,0.022753624695963648
2026-08-29,wk inc flu hosp,3,2026-09-19,11,quantile,0.4,0.03417180002946367
2026-08-29,wk inc flu hosp,3,2026-09-19,11,quantile,0.45,0.04366678621201424
2026-08-29,wk inc flu hosp,3,2026-09-19,11,quantile,0.5,0.04708046151465999
2026-08-29,wk inc flu hosp,3,2026-09-19,11,quantile,0.55,0.05788057833162675
2026-08-29,wk inc flu hosp,3,2026-09-19,11,quantile,0.6,0.10389313836781663
2026-08-29,wk inc flu hosp,3,2026-09-19,11,quantile,0.65,0.1119841775627352
2026-08-29,wk inc flu hosp,3,2026-09-19,11,quantile,0.7,0.13144389594674605
2026-08-29,wk inc flu hosp,3,2026-09-19,11,quantile,0.75,0.1897208307128794
2026-08-29,wk inc flu hosp,3,2026-09-19,11,quantile,0.8,0.2526978132648443
2026-08-29,wk inc flu hosp,3,2026-09-19,11,quantile,0.85,0.5309904922537525
2026-08-29,wk inc flu hosp,3,2026-09-19,11,quantile,0.9,0.7484718435491485
2026-08-29,wk inc flu hosp,3,2026-09-19,11,quantile,0.95,0.9828100166256853
2026-08-29,wk inc flu hosp,3,2026-09-19,11,quantile,0.975,1.576392438156372
2026-08-29,wk inc flu hosp,3,2026-09-19,11,quantile,0.99,2.844377743646003
2026-08-29,wk inc flu hosp,-1,2026-08-22,10,quantile,0.01,0
2026-08-29,wk inc flu hosp,-1,2026-08-22,10,quantile,0.025,0
2026-08-29,wk inc flu hosp,-1,2026-08-22,10,quantile,0.05,0
2026-08-29,wk inc flu hosp,-1,2026-08-22,10,quantile,0.1,0.007069817197849725
2026-08-29,wk inc flu hosp,-1,2026-08-22,10,quantile,0.15,0.06629452886901702
2026-08-29,wk inc flu hosp,-1,2026-08-22,10,quantile,0.2,0.10667353326455016
2026-08-29,wk inc flu hosp,-1,2026-08-22,10,quantile,0.25,0.2749179261324062
2026-08-29,wk inc flu hosp,-1,2026-08-22,10,quantile,0.3,0.33513588850710857
2026-08-29,wk inc flu hosp,-1,2026-08-22,10,quantile,0.35,0.3493186824334128
2026-08-29,wk inc flu hosp,-1,2026-08-22,10,quantile,0.4,0.37214465506029804
2026-08-29,wk inc flu hosp,-1,2026-08-22,10,quantile,0.45,0.39528098147775936
2026-08-29,wk inc flu hosp,-1,2026-08-22,10,quantile,0.5,0.42039307556267397
2026-08-29,wk inc flu hosp,-1,2026-08-22,10,quantile,0.55,0.4244839784654632
2026-08-29,wk inc flu hosp,-1,2026-08-22,10,quantile,0.6,0.4252918293328357
2026-08-29,wk inc flu hosp,-1,2026-08-22,10,quantile,0.65,0.4553367882971983
2026-08-29,wk inc flu hosp,-1,2026-08-22,10,quantile,0.7,0.5046789150396197
2026-08-29,wk inc flu hosp,-1,2026-08-22,10,quantile,0.75,0.6779907636423598
2026-08-29,wk inc flu hosp,-1,2026-08-22,10,quantile,0.8,0.8352948883563526
2026-08-29,wk inc flu hosp,-1,2026-08-22,10,quantile,0.85,0.8975264444317167
2026-08-29,wk inc flu hosp,-1,2026-08-22,10,quantile,0.9,1.330280803860075
2026-08-29,wk inc flu hosp,-1,2026-08-22,10,quantile,0.95,1.601494716195984
2026-08-29,wk inc flu hosp,-1,2026-08-22,10,quantile,0.975,2.888920968438816
2026-08-29,wk inc flu hosp,-1,2026-08-22,10,quantile,0.99,4.915031974234973
2026-08-29,wk inc flu hosp,0,2026-08-29,10,quantile,0.01,0
2026-08-29,wk inc flu hosp,0,2026-08-29,10,quantile,0.025,0
2026-08-29,wk inc flu hosp,0,2026-08-29,10,quantile,0.05,0.0061191963289561535
2026-08-29,wk inc flu hosp,0,2026-08-29,10,quantile,0.1,0.03500405791179166
2026-08-29,wk inc flu hosp,0,2026-08-29,10,quantile,0.15,0.16721757850327013
2026-08-29,wk inc flu hosp,0,2026-08-29,10,quantile,0.2,0.32673284978585526
2026-08-29,wk inc flu hosp,0,2026-08-29,10,quantile,0.25,0.436955998916924
2026-08-29,wk inc flu hosp,0,2026-08-29,10,quantile,0.3,0.5365300572530969
2026-08-29,wk inc flu hosp,0,2026-08-29,10,quantile,0.35,0.6358872021351168
2026-08-29,wk inc flu hosp,0,2026-08-29,10,quantile,0.4,0.7662173805619146
2026-08-29,wk inc flu hosp,0,2026-08-29,10,quantile,0.45,0.9837279680488793
2026-08-29,wk inc flu hosp,0,2026-08-29,10,quantile,0.5,1.0103321834980024
2026-08-29,wk inc flu hosp,0,2026-08-29,10,quantile,0.55,1.1410591404703587
2026-08-29,wk inc flu hosp,0,2026-08-29,10,quantile,0.6,1.1663141470291665
2026-08-29,wk inc flu hosp,0,2026-08-29,10,quantile,0.65,1.306760570449372
2026-08-29,wk inc flu hosp,0,2026-08-29,10,quantile,0.7,1.5032192183825466
2026-08-29,wk inc flu hosp,0,2026-08-29,10,quantile,0.75,1.5514100059345095
2026-08-29,wk inc flu hosp,0,2026-08-29,10,quantile,0.8,1.6326715900195514
2026-08-29,wk inc flu hosp,0,2026-08-29,10,quantile,0.85,1.9683665801197627
2026-08-29,wk inc flu hosp,0,2026-08-29,10,quantile,0.9,2.322153619339651
2026-08-29,wk inc flu hosp,0,2026-08-29,10,quantile,0.95,2.7748867875722882
2026-08-29,wk inc flu hosp,0,2026-08-29,10,quantile,0.975,3.372493380993471
2026-08-29,wk inc flu hosp,0,2026-08-29,10,quantile,0.99,4.0704220990655235
2026-08-29,wk inc flu hosp,1,2026-09-05,10,quantile,0.01,0
2026-08-29,wk inc flu hosp,1,2026-09-05,10,quantile,0.025,0
2026-08-29,wk inc flu hosp,1,2026-09-05,10,quantile,0.05,9.876417737155595e-4
2026-08-29,wk inc flu hosp,1,2026-09-05,10,quantile,0.1,0.03359603857693669
2026-08-29,wk inc flu hosp,1,2026-09-05,10,quantile,0.15,0.12296061179560773
2026-08-29,wk inc flu hosp,1,2026-09-05,10,quantile,0.2,0.3262441401328983
2026-08-29,wk inc flu hosp,1,2026-09-05,10,quantile,0.25,0.467270553623127
2026-08-29,wk inc flu hosp,1,2026-09-05,10,quantile,0.3,0.6076319099046245
2026-08-29,wk inc flu hosp,1,2026-09-05,10,quantile,0.35,0.6848272934728037
2026-08-29,wk inc flu hosp,1,2026-09-05,10,quantile,0.4,0.8558167948273692
2026-08-29,wk inc flu hosp,1,2026-09-05,10,quantile,0.45,1.103099478910307
2026-08-29,wk inc flu hosp,1,2026-09-05,10,quantile,0.5,1.2121710179367977
2026-08-29,wk inc flu hosp,1,2026-09-05,10,quantile,0.55,1.2481089294105587
2026-08-29,wk inc flu hosp,1,2026-09-05,10,quantile,0.6,1.2790235859371368
2026-08-29,wk inc flu hosp,1,2026-09-05,10,quantile,0.65,1.304705332734095
2026-08-29,wk inc flu hosp,1,2026-09-05,10,quantile,0.7,1.386423765040123
2026-08-29,wk inc flu hosp,1,2026-09-05,10,quantile,0.75,1.538735301761532
2026-08-29,wk inc flu hosp,1,2026-09-05,10,quantile,0.8,1.5667726229354937
2026-08-29,wk inc flu hosp,1,2026-09-05,10,quantile,0.85,1.6268127721137104
2026-08-29,wk inc flu hosp,1,2026-09-05,10,quantile,0.9,1.8386202603625885
2026-08-29,wk inc flu hosp,1,2026-09-05,10,quantile,0.95,2.454650888061285
2026-08-29,wk inc flu hosp,1,2026-09-05,10,quantile,0.975,3.1467307451945223
2026-08-29,wk inc flu hosp,1,2026-09-05,10,quantile,0.99,4.5007615832866525
2026-08-29,wk inc flu hosp,2,2026-09-12,10,quantile,0.01,0
2026-08-29,wk inc flu hosp,2,2026-09-12,10,quantile,0.025,0
2026-08-29,wk inc flu hosp,2,2026-09-12,10,quantile,0.05,0
2026-08-29,wk inc flu hosp,2,2026-09-12,10,quantile,0.1,0.015572973036857785
2026-08-29,wk inc flu hosp,2,2026-09-12,10,quantile,0.15,0.06298234435774193
2026-08-29,wk inc flu hosp,2,2026-09-12,10,quantile,0.2,0.1492271763817156
2026-08-29,wk inc flu hosp,2,2026-09-12,10,quantile,0.25,0.22499462532119535
2026-08-29,wk inc flu hosp,2,2026-09-12,10,quantile,0.3,0.337707874054698
2026-08-29,wk inc flu hosp,2,2026-09-12,10,quantile,0.35,0.4214575975677245
2026-08-29,wk inc flu hosp,2,2026-09-12,10,quantile,0.4,0.5021894796914037
2026-08-29,wk inc flu hosp,2,2026-09-12,10,quantile,0.45,0.583901489140094
2026-08-29,wk inc flu hosp,2,2026-09-12,10,quantile,0.5,0.677874478549971
2026-08-29,wk inc flu hosp,2,2026-09-12,10,quantile,0.55,0.7481084882899367
2026-08-29,wk inc flu hosp,2,2026-09-12,10,quantile,0.6,0.8656793662985832
2026-08-29,wk inc flu hosp,2,2026-09-12,10,quantile,0.65,0.9809951689101157
2026-08-29,wk inc flu hosp,2,2026-09-12,10,quantile,0.7,1.0581238195901177
2026-08-29,wk inc flu hosp,2,2026-09-12,10,quantile,0.75,1.1334932707050764
2026-08-29,wk inc flu hosp,2,2026-09-12,10,quantile,0.8,1.3869727396882694
2026-08-29,wk inc flu hosp,2,2026-09-12,10,quantile,0.85,1.5486148247519145
2026-08-29,wk inc flu hosp,2,2026-09-12,10,quantile,0.9,1.8233185323175807
2026-08-29,wk inc flu hosp,2,2026-09-12,10,quantile,0.95,2.604840018980076
2026-08-29,wk inc flu hosp,2,2026-09-12,10,quantile,0.975,3.4941739722762404
2026-08-29,wk inc flu hosp,2,2026-09-12,10,quantile,0.99,4.457668047072444
2026-08-29,wk inc flu hosp,3,2026-09-19,10,quantile,0.01,0
2026-08-29,wk inc flu hosp,3,2026-09-19,10,quantile,0.025,0
2026-08-29,wk inc flu hosp,3,2026-09-19,10,quantile,0.05,0
2026-08-29,wk inc flu hosp,3,2026-09-19,10,quantile,0.1,0.01336277664561925
2026-08-29,wk inc flu hosp,3,2026-09-19,10,quantile,0.15,0.05633598152891845
2026-08-29,wk inc flu hosp,3,2026-09-19,10,quantile,0.2,0.19090748178745154
2026-08-29,wk inc flu hosp,3,2026-09-19,10,quantile,0.25,0.29204061301319517
2026-08-29,wk inc flu hosp,3,2026-09-19,10,quantile,0.3,0.4090758661884792
2026-08-29,wk inc flu hosp,3,2026-09-19,10,quantile,0.35,0.478004702603277
2026-08-29,wk inc flu hosp,3,2026-09-19,10,quantile,0.4,0.6101870058284677
2026-08-29,wk inc flu hosp,3,2026-09-19,10,quantile,0.45,0.6608009437822613
2026-08-29,wk inc flu hosp,3,2026-09-19,10,quantile,0.5,0.7776027120019474
2026-08-29,wk inc flu hosp,3,2026-09-19,10,quantile,0.55,0.8596523541335273
2026-08-29,wk inc flu hosp,3,2026-09-19,10,quantile,0.6,0.8844079518730817
2026-08-29,wk inc flu hosp,3,2026-09-19,10,quantile,0.65,1.0129333330944144
2026-08-29,wk inc flu hosp,3,2026-09-19,10,quantile,0.7,1.1425765112385926
2026-08-29,wk inc flu hosp,3,2026-09-19,10,quantile,0.75,1.1950099274752077
2026-08-29,wk inc flu hosp,3,2026-09-19,10,quantile,0.8,1.3287118478925801
2026-08-29,wk inc flu hosp,3,2026-09-19,10,quantile,0.85,1.5148878080578547
2026-08-29,wk inc flu hosp,3,2026-09-19,10,quantile,0.9,1.790069864199763
2026-08-29,wk inc flu hosp,3,2026-09-19,10,quantile,0.95,3.0843735960869005
2026-08-29,wk inc flu hosp,3,2026-09-19,10,quantile,0.975,4.714060100739823
2026-08-29,wk inc flu hosp,3,2026-09-19,10,quantile,0.99,6.467929664514237
2026-08-29,wk inc flu hosp,-1,2026-08-22,12,quantile,0.01,5.417392912518975
2026-08-29,wk inc flu hosp,-1,2026-08-22,12,quantile,0.025,13.375837609396543
2026-08-29,wk inc flu hosp,-1,2026-08-22,12,quantile,0.05,28.162719182111303
2026-08-29,wk inc flu hosp,-1,2026-08-22,12,quantile,0.1,45.40610414141378
2026-08-29,wk inc flu hosp,-1,2026-08-22,12,quantile,0.15,69.06925764873027
2026-08-29,wk inc flu hosp,-1,2026-08-22,12,quantile,0.2,71.1002187015195
2026-08-29,wk inc flu hosp,-1,2026-08-22,12,quantile,0.25,82.25408011021591
2026-08-29,wk inc flu hosp,-1,2026-08-22,12,quantile,0.3,86.04200782540524
2026-08-29,wk inc flu hosp,-1,2026-08-22,12,quantile,0.35,90.28884776152637
2026-08-29,wk inc flu hosp,-1,2026-08-22,12,quantile,0.4,91.04791660502221
2026-08-29,wk inc flu hosp,-1,2026-08-22,12,quantile,0.45,93.38602811216002
2026-08-29,wk inc flu hosp,-1,2026-08-22,12,quantile,0.5,94.69297416526425
2026-08-29,wk inc flu hosp,-1,2026-08-22,12,quantile,0.55,97.34203200690298
2026-08-29,wk inc flu hosp,-1,2026-08-22,12,quantile,0.6,99.59837072558368
2026-08-29,wk inc flu hosp,-1,2026-08-22,12,quantile,0.65,106.72011590428015
2026-08-29,wk inc flu hosp,-1,2026-08-22,12,quantile,0.7,113.07153342810707
2026-08-29,wk inc flu hosp,-1,2026-08-22,12,quantile,0.75,123.5109526115528
2026-08-29,wk inc flu hosp,-1,2026-08-22,12,quantile,0.8,130.19558559912682
2026-08-29,wk inc flu hosp,-1,2026-08-22,12,quantile,0.85,138.24539482137766
2026-08-29,wk inc flu hosp,-1,2026-08-22,12,quantile,0.9,150.15539022770878
2026-08-29,wk inc flu hosp,-1,2026-08-22,12,quantile,0.95,186.28861474409607
2026-08-29,wk inc flu hosp,-1,2026-08-22,12,quantile,0.975,236.09514647656306
2026-08-29,wk inc flu hosp,-1,2026-08-22,12,quantile,0.99,272.6949112833252
2026-08-29,wk inc flu hosp,0,2026-08-29,12,quantile,0.01,7.816641571527967
2026-08-29,wk inc flu hosp,0,2026-08-29,12,quantile,0.025,22.868340614522573
2026-08-29,wk inc flu hosp,0,2026-08-29,12,quantile,0.05,27.20793324513514
2026-08-29,wk inc flu hosp,0,2026-08-29,12,quantile,0.1,45.56175055869199
2026-08-29,wk inc flu hosp,0,2026-08-29,12,quantile,0.15,68.31691405512845
2026-08-29,wk inc flu hosp,0,2026-08-29,12,quantile,0.2,72.30205953812161
2026-08-29,wk inc flu hosp,0,2026-08-29,12,quantile,0.25,84.01328008314623
2026-08-29,wk inc flu hosp,0,2026-08-29,12,quantile,0.3,86.56756672225886
2026-08-29,wk inc flu hosp,0,2026-08-29,12,quantile,0.35,92.14100325607417
2026-08-29,wk inc flu hosp,0,2026-08-29,12,quantile,0.4,98.1817117266509
2026-08-29,wk inc flu hosp,0,2026-08-29,12,quantile,0.45,100.78806225794828
2026-08-29,wk inc flu hosp,0,2026-08-29,12,quantile,0.5,102.51019620818718
2026-08-29,wk inc flu hosp,0,2026-08-29,12,quantile,0.55,103.00602451503926
2026-08-29,wk inc flu hosp,0,2026-08-29,12,quantile,0.6,108.18240005252564
2026-08-29,wk inc flu hosp,0,2026-08-29,12,quantile,0.65,117.01242851050776
2026-08-29,wk inc flu hosp,0,2026-08-29,12,quantile,0.7,119.80926107291926
2026-08-29,wk inc flu hosp,0,2026-08-29,12,quantile,0.75,129.07071435786165
2026-08-29,wk inc flu hosp,0,2026-08-29,12,quantile,0.8,141.33469447564661
2026-08-29,wk inc flu hosp,0,2026-08-29,12,quantile,0.85,145.41121749125594
2026-08-29,wk inc flu hosp,0,2026-08-29,12,quantile,0.9,161.64415744445913
2026-08-29,wk inc flu hosp,0,2026-08-29,12,quantile,0.95,194.43273410304445
2026-08-29,wk inc flu hosp,0,2026-08-29,12,quantile,0.975,218.351714533478
2026-08-29,wk inc flu hosp,0,2026-08-29,12,quantile,0.99,248.6293327044442
2026-08-29,wk inc flu hosp,1,2026-09-05,12,quantile,0.01,8.824342715673081
2026-08-29,wk inc flu hosp,1,2026-09-05,12,quantile,0.025,18.324907044354433
2026-08-29,wk inc flu hosp,1,2026-09-05,12,quantile,0.05,26.03049563680706
2026-08-29,wk inc flu hosp,1,2026-09-05,12,quantile,0.1,51.2635791817318
2026-08-29,wk inc flu hosp,1,2026-09-05,12,quantile,0.15,62.534726178237996
2026-08-29,wk inc flu hosp,1,2026-09-05,12,quantile,0.2,74.54283123856828
2026-08-29,wk inc flu hosp,1,2026-09-05,12,quantile,0.25,83.84717213155425
2026-08-29,wk inc flu hosp,1,2026-09-05,12,quantile,0.3,92.53558639825235
2026-08-29,wk inc flu hosp,1,2026-09-05,12,quantile,0.35,99.38600745746375
2026-08-29,wk inc flu hosp,1,2026-09-05,12,quantile,0.4,101.05808008635465
2026-08-29,wk inc flu hosp,1,2026-09-05,12,quantile,0.45,105.75008495577103
2026-08-29,wk inc flu hosp,1,2026-09-05,12,quantile,0.5,109.10240683960528
2026-08-29,wk inc flu hosp,1,2026-09-05,12,quantile,0.55,110.50232274666992
2026-08-29,wk inc flu hosp,1,2026-09-05,12,quantile,0.6,117.71276421360778
2026-08-29,wk inc flu hosp,1,2026-09-05,12,quantile,0.65,120.59575709208917
2026-08-29,wk inc flu hosp,1,2026-09-05,12,quantile,0.7,122.57637374881742
2026-08-29,wk inc flu hosp,1,2026-09-05,12,quantile,0.75,139.13346506180986
2026-08-29,wk inc flu hosp,1,2026-09-05,12,quantile,0.8,144.21714214727064
2026-08-29,wk inc flu hosp,1,2026-09-05,12,quantile,0.85,162.67471419883915
2026-08-29,wk inc flu hosp,1,2026-09-05,12,quantile,0.9,187.86929140433452
2026-08-29,wk inc flu hosp,1,2026-09-05,12,quantile,0.95,221.17348651460148
2026-08-29,wk inc flu hosp,1,2026-09-05,12,quantile,0.975,236.41662873672533
2026-08-29,wk inc flu hosp,1,2026-09-05,12,quantile,0.99,277.09366193043866
2026-08-29,wk inc flu hosp,2,2026-09-12,12,quantile,0.01,8.015138716468329
2026-08-29,wk inc flu hosp,2,2026-09-12,12,quantile,0.025,14.22257897115701
2026-08-29,wk inc flu hosp,2,2026-09-12,12,quantile,0.05,19.49291020607963
2026-08-29,wk inc flu hosp,2,2026-09-12,12,quantile,0.1,27.29435909723972
2026-08-29,wk inc flu hosp,2,2026-09-12,12,quantile,0.15,45.302221601890004
2026-08-29,wk inc flu hosp,2,2026-09-12,12,quantile,0.2,56.77241958054826
2026-08-29,wk inc flu hosp,2,2026-09-12,12,quantile,0.25,65.16366741496469
2026-08-29,wk inc flu hosp,2,2026-09-12,12,quantile,0.3,76.57737267773385
2026-08-29,wk inc flu hosp,2,2026-09-12,12,quantile,0.35,84.5254222286284
2026-08-29,wk inc flu hosp,2,2026-09-12,12,quantile,0.4,87.05116573316832
2026-08-29,wk inc flu hosp,2,2026-09-12,12,quantile,0.45,93.77783918970673
2026-08-29,wk inc flu hosp,2,2026-09-12,12,quantile,0.5,97.2029647760035
2026-08-29,wk inc flu hosp,2,2026-09-12,12,quantile,0.55,99.90738735020946
2026-08-29,wk inc flu hosp,2,2026-09-12,12,quantile,0.6,107.16986177476731
2026-08-29,wk inc flu hosp,2,2026-09-12,12,quantile,0.65,108.68691571180153
2026-08-29,wk inc flu hosp,2,2026-09-12,12,quantile,0.7,114.92342200542494
2026-08-29,wk inc flu hosp,2,2026-09-12,12,quantile,0.75,121.16668116846587
2026-08-29,wk inc flu hosp,2,2026-09-12,12,quantile,0.8,137.11151128967327
2026-08-29,wk inc flu hosp,2,2026-09-12,12,quantile,0.85,155.4422532044906
2026-08-29,wk inc flu hosp,2,2026-09-12,12,quantile,0.9,173.72974762789238
2026-08-29,wk inc flu hosp,2,2026-09-12,12,quantile,0.95,196.50152175487457
2026-08-29,wk inc flu hosp,2,2026-09-12,12,quantile,0.975,217.426554630944
2026-08-29,wk inc flu hosp,2,2026-09-12,12,quantile,0.99,253.49141483423128
2026-08-29,wk inc flu hosp,3,2026-09-19,12,quantile,0.01,5.541525814478483
2026-08-29,wk inc flu hosp,3,2026-09-19,12,quantile,0.025,15.8153679847151
2026-08-29,wk inc flu hosp,3,2026-09-19,12,quantile,0.05,21.79475180405615
2026-08-29,wk inc flu hosp,3,2026-09-19,12,quantile,0.1,28.652314017124674
2026-08-29,wk inc flu hosp,3,2026-09-19,12,quantile,0.15,41.742882002373584
2026-08-29,wk inc flu hosp,3,2026-09-19,12,quantile,0.2,57.57777758840203
2026-08-29,wk inc flu hosp,3,2026-09-19,12,quantile,0.25,69.93408820109927
2026-08-29,wk inc flu hosp,3,2026-09-19,12,quantile,0.3,82.93267561389003
2026-08-29,wk inc flu hosp,3,2026-09-19,12,quantile,0.35,88.28019849425118
2026-08-29,wk inc flu hosp,3,2026-09-19,12,quantile,0.4,95.02622747425451
2026-08-29,wk inc flu hosp,3,2026-09-19,12,quantile,0.45,96.75609370481378
2026-08-29,wk inc flu hosp,3,2026-09-19,12,quantile,0.5,101.74708167028261
2026-08-29,wk inc flu hosp,3,2026-09-19,12,quantile,0.55,105.94218166314275
2026-08-29,wk inc flu hosp,3,2026-09-19,12,quantile,0.6,106.96516148164257
2026-08-29,wk inc flu hosp,3,2026-09-19,12,quantile,0.65,114.80474922307727
2026-08-29,wk inc flu hosp,3,2026-09-19,12,quantile,0.7,119.39016953478784
2026-08-29,wk inc flu hosp,3,2026-09-19,12,quantile,0.75,124.13878014581978
2026-08-29,wk inc flu hosp,3,2026-09-19,12,quantile,0.8,131.2682401077566
2026-08-29,wk inc flu hosp,3,2026-09-19,12,quantile,0.85,155.81688238885877
2026-08-29,wk inc flu hosp,3,2026-09-19,12,quantile,0.9,181.73261040623254
2026-08-29,wk inc flu hosp,3,2026-09-19,12,quantile,0.95,214.17973597263438
2026-08-29,wk inc flu hosp,3,2026-09-19,12,quantile,0.975,238.10487581724783
2026-08-29,wk inc flu hosp,3,2026-09-19,12,quantile,0.99,334.7332261466078
2026-08-29,wk inc flu hosp,-1,2026-08-22,13,quantile,0.01,0.6460481184603537
2026-08-29,wk inc flu hosp,-1,2026-08-22,13,quantile,0.025,1.0495853507559476
2026-08-29,wk inc flu hosp,-1,2026-08-22,13,quantile,0.05,1.663065653470917
2026-08-29,wk inc flu hosp,-1,2026-08-22,13,quantile,0.1,3.3178339683553886
2026-08-29,wk inc flu hosp,-1,2026-08-22,13,quantile,0.15,5.3469381322244045
2026-08-29,wk inc flu hosp,-1,2026-08-22,13,quantile,0.2,6.7300621768926465
2026-08-29,wk inc flu hosp,-1,2026-08-22,13,quantile,0.25,8.436722040118466
2026-08-29,wk inc flu hosp,-1,2026-08-22,13,quantile,0.3,9.117223246879
2026-08-29,wk inc flu hosp,-1,2026-08-22,13,quantile,0.35,9.782343987324992
2026-08-29,wk inc flu hosp,-1,2026-08-22,13,quantile,0.4,10.571859141144216
2026-08-29,wk inc flu hosp,-1,2026-08-22,13,quantile,0.45,11.238373328823776
2026-08-29,wk inc flu hosp,-1,2026-08-22,13,quantile,0.5,12.034582797184896
2026-08-29,wk inc flu hosp,-1,2026-08-22,13,quantile,0.55,12.58035105914895
2026-08-29,wk inc flu hosp,-1,2026-08-22,13,quantile,0.6,13.364554767736513
2026-08-29,wk inc flu hosp,-1,2026-08-22,13,quantile,0.65,14.393106843312871
2026-08-29,wk inc flu hosp,-1,2026-08-22,13,quantile,0.7,15.356927652689794
2026-08-29,wk inc flu hosp,-1,2026-08-22,13,quantile,0.75,17.24061186332106
2026-08-29,wk inc flu hosp,-1,2026-08-22,13,quantile,0.8,18.600057386999747
2026-08-29,wk inc flu hosp,-1,2026-08-22,13,quantile,0.85,20.169811264745903
2026-08-29,wk inc flu hosp,-1,2026-08-22,13,quantile,0.9,26.285781839661208
2026-08-29,wk inc flu hosp,-1,2026-08-22,13,quantile,0.95,29.809668586400818
2026-08-29,wk inc flu hosp,-1,2026-08-22,13,quantile,0.975,39.52302920780448
2026-08-29,wk inc flu hosp,-1,2026-08-22,13,quantile,0.99,49.692703142322955
2026-08-29,wk inc flu hosp,0,2026-08-29,13,quantile,0.01,0.8890438497266063
2026-08-29,wk inc flu hosp,0,2026-08-29,13,quantile,0.025,1.20700159413922
2026-08-29,wk inc flu hosp,0,2026-08-29,13,quantile,0.05,1.6595237788854418
2026-08-29,wk inc flu hosp,0,2026-08-29,13,quantile,0.1,3.130310320992191
2026-08-29,wk inc flu hosp,0,2026-08-29,13,quantile,0.15,5.188111476998271
2026-08-29,wk inc flu hosp,0,2026-08-29,13,quantile,0.2,6.826308767869869
2026-08-29,wk inc flu hosp,0,2026-08-29,13,quantile,0.25,7.6907720362878695
2026-08-29,wk inc flu hosp,0,2026-08-29,13,quantile,0.3,8.452093998669193
2026-08-29,wk inc flu hosp,0,2026-08-29,13,quantile,0.35,9.289887887902882
2026-08-29,wk inc flu hosp,0,2026-08-29,13,quantile,0.4,10.05885336699478
2026-08-29,wk inc flu hosp,0,2026-08-29,13,quantile,0.45,11.885543232683228
2026-08-29,wk inc flu hosp,0,2026-08-29,13,quantile,0.5,12.385669834580959
2026-08-29,wk inc flu hosp,0,2026-08-29,13,quantile,0.55,13.704791932915185
2026-08-29,wk inc flu hosp,0,2026-08-29,13,quantile,0.6,14.657337120150851
2026-08-29,wk inc flu hosp,0,2026-08-29,13,quantile,0.65,15.941089852257772
2026-08-29,wk inc flu hosp,0,2026-08-29,13,quantile,0.7,17.71156726427493
2026-08-29,wk inc flu hosp,0,2026-08-29,13,quantile,0.75,18.82174619512974
2026-08-29,wk inc flu hosp,0,2026-08-29,13,quantile,0.8,19.97007403376599
2026-08-29,wk inc flu hosp,0,2026-08-29,13,quantile,0.85,22.506094019311842
2026-08-29,wk inc flu hosp,0,2026-08-29,13,quantile,0.9,26.628524516632734
2026-08-29,wk inc flu hosp,0,2026-08-29,13,quantile,0.95,31.810182504478366
2026-08-29,wk inc flu hosp,0,2026-08-29,13,quantile,0.975,40.95889222927375
2026-08-29,wk inc flu hosp,0,2026-08-29,13,quantile,0.99,46.48638871381028
2026-08-29,wk inc flu hosp,1,2026-09-05,13,quantile,0.01,1.133860053462407
2026-08-29,wk inc flu hosp,1,2026-09-05,13,quantile,0.025,1.3822225565633384
2026-08-29,wk inc flu hosp,1,2026-09-05,13,quantile,0.05,1.5402776109957959
2026-08-29,wk inc flu hosp,1,2026-09-05,13,quantile,0.1,3.2812298388902157
2026-08-29,wk inc flu hosp,1,2026-09-05,13,quantile,0.15,4.81558343317749
2026-08-29,wk inc flu hosp,1,2026-09-05,13,quantile,0.2,7.087808139956942
2026-08-29,wk inc flu hosp,1,2026-09-05,13,quantile,0.25,8.31463761525135
2026-08-29,wk inc flu hosp,1,2026-09-05,13,quantile,0.3,9.30212045162779
2026-08-29,wk inc flu hosp,1,2026-09-05,13,quantile,0.35,10.082317503430877
2026-08-29,wk inc flu hosp,1,2026-09-05,13,quantile,0.4,11.336061708826783
2026-08-29,wk inc flu hosp,1,2026-09-05,13,quantile,0.45,12.639375515304797
2026-08-29,wk inc flu hosp,1,2026-09-05,13,quantile,0.5,13.901652031300863
2026-08-29,wk inc flu hosp,1,2026-09-05,13,quantile,0.55,14.434837481554112
2026-08-29,wk inc flu hosp,1,2026-09-05,13,quantile,0.6,15.12349993767514
2026-08-29,wk inc flu hosp,1,2026-09-05,13,quantile,0.65,15.711587394301691
2026-08-29,wk inc flu hosp,1,2026-09-05,13,quantile,0.7,16.38229612204745
2026-08-29,wk inc flu hosp,1,2026-09-05,13,quantile,0.75,18.356268892055677
2026-08-29,wk inc flu hosp,1,2026-09-05,13,quantile,0.8,19.699133261650523
2026-08-29,wk inc flu hosp,1,2026-09-05,13,quantile,0.85,21.644124146932263
2026-08-29,wk inc flu hosp,1,2026-09-05,13,quantile,0.9,25.10131304956668
2026-08-29,wk inc flu hosp,1,2026-09-05,13,quantile,0.95,32.31556668398878
2026-08-29,wk inc flu hosp,1,2026-09-05,13,quantile,0.975,39.2767470877577
2026-08-29,wk inc flu hosp,1,2026-09-05,13,quantile,0.99,50.060426871319805
2026-08-29,wk inc flu hosp,2,2026-09-12,13,quantile,0.01,0.4590599685464734
2026-08-29,wk inc flu hosp,2,2026-09-12,13,quantile,0.025,0.7105565100453523
2026-08-29,wk inc flu hosp,2,2026-09-12,13,quantile,0.05,1.3601223173979005
2026-08-29,wk inc flu hosp,2,2026-09-12,13,quantile,0.1,2.2783119343841127
2026-08-29,wk inc flu hosp,2,2026-09-12,13,quantile,0.15,3.5846685894828436
2026-08-29,wk inc flu hosp,2,2026-09-12,13,quantile,0.2,5.082745974458439
2026-08-29,wk inc flu hosp,2,2026-09-12,13,quantile,0.25,6.208851460225233
2026-08-29,wk inc flu hosp,2,2026-09-12,13,quantile,0.3,7.418131675100445
2026-08-29,wk inc flu hosp,2,2026-09-12,13,quantile,0.35,8.342697045136916
2026-08-29,wk inc flu hosp,2,2026-09-12,13,quantile,0.4,9.00906135546932
2026-08-29,wk inc flu hosp,2,2026-09-12,13,quantile,0.45,9.689189577819555
2026-08-29,wk inc flu hosp,2,2026-09-12,13,quantile,0.5,10.657424568488883
2026-08-29,wk inc flu hosp,2,2026-09-12,13,quantile,0.55,11.478470765536631
2026-08-29,wk inc flu hosp,2,2026-09-12,13,quantile,0.6,12.806997953432075
2026-08-29,wk inc flu hosp,2,2026-09-12,13,quantile,0.65,13.738735802759102
2026-08-29,wk inc flu hosp,2,2026-09-12,13,quantile,0.7,14.704870204874183
2026-08-29,wk inc flu hosp,2,2026-09-12,13,quantile,0.75,15.533461412230007
2026-08-29,wk inc flu hosp,2,2026-09-12,13,quantile,0.8,18.407792854434557
2026-08-29,wk inc flu hosp,2,2026-09-12,13,quantile,0.85,20.321892275709885
2026-08-29,wk inc flu hosp,2,2026-09-12,13,quantile,0.9,23.99334529012428
2026-08-29,wk inc flu hosp,2,2026-09-12,13,quantile,0.95,30.714910204858416
2026-08-29,wk inc flu hosp,2,2026-09-12,13,quantile,0.975,37.68413872688
2026-08-29,wk inc flu hosp,2,2026-09-12,13,quantile,0.99,43.52427309049142
2026-08-29,wk inc flu hosp,3,2026-09-19,13,quantile,0.01,0.3468311251561818
2026-08-29,wk inc flu hosp,3,2026-09-19,13,quantile,0.025,1.2030434215059158
2026-08-29,wk inc flu hosp,3,2026-09-19,13,quantile,0.05,1.4065522499703633
2026-08-29,wk inc flu hosp,3,2026-09-19,13,quantile,0.1,2.400332243202066
2026-08-29,wk inc flu hosp,3,2026-09-19,13,quantile,0.15,4.306635733490523
2026-08-29,wk inc flu hosp,3,2026-09-19,13,quantile,0.2,6.227319171246819
2026-08-29,wk inc flu hosp,3,2026-09-19,13,quantile,0.25,7.5258591580853
2026-08-29,wk inc flu hosp,3,2026-09-19,13,quantile,0.3,8.707682139761298
2026-08-29,wk inc flu hosp,3,2026-09-19,13,quantile,0.35,9.49885498677537
2026-08-29,wk inc flu hosp,3,2026-09-19,13,quantile,0.4,10.918096690650934
2026-08-29,wk inc flu hosp,3,2026-09-19,13,quantile,0.45,11.490451978919827
2026-08-29,wk inc flu hosp,3,2026-09-19,13,quantile,0.5,12.323829562347482
2026-08-29,wk inc flu hosp,3,2026-09-19,13,quantile,0.55,13.123918165478685
2026-08-29,wk inc flu hosp,3,2026-09-19,13,quantile,0.6,13.903905591825628
2026-08-29,wk inc flu hosp,3,2026-09-19,13,quantile,0.65,15.024363056739565
2026-08-29,wk inc flu hosp,3,2026-09-19,13,quantile,0.7,16.07300215960577
2026-08-29,wk inc flu hosp,3,2026-09-19,13,quantile,0.75,17.274465952532545
2026-08-29,wk inc flu hosp,3,2026-09-19,13,quantile,0.8,18.847463924734104
2026-08-29,wk inc flu hosp,3,2026-09-19,13,quantile,0.85,22.759013491888087
2026-08-29,wk inc flu hosp,3,2026-09-19,13,quantile,0.9,25.456609020547493
2026-08-29,wk inc flu hosp,3,2026-09-19,13,quantile,0.95,33.6993273087236
2026-08-29,wk inc flu hosp,3,2026-09-19,13,quantile,0.975,44.74296723666635
2026-08-29,wk inc flu hosp,3,2026-09-19,13,quantile,0.99,59.851946312098804
2026-08-29,wk inc flu hosp,-1,2026-08-22,15,quantile,0.01,0.00443407423992714
2026-08-29,wk inc flu hosp,-1,2026-08-22,15,quantile,0.025,0.01579043621024899
2026-08-29,wk inc flu hosp,-1,2026-08-22,15,quantile,0.05,0.21091987066357318
2026-08-29,wk inc flu hosp,-1,2026-08-22,15,quantile,0.1,0.5459537045134726
2026-08-29,wk inc flu hosp,-1,2026-08-22,15,quantile,0.15,1.0151622859358396
2026-08-29,wk inc flu hosp,-1,2026-08-22,15,quantile,0.2,1.1265089728968318
2026-08-29,wk inc flu hosp,-1,2026-08-22,15,quantile,0.25,1.3473556300311265
2026-08-29,wk inc flu hosp,-1,2026-08-22,15,quantile,0.3,1.430126482551196
2026-08-29,wk inc flu hosp,-1,2026-08-22,15,quantile,0.35,1.4603435987496303
2026-08-29,wk inc flu hosp,-1,2026-08-22,15,quantile,0.4,1.5097394932001154
2026-08-29,wk inc flu hosp,-1,2026-08-22,15,quantile,0.45,1.5857613876490653
2026-08-29,wk inc flu hosp,-1,2026-08-22,15,quantile,0.5,1.6075370830809852
2026-08-29,wk inc flu hosp,-1,2026-08-22,15,quantile,0.55,1.6187511110016604
2026-08-29,wk inc flu hosp,-1,2026-08-22,15,quantile,0.6,1.7236644081000134
2026-08-29,wk inc flu hosp,-1,2026-08-22,15,quantile,0.65,1.8818120628792798
2026-08-29,wk inc flu hosp,-1,2026-08-22,15,quantile,0.7,2.158701481313398
2026-08-29,wk inc flu hosp,-1,2026-08-22,15,quantile,0.75,2.4968786816181643
2026-08-29,wk inc flu hosp,-1,2026-08-22,15,quantile,0.8,2.5638012826144867
2026-08-29,wk inc flu hosp,-1,2026-08-22,15,quantile,0.85,2.768957155799395
2026-08-29,wk inc flu hosp,-1,2026-08-22,15,quantile,0.9,3.2259186506272757
2026-08-29,wk inc flu hosp,-1,2026-08-22,15,quantile,0.95,4.943358932286536
2026-08-29,wk inc flu hosp,-1,2026-08-22,15,quantile,0.975,6.612698628667841
2026-08-29,wk inc flu hosp,-1,2026-08-22,15,quantile,0.99,7.564367946366851
2026-08-29,wk inc flu hosp,0,2026-08-29,15,quantile,0.01,0.04501771858451782
2026-08-29,wk inc flu hosp,0,2026-08-29,15,quantile,0.025,0.2530320182089177
2026-08-29,wk inc flu hosp,0,2026-08-29,15,quantile,0.05,0.427126832167324
2026-08-29,wk inc flu hosp,0,2026-08-29,15,quantile,0.1,0.810922875749027
2026-08-29,wk inc flu hosp,0,2026-08-29,15,quantile,0.15,1.7511841180189027
2026-08-29,wk inc flu hosp,0,2026-08-29,15,quantile,0.2,1.8467638464476122
2026-08-29,wk inc flu hosp,0,2026-08-29,15,quantile,0.25,2.507236263801519
2026-08-29,wk inc flu hosp,0,2026-08-29,15,quantile,0.3,2.571431446028567
2026-08-29,wk inc flu hosp,0,2026-08-29,15,quantile,0.35,2.9127534725526187
2026-08-29,wk inc flu hosp,0,2026-08-29,15,quantile,0.4,3.017882157126461
2026-08-29,wk inc flu hosp,0,2026-08-29,15,quantile,0.45,3.1943177509518983
2026-08-29,wk inc flu hosp,0,2026-08-29,15,quantile,0.5,3.334616372826155
2026-08-29,wk inc flu hosp,0,2026-08-29,15,quantile,0.55,3.428450606197878
2026-08-29,wk inc flu hosp,0,2026-08-29,15,quantile,0.6,3.539831868110018
2026-08-29,wk inc flu hosp,0,2026-08-29,15,quantile,0.65,3.854901572350061
2026-08-29,wk inc flu hosp,0,2026-08-29,15,quantile,0.7,4.165367625805706
2026-08-29,wk inc flu hosp,0,2026-08-29,15,quantile,0.75,4.61913376411963
2026-08-29,wk inc flu hosp,0,2026-08-29,15,quantile,0.8,5.250359918177261
2026-08-29,wk inc flu hosp,0,2026-08-29,15,quantile,0.85,5.55421452516889
2026-08-29,wk inc flu hosp,0,2026-08-29,15,quantile,0.9,5.658915651601951
2026-08-29,wk inc flu hosp,0,2026-08-29,15,quantile,0.95,6.8553627686020295
2026-08-29,wk inc flu hosp,0,2026-08-29,15,quantile,0.975,7.214293847560972
2026-08-29,wk inc flu hosp,0,2026-08-29,15,quantile,0.99,8.462745344795133
2026-08-29,wk inc flu hosp,1,2026-09-05,15,quantile,0.01,0.017580786466023426
2026-08-29,wk inc flu hosp,1,2026-09-05,15,quantile,0.025,0.15202902869082727
2026-08-29,wk inc flu hosp,1,2026-09-05,15,quantile,0.05,0.2982928088376731
2026-08-29,wk inc flu hosp,1,2026-09-05,15,quantile,0.1,1.2012344064551728
2026-08-29,wk inc flu hosp,1,2026-09-05,15,quantile,0.15,1.8292267117090584
2026-08-29,wk inc flu hosp,1,2026-09-05,15,quantile,0.2,2.191054225728068
2026-08-29,wk inc flu hosp,1,2026-09-05,15,quantile,0.25,2.618960493117224
2026-08-29,wk inc flu hosp,1,2026-09-05,15,quantile,0.3,2.9506905472616687
2026-08-29,wk inc flu hosp,1,2026-09-05,15,quantile,0.35,3.229706082281003
2026-08-29,wk inc flu hosp,1,2026-09-05,15,quantile,0.4,3.362410932396447
2026-08-29,wk inc flu hosp,1,2026-09-05,15,quantile,0.45,3.4090414527439994
2026-08-29,wk inc flu hosp,1,2026-09-05,15,quantile,0.5,3.710109388746726
2026-08-29,wk inc flu hosp,1,2026-09-05,15,quantile,0.55,3.847990510176395
2026-08-29,wk inc flu hosp,1,2026-09-05,15,quantile,0.6,3.8722741953738646
2026-08-29,wk inc flu hosp,1,2026-09-05,15,quantile,0.65,4.070180122344417
2026-08-29,wk inc flu hosp,1,2026-09-05,15,quantile,0.7,4.390493420037058
2026-08-29,wk inc flu hosp,1,2026-09-05,15,quantile,0.75,5.142650181243847
2026-08-29,wk inc flu hosp,1,2026-09-05,15,quantile,0.8,5.290562225099871
2026-08-29,wk inc flu hosp,1,2026-09-05,15,quantile,0.85,6.054006732034676
2026-08-29,wk inc flu hosp,1,2026-09-05,15,quantile,0.9,7.716410069736071
2026-08-29,wk inc flu hosp,1,2026-09-05,15,quantile,0.95,10.47748525272615
2026-08-29,wk inc flu hosp,1,2026-09-05,15,quantile,0.975,11.113455207811196
2026-08-29,wk inc flu hosp,1,2026-09-05,15,quantile,0.99,12.520661494187607
2026-08-29,wk inc flu hosp,2,2026-09-12,15,quantile,0.01,0.011059911065543496
2026-08-29,wk inc flu hosp,2,2026-09-12,15,quantile,0.025,0.04714414540158538
2026-08-29,wk inc flu hosp,2,2026-09-12,15,quantile,0.05,0.0678649304886204
2026-08-29,wk inc flu hosp,2,2026-09-12,15,quantile,0.1,0.16448051409919476
2026-08-29,wk inc flu hosp,2,2026-09-12,15,quantile,0.15,0.4951886927669875
2026-08-29,wk inc flu hosp,2,2026-09-12,15,quantile,0.2,0.8954119146662726
2026-08-29,wk inc flu hosp,2,2026-09-12,15,quantile,0.25,1.168315877910567
2026-08-29,wk inc flu hosp,2,2026-09-12,15,quantile,0.3,1.559693866503322
2026-08-29,wk inc flu hosp,2,2026-09-12,15,quantile,0.35,1.8578980074172238
2026-08-29,wk inc flu hosp,2,2026-09-12,15,quantile,0.4,1.9442349503915637
2026-08-29,wk inc flu hosp,2,2026-09-12,15,quantile,0.45,2.164699142907501
2026-08-29,wk inc flu hosp,2,2026-09-12,15,quantile,0.5,2.3444054074036345
2026-08-29,wk inc flu hosp,2,2026-09-12,15,quantile,0.55,2.3746937763638303
2026-08-29,wk inc flu hosp,2,2026-09-12,15,quantile,0.6,2.6106944369934264
2026-08-29,wk inc flu hosp,2,2026-09-12,15,quantile,0.65,2.710419204537516
2026-08-29,wk inc flu hosp,2,2026-09-12,15,quantile,0.7,2.9181471637479985
2026-08-29,wk inc flu hosp,2,2026-09-12,15,quantile,0.75,3.016854144965326
2026-08-29,wk inc flu hosp,2,2026-09-12,15,quantile,0.8,3.463751218650253
2026-08-29,wk inc flu hosp,2,2026-09-12,15,quantile,0.85,4.205068280668192
2026-08-29,wk inc flu hosp,2,2026-09-12,15,quantile,0.9,4.662930197236816
2026-08-29,wk inc flu hosp,2,2026-09-12,15,quantile,0.95,5.23653111257055
2026-08-29,wk inc flu hosp,2,2026-09-12,15,quantile,0.975,6.324040184161986
2026-08-29,wk inc flu hosp,2,2026-09-12,15,quantile,0.99,7.552486038556823
2026-08-29,wk inc flu hosp,3,2026-09-19,15,quantile,0.01,0.006310923228014877
2026-08-29,wk inc flu hosp,3,2026-09-19,15,quantile,0.025,0.09903816099219298
2026-08-29,wk inc flu hosp,3,2026-09-19,15,quantile,0.05,0.21034175129725538
2026-08-29,wk inc flu hosp,3,2026-09-19,15,quantile,0.1,0.3808001670925339
2026-08-29,wk inc flu hosp,3,2026-09-19,15,quantile,0.15,0.8073886074011339
2026-08-29,wk inc flu hosp,3,2026-09-19,15,quantile,0.2,1.4886638262026102
2026-08-29,wk inc flu hosp,3,2026-09-19,15,quantile,0.25,1.8554710212659051
2026-08-29,wk inc flu hosp,3,2026-09-19,15,quantile,0.3,2.593802277027781
2026-08-29,wk inc flu hosp,3,2026-09-19,15,quantile,0.35,2.6321444161620366
2026-08-29,wk inc flu hosp,3,2026-09-19,15,quantile,0.4,2.92065173182391
2026-08-29,wk inc flu hosp,3,2026-09-19,15,quantile,0.45,3.0111568861921043
2026-08-29,wk inc flu hosp,3,2026-09-19,15,quantile,0.5,3.1384711078248277
2026-08-29,wk inc flu hosp,3,2026-09-19,15,quantile,0.55,3.28768106728886
2026-08-29,wk inc flu hosp,3,2026-09-19,15,quantile,0.6,3.324378207910482
2026-08-29,wk inc flu hosp,3,2026-09-19,15,quantile,0.65,3.5888911643755237
2026-08-29,wk inc flu hosp,3,2026-09-19,15,quantile,0.7,3.6577306459060166
2026-08-29,wk inc flu hosp,3,2026-09-19,15,quantile,0.75,3.7153100599115616
2026-08-29,wk inc flu hosp,3,2026-09-19,15,quantile,0.8,3.937974412444644
2026-08-29,wk inc flu hosp,3,2026-09-19,15,quantile,0.85,5.688030392462211
2026-08-29,wk inc flu hosp,3,2026-09-19,15,quantile,0.9,6.964359089480389
2026-08-29,wk inc flu hosp,3,2026-09-19,15,quantile,0.95,8.425986725223076
2026-08-29,wk inc flu hosp,3,2026-09-19,15,quantile,0.975,10.486221912326974
2026-08-29,wk inc flu hosp,3,2026-09-19,15,quantile,0.99,19.08026090509504
2026-08-29,wk inc flu hosp,-1,2026-08-22,19,quantile,0.01,0
2026-08-29,wk inc flu hosp,-1,2026-08-22,19,quantile,0.025,0
2026-08-29,wk inc flu hosp,-1,2026-08-22,19,quantile,0.05,0.015221415754574932
2026-08-29,wk inc flu hosp,-1,2026-08-22,19,quantile,0.1,0.15623656382280215
2026-08-29,wk inc flu hosp,-1,2026-08-22,19,quantile,0.15,0.5241488624641222
2026-08-29,wk inc flu hosp,-1,2026-08-22,19,quantile,0.2,0.6560158090563675
2026-08-29,wk inc flu hosp,-1,2026-08-22,19,quantile,0.25,1.0816363502644313
2026-08-29,wk inc flu hosp,-1,2026-08-22,19,quantile,0.3,1.2528439531251832
2026-08-29,wk inc flu hosp,-1,2026-08-22,19,quantile,0.35,1.3656504784656314
2026-08-29,wk inc flu hosp,-1,2026-08-22,19,quantile,0.4,1.5125703264141293
2026-08-29,wk inc flu hosp,-1,2026-08-22,19,quantile,0.45,1.543353980625836
2026-08-29,wk inc flu hosp,-1,2026-08-22,19,quantile,0.5,1.626591454400741
2026-08-29,wk inc flu hosp,-1,2026-08-22,19,quantile,0.55,1.6957778990723846
2026-08-29,wk inc flu hosp,-1,2026-08-22,19,quantile,0.6,1.7819258955626078
2026-08-29,wk inc flu hosp,-1,2026-08-22,19,quantile,0.65,2.0330640958890234
2026-08-29,wk inc flu hosp,-1,2026-08-22,19,quantile,0.7,2.346380507113026
2026-08-29,wk inc flu hosp,-1,2026-08-22,19,quantile,0.75,2.8883732359952985
2026-08-29,wk inc flu hosp,-1,2026-08-22,19,quantile,0.8,3.2075096409013937
2026-08-29,wk inc flu hosp,-1,2026-08-22,19,quantile,0.85,3.559416717678113
2026-08-29,wk inc flu hosp,-1,2026-08-22,19,quantile,0.9,4.799870229395306
2026-08-29,wk inc flu hosp,-1,2026-08-22,19,quantile,0.95,6.69805429884635
2026-08-29,wk inc flu hosp,-1,2026-08-22,19,quantile,0.975,10.346959873875159
2026-08-29,wk inc flu hosp,-1,2026-08-22,19,quantile,0.99,14.112190207976337
2026-08-29,wk inc flu hosp,0,2026-08-29,19,quantile,0.01,0
2026-08-29,wk inc flu hosp,0,2026-08-29,19,quantile,0.025,8.873422089409568e-4
2026-08-29,wk inc flu hosp,0,2026-08-29,19,quantile,0.05,0.008500000513982411
2026-08-29,wk inc flu hosp,0,2026-08-29,19,quantile,0.1,0.02695361688711415
2026-08-29,wk inc flu hosp,0,2026-08-29,19,quantile,0.15,0.078769875283636
2026-08-29,wk inc flu hosp,0,2026-08-29,19,quantile,0.2,0.09245655842868401
2026-08-29,wk inc flu hosp,0,2026-08-29,19,quantile,0.25,0.09711900502828102
2026-08-29,wk inc flu hosp,0,2026-08-29,19,quantile,0.3,0.12047016374382526
2026-08-29,wk inc flu hosp,0,2026-08-29,19,quantile,0.35,0.17706596975347264
2026-08-29,wk inc flu hosp,0,2026-08-29,19,quantile,0.4,0.2206187497561721
2026-08-29,wk inc flu hosp,0,2026-08-29,19,quantile,0.45,0.6037616481883659
2026-08-29,wk inc flu hosp,0,2026-08-29,19,quantile,0.5,0.7117179795670074
2026-08-29,wk inc flu hosp,0,2026-08-29,19,quantile,0.55,0.9916412524196531
2026-08-29,wk inc flu hosp,0,2026-08-29,19,quantile,0.6,1.3696539249175645
2026-08-29,wk inc flu hosp,0,2026-08-29,19,quantile,0.65,1.7084667696418796
2026-08-29,wk inc flu hosp,0,2026-08-29,19,quantile,0.7,2.1469145144576856
2026-08-29,wk inc flu hosp,0,2026-08-29,19,quantile,0.75,2.807627558017427
2026-08-29,wk inc flu hosp,0,2026-08-29,19,quantile,0.8,3.336377997840989
2026-08-29,wk inc flu hosp,0,2026-08-29,19,quantile,0.85,3.8743062283677467
2026-08-29,wk inc flu hosp,0,2026-08-29,19,quantile,0.9,4.521347279479329
2026-08-29,wk inc flu hosp,0,2026-08-29,19,quantile,0.95,6.854580463783572
2026-08-29,wk inc flu hosp,0,2026-08-29,19,quantile,0.975,10.737177980712046
2026-08-29,wk inc flu hosp,0,2026-08-29,19,quantile,0.99,12.610505033120702
2026-08-29,wk inc flu hosp,1,2026-09-05,19,quantile,0.01,0.006052935595112879
2026-08-29,wk inc flu hosp,1,2026-09-05,19,quantile,0.025,0.008146635739154312
2026-08-29,wk inc flu hosp,1,2026-09-05,19,quantile,0.05,0.034298477198467035
2026-08-29,wk inc flu hosp,1,2026-09-05,19,quantile,0.1,0.053382045842374576
2026-08-29,wk inc flu hosp,1,2026-09-05,19,quantile,0.15,0.26431728470071086
2026-08-29,wk inc flu hosp,1,2026-09-05,19,quantile,0.2,0.6138647809709764
2026-08-29,wk inc flu hosp,1,2026-09-05,19,quantile,0.25,0.6642525262798775
2026-08-29,wk inc flu hosp,1,2026-09-05,19,quantile,0.3,0.9239766896096874
2026-08-29,wk inc flu hosp,1,2026-09-05,19,quantile,0.35,1.0717040855424962
2026-08-29,wk inc flu hosp,1,2026-09-05,19,quantile,0.4,1.589628881666058
2026-08-29,wk inc flu hosp,1,2026-09-05,19,quantile,0.45,2.098582310757267
2026-08-29,wk inc flu hosp,1,2026-09-05,19,quantile,0.5,2.240896540047046
2026-08-29,wk inc flu hosp,1,2026-09-05,19,quantile,0.55,2.301267590072829
2026-08-29,wk inc flu hosp,1,2026-09-05,19,quantile,0.6,2.5629529830758235
2026-08-29,wk inc flu hosp,1,2026-09-05,19,quantile,0.65,2.701093631481984
2026-08-29,wk inc flu hosp,1,2026-09-05,19,quantile,0.7,2.8218224977664907
2026-08-29,wk inc flu hosp,1,2026-09-05,19,quantile,0.75,3.3192932830005937
2026-08-29,wk inc flu hosp,1,2026-09-05,19,quantile,0.8,3.4264514819870198
2026-08-29,wk inc flu hosp,1,2026-09-05,19,quantile,0.85,3.564242412441736
2026-08-29,wk inc flu hosp,1,2026-09-05,19,quantile,0.9,5.4188787683181365
2026-08-29,wk inc flu hosp,1,2026-09-05,19,quantile,0.95,9.660624289888405
2026-08-29,wk inc flu hosp,1,2026-09-05,19,quantile,0.975,12.83846589198789
2026-08-29,wk inc flu hosp,1,2026-09-05,19,quantile,0.99,17.27321378809676
2026-08-29,wk inc flu hosp,2,2026-09-12,19,quantile,0.01,0
2026-08-29,wk inc flu hosp,2,2026-09-12,19,quantile,0.025,0
2026-08-29,wk inc flu hosp,2,2026-09-12,19,quantile,0.05,0
2026-08-29,wk inc flu hosp,2,2026-09-12,19,quantile,0.1,0.0012056897064633189
2026-08-29,wk inc flu hosp,2,2026-09-12,19,quantile,0.15,0.005944957392600375
2026-08-29,wk inc flu hosp,2,2026-09-12,19,quantile,0.2,0.013826502165138616
2026-08-29,wk inc flu hosp,2,2026-09-12,19,quantile,0.25,0.019763639749484717
2026-08-29,wk inc flu hosp,2,2026-09-12,19,quantile,0.3,0.05691615998472624
2026-08-29,wk inc flu hosp,2,2026-09-12,19,quantile,0.35,0.060073127258437366
2026-08-29,wk inc flu hosp,2,2026-09-12,19,quantile,0.4,0.07501468340001864
2026-08-29,wk inc flu hosp,2,2026-09-12,19,quantile,0.45,0.07773262060266475
2026-08-29,wk inc flu hosp,2,2026-09-12,19,quantile,0.5,0.12408529133317465
2026-08-29,wk inc flu hosp,2,2026-09-12,19,quantile,0.55,0.17900110348830814
2026-08-29,wk inc flu hosp,2,2026-09-12,19,quantile,0.6,0.3359138775119266
2026-08-29,wk inc flu hosp,2,2026-09-12,19,quantile,0.65,0.4008256709801238
2026-08-29,wk inc flu hosp,2,2026-09-12,19,quantile,0.7,0.5513183732672214
2026-08-29,wk inc flu hosp,2,2026-09-12,19,quantile,0.75,0.5963313202694658
2026-08-29,wk inc flu hosp,2,2026-09-12,19,quantile,0.8,1.2982172007672443
2026-08-29,wk inc flu hosp,2,2026-09-12,19,quantile,0.85,1.8886993748942165
2026-08-29,wk inc flu hosp,2,2026-09-12,19,quantile,0.9,2.6079317787976493
2026-08-29,wk inc flu hosp,2,2026-09-12,19,quantile,0.95,3.4108780196491755
2026-08-29,wk inc flu hosp,2,2026-09-12,19,quantile,0.975,4.870898958726944
2026-08-29,wk inc flu hosp,2,2026-09-12,19,quantile,0.99,6.543441086193957
2026-08-29,wk inc flu hosp,3,2026-09-19,19,quantile,0.01,0
2026-08-29,wk inc flu hosp,3,2026-09-19,19,quantile,0.025,0
2026-08-29,wk inc flu hosp,3,2026-09-19,19,quantile,0.05,0
2026-08-29,wk inc flu hosp,3,2026-09-19,19,quantile,0.1,0.013409545362197548
2026-08-29,wk inc flu hosp,3,2026-09-19,19,quantile,0.15,0.10079017741566379
2026-08-29,wk inc flu hosp,3,2026-09-19,19,quantile,0.2,0.16728051867721844
2026-08-29,wk inc flu hosp,3,2026-09-19,19,quantile,0.25,0.3496559651900145
2026-08-29,wk inc flu hosp,3,2026-09-19,19,quantile,0.3,0.49878654472371114
2026-08-29,wk inc flu hosp,3,2026-09-19,19,quantile,0.35,0.7919953540011904
2026-08-29,wk inc flu hosp,3,2026-09-19,19,quantile,0.4,1.026631236307765
2026-08-29,wk inc flu hosp,3,2026-09-19,19,quantile,0.45,1.2378634777208106
2026-08-29,wk inc flu hosp,3,2026-09-19,19,quantile,0.5,1.2533930741412862
2026-08-29,wk inc flu hosp,3,2026-09-19,19,quantile,0.55,1.3204868418469011
2026-08-29,wk inc flu hosp,3,2026-09-19,19,quantile,0.6,1.4297756011816356
2026-08-29,wk inc flu hosp,3,2026-09-19,19,quantile,0.65,1.518183817811384
2026-08-29,wk inc flu hosp,3,2026-09-19,19,quantile,0.7,1.6002015811986383
2026-08-29,wk inc flu hosp,3,2026-09-19,19,quantile,0.75,1.7098179896453436
2026-08-29,wk inc flu hosp,3,2026-09-19,19,quantile,0.8,1.7962360659726184
2026-08-29,wk inc flu hosp,3,2026-09-19,19,quantile,0.85,1.888731578887704
2026-08-29,wk inc flu hosp,3,2026-09-19,19,quantile,0.9,2.093147101025039
2026-08-29,wk inc flu hosp,3,2026-09-19,19,quantile,0.95,4.538742778073224
2026-08-29,wk inc flu hosp,3,2026-09-19,19,quantile,0.975,7.04616802564639
2026-08-29,wk inc flu hosp,3,2026-09-19,19,quantile,0.99,15.971081191381398
2026-08-29,wk inc flu hosp,-1,2026-08-22,16,quantile,0.01,0
2026-08-29,wk inc flu hosp,-1,2026-08-22,16,quantile,0.025,0.0030776776182414043
2026-08-29,wk inc flu hosp,-1,2026-08-22,16,quantile,0.05,0.057753551520792416
2026-08-29,wk inc flu hosp,-1,2026-08-22,16,quantile,0.1,0.26534530442608895
2026-08-29,wk inc flu hosp,-1,2026-08-22,16,quantile,0.15,0.7494955757527104
2026-08-29,wk inc flu hosp,-1,2026-08-22,16,quantile,0.2,1.1274044064299116
2026-08-29,wk inc flu hosp,-1,2026-08-22,16,quantile,0.25,1.6158340902827724
2026-08-29,wk inc flu hosp,-1,2026-08-22,16,quantile,0.3,1.8060359381896527
2026-08-29,wk inc flu hosp,-1,2026-08-22,16,quantile,0.35,2.131848139718769
2026-08-29,wk inc flu hosp,-1,2026-08-22,16,quantile,0.4,2.2990280931455267
2026-08-29,wk inc flu hosp,-1,2026-08-22,16,quantile,0.45,2.546362561940064
2026-08-29,wk inc flu hosp,-1,2026-08-22,16,quantile,0.5,2.5778931027850716
2026-08-29,wk inc flu hosp,-1,2026-08-22,16,quantile,0.55,2.6702686772768782
2026-08-29,wk inc flu hosp,-1,2026-08-22,16,quantile,0.6,2.987430428759862
2026-08-29,wk inc flu hosp,-1,2026-08-22,16,quantile,0.65,3.112828881993903
2026-08-29,wk inc flu hosp,-1,2026-08-22,16,quantile,0.7,3.3925868396568633
2026-08-29,wk inc flu hosp,-1,2026-08-22,16,quantile,0.75,3.458009683820884
2026-08-29,wk inc flu hosp,-1,2026-08-22,16,quantile,0.8,3.548618992159441
2026-08-29,wk inc flu hosp,-1,2026-08-22,16,quantile,0.85,3.618671601296984
2026-08-29,wk inc flu hosp,-1,2026-08-22,16,quantile,0.9,5.308308653976599
2026-08-29,wk inc flu hosp,-1,2026-08-22,16,quantile,0.95,5.9107560772950265
2026-08-29,wk inc flu hosp,-1,2026-08-22,16,quantile,0.975,6.617801661042618
2026-08-29,wk inc flu hosp,-1,2026-08-22,16,quantile,0.99,8.32382215181836
2026-08-29,wk inc flu hosp,0,2026-08-29,16,quantile,0.01,0
2026-08-29,wk inc flu hosp,0,2026-08-29,16,quantile,0.025,0
2026-08-29,wk inc flu hosp,0,2026-08-29,16,quantile,0.05,0
2026-08-29,wk inc flu hosp,0,2026-08-29,16,quantile,0.1,0.02969538636326847
2026-08-29,wk inc flu hosp,0,2026-08-29,16,quantile,0.15,0.0689031407251749
2026-08-29,wk inc flu hosp,0,2026-08-29,16,quantile,0.2,0.07547739563247641
2026-08-29,wk inc flu hosp,0,2026-08-29,16,quantile,0.25,0.0940343907288313
2026-08-29,wk inc flu hosp,0,2026-08-29,16,quantile,0.3,0.11073233745625881
2026-08-29,wk inc flu hosp,0,2026-08-29,16,quantile,0.35,0.13127904518051245
2026-08-29,wk inc flu hosp,0,2026-08-29,16,quantile,0.4,0.15845290709847093
2026-08-29,wk inc flu hosp,0,2026-08-29,16,quantile,0.45,0.35844610772783175
2026-08-29,wk inc flu hosp,0,2026-08-29,16,quantile,0.5,0.40726037481802646
2026-08-29,wk inc flu hosp,0,2026-08-29,16,quantile,0.55,0.7315438556915835
2026-08-29,wk inc flu hosp,0,2026-08-29,16,quantile,0.6,0.9479777405193753
2026-08-29,wk inc flu hosp,0,2026-08-29,16,quantile,0.65,1.0401851343463442
2026-08-29,wk inc flu hosp,0,2026-08-29,16,quantile,0.7,1.1933164009235069
2026-08-29,wk inc flu hosp,0,2026-08-29,16,quantile,0.75,1.5064368301978552
2026-08-29,wk inc flu hosp,0,2026-08-29,16,quantile,0.8,1.6492044571771687
2026-08-29,wk inc flu hosp,0,2026-08-29,16,quantile,0.85,2.1440377947210285
2026-08-29,wk inc flu hosp,0,2026-08-29,16,quantile,0.9,2.88983692034729
2026-08-29,wk inc flu hosp,0,2026-08-29,16,quantile,0.95,4.154202259983141
2026-08-29,wk inc flu hosp,0,2026-08-29,16,quantile,0.975,8.472357997313438
2026-08-29,wk inc flu hosp,0,2026-08-29,16,quantile,0.99,9.561244336157728
2026-08-29,wk inc flu hosp,1,2026-09-05,16,quantile,0.01,0.002560163961181866
2026-08-29,wk inc flu hosp,1,2026-09-05,16,quantile,0.025,0.0029945631302954042
2026-08-29,wk inc flu hosp,1,2026-09-05,16,quantile,0.05,0.015482055631652197
2026-08-29,wk inc flu hosp,1,2026-09-05,16,quantile,0.1,0.025921464542705143
2026-08-29,wk inc flu hosp,1,2026-09-05,16,quantile,0.15,0.09270063240055179
2026-08-29,wk inc flu hosp,1,2026-09-05,16,quantile,0.2,0.2733020949821823
2026-08-29,wk inc flu hosp,1,2026-09-05,16,quantile,0.25,0.31461669876435694
2026-08-29,wk inc flu hosp,1,2026-09-05,16,quantile,0.3,0.45091804848402295
2026-08-29,wk inc flu hosp,1,2026-09-05,16,quantile,0.35,0.5407088479849865
2026-08-29,wk inc flu hosp,1,2026-09-05,16,quantile,0.4,0.7446719260669703
2026-08-29,wk inc flu hosp,1,2026-09-05,16,quantile,0.45,1.097919553856404
2026-08-29,wk inc flu hosp,1,2026-09-05,16,quantile,0.5,1.1288652358208155
2026-08-29,wk inc flu hosp,1,2026-09-05,16,quantile,0.55,1.205695166155973
2026-08-29,wk inc flu hosp,1,2026-09-05,16,quantile,0.6,1.2542732773711618
2026-08-29,wk inc flu hosp,1,2026-09-05,16,quantile,0.65,1.3013889407617696
2026-08-29,wk inc flu hosp,1,2026-09-05,16,quantile,0.7,1.344423517826655
2026-08-29,wk inc flu hosp,1,2026-09-05,16,quantile,0.75,1.6740125801276742
2026-08-29,wk inc flu hosp,1,2026-09-05,16,quantile,0.8,1.8687349902750976
2026-08-29,wk inc flu hosp,1,2026-09-05,16,quantile,0.85,2.101077619579195
2026-08-29,wk inc flu hosp,1,2026-09-05,16,quantile,0.9,2.8725403898547284
2026-08-29,wk inc flu hosp,1,2026-09-05,16,quantile,0.95,4.831161550993549
2026-08-29,wk inc flu hosp,1,2026-09-05,16,quantile,0.975,5.080589755507957
2026-08-29,wk inc flu hosp,1,2026-09-05,16,quantile,0.99,9.66555023707
2026-08-29,wk inc flu hosp,2,2026-09-12,16,quantile,0.01,0
2026-08-29,wk inc flu hosp,2,2026-09-12,16,quantile,0.025,0
2026-08-29,wk inc flu hosp,2,2026-09-12,16,quantile,0.05,0
2026-08-29,wk inc flu hosp,2,2026-09-12,16,quantile,0.1,0.0025183794234857992
2026-08-29,wk inc flu hosp,2,2026-09-12,16,quantile,0.15,0.008972434546316068
2026-08-29,wk inc flu hosp,2,2026-09-12,16,quantile,0.2,0.014584321798756787
2026-08-29,wk inc flu hosp,2,2026-09-12,16,quantile,0.25,0.03229591966931737
2026-08-29,wk inc flu hosp,2,2026-09-12,16,quantile,0.3,0.07959628892595004
2026-08-29,wk inc flu hosp,2,2026-09-12,16,quantile,0.35,0.13818955280638295
2026-08-29,wk inc flu hosp,2,2026-09-12,16,quantile,0.4,0.18633375121743753
2026-08-29,wk inc flu hosp,2,2026-09-12,16,quantile,0.45,0.1885757019537902
2026-08-29,wk inc flu hosp,2,2026-09-12,16,quantile,0.5,0.2403080082457942
2026-08-29,wk inc flu hosp,2,2026-09-12,16,quantile,0.55,0.32611515331984475
2026-08-29,wk inc flu hosp,2,2026-09-12,16,quantile,0.6,0.4791907890297488
2026-08-29,wk inc flu hosp,2,2026-09-12,16,quantile,0.65,0.5860583966885249
2026-08-29,wk inc flu hosp,2,2026-09-12,16,quantile,0.7,0.7128914575070789
2026-08-29,wk inc flu hosp,2,2026-09-12,16,quantile,0.75,0.8054154881578424
2026-08-29,wk inc flu hosp,2,2026-09-12,16,quantile,0.8,1.5259216519675807
2026-08-29,wk inc flu hosp,2,2026-09-12,16,quantile,0.85,2.000466835368595
2026-08-29,wk inc flu hosp,2,2026-09-12,16,quantile,0.9,3.1931126061662995
2026-08-29,wk inc flu hosp,2,2026-09-12,16,quantile,0.95,4.401255597956486
2026-08-29,wk inc flu hosp,2,2026-09-12,16,quantile,0.975,5.443463483510273
2026-08-29,wk inc flu hosp,2,2026-09-12,16,quantile,0.99,6.200432887322407
2026-08-29,wk inc flu hosp,3,2026-09-19,16,quantile,0.01,0
2026-08-29,wk inc flu hosp,3,2026-09-19,16,quantile,0.025,0
2026-08-29,wk inc flu hosp,3,2026-09-19,16,quantile,0.05,0
2026-08-29,wk inc flu hosp,3,2026-09-19,16,quantile,0.1,0.012215742721848905
2026-08-29,wk inc flu hosp,3,2026-09-19,16,quantile,0.15,0.06292233468077449
2026-08-29,wk inc flu hosp,3,2026-09-19,16,quantile,0.2,0.09118492510374392
2026-08-29,wk inc flu hosp,3,2026-09-19,16,quantile,0.25,0.2148386664686014
2026-08-29,wk inc flu hosp,3,2026-09-19,16,quantile,0.3,0.25952643515674523
2026-08-29,wk inc flu hosp,3,2026-09-19,16,quantile,0.35,0.44845856724723643
2026-08-29,wk inc flu hosp,3,2026-09-19,16,quantile,0.4,0.703145497626203
2026-08-29,wk inc flu hosp,3,2026-09-19,16,quantile,0.45,0.7200617865754715
2026-08-29,wk inc flu hosp,3,2026-09-19,16,quantile,0.5,0.7476383791859058
2026-08-29,wk inc flu hosp,3,2026-09-19,16,quantile,0.55,0.8245518287933602
2026-08-29,wk inc flu hosp,3,2026-09-19,16,quantile,0.6,0.8660777263112439
2026-08-29,wk inc flu hosp,3,2026-09-19,16,quantile,0.65,0.9180820656750568
2026-08-29,wk inc flu hosp,3,2026-09-19,16,quantile,0.7,1.0405672858366426
2026-08-29,wk inc flu hosp,3,2026-09-19,16,quantile,0.75,1.2560684932159871
2026-08-29,wk inc flu hosp,3,2026-09-19,16,quantile,0.8,1.3439733636409277
2026-08-29,wk inc flu hosp,3,2026-09-19,16,quantile,0.85,1.4791041546815733
2026-08-29,wk inc flu hosp,3,2026-09-19,16,quantile,0.9,1.6093622868548123
2026-08-29,wk inc flu hosp,3,2026-09-19,16,quantile,0.95,2.8580387601113886
2026-08-29,wk inc flu hosp,3,2026-09-19,16,quantile,0.975,4.952917796992714
2026-08-29,wk inc flu hosp,3,2026-09-19,16,quantile,0.99,7.268043207021156
2026-08-29,wk inc flu hosp,-1,2026-08-22,17,quantile,0.01,0.0703783553793983
2026-08-29,wk inc flu hosp,-1,2026-08-22,17,quantile,0.025,0.4561424729670135
2026-08-29,wk inc flu hosp,-1,2026-08-22,17,quantile,0.05,1.2759327362689765
2026-08-29,wk inc flu hosp,-1,2026-08-22,17,quantile,0.1,3.293627224269842
2026-08-29,wk inc flu hosp,-1,2026-08-22,17,quantile,0.15,7.034272876219608
2026-08-29,wk inc flu hosp,-1,2026-08-22,17,quantile,0.2,8.537795412440548
2026-08-29,wk inc flu hosp,-1,2026-08-22,17,quantile,0.25,12.339985688465726
2026-08-29,wk inc flu hosp,-1,2026-08-22,17,quantile,0.3,13.812213775777847
2026-08-29,wk inc flu hosp,-1,2026-08-22,17,quantile,0.35,14.554587621331658
2026-08-29,wk inc flu hosp,-1,2026-08-22,17,quantile,0.4,15.826197978082835
2026-08-29,wk inc flu hosp,-1,2026-08-22,17,quantile,0.45,16.05054934830393
2026-08-29,wk inc flu hosp,-1,2026-08-22,17,quantile,0.5,16.571076619496562
2026-08-29,wk inc flu hosp,-1,2026-08-22,17,quantile,0.55,16.696209644558845
2026-08-29,wk inc flu hosp,-1,2026-08-22,17,quantile,0.6,16.98513196263225
2026-08-29,wk inc flu hosp,-1,2026-08-22,17,quantile,0.65,18.428968105207932
2026-08-29,wk inc flu hosp,-1,2026-08-22,17,quantile,0.7,20.225963445601117
2026-08-29,wk inc flu hosp,-1,2026-08-22,17,quantile,0.75,22.938220526621286
2026-08-29,wk inc flu hosp,-1,2026-08-22,17,quantile,0.8,24.6267725828911
2026-08-29,wk inc flu hosp,-1,2026-08-22,17,quantile,0.85,26.119612613801742
2026-08-29,wk inc flu hosp,-1,2026-08-22,17,quantile,0.9,33.006329619513046
2026-08-29,wk inc flu hosp,-1,2026-08-22,17,quantile,0.95,40.03314644185288
2026-08-29,wk inc flu hosp,-1,2026-08-22,17,quantile,0.975,54.37260289575983
2026-08-29,wk inc flu hosp,-1,2026-08-22,17,quantile,0.99,71.29873642534722
2026-08-29,wk inc flu hosp,0,2026-08-29,17,quantile,0.01,0.038593090126704706
2026-08-29,wk inc flu hosp,0,2026-08-29,17,quantile,0.025,0.6248110640738569
2026-08-29,wk inc flu hosp,0,2026-08-29,17,quantile,0.05,0.8669556921509027
2026-08-29,wk inc flu hosp,0,2026-08-29,17,quantile,0.1,2.8836987061854384
2026-08-29,wk inc flu hosp,0,2026-08-29,17,quantile,0.15,5.709396188490904
2026-08-29,wk inc flu hosp,0,2026-08-29,17,quantile,0.2,7.105077872484732
2026-08-29,wk inc flu hosp,0,2026-08-29,17,quantile,0.25,8.30289672215769
2026-08-29,wk inc flu hosp,0,2026-08-29,17,quantile,0.3,9.114840559097448
2026-08-29,wk inc flu hosp,0,2026-08-29,17,quantile,0.35,9.9350749896158
2026-08-29,wk inc flu hosp,0,2026-08-29,17,quantile,0.4,11.106626320647639
2026-08-29,wk inc flu hosp,0,2026-08-29,17,quantile,0.45,12.7326329433195
2026-08-29,wk inc flu hosp,0,2026-08-29,17,quantile,0.5,13.167847381490938
2026-08-29,wk inc flu hosp,0,2026-08-29,17,quantile,0.55,15.591496935809293
2026-08-29,wk inc flu hosp,0,2026-08-29,17,quantile,0.6,16.90270206132572
2026-08-29,wk inc flu hosp,0,2026-08-29,17,quantile,0.65,18.235042677466563
2026-08-29,wk inc flu hosp,0,2026-08-29,17,quantile,0.7,18.980463222186653
2026-08-29,wk inc flu hosp,0,2026-08-29,17,quantile,0.75,21.11458099386875
2026-08-29,wk inc flu hosp,0,2026-08-29,17,quantile,0.8,22.975061500677946
2026-08-29,wk inc flu hosp,0,2026-08-29,17,quantile,0.85,26.104812735286853
2026-08-29,wk inc flu hosp,0,2026-08-29,17,quantile,0.9,32.31456055228021
2026-08-29,wk inc flu hosp,0,2026-08-29,17,quantile,0.95,41.32421698526585
2026-08-29,wk inc flu hosp,0,2026-08-29,17,quantile,0.975,57.59924070081939
2026-08-29,wk inc flu hosp,0,2026-08-29,17,quantile,0.99,70.33365212635104
2026-08-29,wk inc flu hosp,1,2026-09-05,17,quantile,0.01,0.1800458199033697
2026-08-29,wk inc flu hosp,1,2026-09-05,17,quantile,0.025,0.5206128785125455
2026-08-29,wk inc flu hosp,1,2026-09-05,17,quantile,0.05,0.9250800554860102
2026-08-29,wk inc flu hosp,1,2026-09-05,17,quantile,0.1,2.9790299289031488
2026-08-29,wk inc flu hosp,1,2026-09-05,17,quantile,0.15,4.492610556019269
2026-08-29,wk inc flu hosp,1,2026-09-05,17,quantile,0.2,7.306941869000441
2026-08-29,wk inc flu hosp,1,2026-09-05,17,quantile,0.25,8.957950455701324
2026-08-29,wk inc flu hosp,1,2026-09-05,17,quantile,0.3,10.913407237725481
2026-08-29,wk inc flu hosp,1,2026-09-05,17,quantile,0.35,12.352367252930964
2026-08-29,wk inc flu hosp,1,2026-09-05,17,quantile,0.4,13.337687581501537
2026-08-29,wk inc flu hosp,1,2026-09-05,17,quantile,0.45,15.600772856591137
2026-08-29,wk inc flu hosp,1,2026-09-05,17,quantile,0.5,15.905636163934643
2026-08-29,wk inc flu hosp,1,2026-09-05,17,quantile,0.55,16.863978442822578
2026-08-29,wk inc flu hosp,1,2026-09-05,17,quantile,0.6,17.221991457706014
2026-08-29,wk inc flu hosp,1,2026-09-05,17,quantile,0.65,18.979283159977236
2026-08-29,wk inc flu hosp,1,2026-09-05,17,quantile,0.7,20.285976691238766
2026-08-29,wk inc flu hosp,1,2026-09-05,17,quantile,0.75,22.642310932177995
2026-08-29,wk inc flu hosp,1,2026-09-05,17,quantile,0.8,24.64328831105843
2026-08-29,wk inc flu hosp,1,2026-09-05,17,quantile,0.85,28.64219643680568
2026-08-29,wk inc flu hosp,1,2026-09-05,17,quantile,0.9,34.10823913027314
2026-08-29,wk inc flu hosp,1,2026-09-05,17,quantile,0.95,40.89713815768772
2026-08-29,wk inc flu hosp,1,2026-09-05,17,quantile,0.975,49.11168784248778
2026-08-29,wk inc flu hosp,1,2026-09-05,17,quantile,0.99,69.87892492689515
2026-08-29,wk inc flu hosp,2,2026-09-12,17,quantile,0.01,0.05488884851310845
2026-08-29,wk inc flu hosp,2,2026-09-12,17,quantile,0.025,0.2409686739890387
2026-08-29,wk inc flu hosp,2,2026-09-12,17,quantile,0.05,0.8308306051555663
2026-08-29,wk inc flu hosp,2,2026-09-12,17,quantile,0.1,2.165691419177098
2026-08-29,wk inc flu hosp,2,2026-09-12,17,quantile,0.15,3.93673834402458
2026-08-29,wk inc flu hosp,2,2026-09-12,17,quantile,0.2,5.2546058466805
2026-08-29,wk inc flu hosp,2,2026-09-12,17,quantile,0.25,6.654050831055409
2026-08-29,wk inc flu hosp,2,2026-09-12,17,quantile,0.3,8.763623926596983
2026-08-29,wk inc flu hosp,2,2026-09-12,17,quantile,0.35,10.194944494987544
2026-08-29,wk inc flu hosp,2,2026-09-12,17,quantile,0.4,11.425532170741292
2026-08-29,wk inc flu hosp,2,2026-09-12,17,quantile,0.45,12.562176686938983
2026-08-29,wk inc flu hosp,2,2026-09-12,17,quantile,0.5,13.424192533521913
2026-08-29,wk inc flu hosp,2,2026-09-12,17,quantile,0.55,14.606856583564827
2026-08-29,wk inc flu hosp,2,2026-09-12,17,quantile,0.6,16.42198137539322
2026-08-29,wk inc flu hosp,2,2026-09-12,17,quantile,0.65,17.673057719141674
2026-08-29,wk inc flu hosp,2,2026-09-12,17,quantile,0.7,19.057897966631625
2026-08-29,wk inc flu hosp,2,2026-09-12,17,quantile,0.75,21.022331648324315
2026-08-29,wk inc flu hosp,2,2026-09-12,17,quantile,0.8,26.704496795140837
2026-08-29,wk inc flu hosp,2,2026-09-12,17,quantile,0.85,31.410673377933488
2026-08-29,wk inc flu hosp,2,2026-09-12,17,quantile,0.9,38.90669437050378
2026-08-29,wk inc flu hosp,2,2026-09-12,17,quantile,0.95,48.442243823150754
2026-08-29,wk inc flu hosp,2,2026-09-12,17,quantile,0.975,58.96744237944263
2026-08-29,wk inc flu hosp,2,2026-09-12,17,quantile,0.99,74.46552079269236
2026-08-29,wk inc flu hosp,3,2026-09-19,17,quantile,0.01,0.03604521300239065
2026-08-29,wk inc flu hosp,3,2026-09-19,17,quantile,0.025,0.33584614276360814
2026-08-29,wk inc flu hosp,3,2026-09-19,17,quantile,0.05,0.5840656029268585
2026-08-29,wk inc flu hosp,3,2026-09-19,17,quantile,0.1,1.2378420903615903
2026-08-29,wk inc flu hosp,3,2026-09-19,17,quantile,0.15,2.6942830105442472
2026-08-29,wk inc flu hosp,3,2026-09-19,17,quantile,0.2,4.601300727991738
2026-08-29,wk inc flu hosp,3,2026-09-19,17,quantile,0.25,6.884038677708657
2026-08-29,wk inc flu hosp,3,2026-09-19,17,quantile,0.3,8.548405668349762
2026-08-29,wk inc flu hosp,3,2026-09-19,17,quantile,0.35,10.289902374707951
2026-08-29,wk inc flu hosp,3,2026-09-19,17,quantile,0.4,12.01731153221706
2026-08-29,wk inc flu hosp,3,2026-09-19,17,quantile,0.45,12.664511753682687
2026-08-29,wk inc flu hosp,3,2026-09-19,17,quantile,0.5,13.725098610837826
2026-08-29,wk inc flu hosp,3,2026-09-19,17,quantile,0.55,15.204171723903185
2026-08-29,wk inc flu hosp,3,2026-09-19,17,quantile,0.6,15.41545838562897
2026-08-29,wk inc flu hosp,3,2026-09-19,17,quantile,0.65,17.12459821605321
2026-08-29,wk inc flu hosp,3,2026-09-19,17,quantile,0.7,19.02023956004311
2026-08-29,wk inc flu hosp,3,2026-09-19,17,quantile,0.75,20.746371849908858
2026-08-29,wk inc flu hosp,3,2026-09-19,17,quantile,0.8,22.855915932044606
2026-08-29,wk inc flu hosp,3,2026-09-19,17,quantile,0.85,26.039934862490906
2026-08-29,wk inc flu hosp,3,2026-09-19,17,quantile,0.9,31.854158064333227
2026-08-29,wk inc flu hosp,3,2026-09-19,17,quantile,0.95,43.00958181588174
2026-08-29,wk inc flu hosp,3,2026-09-19,17,quantile,0.975,57.53800936081576
2026-08-29,wk inc flu hosp,3,2026-09-19,17,quantile,0.99,77.29523993910418
2026-08-29,wk inc flu hosp,-1,2026-08-22,18,quantile,0.01,0.36472280264691664
2026-08-29,wk inc flu hosp,-1,2026-08-22,18,quantile,0.025,0.4981983989712796
2026-08-29,wk inc flu hosp,-1,2026-08-22,18,quantile,0.05,0.8616723631404923
2026-08-29,wk inc flu hosp,-1,2026-08-22,18,quantile,0.1,2.0056231366367046
2026-08-29,wk inc flu hosp,-1,2026-08-22,18,quantile,0.15,3.2144080749767943
2026-08-29,wk inc flu hosp,-1,2026-08-22,18,quantile,0.2,4.3667558695404525
2026-08-29,wk inc flu hosp,-1,2026-08-22,18,quantile,0.25,5.540538245895767
2026-08-29,wk inc flu hosp,-1,2026-08-22,18,quantile,0.3,6.02676778491949
2026-08-29,wk inc flu hosp,-1,2026-08-22,18,quantile,0.35,6.6185911222156335
2026-08-29,wk inc flu hosp,-1,2026-08-22,18,quantile,0.4,7.223132262719749
2026-08-29,wk inc flu hosp,-1,2026-08-22,18,quantile,0.45,8.059388118464145
2026-08-29,wk inc flu hosp,-1,2026-08-22,18,quantile,0.5,8.760944658193653
2026-08-29,wk inc flu hosp,-1,2026-08-22,18,quantile,0.55,9.395621024490122
2026-08-29,wk inc flu hosp,-1,2026-08-22,18,quantile,0.6,10.32123902908094
2026-08-29,wk inc flu hosp,-1,2026-08-22,18,quantile,0.65,11.05293174827112
2026-08-29,wk inc flu hosp,-1,2026-08-22,18,quantile,0.7,11.871561087486329
2026-08-29,wk inc flu hosp,-1,2026-08-22,18,quantile,0.75,13.49976789555948
2026-08-29,wk inc flu hosp,-1,2026-08-22,18,quantile,0.8,14.407197732186305
2026-08-29,wk inc flu hosp,-1,2026-08-22,18,quantile,0.85,15.737174487260527
2026-08-29,wk inc flu hosp,-1,2026-08-22,18,quantile,0.9,22.1547779384185
2026-08-29,wk inc flu hosp,-1,2026-08-22,18,quantile,0.95,24.80563119816256
2026-08-29,wk inc flu hosp,-1,2026-08-22,18,quantile,0.975,33.25166655713839
2026-08-29,wk inc flu hosp,-1,2026-08-22,18,quantile,0.99,41.962603591400104
2026-08-29,wk inc flu hosp,0,2026-08-29,18,quantile,0.01,0.22910036667679695
2026-08-29,wk inc flu hosp,0,2026-08-29,18,quantile,0.025,0.4845795665854869
2026-08-29,wk inc flu hosp,0,2026-08-29,18,quantile,0.05,0.7954876774148583
2026-08-29,wk inc flu hosp,0,2026-08-29,18,quantile,0.1,1.8371033245341943
2026-08-29,wk inc flu hosp,0,2026-08-29,18,quantile,0.15,3.014256662424674
2026-08-29,wk inc flu hosp,0,2026-08-29,18,quantile,0.2,4.177611151306032
2026-08-29,wk inc flu hosp,0,2026-08-29,18,quantile,0.25,4.756876068774552
2026-08-29,wk inc flu hosp,0,2026-08-29,18,quantile,0.3,5.3517759505877756
2026-08-29,wk inc flu hosp,0,2026-08-29,18,quantile,0.35,5.786317214472942
2026-08-29,wk inc flu hosp,0,2026-08-29,18,quantile,0.4,6.274852842752658
2026-08-29,wk inc flu hosp,0,2026-08-29,18,quantile,0.45,7.453016559497463
2026-08-29,wk inc flu hosp,0,2026-08-29,18,quantile,0.5,7.86337716461412
2026-08-29,wk inc flu hosp,0,2026-08-29,18,quantile,0.55,9.343006329825624
2026-08-29,wk inc flu hosp,0,2026-08-29,18,quantile,0.6,10.160438490847385
2026-08-29,wk inc flu hosp,0,2026-08-29,18,quantile,0.65,10.934645575195539
2026-08-29,wk inc flu hosp,0,2026-08-29,18,quantile,0.7,12.101957343669756
2026-08-29,wk inc flu hosp,0,2026-08-29,18,quantile,0.75,12.982446833352705
2026-08-29,wk inc flu hosp,0,2026-08-29,18,quantile,0.8,13.64440611891414
2026-08-29,wk inc flu hosp,0,2026-08-29,18,quantile,0.85,15.890565373040337
2026-08-29,wk inc flu hosp,0,2026-08-29,18,quantile,0.9,20.242204062509796
2026-08-29,wk inc flu hosp,0,2026-08-29,18,quantile,0.95,24.7731426567322
2026-08-29,wk inc flu hosp,0,2026-08-29,18,quantile,0.975,35.58567567650069
2026-08-29,wk inc flu hosp,0,2026-08-29,18,quantile,0.99,43.49215091381819
2026-08-29,wk inc flu hosp,1,2026-09-05,18,quantile,0.01,0.39668301621797
2026-08-29,wk inc flu hosp,1,2026-09-05,18,quantile,0.025,0.6062567041710092
2026-08-29,wk inc flu hosp,1,2026-09-05,18,quantile,0.05,0.72782334275552385
2026-08-29,wk inc flu hosp,1,2026-09-05,18,quantile,0.1,1.769842260684614
2026-08-29,wk inc flu hosp,1,2026-09-05,18,quantile,0.15,2.4808368988052334
2026-08-29,wk inc flu hosp,1,2026-09-05,18,quantile,0.2,3.9037799426702873
2026-08-29,wk inc flu hosp,1,2026-09-05,18,quantile,0.25,4.749496772619713
2026-08-29,wk inc flu hosp,1,2026-09-05,18,quantile,0.3,5.380261406796788
2026-08-29,wk inc flu hosp,1,2026-09-05,18,quantile,0.35,6.005294244904611
2026-08-29,wk inc flu hosp,1,2026-09-05,18,quantile,0.4,6.7267062025742
2026-08-29,wk inc flu hosp,1,2026-09-05,18,quantile,0.45,7.536089415854215
2026-08-29,wk inc flu hosp,1,2026-09-05,18,quantile,0.5,8.307497612467127
2026-08-29,wk inc flu hosp,1,2026-09-05,18,quantile,0.55,8.886457912807609
2026-08-29,wk inc flu hosp,1,2026-09-05,18,quantile,0.6,9.45786947634427
2026-08-29,wk inc flu hosp,1,2026-09-05,18,quantile,0.65,10.344792404561414
2026-08-29,wk inc flu hosp,1,2026-09-05,18,quantile,0.7,11.121882629277357
2026-08-29,wk inc flu hosp,1,2026-09-05,18,quantile,0.75,12.178246798758599
2026-08-29,wk inc flu hosp,1,2026-09-05,18,quantile,0.8,13.795142961984077
2026-08-29,wk inc flu hosp,1,2026-09-05,18,quantile,0.85,15.882442125602285
2026-08-29,wk inc flu hosp,1,2026-09-05,18,quantile,0.9,18.68977793286727
2026-08-29,wk inc flu hosp,1,2026-09-05,18,quantile,0.95,23.12862002085342
2026-08-29,wk inc flu hosp,1,2026-09-05,18,quantile,0.975,31.706784560053634
2026-08-29,wk inc flu hosp,1,2026-09-05,18,quantile,0.99,42.787150615155916
2026-08-29,wk inc flu hosp,2,2026-09-12,18,quantile,0.01,0.2962584305495676
2026-08-29,wk inc flu hosp,2,2026-09-12,18,quantile,0.025,0.41837809578835267
2026-08-29,wk inc flu hosp,2,2026-09-12,18,quantile,0.05,0.9340944727934883
2026-08-29,wk inc flu hosp,2,2026-09-12,18,quantile,0.1,1.916400431497647
2026-08-29,wk inc flu hosp,2,2026-09-12,18,quantile,0.15,2.7642806705939025
2026-08-29,wk inc flu hosp,2,2026-09-12,18,quantile,0.2,3.829638499855692
2026-08-29,wk inc flu hosp,2,2026-09-12,18,quantile,0.25,4.758321193738022
2026-08-29,wk inc flu hosp,2,2026-09-12,18,quantile,0.3,5.605160322748838
2026-08-29,wk inc flu hosp,2,2026-09-12,18,quantile,0.35,6.192848317233436
2026-08-29,wk inc flu hosp,2,2026-09-12,18,quantile,0.4,6.847331384601239
2026-08-29,wk inc flu hosp,2,2026-09-12,18,quantile,0.45,7.448861498544777
2026-08-29,wk inc flu hosp,2,2026-09-12,18,quantile,0.5,8.152614821017302
2026-08-29,wk inc flu hosp,2,2026-09-12,18,quantile,0.55,8.92170249504029
2026-08-29,wk inc flu hosp,2,2026-09-12,18,quantile,0.6,9.899545237664288
2026-08-29,wk inc flu hosp,2,2026-09-12,18,quantile,0.65,10.745678039998634
2026-08-29,wk inc flu hosp,2,2026-09-12,18,quantile,0.7,11.456387851915776
2026-08-29,wk inc flu hosp,2,2026-09-12,18,quantile,0.75,12.372139633451635
2026-08-29,wk inc flu hosp,2,2026-09-12,18,quantile,0.8,14.905587759900186
2026-08-29,wk inc flu hosp,2,2026-09-12,18,quantile,0.85,16.499506040100965
2026-08-29,wk inc flu hosp,2,2026-09-12,18,quantile,0.9,20.269511759150223
2026-08-29,wk inc flu hosp,2,2026-09-12,18,quantile,0.95,27.023157592156863
2026-08-29,wk inc flu hosp,2,2026-09-12,18,quantile,0.975,33.74224167365043
2026-08-29,wk inc flu hosp,2,2026-09-12,18,quantile,0.99,45.30468294222836
2026-08-29,wk inc flu hosp,3,2026-09-19,18,quantile,0.01,0.09957800633521767
2026-08-29,wk inc flu hosp,3,2026-09-19,18,quantile,0.025,0.6653131073761878
2026-08-29,wk inc flu hosp,3,2026-09-19,18,quantile,0.05,0.7743318968726212
2026-08-29,wk inc flu hosp,3,2026-09-19,18,quantile,0.1,1.4183655972414115
2026-08-29,wk inc flu hosp,3,2026-09-19,18,quantile,0.15,2.588133642309358
2026-08-29,wk inc flu hosp,3,2026-09-19,18,quantile,0.2,3.707674022589681
2026-08-29,wk inc flu hosp,3,2026-09-19,18,quantile,0.25,4.7008610693936905
2026-08-29,wk inc flu hosp,3,2026-09-19,18,quantile,0.3,5.393922318741259
2026-08-29,wk inc flu hosp,3,2026-09-19,18,quantile,0.35,6.057548720090046
2026-08-29,wk inc flu hosp,3,2026-09-19,18,quantile,0.4,6.970715100611125
2026-08-29,wk inc flu hosp,3,2026-09-19,18,quantile,0.45,7.594642667511928
2026-08-29,wk inc flu hosp,3,2026-09-19,18,quantile,0.5,8.018909528682453
2026-08-29,wk inc flu hosp,3,2026-09-19,18,quantile,0.55,8.791994613159739
2026-08-29,wk inc flu hosp,3,2026-09-19,18,quantile,0.6,9.949516899245436
2026-08-29,wk inc flu hosp,3,2026-09-19,18,quantile,0.65,10.645816365529404
2026-08-29,wk inc flu hosp,3,2026-09-19,18,quantile,0.7,11.577001420809893
2026-08-29,wk inc flu hosp,3,2026-09-19,18,quantile,0.75,12.755396376626999
2026-08-29,wk inc flu hosp,3,2026-09-19,18,quantile,0.8,14.250232486208045
2026-08-29,wk inc flu hosp,3,2026-09-19,18,quantile,0.85,17.975532502020183
2026-08-29,wk inc flu hosp,3,2026-09-19,18,quantile,0.9,20.66831940526501
2026-08-29,wk inc flu hosp,3,2026-09-19,18,quantile,0.95,27.33161925847464
2026-08-29,wk inc flu hosp,3,2026-09-19,18,quantile,0.975,38.324760722106944
2026-08-29,wk inc flu hosp,3,2026-09-19,18,quantile,0.99,49.62176559205434
2026-08-29,wk inc flu hosp,-1,2026-08-22,20,quantile,0.01,0.06622654354816347
2026-08-29,wk inc flu hosp,-1,2026-08-22,20,quantile,0.025,0.13699548131356115
2026-08-29,wk inc flu hosp,-1,2026-08-22,20,quantile,0.05,0.29173734386780237
2026-08-29,wk inc flu hosp,-1,2026-08-22,20,quantile,0.1,0.6723280195044428
2026-08-29,wk inc flu hosp,-1,2026-08-22,20,quantile,0.15,1.1303341767421755
2026-08-29,wk inc flu hosp,-1,2026-08-22,20,quantile,0.2,1.4538300421955348
2026-08-29,wk inc flu hosp,-1,2026-08-22,20,quantile,0.25,2.0227309832597844
2026-08-29,wk inc flu hosp,-1,2026-08-22,20,quantile,0.3,2.2423415895649064
2026-08-29,wk inc flu hosp,-1,2026-08-22,20,quantile,0.35,2.371447035871246
2026-08-29,wk inc flu hosp,-1,2026-08-22,20,quantile,0.4,2.5730014994698003
2026-08-29,wk inc flu hosp,-1,2026-08-22,20,quantile,0.45,2.7964988010473846
2026-08-29,wk inc flu hosp,-1,2026-08-22,20,quantile,0.5,2.938813892008201
2026-08-29,wk inc flu hosp,-1,2026-08-22,20,quantile,0.55,3.0315603967816798
2026-08-29,wk inc flu hosp,-1,2026-08-22,20,quantile,0.6,3.224800572243719
2026-08-29,wk inc flu hosp,-1,2026-08-22,20,quantile,0.65,3.4295193824109593
2026-08-29,wk inc flu hosp,-1,2026-08-22,20,quantile,0.7,3.7786332809012233
2026-08-29,wk inc flu hosp,-1,2026-08-22,20,quantile,0.75,4.360854930746931
2026-08-29,wk inc flu hosp,-1,2026-08-22,20,quantile,0.8,4.614176631601073
2026-08-29,wk inc flu hosp,-1,2026-08-22,20,quantile,0.85,4.938171126795492
2026-08-29,wk inc flu hosp,-1,2026-08-22,20,quantile,0.9,6.844091402810271
2026-08-29,wk inc flu hosp,-1,2026-08-22,20,quantile,0.95,8.038521019125353
2026-08-29,wk inc flu hosp,-1,2026-08-22,20,quantile,0.975,10.854493439505726
2026-08-29,wk inc flu hosp,-1,2026-08-22,20,quantile,0.99,14.060922243724008
2026-08-29,wk inc flu hosp,0,2026-08-29,20,quantile,0.01,0.26646383732530005
2026-08-29,wk inc flu hosp,0,2026-08-29,20,quantile,0.025,0.2747510361136526
2026-08-29,wk inc flu hosp,0,2026-08-29,20,quantile,0.05,0.3533994987330935
2026-08-29,wk inc flu hosp,0,2026-08-29,20,quantile,0.1,0.7132344502059526
2026-08-29,wk inc flu hosp,0,2026-08-29,20,quantile,0.15,1.2980222689950023
2026-08-29,wk inc flu hosp,0,2026-08-29,20,quantile,0.2,1.7730495621407767
2026-08-29,wk inc flu hosp,0,2026-08-29,20,quantile,0.25,2.0141069865129917
2026-08-29,wk inc flu hosp,0,2026-08-29,20,quantile,0.3,2.245120973471107
2026-08-29,wk inc flu hosp,0,2026-08-29,20,quantile,0.35,2.5606347015369146
2026-08-29,wk inc flu hosp,0,2026-08-29,20,quantile,0.4,2.8137295679214844
2026-08-29,wk inc flu hosp,0,2026-08-29,20,quantile,0.45,3.5078813928130663
2026-08-29,wk inc flu hosp,0,2026-08-29,20,quantile,0.5,3.7070387221077703
2026-08-29,wk inc flu hosp,0,2026-08-29,20,quantile,0.55,4.064772361658333
2026-08-29,wk inc flu hosp,0,2026-08-29,20,quantile,0.6,4.396059768098379
2026-08-29,wk inc flu hosp,0,2026-08-29,20,quantile,0.65,4.867625569559467
2026-08-29,wk inc flu hosp,0,2026-08-29,20,quantile,0.7,5.519376763501098
2026-08-29,wk inc flu hosp,0,2026-08-29,20,quantile,0.75,5.895527924817495
2026-08-29,wk inc flu hosp,0,2026-08-29,20,quantile,0.8,6.283520945300563
2026-08-29,wk inc flu hosp,0,2026-08-29,20,quantile,0.85,7.03802961678033
2026-08-29,wk inc flu hosp,0,2026-08-29,20,quantile,0.9,8.227396562636883
2026-08-29,wk inc flu hosp,0,2026-08-29,20,quantile,0.95,9.992021454506443
2026-08-29,wk inc flu hosp,0,2026-08-29,20,quantile,0.975,13.049865540213665
2026-08-29,wk inc flu hosp,0,2026-08-29,20,quantile,0.99,14.9049563086881
2026-08-29,wk inc flu hosp,1,2026-09-05,20,quantile,0.01,0.30938890125966195
2026-08-29,wk inc flu hosp,1,2026-09-05,20,quantile,0.025,0.31538093894744773
2026-08-29,wk inc flu hosp,1,2026-09-05,20,quantile,0.05,0.3367998762237118
2026-08-29,wk inc flu hosp,1,2026-09-05,20,quantile,0.1,0.7844188010757244
2026-08-29,wk inc flu hosp,1,2026-09-05,20,quantile,0.15,1.2967850460359553
2026-08-29,wk inc flu hosp,1,2026-09-05,20,quantile,0.2,2.0163436251229325
2026-08-29,wk inc flu hosp,1,2026-09-05,20,quantile,0.25,2.397182928399084
2026-08-29,wk inc flu hosp,1,2026-09-05,20,quantile,0.3,2.7240296205135692
2026-08-29,wk inc flu hosp,1,2026-09-05,20,quantile,0.35,2.975976667827548
2026-08-29,wk inc flu hosp,1,2026-09-05,20,quantile,0.4,3.4717032031976025
2026-08-29,wk inc flu hosp,1,2026-09-05,20,quantile,0.45,3.929769985174696
2026-08-29,wk inc flu hosp,1,2026-09-05,20,quantile,0.5,4.46061257871371
2026-08-29,wk inc flu hosp,1,2026-09-05,20,quantile,0.55,4.577258482701456
2026-08-29,wk inc flu hosp,1,2026-09-05,20,quantile,0.6,4.798333142334009
2026-08-29,wk inc flu hosp,1,2026-09-05,20,quantile,0.65,4.853448196779182
2026-08-29,wk inc flu hosp,1,2026-09-05,20,quantile,0.7,4.958442496866256
2026-08-29,wk inc flu hosp,1,2026-09-05,20,quantile,0.75,5.756926295275735
2026-08-29,wk inc flu hosp,1,2026-09-05,20,quantile,0.8,6.069620856785771
2026-08-29,wk inc flu hosp,1,2026-09-05,20,quantile,0.85,6.580228412991927
2026-08-29,wk inc flu hosp,1,2026-09-05,20,quantile,0.9,7.8188792064301325
2026-08-29,wk inc flu hosp,1,2026-09-05,20,quantile,0.95,10.915359326444456
2026-08-29,wk inc flu hosp,1,2026-09-05,20,quantile,0.975,13.122081807853538
2026-08-29,wk inc flu hosp,1,2026-09-05,20,quantile,0.99,17.452983991425636
2026-08-29,wk inc flu hosp,2,2026-09-12,20,quantile,0.01,0.05044246407915221
2026-08-29,wk inc flu hosp,2,2026-09-12,20,quantile,0.025,0.08317670986371734
2026-08-29,wk inc flu hosp,2,2026-09-12,20,quantile,0.05,0.20406666098640427
2026-08-29,wk inc flu hosp,2,2026-09-12,20,quantile,0.1,0.3385448395097264
2026-08-29,wk inc flu hosp,2,2026-09-12,20,quantile,0.15,0.6555998925455244
2026-08-29,wk inc flu hosp,2,2026-09-12,20,quantile,0.2,1.0617170322272478
2026-08-29,wk inc flu hosp,2,2026-09-12,20,quantile,0.25,1.3812116160504948
2026-08-29,wk inc flu hosp,2,2026-09-12,20,quantile,0.3,1.7569519407183596
2026-08-29,wk inc flu hosp,2,2026-09-12,20,quantile,0.35,2.076806758698526
2026-08-29,wk inc flu hosp,2,2026-09-12,20,quantile,0.4,2.2555861898333744
2026-08-29,wk inc flu hosp,2,2026-09-12,20,quantile,0.45,2.450954887531299
2026-08-29,wk inc flu hosp,2,2026-09-12,20,quantile,0.5,2.7590114083128348
2026-08-29,wk inc flu hosp,2,2026-09-12,20,quantile,0.55,3.0029754345076856
2026-08-29,wk inc flu hosp,2,2026-09-12,20,quantile,0.6,3.4331381406723045
2026-08-29,wk inc flu hosp,2,2026-09-12,20,quantile,0.65,3.6861465923577725
2026-08-29,wk inc flu hosp,2,2026-09-12,20,quantile,0.7,4.001327768379668
2026-08-29,wk inc flu hosp,2,2026-09-12,20,quantile,0.75,4.173130294444992
2026-08-29,wk inc flu hosp,2,2026-09-12,20,quantile,0.8,5.053037258475971
2026-08-29,wk inc flu hosp,2,2026-09-12,20,quantile,0.85,5.648881724369129
2026-08-29,wk inc flu hosp,2,2026-09-12,20,quantile,0.9,6.783273416830962
2026-08-29,wk inc flu hosp,2,2026-09-12,20,quantile,0.95,9.094960412535697
2026-08-29,wk inc flu hosp,2,2026-09-12,20,quantile,0.975,11.880233719131796
2026-08-29,wk inc flu hosp,2,2026-09-12,20,quantile,0.99,13.915401323402461
2026-08-29,wk inc flu hosp,3,2026-09-19,20,quantile,0.01,0.04682435510273732
2026-08-29,wk inc flu hosp,3,2026-09-19,20,quantile,0.025,0.26860677020527
2026-08-29,wk inc flu hosp,3,2026-09-19,20,quantile,0.05,0.28958531700970847
2026-08-29,wk inc flu hosp,3,2026-09-19,20,quantile,0.1,0.5305181572352318
2026-08-29,wk inc flu hosp,3,2026-09-19,20,quantile,0.15,1.1018059343553128
2026-08-29,wk inc flu hosp,3,2026-09-19,20,quantile,0.2,1.695969150572145
2026-08-29,wk inc flu hosp,3,2026-09-19,20,quantile,0.25,2.085427044116123
2026-08-29,wk inc flu hosp,3,2026-09-19,20,quantile,0.3,2.489129119953702
2026-08-29,wk inc flu hosp,3,2026-09-19,20,quantile,0.35,2.7450409180479114
2026-08-29,wk inc flu hosp,3,2026-09-19,20,quantile,0.4,3.2796969214528233
2026-08-29,wk inc flu hosp,3,2026-09-19,20,quantile,0.45,3.4176269289983687
2026-08-29,wk inc flu hosp,3,2026-09-19,20,quantile,0.5,3.720799972888552
2026-08-29,wk inc flu hosp,3,2026-09-19,20,quantile,0.55,3.9190706538876077
2026-08-29,wk inc flu hosp,3,2026-09-19,20,quantile,0.6,4.050724319764545
2026-08-29,wk inc flu hosp,3,2026-09-19,20,quantile,0.65,4.417332038389689
2026-08-29,wk inc flu hosp,3,2026-09-19,20,quantile,0.7,4.6651262001174585
2026-08-29,wk inc flu hosp,3,2026-09-19,20,quantile,0.75,5.026828520891557
2026-08-29,wk inc flu hosp,3,2026-09-19,20,quantile,0.8,5.453220950909425
2026-08-29,wk inc flu hosp,3,2026-09-19,20,quantile,0.85,6.716464796641075
2026-08-29,wk inc flu hosp,3,2026-09-19,20,quantile,0.9,7.563547312494778
2026-08-29,wk inc flu hosp,3,2026-09-19,20,quantile,0.95,11.315236943310605
2026-08-29,wk inc flu hosp,3,2026-09-19,20,quantile,0.975,15.752813576982652
2026-08-29,wk inc flu hosp,3,2026-09-19,20,quantile,0.99,23.557372367604327
2026-08-29,wk inc flu hosp,-1,2026-08-22,21,quantile,0.01,0.05600877655701882
2026-08-29,wk inc flu hosp,-1,2026-08-22,21,quantile,0.025,0.12354898351418353
2026-08-29,wk inc flu hosp,-1,2026-08-22,21,quantile,0.05,0.28933394491226383
2026-08-29,wk inc flu hosp,-1,2026-08-22,21,quantile,0.1,0.8768851159936184
2026-08-29,wk inc flu hosp,-1,2026-08-22,21,quantile,0.15,1.8448792059834649
2026-08-29,wk inc flu hosp,-1,2026-08-22,21,quantile,0.2,2.6634365518450753
2026-08-29,wk inc flu hosp,-1,2026-08-22,21,quantile,0.25,3.4890631243945807
2026-08-29,wk inc flu hosp,-1,2026-08-22,21,quantile,0.3,3.8406616576356685
2026-08-29,wk inc flu hosp,-1,2026-08-22,21,quantile,0.35,4.375517265877339
2026-08-29,wk inc flu hosp,-1,2026-08-22,21,quantile,0.4,4.808268776472984
2026-08-29,wk inc flu hosp,-1,2026-08-22,21,quantile,0.45,5.308218530509873
2026-08-29,wk inc flu hosp,-1,2026-08-22,21,quantile,0.5,5.728871968295437
2026-08-29,wk inc flu hosp,-1,2026-08-22,21,quantile,0.55,6.106484338637181
2026-08-29,wk inc flu hosp,-1,2026-08-22,21,quantile,0.6,6.744631005504328
2026-08-29,wk inc flu hosp,-1,2026-08-22,21,quantile,0.65,7.263529276179476
2026-08-29,wk inc flu hosp,-1,2026-08-22,21,quantile,0.7,7.798023752251116
2026-08-29,wk inc flu hosp,-1,2026-08-22,21,quantile,0.75,8.553564336700813
2026-08-29,wk inc flu hosp,-1,2026-08-22,21,quantile,0.8,9.103890764939068
2026-08-29,wk inc flu hosp,-1,2026-08-22,21,quantile,0.85,9.951959989037476
2026-08-29,wk inc flu hosp,-1,2026-08-22,21,quantile,0.9,13.97421920997622
2026-08-29,wk inc flu hosp,-1,2026-08-22,21,quantile,0.95,15.686414910665563
2026-08-29,wk inc flu hosp,-1,2026-08-22,21,quantile,0.975,20.35885819487393
2026-08-29,wk inc flu hosp,-1,2026-08-22,21,quantile,0.99,26.300455880058454
2026-08-29,wk inc flu hosp,0,2026-08-29,21,quantile,0.01,0.04584284969557026
2026-08-29,wk inc flu hosp,0,2026-08-29,21,quantile,0.025,0.12973417990988495
2026-08-29,wk inc flu hosp,0,2026-08-29,21,quantile,0.05,0.239836703479348
2026-08-29,wk inc flu hosp,0,2026-08-29,21,quantile,0.1,0.7603107365811743
2026-08-29,wk inc flu hosp,0,2026-08-29,21,quantile,0.15,1.7041679850674236
2026-08-29,wk inc flu hosp,0,2026-08-29,21,quantile,0.2,2.5526993668075697
2026-08-29,wk inc flu hosp,0,2026-08-29,21,quantile,0.25,3.164933534848359
2026-08-29,wk inc flu hosp,0,2026-08-29,21,quantile,0.3,3.6243447687055625
2026-08-29,wk inc flu hosp,0,2026-08-29,21,quantile,0.35,4.0036128012874075
2026-08-29,wk inc flu hosp,0,2026-08-29,21,quantile,0.4,4.46629945836201
2026-08-29,wk inc flu hosp,0,2026-08-29,21,quantile,0.45,5.196680036524126
2026-08-29,wk inc flu hosp,0,2026-08-29,21,quantile,0.5,5.412458541681004
2026-08-29,wk inc flu hosp,0,2026-08-29,21,quantile,0.55,6.069855626306391
2026-08-29,wk inc flu hosp,0,2026-08-29,21,quantile,0.6,6.436188516526054
2026-08-29,wk inc flu hosp,0,2026-08-29,21,quantile,0.65,7.078316467564813
2026-08-29,wk inc flu hosp,0,2026-08-29,21,quantile,0.7,7.919516031472351
2026-08-29,wk inc flu hosp,0,2026-08-29,21,quantile,0.75,8.382059537363881
2026-08-29,wk inc flu hosp,0,2026-08-29,21,quantile,0.8,8.939910797651432
2026-08-29,wk inc flu hosp,0,2026-08-29,21,quantile,0.85,10.38304052895235
2026-08-29,wk inc flu hosp,0,2026-08-29,21,quantile,0.9,12.905414426971276
2026-08-29,wk inc flu hosp,0,2026-08-29,21,quantile,0.95,15.860221207874636
2026-08-29,wk inc flu hosp,0,2026-08-29,21,quantile,0.975,21.058606999345244
2026-08-29,wk inc flu hosp,0,2026-08-29,21,quantile,0.99,26.014535660417014
2026-08-29,wk inc flu hosp,1,2026-09-05,21,quantile,0.01,0.08693309021368677
2026-08-29,wk inc flu hosp,1,2026-09-05,21,quantile,0.025,0.15537085655188793
2026-08-29,wk inc flu hosp,1,2026-09-05,21,quantile,0.05,0.19652602108655864
2026-08-29,wk inc flu hosp,1,2026-09-05,21,quantile,0.1,0.7825837098165305
2026-08-29,wk inc flu hosp,1,2026-09-05,21,quantile,0.15,1.3333724449792037
2026-08-29,wk inc flu hosp,1,2026-09-05,21,quantile,0.2,2.3142305182413736
2026-08-29,wk inc flu hosp,1,2026-09-05,21,quantile,0.25,2.9752937113397597
2026-08-29,wk inc flu hosp,1,2026-09-05,21,quantile,0.3,3.4661780557139013
2026-08-29,wk inc flu hosp,1,2026-09-05,21,quantile,0.35,3.877799204375394
2026-08-29,wk inc flu hosp,1,2026-09-05,21,quantile,0.4,4.395458544597441
2026-08-29,wk inc flu hosp,1,2026-09-05,21,quantile,0.45,4.998355233488733
2026-08-29,wk inc flu hosp,1,2026-09-05,21,quantile,0.5,5.534028750010031
2026-08-29,wk inc flu hosp,1,2026-09-05,21,quantile,0.55,5.875261651585285
2026-08-29,wk inc flu hosp,1,2026-09-05,21,quantile,0.6,6.269831862333757
2026-08-29,wk inc flu hosp,1,2026-09-05,21,quantile,0.65,6.733282652897763
2026-08-29,wk inc flu hosp,1,2026-09-05,21,quantile,0.7,7.224298622180911
2026-08-29,wk inc flu hosp,1,2026-09-05,21,quantile,0.75,8.027132478731412
2026-08-29,wk inc flu hosp,1,2026-09-05,21,quantile,0.8,8.851580382017936
2026-08-29,wk inc flu hosp,1,2026-09-05,21,quantile,0.85,10.061553859932463
2026-08-29,wk inc flu hosp,1,2026-09-05,21,quantile,0.9,11.802626603617231
2026-08-29,wk inc flu hosp,1,2026-09-05,21,quantile,0.95,14.978808445785274
2026-08-29,wk inc flu hosp,1,2026-09-05,21,quantile,0.975,20.459660518346578
2026-08-29,wk inc flu hosp,1,2026-09-05,21,quantile,0.99,27.574286308665414
2026-08-29,wk inc flu hosp,2,2026-09-12,21,quantile,0.01,0.03161250752586899
2026-08-29,wk inc flu hosp,2,2026-09-12,21,quantile,0.025,0.07713662357139728
2026-08-29,wk inc flu hosp,2,2026-09-12,21,quantile,0.05,0.22255731898497497
2026-08-29,wk inc flu hosp,2,2026-09-12,21,quantile,0.1,0.6143160075564642
2026-08-29,wk inc flu hosp,2,2026-09-12,21,quantile,0.15,1.2358358505425369
2026-08-29,wk inc flu hosp,2,2026-09-12,21,quantile,0.2,2.031425064376451
2026-08-29,wk inc flu hosp,2,2026-09-12,21,quantile,0.25,2.6335399743903816
2026-08-29,wk inc flu hosp,2,2026-09-12,21,quantile,0.3,3.249205445296245
2026-08-29,wk inc flu hosp,2,2026-09-12,21,quantile,0.35,3.665949244620965
2026-08-29,wk inc flu hosp,2,2026-09-12,21,quantile,0.4,4.075441095338536
2026-08-29,wk inc flu hosp,2,2026-09-12,21,quantile,0.45,4.563842394108906
2026-08-29,wk inc flu hosp,2,2026-09-12,21,quantile,0.5,5.054345864921451
2026-08-29,wk inc flu hosp,2,2026-09-12,21,quantile,0.55,5.479022235275032
2026-08-29,wk inc flu hosp,2,2026-09-12,21,quantile,0.6,6.095584616817353
2026-08-29,wk inc flu hosp,2,2026-09-12,21,quantile,0.65,6.6387741910527005
2026-08-29,wk inc flu hosp,2,2026-09-12,21,quantile,0.7,7.107932808063484
2026-08-29,wk inc flu hosp,2,2026-09-12,21,quantile,0.75,7.691938444512779
2026-08-29,wk inc flu hosp,2,2026-09-12,21,quantile,0.8,9.08000777505982
2026-08-29,wk inc flu hosp,2,2026-09-12,21,quantile,0.85,10.13433825251796
2026-08-29,wk inc flu hosp,2,2026-09-12,21,quantile,0.9,12.17483176108487
2026-08-29,wk inc flu hosp,2,2026-09-12,21,quantile,0.95,16.741260300442946
2026-08-29,wk inc flu hosp,2,2026-09-12,21,quantile,0.975,22.111451152290435
2026-08-29,wk inc flu hosp,2,2026-09-12,21,quantile,0.99,29.12478242614964
2026-08-29,wk inc flu hosp,3,2026-09-19,21,quantile,0.01,0.003154744274670114
2026-08-29,wk inc flu hosp,3,2026-09-19,21,quantile,0.025,0.10600927038711519
2026-08-29,wk inc flu hosp,3,2026-09-19,21,quantile,0.05,0.15467732448046032
2026-08-29,wk inc flu hosp,3,2026-09-19,21,quantile,0.1,0.428618975165979
2026-08-29,wk inc flu hosp,3,2026-09-19,21,quantile,0.15,1.1057556764076037
2026-08-29,wk inc flu hosp,3,2026-09-19,21,quantile,0.2,2.0101942282418737
2026-08-29,wk inc flu hosp,3,2026-09-19,21,quantile,0.25,2.617260659741172
2026-08-29,wk inc flu hosp,3,2026-09-19,21,quantile,0.3,3.22352130916044
2026-08-29,wk inc flu hosp,3,2026-09-19,21,quantile,0.35,3.5537011292973664
2026-08-29,wk inc flu hosp,3,2026-09-19,21,quantile,0.4,4.123053541134961
2026-08-29,wk inc flu hosp,3,2026-09-19,21,quantile,0.45,4.510469832730974
2026-08-29,wk inc flu hosp,3,2026-09-19,21,quantile,0.5,4.909171291613306
2026-08-29,wk inc flu hosp,3,2026-09-19,21,quantile,0.55,5.428418983556807
2026-08-29,wk inc flu hosp,3,2026-09-19,21,quantile,0.6,6.031488890334747
2026-08-29,wk inc flu hosp,3,2026-09-19,21,quantile,0.65,6.644161321408015
2026-08-29,wk inc flu hosp,3,2026-09-19,21,quantile,0.7,7.287722150057654
2026-08-29,wk inc flu hosp,3,2026-09-19,21,quantile,0.75,7.882700423950038
2026-08-29,wk inc flu hosp,3,2026-09-19,21,quantile,0.8,8.881894784346386
2026-08-29,wk inc flu hosp,3,2026-09-19,21,quantile,0.85,11.407290616484854
2026-08-29,wk inc flu hosp,3,2026-09-19,21,quantile,0.9,13.551489070570105
2026-08-29,wk inc flu hosp,3,2026-09-19,21,quantile,0.95,19.424919715328915
2026-08-29,wk inc flu hosp,3,2026-09-19,21,quantile,0.975,27.965589601947517
2026-08-29,wk inc flu hosp,3,2026-09-19,21,quantile,0.99,40.11264601833201
2026-08-29,wk inc flu hosp,-1,2026-08-22,22,quantile,0.01,1.522114456194243
2026-08-29,wk inc flu hosp,-1,2026-08-22,22,quantile,0.025,2.4300361402873447
2026-08-29,wk inc flu hosp,-1,2026-08-22,22,quantile,0.05,5.3539589129477605
2026-08-29,wk inc flu hosp,-1,2026-08-22,22,quantile,0.1,8.565961642919273
2026-08-29,wk inc flu hosp,-1,2026-08-22,22,quantile,0.15,10.29811019631096
2026-08-29,wk inc flu hosp,-1,2026-08-22,22,quantile,0.2,10.961363113835674
2026-08-29,wk inc flu hosp,-1,2026-08-22,22,quantile,0.25,11.409560883614839
2026-08-29,wk inc flu hosp,-1,2026-08-22,22,quantile,0.3,11.593599445209902
2026-08-29,wk inc flu hosp,-1,2026-08-22,22,quantile,0.35,12.582520288624723
2026-08-29,wk inc flu hosp,-1,2026-08-22,22,quantile,0.4,12.90098335008275
2026-08-29,wk inc flu hosp,-1,2026-08-22,22,quantile,0.45,13.619199883136112
2026-08-29,wk inc flu hosp,-1,2026-08-22,22,quantile,0.5,14.367051801923127
2026-08-29,wk inc flu hosp,-1,2026-08-22,22,quantile,0.55,16.066122188879866
2026-08-29,wk inc flu hosp,-1,2026-08-22,22,quantile,0.6,17.637451630833034
2026-08-29,wk inc flu hosp,-1,2026-08-22,22,quantile,0.65,18.606824469890785
2026-08-29,wk inc flu hosp,-1,2026-08-22,22,quantile,0.7,19.715448658984023
2026-08-29,wk inc flu hosp,-1,2026-08-22,22,quantile,0.75,22.058803989526847
2026-08-29,wk inc flu hosp,-1,2026-08-22,22,quantile,0.8,22.772983956973647
2026-08-29,wk inc flu hosp,-1,2026-08-22,22,quantile,0.85,24.801667413022876
2026-08-29,wk inc flu hosp,-1,2026-08-22,22,quantile,0.9,29.84847975295115
2026-08-29,wk inc flu hosp,-1,2026-08-22,22,quantile,0.95,36.81452399924203
2026-08-29,wk inc flu hosp,-1,2026-08-22,22,quantile,0.975,47.04317853243708
2026-08-29,wk inc flu hosp,-1,2026-08-22,22,quantile,0.99,51.629244299136396
2026-08-29,wk inc flu hosp,0,2026-08-29,22,quantile,0.01,1.798580295268724
2026-08-29,wk inc flu hosp,0,2026-08-29,22,quantile,0.025,4.32355419213585
2026-08-29,wk inc flu hosp,0,2026-08-29,22,quantile,0.05,4.600269635034664
2026-08-29,wk inc flu hosp,0,2026-08-29,22,quantile,0.1,7.351387384212169
2026-08-29,wk inc flu hosp,0,2026-08-29,22,quantile,0.15,8.237772118269527
2026-08-29,wk inc flu hosp,0,2026-08-29,22,quantile,0.2,8.492059456228255
2026-08-29,wk inc flu hosp,0,2026-08-29,22,quantile,0.25,8.94559609269636
2026-08-29,wk inc flu hosp,0,2026-08-29,22,quantile,0.3,9.196701317912593
2026-08-29,wk inc flu hosp,0,2026-08-29,22,quantile,0.35,9.833736572687549
2026-08-29,wk inc flu hosp,0,2026-08-29,22,quantile,0.4,10.14066440224043
2026-08-29,wk inc flu hosp,0,2026-08-29,22,quantile,0.45,11.428110775209682
2026-08-29,wk inc flu hosp,0,2026-08-29,22,quantile,0.5,12.153312644306137
2026-08-29,wk inc flu hosp,0,2026-08-29,22,quantile,0.55,13.439166533816516
2026-08-29,wk inc flu hosp,0,2026-08-29,22,quantile,0.6,15.13995554569043
2026-08-29,wk inc flu hosp,0,2026-08-29,22,quantile,0.65,16.35542897332776
2026-08-29,wk inc flu hosp,0,2026-08-29,22,quantile,0.7,17.34594236314981
2026-08-29,wk inc flu hosp,0,2026-08-29,22,quantile,0.75,19.409772388350756
2026-08-29,wk inc flu hosp,0,2026-08-29,22,quantile,0.8,21.162218791775793
2026-08-29,wk inc flu hosp,0,2026-08-29,22,quantile,0.85,22.433353393276573
2026-08-29,wk inc flu hosp,0,2026-08-29,22,quantile,0.9,27.018392373201383
2026-08-29,wk inc flu hosp,0,2026-08-29,22,quantile,0.95,34.01424568372426
2026-08-29,wk inc flu hosp,0,2026-08-29,22,quantile,0.975,46.70848943913208
2026-08-29,wk inc flu hosp,0,2026-08-29,22,quantile,0.99,55.98270413549999
2026-08-29,wk inc flu hosp,1,2026-09-05,22,quantile,0.01,2.0494588183374605
2026-08-29,wk inc flu hosp,1,2026-09-05,22,quantile,0.025,3.7596234599678766
2026-08-29,wk inc flu hosp,1,2026-09-05,22,quantile,0.05,4.939494266320889
2026-08-29,wk inc flu hosp,1,2026-09-05,22,quantile,0.1,7.687554942871831
2026-08-29,wk inc flu hosp,1,2026-09-05,22,quantile,0.15,8.346342655253656
2026-08-29,wk inc flu hosp,1,2026-09-05,22,quantile,0.2,9.484110397784914
2026-08-29,wk inc flu hosp,1,2026-09-05,22,quantile,0.25,10.220441526596996
2026-08-29,wk inc flu hosp,1,2026-09-05,22,quantile,0.3,10.923526485886123
2026-08-29,wk inc flu hosp,1,2026-09-05,22,quantile,0.35,11.923878027855036
2026-08-29,wk inc flu hosp,1,2026-09-05,22,quantile,0.4,12.451803118264616
2026-08-29,wk inc flu hosp,1,2026-09-05,22,quantile,0.45,12.807998627984244
2026-08-29,wk inc flu hosp,1,2026-09-05,22,quantile,0.5,13.9667832755537
2026-08-29,wk inc flu hosp,1,2026-09-05,22,quantile,0.55,14.351744957821062
2026-08-29,wk inc flu hosp,1,2026-09-05,22,quantile,0.6,15.778756060830702
2026-08-29,wk inc flu hosp,1,2026-09-05,22,quantile,0.65,16.475792400062016
2026-08-29,wk inc flu hosp,1,2026-09-05,22,quantile,0.7,16.80590723672614
2026-08-29,wk inc flu hosp,1,2026-09-05,22,quantile,0.75,19.657571168454922
2026-08-29,wk inc flu hosp,1,2026-09-05,22,quantile,0.8,21.791194961995423
2026-08-29,wk inc flu hosp,1,2026-09-05,22,quantile,0.85,25.672251513094736
2026-08-29,wk inc flu hosp,1,2026-09-05,22,quantile,0.9,31.5486175631581
2026-08-29,wk inc flu hosp,1,2026-09-05,22,quantile,0.95,40.67234797428624
2026-08-29,wk inc flu hosp,1,2026-09-05,22,quantile,0.975,47.20887637309674
2026-08-29,wk inc flu hosp,1,2026-09-05,22,quantile,0.99,60.2259339601702
2026-08-29,wk inc flu hosp,2,2026-09-12,22,quantile,0.01,2.161901810152425
2026-08-29,wk inc flu hosp,2,2026-09-12,22,quantile,0.025,2.7672974882073236
2026-08-29,wk inc flu hosp,2,2026-09-12,22,quantile,0.05,4.10989355448647
2026-08-29,wk inc flu hosp,2,2026-09-12,22,quantile,0.1,4.989327090085611
2026-08-29,wk inc flu hosp,2,2026-09-12,22,quantile,0.15,6.443020538001253
2026-08-29,wk inc flu hosp,2,2026-09-12,22,quantile,0.2,7.373964227844932
2026-08-29,wk inc flu hosp,2,2026-09-12,22,quantile,0.25,8.542513506980578
2026-08-29,wk inc flu hosp,2,2026-09-12,22,quantile,0.3,9.742494808483823
2026-08-29,wk inc flu hosp,2,2026-09-12,22,quantile,0.35,10.825267091916345
2026-08-29,wk inc flu hosp,2,2026-09-12,22,quantile,0.4,11.146095382934702
2026-08-29,wk inc flu hosp,2,2026-09-12,22,quantile,0.45,11.677398902027189
2026-08-29,wk inc flu hosp,2,2026-09-12,22,quantile,0.5,12.350524322084466
2026-08-29,wk inc flu hosp,2,2026-09-12,22,quantile,0.55,13.192839180681684
2026-08-29,wk inc flu hosp,2,2026-09-12,22,quantile,0.6,14.620069800643124
2026-08-29,wk inc flu hosp,2,2026-09-12,22,quantile,0.65,14.987819612328778
2026-08-29,wk inc flu hosp,2,2026-09-12,22,quantile,0.7,16.189061003522053
2026-08-29,wk inc flu hosp,2,2026-09-12,22,quantile,0.75,17.11405523407699
2026-08-29,wk inc flu hosp,2,2026-09-12,22,quantile,0.8,20.775161110801545
2026-08-29,wk inc flu hosp,2,2026-09-12,22,quantile,0.85,23.820358829823427
2026-08-29,wk inc flu hosp,2,2026-09-12,22,quantile,0.9,29.168334008668467
2026-08-29,wk inc flu hosp,2,2026-09-12,22,quantile,0.95,35.0711107783079
2026-08-29,wk inc flu hosp,2,2026-09-12,22,quantile,0.975,39.526018940486374
2026-08-29,wk inc flu hosp,2,2026-09-12,22,quantile,0.99,50.87496217871757
2026-08-29,wk inc flu hosp,3,2026-09-19,22,quantile,0.01,0.9995765668045475
2026-08-29,wk inc flu hosp,3,2026-09-19,22,quantile,0.025,5.352030787745128
2026-08-29,wk inc flu hosp,3,2026-09-19,22,quantile,0.05,6.028780622263235
2026-08-29,wk inc flu hosp,3,2026-09-19,22,quantile,0.1,7.116379644202731
2026-08-29,wk inc flu hosp,3,2026-09-19,22,quantile,0.15,8.249037994215982
2026-08-29,wk inc flu hosp,3,2026-09-19,22,quantile,0.2,8.801408145561803
2026-08-29,wk inc flu hosp,3,2026-09-19,22,quantile,0.25,10.462163088033902
2026-08-29,wk inc flu hosp,3,2026-09-19,22,quantile,0.3,11.55894436213815
2026-08-29,wk inc flu hosp,3,2026-09-19,22,quantile,0.35,12.7286171718071
2026-08-29,wk inc flu hosp,3,2026-09-19,22,quantile,0.4,14.141578653470571
2026-08-29,wk inc flu hosp,3,2026-09-19,22,quantile,0.45,14.541419434168073
2026-08-29,wk inc flu hosp,3,2026-09-19,22,quantile,0.5,14.853755409907826
2026-08-29,wk inc flu hosp,3,2026-09-19,22,quantile,0.55,15.385849277153154
2026-08-29,wk inc flu hosp,3,2026-09-19,22,quantile,0.6,16.463410600241804
2026-08-29,wk inc flu hosp,3,2026-09-19,22,quantile,0.65,17.211778354233076
2026-08-29,wk inc flu hosp,3,2026-09-19,22,quantile,0.7,17.757750575606437
2026-08-29,wk inc flu hosp,3,2026-09-19,22,quantile,0.75,19.605566308523727
2026-08-29,wk inc flu hosp,3,2026-09-19,22,quantile,0.8,21.073655901349902
2026-08-29,wk inc flu hosp,3,2026-09-19,22,quantile,0.85,26.813449569405854
2026-08-29,wk inc flu hosp,3,2026-09-19,22,quantile,0.9,30.597667080489135
2026-08-29,wk inc flu hosp,3,2026-09-19,22,quantile,0.95,36.85689834426749
2026-08-29,wk inc flu hosp,3,2026-09-19,22,quantile,0.975,44.02215125322484
2026-08-29,wk inc flu hosp,3,2026-09-19,22,quantile,0.99,65.38092531356565
2026-08-29,wk inc flu hosp,-1,2026-08-22,25,quantile,0.01,1.537497628859177e-4
2026-08-29,wk inc flu hosp,-1,2026-08-22,25,quantile,0.025,1.871805623925079e-4
2026-08-29,wk inc flu hosp,-1,2026-08-22,25,quantile,0.05,0.004187157753235122
2026-08-29,wk inc flu hosp,-1,2026-08-22,25,quantile,0.1,0.1672063422008516
2026-08-29,wk inc flu hosp,-1,2026-08-22,25,quantile,0.15,0.3806223154747828
2026-08-29,wk inc flu hosp,-1,2026-08-22,25,quantile,0.2,0.554754082170733
2026-08-29,wk inc flu hosp,-1,2026-08-22,25,quantile,0.25,0.7290639043097686
2026-08-29,wk inc flu hosp,-1,2026-08-22,25,quantile,0.3,0.8021479743087341
2026-08-29,wk inc flu hosp,-1,2026-08-22,25,quantile,0.35,1.0005622951451665
2026-08-29,wk inc flu hosp,-1,2026-08-22,25,quantile,0.4,1.1289694329191995
2026-08-29,wk inc flu hosp,-1,2026-08-22,25,quantile,0.45,1.3557297633257976
2026-08-29,wk inc flu hosp,-1,2026-08-22,25,quantile,0.5,1.6290283513298678
2026-08-29,wk inc flu hosp,-1,2026-08-22,25,quantile,0.55,2.127998845364486
2026-08-29,wk inc flu hosp,-1,2026-08-22,25,quantile,0.6,2.6722458277766847
2026-08-29,wk inc flu hosp,-1,2026-08-22,25,quantile,0.65,3.121164155301674
2026-08-29,wk inc flu hosp,-1,2026-08-22,25,quantile,0.7,3.6136326028921513
2026-08-29,wk inc flu hosp,-1,2026-08-22,25,quantile,0.75,4.890840056790539
2026-08-29,wk inc flu hosp,-1,2026-08-22,25,quantile,0.8,5.483805983008305
2026-08-29,wk inc flu hosp,-1,2026-08-22,25,quantile,0.85,6.70153101854861
2026-08-29,wk inc flu hosp,-1,2026-08-22,25,quantile,0.9,10.793087828997962
2026-08-29,wk inc flu hosp,-1,2026-08-22,25,quantile,0.95,15.605286590941065
2026-08-29,wk inc flu hosp,-1,2026-08-22,25,quantile,0.975,26.393550288511157
2026-08-29,wk inc flu hosp,-1,2026-08-22,25,quantile,0.99,33.64977062647981
2026-08-29,wk inc flu hosp,0,2026-08-29,25,quantile,0.01,2.199577947506669e-4
2026-08-29,wk inc flu hosp,0,2026-08-29,25,quantile,0.025,0.004767971234728497
2026-08-29,wk inc flu hosp,0,2026-08-29,25,quantile,0.05,0.021398814819112818
2026-08-29,wk inc flu hosp,0,2026-08-29,25,quantile,0.1,0.22909990304113675
2026-08-29,wk inc flu hosp,0,2026-08-29,25,quantile,0.15,0.633609196456948
2026-08-29,wk inc flu hosp,0,2026-08-29,25,quantile,0.2,1.0062115819997195
2026-08-29,wk inc flu hosp,0,2026-08-29,25,quantile,0.25,1.4387158280005274
2026-08-29,wk inc flu hosp,0,2026-08-29,25,quantile,0.3,1.6781102892315136
2026-08-29,wk inc flu hosp,0,2026-08-29,25,quantile,0.35,2.023924443198114
2026-08-29,wk inc flu hosp,0,2026-08-29,25,quantile,0.4,2.2764542541352153
2026-08-29,wk inc flu hosp,0,2026-08-29,25,quantile,0.45,2.8622072408400823
2026-08-29,wk inc flu hosp,0,2026-08-29,25,quantile,0.5,3.204150267370107
2026-08-29,wk inc flu hosp,0,2026-08-29,25,quantile,0.55,3.4649760162519256
2026-08-29,wk inc flu hosp,0,2026-08-29,25,quantile,0.6,4.12130822239704
2026-08-29,wk inc flu hosp,0,2026-08-29,25,quantile,0.65,5.048444590030969
2026-08-29,wk inc flu hosp,0,2026-08-29,25,quantile,0.7,6.18148222417493
2026-08-29,wk inc flu hosp,0,2026-08-29,25,quantile,0.75,7.053669985550073
2026-08-29,wk inc flu hosp,0,2026-08-29,25,quantile,0.8,8.179899820266678
2026-08-29,wk inc flu hosp,0,2026-08-29,25,quantile,0.85,9.340171646595987
2026-08-29,wk inc flu hosp,0,2026-08-29,25,quantile,0.9,12.882616696163554
2026-08-29,wk inc flu hosp,0,2026-08-29,25,quantile,0.95,18.104049573622078
2026-08-29,wk inc flu hosp,0,2026-08-29,25,quantile,0.975,26.459249171243123
2026-08-29,wk inc flu hosp,0,2026-08-29,25,quantile,0.99,34.244660634097876
2026-08-29,wk inc flu hosp,1,2026-09-05,25,quantile,0.01,2.5581443213061394e-4
2026-08-29,wk inc flu hosp,1,2026-09-05,25,quantile,0.025,2.64745581012115e-4
2026-08-29,wk inc flu hosp,1,2026-09-05,25,quantile,0.05,0.013133731057277892
2026-08-29,wk inc flu hosp,1,2026-09-05,25,quantile,0.1,0.2972868445176253
2026-08-29,wk inc flu hosp,1,2026-09-05,25,quantile,0.15,0.555304706849773
2026-08-29,wk inc flu hosp,1,2026-09-05,25,quantile,0.2,0.9902790737335314
2026-08-29,wk inc flu hosp,1,2026-09-05,25,quantile,0.25,1.3930900459311732
2026-08-29,wk inc flu hosp,1,2026-09-05,25,quantile,0.3,1.6101491928169407
2026-08-29,wk inc flu hosp,1,2026-09-05,25,quantile,0.35,1.9458847360115672
2026-08-29,wk inc flu hosp,1,2026-09-05,25,quantile,0.4,2.287765664290557
2026-08-29,wk inc flu hosp,1,2026-09-05,25,quantile,0.45,2.4152498442551407
2026-08-29,wk inc flu hosp,1,2026-09-05,25,quantile,0.5,3.194529686225459
2026-08-29,wk inc flu hosp,1,2026-09-05,25,quantile,0.55,3.376778265487694
2026-08-29,wk inc flu hosp,1,2026-09-05,25,quantile,0.6,4.330227732647127
2026-08-29,wk inc flu hosp,1,2026-09-05,25,quantile,0.65,4.54183555167723
2026-08-29,wk inc flu hosp,1,2026-09-05,25,quantile,0.7,4.769691927554662
2026-08-29,wk inc flu hosp,1,2026-09-05,25,quantile,0.75,6.4388850702269105
2026-08-29,wk inc flu hosp,1,2026-09-05,25,quantile,0.8,7.680865573995072
2026-08-29,wk inc flu hosp,1,2026-09-05,25,quantile,0.85,10.031722408768712
2026-08-29,wk inc flu hosp,1,2026-09-05,25,quantile,0.9,13.885305238827897
2026-08-29,wk inc flu hosp,1,2026-09-05,25,quantile,0.95,21.82954833579326
2026-08-29,wk inc flu hosp,1,2026-09-05,25,quantile,0.975,31.52015211559729
2026-08-29,wk inc flu hosp,1,2026-09-05,25,quantile,0.99,41.56048799735101
2026-08-29,wk inc flu hosp,2,2026-09-12,25,quantile,0.01,2.7077529349700096e-4
2026-08-29,wk inc flu hosp,2,2026-09-12,25,quantile,0.025,2.783558557917827e-4
2026-08-29,wk inc flu hosp,2,2026-09-12,25,quantile,0.05,0.0019369334776970482
2026-08-29,wk inc flu hosp,2,2026-09-12,25,quantile,0.1,0.05679311438210999
2026-08-29,wk inc flu hosp,2,2026-09-12,25,quantile,0.15,0.27370072421206576
2026-08-29,wk inc flu hosp,2,2026-09-12,25,quantile,0.2,0.6822870305065827
2026-08-29,wk inc flu hosp,2,2026-09-12,25,quantile,0.25,1.0751500292470064
2026-08-29,wk inc flu hosp,2,2026-09-12,25,quantile,0.3,1.438585733024983
2026-08-29,wk inc flu hosp,2,2026-09-12,25,quantile,0.35,1.7863936523861788
2026-08-29,wk inc flu hosp,2,2026-09-12,25,quantile,0.4,1.9220890218221547
2026-08-29,wk inc flu hosp,2,2026-09-12,25,quantile,0.45,2.298152657204904
2026-08-29,wk inc flu hosp,2,2026-09-12,25,quantile,0.5,2.735155890039897
2026-08-29,wk inc flu hosp,2,2026-09-12,25,quantile,0.55,3.070978409369817
2026-08-29,wk inc flu hosp,2,2026-09-12,25,quantile,0.6,3.729090426963491
2026-08-29,wk inc flu hosp,2,2026-09-12,25,quantile,0.65,3.999067234997342
2026-08-29,wk inc flu hosp,2,2026-09-12,25,quantile,0.7,4.5906100746771346
2026-08-29,wk inc flu hosp,2,2026-09-12,25,quantile,0.75,5.039011233282357
2026-08-29,wk inc flu hosp,2,2026-09-12,25,quantile,0.8,6.5109967155427455
2026-08-29,wk inc flu hosp,2,2026-09-12,25,quantile,0.85,7.89726222897909
2026-08-29,wk inc flu hosp,2,2026-09-12,25,quantile,0.9,10.519150828862744
2026-08-29,wk inc flu hosp,2,2026-09-12,25,quantile,0.95,16.06886049159389
2026-08-29,wk inc flu hosp,2,2026-09-12,25,quantile,0.975,21.42265530928451
2026-08-29,wk inc flu hosp,2,2026-09-12,25,quantile,0.99,32.327998489475696
2026-08-29,wk inc flu hosp,3,2026-09-19,25,quantile,0.01,0.0015330387949864905
2026-08-29,wk inc flu hosp,3,2026-09-19,25,quantile,0.025,0.01923506915489833
2026-08-29,wk inc flu hosp,3,2026-09-19,25,quantile,0.05,0.0402987537384179
2026-08-29,wk inc flu hosp,3,2026-09-19,25,quantile,0.1,0.1702774471558036
2026-08-29,wk inc flu hosp,3,2026-09-19,25,quantile,0.15,0.5496565762833702
2026-08-29,wk inc flu hosp,3,2026-09-19,25,quantile,0.2,1.0652491430845592
2026-08-29,wk inc flu hosp,3,2026-09-19,25,quantile,0.25,1.4418850928304685
2026-08-29,wk inc flu hosp,3,2026-09-19,25,quantile,0.3,2.0019274962930416
2026-08-29,wk inc flu hosp,3,2026-09-19,25,quantile,0.35,2.169559543393763
2026-08-29,wk inc flu hosp,3,2026-09-19,25,quantile,0.4,2.708438012451499
2026-08-29,wk inc flu hosp,3,2026-09-19,25,quantile,0.45,3.0380252324926222
2026-08-29,wk inc flu hosp,3,2026-09-19,25,quantile,0.5,3.307299216409937
2026-08-29,wk inc flu hosp,3,2026-09-19,25,quantile,0.55,3.6313632064487638
2026-08-29,wk inc flu hosp,3,2026-09-19,25,quantile,0.6,4.561831038302778
2026-08-29,wk inc flu hosp,3,2026-09-19,25,quantile,0.65,5.110851435014232
2026-08-29,wk inc flu hosp,3,2026-09-19,25,quantile,0.7,5.44399771721064
2026-08-29,wk inc flu hosp,3,2026-09-19,25,quantile,0.75,6.287467337018457
2026-08-29,wk inc flu hosp,3,2026-09-19,25,quantile,0.8,7.438221496660997
2026-08-29,wk inc flu hosp,3,2026-09-19,25,quantile,0.85,13.1944411653174
2026-08-29,wk inc flu hosp,3,2026-09-19,25,quantile,0.9,16.393622895265217
2026-08-29,wk inc flu hosp,3,2026-09-19,25,quantile,0.95,23.732238897813815
2026-08-29,wk inc flu hosp,3,2026-09-19,25,quantile,0.975,33.75501990775635
2026-08-29,wk inc flu hosp,3,2026-09-19,25,quantile,0.99,62.01430254183354
2026-08-29,wk inc flu hosp,-1,2026-08-22,24,quantile,0.01,0.04622959501191843
2026-08-29,wk inc flu hosp,-1,2026-08-22,24,quantile,0.025,0.20302255217230566
2026-08-29,wk inc flu hosp,-1,2026-08-22,24,quantile,0.05,0.6066290152087498
2026-08-29,wk inc flu hosp,-1,2026-08-22,24,quantile,0.1,1.4662043466326313
2026-08-29,wk inc flu hosp,-1,2026-08-22,24,quantile,0.15,2.811770528353686
2026-08-29,wk inc flu hosp,-1,2026-08-22,24,quantile,0.2,3.3478792882571033
2026-08-29,wk inc flu hosp,-1,2026-08-22,24,quantile,0.25,4.2213494371572455
2026-08-29,wk inc flu hosp,-1,2026-08-22,24,quantile,0.3,4.57057224541704
2026-08-29,wk inc flu hosp,-1,2026-08-22,24,quantile,0.35,5.013454044972991
2026-08-29,wk inc flu hosp,-1,2026-08-22,24,quantile,0.4,5.403209982290965
2026-08-29,wk inc flu hosp,-1,2026-08-22,24,quantile,0.45,5.538982978595111
2026-08-29,wk inc flu hosp,-1,2026-08-22,24,quantile,0.5,5.903686779397111
2026-08-29,wk inc flu hosp,-1,2026-08-22,24,quantile,0.55,6.277515276324512
2026-08-29,wk inc flu hosp,-1,2026-08-22,24,quantile,0.6,6.661213045902327
2026-08-29,wk inc flu hosp,-1,2026-08-22,24,quantile,0.65,7.281287774257526
2026-08-29,wk inc flu hosp,-1,2026-08-22,24,quantile,0.7,7.827845832727734
2026-08-29,wk inc flu hosp,-1,2026-08-22,24,quantile,0.75,8.8142388289449
2026-08-29,wk inc flu hosp,-1,2026-08-22,24,quantile,0.8,9.491346139715247
2026-08-29,wk inc flu hosp,-1,2026-08-22,24,quantile,0.85,10.368612464661691
2026-08-29,wk inc flu hosp,-1,2026-08-22,24,quantile,0.9,12.768876631499856
2026-08-29,wk inc flu hosp,-1,2026-08-22,24,quantile,0.95,15.765221734662937
2026-08-29,wk inc flu hosp,-1,2026-08-22,24,quantile,0.975,21.52648827533152
2026-08-29,wk inc flu hosp,-1,2026-08-22,24,quantile,0.99,27.01910785146323
2026-08-29,wk inc flu hosp,0,2026-08-29,24,quantile,0.01,0.002982698570575468
2026-08-29,wk inc flu hosp,0,2026-08-29,24,quantile,0.025,0.2865557550483068
2026-08-29,wk inc flu hosp,0,2026-08-29,24,quantile,0.05,0.3576600563513057
2026-08-29,wk inc flu hosp,0,2026-08-29,24,quantile,0.1,1.198724318112045
2026-08-29,wk inc flu hosp,0,2026-08-29,24,quantile,0.15,2.1295037301335777
2026-08-29,wk inc flu hosp,0,2026-08-29,24,quantile,0.2,2.54163693374313
2026-08-29,wk inc flu hosp,0,2026-08-29,24,quantile,0.25,3.038444530755158
2026-08-29,wk inc flu hosp,0,2026-08-29,24,quantile,0.3,3.2998365750350915
2026-08-29,wk inc flu hosp,0,2026-08-29,24,quantile,0.35,3.5131912213337793
2026-08-29,wk inc flu hosp,0,2026-08-29,24,quantile,0.4,3.85851297615176
2026-08-29,wk inc flu hosp,0,2026-08-29,24,quantile,0.45,4.188109712017593
2026-08-29,wk inc flu hosp,0,2026-08-29,24,quantile,0.5,4.349734745717072
2026-08-29,wk inc flu hosp,0,2026-08-29,24,quantile,0.55,5.074014610754059
2026-08-29,wk inc flu hosp,0,2026-08-29,24,quantile,0.6,5.536187957227978
2026-08-29,wk inc flu hosp,0,2026-08-29,24,quantile,0.65,5.968913394332469
2026-08-29,wk inc flu hosp,0,2026-08-29,24,quantile,0.7,6.158656587549768
2026-08-29,wk inc flu hosp,0,2026-08-29,24,quantile,0.75,6.881643468987101
2026-08-29,wk inc flu hosp,0,2026-08-29,24,quantile,0.8,7.54985209846814
2026-08-29,wk inc flu hosp,0,2026-08-29,24,quantile,0.85,8.486832976242837
2026-08-29,wk inc flu hosp,0,2026-08-29,24,quantile,0.9,10.827731586134695
2026-08-29,wk inc flu hosp,0,2026-08-29,24,quantile,0.95,14.079226734898805
2026-08-29,wk inc flu hosp,0,2026-08-29,24,quantile,0.975,19.827618475157387
2026-08-29,wk inc flu hosp,0,2026-08-29,24,quantile,0.99,25.879484058817795
2026-08-29,wk inc flu hosp,1,2026-09-05,24,quantile,0.01,0.039903917323113346
2026-08-29,wk inc flu hosp,1,2026-09-05,24,quantile,0.025,0.2081925108813849
2026-08-29,wk inc flu hosp,1,2026-09-05,24,quantile,0.05,0.40173673176910624
2026-08-29,wk inc flu hosp,1,2026-09-05,24,quantile,0.1,1.2247718780219183
2026-08-29,wk inc flu hosp,1,2026-09-05,24,quantile,0.15,1.594189886024209
2026-08-29,wk inc flu hosp,1,2026-09-05,24,quantile,0.2,2.3757652766045503
2026-08-29,wk inc flu hosp,1,2026-09-05,24,quantile,0.25,2.913010382929433
2026-08-29,wk inc flu hosp,1,2026-09-05,24,quantile,0.3,3.4522946418690688
2026-08-29,wk inc flu hosp,1,2026-09-05,24,quantile,0.35,3.9390518540000587
2026-08-29,wk inc flu hosp,1,2026-09-05,24,quantile,0.4,4.096205812845921
2026-08-29,wk inc flu hosp,1,2026-09-05,24,quantile,0.45,4.566598495042127
2026-08-29,wk inc flu hosp,1,2026-09-05,24,quantile,0.5,4.68694242343801
2026-08-29,wk inc flu hosp,1,2026-09-05,24,quantile,0.55,5.013274026085317
2026-08-29,wk inc flu hosp,1,2026-09-05,24,quantile,0.6,5.348206318203604
2026-08-29,wk inc flu hosp,1,2026-09-05,24,quantile,0.65,6.002495230202553
2026-08-29,wk inc flu hosp,1,2026-09-05,24,quantile,0.7,6.481053204597813
2026-08-29,wk inc flu hosp,1,2026-09-05,24,quantile,0.75,7.232092850495451
2026-08-29,wk inc flu hosp,1,2026-09-05,24,quantile,0.8,8.14963906259866
2026-08-29,wk inc flu hosp,1,2026-09-05,24,quantile,0.85,9.895031093716605
2026-08-29,wk inc flu hosp,1,2026-09-05,24,quantile,0.9,11.955850621178595
2026-08-29,wk inc flu hosp,1,2026-09-05,24,quantile,0.95,13.998043677491884
2026-08-29,wk inc flu hosp,1,2026-09-05,24,quantile,0.975,18.063371703866295
2026-08-29,wk inc flu hosp,1,2026-09-05,24,quantile,0.99,25.438606314908775
2026-08-29,wk inc flu hosp,2,2026-09-12,24,quantile,0.01,0.06649434664877799
2026-08-29,wk inc flu hosp,2,2026-09-12,24,quantile,0.025,0.18304996480772295
2026-08-29,wk inc flu hosp,2,2026-09-12,24,quantile,0.05,0.4573375672776282
2026-08-29,wk inc flu hosp,2,2026-09-12,24,quantile,0.1,1.0766740303791003
2026-08-29,wk inc flu hosp,2,2026-09-12,24,quantile,0.15,1.821915129095554
2026-08-29,wk inc flu hosp,2,2026-09-12,24,quantile,0.2,2.3282610765856577
2026-08-29,wk inc flu hosp,2,2026-09-12,24,quantile,0.25,2.87460516242378
2026-08-29,wk inc flu hosp,2,2026-09-12,24,quantile,0.3,3.570797699478731
2026-08-29,wk inc flu hosp,2,2026-09-12,24,quantile,0.35,4.007379182023444
2026-08-29,wk inc flu hosp,2,2026-09-12,24,quantile,0.4,4.406961885412207
2026-08-29,wk inc flu hosp,2,2026-09-12,24,quantile,0.45,4.871332429113891
2026-08-29,wk inc flu hosp,2,2026-09-12,24,quantile,0.5,5.122764876282005
2026-08-29,wk inc flu hosp,2,2026-09-12,24,quantile,0.55,5.521971214471613
2026-08-29,wk inc flu hosp,2,2026-09-12,24,quantile,0.6,6.082860022867177
2026-08-29,wk inc flu hosp,2,2026-09-12,24,quantile,0.65,6.457063207418703
2026-08-29,wk inc flu hosp,2,2026-09-12,24,quantile,0.7,6.933411186853576
2026-08-29,wk inc flu hosp,2,2026-09-12,24,quantile,0.75,7.714851133141302
2026-08-29,wk inc flu hosp,2,2026-09-12,24,quantile,0.8,9.52607184586911
2026-08-29,wk inc flu hosp,2,2026-09-12,24,quantile,0.85,11.20293382029286
2026-08-29,wk inc flu hosp,2,2026-09-12,24,quantile,0.9,13.900272613705209
2026-08-29,wk inc flu hosp,2,2026-09-12,24,quantile,0.95,17.557861032484922
2026-08-29,wk inc flu hosp,2,2026-09-12,24,quantile,0.975,21.348604980757653
2026-08-29,wk inc flu hosp,2,2026-09-12,24,quantile,0.99,30.601633014924897
2026-08-29,wk inc flu hosp,3,2026-09-19,24,quantile,0.01,0.008512428513886708
2026-08-29,wk inc flu hosp,3,2026-09-19,24,quantile,0.025,0.2010457228152016
2026-08-29,wk inc flu hosp,3,2026-09-19,24,quantile,0.05,0.3379833293921355
2026-08-29,wk inc flu hosp,3,2026-09-19,24,quantile,0.1,0.5795717852923682
2026-08-29,wk inc flu hosp,3,2026-09-19,24,quantile,0.15,1.0917901783961046
2026-08-29,wk inc flu hosp,3,2026-09-19,24,quantile,0.2,1.7164739027525346
2026-08-29,wk inc flu hosp,3,2026-09-19,24,quantile,0.25,2.4855292377535063
2026-08-29,wk inc flu hosp,3,2026-09-19,24,quantile,0.3,3.04525673712249
2026-08-29,wk inc flu hosp,3,2026-09-19,24,quantile,0.35,3.5681035322183887
2026-08-29,wk inc flu hosp,3,2026-09-19,24,quantile,0.4,4.020394395689401
2026-08-29,wk inc flu hosp,3,2026-09-19,24,quantile,0.45,4.315220088815104
2026-08-29,wk inc flu hosp,3,2026-09-19,24,quantile,0.5,4.569285767619143
2026-08-29,wk inc flu hosp,3,2026-09-19,24,quantile,0.55,5.08699181024715
2026-08-29,wk inc flu hosp,3,2026-09-19,24,quantile,0.6,5.479452188666219
2026-08-29,wk inc flu hosp,3,2026-09-19,24,quantile,0.65,6.002092658115652
2026-08-29,wk inc flu hosp,3,2026-09-19,24,quantile,0.7,6.622641180507287
2026-08-29,wk inc flu hosp,3,2026-09-19,24,quantile,0.75,7.290281123331703
2026-08-29,wk inc flu hosp,3,2026-09-19,24,quantile,0.8,8.15203506266702
2026-08-29,wk inc flu hosp,3,2026-09-19,24,quantile,0.85,10.056743183788177
2026-08-29,wk inc flu hosp,3,2026-09-19,24,quantile,0.9,12.613111265393629
2026-08-29,wk inc flu hosp,3,2026-09-19,24,quantile,0.95,16.611607554182466
2026-08-29,wk inc flu hosp,3,2026-09-19,24,quantile,0.975,22.30072552539607
2026-08-29,wk inc flu hosp,3,2026-09-19,24,quantile,0.99,31.916948518352847
2026-08-29,wk inc flu hosp,-1,2026-08-22,23,quantile,0.01,0
2026-08-29,wk inc flu hosp,-1,2026-08-22,23,quantile,0.025,0
2026-08-29,wk inc flu hosp,-1,2026-08-22,23,quantile,0.05,0
2026-08-29,wk inc flu hosp,-1,2026-08-22,23,quantile,0.1,0
2026-08-29,wk inc flu hosp,-1,2026-08-22,23,quantile,0.15,0
2026-08-29,wk inc flu hosp,-1,2026-08-22,23,quantile,0.2,0
2026-08-29,wk inc flu hosp,-1,2026-08-22,23,quantile,0.25,0
2026-08-29,wk inc flu hosp,-1,2026-08-22,23,quantile,0.3,0
2026-08-29,wk inc flu hosp,-1,2026-08-22,23,quantile,0.35,0
2026-08-29,wk inc flu hosp,-1,2026-08-22,23,quantile,0.4,0.0014804567022253959
2026-08-29,wk inc flu hosp,-1,2026-08-22,23,quantile,0.45,0.011147914339984747
2026-08-29,wk inc flu hosp,-1,2026-08-22,23,quantile,0.5,0.027111464769318035
2026-08-29,wk inc flu hosp,-1,2026-08-22,23,quantile,0.55,0.05005872411145896
2026-08-29,wk inc flu hosp,-1,2026-08-22,23,quantile,0.6,0.07889633887269024
2026-08-29,wk inc flu hosp,-1,2026-08-22,23,quantile,0.65,0.10471031462927656
2026-08-29,wk inc flu hosp,-1,2026-08-22,23,quantile,0.7,0.12375769215192654
2026-08-29,wk inc flu hosp,-1,2026-08-22,23,quantile,0.75,0.21963009251368132
2026-08-29,wk inc flu hosp,-1,2026-08-22,23,quantile,0.8,0.28656107385937335
2026-08-29,wk inc flu hosp,-1,2026-08-22,23,quantile,0.85,0.3986982112159534
2026-08-29,wk inc flu hosp,-1,2026-08-22,23,quantile,0.9,0.8982374094926666
2026-08-29,wk inc flu hosp,-1,2026-08-22,23,quantile,0.95,1.1754456873248185
2026-08-29,wk inc flu hosp,-1,2026-08-22,23,quantile,0.975,2.5805029672289486
2026-08-29,wk inc flu hosp,-1,2026-08-22,23,quantile,0.99,3.8142596350379687
2026-08-29,wk inc flu hosp,0,2026-08-29,23,quantile,0.01,0
2026-08-29,wk inc flu hosp,0,2026-08-29,23,quantile,0.025,0
2026-08-29,wk inc flu hosp,0,2026-08-29,23,quantile,0.05,0
2026-08-29,wk inc flu hosp,0,2026-08-29,23,quantile,0.1,0
2026-08-29,wk inc flu hosp,0,2026-08-29,23,quantile,0.15,0
2026-08-29,wk inc flu hosp,0,2026-08-29,23,quantile,0.2,0
2026-08-29,wk inc flu hosp,0,2026-08-29,23,quantile,0.25,0
2026-08-29,wk inc flu hosp,0,2026-08-29,23,quantile,0.3,0
2026-08-29,wk inc flu hosp,0,2026-08-29,23,quantile,0.35,0
2026-08-29,wk inc flu hosp,0,2026-08-29,23,quantile,0.4,0
2026-08-29,wk inc flu hosp,0,2026-08-29,23,quantile,0.45,0.01600875194146371
2026-08-29,wk inc flu hosp,0,2026-08-29,23,quantile,0.5,0.02589235637927961
2026-08-29,wk inc flu hosp,0,2026-08-29,23,quantile,0.55,0.06236966644733294
2026-08-29,wk inc flu hosp,0,2026-08-29,23,quantile,0.6,0.09639288510389794
2026-08-29,wk inc flu hosp,0,2026-08-29,23,quantile,0.65,0.12201228022246301
2026-08-29,wk inc flu hosp,0,2026-08-29,23,quantile,0.7,0.18559853134892323
2026-08-29,wk inc flu hosp,0,2026-08-29,23,quantile,0.75,0.22902157188571318
2026-08-29,wk inc flu hosp,0,2026-08-29,23,quantile,0.8,0.25304313055705946
2026-08-29,wk inc flu hosp,0,2026-08-29,23,quantile,0.85,0.37776979951059164
2026-08-29,wk inc flu hosp,0,2026-08-29,23,quantile,0.9,0.7075132812898562
2026-08-29,wk inc flu hosp,0,2026-08-29,23,quantile,0.95,1.094155409149127
2026-08-29,wk inc flu hosp,0,2026-08-29,23,quantile,0.975,2.594077011993977
2026-08-29,wk inc flu hosp,0,2026-08-29,23,quantile,0.99,3.662199028265025
2026-08-29,wk inc flu hosp,1,2026-09-05,23,quantile,0.01,0
2026-08-29,wk inc flu hosp,1,2026-09-05,23,quantile,0.025,0
2026-08-29,wk inc flu hosp,1,2026-09-05,23,quantile,0.05,0
2026-08-29,wk inc flu hosp,1,2026-09-05,23,quantile,0.1,0
2026-08-29,wk inc flu hosp,1,2026-09-05,23,quantile,0.15,0
2026-08-29,wk inc flu hosp,1,2026-09-05,23,quantile,0.2,0
2026-08-29,wk inc flu hosp,1,2026-09-05,23,quantile,0.25,0
2026-08-29,wk inc flu hosp,1,2026-09-05,23,quantile,0.3,0
2026-08-29,wk inc flu hosp,1,2026-09-05,23,quantile,0.35,8.222803544529324e-4
2026-08-29,wk inc flu hosp,1,2026-09-05,23,quantile,0.4,0.009306096360927817
2026-08-29,wk inc flu hosp,1,2026-09-05,23,quantile,0.45,0.015709867162433652
2026-08-29,wk inc flu hosp,1,2026-09-05,23,quantile,0.5,0.03687399038137125
2026-08-29,wk inc flu hosp,1,2026-09-05,23,quantile,0.55,0.04816810827539215
2026-08-29,wk inc flu hosp,1,2026-09-05,23,quantile,0.6,0.0693950975914632
2026-08-29,wk inc flu hosp,1,2026-09-05,23,quantile,0.65,0.08973354855925049
2026-08-29,wk inc flu hosp,1,2026-09-05,23,quantile,0.7,0.10870920049298023
2026-08-29,wk inc flu hosp,1,2026-09-05,23,quantile,0.75,0.15479946292125837
2026-08-29,wk inc flu hosp,1,2026-09-05,23,quantile,0.8,0.24258820822863375
2026-08-29,wk inc flu hosp,1,2026-09-05,23,quantile,0.85,0.35853288402606165
2026-08-29,wk inc flu hosp,1,2026-09-05,23,quantile,0.9,0.5694696653871311
2026-08-29,wk inc flu hosp,1,2026-09-05,23,quantile,0.95,1.0764611482154802
2026-08-29,wk inc flu hosp,1,2026-09-05,23,quantile,0.975,2.1338810597323956
2026-08-29,wk inc flu hosp,1,2026-09-05,23,quantile,0.99,3.62410534347626
2026-08-29,wk inc flu hosp,2,2026-09-12,23,quantile,0.01,0
2026-08-29,wk inc flu hosp,2,2026-09-12,23,quantile,0.025,0
2026-08-29,wk inc flu hosp,2,2026-09-12,23,quantile,0.05,0
2026-08-29,wk inc flu hosp,2,2026-09-12,23,quantile,0.1,0
2026-08-29,wk inc flu hosp,2,2026-09-12,23,quantile,0.15,0
2026-08-29,wk inc flu hosp,2,2026-09-12,23,quantile,0.2,0
2026-08-29,wk inc flu hosp,2,2026-09-12,23,quantile,0.25,0
2026-08-29,wk inc flu hosp,2,2026-09-12,23,quantile,0.3,6.066556440553037e-4
2026-08-29,wk inc flu hosp,2,2026-09-12,23,quantile,0.35,0.005198935780949992
2026-08-29,wk inc flu hosp,2,2026-09-12,23,quantile,0.4,0.010844859752590265
2026-08-29,wk inc flu hosp,2,2026-09-12,23,quantile,0.45,0.015704866284824485
2026-08-29,wk inc flu hosp,2,2026-09-12,23,quantile,0.5,0.028627935871610978
2026-08-29,wk inc flu hosp,2,2026-09-12,23,quantile,0.55,0.045824966225126655
2026-08-29,wk inc flu hosp,2,2026-09-12,23,quantile,0.6,0.0720065487077474
2026-08-29,wk inc flu hosp,2,2026-09-12,23,quantile,0.65,0.0945858279440661
2026-08-29,wk inc flu hosp,2,2026-09-12,23,quantile,0.7,0.11927491849153982
2026-08-29,wk inc flu hosp,2,2026-09-12,23,quantile,0.75,0.14316548486400701
2026-08-29,wk inc flu hosp,2,2026-09-12,23,quantile,0.8,0.252935778583728
2026-08-29,wk inc flu hosp,2,2026-09-12,23,quantile,0.85,0.31742185745338847
2026-08-29,wk inc flu hosp,2,2026-09-12,23,quantile,0.9,0.5652551201511632
2026-08-29,wk inc flu hosp,2,2026-09-12,23,quantile,0.95,1.114798677263181
2026-08-29,wk inc flu hosp,2,2026-09-12,23,quantile,0.975,1.6870030285612203
2026-08-29,wk inc flu hosp,2,2026-09-12,23,quantile,0.99,3.056221553446027
2026-08-29,wk inc flu hosp,3,2026-09-19,23,quantile,0.01,0
2026-08-29,wk inc flu hosp,3,2026-09-19,23,quantile,0.025,0
2026-08-29,wk inc flu hosp,3,2026-09-19,23,quantile,0.05,0
2026-08-29,wk inc flu hosp,3,2026-09-19,23,quantile,0.1,0
2026-08-29,wk inc flu hosp,3,2026-09-19,23,quantile,0.15,0
2026-08-29,wk inc flu hosp,3,2026-09-19,23,quantile,0.2,0.0029183639927393094
2026-08-29,wk inc flu hosp,3,2026-09-19,23,quantile,0.25,0.006262065922619889
2026-08-29,wk inc flu hosp,3,2026-09-19,23,quantile,0.3,0.012423387709753205
2026-08-29,wk inc flu hosp,3,2026-09-19,23,quantile,0.35,0.013695798022120072
2026-08-29,wk inc flu hosp,3,2026-09-19,23,quantile,0.4,0.031038647751232225
2026-08-29,wk inc flu hosp,3,2026-09-19,23,quantile,0.45,0.04473417619600132
2026-08-29,wk inc flu hosp,3,2026-09-19,23,quantile,0.5,0.0492530844490134
2026-08-29,wk inc flu hosp,3,2026-09-19,23,quantile,0.55,0.06303812001189882
2026-08-29,wk inc flu hosp,3,2026-09-19,23,quantile,0.6,0.11494570936511285
2026-08-29,wk inc flu hosp,3,2026-09-19,23,quantile,0.65,0.12755708937060253
2026-08-29,wk inc flu hosp,3,2026-09-19,23,quantile,0.7,0.15277643180385933
2026-08-29,wk inc flu hosp,3,2026-09-19,23,quantile,0.75,0.2187285583598851
2026-08-29,wk inc flu hosp,3,2026-09-19,23,quantile,0.8,0.29672346031249436
2026-08-29,wk inc flu hosp,3,2026-09-19,23,quantile,0.85,0.6051242015372239
2026-08-29,wk inc flu hosp,3,2026-09-19,23,quantile,0.9,0.7404390309934848
2026-08-29,wk inc flu hosp,3,2026-09-19,23,quantile,0.95,1.244685216237193
2026-08-29,wk inc flu hosp,3,2026-09-19,23,quantile,0.975,2.45993732405117
2026-08-29,wk inc flu hosp,3,2026-09-19,23,quantile,0.99,4.108036363900242
2026-08-29,wk inc flu hosp,-1,2026-08-22,26,quantile,0.01,0.14841054668409018
2026-08-29,wk inc flu hosp,-1,2026-08-22,26,quantile,0.025,0.21336423822147285
2026-08-29,wk inc flu hosp,-1,2026-08-22,26,quantile,0.05,0.8334749989391781
2026-08-29,wk inc flu hosp,-1,2026-08-22,26,quantile,0.1,2.151020450836931
2026-08-29,wk inc flu hosp,-1,2026-08-22,26,quantile,0.15,2.896988325307685
2026-08-29,wk inc flu hosp,-1,2026-08-22,26,quantile,0.2,3.8765084017436546
2026-08-29,wk inc flu hosp,-1,2026-08-22,26,quantile,0.25,4.512233562398461
2026-08-29,wk inc flu hosp,-1,2026-08-22,26,quantile,0.3,4.770421200194661
2026-08-29,wk inc flu hosp,-1,2026-08-22,26,quantile,0.35,5.514683876846813
2026-08-29,wk inc flu hosp,-1,2026-08-22,26,quantile,0.4,5.87499618656579
2026-08-29,wk inc flu hosp,-1,2026-08-22,26,quantile,0.45,7.00922866649472
2026-08-29,wk inc flu hosp,-1,2026-08-22,26,quantile,0.5,7.664237705250563
2026-08-29,wk inc flu hosp,-1,2026-08-22,26,quantile,0.55,8.986486156610432
2026-08-29,wk inc flu hosp,-1,2026-08-22,26,quantile,0.6,10.680696285689287
2026-08-29,wk inc flu hosp,-1,2026-08-22,26,quantile,0.65,11.299748731359916
2026-08-29,wk inc flu hosp,-1,2026-08-22,26,quantile,0.7,12.449157736851193
2026-08-29,wk inc flu hosp,-1,2026-08-22,26,quantile,0.75,14.62192793883628
2026-08-29,wk inc flu hosp,-1,2026-08-22,26,quantile,0.8,15.050749595329453
2026-08-29,wk inc flu hosp,-1,2026-08-22,26,quantile,0.85,16.87274086769542
2026-08-29,wk inc flu hosp,-1,2026-08-22,26,quantile,0.9,25.64196861004907
2026-08-29,wk inc flu hosp,-1,2026-08-22,26,quantile,0.95,31.372786270251435
2026-08-29,wk inc flu hosp,-1,2026-08-22,26,quantile,0.975,42.52058783318567
2026-08-29,wk inc flu hosp,-1,2026-08-22,26,quantile,0.99,50.657477323047594
2026-08-29,wk inc flu hosp,0,2026-08-29,26,quantile,0.01,0.7616417656314584
2026-08-29,wk inc flu hosp,0,2026-08-29,26,quantile,0.025,1.5611483919847893
2026-08-29,wk inc flu hosp,0,2026-08-29,26,quantile,0.05,2.084127298712011
2026-08-29,wk inc flu hosp,0,2026-08-29,26,quantile,0.1,4.999315853589995
2026-08-29,wk inc flu hosp,0,2026-08-29,26,quantile,0.15,10.537747601731546
2026-08-29,wk inc flu hosp,0,2026-08-29,26,quantile,0.2,15.171285531658809
2026-08-29,wk inc flu hosp,0,2026-08-29,26,quantile,0.25,22.120160363501096
2026-08-29,wk inc flu hosp,0,2026-08-29,26,quantile,0.3,24.11800730342051
2026-08-29,wk inc flu hosp,0,2026-08-29,26,quantile,0.35,24.434934086197917
2026-08-29,wk inc flu hosp,0,2026-08-29,26,quantile,0.4,25.489041644910063
2026-08-29,wk inc flu hosp,0,2026-08-29,26,quantile,0.45,27.17233545400837
2026-08-29,wk inc flu hosp,0,2026-08-29,26,quantile,0.5,27.4561055554137
2026-08-29,wk inc flu hosp,0,2026-08-29,26,quantile,0.55,28.35093046998992
2026-08-29,wk inc flu hosp,0,2026-08-29,26,quantile,0.6,28.39650597912638
2026-08-29,wk inc flu hosp,0,2026-08-29,26,quantile,0.65,29.07036331659895
2026-08-29,wk inc flu hosp,0,2026-08-29,26,quantile,0.7,31.632247004895703
2026-08-29,wk inc flu hosp,0,2026-08-29,26,quantile,0.75,32.24683044158041
2026-08-29,wk inc flu hosp,0,2026-08-29,26,quantile,0.8,33.806755370538696
2026-08-29,wk inc flu hosp,0,2026-08-29,26,quantile,0.85,35.22416062248865
2026-08-29,wk inc flu hosp,0,2026-08-29,26,quantile,0.9,41.83058490316324
2026-08-29,wk inc flu hosp,0,2026-08-29,26,quantile,0.95,45.465002594238534
2026-08-29,wk inc flu hosp,0,2026-08-29,26,quantile,0.975,52.53734418208889
2026-08-29,wk inc flu hosp,0,2026-08-29,26,quantile,0.99,64.73458481584804
2026-08-29,wk inc flu hosp,1,2026-09-05,26,quantile,0.01,0.2653877966287982
2026-08-29,wk inc flu hosp,1,2026-09-05,26,quantile,0.025,1.133234976107385
2026-08-29,wk inc flu hosp,1,2026-09-05,26,quantile,0.05,1.4096180172322135
2026-08-29,wk inc flu hosp,1,2026-09-05,26,quantile,0.1,5.797486168637727
2026-08-29,wk inc flu hosp,1,2026-09-05,26,quantile,0.15,7.702450595036325
2026-08-29,wk inc flu hosp,1,2026-09-05,26,quantile,0.2,10.182639634173519
2026-08-29,wk inc flu hosp,1,2026-09-05,26,quantile,0.25,13.527573012150063
2026-08-29,wk inc flu hosp,1,2026-09-05,26,quantile,0.3,14.059110230578156
2026-08-29,wk inc flu hosp,1,2026-09-05,26,quantile,0.35,14.862465540928913
2026-08-29,wk inc flu hosp,1,2026-09-05,26,quantile,0.4,15.7701695947686
2026-08-29,wk inc flu hosp,1,2026-09-05,26,quantile,0.45,16.383948278862512
2026-08-29,wk inc flu hosp,1,2026-09-05,26,quantile,0.5,18.383879094788412
2026-08-29,wk inc flu hosp,1,2026-09-05,26,quantile,0.55,18.91250214567451
2026-08-29,wk inc flu hosp,1,2026-09-05,26,quantile,0.6,23.096144413007675
2026-08-29,wk inc flu hosp,1,2026-09-05,26,quantile,0.65,23.340262517182374
2026-08-29,wk inc flu hosp,1,2026-09-05,26,quantile,0.7,24.223327614030538
2026-08-29,wk inc flu hosp,1,2026-09-05,26,quantile,0.75,27.047395747897404
2026-08-29,wk inc flu hosp,1,2026-09-05,26,quantile,0.8,29.707308143187287
2026-08-29,wk inc flu hosp,1,2026-09-05,26,quantile,0.85,34.672640587137224
2026-08-29,wk inc flu hosp,1,2026-09-05,26,quantile,0.9,39.39850213401458
2026-08-29,wk inc flu hosp,1,2026-09-05,26,quantile,0.95,46.794094800190706
2026-08-29,wk inc flu hosp,1,2026-09-05,26,quantile,0.975,67.74810068207731
2026-08-29,wk inc flu hosp,1,2026-09-05,26,quantile,0.99,83.4054772828927
2026-08-29,wk inc flu hosp,2,2026-09-12,26,quantile,0.01,1.7891949240450742
2026-08-29,wk inc flu hosp,2,2026-09-12,26,quantile,0.025,1.924030796234933
2026-08-29,wk inc flu hosp,2,2026-09-12,26,quantile,0.05,2.3814074960536
2026-08-29,wk inc flu hosp,2,2026-09-12,26,quantile,0.1,3.630270544965434
2026-08-29,wk inc flu hosp,2,2026-09-12,26,quantile,0.15,8.909094625637046
2026-08-29,wk inc flu hosp,2,2026-09-12,26,quantile,0.2,16.758002301762847
2026-08-29,wk inc flu hosp,2,2026-09-12,26,quantile,0.25,20.55262535546971
2026-08-29,wk inc flu hosp,2,2026-09-12,26,quantile,0.3,21.656666755019167
2026-08-29,wk inc flu hosp,2,2026-09-12,26,quantile,0.35,22.28523951724514
2026-08-29,wk inc flu hosp,2,2026-09-12,26,quantile,0.4,22.69952076521564
2026-08-29,wk inc flu hosp,2,2026-09-12,26,quantile,0.45,26.53558959834697
2026-08-29,wk inc flu hosp,2,2026-09-12,26,quantile,0.5,28.368362827299965
2026-08-29,wk inc flu hosp,2,2026-09-12,26,quantile,0.55,28.712101901746443
2026-08-29,wk inc flu hosp,2,2026-09-12,26,quantile,0.6,28.833430418662847
2026-08-29,wk inc flu hosp,2,2026-09-12,26,quantile,0.65,29.232452908840422
2026-08-29,wk inc flu hosp,2,2026-09-12,26,quantile,0.7,29.36937104941531
2026-08-29,wk inc flu hosp,2,2026-09-12,26,quantile,0.75,29.761650057915983
2026-08-29,wk inc flu hosp,2,2026-09-12,26,quantile,0.8,29.885451504341113
2026-08-29,wk inc flu hosp,2,2026-09-12,26,quantile,0.85,31.282064846147648
2026-08-29,wk inc flu hosp,2,2026-09-12,26,quantile,0.9,34.216910091661944
2026-08-29,wk inc flu hosp,2,2026-09-12,26,quantile,0.95,44.844941168138014
2026-08-29,wk inc flu hosp,2,2026-09-12,26,quantile,0.975,59.814377536580345
2026-08-29,wk inc flu hosp,2,2026-09-12,26,quantile,0.99,94.32325813330641
2026-08-29,wk inc flu hosp,3,2026-09-19,26,quantile,0.01,0.060600667686931675
2026-08-29,wk inc flu hosp,3,2026-09-19,26,quantile,0.025,1.240917974579948
2026-08-29,wk inc flu hosp,3,2026-09-19,26,quantile,0.05,1.7901079221544032
2026-08-29,wk inc flu hosp,3,2026-09-19,26,quantile,0.1,3.55996648343916
2026-08-29,wk inc flu hosp,3,2026-09-19,26,quantile,0.15,7.597014078949485
2026-08-29,wk inc flu hosp,3,2026-09-19,26,quantile,0.2,13.656761173300017
2026-08-29,wk inc flu hosp,3,2026-09-19,26,quantile,0.25,14.544803620019085
2026-08-29,wk inc flu hosp,3,2026-09-19,26,quantile,0.3,16.12084165154145
2026-08-29,wk inc flu hosp,3,2026-09-19,26,quantile,0.35,16.568630167126067
2026-08-29,wk inc flu hosp,3,2026-09-19,26,quantile,0.4,18.901294690760146
2026-08-29,wk inc flu hosp,3,2026-09-19,26,quantile,0.45,19.59016273799744
2026-08-29,wk inc flu hosp,3,2026-09-19,26,quantile,0.5,20.124852271127963
2026-08-29,wk inc flu hosp,3,2026-09-19,26,quantile,0.55,21.55364860812019
2026-08-29,wk inc flu hosp,3,2026-09-19,26,quantile,0.6,26.98524483772703
2026-08-29,wk inc flu hosp,3,2026-09-19,26,quantile,0.65,28.544758788732103
2026-08-29,wk inc flu hosp,3,2026-09-19,26,quantile,0.7,28.77533871400763
2026-08-29,wk inc flu hosp,3,2026-09-19,26,quantile,0.75,29.131984370565572
2026-08-29,wk inc flu hosp,3,2026-09-19,26,quantile,0.8,32.63022448397291
2026-08-29,wk inc flu hosp,3,2026-09-19,26,quantile,0.85,54.310089844882754
2026-08-29,wk inc flu hosp,3,2026-09-19,26,quantile,0.9,64.39350118143408
2026-08-29,wk inc flu hosp,3,2026-09-19,26,quantile,0.95,83.16594495895053
2026-08-29,wk inc flu hosp,3,2026-09-19,26,quantile,0.975,109.30479024448157
2026-08-29,wk inc flu hosp,3,2026-09-19,26,quantile,0.99,173.01328432948495
2026-08-29,wk inc flu hosp,-1,2026-08-22,27,quantile,0.01,0
2026-08-29,wk inc flu hosp,-1,2026-08-22,27,quantile,0.025,0
2026-08-29,wk inc flu hosp,-1,2026-08-22,27,quantile,0.05,0.02857917604276936
2026-08-29,wk inc flu hosp,-1,2026-08-22,27,quantile,0.1,0.1585345237512061
2026-08-29,wk inc flu hosp,-1,2026-08-22,27,quantile,0.15,0.24835476947215274
2026-08-29,wk inc flu hosp,-1,2026-08-22,27,quantile,0.2,0.2653751268853902
2026-08-29,wk inc flu hosp,-1,2026-08-22,27,quantile,0.25,0.6358907222938636
2026-08-29,wk inc flu hosp,-1,2026-08-22,27,quantile,0.3,0.681768642944132
2026-08-29,wk inc flu hosp,-1,2026-08-22,27,quantile,0.35,0.754447772764874
2026-08-29,wk inc flu hosp,-1,2026-08-22,27,quantile,0.4,0.7961421923920574
2026-08-29,wk inc flu hosp,-1,2026-08-22,27,quantile,0.45,0.8209727859048681
2026-08-29,wk inc flu hosp,-1,2026-08-22,27,quantile,0.5,0.8312919832413972
2026-08-29,wk inc flu hosp,-1,2026-08-22,27,quantile,0.55,0.8352479057328532
2026-08-29,wk inc flu hosp,-1,2026-08-22,27,quantile,0.6,0.8413064645685722
2026-08-29,wk inc flu hosp,-1,2026-08-22,27,quantile,0.65,0.9385854828266991
2026-08-29,wk inc flu hosp,-1,2026-08-22,27,quantile,0.7,1.274138400675013
2026-08-29,wk inc flu hosp,-1,2026-08-22,27,quantile,0.75,2.063171654109026
2026-08-29,wk inc flu hosp,-1,2026-08-22,27,quantile,0.8,2.3141011260936843
2026-08-29,wk inc flu hosp,-1,2026-08-22,27,quantile,0.85,2.537525055922144
2026-08-29,wk inc flu hosp,-1,2026-08-22,27,quantile,0.9,4.251180303766392
2026-08-29,wk inc flu hosp,-1,2026-08-22,27,quantile,0.95,6.869661025476259
2026-08-29,wk inc flu hosp,-1,2026-08-22,27,quantile,0.975,12.625743884545427
2026-08-29,wk inc flu hosp,-1,2026-08-22,27,quantile,0.99,18.12356376348987
2026-08-29,wk inc flu hosp,0,2026-08-29,27,quantile,0.01,0.016967166492469023
2026-08-29,wk inc flu hosp,0,2026-08-29,27,quantile,0.025,0.09907307983377449
2026-08-29,wk inc flu hosp,0,2026-08-29,27,quantile,0.05,0.12036354155498963
2026-08-29,wk inc flu hosp,0,2026-08-29,27,quantile,0.1,0.4407904538107324
2026-08-29,wk inc flu hosp,0,2026-08-29,27,quantile,0.15,0.9037624268049911
2026-08-29,wk inc flu hosp,0,2026-08-29,27,quantile,0.2,1.1799916213215667
2026-08-29,wk inc flu hosp,0,2026-08-29,27,quantile,0.25,1.4029287674677182
2026-08-29,wk inc flu hosp,0,2026-08-29,27,quantile,0.3,1.5568701799920537
2026-08-29,wk inc flu hosp,0,2026-08-29,27,quantile,0.35,1.8763300955935536
2026-08-29,wk inc flu hosp,0,2026-08-29,27,quantile,0.4,2.097603929897292
2026-08-29,wk inc flu hosp,0,2026-08-29,27,quantile,0.45,2.77689550464806
2026-08-29,wk inc flu hosp,0,2026-08-29,27,quantile,0.5,3.0390061666451547
2026-08-29,wk inc flu hosp,0,2026-08-29,27,quantile,0.55,3.4187112618815574
2026-08-29,wk inc flu hosp,0,2026-08-29,27,quantile,0.6,4.004350923657912
2026-08-29,wk inc flu hosp,0,2026-08-29,27,quantile,0.65,4.683893722609842
2026-08-29,wk inc flu hosp,0,2026-08-29,27,quantile,0.7,5.416586544060803
2026-08-29,wk inc flu hosp,0,2026-08-29,27,quantile,0.75,6.242810231635726
2026-08-29,wk inc flu hosp,0,2026-08-29,27,quantile,0.8,7.104781860757645
2026-08-29,wk inc flu hosp,0,2026-08-29,27,quantile,0.85,7.937574026371104
2026-08-29,wk inc flu hosp,0,2026-08-29,27,quantile,0.9,9.945150245395022
2026-08-29,wk inc flu hosp,0,2026-08-29,27,quantile,0.95,13.56240335065732
2026-08-29,wk inc flu hosp,0,2026-08-29,27,quantile,0.975,19.49717496979507
2026-08-29,wk inc flu hosp,0,2026-08-29,27,quantile,0.99,23.216159949181616
2026-08-29,wk inc flu hosp,1,2026-09-05,27,quantile,0.01,0.024686394833537496
2026-08-29,wk inc flu hosp,1,2026-09-05,27,quantile,0.025,0.0833935589081984
2026-08-29,wk inc flu hosp,1,2026-09-05,27,quantile,0.05,0.12681965467267306
2026-08-29,wk inc flu hosp,1,2026-09-05,27,quantile,0.1,0.5487329124641983
2026-08-29,wk inc flu hosp,1,2026-09-05,27,quantile,0.15,0.9667173579389877
2026-08-29,wk inc flu hosp,1,2026-09-05,27,quantile,0.2,1.5602167562999705
2026-08-29,wk inc flu hosp,1,2026-09-05,27,quantile,0.25,1.9158038251516225
2026-08-29,wk inc flu hosp,1,2026-09-05,27,quantile,0.3,2.2675899409376226
2026-08-29,wk inc flu hosp,1,2026-09-05,27,quantile,0.35,2.608253727677971
2026-08-29,wk inc flu hosp,1,2026-09-05,27,quantile,0.4,3.062405211995069
2026-08-29,wk inc flu hosp,1,2026-09-05,27,quantile,0.45,3.4653223535055417
2026-08-29,wk inc flu hosp,1,2026-09-05,27,quantile,0.5,4.1143779552024755
2026-08-29,wk inc flu hosp,1,2026-09-05,27,quantile,0.55,4.2250147418118145
2026-08-29,wk inc flu hosp,1,2026-09-05,27,quantile,0.6,4.7301667265198155
2026-08-29,wk inc flu hosp,1,2026-09-05,27,quantile,0.65,4.817473738972
2026-08-29,wk inc flu hosp,1,2026-09-05,27,quantile,0.7,4.896263018834741
2026-08-29,wk inc flu hosp,1,2026-09-05,27,quantile,0.75,6.3756443748899265
2026-08-29,wk inc flu hosp,1,2026-09-05,27,quantile,0.8,7.00525166915942
2026-08-29,wk inc flu hosp,1,2026-09-05,27,quantile,0.85,8.346573675183325
2026-08-29,wk inc flu hosp,1,2026-09-05,27,quantile,0.9,11.097002333742722
2026-08-29,wk inc flu hosp,1,2026-09-05,27,quantile,0.95,17.32010901245073
2026-08-29,wk inc flu hosp,1,2026-09-05,27,quantile,0.975,20.443400249495543
2026-08-29,wk inc flu hosp,1,2026-09-05,27,quantile,0.99,28.447859591132584
2026-08-29,wk inc flu hosp,2,2026-09-12,27,quantile,0.01,0
2026-08-29,wk inc flu hosp,2,2026-09-12,27,quantile,0.025,0
2026-08-29,wk inc flu hosp,2,2026-09-12,27,quantile,0.05,0.03474575980289624
2026-08-29,wk inc flu hosp,2,2026-09-12,27,quantile,0.1,0.0914390541513542
2026-08-29,wk inc flu hosp,2,2026-09-12,27,quantile,0.15,0.2968122089771811
2026-08-29,wk inc flu hosp,2,2026-09-12,27,quantile,0.2,0.5593588737660228
2026-08-29,wk inc flu hosp,2,2026-09-12,27,quantile,0.25,0.825413891321581
2026-08-29,wk inc flu hosp,2,2026-09-12,27,quantile,0.3,1.1873422985407074
2026-08-29,wk inc flu hosp,2,2026-09-12,27,quantile,0.35,1.541423170066669
2026-08-29,wk inc flu hosp,2,2026-09-12,27,quantile,0.4,1.6736815196220676
2026-08-29,wk inc flu hosp,2,2026-09-12,27,quantile,0.45,1.8722725586120228
2026-08-29,wk inc flu hosp,2,2026-09-12,27,quantile,0.5,2.179724098283518
2026-08-29,wk inc flu hosp,2,2026-09-12,27,quantile,0.55,2.4541060364298795
2026-08-29,wk inc flu hosp,2,2026-09-12,27,quantile,0.6,3.016837576545537
2026-08-29,wk inc flu hosp,2,2026-09-12,27,quantile,0.65,3.2343705534290734
2026-08-29,wk inc flu hosp,2,2026-09-12,27,quantile,0.7,3.7067309742080727
2026-08-29,wk inc flu hosp,2,2026-09-12,27,quantile,0.75,3.9841450723119274
2026-08-29,wk inc flu hosp,2,2026-09-12,27,quantile,0.8,5.417460695906181
2026-08-29,wk inc flu hosp,2,2026-09-12,27,quantile,0.85,6.63096194647446
2026-08-29,wk inc flu hosp,2,2026-09-12,27,quantile,0.9,8.738938080812487
2026-08-29,wk inc flu hosp,2,2026-09-12,27,quantile,0.95,12.070383645147748
2026-08-29,wk inc flu hosp,2,2026-09-12,27,quantile,0.975,15.798245940167092
2026-08-29,wk inc flu hosp,2,2026-09-12,27,quantile,0.99,19.073444812636396
2026-08-29,wk inc flu hosp,3,2026-09-19,27,quantile,0.01,0
2026-08-29,wk inc flu hosp,3,2026-09-19,27,quantile,0.025,0.10040002458730497
2026-08-29,wk inc flu hosp,3,2026-09-19,27,quantile,0.05,0.13655695600996787
2026-08-29,wk inc flu hosp,3,2026-09-19,27,quantile,0.1,0.293264540873516
2026-08-29,wk inc flu hosp,3,2026-09-19,27,quantile,0.15,0.7035373315140578
2026-08-29,wk inc flu hosp,3,2026-09-19,27,quantile,0.2,1.1507500555411168
2026-08-29,wk inc flu hosp,3,2026-09-19,27,quantile,0.25,1.616258282092078
2026-08-29,wk inc flu hosp,3,2026-09-19,27,quantile,0.3,2.104140199265538
2026-08-29,wk inc flu hosp,3,2026-09-19,27,quantile,0.35,2.4570999925250216
2026-08-29,wk inc flu hosp,3,2026-09-19,27,quantile,0.4,3.12121138311942
2026-08-29,wk inc flu hosp,3,2026-09-19,27,quantile,0.45,3.236738314843532
2026-08-29,wk inc flu hosp,3,2026-09-19,27,quantile,0.5,3.563428865032581
2026-08-29,wk inc flu hosp,3,2026-09-19,27,quantile,0.55,3.773540963129087
2026-08-29,wk inc flu hosp,3,2026-09-19,27,quantile,0.6,3.94620217726547
2026-08-29,wk inc flu hosp,3,2026-09-19,27,quantile,0.65,4.427691493747897
2026-08-29,wk inc flu hosp,3,2026-09-19,27,quantile,0.7,4.706029303788597
2026-08-29,wk inc flu hosp,3,2026-09-19,27,quantile,0.75,5.33489680766475
2026-08-29,wk inc flu hosp,3,2026-09-19,27,quantile,0.8,5.953267005748332
2026-08-29,wk inc flu hosp,3,2026-09-19,27,quantile,0.85,8.306014821953175
2026-08-29,wk inc flu hosp,3,2026-09-19,27,quantile,0.9,9.954052310243526
2026-08-29,wk inc flu hosp,3,2026-09-19,27,quantile,0.95,15.058106723797236
2026-08-29,wk inc flu hosp,3,2026-09-19,27,quantile,0.975,20.855940940579032
2026-08-29,wk inc flu hosp,3,2026-09-19,27,quantile,0.99,36.710041743468885
2026-08-29,wk inc flu hosp,-1,2026-08-22,29,quantile,0.01,0.08161502759890742
2026-08-29,wk inc flu hosp,-1,2026-08-22,29,quantile,0.025,0.34805295941149367
2026-08-29,wk inc flu hosp,-1,2026-08-22,29,quantile,0.05,0.8973532505149615
2026-08-29,wk inc flu hosp,-1,2026-08-22,29,quantile,0.1,2.780217350453064
2026-08-29,wk inc flu hosp,-1,2026-08-22,29,quantile,0.15,4.5043681200249015
2026-08-29,wk inc flu hosp,-1,2026-08-22,29,quantile,0.2,5.625890009843468
2026-08-29,wk inc flu hosp,-1,2026-08-22,29,quantile,0.25,6.479908949148409
2026-08-29,wk inc flu hosp,-1,2026-08-22,29,quantile,0.3,7.2048069687719485
2026-08-29,wk inc flu hosp,-1,2026-08-22,29,quantile,0.35,7.717248429384429
2026-08-29,wk inc flu hosp,-1,2026-08-22,29,quantile,0.4,8.33219122040322
2026-08-29,wk inc flu hosp,-1,2026-08-22,29,quantile,0.45,8.846454562729006
2026-08-29,wk inc flu hosp,-1,2026-08-22,29,quantile,0.5,9.29970153609848
2026-08-29,wk inc flu hosp,-1,2026-08-22,29,quantile,0.55,9.719696473191501
2026-08-29,wk inc flu hosp,-1,2026-08-22,29,quantile,0.6,10.208179567290193
2026-08-29,wk inc flu hosp,-1,2026-08-22,29,quantile,0.65,10.663712072255493
2026-08-29,wk inc flu hosp,-1,2026-08-22,29,quantile,0.7,11.50751783177589
2026-08-29,wk inc flu hosp,-1,2026-08-22,29,quantile,0.75,12.48057864219489
2026-08-29,wk inc flu hosp,-1,2026-08-22,29,quantile,0.8,13.913824818097362
2026-08-29,wk inc flu hosp,-1,2026-08-22,29,quantile,0.85,15.829027845693652
2026-08-29,wk inc flu hosp,-1,2026-08-22,29,quantile,0.9,18.813215628432303
2026-08-29,wk inc flu hosp,-1,2026-08-22,29,quantile,0.95,25.345366782483243
2026-08-29,wk inc flu hosp,-1,2026-08-22,29,quantile,0.975,34.17039644727522
2026-08-29,wk inc flu hosp,-1,2026-08-22,29,quantile,0.99,49.152483603791524
2026-08-29,wk inc flu hosp,0,2026-08-29,29,quantile,0.01,0.040744743264384715
2026-08-29,wk inc flu hosp,0,2026-08-29,29,quantile,0.025,0.20178456631118968
2026-08-29,wk inc flu hosp,0,2026-08-29,29,quantile,0.05,0.7314732237702164
2026-08-29,wk inc flu hosp,0,2026-08-29,29,quantile,0.1,1.6699944752161953
2026-08-29,wk inc flu hosp,0,2026-08-29,29,quantile,0.15,2.5901567238713716
2026-08-29,wk inc flu hosp,0,2026-08-29,29,quantile,0.2,3.246572549436345
2026-08-29,wk inc flu hosp,0,2026-08-29,29,quantile,0.25,3.757437489994463
2026-08-29,wk inc flu hosp,0,2026-08-29,29,quantile,0.3,4.144098559095717
2026-08-29,wk inc flu hosp,0,2026-08-29,29,quantile,0.35,4.468582808912877
2026-08-29,wk inc flu hosp,0,2026-08-29,29,quantile,0.4,4.831058835865981
2026-08-29,wk inc flu hosp,0,2026-08-29,29,quantile,0.45,5.074227309078595
2026-08-29,wk inc flu hosp,0,2026-08-29,29,quantile,0.5,5.507244685018511
2026-08-29,wk inc flu hosp,0,2026-08-29,29,quantile,0.55,5.856605208870551
2026-08-29,wk inc flu hosp,0,2026-08-29,29,quantile,0.6,6.211336599076996
2026-08-29,wk inc flu hosp,0,2026-08-29,29,quantile,0.65,6.793216654019463
2026-08-29,wk inc flu hosp,0,2026-08-29,29,quantile,0.7,7.727007608214463
2026-08-29,wk inc flu hosp,0,2026-08-29,29,quantile,0.75,8.799733431423045
2026-08-29,wk inc flu hosp,0,2026-08-29,29,quantile,0.8,10.333368962138202
2026-08-29,wk inc flu hosp,0,2026-08-29,29,quantile,0.85,12.174217030556884
2026-08-29,wk inc flu hosp,0,2026-08-29,29,quantile,0.9,15.033445312335262
2026-08-29,wk inc flu hosp,0,2026-08-29,29,quantile,0.95,21.376673909823573
2026-08-29,wk inc flu hosp,0,2026-08-29,29,quantile,0.975,28.071071154322457
2026-08-29,wk inc flu hosp,0,2026-08-29,29,quantile,0.99,46.742575096620406
2026-08-29,wk inc flu hosp,1,2026-09-05,29,quantile,0.01,0.054588610438524976
2026-08-29,wk inc flu hosp,1,2026-09-05,29,quantile,0.025,0.18481503353116757
2026-08-29,wk inc flu hosp,1,2026-09-05,29,quantile,0.05,0.5172604588475188
2026-08-29,wk inc flu hosp,1,2026-09-05,29,quantile,0.1,1.537208903154762
2026-08-29,wk inc flu hosp,1,2026-09-05,29,quantile,0.15,2.4906331593277584
2026-08-29,wk inc flu hosp,1,2026-09-05,29,quantile,0.2,3.191372609339894
2026-08-29,wk inc flu hosp,1,2026-09-05,29,quantile,0.25,3.765724864034987
2026-08-29,wk inc flu hosp,1,2026-09-05,29,quantile,0.3,4.2749923035624375
2026-08-29,wk inc flu hosp,1,2026-09-05,29,quantile,0.35,4.726300234490686
2026-08-29,wk inc flu hosp,1,2026-09-05,29,quantile,0.4,5.084826800215924
2026-08-29,wk inc flu hosp,1,2026-09-05,29,quantile,0.45,5.483661070244972
2026-08-29,wk inc flu hosp,1,2026-09-05,29,quantile,0.5,5.780886017894589
2026-08-29,wk inc flu hosp,1,2026-09-05,29,quantile,0.55,6.361127620910666
2026-08-29,wk inc flu hosp,1,2026-09-05,29,quantile,0.6,6.929298243842918
2026-08-29,wk inc flu hosp,1,2026-09-05,29,quantile,0.65,7.673599218468317
2026-08-29,wk inc flu hosp,1,2026-09-05,29,quantile,0.7,8.542833044157453
2026-08-29,wk inc flu hosp,1,2026-09-05,29,quantile,0.75,9.834009655204031
2026-08-29,wk inc flu hosp,1,2026-09-05,29,quantile,0.8,11.25773517669684
2026-08-29,wk inc flu hosp,1,2026-09-05,29,quantile,0.85,13.509430529382442
2026-08-29,wk inc flu hosp,1,2026-09-05,29,quantile,0.9,16.938005428519652
2026-08-29,wk inc flu hosp,1,2026-09-05,29,quantile,0.95,24.295903883036022
2026-08-29,wk inc flu hosp,1,2026-09-05,29,quantile,0.975,34.73470330988696
2026-08-29,wk inc flu hosp,1,2026-09-05,29,quantile,0.99,56.152365859134555
2026-08-29,wk inc flu hosp,2,2026-09-12,29,quantile,0.01,0.038951602825061896
2026-08-29,wk inc flu hosp,2,2026-09-12,29,quantile,0.025,0.1731616430897693
2026-08-29,wk inc flu hosp,2,2026-09-12,29,quantile,0.05,0.4356160893572976
2026-08-29,wk inc flu hosp,2,2026-09-12,29,quantile,0.1,1.4130545763513083
2026-08-29,wk inc flu hosp,2,2026-09-12,29,quantile,0.15,2.423727073366128
2026-08-29,wk inc flu hosp,2,2026-09-12,29,quantile,0.2,3.0588720889009724
2026-08-29,wk inc flu hosp,2,2026-09-12,29,quantile,0.25,3.583699749089945
2026-08-29,wk inc flu hosp,2,2026-09-12,29,quantile,0.3,4.128687138826674
2026-08-29,wk inc flu hosp,2,2026-09-12,29,quantile,0.35,4.465205383266691
2026-08-29,wk inc flu hosp,2,2026-09-12,29,quantile,0.4,4.829351817074688
2026-08-29,wk inc flu hosp,2,2026-09-12,29,quantile,0.45,5.1365086670428335
2026-08-29,wk inc flu hosp,2,2026-09-12,29,quantile,0.5,5.68268501193871
2026-08-29,wk inc flu hosp,2,2026-09-12,29,quantile,0.55,6.262249603873086
2026-08-29,wk inc flu hosp,2,2026-09-12,29,quantile,0.6,6.962274626786169
2026-08-29,wk inc flu hosp,2,2026-09-12,29,quantile,0.65,7.8748971206518386
2026-08-29,wk inc flu hosp,2,2026-09-12,29,quantile,0.7,9.067223582041205
2026-08-29,wk inc flu hosp,2,2026-09-12,29,quantile,0.75,10.49986990987303
2026-08-29,wk inc flu hosp,2,2026-09-12,29,quantile,0.8,12.382709990733549
2026-08-29,wk inc flu hosp,2,2026-09-12,29,quantile,0.85,15.188577874417716
2026-08-29,wk inc flu hosp,2,2026-09-12,29,quantile,0.9,19.434003667018565
2026-08-29,wk inc flu hosp,2,2026-09-12,29,quantile,0.95,30.128428081884426
2026-08-29,wk inc flu hosp,2,2026-09-12,29,quantile,0.975,47.16968524378152
2026-08-29,wk inc flu hosp,2,2026-09-12,29,quantile,0.99,66.38107395430295
2026-08-29,wk inc flu hosp,3,2026-09-19,29,quantile,0.01,0.029329085697377695
2026-08-29,wk inc flu hosp,3,2026-09-19,29,quantile,0.025,0.16465747381683266
2026-08-29,wk inc flu hosp,3,2026-09-19,29,quantile,0.05,0.35780563331823595
2026-08-29,wk inc flu hosp,3,2026-09-19,29,quantile,0.1,1.3650570794076617
2026-08-29,wk inc flu hosp,3,2026-09-19,29,quantile,0.15,2.1651699905154898
2026-08-29,wk inc flu hosp,3,2026-09-19,29,quantile,0.2,2.78686612632936
2026-08-29,wk inc flu hosp,3,2026-09-19,29,quantile,0.25,3.341722369231241
2026-08-29,wk inc flu hosp,3,2026-09-19,29,quantile,0.3,3.72654318451522
2026-08-29,wk inc flu hosp,3,2026-09-19,29,quantile,0.35,4.203492311017624
2026-08-29,wk inc flu hosp,3,2026-09-19,29,quantile,0.4,4.547368968330649
2026-08-29,wk inc flu hosp,3,2026-09-19,29,quantile,0.45,5.073774198852158
2026-08-29,wk inc flu hosp,3,2026-09-19,29,quantile,0.5,5.689607797361415
2026-08-29,wk inc flu hosp,3,2026-09-19,29,quantile,0.55,6.430743444806578
2026-08-29,wk inc flu hosp,3,2026-09-19,29,quantile,0.6,7.1839475545195715
2026-08-29,wk inc flu hosp,3,2026-09-19,29,quantile,0.65,8.367010810854993
2026-08-29,wk inc flu hosp,3,2026-09-19,29,quantile,0.7,9.881327263997033
2026-08-29,wk inc flu hosp,3,2026-09-19,29,quantile,0.75,11.540573899962949
2026-08-29,wk inc flu hosp,3,2026-09-19,29,quantile,0.8,13.865846278782524
2026-08-29,wk inc flu hosp,3,2026-09-19,29,quantile,0.85,17.59709541615795
2026-08-29,wk inc flu hosp,3,2026-09-19,29,quantile,0.9,23.751003929777124
2026-08-29,wk inc flu hosp,3,2026-09-19,29,quantile,0.95,43.16846979953359
2026-08-29,wk inc flu hosp,3,2026-09-19,29,quantile,0.975,64.84197982823883
2026-08-29,wk inc flu hosp,3,2026-09-19,29,quantile,0.99,111.60968473495657
2026-08-29,wk inc flu hosp,-1,2026-08-22,28,quantile,0.01,1.5139860322583603
2026-08-29,wk inc flu hosp,-1,2026-08-22,28,quantile,0.025,1.806773322843522
2026-08-29,wk inc flu hosp,-1,2026-08-22,28,quantile,0.05,2.4403446403167393
2026-08-29,wk inc flu hosp,-1,2026-08-22,28,quantile,0.1,3.851761134765758
2026-08-29,wk inc flu hosp,-1,2026-08-22,28,quantile,0.15,5.134749002497585
2026-08-29,wk inc flu hosp,-1,2026-08-22,28,quantile,0.2,6.085914675395183
2026-08-29,wk inc flu hosp,-1,2026-08-22,28,quantile,0.25,6.6613298288512715
2026-08-29,wk inc flu hosp,-1,2026-08-22,28,quantile,0.3,6.924799553838134
2026-08-29,wk inc flu hosp,-1,2026-08-22,28,quantile,0.35,7.48732179004397
2026-08-29,wk inc flu hosp,-1,2026-08-22,28,quantile,0.4,7.909591692120102
2026-08-29,wk inc flu hosp,-1,2026-08-22,28,quantile,0.45,8.374748032226314
2026-08-29,wk inc flu hosp,-1,2026-08-22,28,quantile,0.5,8.985010214456276
2026-08-29,wk inc flu hosp,-1,2026-08-22,28,quantile,0.55,9.62694707767196
2026-08-29,wk inc flu hosp,-1,2026-08-22,28,quantile,0.6,10.320285494563441
2026-08-29,wk inc flu hosp,-1,2026-08-22,28,quantile,0.65,10.949119830946007
2026-08-29,wk inc flu hosp,-1,2026-08-22,28,quantile,0.7,11.33411294887207
2026-08-29,wk inc flu hosp,-1,2026-08-22,28,quantile,0.75,12.297358682552106
2026-08-29,wk inc flu hosp,-1,2026-08-22,28,quantile,0.8,13.038103889146777
2026-08-29,wk inc flu hosp,-1,2026-08-22,28,quantile,0.85,14.099987095548107
2026-08-29,wk inc flu hosp,-1,2026-08-22,28,quantile,0.9,17.205776571750082
2026-08-29,wk inc flu hosp,-1,2026-08-22,28,quantile,0.95,18.9502302931863
2026-08-29,wk inc flu hosp,-1,2026-08-22,28,quantile,0.975,23.734049873327226
2026-08-29,wk inc flu hosp,-1,2026-08-22,28,quantile,0.99,27.742911505757704
2026-08-29,wk inc flu hosp,0,2026-08-29,28,quantile,0.01,2.2904031290989644
2026-08-29,wk inc flu hosp,0,2026-08-29,28,quantile,0.025,2.5066836451619716
2026-08-29,wk inc flu hosp,0,2026-08-29,28,quantile,0.05,2.873248754045814
2026-08-29,wk inc flu hosp,0,2026-08-29,28,quantile,0.1,4.206471897261669
2026-08-29,wk inc flu hosp,0,2026-08-29,28,quantile,0.15,6.310157924352613
2026-08-29,wk inc flu hosp,0,2026-08-29,28,quantile,0.2,7.866243232010303
2026-08-29,wk inc flu hosp,0,2026-08-29,28,quantile,0.25,9.145337809787376
2026-08-29,wk inc flu hosp,0,2026-08-29,28,quantile,0.3,9.819757954001853
2026-08-29,wk inc flu hosp,0,2026-08-29,28,quantile,0.35,10.541649062943454
2026-08-29,wk inc flu hosp,0,2026-08-29,28,quantile,0.4,11.1560486124662
2026-08-29,wk inc flu hosp,0,2026-08-29,28,quantile,0.45,12.032372261799207
2026-08-29,wk inc flu hosp,0,2026-08-29,28,quantile,0.5,12.17975102216721
2026-08-29,wk inc flu hosp,0,2026-08-29,28,quantile,0.55,12.385931410362634
2026-08-29,wk inc flu hosp,0,2026-08-29,28,quantile,0.6,12.538833207244165
2026-08-29,wk inc flu hosp,0,2026-08-29,28,quantile,0.65,13.57543443338567
2026-08-29,wk inc flu hosp,0,2026-08-29,28,quantile,0.7,14.940130315713887
2026-08-29,wk inc flu hosp,0,2026-08-29,28,quantile,0.75,15.176413636184844
2026-08-29,wk inc flu hosp,0,2026-08-29,28,quantile,0.8,15.877291541815485
2026-08-29,wk inc flu hosp,0,2026-08-29,28,quantile,0.85,16.904991946222232
2026-08-29,wk inc flu hosp,0,2026-08-29,28,quantile,0.9,18.72216014855452
2026-08-29,wk inc flu hosp,0,2026-08-29,28,quantile,0.95,20.882487972545526
2026-08-29,wk inc flu hosp,0,2026-08-29,28,quantile,0.975,22.864577180997475
2026-08-29,wk inc flu hosp,0,2026-08-29,28,quantile,0.99,24.94693967316184
2026-08-29,wk inc flu hosp,1,2026-09-05,28,quantile,0.01,2.0117791954479918
2026-08-29,wk inc flu hosp,1,2026-09-05,28,quantile,0.025,2.4008935654640227
2026-08-29,wk inc flu hosp,1,2026-09-05,28,quantile,0.05,2.592544767676862
2026-08-29,wk inc flu hosp,1,2026-09-05,28,quantile,0.1,4.5464116296488575
2026-08-29,wk inc flu hosp,1,2026-09-05,28,quantile,0.15,5.934767644358257
2026-08-29,wk inc flu hosp,1,2026-09-05,28,quantile,0.2,7.481501291635851
2026-08-29,wk inc flu hosp,1,2026-09-05,28,quantile,0.25,8.56125419552698
2026-08-29,wk inc flu hosp,1,2026-09-05,28,quantile,0.3,9.010040756313371
2026-08-29,wk inc flu hosp,1,2026-09-05,28,quantile,0.35,9.461142316540041
2026-08-29,wk inc flu hosp,1,2026-09-05,28,quantile,0.4,10.230587168873022
2026-08-29,wk inc flu hosp,1,2026-09-05,28,quantile,0.45,10.593301633517928
2026-08-29,wk inc flu hosp,1,2026-09-05,28,quantile,0.5,11.760854409479936
2026-08-29,wk inc flu hosp,1,2026-09-05,28,quantile,0.55,11.930257058866324
2026-08-29,wk inc flu hosp,1,2026-09-05,28,quantile,0.6,12.76370849381787
2026-08-29,wk inc flu hosp,1,2026-09-05,28,quantile,0.65,12.917029724892409
2026-08-29,wk inc flu hosp,1,2026-09-05,28,quantile,0.7,13.050377432875747
2026-08-29,wk inc flu hosp,1,2026-09-05,28,quantile,0.75,14.349332257590943
2026-08-29,wk inc flu hosp,1,2026-09-05,28,quantile,0.8,14.935467117485956
2026-08-29,wk inc flu hosp,1,2026-09-05,28,quantile,0.85,15.923512663885656
2026-08-29,wk inc flu hosp,1,2026-09-05,28,quantile,0.9,17.6028373916138
2026-08-29,wk inc flu hosp,1,2026-09-05,28,quantile,0.95,21.49618402125992
2026-08-29,wk inc flu hosp,1,2026-09-05,28,quantile,0.975,25.93200380317931
2026-08-29,wk inc flu hosp,1,2026-09-05,28,quantile,0.99,28.545252389582433
2026-08-29,wk inc flu hosp,2,2026-09-12,28,quantile,0.01,1.5778684242516792
2026-08-29,wk inc flu hosp,2,2026-09-12,28,quantile,0.025,1.909634766471284
2026-08-29,wk inc flu hosp,2,2026-09-12,28,quantile,0.05,2.284362878240222
2026-08-29,wk inc flu hosp,2,2026-09-12,28,quantile,0.1,3.0240859051550326
2026-08-29,wk inc flu hosp,2,2026-09-12,28,quantile,0.15,4.642343297191165
2026-08-29,wk inc flu hosp,2,2026-09-12,28,quantile,0.2,6.565250641537562
2026-08-29,wk inc flu hosp,2,2026-09-12,28,quantile,0.25,7.580077296681778
2026-08-29,wk inc flu hosp,2,2026-09-12,28,quantile,0.3,8.324597309310224
2026-08-29,wk inc flu hosp,2,2026-09-12,28,quantile,0.35,8.894005959931393
2026-08-29,wk inc flu hosp,2,2026-09-12,28,quantile,0.4,9.169180061635245
2026-08-29,wk inc flu hosp,2,2026-09-12,28,quantile,0.45,9.864178159916642
2026-08-29,wk inc flu hosp,2,2026-09-12,28,quantile,0.5,10.582381221512104
2026-08-29,wk inc flu hosp,2,2026-09-12,28,quantile,0.55,10.907144154274441
2026-08-29,wk inc flu hosp,2,2026-09-12,28,quantile,0.6,11.569302262188282
2026-08-29,wk inc flu hosp,2,2026-09-12,28,quantile,0.65,11.957476667207786
2026-08-29,wk inc flu hosp,2,2026-09-12,28,quantile,0.7,12.441122989497792
2026-08-29,wk inc flu hosp,2,2026-09-12,28,quantile,0.75,12.717391153924106
2026-08-29,wk inc flu hosp,2,2026-09-12,28,quantile,0.8,13.409634684755833
2026-08-29,wk inc flu hosp,2,2026-09-12,28,quantile,0.85,14.03102771759249
2026-08-29,wk inc flu hosp,2,2026-09-12,28,quantile,0.9,15.064984914414065
2026-08-29,wk inc flu hosp,2,2026-09-12,28,quantile,0.95,18.464755147644635
2026-08-29,wk inc flu hosp,2,2026-09-12,28,quantile,0.975,21.856568450657026
2026-08-29,wk inc flu hosp,2,2026-09-12,28,quantile,0.99,24.799258384486834
2026-08-29,wk inc flu hosp,3,2026-09-19,28,quantile,0.01,0.9883480370503529
2026-08-29,wk inc flu hosp,3,2026-09-19,28,quantile,0.025,2.245853902587217
2026-08-29,wk inc flu hosp,3,2026-09-19,28,quantile,0.05,2.5028911116781982
2026-08-29,wk inc flu hosp,3,2026-09-19,28,quantile,0.1,3.6164008034081294
2026-08-29,wk inc flu hosp,3,2026-09-19,28,quantile,0.15,5.605365410338416
2026-08-29,wk inc flu hosp,3,2026-09-19,28,quantile,0.2,7.69387965637914
2026-08-29,wk inc flu hosp,3,2026-09-19,28,quantile,0.25,8.212409694642188
2026-08-29,wk inc flu hosp,3,2026-09-19,28,quantile,0.3,9.197845720943517
2026-08-29,wk inc flu hosp,3,2026-09-19,28,quantile,0.35,9.414912074854989
2026-08-29,wk inc flu hosp,3,2026-09-19,28,quantile,0.4,10.009309530652452
2026-08-29,wk inc flu hosp,3,2026-09-19,28,quantile,0.45,10.47916144384186
2026-08-29,wk inc flu hosp,3,2026-09-19,28,quantile,0.5,11.002505789442948
2026-08-29,wk inc flu hosp,3,2026-09-19,28,quantile,0.55,11.398905282805169
2026-08-29,wk inc flu hosp,3,2026-09-19,28,quantile,0.6,12.297630296661952
2026-08-29,wk inc flu hosp,3,2026-09-19,28,quantile,0.65,12.96192899325088
2026-08-29,wk inc flu hosp,3,2026-09-19,28,quantile,0.7,13.280980133692124
2026-08-29,wk inc flu hosp,3,2026-09-19,28,quantile,0.75,13.654458465512747
2026-08-29,wk inc flu hosp,3,2026-09-19,28,quantile,0.8,14.547878309167434
2026-08-29,wk inc flu hosp,3,2026-09-19,28,quantile,0.85,18.31332465344987
2026-08-29,wk inc flu hosp,3,2026-09-19,28,quantile,0.9,19.826348516029604
2026-08-29,wk inc flu hosp,3,2026-09-19,28,quantile,0.95,24.373423146158032
2026-08-29,wk inc flu hosp,3,2026-09-19,28,quantile,0.975,29.386442996713587
2026-08-29,wk inc flu hosp,3,2026-09-19,28,quantile,0.99,38.71327719034984
2026-08-29,wk inc flu hosp,-1,2026-08-22,30,quantile,0.01,0
2026-08-29,wk inc flu hosp,-1,2026-08-22,30,quantile,0.025,0
2026-08-29,wk inc flu hosp,-1,2026-08-22,30,quantile,0.05,4.943230837407017e-4
2026-08-29,wk inc flu hosp,-1,2026-08-22,30,quantile,0.1,0.04107229509391092
2026-08-29,wk inc flu hosp,-1,2026-08-22,30,quantile,0.15,0.08692481088213559
2026-08-29,wk inc flu hosp,-1,2026-08-22,30,quantile,0.2,0.09734825905308828
2026-08-29,wk inc flu hosp,-1,2026-08-22,30,quantile,0.25,0.22175462071717403
2026-08-29,wk inc flu hosp,-1,2026-08-22,30,quantile,0.3,0.24715232753819955
2026-08-29,wk inc flu hosp,-1,2026-08-22,30,quantile,0.35,0.27446156843626557
2026-08-29,wk inc flu hosp,-1,2026-08-22,30,quantile,0.4,0.280614134532426
2026-08-29,wk inc flu hosp,-1,2026-08-22,30,quantile,0.45,0.29726082221457195
2026-08-29,wk inc flu hosp,-1,2026-08-22,30,quantile,0.5,0.31003755332336125
2026-08-29,wk inc flu hosp,-1,2026-08-22,30,quantile,0.55,0.31038258415304326
2026-08-29,wk inc flu hosp,-1,2026-08-22,30,quantile,0.6,0.31289191905724395
2026-08-29,wk inc flu hosp,-1,2026-08-22,30,quantile,0.65,0.3599309571318459
2026-08-29,wk inc flu hosp,-1,2026-08-22,30,quantile,0.7,0.46908553823531174
2026-08-29,wk inc flu hosp,-1,2026-08-22,30,quantile,0.75,0.7299452896889956
2026-08-29,wk inc flu hosp,-1,2026-08-22,30,quantile,0.8,0.8359412425689265
2026-08-29,wk inc flu hosp,-1,2026-08-22,30,quantile,0.85,0.9271495268854681
2026-08-29,wk inc flu hosp,-1,2026-08-22,30,quantile,0.9,1.4612380610880822
2026-08-29,wk inc flu hosp,-1,2026-08-22,30,quantile,0.95,2.2901528703926513
2026-08-29,wk inc flu hosp,-1,2026-08-22,30,quantile,0.975,4.21515987557326
2026-08-29,wk inc flu hosp,-1,2026-08-22,30,quantile,0.99,6.061698140695866
2026-08-29,wk inc flu hosp,0,2026-08-29,30,quantile,0.01,0.04429028125301159
2026-08-29,wk inc flu hosp,0,2026-08-29,30,quantile,0.025,0.049257615583970245
2026-08-29,wk inc flu hosp,0,2026-08-29,30,quantile,0.05,0.08377055440809587
2026-08-29,wk inc flu hosp,0,2026-08-29,30,quantile,0.1,0.1644043023734851
2026-08-29,wk inc flu hosp,0,2026-08-29,30,quantile,0.15,0.46329415436641513
2026-08-29,wk inc flu hosp,0,2026-08-29,30,quantile,0.2,0.6657429278548237
2026-08-29,wk inc flu hosp,0,2026-08-29,30,quantile,0.25,0.8692685580517382
2026-08-29,wk inc flu hosp,0,2026-08-29,30,quantile,0.3,0.9711086281818628
2026-08-29,wk inc flu hosp,0,2026-08-29,30,quantile,0.35,1.2319214758748227
2026-08-29,wk inc flu hosp,0,2026-08-29,30,quantile,0.4,1.3988078379833122
2026-08-29,wk inc flu hosp,0,2026-08-29,30,quantile,0.45,1.7979671316044952
2026-08-29,wk inc flu hosp,0,2026-08-29,30,quantile,0.5,1.8353689056890878
2026-08-29,wk inc flu hosp,0,2026-08-29,30,quantile,0.55,1.9750682546897056
2026-08-29,wk inc flu hosp,0,2026-08-29,30,quantile,0.6,2.0054000208050238
2026-08-29,wk inc flu hosp,0,2026-08-29,30,quantile,0.65,2.4546391738410147
2026-08-29,wk inc flu hosp,0,2026-08-29,30,quantile,0.7,3.007590239588801
2026-08-29,wk inc flu hosp,0,2026-08-29,30,quantile,0.75,3.252255436522848
2026-08-29,wk inc flu hosp,0,2026-08-29,30,quantile,0.8,3.701164162865649
2026-08-29,wk inc flu hosp,0,2026-08-29,30,quantile,0.85,3.9061519641623783
2026-08-29,wk inc flu hosp,0,2026-08-29,30,quantile,0.9,4.277273575967569
2026-08-29,wk inc flu hosp,0,2026-08-29,30,quantile,0.95,5.328548006179436
2026-08-29,wk inc flu hosp,0,2026-08-29,30,quantile,0.975,5.684265137170795
2026-08-29,wk inc flu hosp,0,2026-08-29,30,quantile,0.99,6.677913305880379
2026-08-29,wk inc flu hosp,1,2026-09-05,30,quantile,0.01,0.02784696363902866
2026-08-29,wk inc flu hosp,1,2026-09-05,30,quantile,0.025,0.03568948890264823
2026-08-29,wk inc flu hosp,1,2026-09-05,30,quantile,0.05,0.04416741791064055
2026-08-29,wk inc flu hosp,1,2026-09-05,30,quantile,0.1,0.2529529509870093
2026-08-29,wk inc flu hosp,1,2026-09-05,30,quantile,0.15,0.5877485596578065
2026-08-29,wk inc flu hosp,1,2026-09-05,30,quantile,0.2,0.9325875904454705
2026-08-29,wk inc flu hosp,1,2026-09-05,30,quantile,0.25,1.1630781367144327
2026-08-29,wk inc flu hosp,1,2026-09-05,30,quantile,0.3,1.3274662103772994
2026-08-29,wk inc flu hosp,1,2026-09-05,30,quantile,0.35,1.4536250889940996
2026-08-29,wk inc flu hosp,1,2026-09-05,30,quantile,0.4,1.7934856729646955
2026-08-29,wk inc flu hosp,1,2026-09-05,30,quantile,0.45,1.978944095065429
2026-08-29,wk inc flu hosp,1,2026-09-05,30,quantile,0.5,2.327083157625464
2026-08-29,wk inc flu hosp,1,2026-09-05,30,quantile,0.55,2.438488049227102
2026-08-29,wk inc flu hosp,1,2026-09-05,30,quantile,0.6,2.483241907092403
2026-08-29,wk inc flu hosp,1,2026-09-05,30,quantile,0.65,2.5411793145587365
2026-08-29,wk inc flu hosp,1,2026-09-05,30,quantile,0.7,2.7951318780231933
2026-08-29,wk inc flu hosp,1,2026-09-05,30,quantile,0.75,3.1894862302097735
2026-08-29,wk inc flu hosp,1,2026-09-05,30,quantile,0.8,3.286415486782787
2026-08-29,wk inc flu hosp,1,2026-09-05,30,quantile,0.85,3.4712160700102657
2026-08-29,wk inc flu hosp,1,2026-09-05,30,quantile,0.9,4.462064713746602
2026-08-29,wk inc flu hosp,1,2026-09-05,30,quantile,0.95,7.794265259235176
2026-08-29,wk inc flu hosp,1,2026-09-05,30,quantile,0.975,8.25742659712842
2026-08-29,wk inc flu hosp,1,2026-09-05,30,quantile,0.99,9.812856522472009
2026-08-29,wk inc flu hosp,2,2026-09-12,30,quantile,0.01,0
2026-08-29,wk inc flu hosp,2,2026-09-12,30,quantile,0.025,0
2026-08-29,wk inc flu hosp,2,2026-09-12,30,quantile,0.05,0.0020368359922871863
2026-08-29,wk inc flu hosp,2,2026-09-12,30,quantile,0.1,0.0270501541711032
2026-08-29,wk inc flu hosp,2,2026-09-12,30,quantile,0.15,0.08266919121139026
2026-08-29,wk inc flu hosp,2,2026-09-12,30,quantile,0.2,0.2088198798604194
2026-08-29,wk inc flu hosp,2,2026-09-12,30,quantile,0.25,0.318308702650518
2026-08-29,wk inc flu hosp,2,2026-09-12,30,quantile,0.3,0.46642079816973514
2026-08-29,wk inc flu hosp,2,2026-09-12,30,quantile,0.35,0.6246633229516936
2026-08-29,wk inc flu hosp,2,2026-09-12,30,quantile,0.4,0.6496181378481313
2026-08-29,wk inc flu hosp,2,2026-09-12,30,quantile,0.45,0.7462005207059285
2026-08-29,wk inc flu hosp,2,2026-09-12,30,quantile,0.5,0.8982334511199435
2026-08-29,wk inc flu hosp,2,2026-09-12,30,quantile,0.55,0.9682189845430688
2026-08-29,wk inc flu hosp,2,2026-09-12,30,quantile,0.6,1.183741964835353
2026-08-29,wk inc flu hosp,2,2026-09-12,30,quantile,0.65,1.236035453939984
2026-08-29,wk inc flu hosp,2,2026-09-12,30,quantile,0.7,1.3820213385594964
2026-08-29,wk inc flu hosp,2,2026-09-12,30,quantile,0.75,1.4370565221353362
2026-08-29,wk inc flu hosp,2,2026-09-12,30,quantile,0.8,1.7261367027826846
2026-08-29,wk inc flu hosp,2,2026-09-12,30,quantile,0.85,2.0153398381054455
2026-08-29,wk inc flu hosp,2,2026-09-12,30,quantile,0.9,2.3706819674278963
2026-08-29,wk inc flu hosp,2,2026-09-12,30,quantile,0.95,2.969624104382785
2026-08-29,wk inc flu hosp,2,2026-09-12,30,quantile,0.975,4.026511153173438
2026-08-29,wk inc flu hosp,2,2026-09-12,30,quantile,0.99,5.552758528289669
2026-08-29,wk inc flu hosp,3,2026-09-19,30,quantile,0.01,0
2026-08-29,wk inc flu hosp,3,2026-09-19,30,quantile,0.025,0.019292312745878254
2026-08-29,wk inc flu hosp,3,2026-09-19,30,quantile,0.05,0.028013014768563927
2026-08-29,wk inc flu hosp,3,2026-09-19,30,quantile,0.1,0.1018370880497197
2026-08-29,wk inc flu hosp,3,2026-09-19,30,quantile,0.15,0.3508627363531228
2026-08-29,wk inc flu hosp,3,2026-09-19,30,quantile,0.2,0.7262626092946424
2026-08-29,wk inc flu hosp,3,2026-09-19,30,quantile,0.25,0.867307122973392
2026-08-29,wk inc flu hosp,3,2026-09-19,30,quantile,0.3,1.2025905058352424
2026-08-29,wk inc flu hosp,3,2026-09-19,30,quantile,0.35,1.239982424436744
2026-08-29,wk inc flu hosp,3,2026-09-19,30,quantile,0.4,1.569425497610172
2026-08-29,wk inc flu hosp,3,2026-09-19,30,quantile,0.45,1.5999372765429272
2026-08-29,wk inc flu hosp,3,2026-09-19,30,quantile,0.5,1.769815944843921
2026-08-29,wk inc flu hosp,3,2026-09-19,30,quantile,0.55,1.8321966446506233
2026-08-29,wk inc flu hosp,3,2026-09-19,30,quantile,0.6,1.859588210211604
2026-08-29,wk inc flu hosp,3,2026-09-19,30,quantile,0.65,2.046705833589538
2026-08-29,wk inc flu hosp,3,2026-09-19,30,quantile,0.7,2.092073589895122
2026-08-29,wk inc flu hosp,3,2026-09-19,30,quantile,0.75,2.1877487673027525
2026-08-29,wk inc flu hosp,3,2026-09-19,30,quantile,0.8,2.3488824573543803
2026-08-29,wk inc flu hosp,3,2026-09-19,30,quantile,0.85,3.437805343732491
2026-08-29,wk inc flu hosp,3,2026-09-19,30,quantile,0.9,3.8534200029621872
2026-08-29,wk inc flu hosp,3,2026-09-19,30,quantile,0.95,6.237753274079002
2026-08-29,wk inc flu hosp,3,2026-09-19,30,quantile,0.975,8.098952148389689
2026-08-29,wk inc flu hosp,3,2026-09-19,30,quantile,0.99,15.441615822598761
2026-08-29,wk inc flu hosp,-1,2026-08-22,37,quantile,0.01,0.10103992927602243
2026-08-29,wk inc flu hosp,-1,2026-08-22,37,quantile,0.025,0.1235270239460649
2026-08-29,wk inc flu hosp,-1,2026-08-22,37,quantile,0.05,0.18947192174664432
2026-08-29,wk inc flu hosp,-1,2026-08-22,37,quantile,0.1,0.7397480661146592
2026-08-29,wk inc flu hosp,-1,2026-08-22,37,quantile,0.15,1.4675707965928577
2026-08-29,wk inc flu hosp,-1,2026-08-22,37,quantile,0.2,2.4472738583973928
2026-08-29,wk inc flu hosp,-1,2026-08-22,37,quantile,0.25,2.92629539029525
2026-08-29,wk inc flu hosp,-1,2026-08-22,37,quantile,0.3,3.185211653556858
2026-08-29,wk inc flu hosp,-1,2026-08-22,37,quantile,0.35,3.8601816214538767
2026-08-29,wk inc flu hosp,-1,2026-08-22,37,quantile,0.4,4.3536597368717365
2026-08-29,wk inc flu hosp,-1,2026-08-22,37,quantile,0.45,5.167149849071794
2026-08-29,wk inc flu hosp,-1,2026-08-22,37,quantile,0.5,5.982164493766989
2026-08-29,wk inc flu hosp,-1,2026-08-22,37,quantile,0.55,6.878435792633928
2026-08-29,wk inc flu hosp,-1,2026-08-22,37,quantile,0.6,8.07716980594376
2026-08-29,wk inc flu hosp,-1,2026-08-22,37,quantile,0.65,8.838573608926062
2026-08-29,wk inc flu hosp,-1,2026-08-22,37,quantile,0.7,9.303117404524503
2026-08-29,wk inc flu hosp,-1,2026-08-22,37,quantile,0.75,10.456628792770632
2026-08-29,wk inc flu hosp,-1,2026-08-22,37,quantile,0.8,11.399000975149429
2026-08-29,wk inc flu hosp,-1,2026-08-22,37,quantile,0.85,13.038982304583751
2026-08-29,wk inc flu hosp,-1,2026-08-22,37,quantile,0.9,19.69511891863556
2026-08-29,wk inc flu hosp,-1,2026-08-22,37,quantile,0.95,21.524256834284248
2026-08-29,wk inc flu hosp,-1,2026-08-22,37,quantile,0.975,29.61052038505057
2026-08-29,wk inc flu hosp,-1,2026-08-22,37,quantile,0.99,38.33151688579207
2026-08-29,wk inc flu hosp,0,2026-08-29,37,quantile,0.01,0.1338419807749248
2026-08-29,wk inc flu hosp,0,2026-08-29,37,quantile,0.025,0.2567796628508733
2026-08-29,wk inc flu hosp,0,2026-08-29,37,quantile,0.05,0.4080891795799789
2026-08-29,wk inc flu hosp,0,2026-08-29,37,quantile,0.1,0.807918183970828
2026-08-29,wk inc flu hosp,0,2026-08-29,37,quantile,0.15,2.0140937694359295
2026-08-29,wk inc flu hosp,0,2026-08-29,37,quantile,0.2,3.5289982263913244
2026-08-29,wk inc flu hosp,0,2026-08-29,37,quantile,0.25,4.611707858567105
2026-08-29,wk inc flu hosp,0,2026-08-29,37,quantile,0.3,5.456047230226546
2026-08-29,wk inc flu hosp,0,2026-08-29,37,quantile,0.35,6.259452386545809
2026-08-29,wk inc flu hosp,0,2026-08-29,37,quantile,0.4,6.96236314815258
2026-08-29,wk inc flu hosp,0,2026-08-29,37,quantile,0.45,8.456864186190057
2026-08-29,wk inc flu hosp,0,2026-08-29,37,quantile,0.5,8.9644196630645
2026-08-29,wk inc flu hosp,0,2026-08-29,37,quantile,0.55,9.256593766891516
2026-08-29,wk inc flu hosp,0,2026-08-29,37,quantile,0.6,9.726851654797091
2026-08-29,wk inc flu hosp,0,2026-08-29,37,quantile,0.65,11.088278807188226
2026-08-29,wk inc flu hosp,0,2026-08-29,37,quantile,0.7,13.478022979302818
2026-08-29,wk inc flu hosp,0,2026-08-29,37,quantile,0.75,13.668949374594316
2026-08-29,wk inc flu hosp,0,2026-08-29,37,quantile,0.8,14.39521660437002
2026-08-29,wk inc flu hosp,0,2026-08-29,37,quantile,0.85,16.64845995816457
2026-08-29,wk inc flu hosp,0,2026-08-29,37,quantile,0.9,20.26974446591852
2026-08-29,wk inc flu hosp,0,2026-08-29,37,quantile,0.95,23.998492295537975
2026-08-29,wk inc flu hosp,0,2026-08-29,37,quantile,0.975,29.92677515193419
2026-08-29,wk inc flu hosp,0,2026-08-29,37,quantile,0.99,35.769078055914896
2026-08-29,wk inc flu hosp,1,2026-09-05,37,quantile,0.01,0.15731602596269234
2026-08-29,wk inc flu hosp,1,2026-09-05,37,quantile,0.025,0.2379825033525553
2026-08-29,wk inc flu hosp,1,2026-09-05,37,quantile,0.05,0.26313001999206487
2026-08-29,wk inc flu hosp,1,2026-09-05,37,quantile,0.1,0.8797844328260063
2026-08-29,wk inc flu hosp,1,2026-09-05,37,quantile,0.15,1.7422816851555885
2026-08-29,wk inc flu hosp,1,2026-09-05,37,quantile,0.2,3.107939500799476
2026-08-29,wk inc flu hosp,1,2026-09-05,37,quantile,0.25,4.124792991603697
2026-08-29,wk inc flu hosp,1,2026-09-05,37,quantile,0.3,4.552485858760148
2026-08-29,wk inc flu hosp,1,2026-09-05,37,quantile,0.35,5.016084748936646
2026-08-29,wk inc flu hosp,1,2026-09-05,37,quantile,0.4,6.072504013521612
2026-08-29,wk inc flu hosp,1,2026-09-05,37,quantile,0.45,6.6416529055784785
2026-08-29,wk inc flu hosp,1,2026-09-05,37,quantile,0.5,8.238101471322322
2026-08-29,wk inc flu hosp,1,2026-09-05,37,quantile,0.55,8.579916945051114
2026-08-29,wk inc flu hosp,1,2026-09-05,37,quantile,0.6,9.64877927887535
2026-08-29,wk inc flu hosp,1,2026-09-05,37,quantile,0.65,9.7759124188277
2026-08-29,wk inc flu hosp,1,2026-09-05,37,quantile,0.7,10.204164681755962
2026-08-29,wk inc flu hosp,1,2026-09-05,37,quantile,0.75,11.7506648736412
2026-08-29,wk inc flu hosp,1,2026-09-05,37,quantile,0.8,12.844046961841748
2026-08-29,wk inc flu hosp,1,2026-09-05,37,quantile,0.85,14.116467937324394
2026-08-29,wk inc flu hosp,1,2026-09-05,37,quantile,0.9,16.622215698546537
2026-08-29,wk inc flu hosp,1,2026-09-05,37,quantile,0.95,23.604658623243612
2026-08-29,wk inc flu hosp,1,2026-09-05,37,quantile,0.975,34.352625434367525
2026-08-29,wk inc flu hosp,1,2026-09-05,37,quantile,0.99,42.71975447614068
2026-08-29,wk inc flu hosp,2,2026-09-12,37,quantile,0.01,0.06835125156559893
2026-08-29,wk inc flu hosp,2,2026-09-12,37,quantile,0.025,0.08437053836529902
2026-08-29,wk inc flu hosp,2,2026-09-12,37,quantile,0.05,0.17809695069509435
2026-08-29,wk inc flu hosp,2,2026-09-12,37,quantile,0.1,0.46200988505696483
2026-08-29,wk inc flu hosp,2,2026-09-12,37,quantile,0.15,1.1842076761136318
2026-08-29,wk inc flu hosp,2,2026-09-12,37,quantile,0.2,2.5630893666535823
2026-08-29,wk inc flu hosp,2,2026-09-12,37,quantile,0.25,3.4888136330985704
2026-08-29,wk inc flu hosp,2,2026-09-12,37,quantile,0.3,4.151193138505154
2026-08-29,wk inc flu hosp,2,2026-09-12,37,quantile,0.35,4.695597159204102
2026-08-29,wk inc flu hosp,2,2026-09-12,37,quantile,0.4,5.102159519419396
2026-08-29,wk inc flu hosp,2,2026-09-12,37,quantile,0.45,5.8216856838575906
2026-08-29,wk inc flu hosp,2,2026-09-12,37,quantile,0.5,6.758317244122768
2026-08-29,wk inc flu hosp,2,2026-09-12,37,quantile,0.55,7.294786415432488
2026-08-29,wk inc flu hosp,2,2026-09-12,37,quantile,0.6,8.165206552319342
2026-08-29,wk inc flu hosp,2,2026-09-12,37,quantile,0.65,8.884245102462653
2026-08-29,wk inc flu hosp,2,2026-09-12,37,quantile,0.7,9.529017454150575
2026-08-29,wk inc flu hosp,2,2026-09-12,37,quantile,0.75,9.924180748155676
2026-08-29,wk inc flu hosp,2,2026-09-12,37,quantile,0.8,10.998844386439076
2026-08-29,wk inc flu hosp,2,2026-09-12,37,quantile,0.85,11.725491063658906
2026-08-29,wk inc flu hosp,2,2026-09-12,37,quantile,0.9,13.72158024779626
2026-08-29,wk inc flu hosp,2,2026-09-12,37,quantile,0.95,20.7281023853256
2026-08-29,wk inc flu hosp,2,2026-09-12,37,quantile,0.975,29.49659416685336
2026-08-29,wk inc flu hosp,2,2026-09-12,37,quantile,0.99,38.53213526291722
2026-08-29,wk inc flu hosp,3,2026-09-19,37,quantile,0.01,0.0020870700886070955
2026-08-29,wk inc flu hosp,3,2026-09-19,37,quantile,0.025,0.1920959081366292
2026-08-29,wk inc flu hosp,3,2026-09-19,37,quantile,0.05,0.20766307652100924
2026-08-29,wk inc flu hosp,3,2026-09-19,37,quantile,0.1,0.6596664675193392
2026-08-29,wk inc flu hosp,3,2026-09-19,37,quantile,0.15,1.9363901816832185
2026-08-29,wk inc flu hosp,3,2026-09-19,37,quantile,0.2,3.658845871939693
2026-08-29,wk inc flu hosp,3,2026-09-19,37,quantile,0.25,4.091956906525215
2026-08-29,wk inc flu hosp,3,2026-09-19,37,quantile,0.3,4.970006581595855
2026-08-29,wk inc flu hosp,3,2026-09-19,37,quantile,0.35,5.193497993013407
2026-08-29,wk inc flu hosp,3,2026-09-19,37,quantile,0.4,5.986762241580467
2026-08-29,wk inc flu hosp,3,2026-09-19,37,quantile,0.45,6.655132877991174
2026-08-29,wk inc flu hosp,3,2026-09-19,37,quantile,0.5,7.294586437228666
2026-08-29,wk inc flu hosp,3,2026-09-19,37,quantile,0.55,7.864588095237878
2026-08-29,wk inc flu hosp,3,2026-09-19,37,quantile,0.6,9.298420382966864
2026-08-29,wk inc flu hosp,3,2026-09-19,37,quantile,0.65,10.145334475421523
2026-08-29,wk inc flu hosp,3,2026-09-19,37,quantile,0.7,10.72213300815047
2026-08-29,wk inc flu hosp,3,2026-09-19,37,quantile,0.75,11.447424088776676
2026-08-29,wk inc flu hosp,3,2026-09-19,37,quantile,0.8,12.968557444643208
2026-08-29,wk inc flu hosp,3,2026-09-19,37,quantile,0.85,18.979804646761313
2026-08-29,wk inc flu hosp,3,2026-09-19,37,quantile,0.9,21.516421597571213
2026-08-29,wk inc flu hosp,3,2026-09-19,37,quantile,0.95,32.65085859076949
2026-08-29,wk inc flu hosp,3,2026-09-19,37,quantile,0.975,48.70058524300058
2026-08-29,wk inc flu hosp,3,2026-09-19,37,quantile,0.99,75.41238512757393
2026-08-29,wk inc flu hosp,-1,2026-08-22,38,quantile,0.01,0.013419229660691518
2026-08-29,wk inc flu hosp,-1,2026-08-22,38,quantile,0.025,0.06309211784440391
2026-08-29,wk inc flu hosp,-1,2026-08-22,38,quantile,0.05,0.16611391152160507
2026-08-29,wk inc flu hosp,-1,2026-08-22,38,quantile,0.1,0.4456468484994121
2026-08-29,wk inc flu hosp,-1,2026-08-22,38,quantile,0.15,0.9600512446518368
2026-08-29,wk inc flu hosp,-1,2026-08-22,38,quantile,0.2,1.2034855625268068
2026-08-29,wk inc flu hosp,-1,2026-08-22,38,quantile,0.25,1.395093790934101
2026-08-29,wk inc flu hosp,-1,2026-08-22,38,quantile,0.3,1.4897102064190275
2026-08-29,wk inc flu hosp,-1,2026-08-22,38,quantile,0.35,1.7155928501816728
2026-08-29,wk inc flu hosp,-1,2026-08-22,38,quantile,0.4,1.8732078646051227
2026-08-29,wk inc flu hosp,-1,2026-08-22,38,quantile,0.45,1.8992799594031182
2026-08-29,wk inc flu hosp,-1,2026-08-22,38,quantile,0.5,2.0981103524569487
2026-08-29,wk inc flu hosp,-1,2026-08-22,38,quantile,0.55,2.2920206443874074
2026-08-29,wk inc flu hosp,-1,2026-08-22,38,quantile,0.6,2.4648160594297632
2026-08-29,wk inc flu hosp,-1,2026-08-22,38,quantile,0.65,2.7493265276972356
2026-08-29,wk inc flu hosp,-1,2026-08-22,38,quantile,0.7,2.845952538789633
2026-08-29,wk inc flu hosp,-1,2026-08-22,38,quantile,0.75,3.0885092877384728
2026-08-29,wk inc flu hosp,-1,2026-08-22,38,quantile,0.8,3.3973409587296106
2026-08-29,wk inc flu hosp,-1,2026-08-22,38,quantile,0.85,3.7887317202246633
2026-08-29,wk inc flu hosp,-1,2026-08-22,38,quantile,0.9,4.4675288715591215
2026-08-29,wk inc flu hosp,-1,2026-08-22,38,quantile,0.95,5.262067521020452
2026-08-29,wk inc flu hosp,-1,2026-08-22,38,quantile,0.975,7.136729056134227
2026-08-29,wk inc flu hosp,-1,2026-08-22,38,quantile,0.99,8.854587231886029
2026-08-29,wk inc flu hosp,0,2026-08-29,38,quantile,0.01,9.890221092936494e-4
2026-08-29,wk inc flu hosp,0,2026-08-29,38,quantile,0.025,0.030788507341545673
2026-08-29,wk inc flu hosp,0,2026-08-29,38,quantile,0.05,0.05855121727523056
2026-08-29,wk inc flu hosp,0,2026-08-29,38,quantile,0.1,0.28488708038760074
2026-08-29,wk inc flu hosp,0,2026-08-29,38,quantile,0.15,0.5120149153719142
2026-08-29,wk inc flu hosp,0,2026-08-29,38,quantile,0.2,0.6178093163976139
2026-08-29,wk inc flu hosp,0,2026-08-29,38,quantile,0.25,0.7630298341414296
2026-08-29,wk inc flu hosp,0,2026-08-29,38,quantile,0.3,0.827725025284946
2026-08-29,wk inc flu hosp,0,2026-08-29,38,quantile,0.35,0.8476215033627148
2026-08-29,wk inc flu hosp,0,2026-08-29,38,quantile,0.4,0.9100460103614918
2026-08-29,wk inc flu hosp,0,2026-08-29,38,quantile,0.45,0.9285842074289548
2026-08-29,wk inc flu hosp,0,2026-08-29,38,quantile,0.5,0.9426117474560601
2026-08-29,wk inc flu hosp,0,2026-08-29,38,quantile,0.55,1.2000849062855845
2026-08-29,wk inc flu hosp,0,2026-08-29,38,quantile,0.6,1.294398487552415
2026-08-29,wk inc flu hosp,0,2026-08-29,38,quantile,0.65,1.319338968912459
2026-08-29,wk inc flu hosp,0,2026-08-29,38,quantile,0.7,1.3819610995616138
2026-08-29,wk inc flu hosp,0,2026-08-29,38,quantile,0.75,1.5052516579548223
2026-08-29,wk inc flu hosp,0,2026-08-29,38,quantile,0.8,1.642172968261613
2026-08-29,wk inc flu hosp,0,2026-08-29,38,quantile,0.85,1.9239273732796318
2026-08-29,wk inc flu hosp,0,2026-08-29,38,quantile,0.9,2.69173927588029
2026-08-29,wk inc flu hosp,0,2026-08-29,38,quantile,0.95,3.563360400676339
2026-08-29,wk inc flu hosp,0,2026-08-29,38,quantile,0.975,5.4709781421668975
2026-08-29,wk inc flu hosp,0,2026-08-29,38,quantile,0.99,7.790336710859192
2026-08-29,wk inc flu hosp,1,2026-09-05,38,quantile,0.01,0.0011838319828840808
2026-08-29,wk inc flu hosp,1,2026-09-05,38,quantile,0.025,0.016964994415696332
2026-08-29,wk inc flu hosp,1,2026-09-05,38,quantile,0.05,0.06661174502304887
2026-08-29,wk inc flu hosp,1,2026-09-05,38,quantile,0.1,0.25608568530830816
2026-08-29,wk inc flu hosp,1,2026-09-05,38,quantile,0.15,0.29107920544073596
2026-08-29,wk inc flu hosp,1,2026-09-05,38,quantile,0.2,0.4557254336963543
2026-08-29,wk inc flu hosp,1,2026-09-05,38,quantile,0.25,0.5856763652850739
2026-08-29,wk inc flu hosp,1,2026-09-05,38,quantile,0.3,0.7127275585825847
2026-08-29,wk inc flu hosp,1,2026-09-05,38,quantile,0.35,0.8066542815985702
2026-08-29,wk inc flu hosp,1,2026-09-05,38,quantile,0.4,0.8518537372812982
2026-08-29,wk inc flu hosp,1,2026-09-05,38,quantile,0.45,0.8671107288002703
2026-08-29,wk inc flu hosp,1,2026-09-05,38,quantile,0.5,0.9262868036969235
2026-08-29,wk inc flu hosp,1,2026-09-05,38,quantile,0.55,0.9884440461448116
2026-08-29,wk inc flu hosp,1,2026-09-05,38,quantile,0.6,1.0597215547434953
2026-08-29,wk inc flu hosp,1,2026-09-05,38,quantile,0.65,1.3176960487330578
2026-08-29,wk inc flu hosp,1,2026-09-05,38,quantile,0.7,1.516928310959866
2026-08-29,wk inc flu hosp,1,2026-09-05,38,quantile,0.75,1.5757852613037338
2026-08-29,wk inc flu hosp,1,2026-09-05,38,quantile,0.8,1.9062861487010523
2026-08-29,wk inc flu hosp,1,2026-09-05,38,quantile,0.85,2.487313450111487
2026-08-29,wk inc flu hosp,1,2026-09-05,38,quantile,0.9,2.749889683579567
2026-08-29,wk inc flu hosp,1,2026-09-05,38,quantile,0.95,3.1412286654648747
2026-08-29,wk inc flu hosp,1,2026-09-05,38,quantile,0.975,4.296095768706053
2026-08-29,wk inc flu hosp,1,2026-09-05,38,quantile,0.99,6.25084953599921
2026-08-29,wk inc flu hosp,2,2026-09-12,38,quantile,0.01,0.013923687949620608
2026-08-29,wk inc flu hosp,2,2026-09-12,38,quantile,0.025,0.056505934156209414
2026-08-29,wk inc flu hosp,2,2026-09-12,38,quantile,0.05,0.16060280989256456
2026-08-29,wk inc flu hosp,2,2026-09-12,38,quantile,0.1,0.5328767266136879
2026-08-29,wk inc flu hosp,2,2026-09-12,38,quantile,0.15,0.7609782331321329
2026-08-29,wk inc flu hosp,2,2026-09-12,38,quantile,0.2,0.8551464847284056
2026-08-29,wk inc flu hosp,2,2026-09-12,38,quantile,0.25,1.0198337844728649
2026-08-29,wk inc flu hosp,2,2026-09-12,38,quantile,0.3,1.2084902579419754
2026-08-29,wk inc flu hosp,2,2026-09-12,38,quantile,0.35,1.2768190880489974
2026-08-29,wk inc flu hosp,2,2026-09-12,38,quantile,0.4,1.444374846601419
2026-08-29,wk inc flu hosp,2,2026-09-12,38,quantile,0.45,1.6158561758040515
2026-08-29,wk inc flu hosp,2,2026-09-12,38,quantile,0.5,1.6357234113844177
2026-08-29,wk inc flu hosp,2,2026-09-12,38,quantile,0.55,1.765895843500171
2026-08-29,wk inc flu hosp,2,2026-09-12,38,quantile,0.6,1.8786052116849048
2026-08-29,wk inc flu hosp,2,2026-09-12,38,quantile,0.65,2.016614592391257
2026-08-29,wk inc flu hosp,2,2026-09-12,38,quantile,0.7,2.1220478075962896
2026-08-29,wk inc flu hosp,2,2026-09-12,38,quantile,0.75,2.472429040442116
2026-08-29,wk inc flu hosp,2,2026-09-12,38,quantile,0.8,3.0463200018734673
2026-08-29,wk inc flu hosp,2,2026-09-12,38,quantile,0.85,3.5924987640730897
2026-08-29,wk inc flu hosp,2,2026-09-12,38,quantile,0.9,4.546280402624618
2026-08-29,wk inc flu hosp,2,2026-09-12,38,quantile,0.95,5.659004670949709
2026-08-29,wk inc flu hosp,2,2026-09-12,38,quantile,0.975,6.465819406697883
2026-08-29,wk inc flu hosp,2,2026-09-12,38,quantile,0.99,11.465742029484645
2026-08-29,wk inc flu hosp,3,2026-09-19,38,quantile,0.01,2.6085298773156126e-4
2026-08-29,wk inc flu hosp,3,2026-09-19,38,quantile,0.025,0.019535924408102825
2026-08-29,wk inc flu hosp,3,2026-09-19,38,quantile,0.05,0.053752671608884875
2026-08-29,wk inc flu hosp,3,2026-09-19,38,quantile,0.1,0.1127146718700949
2026-08-29,wk inc flu hosp,3,2026-09-19,38,quantile,0.15,0.2075289697317175
2026-08-29,wk inc flu hosp,3,2026-09-19,38,quantile,0.2,0.33202588719695014
2026-08-29,wk inc flu hosp,3,2026-09-19,38,quantile,0.25,0.5280766451031234
2026-08-29,wk inc flu hosp,3,2026-09-19,38,quantile,0.3,0.6397995169230722
2026-08-29,wk inc flu hosp,3,2026-09-19,38,quantile,0.35,0.7804121968268009
2026-08-29,wk inc flu hosp,3,2026-09-19,38,quantile,0.4,0.8399159377179268
2026-08-29,wk inc flu hosp,3,2026-09-19,38,quantile,0.45,0.9474618526801127
2026-08-29,wk inc flu hosp,3,2026-09-19,38,quantile,0.5,0.9787266992809072
2026-08-29,wk inc flu hosp,3,2026-09-19,38,quantile,0.55,1.1553197269969804
2026-08-29,wk inc flu hosp,3,2026-09-19,38,quantile,0.6,1.3441248250244113
2026-08-29,wk inc flu hosp,3,2026-09-19,38,quantile,0.65,1.4623928303796192
2026-08-29,wk inc flu hosp,3,2026-09-19,38,quantile,0.7,1.6879552561053737
2026-08-29,wk inc flu hosp,3,2026-09-19,38,quantile,0.75,1.8905805803096067
2026-08-29,wk inc flu hosp,3,2026-09-19,38,quantile,0.8,2.183728566427422
2026-08-29,wk inc flu hosp,3,2026-09-19,38,quantile,0.85,2.688808445735853
2026-08-29,wk inc flu hosp,3,2026-09-19,38,quantile,0.9,3.5481790608951633
2026-08-29,wk inc flu hosp,3,2026-09-19,38,quantile,0.95,4.112797945633055
2026-08-29,wk inc flu hosp,3,2026-09-19,38,quantile,0.975,5.515422712508414
2026-08-29,wk inc flu hosp,3,2026-09-19,38,quantile,0.99,6.729009392669066
2026-08-29,wk inc flu hosp,-1,2026-08-22,31,quantile,0.01,0
2026-08-29,wk inc flu hosp,-1,2026-08-22,31,quantile,0.025,0
2026-08-29,wk inc flu hosp,-1,2026-08-22,31,quantile,0.05,0
2026-08-29,wk inc flu hosp,-1,2026-08-22,31,quantile,0.1,0.014909759305856802
2026-08-29,wk inc flu hosp,-1,2026-08-22,31,quantile,0.15,0.018849128893642313
2026-08-29,wk inc flu hosp,-1,2026-08-22,31,quantile,0.2,0.04426911068290445
2026-08-29,wk inc flu hosp,-1,2026-08-22,31,quantile,0.25,0.04674345452357277
2026-08-29,wk inc flu hosp,-1,2026-08-22,31,quantile,0.3,0.06756746113300974
2026-08-29,wk inc flu hosp,-1,2026-08-22,31,quantile,0.35,0.08354646423060332
2026-08-29,wk inc flu hosp,-1,2026-08-22,31,quantile,0.4,0.10266205735378703
2026-08-29,wk inc flu hosp,-1,2026-08-22,31,quantile,0.45,0.1890429017867711
2026-08-29,wk inc flu hosp,-1,2026-08-22,31,quantile,0.5,0.2895013501245145
2026-08-29,wk inc flu hosp,-1,2026-08-22,31,quantile,0.55,0.4858722790119758
2026-08-29,wk inc flu hosp,-1,2026-08-22,31,quantile,0.6,0.752474319081003
2026-08-29,wk inc flu hosp,-1,2026-08-22,31,quantile,0.65,0.8488604278820256
2026-08-29,wk inc flu hosp,-1,2026-08-22,31,quantile,0.7,0.8794565611325585
2026-08-29,wk inc flu hosp,-1,2026-08-22,31,quantile,0.75,1.14811130409971
2026-08-29,wk inc flu hosp,-1,2026-08-22,31,quantile,0.8,1.2767510285722896
2026-08-29,wk inc flu hosp,-1,2026-08-22,31,quantile,0.85,1.6885579051222035
2026-08-29,wk inc flu hosp,-1,2026-08-22,31,quantile,0.9,3.3776613059802476
2026-08-29,wk inc flu hosp,-1,2026-08-22,31,quantile,0.95,3.866658103225311
2026-08-29,wk inc flu hosp,-1,2026-08-22,31,quantile,0.975,6.382942567558632
2026-08-29,wk inc flu hosp,-1,2026-08-22,31,quantile,0.99,7.715326387415096
2026-08-29,wk inc flu hosp,0,2026-08-29,31,quantile,0.01,0
2026-08-29,wk inc flu hosp,0,2026-08-29,31,quantile,0.025,0
2026-08-29,wk inc flu hosp,0,2026-08-29,31,quantile,0.05,0.0014101492508145092
2026-08-29,wk inc flu hosp,0,2026-08-29,31,quantile,0.1,0.044409369450866286
2026-08-29,wk inc flu hosp,0,2026-08-29,31,quantile,0.15,0.10275533062450848
2026-08-29,wk inc flu hosp,0,2026-08-29,31,quantile,0.2,0.2332392001570614
2026-08-29,wk inc flu hosp,0,2026-08-29,31,quantile,0.25,0.36417812878680467
2026-08-29,wk inc flu hosp,0,2026-08-29,31,quantile,0.3,0.46255772867737005
2026-08-29,wk inc flu hosp,0,2026-08-29,31,quantile,0.35,0.5028332614185651
2026-08-29,wk inc flu hosp,0,2026-08-29,31,quantile,0.4,0.5312954843370129
2026-08-29,wk inc flu hosp,0,2026-08-29,31,quantile,0.45,0.6009990561166934
2026-08-29,wk inc flu hosp,0,2026-08-29,31,quantile,0.5,0.6961711877553043
2026-08-29,wk inc flu hosp,0,2026-08-29,31,quantile,0.55,0.7769817087344749
2026-08-29,wk inc flu hosp,0,2026-08-29,31,quantile,0.6,0.8784368719494269
2026-08-29,wk inc flu hosp,0,2026-08-29,31,quantile,0.65,1.0372469743351278
2026-08-29,wk inc flu hosp,0,2026-08-29,31,quantile,0.7,1.3718231746372866
2026-08-29,wk inc flu hosp,0,2026-08-29,31,quantile,0.75,1.4068961173815084
2026-08-29,wk inc flu hosp,0,2026-08-29,31,quantile,0.8,1.4908666779510429
2026-08-29,wk inc flu hosp,0,2026-08-29,31,quantile,0.85,1.8391604037632239
2026-08-29,wk inc flu hosp,0,2026-08-29,31,quantile,0.9,2.9248292780800766
2026-08-29,wk inc flu hosp,0,2026-08-29,31,quantile,0.95,3.7479774924262457
2026-08-29,wk inc flu hosp,0,2026-08-29,31,quantile,0.975,5.874350722169746
2026-08-29,wk inc flu hosp,0,2026-08-29,31,quantile,0.99,8.663091441716894
2026-08-29,wk inc flu hosp,1,2026-09-05,31,quantile,0.01,0
2026-08-29,wk inc flu hosp,1,2026-09-05,31,quantile,0.025,0
2026-08-29,wk inc flu hosp,1,2026-09-05,31,quantile,0.05,0
2026-08-29,wk inc flu hosp,1,2026-09-05,31,quantile,0.1,0.03822522135596155
2026-08-29,wk inc flu hosp,1,2026-09-05,31,quantile,0.15,0.05612007487711099
2026-08-29,wk inc flu hosp,1,2026-09-05,31,quantile,0.2,0.1076297658323013
2026-08-29,wk inc flu hosp,1,2026-09-05,31,quantile,0.25,0.16012918805350745
2026-08-29,wk inc flu hosp,1,2026-09-05,31,quantile,0.3,0.17645644400856367
2026-08-29,wk inc flu hosp,1,2026-09-05,31,quantile,0.35,0.20450766966658096
2026-08-29,wk inc flu hosp,1,2026-09-05,31,quantile,0.4,0.21330252538190694
2026-08-29,wk inc flu hosp,1,2026-09-05,31,quantile,0.45,0.23970978422651595
2026-08-29,wk inc flu hosp,1,2026-09-05,31,quantile,0.5,0.333506504317939
2026-08-29,wk inc flu hosp,1,2026-09-05,31,quantile,0.55,0.3833430990052575
2026-08-29,wk inc flu hosp,1,2026-09-05,31,quantile,0.6,0.5806309658808475
2026-08-29,wk inc flu hosp,1,2026-09-05,31,quantile,0.65,0.6691528945348177
2026-08-29,wk inc flu hosp,1,2026-09-05,31,quantile,0.7,0.7714682173386247
2026-08-29,wk inc flu hosp,1,2026-09-05,31,quantile,0.75,0.9064800079141764
2026-08-29,wk inc flu hosp,1,2026-09-05,31,quantile,0.8,1.284461346951745
2026-08-29,wk inc flu hosp,1,2026-09-05,31,quantile,0.85,1.7898618145470835
2026-08-29,wk inc flu hosp,1,2026-09-05,31,quantile,0.9,2.335647928748026
2026-08-29,wk inc flu hosp,1,2026-09-05,31,quantile,0.95,3.2111491503703538
2026-08-29,wk inc flu hosp,1,2026-09-05,31,quantile,0.975,7.342245381573325
2026-08-29,wk inc flu hosp,1,2026-09-05,31,quantile,0.99,8.823101309010761
2026-08-29,wk inc flu hosp,2,2026-09-12,31,quantile,0.01,0.02202356666788868
2026-08-29,wk inc flu hosp,2,2026-09-12,31,quantile,0.025,0.028860475034653624
2026-08-29,wk inc flu hosp,2,2026-09-12,31,quantile,0.05,0.04396437111820529
2026-08-29,wk inc flu hosp,2,2026-09-12,31,quantile,0.1,0.10820562500914929
2026-08-29,wk inc flu hosp,2,2026-09-12,31,quantile,0.15,0.21140571185038332
2026-08-29,wk inc flu hosp,2,2026-09-12,31,quantile,0.2,0.4914777143613033
2026-08-29,wk inc flu hosp,2,2026-09-12,31,quantile,0.25,0.6279173501550227
2026-08-29,wk inc flu hosp,2,2026-09-12,31,quantile,0.3,0.6570420437468396
2026-08-29,wk inc flu hosp,2,2026-09-12,31,quantile,0.35,0.6882316203568485
2026-08-29,wk inc flu hosp,2,2026-09-12,31,quantile,0.4,0.7162784802421738
2026-08-29,wk inc flu hosp,2,2026-09-12,31,quantile,0.45,0.8462075525337752
2026-08-29,wk inc flu hosp,2,2026-09-12,31,quantile,0.5,0.9947125642148474
2026-08-29,wk inc flu hosp,2,2026-09-12,31,quantile,0.55,1.0955909441549647
2026-08-29,wk inc flu hosp,2,2026-09-12,31,quantile,0.6,1.1875481179098204
2026-08-29,wk inc flu hosp,2,2026-09-12,31,quantile,0.65,1.2924035422800024
2026-08-29,wk inc flu hosp,2,2026-09-12,31,quantile,0.7,1.3811743567966004
2026-08-29,wk inc flu hosp,2,2026-09-12,31,quantile,0.75,1.512740541763273
2026-08-29,wk inc flu hosp,2,2026-09-12,31,quantile,0.8,1.5930193166631879
2026-08-29,wk inc flu hosp,2,2026-09-12,31,quantile,0.85,1.6585835763021177
2026-08-29,wk inc flu hosp,2,2026-09-12,31,quantile,0.9,2.1179410573395763
2026-08-29,wk inc flu hosp,2,2026-09-12,31,quantile,0.95,3.757739024125241
2026-08-29,wk inc flu hosp,2,2026-09-12,31,quantile,0.975,5.205468944723877
2026-08-29,wk inc flu hosp,2,2026-09-12,31,quantile,0.99,11.394543561794798
2026-08-29,wk inc flu hosp,3,2026-09-19,31,quantile,0.01,0
2026-08-29,wk inc flu hosp,3,2026-09-19,31,quantile,0.025,0.027867072667575408
2026-08-29,wk inc flu hosp,3,2026-09-19,31,quantile,0.05,0.030222946925943357
2026-08-29,wk inc flu hosp,3,2026-09-19,31,quantile,0.1,0.10180316091157811
2026-08-29,wk inc flu hosp,3,2026-09-19,31,quantile,0.15,0.22842044952479504
2026-08-29,wk inc flu hosp,3,2026-09-19,31,quantile,0.2,0.34172670818920636
2026-08-29,wk inc flu hosp,3,2026-09-19,31,quantile,0.25,0.36726667458354
2026-08-29,wk inc flu hosp,3,2026-09-19,31,quantile,0.3,0.39077070702628364
2026-08-29,wk inc flu hosp,3,2026-09-19,31,quantile,0.35,0.42154597192205273
2026-08-29,wk inc flu hosp,3,2026-09-19,31,quantile,0.4,0.4532586941220621
2026-08-29,wk inc flu hosp,3,2026-09-19,31,quantile,0.45,0.5549931097700963
2026-08-29,wk inc flu hosp,3,2026-09-19,31,quantile,0.5,0.5878990365798537
2026-08-29,wk inc flu hosp,3,2026-09-19,31,quantile,0.55,0.6603287273934088
2026-08-29,wk inc flu hosp,3,2026-09-19,31,quantile,0.6,1.1779152289951682
2026-08-29,wk inc flu hosp,3,2026-09-19,31,quantile,0.65,1.210149202185511
2026-08-29,wk inc flu hosp,3,2026-09-19,31,quantile,0.7,1.2778859958896749
2026-08-29,wk inc flu hosp,3,2026-09-19,31,quantile,0.75,1.4878933304707678
2026-08-29,wk inc flu hosp,3,2026-09-19,31,quantile,0.8,1.8771390943249497
2026-08-29,wk inc flu hosp,3,2026-09-19,31,quantile,0.85,4.184670862062116
2026-08-29,wk inc flu hosp,3,2026-09-19,31,quantile,0.9,4.972397121974584
2026-08-29,wk inc flu hosp,3,2026-09-19,31,quantile,0.95,6.445028790143007
2026-08-29,wk inc flu hosp,3,2026-09-19,31,quantile,0.975,10.0058395801691
2026-08-29,wk inc flu hosp,3,2026-09-19,31,quantile,0.99,15.60191484591055
2026-08-29,wk inc flu hosp,-1,2026-08-22,33,quantile,0.01,0
2026-08-29,wk inc flu hosp,-1,2026-08-22,33,quantile,0.025,0.0013716685968002834
2026-08-29,wk inc flu hosp,-1,2026-08-22,33,quantile,0.05,0.027409501706197034
2026-08-29,wk inc flu hosp,-1,2026-08-22,33,quantile,0.1,0.15943624851741123
2026-08-29,wk inc flu hosp,-1,2026-08-22,33,quantile,0.15,0.4826060871548933
2026-08-29,wk inc flu hosp,-1,2026-08-22,33,quantile,0.2,0.6966001942715434
2026-08-29,wk inc flu hosp,-1,2026-08-22,33,quantile,0.25,1.0299631751689682
2026-08-29,wk inc flu hosp,-1,2026-08-22,33,quantile,0.3,1.1559675530137046
2026-08-29,wk inc flu hosp,-1,2026-08-22,33,quantile,0.35,1.3587068284006614
2026-08-29,wk inc flu hosp,-1,2026-08-22,33,quantile,0.4,1.4584194245554591
2026-08-29,wk inc flu hosp,-1,2026-08-22,33,quantile,0.45,1.5750314335469626
2026-08-29,wk inc flu hosp,-1,2026-08-22,33,quantile,0.5,1.610294928161858
2026-08-29,wk inc flu hosp,-1,2026-08-22,33,quantile,0.55,1.6541576322331233
2026-08-29,wk inc flu hosp,-1,2026-08-22,33,quantile,0.6,1.8453301061558738
2026-08-29,wk inc flu hosp,-1,2026-08-22,33,quantile,0.65,1.9361002161057363
2026-08-29,wk inc flu hosp,-1,2026-08-22,33,quantile,0.7,2.1673806086752476
2026-08-29,wk inc flu hosp,-1,2026-08-22,33,quantile,0.75,2.208949646152207
2026-08-29,wk inc flu hosp,-1,2026-08-22,33,quantile,0.8,2.2894322669714424
2026-08-29,wk inc flu hosp,-1,2026-08-22,33,quantile,0.85,2.3392458506407867
2026-08-29,wk inc flu hosp,-1,2026-08-22,33,quantile,0.9,3.4091712774668657
2026-08-29,wk inc flu hosp,-1,2026-08-22,33,quantile,0.95,4.016275968712943
2026-08-29,wk inc flu hosp,-1,2026-08-22,33,quantile,0.975,4.614588364390535
2026-08-29,wk inc flu hosp,-1,2026-08-22,33,quantile,0.99,5.782625033333355
2026-08-29,wk inc flu hosp,0,2026-08-29,33,quantile,0.01,0
2026-08-29,wk inc flu hosp,0,2026-08-29,33,quantile,0.025,0
2026-08-29,wk inc flu hosp,0,2026-08-29,33,quantile,0.05,0
2026-08-29,wk inc flu hosp,0,2026-08-29,33,quantile,0.1,0.017505829424624825
2026-08-29,wk inc flu hosp,0,2026-08-29,33,quantile,0.15,0.04926483978449375
2026-08-29,wk inc flu hosp,0,2026-08-29,33,quantile,0.2,0.05454657904747702
2026-08-29,wk inc flu hosp,0,2026-08-29,33,quantile,0.25,0.06623403792420235
2026-08-29,wk inc flu hosp,0,2026-08-29,33,quantile,0.3,0.06954808587230242
2026-08-29,wk inc flu hosp,0,2026-08-29,33,quantile,0.35,0.08485579816107632
2026-08-29,wk inc flu hosp,0,2026-08-29,33,quantile,0.4,0.1036128203152706
2026-08-29,wk inc flu hosp,0,2026-08-29,33,quantile,0.45,0.19364841285138149
2026-08-29,wk inc flu hosp,0,2026-08-29,33,quantile,0.5,0.21684699792583584
2026-08-29,wk inc flu hosp,0,2026-08-29,33,quantile,0.55,0.4091519792768202
2026-08-29,wk inc flu hosp,0,2026-08-29,33,quantile,0.6,0.534431050968382
2026-08-29,wk inc flu hosp,0,2026-08-29,33,quantile,0.65,0.5794746902389585
2026-08-29,wk inc flu hosp,0,2026-08-29,33,quantile,0.7,0.6139279510368327
2026-08-29,wk inc flu hosp,0,2026-08-29,33,quantile,0.75,0.809511875912461
2026-08-29,wk inc flu hosp,0,2026-08-29,33,quantile,0.8,0.9183847515184411
2026-08-29,wk inc flu hosp,0,2026-08-29,33,quantile,0.85,1.1948122697406331
2026-08-29,wk inc flu hosp,0,2026-08-29,33,quantile,0.9,1.740697306495001
2026-08-29,wk inc flu hosp,0,2026-08-29,33,quantile,0.95,2.6463849633038645
2026-08-29,wk inc flu hosp,0,2026-08-29,33,quantile,0.975,5.5514652657722765
2026-08-29,wk inc flu hosp,0,2026-08-29,33,quantile,0.99,6.971563750066945
2026-08-29,wk inc flu hosp,1,2026-09-05,33,quantile,0.01,0
2026-08-29,wk inc flu hosp,1,2026-09-05,33,quantile,0.025,0
2026-08-29,wk inc flu hosp,1,2026-09-05,33,quantile,0.05,0
2026-08-29,wk inc flu hosp,1,2026-09-05,33,quantile,0.1,0.013860431570728419
2026-08-29,wk inc flu hosp,1,2026-09-05,33,quantile,0.15,0.042328074616462874
2026-08-29,wk inc flu hosp,1,2026-09-05,33,quantile,0.2,0.13133324927536677
2026-08-29,wk inc flu hosp,1,2026-09-05,33,quantile,0.25,0.16224581242414282
2026-08-29,wk inc flu hosp,1,2026-09-05,33,quantile,0.3,0.2463537143603964
2026-08-29,wk inc flu hosp,1,2026-09-05,33,quantile,0.35,0.31178822926830435
2026-08-29,wk inc flu hosp,1,2026-09-05,33,quantile,0.4,0.3837149895748415
2026-08-29,wk inc flu hosp,1,2026-09-05,33,quantile,0.45,0.5586030336690592
2026-08-29,wk inc flu hosp,1,2026-09-05,33,quantile,0.5,0.5603907682349107
2026-08-29,wk inc flu hosp,1,2026-09-05,33,quantile,0.55,0.5725271363113674
2026-08-29,wk inc flu hosp,1,2026-09-05,33,quantile,0.6,0.6304914211805969
2026-08-29,wk inc flu hosp,1,2026-09-05,33,quantile,0.65,0.7046126011672023
2026-08-29,wk inc flu hosp,1,2026-09-05,33,quantile,0.7,0.7853789232097012
2026-08-29,wk inc flu hosp,1,2026-09-05,33,quantile,0.75,0.9555186033965107
2026-08-29,wk inc flu hosp,1,2026-09-05,33,quantile,0.8,1.1319608138482127
2026-08-29,wk inc flu hosp,1,2026-09-05,33,quantile,0.85,1.4154588971518025
2026-08-29,wk inc flu hosp,1,2026-09-05,33,quantile,0.9,1.9611012278964097
2026-08-29,wk inc flu hosp,1,2026-09-05,33,quantile,0.95,2.8558077001242284
2026-08-29,wk inc flu hosp,1,2026-09-05,33,quantile,0.975,3.233055276010937
2026-08-29,wk inc flu hosp,1,2026-09-05,33,quantile,0.99,6.269759026983188
2026-08-29,wk inc flu hosp,2,2026-09-12,33,quantile,0.01,0
2026-08-29,wk inc flu hosp,2,2026-09-12,33,quantile,0.025,0
2026-08-29,wk inc flu hosp,2,2026-09-12,33,quantile,0.05,0
2026-08-29,wk inc flu hosp,2,2026-09-12,33,quantile,0.1,0.006489495608209126
2026-08-29,wk inc flu hosp,2,2026-09-12,33,quantile,0.15,0.016459677197796528
2026-08-29,wk inc flu hosp,2,2026-09-12,33,quantile,0.2,0.01898884120568605
2026-08-29,wk inc flu hosp,2,2026-09-12,33,quantile,0.25,0.03757931604252933
2026-08-29,wk inc flu hosp,2,2026-09-12,33,quantile,0.3,0.08458194180221439
2026-08-29,wk inc flu hosp,2,2026-09-12,33,quantile,0.35,0.13250054942228062
2026-08-29,wk inc flu hosp,2,2026-09-12,33,quantile,0.4,0.17789468877061693
2026-08-29,wk inc flu hosp,2,2026-09-12,33,quantile,0.45,0.18759986003835705
2026-08-29,wk inc flu hosp,2,2026-09-12,33,quantile,0.5,0.21849846145043933
2026-08-29,wk inc flu hosp,2,2026-09-12,33,quantile,0.55,0.28570312653850316
2026-08-29,wk inc flu hosp,2,2026-09-12,33,quantile,0.6,0.3938479828031345
2026-08-29,wk inc flu hosp,2,2026-09-12,33,quantile,0.65,0.46934249258808153
2026-08-29,wk inc flu hosp,2,2026-09-12,33,quantile,0.7,0.5598380332053088
2026-08-29,wk inc flu hosp,2,2026-09-12,33,quantile,0.75,0.6690496388213603
2026-08-29,wk inc flu hosp,2,2026-09-12,33,quantile,0.8,1.2334729609381125
2026-08-29,wk inc flu hosp,2,2026-09-12,33,quantile,0.85,1.6693722150353663
2026-08-29,wk inc flu hosp,2,2026-09-12,33,quantile,0.9,2.664029841237074
2026-08-29,wk inc flu hosp,2,2026-09-12,33,quantile,0.95,3.535963011277144
2026-08-29,wk inc flu hosp,2,2026-09-12,33,quantile,0.975,4.451073161499768
2026-08-29,wk inc flu hosp,2,2026-09-12,33,quantile,0.99,5.507169583195372
2026-08-29,wk inc flu hosp,3,2026-09-19,33,quantile,0.01,0
2026-08-29,wk inc flu hosp,3,2026-09-19,33,quantile,0.025,0
2026-08-29,wk inc flu hosp,3,2026-09-19,33,quantile,0.05,0
2026-08-29,wk inc flu hosp,3,2026-09-19,33,quantile,0.1,8.989433617089625e-4
2026-08-29,wk inc flu hosp,3,2026-09-19,33,quantile,0.15,0.016072429053537875
2026-08-29,wk inc flu hosp,3,2026-09-19,33,quantile,0.2,0.03147983906526347
2026-08-29,wk inc flu hosp,3,2026-09-19,33,quantile,0.25,0.10435054991613843
2026-08-29,wk inc flu hosp,3,2026-09-19,33,quantile,0.3,0.13576460344469388
2026-08-29,wk inc flu hosp,3,2026-09-19,33,quantile,0.35,0.250572715394289
2026-08-29,wk inc flu hosp,3,2026-09-19,33,quantile,0.4,0.37921566859986683
2026-08-29,wk inc flu hosp,3,2026-09-19,33,quantile,0.45,0.3883813976576629
2026-08-29,wk inc flu hosp,3,2026-09-19,33,quantile,0.5,0.43885532307801195
2026-08-29,wk inc flu hosp,3,2026-09-19,33,quantile,0.55,0.4562110735298535
2026-08-29,wk inc flu hosp,3,2026-09-19,33,quantile,0.6,0.515479134859352
2026-08-29,wk inc flu hosp,3,2026-09-19,33,quantile,0.65,0.5402969742353654
2026-08-29,wk inc flu hosp,3,2026-09-19,33,quantile,0.7,0.6621703939716073
2026-08-29,wk inc flu hosp,3,2026-09-19,33,quantile,0.75,0.8383780992200045
2026-08-29,wk inc flu hosp,3,2026-09-19,33,quantile,0.8,0.9100663146469378
2026-08-29,wk inc flu hosp,3,2026-09-19,33,quantile,0.85,1.0063517589582336
2026-08-29,wk inc flu hosp,3,2026-09-19,33,quantile,0.9,1.2323558338456093
2026-08-29,wk inc flu hosp,3,2026-09-19,33,quantile,0.95,1.9665992284734595
2026-08-29,wk inc flu hosp,3,2026-09-19,33,quantile,0.975,3.2380076667060878
2026-08-29,wk inc flu hosp,3,2026-09-19,33,quantile,0.99,4.615390345499227
2026-08-29,wk inc flu hosp,-1,2026-08-22,34,quantile,0.01,0.4466321190738852
2026-08-29,wk inc flu hosp,-1,2026-08-22,34,quantile,0.025,0.7867870650082792
2026-08-29,wk inc flu hosp,-1,2026-08-22,34,quantile,0.05,1.470883552171709
2026-08-29,wk inc flu hosp,-1,2026-08-22,34,quantile,0.1,3.446302237113828
2026-08-29,wk inc flu hosp,-1,2026-08-22,34,quantile,0.15,6.297420646046519
2026-08-29,wk inc flu hosp,-1,2026-08-22,34,quantile,0.2,8.23731421834829
2026-08-29,wk inc flu hosp,-1,2026-08-22,34,quantile,0.25,9.50473319321574
2026-08-29,wk inc flu hosp,-1,2026-08-22,34,quantile,0.3,10.12428553268969
2026-08-29,wk inc flu hosp,-1,2026-08-22,34,quantile,0.35,11.56503147958457
2026-08-29,wk inc flu hosp,-1,2026-08-22,34,quantile,0.4,12.595259645220976
2026-08-29,wk inc flu hosp,-1,2026-08-22,34,quantile,0.45,13.375887748835856
2026-08-29,wk inc flu hosp,-1,2026-08-22,34,quantile,0.5,14.76342190688862
2026-08-29,wk inc flu hosp,-1,2026-08-22,34,quantile,0.55,16.15803020930352
2026-08-29,wk inc flu hosp,-1,2026-08-22,34,quantile,0.6,17.678705792652906
2026-08-29,wk inc flu hosp,-1,2026-08-22,34,quantile,0.65,19.32087774424177
2026-08-29,wk inc flu hosp,-1,2026-08-22,34,quantile,0.7,20.066298241125924
2026-08-29,wk inc flu hosp,-1,2026-08-22,34,quantile,0.75,21.85705056462081
2026-08-29,wk inc flu hosp,-1,2026-08-22,34,quantile,0.8,23.65944879145926
2026-08-29,wk inc flu hosp,-1,2026-08-22,34,quantile,0.85,26.20525609780472
2026-08-29,wk inc flu hosp,-1,2026-08-22,34,quantile,0.9,33.11384240294538
2026-08-29,wk inc flu hosp,-1,2026-08-22,34,quantile,0.95,37.2945711315135
2026-08-29,wk inc flu hosp,-1,2026-08-22,34,quantile,0.975,49.30624106720963
2026-08-29,wk inc flu hosp,-1,2026-08-22,34,quantile,0.99,60.70061994288383
2026-08-29,wk inc flu hosp,0,2026-08-29,34,quantile,0.01,0.4614975942760376
2026-08-29,wk inc flu hosp,0,2026-08-29,34,quantile,0.025,1.0664221675987378
2026-08-29,wk inc flu hosp,0,2026-08-29,34,quantile,0.05,1.5134974077061494
2026-08-29,wk inc flu hosp,0,2026-08-29,34,quantile,0.1,3.562782378775529
2026-08-29,wk inc flu hosp,0,2026-08-29,34,quantile,0.15,7.106255888860788
2026-08-29,wk inc flu hosp,0,2026-08-29,34,quantile,0.2,9.734735853966074
2026-08-29,wk inc flu hosp,0,2026-08-29,34,quantile,0.25,12.461998589696288
2026-08-29,wk inc flu hosp,0,2026-08-29,34,quantile,0.3,13.842849269231046
2026-08-29,wk inc flu hosp,0,2026-08-29,34,quantile,0.35,14.99494493669366
2026-08-29,wk inc flu hosp,0,2026-08-29,34,quantile,0.4,16.423243209870325
2026-08-29,wk inc flu hosp,0,2026-08-29,34,quantile,0.45,17.506940000458098
2026-08-29,wk inc flu hosp,0,2026-08-29,34,quantile,0.5,17.971162840263688
2026-08-29,wk inc flu hosp,0,2026-08-29,34,quantile,0.55,18.23119684608151
2026-08-29,wk inc flu hosp,0,2026-08-29,34,quantile,0.6,18.760519908235278
2026-08-29,wk inc flu hosp,0,2026-08-29,34,quantile,0.65,20.64778209270029
2026-08-29,wk inc flu hosp,0,2026-08-29,34,quantile,0.7,22.672724676290958
2026-08-29,wk inc flu hosp,0,2026-08-29,34,quantile,0.75,23.317549743998008
2026-08-29,wk inc flu hosp,0,2026-08-29,34,quantile,0.8,24.81402232461375
2026-08-29,wk inc flu hosp,0,2026-08-29,34,quantile,0.85,27.23104784786719
2026-08-29,wk inc flu hosp,0,2026-08-29,34,quantile,0.9,32.13552991895784
2026-08-29,wk inc flu hosp,0,2026-08-29,34,quantile,0.95,37.74398071495154
2026-08-29,wk inc flu hosp,0,2026-08-29,34,quantile,0.975,43.775202865382745
2026-08-29,wk inc flu hosp,0,2026-08-29,34,quantile,0.99,51.856539205619256
2026-08-29,wk inc flu hosp,1,2026-09-05,34,quantile,0.01,0.44496666188787304
2026-08-29,wk inc flu hosp,1,2026-09-05,34,quantile,0.025,0.9569376265243523
2026-08-29,wk inc flu hosp,1,2026-09-05,34,quantile,0.05,1.2267746786980689
2026-08-29,wk inc flu hosp,1,2026-09-05,34,quantile,0.1,3.847449601076151
2026-08-29,wk inc flu hosp,1,2026-09-05,34,quantile,0.15,5.669747046054776
2026-08-29,wk inc flu hosp,1,2026-09-05,34,quantile,0.2,8.317457696637685
2026-08-29,wk inc flu hosp,1,2026-09-05,34,quantile,0.25,10.42463499525006
2026-08-29,wk inc flu hosp,1,2026-09-05,34,quantile,0.3,11.586917034931481
2026-08-29,wk inc flu hosp,1,2026-09-05,34,quantile,0.35,12.664705103257303
2026-08-29,wk inc flu hosp,1,2026-09-05,34,quantile,0.4,13.716589360809483
2026-08-29,wk inc flu hosp,1,2026-09-05,34,quantile,0.45,14.615043499821853
2026-08-29,wk inc flu hosp,1,2026-09-05,34,quantile,0.5,16.18258646354428
2026-08-29,wk inc flu hosp,1,2026-09-05,34,quantile,0.55,16.788165900078358
2026-08-29,wk inc flu hosp,1,2026-09-05,34,quantile,0.6,18.41495239833373
2026-08-29,wk inc flu hosp,1,2026-09-05,34,quantile,0.65,19.12945579235252
2026-08-29,wk inc flu hosp,1,2026-09-05,34,quantile,0.7,20.040213514561575
2026-08-29,wk inc flu hosp,1,2026-09-05,34,quantile,0.75,22.16807720158618
2026-08-29,wk inc flu hosp,1,2026-09-05,34,quantile,0.8,23.76893276119429
2026-08-29,wk inc flu hosp,1,2026-09-05,34,quantile,0.85,26.698177418797414
2026-08-29,wk inc flu hosp,1,2026-09-05,34,quantile,0.9,30.3342257722694
2026-08-29,wk inc flu hosp,1,2026-09-05,34,quantile,0.95,36.40949810227277
2026-08-29,wk inc flu hosp,1,2026-09-05,34,quantile,0.975,48.3254188524756
2026-08-29,wk inc flu hosp,1,2026-09-05,34,quantile,0.99,57.0474260099709
2026-08-29,wk inc flu hosp,2,2026-09-12,34,quantile,0.01,0.4606378425599814
2026-08-29,wk inc flu hosp,2,2026-09-12,34,quantile,0.025,0.8218370056100753
2026-08-29,wk inc flu hosp,2,2026-09-12,34,quantile,0.05,1.254978106413051
2026-08-29,wk inc flu hosp,2,2026-09-12,34,quantile,0.1,2.6189961654223346
2026-08-29,wk inc flu hosp,2,2026-09-12,34,quantile,0.15,5.218890107686226
2026-08-29,wk inc flu hosp,2,2026-09-12,34,quantile,0.2,8.373697263502303
2026-08-29,wk inc flu hosp,2,2026-09-12,34,quantile,0.25,10.312366368266433
2026-08-29,wk inc flu hosp,2,2026-09-12,34,quantile,0.3,11.971972916934494
2026-08-29,wk inc flu hosp,2,2026-09-12,34,quantile,0.35,13.025767304793032
2026-08-29,wk inc flu hosp,2,2026-09-12,34,quantile,0.4,13.866606946837786
2026-08-29,wk inc flu hosp,2,2026-09-12,34,quantile,0.45,15.58285623549193
2026-08-29,wk inc flu hosp,2,2026-09-12,34,quantile,0.5,16.815137120730366
2026-08-29,wk inc flu hosp,2,2026-09-12,34,quantile,0.55,17.518596141872983
2026-08-29,wk inc flu hosp,2,2026-09-12,34,quantile,0.6,18.741745325798117
2026-08-29,wk inc flu hosp,2,2026-09-12,34,quantile,0.65,19.661191356712724
2026-08-29,wk inc flu hosp,2,2026-09-12,34,quantile,0.7,20.605347621788027
2026-08-29,wk inc flu hosp,2,2026-09-12,34,quantile,0.75,21.768319488276838
2026-08-29,wk inc flu hosp,2,2026-09-12,34,quantile,0.8,23.579637564543443
2026-08-29,wk inc flu hosp,2,2026-09-12,34,quantile,0.85,25.49315366271539
2026-08-29,wk inc flu hosp,2,2026-09-12,34,quantile,0.9,28.336227678667804
2026-08-29,wk inc flu hosp,2,2026-09-12,34,quantile,0.95,36.845936934569046
2026-08-29,wk inc flu hosp,2,2026-09-12,34,quantile,0.975,45.90432615675057
2026-08-29,wk inc flu hosp,2,2026-09-12,34,quantile,0.99,59.378526871124585
2026-08-29,wk inc flu hosp,3,2026-09-19,34,quantile,0.01,0.13008753172812304
2026-08-29,wk inc flu hosp,3,2026-09-19,34,quantile,0.025,0.7222985478090275
2026-08-29,wk inc flu hosp,3,2026-09-19,34,quantile,0.05,1.045062828212343
2026-08-29,wk inc flu hosp,3,2026-09-19,34,quantile,0.1,2.190592757326971
2026-08-29,wk inc flu hosp,3,2026-09-19,34,quantile,0.15,4.612235845712692
2026-08-29,wk inc flu hosp,3,2026-09-19,34,quantile,0.2,7.924095686800871
2026-08-29,wk inc flu hosp,3,2026-09-19,34,quantile,0.25,9.395699099905633
2026-08-29,wk inc flu hosp,3,2026-09-19,34,quantile,0.3,11.533832733612268
2026-08-29,wk inc flu hosp,3,2026-09-19,34,quantile,0.35,11.816783923139017
2026-08-29,wk inc flu hosp,3,2026-09-19,34,quantile,0.4,12.969589381349278
2026-08-29,wk inc flu hosp,3,2026-09-19,34,quantile,0.45,14.030895282676356
2026-08-29,wk inc flu hosp,3,2026-09-19,34,quantile,0.5,14.9881891724363
2026-08-29,wk inc flu hosp,3,2026-09-19,34,quantile,0.55,16.17162960562534
2026-08-29,wk inc flu hosp,3,2026-09-19,34,quantile,0.6,18.029945919793825
2026-08-29,wk inc flu hosp,3,2026-09-19,34,quantile,0.65,19.507595325393897
2026-08-29,wk inc flu hosp,3,2026-09-19,34,quantile,0.7,20.588392795498713
2026-08-29,wk inc flu hosp,3,2026-09-19,34,quantile,0.75,21.40449386671947
2026-08-29,wk inc flu hosp,3,2026-09-19,34,quantile,0.8,23.558148191844293
2026-08-29,wk inc flu hosp,3,2026-09-19,34,quantile,0.85,31.436155292921963
2026-08-29,wk inc flu hosp,3,2026-09-19,34,quantile,0.9,36.513605673894325
2026-08-29,wk inc flu hosp,3,2026-09-19,34,quantile,0.95,47.23346129492014
2026-08-29,wk inc flu hosp,3,2026-09-19,34,quantile,0.975,60.92105890238835
2026-08-29,wk inc flu hosp,3,2026-09-19,34,quantile,0.99,83.64728250120712
2026-08-29,wk inc flu hosp,-1,2026-08-22,35,quantile,0.01,0
2026-08-29,wk inc flu hosp,-1,2026-08-22,35,quantile,0.025,0
2026-08-29,wk inc flu hosp,-1,2026-08-22,35,quantile,0.05,0.028587011918196622
2026-08-29,wk inc flu hosp,-1,2026-08-22,35,quantile,0.1,0.1940419319141773
2026-08-29,wk inc flu hosp,-1,2026-08-22,35,quantile,0.15,0.38321149088875883
2026-08-29,wk inc flu hosp,-1,2026-08-22,35,quantile,0.2,0.5074314377652052
2026-08-29,wk inc flu hosp,-1,2026-08-22,35,quantile,0.25,0.6392322605709015
2026-08-29,wk inc flu hosp,-1,2026-08-22,35,quantile,0.3,0.7001518978088447
2026-08-29,wk inc flu hosp,-1,2026-08-22,35,quantile,0.35,0.813870248186586
2026-08-29,wk inc flu hosp,-1,2026-08-22,35,quantile,0.4,0.9224905352138363
2026-08-29,wk inc flu hosp,-1,2026-08-22,35,quantile,0.45,1.0228732835024115
2026-08-29,wk inc flu hosp,-1,2026-08-22,35,quantile,0.5,1.2255237000211634
2026-08-29,wk inc flu hosp,-1,2026-08-22,35,quantile,0.55,1.4910403057450263
2026-08-29,wk inc flu hosp,-1,2026-08-22,35,quantile,0.6,1.7246036208186548
2026-08-29,wk inc flu hosp,-1,2026-08-22,35,quantile,0.65,2.0177745403485936
2026-08-29,wk inc flu hosp,-1,2026-08-22,35,quantile,0.7,2.2325823532947195
2026-08-29,wk inc flu hosp,-1,2026-08-22,35,quantile,0.75,2.926564384571047
2026-08-29,wk inc flu hosp,-1,2026-08-22,35,quantile,0.8,3.375477078151303
2026-08-29,wk inc flu hosp,-1,2026-08-22,35,quantile,0.85,4.040929235114881
2026-08-29,wk inc flu hosp,-1,2026-08-22,35,quantile,0.9,5.719130307654298
2026-08-29,wk inc flu hosp,-1,2026-08-22,35,quantile,0.95,7.807387432159803
2026-08-29,wk inc flu hosp,-1,2026-08-22,35,quantile,0.975,13.283600948601183
2026-08-29,wk inc flu hosp,-1,2026-08-22,35,quantile,0.99,17.257219128623863
2026-08-29,wk inc flu hosp,0,2026-08-29,35,quantile,0.01,0
2026-08-29,wk inc flu hosp,0,2026-08-29,35,quantile,0.025,0.02562247674414137
2026-08-29,wk inc flu hosp,0,2026-08-29,35,quantile,0.05,0.0476330323256996
2026-08-29,wk inc flu hosp,0,2026-08-29,35,quantile,0.1,0.25379008656210694
2026-08-29,wk inc flu hosp,0,2026-08-29,35,quantile,0.15,0.6038948209816782
2026-08-29,wk inc flu hosp,0,2026-08-29,35,quantile,0.2,0.8789264917731073
2026-08-29,wk inc flu hosp,0,2026-08-29,35,quantile,0.25,1.2104606822853814
2026-08-29,wk inc flu hosp,0,2026-08-29,35,quantile,0.3,1.3772422022061586
2026-08-29,wk inc flu hosp,0,2026-08-29,35,quantile,0.35,1.5800031927246962
2026-08-29,wk inc flu hosp,0,2026-08-29,35,quantile,0.4,1.7577798248203509
2026-08-29,wk inc flu hosp,0,2026-08-29,35,quantile,0.45,2.0322917869601036
2026-08-29,wk inc flu hosp,0,2026-08-29,35,quantile,0.5,2.1960878178012817
2026-08-29,wk inc flu hosp,0,2026-08-29,35,quantile,0.55,2.3161762584919106
2026-08-29,wk inc flu hosp,0,2026-08-29,35,quantile,0.6,2.6061391457077474
2026-08-29,wk inc flu hosp,0,2026-08-29,35,quantile,0.65,3.0580993425856335
2026-08-29,wk inc flu hosp,0,2026-08-29,35,quantile,0.7,3.551282496616485
2026-08-29,wk inc flu hosp,0,2026-08-29,35,quantile,0.75,3.9204064763664053
2026-08-29,wk inc flu hosp,0,2026-08-29,35,quantile,0.8,4.42390904173444
2026-08-29,wk inc flu hosp,0,2026-08-29,35,quantile,0.85,4.950248689807607
2026-08-29,wk inc flu hosp,0,2026-08-29,35,quantile,0.9,6.495830491582171
2026-08-29,wk inc flu hosp,0,2026-08-29,35,quantile,0.95,8.651619381715275
2026-08-29,wk inc flu hosp,0,2026-08-29,35,quantile,0.975,11.763872495484732
2026-08-29,wk inc flu hosp,0,2026-08-29,35,quantile,0.99,15.04445778361888
2026-08-29,wk inc flu hosp,1,2026-09-05,35,quantile,0.01,0
2026-08-29,wk inc flu hosp,1,2026-09-05,35,quantile,0.025,0.014935934807654058
2026-08-29,wk inc flu hosp,1,2026-09-05,35,quantile,0.05,0.036778913386515164
2026-08-29,wk inc flu hosp,1,2026-09-05,35,quantile,0.1,0.305165648682369
2026-08-29,wk inc flu hosp,1,2026-09-05,35,quantile,0.15,0.495116805853875
2026-08-29,wk inc flu hosp,1,2026-09-05,35,quantile,0.2,0.8018872734829054
2026-08-29,wk inc flu hosp,1,2026-09-05,35,quantile,0.25,1.0800635362562945
2026-08-29,wk inc flu hosp,1,2026-09-05,35,quantile,0.3,1.2341359734608033
2026-08-29,wk inc flu hosp,1,2026-09-05,35,quantile,0.35,1.4404659224172933
2026-08-29,wk inc flu hosp,1,2026-09-05,35,quantile,0.4,1.6154352687127767
2026-08-29,wk inc flu hosp,1,2026-09-05,35,quantile,0.45,1.7025690858247886
2026-08-29,wk inc flu hosp,1,2026-09-05,35,quantile,0.5,2.0785553533778884
2026-08-29,wk inc flu hosp,1,2026-09-05,35,quantile,0.55,2.185166015346284
2026-08-29,wk inc flu hosp,1,2026-09-05,35,quantile,0.6,2.648040203778156
2026-08-29,wk inc flu hosp,1,2026-09-05,35,quantile,0.65,2.787964975597872
2026-08-29,wk inc flu hosp,1,2026-09-05,35,quantile,0.7,2.929885197587607
2026-08-29,wk inc flu hosp,1,2026-09-05,35,quantile,0.75,3.6689131327357747
2026-08-29,wk inc flu hosp,1,2026-09-05,35,quantile,0.8,4.226238214021251
2026-08-29,wk inc flu hosp,1,2026-09-05,35,quantile,0.85,5.292157227216921
2026-08-29,wk inc flu hosp,1,2026-09-05,35,quantile,0.9,6.863019859676076
2026-08-29,wk inc flu hosp,1,2026-09-05,35,quantile,0.95,9.712416345565071
2026-08-29,wk inc flu hosp,1,2026-09-05,35,quantile,0.975,13.699391798099223
2026-08-29,wk inc flu hosp,1,2026-09-05,35,quantile,0.99,17.550543959354663
2026-08-29,wk inc flu hosp,2,2026-09-12,35,quantile,0.01,0
2026-08-29,wk inc flu hosp,2,2026-09-12,35,quantile,0.025,0.0033227978371999822
2026-08-29,wk inc flu hosp,2,2026-09-12,35,quantile,0.05,0.02641634280819994
2026-08-29,wk inc flu hosp,2,2026-09-12,35,quantile,0.1,0.10131091904657605
2026-08-29,wk inc flu hosp,2,2026-09-12,35,quantile,0.15,0.3351877328825699
2026-08-29,wk inc flu hosp,2,2026-09-12,35,quantile,0.2,0.6808477160171742
2026-08-29,wk inc flu hosp,2,2026-09-12,35,quantile,0.25,0.9651318912681692
2026-08-29,wk inc flu hosp,2,2026-09-12,35,quantile,0.3,1.218807061348528
2026-08-29,wk inc flu hosp,2,2026-09-12,35,quantile,0.35,1.43008021560292
2026-08-29,wk inc flu hosp,2,2026-09-12,35,quantile,0.4,1.53051335933685
2026-08-29,wk inc flu hosp,2,2026-09-12,35,quantile,0.45,1.7899514399208936
2026-08-29,wk inc flu hosp,2,2026-09-12,35,quantile,0.5,2.0288454816559383
2026-08-29,wk inc flu hosp,2,2026-09-12,35,quantile,0.55,2.2043064787842606
2026-08-29,wk inc flu hosp,2,2026-09-12,35,quantile,0.6,2.5328931326412536
2026-08-29,wk inc flu hosp,2,2026-09-12,35,quantile,0.65,2.6786149882383556
2026-08-29,wk inc flu hosp,2,2026-09-12,35,quantile,0.7,2.964413356194664
2026-08-29,wk inc flu hosp,2,2026-09-12,35,quantile,0.75,3.2184525995740745
2026-08-29,wk inc flu hosp,2,2026-09-12,35,quantile,0.8,3.8893565097715195
2026-08-29,wk inc flu hosp,2,2026-09-12,35,quantile,0.85,4.549628139932398
2026-08-29,wk inc flu hosp,2,2026-09-12,35,quantile,0.9,5.68663649171445
2026-08-29,wk inc flu hosp,2,2026-09-12,35,quantile,0.95,8.170905653922802
2026-08-29,wk inc flu hosp,2,2026-09-12,35,quantile,0.975,10.651127654630377
2026-08-29,wk inc flu hosp,2,2026-09-12,35,quantile,0.99,15.646582017587356
2026-08-29,wk inc flu hosp,3,2026-09-19,35,quantile,0.01,0
2026-08-29,wk inc flu hosp,3,2026-09-19,35,quantile,0.025,0.029345355448955855
2026-08-29,wk inc flu hosp,3,2026-09-19,35,quantile,0.05,0.054635654725637466
2026-08-29,wk inc flu hosp,3,2026-09-19,35,quantile,0.1,0.1602350660373896
2026-08-29,wk inc flu hosp,3,2026-09-19,35,quantile,0.15,0.4319367908615396
2026-08-29,wk inc flu hosp,3,2026-09-19,35,quantile,0.2,0.8046509741381775
2026-08-29,wk inc flu hosp,3,2026-09-19,35,quantile,0.25,1.0505557836384747
2026-08-29,wk inc flu hosp,3,2026-09-19,35,quantile,0.3,1.3982762180278216
2026-08-29,wk inc flu hosp,3,2026-09-19,35,quantile,0.35,1.4899842036165862
2026-08-29,wk inc flu hosp,3,2026-09-19,35,quantile,0.4,1.7572492909410824
2026-08-29,wk inc flu hosp,3,2026-09-19,35,quantile,0.45,1.9464781344224567
2026-08-29,wk inc flu hosp,3,2026-09-19,35,quantile,0.5,2.0959608061061883
2026-08-29,wk inc flu hosp,3,2026-09-19,35,quantile,0.55,2.293386203439188
2026-08-29,wk inc flu hosp,3,2026-09-19,35,quantile,0.6,2.755748172195674
2026-08-29,wk inc flu hosp,3,2026-09-19,35,quantile,0.65,3.045296228528426
2026-08-29,wk inc flu hosp,3,2026-09-19,35,quantile,0.7,3.229361153815496
2026-08-29,wk inc flu hosp,3,2026-09-19,35,quantile,0.75,3.588929141048272
2026-08-29,wk inc flu hosp,3,2026-09-19,35,quantile,0.8,4.13372754387362
2026-08-29,wk inc flu hosp,3,2026-09-19,35,quantile,0.85,6.664047411192787
2026-08-29,wk inc flu hosp,3,2026-09-19,35,quantile,0.9,8.19060972096813
2026-08-29,wk inc flu hosp,3,2026-09-19,35,quantile,0.95,11.4014249793597
2026-08-29,wk inc flu hosp,3,2026-09-19,35,quantile,0.975,15.653491503516177
2026-08-29,wk inc flu hosp,3,2026-09-19,35,quantile,0.99,26.3811396142022
2026-08-29,wk inc flu hosp,-1,2026-08-22,32,quantile,0.01,0.5705718502860521
2026-08-29,wk inc flu hosp,-1,2026-08-22,32,quantile,0.025,1.1747986053730817
2026-08-29,wk inc flu hosp,-1,2026-08-22,32,quantile,0.05,2.431920441144773
2026-08-29,wk inc flu hosp,-1,2026-08-22,32,quantile,0.1,4.105288534116823
2026-08-29,wk inc flu hosp,-1,2026-08-22,32,quantile,0.15,6.165803721962182
2026-08-29,wk inc flu hosp,-1,2026-08-22,32,quantile,0.2,6.823670837078465
2026-08-29,wk inc flu hosp,-1,2026-08-22,32,quantile,0.25,7.76275015239115
2026-08-29,wk inc flu hosp,-1,2026-08-22,32,quantile,0.3,8.124689844026658
2026-08-29,wk inc flu hosp,-1,2026-08-22,32,quantile,0.35,8.783456218175532
2026-08-29,wk inc flu hosp,-1,2026-08-22,32,quantile,0.4,9.160649433618305
2026-08-29,wk inc flu hosp,-1,2026-08-22,32,quantile,0.45,9.360941093980422
2026-08-29,wk inc flu hosp,-1,2026-08-22,32,quantile,0.5,9.713586281935498
2026-08-29,wk inc flu hosp,-1,2026-08-22,32,quantile,0.55,10.280286609555787
2026-08-29,wk inc flu hosp,-1,2026-08-22,32,quantile,0.6,10.862921313181173
2026-08-29,wk inc flu hosp,-1,2026-08-22,32,quantile,0.65,11.477668107813262
2026-08-29,wk inc flu hosp,-1,2026-08-22,32,quantile,0.7,12.092843279472133
2026-08-29,wk inc flu hosp,-1,2026-08-22,32,quantile,0.75,13.0028823510198
2026-08-29,wk inc flu hosp,-1,2026-08-22,32,quantile,0.8,13.470091511866602
2026-08-29,wk inc flu hosp,-1,2026-08-22,32,quantile,0.85,14.329797611248567
2026-08-29,wk inc flu hosp,-1,2026-08-22,32,quantile,0.9,16.625021614310977
2026-08-29,wk inc flu hosp,-1,2026-08-22,32,quantile,0.95,19.730074998516034
2026-08-29,wk inc flu hosp,-1,2026-08-22,32,quantile,0.975,24.299691985864133
2026-08-29,wk inc flu hosp,-1,2026-08-22,32,quantile,0.99,28.1907210864107
2026-08-29,wk inc flu hosp,0,2026-08-29,32,quantile,0.01,0.5715552147335764
2026-08-29,wk inc flu hosp,0,2026-08-29,32,quantile,0.025,1.870888539166847
2026-08-29,wk inc flu hosp,0,2026-08-29,32,quantile,0.05,1.9831648453053106
2026-08-29,wk inc flu hosp,0,2026-08-29,32,quantile,0.1,3.7323473764846913
2026-08-29,wk inc flu hosp,0,2026-08-29,32,quantile,0.15,5.255336211053239
2026-08-29,wk inc flu hosp,0,2026-08-29,32,quantile,0.2,5.751195722193276
2026-08-29,wk inc flu hosp,0,2026-08-29,32,quantile,0.25,6.49030940934548
2026-08-29,wk inc flu hosp,0,2026-08-29,32,quantile,0.3,6.803097709837445
2026-08-29,wk inc flu hosp,0,2026-08-29,32,quantile,0.35,7.208960628400244
2026-08-29,wk inc flu hosp,0,2026-08-29,32,quantile,0.4,7.663821521966047
2026-08-29,wk inc flu hosp,0,2026-08-29,32,quantile,0.45,8.177984945538883
2026-08-29,wk inc flu hosp,0,2026-08-29,32,quantile,0.5,8.447066324316548
2026-08-29,wk inc flu hosp,0,2026-08-29,32,quantile,0.55,9.070877306936165
2026-08-29,wk inc flu hosp,0,2026-08-29,32,quantile,0.6,9.692671843145247
2026-08-29,wk inc flu hosp,0,2026-08-29,32,quantile,0.65,10.358067603224056
2026-08-29,wk inc flu hosp,0,2026-08-29,32,quantile,0.7,10.693177714218695
2026-08-29,wk inc flu hosp,0,2026-08-29,32,quantile,0.75,11.592312337431453
2026-08-29,wk inc flu hosp,0,2026-08-29,32,quantile,0.8,12.491667344878406
2026-08-29,wk inc flu hosp,0,2026-08-29,32,quantile,0.85,13.281282861004208
2026-08-29,wk inc flu hosp,0,2026-08-29,32,quantile,0.9,15.504126421061228
2026-08-29,wk inc flu hosp,0,2026-08-29,32,quantile,0.95,18.923083571580325
2026-08-29,wk inc flu hosp,0,2026-08-29,32,quantile,0.975,23.845007751849746
2026-08-29,wk inc flu hosp,0,2026-08-29,32,quantile,0.99,28.825433210684732
2026-08-29,wk inc flu hosp,1,2026-09-05,32,quantile,0.01,0.7721915410233516
2026-08-29,wk inc flu hosp,1,2026-09-05,32,quantile,0.025,1.5246555484751334
2026-08-29,wk inc flu hosp,1,2026-09-05,32,quantile,0.05,2.0962035331010394
2026-08-29,wk inc flu hosp,1,2026-09-05,32,quantile,0.1,3.943121055488922
2026-08-29,wk inc flu hosp,1,2026-09-05,32,quantile,0.15,4.687189904375745
2026-08-29,wk inc flu hosp,1,2026-09-05,32,quantile,0.2,5.8156498487132176
2026-08-29,wk inc flu hosp,1,2026-09-05,32,quantile,0.25,6.5785507914401355
2026-08-29,wk inc flu hosp,1,2026-09-05,32,quantile,0.3,7.294420993572562
2026-08-29,wk inc flu hosp,1,2026-09-05,32,quantile,0.35,7.9456011826589705
2026-08-29,wk inc flu hosp,1,2026-09-05,32,quantile,0.4,8.215901673824376
2026-08-29,wk inc flu hosp,1,2026-09-05,32,quantile,0.45,8.72127765134753
2026-08-29,wk inc flu hosp,1,2026-09-05,32,quantile,0.5,9.082186301227386
2026-08-29,wk inc flu hosp,1,2026-09-05,32,quantile,0.55,9.369583589055631
2026-08-29,wk inc flu hosp,1,2026-09-05,32,quantile,0.6,9.933283108605531
2026-08-29,wk inc flu hosp,1,2026-09-05,32,quantile,0.65,10.467463148695563
2026-08-29,wk inc flu hosp,1,2026-09-05,32,quantile,0.7,10.818627863933363
2026-08-29,wk inc flu hosp,1,2026-09-05,32,quantile,0.75,12.060589460786026
2026-08-29,wk inc flu hosp,1,2026-09-05,32,quantile,0.8,12.93630832886106
2026-08-29,wk inc flu hosp,1,2026-09-05,32,quantile,0.85,14.797529095606846
2026-08-29,wk inc flu hosp,1,2026-09-05,32,quantile,0.9,17.26581568789847
2026-08-29,wk inc flu hosp,1,2026-09-05,32,quantile,0.95,20.419642657482157
2026-08-29,wk inc flu hosp,1,2026-09-05,32,quantile,0.975,23.88899774331567
2026-08-29,wk inc flu hosp,1,2026-09-05,32,quantile,0.99,30.476307673056063
2026-08-29,wk inc flu hosp,2,2026-09-12,32,quantile,0.01,0.7844822955569595
2026-08-29,wk inc flu hosp,2,2026-09-12,32,quantile,0.025,1.2325614899667303
2026-08-29,wk inc flu hosp,2,2026-09-12,32,quantile,0.05,1.8661052028428087
2026-08-29,wk inc flu hosp,2,2026-09-12,32,quantile,0.1,2.751943290483206
2026-08-29,wk inc flu hosp,2,2026-09-12,32,quantile,0.15,4.078756470243986
2026-08-29,wk inc flu hosp,2,2026-09-12,32,quantile,0.2,4.944488969471847
2026-08-29,wk inc flu hosp,2,2026-09-12,32,quantile,0.25,5.73604989853179
2026-08-29,wk inc flu hosp,2,2026-09-12,32,quantile,0.3,6.698578840677799
2026-08-29,wk inc flu hosp,2,2026-09-12,32,quantile,0.35,7.366603901691213
2026-08-29,wk inc flu hosp,2,2026-09-12,32,quantile,0.4,7.740995463515497
2026-08-29,wk inc flu hosp,2,2026-09-12,32,quantile,0.45,8.300717621645203
2026-08-29,wk inc flu hosp,2,2026-09-12,32,quantile,0.5,8.653477712785596
2026-08-29,wk inc flu hosp,2,2026-09-12,32,quantile,0.55,9.079367258758333
2026-08-29,wk inc flu hosp,2,2026-09-12,32,quantile,0.6,9.790248986522275
2026-08-29,wk inc flu hosp,2,2026-09-12,32,quantile,0.65,10.093246841487717
2026-08-29,wk inc flu hosp,2,2026-09-12,32,quantile,0.7,10.688845982856543
2026-08-29,wk inc flu hosp,2,2026-09-12,32,quantile,0.75,11.379598749531684
2026-08-29,wk inc flu hosp,2,2026-09-12,32,quantile,0.8,13.20405132824038
2026-08-29,wk inc flu hosp,2,2026-09-12,32,quantile,0.85,14.937825292790459
2026-08-29,wk inc flu hosp,2,2026-09-12,32,quantile,0.9,17.42608637541089
2026-08-29,wk inc flu hosp,2,2026-09-12,32,quantile,0.95,20.803465910015053
2026-08-29,wk inc flu hosp,2,2026-09-12,32,quantile,0.975,24.409282931386947
2026-08-29,wk inc flu hosp,2,2026-09-12,32,quantile,0.99,31.040980552335732
2026-08-29,wk inc flu hosp,3,2026-09-19,32,quantile,0.01,0.4403788181453711
2026-08-29,wk inc flu hosp,3,2026-09-19,32,quantile,0.025,1.5483989080297267
2026-08-29,wk inc flu hosp,3,2026-09-19,32,quantile,0.05,1.9752761941189094
2026-08-29,wk inc flu hosp,3,2026-09-19,32,quantile,0.1,2.5701647972765067
2026-08-29,wk inc flu hosp,3,2026-09-19,32,quantile,0.15,3.64367128879549
2026-08-29,wk inc flu hosp,3,2026-09-19,32,quantile,0.2,4.755534228315657
2026-08-29,wk inc flu hosp,3,2026-09-19,32,quantile,0.25,5.897205860639427
2026-08-29,wk inc flu hosp,3,2026-09-19,32,quantile,0.3,6.814142929430241
2026-08-29,wk inc flu hosp,3,2026-09-19,32,quantile,0.35,7.4672778805713405
2026-08-29,wk inc flu hosp,3,2026-09-19,32,quantile,0.4,8.154763019444639
2026-08-29,wk inc flu hosp,3,2026-09-19,32,quantile,0.45,8.45293898020482
2026-08-29,wk inc flu hosp,3,2026-09-19,32,quantile,0.5,8.812361324932692
2026-08-29,wk inc flu hosp,3,2026-09-19,32,quantile,0.55,9.328011179540152
2026-08-29,wk inc flu hosp,3,2026-09-19,32,quantile,0.6,9.688338333776814
2026-08-29,wk inc flu hosp,3,2026-09-19,32,quantile,0.65,10.328358088007969
2026-08-29,wk inc flu hosp,3,2026-09-19,32,quantile,0.7,10.860209384629728
2026-08-29,wk inc flu hosp,3,2026-09-19,32,quantile,0.75,11.580989759250631
2026-08-29,wk inc flu hosp,3,2026-09-19,32,quantile,0.8,12.42690119017039
2026-08-29,wk inc flu hosp,3,2026-09-19,32,quantile,0.85,14.861019901864928
2026-08-29,wk inc flu hosp,3,2026-09-19,32,quantile,0.9,17.445075460358115
2026-08-29,wk inc flu hosp,3,2026-09-19,32,quantile,0.95,21.884053732347066
2026-08-29,wk inc flu hosp,3,2026-09-19,32,quantile,0.975,26.859033322981936
2026-08-29,wk inc flu hosp,3,2026-09-19,32,quantile,0.99,37.751418046231855
2026-08-29,wk inc flu hosp,-1,2026-08-22,36,quantile,0.01,0.1032943702427618
2026-08-29,wk inc flu hosp,-1,2026-08-22,36,quantile,0.025,0.48968708255483134
2026-08-29,wk inc flu hosp,-1,2026-08-22,36,quantile,0.05,1.811385420313225
2026-08-29,wk inc flu hosp,-1,2026-08-22,36,quantile,0.1,4.71694959048157
2026-08-29,wk inc flu hosp,-1,2026-08-22,36,quantile,0.15,8.215363411248806
2026-08-29,wk inc flu hosp,-1,2026-08-22,36,quantile,0.2,9.64519200776373
2026-08-29,wk inc flu hosp,-1,2026-08-22,36,quantile,0.25,13.126687628252155
2026-08-29,wk inc flu hosp,-1,2026-08-22,36,quantile,0.3,14.449606188486298
2026-08-29,wk inc flu hosp,-1,2026-08-22,36,quantile,0.35,15.338397187173516
2026-08-29,wk inc flu hosp,-1,2026-08-22,36,quantile,0.4,16.63751381844463
2026-08-29,wk inc flu hosp,-1,2026-08-22,36,quantile,0.45,17.435219143937164
2026-08-29,wk inc flu hosp,-1,2026-08-22,36,quantile,0.5,18.66089560317315
2026-08-29,wk inc flu hosp,-1,2026-08-22,36,quantile,0.55,19.926145402378495
2026-08-29,wk inc flu hosp,-1,2026-08-22,36,quantile,0.6,21.195333210800896
2026-08-29,wk inc flu hosp,-1,2026-08-22,36,quantile,0.65,23.305570389034006
2026-08-29,wk inc flu hosp,-1,2026-08-22,36,quantile,0.7,25.936472867312535
2026-08-29,wk inc flu hosp,-1,2026-08-22,36,quantile,0.75,31.407896926345877
2026-08-29,wk inc flu hosp,-1,2026-08-22,36,quantile,0.8,34.18073091018694
2026-08-29,wk inc flu hosp,-1,2026-08-22,36,quantile,0.85,37.66640849505966
2026-08-29,wk inc flu hosp,-1,2026-08-22,36,quantile,0.9,49.5700027668316
2026-08-29,wk inc flu hosp,-1,2026-08-22,36,quantile,0.95,64.4834384476154
2026-08-29,wk inc flu hosp,-1,2026-08-22,36,quantile,0.975,95.22435525335764
2026-08-29,wk inc flu hosp,-1,2026-08-22,36,quantile,0.99,122.37284498986813
2026-08-29,wk inc flu hosp,0,2026-08-29,36,quantile,0.01,0.16465868217336305
2026-08-29,wk inc flu hosp,0,2026-08-29,36,quantile,0.025,1.2314523591237372
2026-08-29,wk inc flu hosp,0,2026-08-29,36,quantile,0.05,1.5614681159673676
2026-08-29,wk inc flu hosp,0,2026-08-29,36,quantile,0.1,4.6336861275135215
2026-08-29,wk inc flu hosp,0,2026-08-29,36,quantile,0.15,7.92698002493034
2026-08-29,wk inc flu hosp,0,2026-08-29,36,quantile,0.2,9.845782069839068
2026-08-29,wk inc flu hosp,0,2026-08-29,36,quantile,0.25,11.450922025353726
2026-08-29,wk inc flu hosp,0,2026-08-29,36,quantile,0.3,12.573684647068477
2026-08-29,wk inc flu hosp,0,2026-08-29,36,quantile,0.35,13.881792757458076
2026-08-29,wk inc flu hosp,0,2026-08-29,36,quantile,0.4,15.219798593547965
2026-08-29,wk inc flu hosp,0,2026-08-29,36,quantile,0.45,17.942158975191333
2026-08-29,wk inc flu hosp,0,2026-08-29,36,quantile,0.5,19.063742558306004
2026-08-29,wk inc flu hosp,0,2026-08-29,36,quantile,0.55,22.34070736147422
2026-08-29,wk inc flu hosp,0,2026-08-29,36,quantile,0.6,25.023725616324146
2026-08-29,wk inc flu hosp,0,2026-08-29,36,quantile,0.65,27.532511895957825
2026-08-29,wk inc flu hosp,0,2026-08-29,36,quantile,0.7,29.742124276345116
2026-08-29,wk inc flu hosp,0,2026-08-29,36,quantile,0.75,33.40245019218082
2026-08-29,wk inc flu hosp,0,2026-08-29,36,quantile,0.8,36.65552169353722
2026-08-29,wk inc flu hosp,0,2026-08-29,36,quantile,0.85,41.38814751131134
2026-08-29,wk inc flu hosp,0,2026-08-29,36,quantile,0.9,52.76091752952954
2026-08-29,wk inc flu hosp,0,2026-08-29,36,quantile,0.95,69.00893247313948
2026-08-29,wk inc flu hosp,0,2026-08-29,36,quantile,0.975,100.1548985537101
2026-08-29,wk inc flu hosp,0,2026-08-29,36,quantile,0.99,126.29393290400684
2026-08-29,wk inc flu hosp,1,2026-09-05,36,quantile,0.01,0.38092088339125124
2026-08-29,wk inc flu hosp,1,2026-09-05,36,quantile,0.025,1.0819460157188197
2026-08-29,wk inc flu hosp,1,2026-09-05,36,quantile,0.05,1.6854855332256695
2026-08-29,wk inc flu hosp,1,2026-09-05,36,quantile,0.1,4.865634704232934
2026-08-29,wk inc flu hosp,1,2026-09-05,36,quantile,0.15,6.75989374133687
2026-08-29,wk inc flu hosp,1,2026-09-05,36,quantile,0.2,10.264804014867178
2026-08-29,wk inc flu hosp,1,2026-09-05,36,quantile,0.25,12.458873499235098
2026-08-29,wk inc flu hosp,1,2026-09-05,36,quantile,0.3,14.579998308165628
2026-08-29,wk inc flu hosp,1,2026-09-05,36,quantile,0.35,16.632497215814045
2026-08-29,wk inc flu hosp,1,2026-09-05,36,quantile,0.4,18.184297630921755
2026-08-29,wk inc flu hosp,1,2026-09-05,36,quantile,0.45,20.33564848312829
2026-08-29,wk inc flu hosp,1,2026-09-05,36,quantile,0.5,22.139318073573016
2026-08-29,wk inc flu hosp,1,2026-09-05,36,quantile,0.55,23.411579715044688
2026-08-29,wk inc flu hosp,1,2026-09-05,36,quantile,0.6,25.325270179053767
2026-08-29,wk inc flu hosp,1,2026-09-05,36,quantile,0.65,27.5320625411899
2026-08-29,wk inc flu hosp,1,2026-09-05,36,quantile,0.7,29.13623296752348
2026-08-29,wk inc flu hosp,1,2026-09-05,36,quantile,0.75,33.924814169206734
2026-08-29,wk inc flu hosp,1,2026-09-05,36,quantile,0.8,38.15887704638974
2026-08-29,wk inc flu hosp,1,2026-09-05,36,quantile,0.85,45.73026462924319
2026-08-29,wk inc flu hosp,1,2026-09-05,36,quantile,0.9,56.85082558198296
2026-08-29,wk inc flu hosp,1,2026-09-05,36,quantile,0.95,73.81452183004694
2026-08-29,wk inc flu hosp,1,2026-09-05,36,quantile,0.975,94.05620074524042
2026-08-29,wk inc flu hosp,1,2026-09-05,36,quantile,0.99,132.37083656339914
2026-08-29,wk inc flu hosp,2,2026-09-12,36,quantile,0.01,0.24529384065788565
2026-08-29,wk inc flu hosp,2,2026-09-12,36,quantile,0.025,0.5469464245454034
2026-08-29,wk inc flu hosp,2,2026-09-12,36,quantile,0.05,1.5082265917793929
2026-08-29,wk inc flu hosp,2,2026-09-12,36,quantile,0.1,3.113327049752504
2026-08-29,wk inc flu hosp,2,2026-09-12,36,quantile,0.15,5.517940610691684
2026-08-29,wk inc flu hosp,2,2026-09-12,36,quantile,0.2,7.687553833983612
2026-08-29,wk inc flu hosp,2,2026-09-12,36,quantile,0.25,9.921568725968308
2026-08-29,wk inc flu hosp,2,2026-09-12,36,quantile,0.3,12.623345371732649
2026-08-29,wk inc flu hosp,2,2026-09-12,36,quantile,0.35,14.688739926575181
2026-08-29,wk inc flu hosp,2,2026-09-12,36,quantile,0.4,16.106307894624685
2026-08-29,wk inc flu hosp,2,2026-09-12,36,quantile,0.45,17.72351221666537
2026-08-29,wk inc flu hosp,2,2026-09-12,36,quantile,0.5,19.28622318216762
2026-08-29,wk inc flu hosp,2,2026-09-12,36,quantile,0.55,21.16042666238995
2026-08-29,wk inc flu hosp,2,2026-09-12,36,quantile,0.6,24.08138474579388
2026-08-29,wk inc flu hosp,2,2026-09-12,36,quantile,0.65,25.71007466555052
2026-08-29,wk inc flu hosp,2,2026-09-12,36,quantile,0.7,28.08603541742689
2026-08-29,wk inc flu hosp,2,2026-09-12,36,quantile,0.75,30.718296989141656
2026-08-29,wk inc flu hosp,2,2026-09-12,36,quantile,0.8,39.01414708837799
2026-08-29,wk inc flu hosp,2,2026-09-12,36,quantile,0.85,45.89508104374054
2026-08-29,wk inc flu hosp,2,2026-09-12,36,quantile,0.9,58.285863991770576
2026-08-29,wk inc flu hosp,2,2026-09-12,36,quantile,0.95,76.50857033626723
2026-08-29,wk inc flu hosp,2,2026-09-12,36,quantile,0.975,96.00296925317016
2026-08-29,wk inc flu hosp,2,2026-09-12,36,quantile,0.99,130.03509546684035
2026-08-29,wk inc flu hosp,3,2026-09-19,36,quantile,0.01,0.05072027032972346
2026-08-29,wk inc flu hosp,3,2026-09-19,36,quantile,0.025,1.2446104865646286
2026-08-29,wk inc flu hosp,3,2026-09-19,36,quantile,0.05,1.7028219769843216
2026-08-29,wk inc flu hosp,3,2026-09-19,36,quantile,0.1,2.8732179710144488
2026-08-29,wk inc flu hosp,3,2026-09-19,36,quantile,0.15,5.379680883351145
2026-08-29,wk inc flu hosp,3,2026-09-19,36,quantile,0.2,8.0055042037666
2026-08-29,wk inc flu hosp,3,2026-09-19,36,quantile,0.25,11.167306917760145
2026-08-29,wk inc flu hosp,3,2026-09-19,36,quantile,0.3,13.588072510514266
2026-08-29,wk inc flu hosp,3,2026-09-19,36,quantile,0.35,15.866109696202834
2026-08-29,wk inc flu hosp,3,2026-09-19,36,quantile,0.4,18.622325126775053
2026-08-29,wk inc flu hosp,3,2026-09-19,36,quantile,0.45,19.824665034495073
2026-08-29,wk inc flu hosp,3,2026-09-19,36,quantile,0.5,21.10995303150947
2026-08-29,wk inc flu hosp,3,2026-09-19,36,quantile,0.55,23.036193441007192
2026-08-29,wk inc flu hosp,3,2026-09-19,36,quantile,0.6,24.890704538020206
2026-08-29,wk inc flu hosp,3,2026-09-19,36,quantile,0.65,27.184291967883503
2026-08-29,wk inc flu hosp,3,2026-09-19,36,quantile,0.7,29.484219398027424
2026-08-29,wk inc flu hosp,3,2026-09-19,36,quantile,0.75,32.89776777983852
2026-08-29,wk inc flu hosp,3,2026-09-19,36,quantile,0.8,36.690152387998815
2026-08-29,wk inc flu hosp,3,2026-09-19,36,quantile,0.85,47.15174804722599
2026-08-29,wk inc flu hosp,3,2026-09-19,36,quantile,0.9,57.28268710401119
2026-08-29,wk inc flu hosp,3,2026-09-19,36,quantile,0.95,79.27678820231455
2026-08-29,wk inc flu hosp,3,2026-09-19,36,quantile,0.975,108.95856458735977
2026-08-29,wk inc flu hosp,3,2026-09-19,36,quantile,0.99,164.11165376885126
2026-08-29,wk inc flu hosp,-1,2026-08-22,39,quantile,0.01,0.2211619089835039
2026-08-29,wk inc flu hosp,-1,2026-08-22,39,quantile,0.025,0.3110412326783485
2026-08-29,wk inc flu hosp,-1,2026-08-22,39,quantile,0.05,0.5865709437806306
2026-08-29,wk inc flu hosp,-1,2026-08-22,39,quantile,0.1,1.7189400220643463
2026-08-29,wk inc flu hosp,-1,2026-08-22,39,quantile,0.15,2.9741146084528913
2026-08-29,wk inc flu hosp,-1,2026-08-22,39,quantile,0.2,4.123570549751139
2026-08-29,wk inc flu hosp,-1,2026-08-22,39,quantile,0.25,5.248560536569886
2026-08-29,wk inc flu hosp,-1,2026-08-22,39,quantile,0.3,5.7609908541225225
2026-08-29,wk inc flu hosp,-1,2026-08-22,39,quantile,0.35,6.39838016690031
2026-08-29,wk inc flu hosp,-1,2026-08-22,39,quantile,0.4,7.16010377985149
2026-08-29,wk inc flu hosp,-1,2026-08-22,39,quantile,0.45,7.9430771504431386
2026-08-29,wk inc flu hosp,-1,2026-08-22,39,quantile,0.5,9.028891546869918
2026-08-29,wk inc flu hosp,-1,2026-08-22,39,quantile,0.55,9.977806095477913
2026-08-29,wk inc flu hosp,-1,2026-08-22,39,quantile,0.6,11.005171183637954
2026-08-29,wk inc flu hosp,-1,2026-08-22,39,quantile,0.65,12.201380346931717
2026-08-29,wk inc flu hosp,-1,2026-08-22,39,quantile,0.7,13.070036435011705
2026-08-29,wk inc flu hosp,-1,2026-08-22,39,quantile,0.75,15.565408795390423
2026-08-29,wk inc flu hosp,-1,2026-08-22,39,quantile,0.8,17.335075438219537
2026-08-29,wk inc flu hosp,-1,2026-08-22,39,quantile,0.85,19.581048520721783
2026-08-29,wk inc flu hosp,-1,2026-08-22,39,quantile,0.9,27.302631333562587
2026-08-29,wk inc flu hosp,-1,2026-08-22,39,quantile,0.95,31.861177568585685
2026-08-29,wk inc flu hosp,-1,2026-08-22,39,quantile,0.975,47.40047045384434
2026-08-29,wk inc flu hosp,-1,2026-08-22,39,quantile,0.99,61.87937843962533
2026-08-29,wk inc flu hosp,0,2026-08-29,39,quantile,0.01,0.35355341111434524
2026-08-29,wk inc flu hosp,0,2026-08-29,39,quantile,0.025,0.40542103402906027
2026-08-29,wk inc flu hosp,0,2026-08-29,39,quantile,0.05,0.6966218381087323
2026-08-29,wk inc flu hosp,0,2026-08-29,39,quantile,0.1,1.7254249741741388
2026-08-29,wk inc flu hosp,0,2026-08-29,39,quantile,0.15,3.4032712148223414
2026-08-29,wk inc flu hosp,0,2026-08-29,39,quantile,0.2,5.140925769544949
2026-08-29,wk inc flu hosp,0,2026-08-29,39,quantile,0.25,6.212389857479154
2026-08-29,wk inc flu hosp,0,2026-08-29,39,quantile,0.3,7.124270651723019
2026-08-29,wk inc flu hosp,0,2026-08-29,39,quantile,0.35,8.013295855470567
2026-08-29,wk inc flu hosp,0,2026-08-29,39,quantile,0.4,8.823604432418064
2026-08-29,wk inc flu hosp,0,2026-08-29,39,quantile,0.45,10.752773307815113
2026-08-29,wk inc flu hosp,0,2026-08-29,39,quantile,0.5,11.421028931457197
2026-08-29,wk inc flu hosp,0,2026-08-29,39,quantile,0.55,12.682620550275184
2026-08-29,wk inc flu hosp,0,2026-08-29,39,quantile,0.6,13.695988947522185
2026-08-29,wk inc flu hosp,0,2026-08-29,39,quantile,0.65,15.239129420788824
2026-08-29,wk inc flu hosp,0,2026-08-29,39,quantile,0.7,17.608170848579498
2026-08-29,wk inc flu hosp,0,2026-08-29,39,quantile,0.75,18.576193745316896
2026-08-29,wk inc flu hosp,0,2026-08-29,39,quantile,0.8,19.674224842219573
2026-08-29,wk inc flu hosp,0,2026-08-29,39,quantile,0.85,22.63134353799834
2026-08-29,wk inc flu hosp,0,2026-08-29,39,quantile,0.9,28.043229436251465
2026-08-29,wk inc flu hosp,0,2026-08-29,39,quantile,0.95,34.10568822816542
2026-08-29,wk inc flu hosp,0,2026-08-29,39,quantile,0.975,45.94712149742242
2026-08-29,wk inc flu hosp,0,2026-08-29,39,quantile,0.99,54.52103937690264
2026-08-29,wk inc flu hosp,1,2026-09-05,39,quantile,0.01,0.399224823084127
2026-08-29,wk inc flu hosp,1,2026-09-05,39,quantile,0.025,0.5113132322061807
2026-08-29,wk inc flu hosp,1,2026-09-05,39,quantile,0.05,0.5801894962202778
2026-08-29,wk inc flu hosp,1,2026-09-05,39,quantile,0.1,1.80428388436967
2026-08-29,wk inc flu hosp,1,2026-09-05,39,quantile,0.15,2.975817725806127
2026-08-29,wk inc flu hosp,1,2026-09-05,39,quantile,0.2,4.93740710831398
2026-08-29,wk inc flu hosp,1,2026-09-05,39,quantile,0.25,6.221438206846908
2026-08-29,wk inc flu hosp,1,2026-09-05,39,quantile,0.3,7.017665525586755
2026-08-29,wk inc flu hosp,1,2026-09-05,39,quantile,0.35,7.81171488154683
2026-08-29,wk inc flu hosp,1,2026-09-05,39,quantile,0.4,9.111368910905545
2026-08-29,wk inc flu hosp,1,2026-09-05,39,quantile,0.45,10.14227725943266
2026-08-29,wk inc flu hosp,1,2026-09-05,39,quantile,0.5,11.843775971790507
2026-08-29,wk inc flu hosp,1,2026-09-05,39,quantile,0.55,12.430112495753388
2026-08-29,wk inc flu hosp,1,2026-09-05,39,quantile,0.6,13.57179031266419
2026-08-29,wk inc flu hosp,1,2026-09-05,39,quantile,0.65,14.162143063618492
2026-08-29,wk inc flu hosp,1,2026-09-05,39,quantile,0.7,14.871984350316177
2026-08-29,wk inc flu hosp,1,2026-09-05,39,quantile,0.75,16.989333608694654
2026-08-29,wk inc flu hosp,1,2026-09-05,39,quantile,0.8,18.756136760116508
2026-08-29,wk inc flu hosp,1,2026-09-05,39,quantile,0.85,21.132919744562052
2026-08-29,wk inc flu hosp,1,2026-09-05,39,quantile,0.9,25.15608691540279
2026-08-29,wk inc flu hosp,1,2026-09-05,39,quantile,0.95,33.93791371218317
2026-08-29,wk inc flu hosp,1,2026-09-05,39,quantile,0.975,46.36183962148132
2026-08-29,wk inc flu hosp,1,2026-09-05,39,quantile,0.99,60.24031336277076
2026-08-29,wk inc flu hosp,2,2026-09-12,39,quantile,0.01,0.15303677252054668
2026-08-29,wk inc flu hosp,2,2026-09-12,39,quantile,0.025,0.22969495337429655
2026-08-29,wk inc flu hosp,2,2026-09-12,39,quantile,0.05,0.5453772630788085
2026-08-29,wk inc flu hosp,2,2026-09-12,39,quantile,0.1,1.1751637238724004
2026-08-29,wk inc flu hosp,2,2026-09-12,39,quantile,0.15,2.2711111178970884
2026-08-29,wk inc flu hosp,2,2026-09-12,39,quantile,0.2,3.895122419065673
2026-08-29,wk inc flu hosp,2,2026-09-12,39,quantile,0.25,5.122543438502795
2026-08-29,wk inc flu hosp,2,2026-09-12,39,quantile,0.3,6.218311721387339
2026-08-29,wk inc flu hosp,2,2026-09-12,39,quantile,0.35,7.086485372305836
2026-08-29,wk inc flu hosp,2,2026-09-12,39,quantile,0.4,7.759465875717232
2026-08-29,wk inc flu hosp,2,2026-09-12,39,quantile,0.45,8.633221305911869
2026-08-29,wk inc flu hosp,2,2026-09-12,39,quantile,0.5,9.749603479661825
2026-08-29,wk inc flu hosp,2,2026-09-12,39,quantile,0.55,10.626504192080482
2026-08-29,wk inc flu hosp,2,2026-09-12,39,quantile,0.6,11.97252392574977
2026-08-29,wk inc flu hosp,2,2026-09-12,39,quantile,0.65,12.95962517416752
2026-08-29,wk inc flu hosp,2,2026-09-12,39,quantile,0.7,13.944518209603508
2026-08-29,wk inc flu hosp,2,2026-09-12,39,quantile,0.75,14.747918524404497
2026-08-29,wk inc flu hosp,2,2026-09-12,39,quantile,0.8,17.387524839503193
2026-08-29,wk inc flu hosp,2,2026-09-12,39,quantile,0.85,19.093786207469368
2026-08-29,wk inc flu hosp,2,2026-09-12,39,quantile,0.9,22.994550449048106
2026-08-29,wk inc flu hosp,2,2026-09-12,39,quantile,0.95,32.147440545124056
2026-08-29,wk inc flu hosp,2,2026-09-12,39,quantile,0.975,42.50031039294873
2026-08-29,wk inc flu hosp,2,2026-09-12,39,quantile,0.99,53.85284815108136
2026-08-29,wk inc flu hosp,3,2026-09-19,39,quantile,0.01,0.03234531767561155
2026-08-29,wk inc flu hosp,3,2026-09-19,39,quantile,0.025,0.5234104380132173
2026-08-29,wk inc flu hosp,3,2026-09-19,39,quantile,0.05,0.5923795285383039
2026-08-29,wk inc flu hosp,3,2026-09-19,39,quantile,0.1,1.329253973567859
2026-08-29,wk inc flu hosp,3,2026-09-19,39,quantile,0.15,3.0103782249820523
2026-08-29,wk inc flu hosp,3,2026-09-19,39,quantile,0.2,4.919198650816504
2026-08-29,wk inc flu hosp,3,2026-09-19,39,quantile,0.25,5.988002671723134
2026-08-29,wk inc flu hosp,3,2026-09-19,39,quantile,0.3,7.205866189748509
2026-08-29,wk inc flu hosp,3,2026-09-19,39,quantile,0.35,7.76273639630953
2026-08-29,wk inc flu hosp,3,2026-09-19,39,quantile,0.4,9.141623432668855
2026-08-29,wk inc flu hosp,3,2026-09-19,39,quantile,0.45,9.946989468969267
2026-08-29,wk inc flu hosp,3,2026-09-19,39,quantile,0.5,10.720747976440121
2026-08-29,wk inc flu hosp,3,2026-09-19,39,quantile,0.55,11.584015883905368
2026-08-29,wk inc flu hosp,3,2026-09-19,39,quantile,0.6,13.121100049677139
2026-08-29,wk inc flu hosp,3,2026-09-19,39,quantile,0.65,14.212195659606772
2026-08-29,wk inc flu hosp,3,2026-09-19,39,quantile,0.7,15.151847075205353
2026-08-29,wk inc flu hosp,3,2026-09-19,39,quantile,0.75,16.461595365397773
2026-08-29,wk inc flu hosp,3,2026-09-19,39,quantile,0.8,18.37266469291872
2026-08-29,wk inc flu hosp,3,2026-09-19,39,quantile,0.85,24.83227618185851
2026-08-29,wk inc flu hosp,3,2026-09-19,39,quantile,0.9,28.261444638887166
2026-08-29,wk inc flu hosp,3,2026-09-19,39,quantile,0.95,40.25309748761722
2026-08-29,wk inc flu hosp,3,2026-09-19,39,quantile,0.975,57.15091090148405
2026-08-29,wk inc flu hosp,3,2026-09-19,39,quantile,0.99,81.734567343895307
2026-08-29,wk inc flu hosp,-1,2026-08-22,40,quantile,0.01,0.4272541516675698
2026-08-29,wk inc flu hosp,-1,2026-08-22,40,quantile,0.025,0.550065331513354
2026-08-29,wk inc flu hosp,-1,2026-08-22,40,quantile,0.05,0.7072214303599862
2026-08-29,wk inc flu hosp,-1,2026-08-22,40,quantile,0.1,1.4560660094260969
2026-08-29,wk inc flu hosp,-1,2026-08-22,40,quantile,0.15,1.9690596518146366
2026-08-29,wk inc flu hosp,-1,2026-08-22,40,quantile,0.2,2.8820514298602338
2026-08-29,wk inc flu hosp,-1,2026-08-22,40,quantile,0.25,3.5956142000275397
2026-08-29,wk inc flu hosp,-1,2026-08-22,40,quantile,0.3,3.8726018548310845
2026-08-29,wk inc flu hosp,-1,2026-08-22,40,quantile,0.35,4.309861388146631
2026-08-29,wk inc flu hosp,-1,2026-08-22,40,quantile,0.4,4.6182837953033715
2026-08-29,wk inc flu hosp,-1,2026-08-22,40,quantile,0.45,5.557406320427574
2026-08-29,wk inc flu hosp,-1,2026-08-22,40,quantile,0.5,5.892460679576777
2026-08-29,wk inc flu hosp,-1,2026-08-22,40,quantile,0.55,6.35083763506899
2026-08-29,wk inc flu hosp,-1,2026-08-22,40,quantile,0.6,7.275543388139348
2026-08-29,wk inc flu hosp,-1,2026-08-22,40,quantile,0.65,7.444122240447793
2026-08-29,wk inc flu hosp,-1,2026-08-22,40,quantile,0.7,8.068354475782487
2026-08-29,wk inc flu hosp,-1,2026-08-22,40,quantile,0.75,8.827369904976452
2026-08-29,wk inc flu hosp,-1,2026-08-22,40,quantile,0.8,9.047799898969904
2026-08-29,wk inc flu hosp,-1,2026-08-22,40,quantile,0.85,9.609448099190578
2026-08-29,wk inc flu hosp,-1,2026-08-22,40,quantile,0.9,15.087954741490604
2026-08-29,wk inc flu hosp,-1,2026-08-22,40,quantile,0.95,15.841431098784279
2026-08-29,wk inc flu hosp,-1,2026-08-22,40,quantile,0.975,19.048490380857263
2026-08-29,wk inc flu hosp,-1,2026-08-22,40,quantile,0.99,23.11453164611751
2026-08-29,wk inc flu hosp,0,2026-08-29,40,quantile,0.01,0.33590372833322774
2026-08-29,wk inc flu hosp,0,2026-08-29,40,quantile,0.025,0.42375859859691595
2026-08-29,wk inc flu hosp,0,2026-08-29,40,quantile,0.05,0.6519321198376576
2026-08-29,wk inc flu hosp,0,2026-08-29,40,quantile,0.1,1.183224351436959
2026-08-29,wk inc flu hosp,0,2026-08-29,40,quantile,0.15,1.6084825511368976
2026-08-29,wk inc flu hosp,0,2026-08-29,40,quantile,0.2,2.334875970665952
2026-08-29,wk inc flu hosp,0,2026-08-29,40,quantile,0.25,2.4299430909832216
2026-08-29,wk inc flu hosp,0,2026-08-29,40,quantile,0.3,2.7725916272466073
2026-08-29,wk inc flu hosp,0,2026-08-29,40,quantile,0.35,3.0007263684579146
2026-08-29,wk inc flu hosp,0,2026-08-29,40,quantile,0.4,3.1936013423130403
2026-08-29,wk inc flu hosp,0,2026-08-29,40,quantile,0.45,4.128509498677707
2026-08-29,wk inc flu hosp,0,2026-08-29,40,quantile,0.5,4.443425302695899
2026-08-29,wk inc flu hosp,0,2026-08-29,40,quantile,0.55,5.672908107519515
2026-08-29,wk inc flu hosp,0,2026-08-29,40,quantile,0.6,6.305660305117164
2026-08-29,wk inc flu hosp,0,2026-08-29,40,quantile,0.65,6.688965695525709
2026-08-29,wk inc flu hosp,0,2026-08-29,40,quantile,0.7,7.631462618081862
2026-08-29,wk inc flu hosp,0,2026-08-29,40,quantile,0.75,8.179240183388675
2026-08-29,wk inc flu hosp,0,2026-08-29,40,quantile,0.8,8.386016484139663
2026-08-29,wk inc flu hosp,0,2026-08-29,40,quantile,0.85,10.097546538484204
2026-08-29,wk inc flu hosp,0,2026-08-29,40,quantile,0.9,13.174670775299187
2026-08-29,wk inc flu hosp,0,2026-08-29,40,quantile,0.95,15.94296550450482
2026-08-29,wk inc flu hosp,0,2026-08-29,40,quantile,0.975,24.970700225981826
2026-08-29,wk inc flu hosp,0,2026-08-29,40,quantile,0.99,30.31863453441552
2026-08-29,wk inc flu hosp,1,2026-09-05,40,quantile,0.01,0.5304622273500584
2026-08-29,wk inc flu hosp,1,2026-09-05,40,quantile,0.025,0.613511360487601
2026-08-29,wk inc flu hosp,1,2026-09-05,40,quantile,0.05,0.6937399688314019
2026-08-29,wk inc flu hosp,1,2026-09-05,40,quantile,0.1,1.0517766516347489
2026-08-29,wk inc flu hosp,1,2026-09-05,40,quantile,0.15,1.429039061988302
2026-08-29,wk inc flu hosp,1,2026-09-05,40,quantile,0.2,2.283790047377641
2026-08-29,wk inc flu hosp,1,2026-09-05,40,quantile,0.25,2.688763253485842
2026-08-29,wk inc flu hosp,1,2026-09-05,40,quantile,0.3,2.9732959146921165
2026-08-29,wk inc flu hosp,1,2026-09-05,40,quantile,0.35,3.299055211683934
2026-08-29,wk inc flu hosp,1,2026-09-05,40,quantile,0.4,3.854896412505321
2026-08-29,wk inc flu hosp,1,2026-09-05,40,quantile,0.45,4.37409919083651
2026-08-29,wk inc flu hosp,1,2026-09-05,40,quantile,0.5,4.969587879928272
2026-08-29,wk inc flu hosp,1,2026-09-05,40,quantile,0.55,5.3706427777086825
2026-08-29,wk inc flu hosp,1,2026-09-05,40,quantile,0.6,5.644157569996868
2026-08-29,wk inc flu hosp,1,2026-09-05,40,quantile,0.65,6.215573972475918
2026-08-29,wk inc flu hosp,1,2026-09-05,40,quantile,0.7,6.721960038831887
2026-08-29,wk inc flu hosp,1,2026-09-05,40,quantile,0.75,7.257818943418558
2026-08-29,wk inc flu hosp,1,2026-09-05,40,quantile,0.8,8.432216638105249
2026-08-29,wk inc flu hosp,1,2026-09-05,40,quantile,0.85,9.567053157842615
2026-08-29,wk inc flu hosp,1,2026-09-05,40,quantile,0.9,11.284566817836632
2026-08-29,wk inc flu hosp,1,2026-09-05,40,quantile,0.95,14.520177716387234
2026-08-29,wk inc flu hosp,1,2026-09-05,40,quantile,0.975,20.66020747117501
2026-08-29,wk inc flu hosp,1,2026-09-05,40,quantile,0.99,28.880581158840773
2026-08-29,wk inc flu hosp,2,2026-09-12,40,quantile,0.01,0.35920761264747314
2026-08-29,wk inc flu hosp,2,2026-09-12,40,quantile,0.025,0.4104556478698498
2026-08-29,wk inc flu hosp,2,2026-09-12,40,quantile,0.05,0.8515867501470129
2026-08-29,wk inc flu hosp,2,2026-09-12,40,quantile,0.1,1.5308780639125936
2026-08-29,wk inc flu hosp,2,2026-09-12,40,quantile,0.15,1.7228501981012234
2026-08-29,wk inc flu hosp,2,2026-09-12,40,quantile,0.2,2.252092952150965
2026-08-29,wk inc flu hosp,2,2026-09-12,40,quantile,0.25,2.777362089965703
2026-08-29,wk inc flu hosp,2,2026-09-12,40,quantile,0.3,3.1670525346959
2026-08-29,wk inc flu hosp,2,2026-09-12,40,quantile,0.35,3.474292507509777
2026-08-29,wk inc flu hosp,2,2026-09-12,40,quantile,0.4,3.887228111548902
2026-08-29,wk inc flu hosp,2,2026-09-12,40,quantile,0.45,4.110192125161328
2026-08-29,wk inc flu hosp,2,2026-09-12,40,quantile,0.5,4.587934683457633
2026-08-29,wk inc flu hosp,2,2026-09-12,40,quantile,0.55,5.1504789884703746
2026-08-29,wk inc flu hosp,2,2026-09-12,40,quantile,0.6,5.795296054092801
2026-08-29,wk inc flu hosp,2,2026-09-12,40,quantile,0.65,6.417308895236409
2026-08-29,wk inc flu hosp,2,2026-09-12,40,quantile,0.7,6.860642627556882
2026-08-29,wk inc flu hosp,2,2026-09-12,40,quantile,0.75,7.357386196195615
2026-08-29,wk inc flu hosp,2,2026-09-12,40,quantile,0.8,9.090315531580345
2026-08-29,wk inc flu hosp,2,2026-09-12,40,quantile,0.85,9.867248381254576
2026-08-29,wk inc flu hosp,2,2026-09-12,40,quantile,0.9,12.534178259643712
2026-08-29,wk inc flu hosp,2,2026-09-12,40,quantile,0.95,17.25958390927519
2026-08-29,wk inc flu hosp,2,2026-09-12,40,quantile,0.975,21.954905210998767
2026-08-29,wk inc flu hosp,2,2026-09-12,40,quantile,0.99,29.272787395206386
2026-08-29,wk inc flu hosp,3,2026-09-19,40,quantile,0.01,0.17503677596091427
2026-08-29,wk inc flu hosp,3,2026-09-19,40,quantile,0.025,0.7496956887912116
2026-08-29,wk inc flu hosp,3,2026-09-19,40,quantile,0.05,0.8618129324919687
2026-08-29,wk inc flu hosp,3,2026-09-19,40,quantile,0.1,1.2932734184794537
2026-08-29,wk inc flu hosp,3,2026-09-19,40,quantile,0.15,2.0553886436965456
2026-08-29,wk inc flu hosp,3,2026-09-19,40,quantile,0.2,2.4993935015723223
2026-08-29,wk inc flu hosp,3,2026-09-19,40,quantile,0.25,3.0288259242359774
2026-08-29,wk inc flu hosp,3,2026-09-19,40,quantile,0.3,3.2356003272206544
2026-08-29,wk inc flu hosp,3,2026-09-19,40,quantile,0.35,3.6895831859025687
2026-08-29,wk inc flu hosp,3,2026-09-19,40,quantile,0.4,4.3401837129511724
2026-08-29,wk inc flu hosp,3,2026-09-19,40,quantile,0.45,4.7574725101206825
2026-08-29,wk inc flu hosp,3,2026-09-19,40,quantile,0.5,4.9622554233388145
2026-08-29,wk inc flu hosp,3,2026-09-19,40,quantile,0.55,5.408059059178893
2026-08-29,wk inc flu hosp,3,2026-09-19,40,quantile,0.6,6.292303796216799
2026-08-29,wk inc flu hosp,3,2026-09-19,40,quantile,0.65,6.595650263505184
2026-08-29,wk inc flu hosp,3,2026-09-19,40,quantile,0.7,7.180043749375928
2026-08-29,wk inc flu hosp,3,2026-09-19,40,quantile,0.75,8.10808001987278
2026-08-29,wk inc flu hosp,3,2026-09-19,40,quantile,0.8,9.091128759724082
2026-08-29,wk inc flu hosp,3,2026-09-19,40,quantile,0.85,11.314705048912847
2026-08-29,wk inc flu hosp,3,2026-09-19,40,quantile,0.9,12.466308483951979
2026-08-29,wk inc flu hosp,3,2026-09-19,40,quantile,0.95,16.779194087566246
2026-08-29,wk inc flu hosp,3,2026-09-19,40,quantile,0.975,24.984590971290082
2026-08-29,wk inc flu hosp,3,2026-09-19,40,quantile,0.99,30.965541672751467
2026-08-29,wk inc flu hosp,-1,2026-08-22,41,quantile,0.01,0
2026-08-29,wk inc flu hosp,-1,2026-08-22,41,quantile,0.025,0.005414270383889166
2026-08-29,wk inc flu hosp,-1,2026-08-22,41,quantile,0.05,0.03895622300030095
2026-08-29,wk inc flu hosp,-1,2026-08-22,41,quantile,0.1,0.2345812215170578
2026-08-29,wk inc flu hosp,-1,2026-08-22,41,quantile,0.15,0.6675665761514563
2026-08-29,wk inc flu hosp,-1,2026-08-22,41,quantile,0.2,0.9680769481934635
2026-08-29,wk inc flu hosp,-1,2026-08-22,41,quantile,0.25,1.3633381747402722
2026-08-29,wk inc flu hosp,-1,2026-08-22,41,quantile,0.3,1.5450228402875132
2026-08-29,wk inc flu hosp,-1,2026-08-22,41,quantile,0.35,1.7588311255171598
2026-08-29,wk inc flu hosp,-1,2026-08-22,41,quantile,0.4,2.01022742588248
2026-08-29,wk inc flu hosp,-1,2026-08-22,41,quantile,0.45,2.1278734128774737
2026-08-29,wk inc flu hosp,-1,2026-08-22,41,quantile,0.5,2.412684478246477
2026-08-29,wk inc flu hosp,-1,2026-08-22,41,quantile,0.55,2.607415009403786
2026-08-29,wk inc flu hosp,-1,2026-08-22,41,quantile,0.6,2.817210335952547
2026-08-29,wk inc flu hosp,-1,2026-08-22,41,quantile,0.65,3.212572454914818
2026-08-29,wk inc flu hosp,-1,2026-08-22,41,quantile,0.7,3.4639025621190767
2026-08-29,wk inc flu hosp,-1,2026-08-22,41,quantile,0.75,4.071576391976327
2026-08-29,wk inc flu hosp,-1,2026-08-22,41,quantile,0.8,4.6321406053966765
2026-08-29,wk inc flu hosp,-1,2026-08-22,41,quantile,0.85,5.255751406406969
2026-08-29,wk inc flu hosp,-1,2026-08-22,41,quantile,0.9,7.090056302984332
2026-08-29,wk inc flu hosp,-1,2026-08-22,41,quantile,0.95,8.573346577861681
2026-08-29,wk inc flu hosp,-1,2026-08-22,41,quantile,0.975,13.029388626218566
2026-08-29,wk inc flu hosp,-1,2026-08-22,41,quantile,0.99,17.890661294622827
2026-08-29,wk inc flu hosp,0,2026-08-29,41,quantile,0.01,0
2026-08-29,wk inc flu hosp,0,2026-08-29,41,quantile,0.025,0.015331434753622562
2026-08-29,wk inc flu hosp,0,2026-08-29,41,quantile,0.05,0.03712930268663482
2026-08-29,wk inc flu hosp,0,2026-08-29,41,quantile,0.1,0.21715588245359202
2026-08-29,wk inc flu hosp,0,2026-08-29,41,quantile,0.15,0.6655882904156002
2026-08-29,wk inc flu hosp,0,2026-08-29,41,quantile,0.2,1.061709618989963
2026-08-29,wk inc flu hosp,0,2026-08-29,41,quantile,0.25,1.3950392251287445
2026-08-29,wk inc flu hosp,0,2026-08-29,41,quantile,0.3,1.6256386239487324
2026-08-29,wk inc flu hosp,0,2026-08-29,41,quantile,0.35,1.893901983356659
2026-08-29,wk inc flu hosp,0,2026-08-29,41,quantile,0.4,2.1760355381343692
2026-08-29,wk inc flu hosp,0,2026-08-29,41,quantile,0.45,2.664115450446118
2026-08-29,wk inc flu hosp,0,2026-08-29,41,quantile,0.5,2.8072433005603616
2026-08-29,wk inc flu hosp,0,2026-08-29,41,quantile,0.55,3.066133247323126
2026-08-29,wk inc flu hosp,0,2026-08-29,41,quantile,0.6,3.3048333835989396
2026-08-29,wk inc flu hosp,0,2026-08-29,41,quantile,0.65,3.776377477076212
2026-08-29,wk inc flu hosp,0,2026-08-29,41,quantile,0.7,4.340092737977216
2026-08-29,wk inc flu hosp,0,2026-08-29,41,quantile,0.75,4.667989014285368
2026-08-29,wk inc flu hosp,0,2026-08-29,41,quantile,0.8,5.106194943376916
2026-08-29,wk inc flu hosp,0,2026-08-29,41,quantile,0.85,5.883504775269976
2026-08-29,wk inc flu hosp,0,2026-08-29,41,quantile,0.9,7.248081082605461
2026-08-29,wk inc flu hosp,0,2026-08-29,41,quantile,0.95,9.210512718934819
2026-08-29,wk inc flu hosp,0,2026-08-29,41,quantile,0.975,12.113818366662157
2026-08-29,wk inc flu hosp,0,2026-08-29,41,quantile,0.99,14.702690823449473
2026-08-29,wk inc flu hosp,1,2026-09-05,41,quantile,0.01,0.0034530120561775514
2026-08-29,wk inc flu hosp,1,2026-09-05,41,quantile,0.025,0.017886274584258177
2026-08-29,wk inc flu hosp,1,2026-09-05,41,quantile,0.05,0.025473670276782108
2026-08-29,wk inc flu hosp,1,2026-09-05,41,quantile,0.1,0.25107192646327664
2026-08-29,wk inc flu hosp,1,2026-09-05,41,quantile,0.15,0.5489734824073487
2026-08-29,wk inc flu hosp,1,2026-09-05,41,quantile,0.2,1.0690735482202125
2026-08-29,wk inc flu hosp,1,2026-09-05,41,quantile,0.25,1.4375080515613459
2026-08-29,wk inc flu hosp,1,2026-09-05,41,quantile,0.3,1.738557063269136
2026-08-29,wk inc flu hosp,1,2026-09-05,41,quantile,0.35,1.9792274110478174
2026-08-29,wk inc flu hosp,1,2026-09-05,41,quantile,0.4,2.33260117464861
2026-08-29,wk inc flu hosp,1,2026-09-05,41,quantile,0.45,2.7162853722129303
2026-08-29,wk inc flu hosp,1,2026-09-05,41,quantile,0.5,3.1194899859468244
2026-08-29,wk inc flu hosp,1,2026-09-05,41,quantile,0.55,3.2628375574227992
2026-08-29,wk inc flu hosp,1,2026-09-05,41,quantile,0.6,3.5294395329213284
2026-08-29,wk inc flu hosp,1,2026-09-05,41,quantile,0.65,3.6734447958460774
2026-08-29,wk inc flu hosp,1,2026-09-05,41,quantile,0.7,3.85897291069001
2026-08-29,wk inc flu hosp,1,2026-09-05,41,quantile,0.75,4.571712475981927
2026-08-29,wk inc flu hosp,1,2026-09-05,41,quantile,0.8,4.931102960251467
2026-08-29,wk inc flu hosp,1,2026-09-05,41,quantile,0.85,5.611724134538677
2026-08-29,wk inc flu hosp,1,2026-09-05,41,quantile,0.9,6.849307708281906
2026-08-29,wk inc flu hosp,1,2026-09-05,41,quantile,0.95,9.55764317359138
2026-08-29,wk inc flu hosp,1,2026-09-05,41,quantile,0.975,12.512255170412422
2026-08-29,wk inc flu hosp,1,2026-09-05,41,quantile,0.99,17.125997299416568
2026-08-29,wk inc flu hosp,2,2026-09-12,41,quantile,0.01,0
2026-08-29,wk inc flu hosp,2,2026-09-12,41,quantile,0.025,0
2026-08-29,wk inc flu hosp,2,2026-09-12,41,quantile,0.05,0.010674030002247446
2026-08-29,wk inc flu hosp,2,2026-09-12,41,quantile,0.1,0.08234752633691056
2026-08-29,wk inc flu hosp,2,2026-09-12,41,quantile,0.15,0.29296802295873775
2026-08-29,wk inc flu hosp,2,2026-09-12,41,quantile,0.2,0.6142698242127624
2026-08-29,wk inc flu hosp,2,2026-09-12,41,quantile,0.25,0.883233137575326
2026-08-29,wk inc flu hosp,2,2026-09-12,41,quantile,0.3,1.2121506450385044
2026-08-29,wk inc flu hosp,2,2026-09-12,41,quantile,0.35,1.4722136104987416
2026-08-29,wk inc flu hosp,2,2026-09-12,41,quantile,0.4,1.6500742349881699
2026-08-29,wk inc flu hosp,2,2026-09-12,41,quantile,0.45,1.9007422549058017
2026-08-29,wk inc flu hosp,2,2026-09-12,41,quantile,0.5,2.1749685218379824
2026-08-29,wk inc flu hosp,2,2026-09-12,41,quantile,0.55,2.3845576619479525
2026-08-29,wk inc flu hosp,2,2026-09-12,41,quantile,0.6,2.760505952962344
2026-08-29,wk inc flu hosp,2,2026-09-12,41,quantile,0.65,3.012804777912457
2026-08-29,wk inc flu hosp,2,2026-09-12,41,quantile,0.7,3.306154103301718
2026-08-29,wk inc flu hosp,2,2026-09-12,41,quantile,0.75,3.5612171978310307
2026-08-29,wk inc flu hosp,2,2026-09-12,41,quantile,0.8,4.370449490776646
2026-08-29,wk inc flu hosp,2,2026-09-12,41,quantile,0.85,5.035890326204491
2026-08-29,wk inc flu hosp,2,2026-09-12,41,quantile,0.9,6.1627302094016745
2026-08-29,wk inc flu hosp,2,2026-09-12,41,quantile,0.95,8.781688145088523
2026-08-29,wk inc flu hosp,2,2026-09-12,41,quantile,0.975,12.210844811807581
2026-08-29,wk inc flu hosp,2,2026-09-12,41,quantile,0.99,15.34118862553572
2026-08-29,wk inc flu hosp,3,2026-09-19,41,quantile,0.01,0
2026-08-29,wk inc flu hosp,3,2026-09-19,41,quantile,0.025,0.003514807070606863
2026-08-29,wk inc flu hosp,3,2026-09-19,41,quantile,0.05,0.011696322369188866
2026-08-29,wk inc flu hosp,3,2026-09-19,41,quantile,0.1,0.08775999109756569
2026-08-29,wk inc flu hosp,3,2026-09-19,41,quantile,0.15,0.3584864610747293
2026-08-29,wk inc flu hosp,3,2026-09-19,41,quantile,0.2,0.8128794388483532
2026-08-29,wk inc flu hosp,3,2026-09-19,41,quantile,0.25,1.1293978666745994
2026-08-29,wk inc flu hosp,3,2026-09-19,41,quantile,0.3,1.5131539693609735
2026-08-29,wk inc flu hosp,3,2026-09-19,41,quantile,0.35,1.6931183230097984
2026-08-29,wk inc flu hosp,3,2026-09-19,41,quantile,0.4,2.073037728421833
2026-08-29,wk inc flu hosp,3,2026-09-19,41,quantile,0.45,2.242876490976237
2026-08-29,wk inc flu hosp,3,2026-09-19,41,quantile,0.5,2.5159677845179944
2026-08-29,wk inc flu hosp,3,2026-09-19,41,quantile,0.55,2.7667077000429057
2026-08-29,wk inc flu hosp,3,2026-09-19,41,quantile,0.6,2.975104259762632
2026-08-29,wk inc flu hosp,3,2026-09-19,41,quantile,0.65,3.3684125313642954
2026-08-29,wk inc flu hosp,3,2026-09-19,41,quantile,0.7,3.6718793828231626
2026-08-29,wk inc flu hosp,3,2026-09-19,41,quantile,0.75,3.9783675578264637
2026-08-29,wk inc flu hosp,3,2026-09-19,41,quantile,0.8,4.484788102339418
2026-08-29,wk inc flu hosp,3,2026-09-19,41,quantile,0.85,6.010754463164939
2026-08-29,wk inc flu hosp,3,2026-09-19,41,quantile,0.9,7.2613138527847525
2026-08-29,wk inc flu hosp,3,2026-09-19,41,quantile,0.95,11.358263096218701
2026-08-29,wk inc flu hosp,3,2026-09-19,41,quantile,0.975,16.61675536860882
2026-08-29,wk inc flu hosp,3,2026-09-19,41,quantile,0.99,26.193625197945018
2026-08-29,wk inc flu hosp,-1,2026-08-22,42,quantile,0.01,4.476754634087102
2026-08-29,wk inc flu hosp,-1,2026-08-22,42,quantile,0.025,9.965381333664507
2026-08-29,wk inc flu hosp,-1,2026-08-22,42,quantile,0.05,15.324172339755345
2026-08-29,wk inc flu hosp,-1,2026-08-22,42,quantile,0.1,27.41185412275452
2026-08-29,wk inc flu hosp,-1,2026-08-22,42,quantile,0.15,54.31403332646019
2026-08-29,wk inc flu hosp,-1,2026-08-22,42,quantile,0.2,65.75604277791754
2026-08-29,wk inc flu hosp,-1,2026-08-22,42,quantile,0.25,82.03002575961123
2026-08-29,wk inc flu hosp,-1,2026-08-22,42,quantile,0.3,88.4238023159612
2026-08-29,wk inc flu hosp,-1,2026-08-22,42,quantile,0.35,96.08373288330752
2026-08-29,wk inc flu hosp,-1,2026-08-22,42,quantile,0.4,100.04452983511982
2026-08-29,wk inc flu hosp,-1,2026-08-22,42,quantile,0.45,101.51636228961131
2026-08-29,wk inc flu hosp,-1,2026-08-22,42,quantile,0.5,102.91328727191774
2026-08-29,wk inc flu hosp,-1,2026-08-22,42,quantile,0.55,103.87135521466261
2026-08-29,wk inc flu hosp,-1,2026-08-22,42,quantile,0.6,104.49306397908046
2026-08-29,wk inc flu hosp,-1,2026-08-22,42,quantile,0.65,109.39793993189515
2026-08-29,wk inc flu hosp,-1,2026-08-22,42,quantile,0.7,112.37469365761933
2026-08-29,wk inc flu hosp,-1,2026-08-22,42,quantile,0.75,113.49215988087441
2026-08-29,wk inc flu hosp,-1,2026-08-22,42,quantile,0.8,116.79522367021617
2026-08-29,wk inc flu hosp,-1,2026-08-22,42,quantile,0.85,119.89563039487788
2026-08-29,wk inc flu hosp,-1,2026-08-22,42,quantile,0.9,135.1684162801051
2026-08-29,wk inc flu hosp,-1,2026-08-22,42,quantile,0.95,142.96885219365524
2026-08-29,wk inc flu hosp,-1,2026-08-22,42,quantile,0.975,159.02040845982324
2026-08-29,wk inc flu hosp,-1,2026-08-22,42,quantile,0.99,193.37685615433006
2026-08-29,wk inc flu hosp,0,2026-08-29,42,quantile,0.01,5.346897874054107
2026-08-29,wk inc flu hosp,0,2026-08-29,42,quantile,0.025,10.769292967759057
2026-08-29,wk inc flu hosp,0,2026-08-29,42,quantile,0.05,13.080319314199661
2026-08-29,wk inc flu hosp,0,2026-08-29,42,quantile,0.1,25.662794773121533
2026-08-29,wk inc flu hosp,0,2026-08-29,42,quantile,0.15,51.03466309512892
2026-08-29,wk inc flu hosp,0,2026-08-29,42,quantile,0.2,64.24502692875926
2026-08-29,wk inc flu hosp,0,2026-08-29,42,quantile,0.25,78.8231190376903
2026-08-29,wk inc flu hosp,0,2026-08-29,42,quantile,0.3,85.24109608293342
2026-08-29,wk inc flu hosp,0,2026-08-29,42,quantile,0.35,91.29054263212932
2026-08-29,wk inc flu hosp,0,2026-08-29,42,quantile,0.4,99.1514537847761
2026-08-29,wk inc flu hosp,0,2026-08-29,42,quantile,0.45,101.4674614270925
2026-08-29,wk inc flu hosp,0,2026-08-29,42,quantile,0.5,102.57481854291983
2026-08-29,wk inc flu hosp,0,2026-08-29,42,quantile,0.55,104.13486497571368
2026-08-29,wk inc flu hosp,0,2026-08-29,42,quantile,0.6,105.68054330709138
2026-08-29,wk inc flu hosp,0,2026-08-29,42,quantile,0.65,108.48063534772938
2026-08-29,wk inc flu hosp,0,2026-08-29,42,quantile,0.7,112.66520231450535
2026-08-29,wk inc flu hosp,0,2026-08-29,42,quantile,0.75,113.96381580375224
2026-08-29,wk inc flu hosp,0,2026-08-29,42,quantile,0.8,119.5742891801506
2026-08-29,wk inc flu hosp,0,2026-08-29,42,quantile,0.85,127.35116356248665
2026-08-29,wk inc flu hosp,0,2026-08-29,42,quantile,0.9,135.87081689425614
2026-08-29,wk inc flu hosp,0,2026-08-29,42,quantile,0.95,143.3557529208631
2026-08-29,wk inc flu hosp,0,2026-08-29,42,quantile,0.975,153.6244601256061
2026-08-29,wk inc flu hosp,0,2026-08-29,42,quantile,0.99,174.59147827522648
2026-08-29,wk inc flu hosp,1,2026-09-05,42,quantile,0.01,6.348709047916445
2026-08-29,wk inc flu hosp,1,2026-09-05,42,quantile,0.025,9.217661294562381
2026-08-29,wk inc flu hosp,1,2026-09-05,42,quantile,0.05,11.42952629268916
2026-08-29,wk inc flu hosp,1,2026-09-05,42,quantile,0.1,28.006300561070795
2026-08-29,wk inc flu hosp,1,2026-09-05,42,quantile,0.15,41.93876075351792
2026-08-29,wk inc flu hosp,1,2026-09-05,42,quantile,0.2,59.7991613444339
2026-08-29,wk inc flu hosp,1,2026-09-05,42,quantile,0.25,71.72869469148985
2026-08-29,wk inc flu hosp,1,2026-09-05,42,quantile,0.3,81.72310181475814
2026-08-29,wk inc flu hosp,1,2026-09-05,42,quantile,0.35,86.71899416681964
2026-08-29,wk inc flu hosp,1,2026-09-05,42,quantile,0.4,92.09707619294664
2026-08-29,wk inc flu hosp,1,2026-09-05,42,quantile,0.45,102.03469031173005
2026-08-29,wk inc flu hosp,1,2026-09-05,42,quantile,0.5,104.00150991104205
2026-08-29,wk inc flu hosp,1,2026-09-05,42,quantile,0.55,105.89184893215199
2026-08-29,wk inc flu hosp,1,2026-09-05,42,quantile,0.6,106.82795686592887
2026-08-29,wk inc flu hosp,1,2026-09-05,42,quantile,0.65,108.86933337347493
2026-08-29,wk inc flu hosp,1,2026-09-05,42,quantile,0.7,112.12126710546865
2026-08-29,wk inc flu hosp,1,2026-09-05,42,quantile,0.75,117.30176670660579
2026-08-29,wk inc flu hosp,1,2026-09-05,42,quantile,0.8,119.31406281868614
2026-08-29,wk inc flu hosp,1,2026-09-05,42,quantile,0.85,122.48084599800715
2026-08-29,wk inc flu hosp,1,2026-09-05,42,quantile,0.9,129.58329418904307
2026-08-29,wk inc flu hosp,1,2026-09-05,42,quantile,0.95,142.39655314057816
2026-08-29,wk inc flu hosp,1,2026-09-05,42,quantile,0.975,158.98381451526234
2026-08-29,wk inc flu hosp,1,2026-09-05,42,quantile,0.99,184.02681198129596
2026-08-29,wk inc flu hosp,2,2026-09-12,42,quantile,0.01,3.298161745923737
2026-08-29,wk inc flu hosp,2,2026-09-12,42,quantile,0.025,6.513715569049113
2026-08-29,wk inc flu hosp,2,2026-09-12,42,quantile,0.05,9.470483158811454
2026-08-29,wk inc flu hosp,2,2026-09-12,42,quantile,0.1,17.764457032261685
2026-08-29,wk inc flu hosp,2,2026-09-12,42,quantile,0.15,32.968152459562454
2026-08-29,wk inc flu hosp,2,2026-09-12,42,quantile,0.2,47.30807365055407
2026-08-29,wk inc flu hosp,2,2026-09-12,42,quantile,0.25,55.372280076565154
2026-08-29,wk inc flu hosp,2,2026-09-12,42,quantile,0.3,66.30255489065482
2026-08-29,wk inc flu hosp,2,2026-09-12,42,quantile,0.35,72.54404899991464
2026-08-29,wk inc flu hosp,2,2026-09-12,42,quantile,0.4,77.41958478700882
2026-08-29,wk inc flu hosp,2,2026-09-12,42,quantile,0.45,85.09097891749424
2026-08-29,wk inc flu hosp,2,2026-09-12,42,quantile,0.5,89.25313406882196
2026-08-29,wk inc flu hosp,2,2026-09-12,42,quantile,0.55,91.04833860850258
2026-08-29,wk inc flu hosp,2,2026-09-12,42,quantile,0.6,95.6404953807339
2026-08-29,wk inc flu hosp,2,2026-09-12,42,quantile,0.65,99.52358712403797
2026-08-29,wk inc flu hosp,2,2026-09-12,42,quantile,0.7,102.51423464373386
2026-08-29,wk inc flu hosp,2,2026-09-12,42,quantile,0.75,106.95607065559378
2026-08-29,wk inc flu hosp,2,2026-09-12,42,quantile,0.8,114.00721490665644
2026-08-29,wk inc flu hosp,2,2026-09-12,42,quantile,0.85,122.3766855422354
2026-08-29,wk inc flu hosp,2,2026-09-12,42,quantile,0.9,127.76673692465971
2026-08-29,wk inc flu hosp,2,2026-09-12,42,quantile,0.95,148.79716299946216
2026-08-29,wk inc flu hosp,2,2026-09-12,42,quantile,0.975,172.41396136450496
2026-08-29,wk inc flu hosp,2,2026-09-12,42,quantile,0.99,194.85825028666963
2026-08-29,wk inc flu hosp,3,2026-09-19,42,quantile,0.01,3.6798503191727967
2026-08-29,wk inc flu hosp,3,2026-09-19,42,quantile,0.025,4.484774212811183
2026-08-29,wk inc flu hosp,3,2026-09-19,42,quantile,0.05,6.580491740576556
2026-08-29,wk inc flu hosp,3,2026-09-19,42,quantile,0.1,12.679877908219316
2026-08-29,wk inc flu hosp,3,2026-09-19,42,quantile,0.15,25.039891270163835
2026-08-29,wk inc flu hosp,3,2026-09-19,42,quantile,0.2,44.14306730316941
2026-08-29,wk inc flu hosp,3,2026-09-19,42,quantile,0.25,53.683813130393595
2026-08-29,wk inc flu hosp,3,2026-09-19,42,quantile,0.3,65.57248976934332
2026-08-29,wk inc flu hosp,3,2026-09-19,42,quantile,0.35,68.55907781078578
2026-08-29,wk inc flu hosp,3,2026-09-19,42,quantile,0.4,74.18543983970689
2026-08-29,wk inc flu hosp,3,2026-09-19,42,quantile,0.45,76.8792727219149
2026-08-29,wk inc flu hosp,3,2026-09-19,42,quantile,0.5,83.38332219755178
2026-08-29,wk inc flu hosp,3,2026-09-19,42,quantile,0.55,87.12189351608642
2026-08-29,wk inc flu hosp,3,2026-09-19,42,quantile,0.6,89.09405080012355
2026-08-29,wk inc flu hosp,3,2026-09-19,42,quantile,0.65,95.54874773663455
2026-08-29,wk inc flu hosp,3,2026-09-19,42,quantile,0.7,99.79162051136775
2026-08-29,wk inc flu hosp,3,2026-09-19,42,quantile,0.75,102.16758299297251
2026-08-29,wk inc flu hosp,3,2026-09-19,42,quantile,0.8,106.10008701477012
2026-08-29,wk inc flu hosp,3,2026-09-19,42,quantile,0.85,116.03786588619809
2026-08-29,wk inc flu hosp,3,2026-09-19,42,quantile,0.9,132.20553492812317
2026-08-29,wk inc flu hosp,3,2026-09-19,42,quantile,0.95,168.04177219677317
2026-08-29,wk inc flu hosp,3,2026-09-19,42,quantile,0.975,200.61431507911797
2026-08-29,wk inc flu hosp,3,2026-09-19,42,quantile,0.99,244.8951798284427
2026-08-29,wk inc flu hosp,-1,2026-08-22,72,quantile,0.01,4.08093878463489
2026-08-29,wk inc flu hosp,-1,2026-08-22,72,quantile,0.025,6.172640661462572
2026-08-29,wk inc flu hosp,-1,2026-08-22,72,quantile,0.05,8.40807136610671
2026-08-29,wk inc flu hosp,-1,2026-08-22,72,quantile,0.1,12.585912533435764
2026-08-29,wk inc flu hosp,-1,2026-08-22,72,quantile,0.15,15.62314683240833
2026-08-29,wk inc flu hosp,-1,2026-08-22,72,quantile,0.2,17.204530312286824
2026-08-29,wk inc flu hosp,-1,2026-08-22,72,quantile,0.25,18.29162918701541
2026-08-29,wk inc flu hosp,-1,2026-08-22,72,quantile,0.3,19.12375247412412
2026-08-29,wk inc flu hosp,-1,2026-08-22,72,quantile,0.35,19.700445772144388
2026-08-29,wk inc flu hosp,-1,2026-08-22,72,quantile,0.4,20.300926988939327
2026-08-29,wk inc flu hosp,-1,2026-08-22,72,quantile,0.45,20.783233349453
2026-08-29,wk inc flu hosp,-1,2026-08-22,72,quantile,0.5,21.23700944184467
2026-08-29,wk inc flu hosp,-1,2026-08-22,72,quantile,0.55,21.722387359916638
2026-08-29,wk inc flu hosp,-1,2026-08-22,72,quantile,0.6,22.368604756762835
2026-08-29,wk inc flu hosp,-1,2026-08-22,72,quantile,0.65,23.17526748926552
2026-08-29,wk inc flu hosp,-1,2026-08-22,72,quantile,0.7,24.395330690499783
2026-08-29,wk inc flu hosp,-1,2026-08-22,72,quantile,0.75,25.784896386171486
2026-08-29,wk inc flu hosp,-1,2026-08-22,72,quantile,0.8,27.94240098630368
2026-08-29,wk inc flu hosp,-1,2026-08-22,72,quantile,0.85,30.52840393858501
2026-08-29,wk inc flu hosp,-1,2026-08-22,72,quantile,0.9,34.34216799666578
2026-08-29,wk inc flu hosp,-1,2026-08-22,72,quantile,0.95,41.62051307867894
2026-08-29,wk inc flu hosp,-1,2026-08-22,72,quantile,0.975,49.950196815403956
2026-08-29,wk inc flu hosp,-1,2026-08-22,72,quantile,0.99,61.84065134832402
2026-08-29,wk inc flu hosp,0,2026-08-29,72,quantile,0.01,6.50675553927336
2026-08-29,wk inc flu hosp,0,2026-08-29,72,quantile,0.025,9.35059346284169
2026-08-29,wk inc flu hosp,0,2026-08-29,72,quantile,0.05,13.255980152144998
2026-08-29,wk inc flu hosp,0,2026-08-29,72,quantile,0.1,19.484378834478203
2026-08-29,wk inc flu hosp,0,2026-08-29,72,quantile,0.15,24.86948731690729
2026-08-29,wk inc flu hosp,0,2026-08-29,72,quantile,0.2,27.43050498231402
2026-08-29,wk inc flu hosp,0,2026-08-29,72,quantile,0.25,29.567940583120574
2026-08-29,wk inc flu hosp,0,2026-08-29,72,quantile,0.3,31.49231561493725
2026-08-29,wk inc flu hosp,0,2026-08-29,72,quantile,0.35,32.58801856976564
2026-08-29,wk inc flu hosp,0,2026-08-29,72,quantile,0.4,33.891405608706656
2026-08-29,wk inc flu hosp,0,2026-08-29,72,quantile,0.45,35.13593736730796
2026-08-29,wk inc flu hosp,0,2026-08-29,72,quantile,0.5,35.14966378320483
2026-08-29,wk inc flu hosp,0,2026-08-29,72,quantile,0.55,35.66279844372336
2026-08-29,wk inc flu hosp,0,2026-08-29,72,quantile,0.6,36.1071546712936
2026-08-29,wk inc flu hosp,0,2026-08-29,72,quantile,0.65,36.84369460906001
2026-08-29,wk inc flu hosp,0,2026-08-29,72,quantile,0.7,37.24884237716027
2026-08-29,wk inc flu hosp,0,2026-08-29,72,quantile,0.75,38.273040521819205
2026-08-29,wk inc flu hosp,0,2026-08-29,72,quantile,0.8,39.54106676116319
2026-08-29,wk inc flu hosp,0,2026-08-29,72,quantile,0.85,42.10900231842438
2026-08-29,wk inc flu hosp,0,2026-08-29,72,quantile,0.9,45.98797682247399
2026-08-29,wk inc flu hosp,0,2026-08-29,72,quantile,0.95,54.14354311931317
2026-08-29,wk inc flu hosp,0,2026-08-29,72,quantile,0.975,66.39952528119287
2026-08-29,wk inc flu hosp,0,2026-08-29,72,quantile,0.99,87.81131556731255
2026-08-29,wk inc flu hosp,1,2026-09-05,72,quantile,0.01,5.796173175358412
2026-08-29,wk inc flu hosp,1,2026-09-05,72,quantile,0.025,8.552673207313239
2026-08-29,wk inc flu hosp,1,2026-09-05,72,quantile,0.05,10.877952045691769
2026-08-29,wk inc flu hosp,1,2026-09-05,72,quantile,0.1,17.429598419906807
2026-08-29,wk inc flu hosp,1,2026-09-05,72,quantile,0.15,22.37402912005117
2026-08-29,wk inc flu hosp,1,2026-09-05,72,quantile,0.2,25.816443989207247
2026-08-29,wk inc flu hosp,1,2026-09-05,72,quantile,0.25,27.91506863189679
2026-08-29,wk inc flu hosp,1,2026-09-05,72,quantile,0.3,29.700187301776214
2026-08-29,wk inc flu hosp,1,2026-09-05,72,quantile,0.35,31.270454747926543
2026-08-29,wk inc flu hosp,1,2026-09-05,72,quantile,0.4,32.44033700173233
2026-08-29,wk inc flu hosp,1,2026-09-05,72,quantile,0.45,33.215887509056465
2026-08-29,wk inc flu hosp,1,2026-09-05,72,quantile,0.5,34.58430462121134
2026-08-29,wk inc flu hosp,1,2026-09-05,72,quantile,0.55,35.05134993633611
2026-08-29,wk inc flu hosp,1,2026-09-05,72,quantile,0.6,35.58026564857728
2026-08-29,wk inc flu hosp,1,2026-09-05,72,quantile,0.65,36.36091475173127
2026-08-29,wk inc flu hosp,1,2026-09-05,72,quantile,0.7,37.79403532530482
2026-08-29,wk inc flu hosp,1,2026-09-05,72,quantile,0.75,38.89236031308255
2026-08-29,wk inc flu hosp,1,2026-09-05,72,quantile,0.8,41.233201266962354
2026-08-29,wk inc flu hosp,1,2026-09-05,72,quantile,0.85,43.35472229517749
2026-08-29,wk inc flu hosp,1,2026-09-05,72,quantile,0.9,48.84739316009578
2026-08-29,wk inc flu hosp,1,2026-09-05,72,quantile,0.95,59.670669739731814
2026-08-29,wk inc flu hosp,1,2026-09-05,72,quantile,0.975,74.04230115048165
2026-08-29,wk inc flu hosp,1,2026-09-05,72,quantile,0.99,97.12130880194474
2026-08-29,wk inc flu hosp,2,2026-09-12,72,quantile,0.01,6.100249091411947
2026-08-29,wk inc flu hosp,2,2026-09-12,72,quantile,0.025,8.03494215193758
2026-08-29,wk inc flu hosp,2,2026-09-12,72,quantile,0.05,9.826486369300481
2026-08-29,wk inc flu hosp,2,2026-09-12,72,quantile,0.1,16.88637228970781
2026-08-29,wk inc flu hosp,2,2026-09-12,72,quantile,0.15,22.156667888204645
2026-08-29,wk inc flu hosp,2,2026-09-12,72,quantile,0.2,25.83927331327048
2026-08-29,wk inc flu hosp,2,2026-09-12,72,quantile,0.25,28.27246167103468
2026-08-29,wk inc flu hosp,2,2026-09-12,72,quantile,0.3,30.707089459839786
2026-08-29,wk inc flu hosp,2,2026-09-12,72,quantile,0.35,32.480045340555805
2026-08-29,wk inc flu hosp,2,2026-09-12,72,quantile,0.4,33.78486323287078
2026-08-29,wk inc flu hosp,2,2026-09-12,72,quantile,0.45,35.2618070722384
2026-08-29,wk inc flu hosp,2,2026-09-12,72,quantile,0.5,35.69853722651199
2026-08-29,wk inc flu hosp,2,2026-09-12,72,quantile,0.55,36.978400036359275
2026-08-29,wk inc flu hosp,2,2026-09-12,72,quantile,0.6,37.5236290986679
2026-08-29,wk inc flu hosp,2,2026-09-12,72,quantile,0.65,38.447637438506604
2026-08-29,wk inc flu hosp,2,2026-09-12,72,quantile,0.7,39.64548949602572
2026-08-29,wk inc flu hosp,2,2026-09-12,72,quantile,0.75,41.263023432542724
2026-08-29,wk inc flu hosp,2,2026-09-12,72,quantile,0.8,43.00825118660996
2026-08-29,wk inc flu hosp,2,2026-09-12,72,quantile,0.85,46.55052817214384
2026-08-29,wk inc flu hosp,2,2026-09-12,72,quantile,0.9,53.6713915980785
2026-08-29,wk inc flu hosp,2,2026-09-12,72,quantile,0.95,69.29073468290709
2026-08-29,wk inc flu hosp,2,2026-09-12,72,quantile,0.975,91.47936515376972
2026-08-29,wk inc flu hosp,2,2026-09-12,72,quantile,0.99,121.97568721119896
2026-08-29,wk inc flu hosp,3,2026-09-19,72,quantile,0.01,5.043248097141167
2026-08-29,wk inc flu hosp,3,2026-09-19,72,quantile,0.025,7.913944818327496
2026-08-29,wk inc flu hosp,3,2026-09-19,72,quantile,0.05,10.001357224160845
2026-08-29,wk inc flu hosp,3,2026-09-19,72,quantile,0.1,17.20506026330054
2026-08-29,wk inc flu hosp,3,2026-09-19,72,quantile,0.15,23.007282064862785
2026-08-29,wk inc flu hosp,3,2026-09-19,72,quantile,0.2,25.670299983825743
2026-08-29,wk inc flu hosp,3,2026-09-19,72,quantile,0.25,28.543681301201143
2026-08-29,wk inc flu hosp,3,2026-09-19,72,quantile,0.3,31.055452466390317
2026-08-29,wk inc flu hosp,3,2026-09-19,72,quantile,0.35,32.61453630741546
2026-08-29,wk inc flu hosp,3,2026-09-19,72,quantile,0.4,34.37536184185828
2026-08-29,wk inc flu hosp,3,2026-09-19,72,quantile,0.45,35.867511059096266
2026-08-29,wk inc flu hosp,3,2026-09-19,72,quantile,0.5,37.36329406059757
2026-08-29,wk inc flu hosp,3,2026-09-19,72,quantile,0.55,38.800486553740264
2026-08-29,wk inc flu hosp,3,2026-09-19,72,quantile,0.6,39.955275967124194
2026-08-29,wk inc flu hosp,3,2026-09-19,72,quantile,0.65,41.65521938840661
2026-08-29,wk inc flu hosp,3,2026-09-19,72,quantile,0.7,43.20720896958578
2026-08-29,wk inc flu hosp,3,2026-09-19,72,quantile,0.75,45.297119119978106
2026-08-29,wk inc flu hosp,3,2026-09-19,72,quantile,0.8,48.72608751565468
2026-08-29,wk inc flu hosp,3,2026-09-19,72,quantile,0.85,54.915526589608966
2026-08-29,wk inc flu hosp,3,2026-09-19,72,quantile,0.9,65.94393258040084
2026-08-29,wk inc flu hosp,3,2026-09-19,72,quantile,0.95,95.64593079048356
2026-08-29,wk inc flu hosp,3,2026-09-19,72,quantile,0.975,133.416223877944
2026-08-29,wk inc flu hosp,3,2026-09-19,72,quantile,0.99,198.8199357719031
2026-08-29,wk inc flu hosp,-1,2026-08-22,44,quantile,0.01,0
2026-08-29,wk inc flu hosp,-1,2026-08-22,44,quantile,0.025,0
2026-08-29,wk inc flu hosp,-1,2026-08-22,44,quantile,0.05,0.006712528627300084
2026-08-29,wk inc flu hosp,-1,2026-08-22,44,quantile,0.1,0.07609806714505363
2026-08-29,wk inc flu hosp,-1,2026-08-22,44,quantile,0.15,0.23320424702095388
2026-08-29,wk inc flu hosp,-1,2026-08-22,44,quantile,0.2,0.30364689726740574
2026-08-29,wk inc flu hosp,-1,2026-08-22,44,quantile,0.25,0.4766865391288746
2026-08-29,wk inc flu hosp,-1,2026-08-22,44,quantile,0.3,0.5385518200748978
2026-08-29,wk inc flu hosp,-1,2026-08-22,44,quantile,0.35,0.6156513719592266
2026-08-29,wk inc flu hosp,-1,2026-08-22,44,quantile,0.4,0.6556887619187792
2026-08-29,wk inc flu hosp,-1,2026-08-22,44,quantile,0.45,0.6926327440691311
2026-08-29,wk inc flu hosp,-1,2026-08-22,44,quantile,0.5,0.7134781742297753
2026-08-29,wk inc flu hosp,-1,2026-08-22,44,quantile,0.55,0.7393134087527672
2026-08-29,wk inc flu hosp,-1,2026-08-22,44,quantile,0.6,0.8230815987898329
2026-08-29,wk inc flu hosp,-1,2026-08-22,44,quantile,0.65,0.8772856946434026
2026-08-29,wk inc flu hosp,-1,2026-08-22,44,quantile,0.7,1.0232758970800615
2026-08-29,wk inc flu hosp,-1,2026-08-22,44,quantile,0.75,1.1400579669524238
2026-08-29,wk inc flu hosp,-1,2026-08-22,44,quantile,0.8,1.168818673056881
2026-08-29,wk inc flu hosp,-1,2026-08-22,44,quantile,0.85,1.224088600127427
2026-08-29,wk inc flu hosp,-1,2026-08-22,44,quantile,0.9,1.795939499046543
2026-08-29,wk inc flu hosp,-1,2026-08-22,44,quantile,0.95,2.399208215276169
2026-08-29,wk inc flu hosp,-1,2026-08-22,44,quantile,0.975,3.0516556759131417
2026-08-29,wk inc flu hosp,-1,2026-08-22,44,quantile,0.99,3.803477096779277
2026-08-29,wk inc flu hosp,0,2026-08-29,44,quantile,0.01,0
2026-08-29,wk inc flu hosp,0,2026-08-29,44,quantile,0.025,0
2026-08-29,wk inc flu hosp,0,2026-08-29,44,quantile,0.05,0
2026-08-29,wk inc flu hosp,0,2026-08-29,44,quantile,0.1,0.014633427708422337
2026-08-29,wk inc flu hosp,0,2026-08-29,44,quantile,0.15,0.03852926172739748
2026-08-29,wk inc flu hosp,0,2026-08-29,44,quantile,0.2,0.043393405722445794
2026-08-29,wk inc flu hosp,0,2026-08-29,44,quantile,0.25,0.04648477852825883
2026-08-29,wk inc flu hosp,0,2026-08-29,44,quantile,0.3,0.05250180807235993
2026-08-29,wk inc flu hosp,0,2026-08-29,44,quantile,0.35,0.07284724416386583
2026-08-29,wk inc flu hosp,0,2026-08-29,44,quantile,0.4,0.0884886648298448
2026-08-29,wk inc flu hosp,0,2026-08-29,44,quantile,0.45,0.19324639174280125
2026-08-29,wk inc flu hosp,0,2026-08-29,44,quantile,0.5,0.22449069603605912
2026-08-29,wk inc flu hosp,0,2026-08-29,44,quantile,0.55,0.3379109779464821
2026-08-29,wk inc flu hosp,0,2026-08-29,44,quantile,0.6,0.4587540981158575
2026-08-29,wk inc flu hosp,0,2026-08-29,44,quantile,0.65,0.5450835985498762
2026-08-29,wk inc flu hosp,0,2026-08-29,44,quantile,0.7,0.6340559675692727
2026-08-29,wk inc flu hosp,0,2026-08-29,44,quantile,0.75,0.8340740646158441
2026-08-29,wk inc flu hosp,0,2026-08-29,44,quantile,0.8,0.9823916826765108
2026-08-29,wk inc flu hosp,0,2026-08-29,44,quantile,0.85,1.1609938679666958
2026-08-29,wk inc flu hosp,0,2026-08-29,44,quantile,0.9,1.4918782427008963
2026-08-29,wk inc flu hosp,0,2026-08-29,44,quantile,0.95,2.2804253929205163
2026-08-29,wk inc flu hosp,0,2026-08-29,44,quantile,0.975,4.216989244783939
2026-08-29,wk inc flu hosp,0,2026-08-29,44,quantile,0.99,4.626950374523216
2026-08-29,wk inc flu hosp,1,2026-09-05,44,quantile,0.01,0
2026-08-29,wk inc flu hosp,1,2026-09-05,44,quantile,0.025,0
2026-08-29,wk inc flu hosp,1,2026-09-05,44,quantile,0.05,0
2026-08-29,wk inc flu hosp,1,2026-09-05,44,quantile,0.1,0.021597855761017512
2026-08-29,wk inc flu hosp,1,2026-09-05,44,quantile,0.15,0.07420713090681105
2026-08-29,wk inc flu hosp,1,2026-09-05,44,quantile,0.2,0.16907403977445484
2026-08-29,wk inc flu hosp,1,2026-09-05,44,quantile,0.25,0.1920487506944056
2026-08-29,wk inc flu hosp,1,2026-09-05,44,quantile,0.3,0.2685939400649898
2026-08-29,wk inc flu hosp,1,2026-09-05,44,quantile,0.35,0.32406191979879345
2026-08-29,wk inc flu hosp,1,2026-09-05,44,quantile,0.4,0.4315782211650996
2026-08-29,wk inc flu hosp,1,2026-09-05,44,quantile,0.45,0.5877301188862519
2026-08-29,wk inc flu hosp,1,2026-09-05,44,quantile,0.5,0.6676882258408635
2026-08-29,wk inc flu hosp,1,2026-09-05,44,quantile,0.55,0.6776505559478749
2026-08-29,wk inc flu hosp,1,2026-09-05,44,quantile,0.6,0.6870211923099162
2026-08-29,wk inc flu hosp,1,2026-09-05,44,quantile,0.65,0.6928719349626997
2026-08-29,wk inc flu hosp,1,2026-09-05,44,quantile,0.7,0.7053724222662061
2026-08-29,wk inc flu hosp,1,2026-09-05,44,quantile,0.75,0.9895474055989472
2026-08-29,wk inc flu hosp,1,2026-09-05,44,quantile,0.8,1.0648798862434745
2026-08-29,wk inc flu hosp,1,2026-09-05,44,quantile,0.85,1.2450827339366524
2026-08-29,wk inc flu hosp,1,2026-09-05,44,quantile,0.9,1.841515784468887
2026-08-29,wk inc flu hosp,1,2026-09-05,44,quantile,0.95,3.1516208631037053
2026-08-29,wk inc flu hosp,1,2026-09-05,44,quantile,0.975,3.5882699484987652
2026-08-29,wk inc flu hosp,1,2026-09-05,44,quantile,0.99,5.68587655646652
2026-08-29,wk inc flu hosp,2,2026-09-12,44,quantile,0.01,0
2026-08-29,wk inc flu hosp,2,2026-09-12,44,quantile,0.025,0
2026-08-29,wk inc flu hosp,2,2026-09-12,44,quantile,0.05,0
2026-08-29,wk inc flu hosp,2,2026-09-12,44,quantile,0.1,1.238734273048277e-18
2026-08-29,wk inc flu hosp,2,2026-09-12,44,quantile,0.15,0.0021824876531612303
2026-08-29,wk inc flu hosp,2,2026-09-12,44,quantile,0.2,0.0033467540637354158
2026-08-29,wk inc flu hosp,2,2026-09-12,44,quantile,0.25,0.004722668445547618
2026-08-29,wk inc flu hosp,2,2026-09-12,44,quantile,0.3,0.023724569702430753
2026-08-29,wk inc flu hosp,2,2026-09-12,44,quantile,0.35,0.053081625769601515
2026-08-29,wk inc flu hosp,2,2026-09-12,44,quantile,0.4,0.06676820090007965
2026-08-29,wk inc flu hosp,2,2026-09-12,44,quantile,0.45,0.06997774197094059
2026-08-29,wk inc flu hosp,2,2026-09-12,44,quantile,0.5,0.09400367159980669
2026-08-29,wk inc flu hosp,2,2026-09-12,44,quantile,0.55,0.12649954054595772
2026-08-29,wk inc flu hosp,2,2026-09-12,44,quantile,0.6,0.20048912111554004
2026-08-29,wk inc flu hosp,2,2026-09-12,44,quantile,0.65,0.23143959610696788
2026-08-29,wk inc flu hosp,2,2026-09-12,44,quantile,0.7,0.2981825613107727
2026-08-29,wk inc flu hosp,2,2026-09-12,44,quantile,0.75,0.3296095772232493
2026-08-29,wk inc flu hosp,2,2026-09-12,44,quantile,0.8,0.6510655329833847
2026-08-29,wk inc flu hosp,2,2026-09-12,44,quantile,0.85,0.9159980088086151
2026-08-29,wk inc flu hosp,2,2026-09-12,44,quantile,0.9,1.4656083103138966
2026-08-29,wk inc flu hosp,2,2026-09-12,44,quantile,0.95,1.9737750596360804
2026-08-29,wk inc flu hosp,2,2026-09-12,44,quantile,0.975,2.1788261056595575
2026-08-29,wk inc flu hosp,2,2026-09-12,44,quantile,0.99,2.726947086636728
2026-08-29,wk inc flu hosp,3,2026-09-19,44,quantile,0.01,0
2026-08-29,wk inc flu hosp,3,2026-09-19,44,quantile,0.025,0
2026-08-29,wk inc flu hosp,3,2026-09-19,44,quantile,0.05,0
2026-08-29,wk inc flu hosp,3,2026-09-19,44,quantile,0.1,0.0031426630364809107
2026-08-29,wk inc flu hosp,3,2026-09-19,44,quantile,0.15,0.030552098947669765
2026-08-29,wk inc flu hosp,3,2026-09-19,44,quantile,0.2,0.049698057069219016
2026-08-29,wk inc flu hosp,3,2026-09-19,44,quantile,0.25,0.1177410331344988
2026-08-29,wk inc flu hosp,3,2026-09-19,44,quantile,0.3,0.1629324157829427
2026-08-29,wk inc flu hosp,3,2026-09-19,44,quantile,0.35,0.262519337051233
2026-08-29,wk inc flu hosp,3,2026-09-19,44,quantile,0.4,0.3843818280998617
2026-08-29,wk inc flu hosp,3,2026-09-19,44,quantile,0.45,0.39753320964298783
2026-08-29,wk inc flu hosp,3,2026-09-19,44,quantile,0.5,0.42511521356208076
2026-08-29,wk inc flu hosp,3,2026-09-19,44,quantile,0.55,0.4579977908817711
2026-08-29,wk inc flu hosp,3,2026-09-19,44,quantile,0.6,0.47142688113059183
2026-08-29,wk inc flu hosp,3,2026-09-19,44,quantile,0.65,0.49337284472687964
2026-08-29,wk inc flu hosp,3,2026-09-19,44,quantile,0.7,0.5202038924489506
2026-08-29,wk inc flu hosp,3,2026-09-19,44,quantile,0.75,0.6462898309865235
2026-08-29,wk inc flu hosp,3,2026-09-19,44,quantile,0.8,0.7038172059032443
2026-08-29,wk inc flu hosp,3,2026-09-19,44,quantile,0.85,0.7763210436149683
2026-08-29,wk inc flu hosp,3,2026-09-19,44,quantile,0.9,0.9259342428607663
2026-08-29,wk inc flu hosp,3,2026-09-19,44,quantile,0.95,1.6735212004912303
2026-08-29,wk inc flu hosp,3,2026-09-19,44,quantile,0.975,2.5481641715874352
2026-08-29,wk inc flu hosp,3,2026-09-19,44,quantile,0.99,4.9461546781903385
2026-08-29,wk inc flu hosp,-1,2026-08-22,45,quantile,0.01,0.03996650877350244
2026-08-29,wk inc flu hosp,-1,2026-08-22,45,quantile,0.025,0.04374979000868524
2026-08-29,wk inc flu hosp,-1,2026-08-22,45,quantile,0.05,0.19246514843414192
2026-08-29,wk inc flu hosp,-1,2026-08-22,45,quantile,0.1,0.6215402651167107
2026-08-29,wk inc flu hosp,-1,2026-08-22,45,quantile,0.15,0.8632052771808547
2026-08-29,wk inc flu hosp,-1,2026-08-22,45,quantile,0.2,1.2460062515246895
2026-08-29,wk inc flu hosp,-1,2026-08-22,45,quantile,0.25,1.274982095102794
2026-08-29,wk inc flu hosp,-1,2026-08-22,45,quantile,0.3,1.3139640887613573
2026-08-29,wk inc flu hosp,-1,2026-08-22,45,quantile,0.35,1.6304278032473587
2026-08-29,wk inc flu hosp,-1,2026-08-22,45,quantile,0.4,1.7661272737137017
2026-08-29,wk inc flu hosp,-1,2026-08-22,45,quantile,0.45,2.1659413810084938
2026-08-29,wk inc flu hosp,-1,2026-08-22,45,quantile,0.5,2.5323308692577435
2026-08-29,wk inc flu hosp,-1,2026-08-22,45,quantile,0.55,3.2014313662153095
2026-08-29,wk inc flu hosp,-1,2026-08-22,45,quantile,0.6,3.9849421044303406
2026-08-29,wk inc flu hosp,-1,2026-08-22,45,quantile,0.65,4.3473089297662915
2026-08-29,wk inc flu hosp,-1,2026-08-22,45,quantile,0.7,4.659997011369894
2026-08-29,wk inc flu hosp,-1,2026-08-22,45,quantile,0.75,5.5100646846438055
2026-08-29,wk inc flu hosp,-1,2026-08-22,45,quantile,0.8,5.8927316264706215
2026-08-29,wk inc flu hosp,-1,2026-08-22,45,quantile,0.85,6.946958121407991
2026-08-29,wk inc flu hosp,-1,2026-08-22,45,quantile,0.9,10.579686831010802
2026-08-29,wk inc flu hosp,-1,2026-08-22,45,quantile,0.95,12.94298731465503
2026-08-29,wk inc flu hosp,-1,2026-08-22,45,quantile,0.975,18.38927799872531
2026-08-29,wk inc flu hosp,-1,2026-08-22,45,quantile,0.99,21.869605244135844
2026-08-29,wk inc flu hosp,0,2026-08-29,45,quantile,0.01,0.16104750844475887
2026-08-29,wk inc flu hosp,0,2026-08-29,45,quantile,0.025,0.20513175763522037
2026-08-29,wk inc flu hosp,0,2026-08-29,45,quantile,0.05,0.31933493356023707
2026-08-29,wk inc flu hosp,0,2026-08-29,45,quantile,0.1,0.7365992422494629
2026-08-29,wk inc flu hosp,0,2026-08-29,45,quantile,0.15,1.27212904894858
2026-08-29,wk inc flu hosp,0,2026-08-29,45,quantile,0.2,1.8648864028935428
2026-08-29,wk inc flu hosp,0,2026-08-29,45,quantile,0.25,2.3962304278713886
2026-08-29,wk inc flu hosp,0,2026-08-29,45,quantile,0.3,2.709450559688192
2026-08-29,wk inc flu hosp,0,2026-08-29,45,quantile,0.35,3.0491710133994143
2026-08-29,wk inc flu hosp,0,2026-08-29,45,quantile,0.4,3.260481569641239
2026-08-29,wk inc flu hosp,0,2026-08-29,45,quantile,0.45,3.7875605369234497
2026-08-29,wk inc flu hosp,0,2026-08-29,45,quantile,0.5,4.136818352210602
2026-08-29,wk inc flu hosp,0,2026-08-29,45,quantile,0.55,4.251604071237032
2026-08-29,wk inc flu hosp,0,2026-08-29,45,quantile,0.6,4.733464218963037
2026-08-29,wk inc flu hosp,0,2026-08-29,45,quantile,0.65,5.473505718065735
2026-08-29,wk inc flu hosp,0,2026-08-29,45,quantile,0.7,6.574590832834658
2026-08-29,wk inc flu hosp,0,2026-08-29,45,quantile,0.75,7.005942466421893
2026-08-29,wk inc flu hosp,0,2026-08-29,45,quantile,0.8,7.666234495158287
2026-08-29,wk inc flu hosp,0,2026-08-29,45,quantile,0.85,8.582949192513691
2026-08-29,wk inc flu hosp,0,2026-08-29,45,quantile,0.9,11.061285571672244
2026-08-29,wk inc flu hosp,0,2026-08-29,45,quantile,0.95,14.000607571891704
2026-08-29,wk inc flu hosp,0,2026-08-29,45,quantile,0.975,18.654587874773714
2026-08-29,wk inc flu hosp,0,2026-08-29,45,quantile,0.99,23.587355887631194
2026-08-29,wk inc flu hosp,1,2026-09-05,45,quantile,0.01,0.0835815797105216
2026-08-29,wk inc flu hosp,1,2026-09-05,45,quantile,0.025,0.21654562418319484
2026-08-29,wk inc flu hosp,1,2026-09-05,45,quantile,0.05,0.24416014185986926
2026-08-29,wk inc flu hosp,1,2026-09-05,45,quantile,0.1,0.8307171528622262
2026-08-29,wk inc flu hosp,1,2026-09-05,45,quantile,0.15,1.1640430646016353
2026-08-29,wk inc flu hosp,1,2026-09-05,45,quantile,0.2,1.651750565902831
2026-08-29,wk inc flu hosp,1,2026-09-05,45,quantile,0.25,2.090590295156489
2026-08-29,wk inc flu hosp,1,2026-09-05,45,quantile,0.3,2.194821654554873
2026-08-29,wk inc flu hosp,1,2026-09-05,45,quantile,0.35,2.4658196958177308
2026-08-29,wk inc flu hosp,1,2026-09-05,45,quantile,0.4,2.785890664733273
2026-08-29,wk inc flu hosp,1,2026-09-05,45,quantile,0.45,2.8201421453602773
2026-08-29,wk inc flu hosp,1,2026-09-05,45,quantile,0.5,3.5831422671987716
2026-08-29,wk inc flu hosp,1,2026-09-05,45,quantile,0.55,3.7450945385846435
2026-08-29,wk inc flu hosp,1,2026-09-05,45,quantile,0.6,4.6124055605158505
2026-08-29,wk inc flu hosp,1,2026-09-05,45,quantile,0.65,4.739006429637479
2026-08-29,wk inc flu hosp,1,2026-09-05,45,quantile,0.7,4.947268155648525
2026-08-29,wk inc flu hosp,1,2026-09-05,45,quantile,0.75,6.038127908340555
2026-08-29,wk inc flu hosp,1,2026-09-05,45,quantile,0.8,7.02551348134479
2026-08-29,wk inc flu hosp,1,2026-09-05,45,quantile,0.85,8.510890147191482
2026-08-29,wk inc flu hosp,1,2026-09-05,45,quantile,0.9,10.758902468371122
2026-08-29,wk inc flu hosp,1,2026-09-05,45,quantile,0.95,15.495108727327079
2026-08-29,wk inc flu hosp,1,2026-09-05,45,quantile,0.975,22.84831743818215
2026-08-29,wk inc flu hosp,1,2026-09-05,45,quantile,0.99,27.83431938571324
2026-08-29,wk inc flu hosp,2,2026-09-12,45,quantile,0.01,0.1499823034817559
2026-08-29,wk inc flu hosp,2,2026-09-12,45,quantile,0.025,0.16638031361165956
2026-08-29,wk inc flu hosp,2,2026-09-12,45,quantile,0.05,0.24960704949675377
2026-08-29,wk inc flu hosp,2,2026-09-12,45,quantile,0.1,0.4275704826265099
2026-08-29,wk inc flu hosp,2,2026-09-12,45,quantile,0.15,0.9119114459922707
2026-08-29,wk inc flu hosp,2,2026-09-12,45,quantile,0.2,1.6948833664929215
2026-08-29,wk inc flu hosp,2,2026-09-12,45,quantile,0.25,2.2372521628078923
2026-08-29,wk inc flu hosp,2,2026-09-12,45,quantile,0.3,2.513030046279139
2026-08-29,wk inc flu hosp,2,2026-09-12,45,quantile,0.35,2.7864618129015986
2026-08-29,wk inc flu hosp,2,2026-09-12,45,quantile,0.4,2.898829653531249
2026-08-29,wk inc flu hosp,2,2026-09-12,45,quantile,0.45,3.284899446806307
2026-08-29,wk inc flu hosp,2,2026-09-12,45,quantile,0.5,3.7465681119058982
2026-08-29,wk inc flu hosp,2,2026-09-12,45,quantile,0.55,4.04036872904698
2026-08-29,wk inc flu hosp,2,2026-09-12,45,quantile,0.6,4.540016454718873
2026-08-29,wk inc flu hosp,2,2026-09-12,45,quantile,0.65,4.792288042061972
2026-08-29,wk inc flu hosp,2,2026-09-12,45,quantile,0.7,5.230452491276206
2026-08-29,wk inc flu hosp,2,2026-09-12,45,quantile,0.75,5.532549167945064
2026-08-29,wk inc flu hosp,2,2026-09-12,45,quantile,0.8,6.296812395279721
2026-08-29,wk inc flu hosp,2,2026-09-12,45,quantile,0.85,6.984777566209778
2026-08-29,wk inc flu hosp,2,2026-09-12,45,quantile,0.9,8.550488970606894
2026-08-29,wk inc flu hosp,2,2026-09-12,45,quantile,0.95,12.582067850882577
2026-08-29,wk inc flu hosp,2,2026-09-12,45,quantile,0.975,16.4939037064429
2026-08-29,wk inc flu hosp,2,2026-09-12,45,quantile,0.99,24.483771208750174
2026-08-29,wk inc flu hosp,3,2026-09-19,45,quantile,0.01,0
2026-08-29,wk inc flu hosp,3,2026-09-19,45,quantile,0.025,0.40044343745700034
2026-08-29,wk inc flu hosp,3,2026-09-19,45,quantile,0.05,0.44339788158828525
2026-08-29,wk inc flu hosp,3,2026-09-19,45,quantile,0.1,0.831670335694723
2026-08-29,wk inc flu hosp,3,2026-09-19,45,quantile,0.15,1.536255544190273
2026-08-29,wk inc flu hosp,3,2026-09-19,45,quantile,0.2,2.237811730301239
2026-08-29,wk inc flu hosp,3,2026-09-19,45,quantile,0.25,2.456755020410059
2026-08-29,wk inc flu hosp,3,2026-09-19,45,quantile,0.3,2.9057771847608187
2026-08-29,wk inc flu hosp,3,2026-09-19,45,quantile,0.35,3.005492676117964
2026-08-29,wk inc flu hosp,3,2026-09-19,45,quantile,0.4,3.3658878583555945
2026-08-29,wk inc flu hosp,3,2026-09-19,45,quantile,0.45,3.747562178040506
2026-08-29,wk inc flu hosp,3,2026-09-19,45,quantile,0.5,3.9371147561561504
2026-08-29,wk inc flu hosp,3,2026-09-19,45,quantile,0.55,4.201261914974934
2026-08-29,wk inc flu hosp,3,2026-09-19,45,quantile,0.6,5.307579650467041
2026-08-29,wk inc flu hosp,3,2026-09-19,45,quantile,0.65,5.668338566777546
2026-08-29,wk inc flu hosp,3,2026-09-19,45,quantile,0.7,5.884197239108498
2026-08-29,wk inc flu hosp,3,2026-09-19,45,quantile,0.75,6.524808669576942
2026-08-29,wk inc flu hosp,3,2026-09-19,45,quantile,0.8,7.497862080936525
2026-08-29,wk inc flu hosp,3,2026-09-19,45,quantile,0.85,12.311527262320311
2026-08-29,wk inc flu hosp,3,2026-09-19,45,quantile,0.9,14.32420676762326
2026-08-29,wk inc flu hosp,3,2026-09-19,45,quantile,0.95,19.573200545335915
2026-08-29,wk inc flu hosp,3,2026-09-19,45,quantile,0.975,27.337877494360622
2026-08-29,wk inc flu hosp,3,2026-09-19,45,quantile,0.99,45.64846431113093
2026-08-29,wk inc flu hosp,-1,2026-08-22,46,quantile,0.01,0.1447835599238557
2026-08-29,wk inc flu hosp,-1,2026-08-22,46,quantile,0.025,0.18702269139725536
2026-08-29,wk inc flu hosp,-1,2026-08-22,46,quantile,0.05,0.25994417297141237
2026-08-29,wk inc flu hosp,-1,2026-08-22,46,quantile,0.1,0.47644257169362025
2026-08-29,wk inc flu hosp,-1,2026-08-22,46,quantile,0.15,1.1179444080714462
2026-08-29,wk inc flu hosp,-1,2026-08-22,46,quantile,0.2,1.5331575392501469
2026-08-29,wk inc flu hosp,-1,2026-08-22,46,quantile,0.25,1.8985804815789338
2026-08-29,wk inc flu hosp,-1,2026-08-22,46,quantile,0.3,2.1045276920746816
2026-08-29,wk inc flu hosp,-1,2026-08-22,46,quantile,0.35,2.3096848359137057
2026-08-29,wk inc flu hosp,-1,2026-08-22,46,quantile,0.4,2.6066215757370896
2026-08-29,wk inc flu hosp,-1,2026-08-22,46,quantile,0.45,2.700631120341293
2026-08-29,wk inc flu hosp,-1,2026-08-22,46,quantile,0.5,3.085242076288048
2026-08-29,wk inc flu hosp,-1,2026-08-22,46,quantile,0.55,3.18728392335267
2026-08-29,wk inc flu hosp,-1,2026-08-22,46,quantile,0.6,3.196778043573298
2026-08-29,wk inc flu hosp,-1,2026-08-22,46,quantile,0.65,3.656010923067668
2026-08-29,wk inc flu hosp,-1,2026-08-22,46,quantile,0.7,3.709173358338666
2026-08-29,wk inc flu hosp,-1,2026-08-22,46,quantile,0.75,4.059139964428594
2026-08-29,wk inc flu hosp,-1,2026-08-22,46,quantile,0.8,4.879680891931739
2026-08-29,wk inc flu hosp,-1,2026-08-22,46,quantile,0.85,5.5024375366964815
2026-08-29,wk inc flu hosp,-1,2026-08-22,46,quantile,0.9,6.153675615458335
2026-08-29,wk inc flu hosp,-1,2026-08-22,46,quantile,0.95,6.446818552385628
2026-08-29,wk inc flu hosp,-1,2026-08-22,46,quantile,0.975,9.815037860916437
2026-08-29,wk inc flu hosp,-1,2026-08-22,46,quantile,0.99,13.802603813142516
2026-08-29,wk inc flu hosp,0,2026-08-29,46,quantile,0.01,0.009075855804747575
2026-08-29,wk inc flu hosp,0,2026-08-29,46,quantile,0.025,0.04631674223989485
2026-08-29,wk inc flu hosp,0,2026-08-29,46,quantile,0.05,0.10539052954490484
2026-08-29,wk inc flu hosp,0,2026-08-29,46,quantile,0.1,0.309878584475618
2026-08-29,wk inc flu hosp,0,2026-08-29,46,quantile,0.15,0.69349738420242
2026-08-29,wk inc flu hosp,0,2026-08-29,46,quantile,0.2,1.0407642518087694
2026-08-29,wk inc flu hosp,0,2026-08-29,46,quantile,0.25,1.2456255952557316
2026-08-29,wk inc flu hosp,0,2026-08-29,46,quantile,0.3,1.4323667670628453
2026-08-29,wk inc flu hosp,0,2026-08-29,46,quantile,0.35,1.5333539365326534
2026-08-29,wk inc flu hosp,0,2026-08-29,46,quantile,0.4,1.7282691767562555
2026-08-29,wk inc flu hosp,0,2026-08-29,46,quantile,0.45,1.9723185423946898
2026-08-29,wk inc flu hosp,0,2026-08-29,46,quantile,0.5,2.0037628592888144
2026-08-29,wk inc flu hosp,0,2026-08-29,46,quantile,0.55,2.3698870087277406
2026-08-29,wk inc flu hosp,0,2026-08-29,46,quantile,0.6,2.424723920025989
2026-08-29,wk inc flu hosp,0,2026-08-29,46,quantile,0.65,2.553108738693956
2026-08-29,wk inc flu hosp,0,2026-08-29,46,quantile,0.7,2.725546301688378
2026-08-29,wk inc flu hosp,0,2026-08-29,46,quantile,0.75,2.825515382494511
2026-08-29,wk inc flu hosp,0,2026-08-29,46,quantile,0.8,2.906227899225592
2026-08-29,wk inc flu hosp,0,2026-08-29,46,quantile,0.85,3.446198304707533
2026-08-29,wk inc flu hosp,0,2026-08-29,46,quantile,0.9,4.209919178583418
2026-08-29,wk inc flu hosp,0,2026-08-29,46,quantile,0.95,4.916867476178041
2026-08-29,wk inc flu hosp,0,2026-08-29,46,quantile,0.975,6.507775793526522
2026-08-29,wk inc flu hosp,0,2026-08-29,46,quantile,0.99,7.744157813821723
2026-08-29,wk inc flu hosp,1,2026-09-05,46,quantile,0.01,0.04257026376509637
2026-08-29,wk inc flu hosp,1,2026-09-05,46,quantile,0.025,0.06010084730242975
2026-08-29,wk inc flu hosp,1,2026-09-05,46,quantile,0.05,0.08351605052834378
2026-08-29,wk inc flu hosp,1,2026-09-05,46,quantile,0.1,0.2899216859189982
2026-08-29,wk inc flu hosp,1,2026-09-05,46,quantile,0.15,0.4896048383267129
2026-08-29,wk inc flu hosp,1,2026-09-05,46,quantile,0.2,0.8994518318866445
2026-08-29,wk inc flu hosp,1,2026-09-05,46,quantile,0.25,1.1526159831617844
2026-08-29,wk inc flu hosp,1,2026-09-05,46,quantile,0.3,1.3882379668495386
2026-08-29,wk inc flu hosp,1,2026-09-05,46,quantile,0.35,1.5387987175888014
2026-08-29,wk inc flu hosp,1,2026-09-05,46,quantile,0.4,1.7216751353086663
2026-08-29,wk inc flu hosp,1,2026-09-05,46,quantile,0.45,2.0607340949637174
2026-08-29,wk inc flu hosp,1,2026-09-05,46,quantile,0.5,2.108558633768856
2026-08-29,wk inc flu hosp,1,2026-09-05,46,quantile,0.55,2.2280171782261595
2026-08-29,wk inc flu hosp,1,2026-09-05,46,quantile,0.6,2.280621069374847
2026-08-29,wk inc flu hosp,1,2026-09-05,46,quantile,0.65,2.4867041517407076
2026-08-29,wk inc flu hosp,1,2026-09-05,46,quantile,0.7,2.719660980524091
2026-08-29,wk inc flu hosp,1,2026-09-05,46,quantile,0.75,2.779989892068189
2026-08-29,wk inc flu hosp,1,2026-09-05,46,quantile,0.8,2.9952056175208432
2026-08-29,wk inc flu hosp,1,2026-09-05,46,quantile,0.85,3.262550131483184
2026-08-29,wk inc flu hosp,1,2026-09-05,46,quantile,0.9,3.5562054780931764
2026-08-29,wk inc flu hosp,1,2026-09-05,46,quantile,0.95,3.9229753853889577
2026-08-29,wk inc flu hosp,1,2026-09-05,46,quantile,0.975,5.263551522798739
2026-08-29,wk inc flu hosp,1,2026-09-05,46,quantile,0.99,7.242804523938212
2026-08-29,wk inc flu hosp,2,2026-09-12,46,quantile,0.01,0.009882729776114067
2026-08-29,wk inc flu hosp,2,2026-09-12,46,quantile,0.025,0.03718405924054133
2026-08-29,wk inc flu hosp,2,2026-09-12,46,quantile,0.05,0.11919807529388
2026-08-29,wk inc flu hosp,2,2026-09-12,46,quantile,0.1,0.3745643475934824
2026-08-29,wk inc flu hosp,2,2026-09-12,46,quantile,0.15,0.6169494762353529
2026-08-29,wk inc flu hosp,2,2026-09-12,46,quantile,0.2,0.8869778440765438
2026-08-29,wk inc flu hosp,2,2026-09-12,46,quantile,0.25,1.099630921635163
2026-08-29,wk inc flu hosp,2,2026-09-12,46,quantile,0.3,1.3594084471719012
2026-08-29,wk inc flu hosp,2,2026-09-12,46,quantile,0.35,1.4976034457485574
2026-08-29,wk inc flu hosp,2,2026-09-12,46,quantile,0.4,1.717710949538347
2026-08-29,wk inc flu hosp,2,2026-09-12,46,quantile,0.45,1.8974076737364114
2026-08-29,wk inc flu hosp,2,2026-09-12,46,quantile,0.5,2.0439573741996253
2026-08-29,wk inc flu hosp,2,2026-09-12,46,quantile,0.55,2.205575888970885
2026-08-29,wk inc flu hosp,2,2026-09-12,46,quantile,0.6,2.3907789107079034
2026-08-29,wk inc flu hosp,2,2026-09-12,46,quantile,0.65,2.6380773734249443
2026-08-29,wk inc flu hosp,2,2026-09-12,46,quantile,0.7,2.7495451616075113
2026-08-29,wk inc flu hosp,2,2026-09-12,46,quantile,0.75,2.996167741280258
2026-08-29,wk inc flu hosp,2,2026-09-12,46,quantile,0.8,3.511710413818473
2026-08-29,wk inc flu hosp,2,2026-09-12,46,quantile,0.85,3.8265878596054903
2026-08-29,wk inc flu hosp,2,2026-09-12,46,quantile,0.9,4.465324005814885
2026-08-29,wk inc flu hosp,2,2026-09-12,46,quantile,0.95,5.766434475073285
2026-08-29,wk inc flu hosp,2,2026-09-12,46,quantile,0.975,7.322492382198758
2026-08-29,wk inc flu hosp,2,2026-09-12,46,quantile,0.99,9.079118735431889
2026-08-29,wk inc flu hosp,3,2026-09-19,46,quantile,0.01,0.00890265645470797
2026-08-29,wk inc flu hosp,3,2026-09-19,46,quantile,0.025,0.022535333330272543
2026-08-29,wk inc flu hosp,3,2026-09-19,46,quantile,0.05,0.04113579602043739
2026-08-29,wk inc flu hosp,3,2026-09-19,46,quantile,0.1,0.14123409364874412
2026-08-29,wk inc flu hosp,3,2026-09-19,46,quantile,0.15,0.3526208470559029
2026-08-29,wk inc flu hosp,3,2026-09-19,46,quantile,0.2,0.6681293507197352
2026-08-29,wk inc flu hosp,3,2026-09-19,46,quantile,0.25,0.9200113831398582
2026-08-29,wk inc flu hosp,3,2026-09-19,46,quantile,0.3,1.1065894669463028
2026-08-29,wk inc flu hosp,3,2026-09-19,46,quantile,0.35,1.2712387594143928
2026-08-29,wk inc flu hosp,3,2026-09-19,46,quantile,0.4,1.4535547934501414
2026-08-29,wk inc flu hosp,3,2026-09-19,46,quantile,0.45,1.5868085187182255
2026-08-29,wk inc flu hosp,3,2026-09-19,46,quantile,0.5,1.730952991911512
2026-08-29,wk inc flu hosp,3,2026-09-19,46,quantile,0.55,1.9525334535357204
2026-08-29,wk inc flu hosp,3,2026-09-19,46,quantile,0.6,2.065265363495224
2026-08-29,wk inc flu hosp,3,2026-09-19,46,quantile,0.65,2.271446618161443
2026-08-29,wk inc flu hosp,3,2026-09-19,46,quantile,0.7,2.5550213970383404
2026-08-29,wk inc flu hosp,3,2026-09-19,46,quantile,0.75,2.7023710801776377
2026-08-29,wk inc flu hosp,3,2026-09-19,46,quantile,0.8,2.991784190162071
2026-08-29,wk inc flu hosp,3,2026-09-19,46,quantile,0.85,3.278003136517146
2026-08-29,wk inc flu hosp,3,2026-09-19,46,quantile,0.9,3.827596258908411
2026-08-29,wk inc flu hosp,3,2026-09-19,46,quantile,0.95,5.225846834357544
2026-08-29,wk inc flu hosp,3,2026-09-19,46,quantile,0.975,6.895902561543397
2026-08-29,wk inc flu hosp,3,2026-09-19,46,quantile,0.99,8.962357358319043
2026-08-29,wk inc flu hosp,-1,2026-08-22,47,quantile,0.01,1.3459287198957695
2026-08-29,wk inc flu hosp,-1,2026-08-22,47,quantile,0.025,2.010183883460374
2026-08-29,wk inc flu hosp,-1,2026-08-22,47,quantile,0.05,2.9904170330712083
2026-08-29,wk inc flu hosp,-1,2026-08-22,47,quantile,0.1,5.16321487646022
2026-08-29,wk inc flu hosp,-1,2026-08-22,47,quantile,0.15,8.083735468302864
2026-08-29,wk inc flu hosp,-1,2026-08-22,47,quantile,0.2,10.014826833018803
2026-08-29,wk inc flu hosp,-1,2026-08-22,47,quantile,0.25,11.887895685553813
2026-08-29,wk inc flu hosp,-1,2026-08-22,47,quantile,0.3,12.62196514662054
2026-08-29,wk inc flu hosp,-1,2026-08-22,47,quantile,0.35,13.734751518232235
2026-08-29,wk inc flu hosp,-1,2026-08-22,47,quantile,0.4,14.565753426344322
2026-08-29,wk inc flu hosp,-1,2026-08-22,47,quantile,0.45,15.398122641651536
2026-08-29,wk inc flu hosp,-1,2026-08-22,47,quantile,0.5,16.102596661809102
2026-08-29,wk inc flu hosp,-1,2026-08-22,47,quantile,0.55,16.705156279555545
2026-08-29,wk inc flu hosp,-1,2026-08-22,47,quantile,0.6,17.780045982572457
2026-08-29,wk inc flu hosp,-1,2026-08-22,47,quantile,0.65,18.705374457170723
2026-08-29,wk inc flu hosp,-1,2026-08-22,47,quantile,0.7,19.616598215767986
2026-08-29,wk inc flu hosp,-1,2026-08-22,47,quantile,0.75,20.722357533725695
2026-08-29,wk inc flu hosp,-1,2026-08-22,47,quantile,0.8,21.58506571945436
2026-08-29,wk inc flu hosp,-1,2026-08-22,47,quantile,0.85,22.85691119284138
2026-08-29,wk inc flu hosp,-1,2026-08-22,47,quantile,0.9,28.698974202481317
2026-08-29,wk inc flu hosp,-1,2026-08-22,47,quantile,0.95,31.03546432401589
2026-08-29,wk inc flu hosp,-1,2026-08-22,47,quantile,0.975,36.87572719397781
2026-08-29,wk inc flu hosp,-1,2026-08-22,47,quantile,0.99,44.033953228379715
2026-08-29,wk inc flu hosp,0,2026-08-29,47,quantile,0.01,1.5582527722598503
2026-08-29,wk inc flu hosp,0,2026-08-29,47,quantile,0.025,2.3077615088517907
2026-08-29,wk inc flu hosp,0,2026-08-29,47,quantile,0.05,2.9266870217249084
2026-08-29,wk inc flu hosp,0,2026-08-29,47,quantile,0.1,5.080200555217011
2026-08-29,wk inc flu hosp,0,2026-08-29,47,quantile,0.15,8.202788795810454
2026-08-29,wk inc flu hosp,0,2026-08-29,47,quantile,0.2,10.400240613226758
2026-08-29,wk inc flu hosp,0,2026-08-29,47,quantile,0.25,12.034589319157543
2026-08-29,wk inc flu hosp,0,2026-08-29,47,quantile,0.3,13.051939356050163
2026-08-29,wk inc flu hosp,0,2026-08-29,47,quantile,0.35,13.936052027515283
2026-08-29,wk inc flu hosp,0,2026-08-29,47,quantile,0.4,14.96985937671048
2026-08-29,wk inc flu hosp,0,2026-08-29,47,quantile,0.45,16.323223410108152
2026-08-29,wk inc flu hosp,0,2026-08-29,47,quantile,0.5,16.681637852979634
2026-08-29,wk inc flu hosp,0,2026-08-29,47,quantile,0.55,17.55572171938374
2026-08-29,wk inc flu hosp,0,2026-08-29,47,quantile,0.6,18.121235171758507
2026-08-29,wk inc flu hosp,0,2026-08-29,47,quantile,0.65,19.404833098135907
2026-08-29,wk inc flu hosp,0,2026-08-29,47,quantile,0.7,20.93738914616988
2026-08-29,wk inc flu hosp,0,2026-08-29,47,quantile,0.75,21.640344742717147
2026-08-29,wk inc flu hosp,0,2026-08-29,47,quantile,0.8,22.678023943438415
2026-08-29,wk inc flu hosp,0,2026-08-29,47,quantile,0.85,24.885350689628247
2026-08-29,wk inc flu hosp,0,2026-08-29,47,quantile,0.9,28.49477196295597
2026-08-29,wk inc flu hosp,0,2026-08-29,47,quantile,0.95,32.61465176181903
2026-08-29,wk inc flu hosp,0,2026-08-29,47,quantile,0.975,38.349442681086764
2026-08-29,wk inc flu hosp,0,2026-08-29,47,quantile,0.99,43.2651653829173
2026-08-29,wk inc flu hosp,1,2026-09-05,47,quantile,0.01,1.7885825151186214
2026-08-29,wk inc flu hosp,1,2026-09-05,47,quantile,0.025,2.368495112546965
2026-08-29,wk inc flu hosp,1,2026-09-05,47,quantile,0.05,2.6735936206771025
2026-08-29,wk inc flu hosp,1,2026-09-05,47,quantile,0.1,5.298981175435977
2026-08-29,wk inc flu hosp,1,2026-09-05,47,quantile,0.15,7.165532637355422
2026-08-29,wk inc flu hosp,1,2026-09-05,47,quantile,0.2,9.809605357377206
2026-08-29,wk inc flu hosp,1,2026-09-05,47,quantile,0.25,11.447083423412508
2026-08-29,wk inc flu hosp,1,2026-09-05,47,quantile,0.3,12.554290629198594
2026-08-29,wk inc flu hosp,1,2026-09-05,47,quantile,0.35,13.406064395836456
2026-08-29,wk inc flu hosp,1,2026-09-05,47,quantile,0.4,14.476633799794353
2026-08-29,wk inc flu hosp,1,2026-09-05,47,quantile,0.45,15.652005581737825
2026-08-29,wk inc flu hosp,1,2026-09-05,47,quantile,0.5,16.737552065655905
2026-08-29,wk inc flu hosp,1,2026-09-05,47,quantile,0.55,17.298238228326472
2026-08-29,wk inc flu hosp,1,2026-09-05,47,quantile,0.6,18.109963416739745
2026-08-29,wk inc flu hosp,1,2026-09-05,47,quantile,0.65,18.78305557988524
2026-08-29,wk inc flu hosp,1,2026-09-05,47,quantile,0.7,19.570930045156597
2026-08-29,wk inc flu hosp,1,2026-09-05,47,quantile,0.75,21.112925455056484
2026-08-29,wk inc flu hosp,1,2026-09-05,47,quantile,0.8,22.28774113193186
2026-08-29,wk inc flu hosp,1,2026-09-05,47,quantile,0.85,24.15346216418539
2026-08-29,wk inc flu hosp,1,2026-09-05,47,quantile,0.9,26.777395264529062
2026-08-29,wk inc flu hosp,1,2026-09-05,47,quantile,0.95,31.485326015087765
2026-08-29,wk inc flu hosp,1,2026-09-05,47,quantile,0.975,38.35195659895421
2026-08-29,wk inc flu hosp,1,2026-09-05,47,quantile,0.99,45.65833619277247
2026-08-29,wk inc flu hosp,2,2026-09-12,47,quantile,0.01,1.2718753269409528
2026-08-29,wk inc flu hosp,2,2026-09-12,47,quantile,0.025,1.8066203819839721
2026-08-29,wk inc flu hosp,2,2026-09-12,47,quantile,0.05,2.654990437010405
2026-08-29,wk inc flu hosp,2,2026-09-12,47,quantile,0.1,4.241754681281941
2026-08-29,wk inc flu hosp,2,2026-09-12,47,quantile,0.15,6.447748905113953
2026-08-29,wk inc flu hosp,2,2026-09-12,47,quantile,0.2,8.788744004381938
2026-08-29,wk inc flu hosp,2,2026-09-12,47,quantile,0.25,10.264359922110106
2026-08-29,wk inc flu hosp,2,2026-09-12,47,quantile,0.3,11.695960392141274
2026-08-29,wk inc flu hosp,2,2026-09-12,47,quantile,0.35,12.6226866878421
2026-08-29,wk inc flu hosp,2,2026-09-12,47,quantile,0.4,13.411717973483976
2026-08-29,wk inc flu hosp,2,2026-09-12,47,quantile,0.45,14.468765951000108
2026-08-29,wk inc flu hosp,2,2026-09-12,47,quantile,0.5,15.454079253777671
2026-08-29,wk inc flu hosp,2,2026-09-12,47,quantile,0.55,16.168973166655512
2026-08-29,wk inc flu hosp,2,2026-09-12,47,quantile,0.6,17.306539798968394
2026-08-29,wk inc flu hosp,2,2026-09-12,47,quantile,0.65,18.220127704037573
2026-08-29,wk inc flu hosp,2,2026-09-12,47,quantile,0.7,19.02839250206526
2026-08-29,wk inc flu hosp,2,2026-09-12,47,quantile,0.75,19.955650496844505
2026-08-29,wk inc flu hosp,2,2026-09-12,47,quantile,0.8,22.065767282126
2026-08-29,wk inc flu hosp,2,2026-09-12,47,quantile,0.85,23.674607512961973
2026-08-29,wk inc flu hosp,2,2026-09-12,47,quantile,0.9,26.35724709963171
2026-08-29,wk inc flu hosp,2,2026-09-12,47,quantile,0.95,32.3456127562001
2026-08-29,wk inc flu hosp,2,2026-09-12,47,quantile,0.975,38.44070930361912
2026-08-29,wk inc flu hosp,2,2026-09-12,47,quantile,0.99,45.13312307181141
2026-08-29,wk inc flu hosp,3,2026-09-19,47,quantile,0.01,0.8993246525648148
2026-08-29,wk inc flu hosp,3,2026-09-19,47,quantile,0.025,1.9308565268315334
2026-08-29,wk inc flu hosp,3,2026-09-19,47,quantile,0.05,2.3341268498695165
2026-08-29,wk inc flu hosp,3,2026-09-19,47,quantile,0.1,3.6748355790608707
2026-08-29,wk inc flu hosp,3,2026-09-19,47,quantile,0.15,6.15705855008122
2026-08-29,wk inc flu hosp,3,2026-09-19,47,quantile,0.2,8.925645152079477
2026-08-29,wk inc flu hosp,3,2026-09-19,47,quantile,0.25,10.354285794286728
2026-08-29,wk inc flu hosp,3,2026-09-19,47,quantile,0.3,11.8945737511846
2026-08-29,wk inc flu hosp,3,2026-09-19,47,quantile,0.35,12.472576491254449
2026-08-29,wk inc flu hosp,3,2026-09-19,47,quantile,0.4,13.643222627782107
2026-08-29,wk inc flu hosp,3,2026-09-19,47,quantile,0.45,14.382038567546106
2026-08-29,wk inc flu hosp,3,2026-09-19,47,quantile,0.5,15.233798536418714
2026-08-29,wk inc flu hosp,3,2026-09-19,47,quantile,0.55,16.18790738941273
2026-08-29,wk inc flu hosp,3,2026-09-19,47,quantile,0.6,17.211141887357
2026-08-29,wk inc flu hosp,3,2026-09-19,47,quantile,0.65,18.39020692002611
2026-08-29,wk inc flu hosp,3,2026-09-19,47,quantile,0.7,19.454105755563067
2026-08-29,wk inc flu hosp,3,2026-09-19,47,quantile,0.75,20.281322951859156
2026-08-29,wk inc flu hosp,3,2026-09-19,47,quantile,0.8,21.857903383115172
2026-08-29,wk inc flu hosp,3,2026-09-19,47,quantile,0.85,26.01835976501514
2026-08-29,wk inc flu hosp,3,2026-09-19,47,quantile,0.9,29.012691952761728
2026-08-29,wk inc flu hosp,3,2026-09-19,47,quantile,0.95,36.06194585487562
2026-08-29,wk inc flu hosp,3,2026-09-19,47,quantile,0.975,45.219585561035316
2026-08-29,wk inc flu hosp,3,2026-09-19,47,quantile,0.99,56.69801326081897
2026-08-29,wk inc flu hosp,-1,2026-08-22,48,quantile,0.01,6.167786349869737
2026-08-29,wk inc flu hosp,-1,2026-08-22,48,quantile,0.025,8.71458103545863
2026-08-29,wk inc flu hosp,-1,2026-08-22,48,quantile,0.05,14.601454933933155
2026-08-29,wk inc flu hosp,-1,2026-08-22,48,quantile,0.1,25.681013974285268
2026-08-29,wk inc flu hosp,-1,2026-08-22,48,quantile,0.15,35.59933854665716
2026-08-29,wk inc flu hosp,-1,2026-08-22,48,quantile,0.2,41.83754953913494
2026-08-29,wk inc flu hosp,-1,2026-08-22,48,quantile,0.25,47.18951768029657
2026-08-29,wk inc flu hosp,-1,2026-08-22,48,quantile,0.3,49.48077850075879
2026-08-29,wk inc flu hosp,-1,2026-08-22,48,quantile,0.35,53.57924260557624
2026-08-29,wk inc flu hosp,-1,2026-08-22,48,quantile,0.4,56.7938292261263
2026-08-29,wk inc flu hosp,-1,2026-08-22,48,quantile,0.45,60.18860224123018
2026-08-29,wk inc flu hosp,-1,2026-08-22,48,quantile,0.5,64.67019403280553
2026-08-29,wk inc flu hosp,-1,2026-08-22,48,quantile,0.55,69.95711214669221
2026-08-29,wk inc flu hosp,-1,2026-08-22,48,quantile,0.6,75.36597319005858
2026-08-29,wk inc flu hosp,-1,2026-08-22,48,quantile,0.65,80.54574350449926
2026-08-29,wk inc flu hosp,-1,2026-08-22,48,quantile,0.7,84.73292314529805
2026-08-29,wk inc flu hosp,-1,2026-08-22,48,quantile,0.75,94.42814973361651
2026-08-29,wk inc flu hosp,-1,2026-08-22,48,quantile,0.8,100.43683578225009
2026-08-29,wk inc flu hosp,-1,2026-08-22,48,quantile,0.85,109.47628924562532
2026-08-29,wk inc flu hosp,-1,2026-08-22,48,quantile,0.9,135.787000779165
2026-08-29,wk inc flu hosp,-1,2026-08-22,48,quantile,0.95,157.37981531358588
2026-08-29,wk inc flu hosp,-1,2026-08-22,48,quantile,0.975,205.93795332171007
2026-08-29,wk inc flu hosp,-1,2026-08-22,48,quantile,0.99,244.9308678862023
2026-08-29,wk inc flu hosp,0,2026-08-29,48,quantile,0.01,7.485719157699811
2026-08-29,wk inc flu hosp,0,2026-08-29,48,quantile,0.025,12.402191121337836
2026-08-29,wk inc flu hosp,0,2026-08-29,48,quantile,0.05,14.98352026164445
2026-08-29,wk inc flu hosp,0,2026-08-29,48,quantile,0.1,25.744878737467722
2026-08-29,wk inc flu hosp,0,2026-08-29,48,quantile,0.15,37.19358658743095
2026-08-29,wk inc flu hosp,0,2026-08-29,48,quantile,0.2,45.140603778836805
2026-08-29,wk inc flu hosp,0,2026-08-29,48,quantile,0.25,51.5205062094902
2026-08-29,wk inc flu hosp,0,2026-08-29,48,quantile,0.3,55.3536987088191
2026-08-29,wk inc flu hosp,0,2026-08-29,48,quantile,0.35,59.2889252695886
2026-08-29,wk inc flu hosp,0,2026-08-29,48,quantile,0.4,62.86412126500385
2026-08-29,wk inc flu hosp,0,2026-08-29,48,quantile,0.45,69.28034701588238
2026-08-29,wk inc flu hosp,0,2026-08-29,48,quantile,0.5,72.09202791871223
2026-08-29,wk inc flu hosp,0,2026-08-29,48,quantile,0.55,76.52771539000568
2026-08-29,wk inc flu hosp,0,2026-08-29,48,quantile,0.6,81.36189296080116
2026-08-29,wk inc flu hosp,0,2026-08-29,48,quantile,0.65,87.84363934451902
2026-08-29,wk inc flu hosp,0,2026-08-29,48,quantile,0.7,95.27168363110717
2026-08-29,wk inc flu hosp,0,2026-08-29,48,quantile,0.75,100.66099562482616
2026-08-29,wk inc flu hosp,0,2026-08-29,48,quantile,0.8,106.81472265796951
2026-08-29,wk inc flu hosp,0,2026-08-29,48,quantile,0.85,116.07214911125087
2026-08-29,wk inc flu hosp,0,2026-08-29,48,quantile,0.9,136.5755097470644
2026-08-29,wk inc flu hosp,0,2026-08-29,48,quantile,0.95,162.00015648872576
2026-08-29,wk inc flu hosp,0,2026-08-29,48,quantile,0.975,202.09393662129128
2026-08-29,wk inc flu hosp,0,2026-08-29,48,quantile,0.99,237.7975286765665
2026-08-29,wk inc flu hosp,1,2026-09-05,48,quantile,0.01,7.9699474008177305
2026-08-29,wk inc flu hosp,1,2026-09-05,48,quantile,0.025,12.143172202950298
2026-08-29,wk inc flu hosp,1,2026-09-05,48,quantile,0.05,14.146609907234792
2026-08-29,wk inc flu hosp,1,2026-09-05,48,quantile,0.1,26.963291839004103
2026-08-29,wk inc flu hosp,1,2026-09-05,48,quantile,0.15,33.864604211101756
2026-08-29,wk inc flu hosp,1,2026-09-05,48,quantile,0.2,43.79235946873284
2026-08-29,wk inc flu hosp,1,2026-09-05,48,quantile,0.25,50.39703877429063
2026-08-29,wk inc flu hosp,1,2026-09-05,48,quantile,0.3,54.4518273017428
2026-08-29,wk inc flu hosp,1,2026-09-05,48,quantile,0.35,58.80074272062478
2026-08-29,wk inc flu hosp,1,2026-09-05,48,quantile,0.4,63.10876276922594
2026-08-29,wk inc flu hosp,1,2026-09-05,48,quantile,0.45,66.44424147012111
2026-08-29,wk inc flu hosp,1,2026-09-05,48,quantile,0.5,72.82235623101425
2026-08-29,wk inc flu hosp,1,2026-09-05,48,quantile,0.55,75.24653567434267
2026-08-29,wk inc flu hosp,1,2026-09-05,48,quantile,0.6,81.34059503835726
2026-08-29,wk inc flu hosp,1,2026-09-05,48,quantile,0.65,84.46254095107356
2026-08-29,wk inc flu hosp,1,2026-09-05,48,quantile,0.7,87.46253953730427
2026-08-29,wk inc flu hosp,1,2026-09-05,48,quantile,0.75,97.34170816753654
2026-08-29,wk inc flu hosp,1,2026-09-05,48,quantile,0.8,105.3970694959339
2026-08-29,wk inc flu hosp,1,2026-09-05,48,quantile,0.85,118.36908580331358
2026-08-29,wk inc flu hosp,1,2026-09-05,48,quantile,0.9,136.80276286382
2026-08-29,wk inc flu hosp,1,2026-09-05,48,quantile,0.95,168.26519830398558
2026-08-29,wk inc flu hosp,1,2026-09-05,48,quantile,0.975,209.7618901326831
2026-08-29,wk inc flu hosp,1,2026-09-05,48,quantile,0.99,256.2384463063041
2026-08-29,wk inc flu hosp,2,2026-09-12,48,quantile,0.01,7.336675867327588
2026-08-29,wk inc flu hosp,2,2026-09-12,48,quantile,0.025,9.532653828078377
2026-08-29,wk inc flu hosp,2,2026-09-12,48,quantile,0.05,13.69304614395819
2026-08-29,wk inc flu hosp,2,2026-09-12,48,quantile,0.1,20.03590111471324
2026-08-29,wk inc flu hosp,2,2026-09-12,48,quantile,0.15,29.65334744546171
2026-08-29,wk inc flu hosp,2,2026-09-12,48,quantile,0.2,39.58286498989398
2026-08-29,wk inc flu hosp,2,2026-09-12,48,quantile,0.25,46.5889488580844
2026-08-29,wk inc flu hosp,2,2026-09-12,48,quantile,0.3,52.674685751338316
2026-08-29,wk inc flu hosp,2,2026-09-12,48,quantile,0.35,57.20268888389378
2026-08-29,wk inc flu hosp,2,2026-09-12,48,quantile,0.4,60.05627751614634
2026-08-29,wk inc flu hosp,2,2026-09-12,48,quantile,0.45,64.63485407521623
2026-08-29,wk inc flu hosp,2,2026-09-12,48,quantile,0.5,69.15676132926203
2026-08-29,wk inc flu hosp,2,2026-09-12,48,quantile,0.55,72.8759055427821
2026-08-29,wk inc flu hosp,2,2026-09-12,48,quantile,0.6,78.76720066661149
2026-08-29,wk inc flu hosp,2,2026-09-12,48,quantile,0.65,82.18373789904982
2026-08-29,wk inc flu hosp,2,2026-09-12,48,quantile,0.7,86.81645755839557
2026-08-29,wk inc flu hosp,2,2026-09-12,48,quantile,0.75,91.19300484736817
2026-08-29,wk inc flu hosp,2,2026-09-12,48,quantile,0.8,102.90109224093972
2026-08-29,wk inc flu hosp,2,2026-09-12,48,quantile,0.85,112.41003088047232
2026-08-29,wk inc flu hosp,2,2026-09-12,48,quantile,0.9,129.4699711038929
2026-08-29,wk inc flu hosp,2,2026-09-12,48,quantile,0.95,162.21835540634015
2026-08-29,wk inc flu hosp,2,2026-09-12,48,quantile,0.975,194.51143346844225
2026-08-29,wk inc flu hosp,2,2026-09-12,48,quantile,0.99,244.71441273396306
2026-08-29,wk inc flu hosp,3,2026-09-19,48,quantile,0.01,3.556421427689256
2026-08-29,wk inc flu hosp,3,2026-09-19,48,quantile,0.025,12.927294325140338
2026-08-29,wk inc flu hosp,3,2026-09-19,48,quantile,0.05,14.892020674172727
2026-08-29,wk inc flu hosp,3,2026-09-19,48,quantile,0.1,21.356344588658118
2026-08-29,wk inc flu hosp,3,2026-09-19,48,quantile,0.15,32.14142579838829
2026-08-29,wk inc flu hosp,3,2026-09-19,48,quantile,0.2,42.480285203044694
2026-08-29,wk inc flu hosp,3,2026-09-19,48,quantile,0.25,49.023233870689786
2026-08-29,wk inc flu hosp,3,2026-09-19,48,quantile,0.3,55.82078658405628
2026-08-29,wk inc flu hosp,3,2026-09-19,48,quantile,0.35,58.80107840625464
2026-08-29,wk inc flu hosp,3,2026-09-19,48,quantile,0.4,64.6158019299445
2026-08-29,wk inc flu hosp,3,2026-09-19,48,quantile,0.45,68.18279854418019
2026-08-29,wk inc flu hosp,3,2026-09-19,48,quantile,0.5,71.21432420574169
2026-08-29,wk inc flu hosp,3,2026-09-19,48,quantile,0.55,75.1453831188109
2026-08-29,wk inc flu hosp,3,2026-09-19,48,quantile,0.6,81.9831374429218
2026-08-29,wk inc flu hosp,3,2026-09-19,48,quantile,0.65,86.78001521282908
2026-08-29,wk inc flu hosp,3,2026-09-19,48,quantile,0.7,90.70051506583778
2026-08-29,wk inc flu hosp,3,2026-09-19,48,quantile,0.75,96.62198922511271
2026-08-29,wk inc flu hosp,3,2026-09-19,48,quantile,0.8,104.75066876471755
2026-08-29,wk inc flu hosp,3,2026-09-19,48,quantile,0.85,132.60327265320757
2026-08-29,wk inc flu hosp,3,2026-09-19,48,quantile,0.9,149.87754606684973
2026-08-29,wk inc flu hosp,3,2026-09-19,48,quantile,0.95,188.967449307559
2026-08-29,wk inc flu hosp,3,2026-09-19,48,quantile,0.975,238.95513884563601
2026-08-29,wk inc flu hosp,3,2026-09-19,48,quantile,0.99,328.40351026611023
2026-08-29,wk inc flu hosp,-1,2026-08-22,US,quantile,0.01,36.538428474031
2026-08-29,wk inc flu hosp,-1,2026-08-22,US,quantile,0.025,71.88916436854515
2026-08-29,wk inc flu hosp,-1,2026-08-22,US,quantile,0.05,147.62452404170574
2026-08-29,wk inc flu hosp,-1,2026-08-22,US,quantile,0.1,265.6176648256803
2026-08-29,wk inc flu hosp,-1,2026-08-22,US,quantile,0.15,384.3526146737614
2026-08-29,wk inc flu hosp,-1,2026-08-22,US,quantile,0.2,428.1182007541062
2026-08-29,wk inc flu hosp,-1,2026-08-22,US,quantile,0.25,497.0908438226639
2026-08-29,wk inc flu hosp,-1,2026-08-22,US,quantile,0.3,523.152515260679
2026-08-29,wk inc flu hosp,-1,2026-08-22,US,quantile,0.35,559.1736627094016
2026-08-29,wk inc flu hosp,-1,2026-08-22,US,quantile,0.4,589.403579031307
2026-08-29,wk inc flu hosp,-1,2026-08-22,US,quantile,0.45,607.6737688466121
2026-08-29,wk inc flu hosp,-1,2026-08-22,US,quantile,0.5,643.8655022462489
2026-08-29,wk inc flu hosp,-1,2026-08-22,US,quantile,0.55,689.9555687076702
2026-08-29,wk inc flu hosp,-1,2026-08-22,US,quantile,0.6,731.8928462318177
2026-08-29,wk inc flu hosp,-1,2026-08-22,US,quantile,0.65,786.8497861763838
2026-08-29,wk inc flu hosp,-1,2026-08-22,US,quantile,0.7,837.8095119484217
2026-08-29,wk inc flu hosp,-1,2026-08-22,US,quantile,0.75,945.8016131754057
2026-08-29,wk inc flu hosp,-1,2026-08-22,US,quantile,0.8,1005.569367831008
2026-08-29,wk inc flu hosp,-1,2026-08-22,US,quantile,0.85,1090.5416570232285
2026-08-29,wk inc flu hosp,-1,2026-08-22,US,quantile,0.9,1312.40625593556
2026-08-29,wk inc flu hosp,-1,2026-08-22,US,quantile,0.95,1593.4511309057184
2026-08-29,wk inc flu hosp,-1,2026-08-22,US,quantile,0.975,2123.1410832941447
2026-08-29,wk inc flu hosp,-1,2026-08-22,US,quantile,0.99,2513.607900029497
2026-08-29,wk inc flu hosp,0,2026-08-29,US,quantile,0.01,53.77288750085177
2026-08-29,wk inc flu hosp,0,2026-08-29,US,quantile,0.025,128.48918603013584
2026-08-29,wk inc flu hosp,0,2026-08-29,US,quantile,0.05,145.330265801717
2026-08-29,wk inc flu hosp,0,2026-08-29,US,quantile,0.1,270.3549237568213
2026-08-29,wk inc flu hosp,0,2026-08-29,US,quantile,0.15,405.1467860059806
2026-08-29,wk inc flu hosp,0,2026-08-29,US,quantile,0.2,470.53167070909427
2026-08-29,wk inc flu hosp,0,2026-08-29,US,quantile,0.25,545.6747764940272
2026-08-29,wk inc flu hosp,0,2026-08-29,US,quantile,0.3,579.228358869337
2026-08-29,wk inc flu hosp,0,2026-08-29,US,quantile,0.35,623.0518768492959
2026-08-29,wk inc flu hosp,0,2026-08-29,US,quantile,0.4,664.3786510683159
2026-08-29,wk inc flu hosp,0,2026-08-29,US,quantile,0.45,719.8830152746519
2026-08-29,wk inc flu hosp,0,2026-08-29,US,quantile,0.5,746.3372951783088
2026-08-29,wk inc flu hosp,0,2026-08-29,US,quantile,0.55,779.6331354657932
2026-08-29,wk inc flu hosp,0,2026-08-29,US,quantile,0.6,831.5336110725891
2026-08-29,wk inc flu hosp,0,2026-08-29,US,quantile,0.65,904.3797688526759
2026-08-29,wk inc flu hosp,0,2026-08-29,US,quantile,0.7,965.0528827156411
2026-08-29,wk inc flu hosp,0,2026-08-29,US,quantile,0.75,1032.8933784736353
2026-08-29,wk inc flu hosp,0,2026-08-29,US,quantile,0.8,1113.6959884472888
2026-08-29,wk inc flu hosp,0,2026-08-29,US,quantile,0.85,1188.4484948065012
2026-08-29,wk inc flu hosp,0,2026-08-29,US,quantile,0.9,1384.9719431830842
2026-08-29,wk inc flu hosp,0,2026-08-29,US,quantile,0.95,1669.7735188654258
2026-08-29,wk inc flu hosp,0,2026-08-29,US,quantile,0.975,2038.810721292174
2026-08-29,wk inc flu hosp,0,2026-08-29,US,quantile,0.99,2372.072158178559
2026-08-29,wk inc flu hosp,1,2026-09-05,US,quantile,0.01,58.699745894028645
2026-08-29,wk inc flu hosp,1,2026-09-05,US,quantile,0.025,109.79143445135524
2026-08-29,wk inc flu hosp,1,2026-09-05,US,quantile,0.05,142.36639926899198
2026-08-29,wk inc flu hosp,1,2026-09-05,US,quantile,0.1,293.14304262317285
2026-08-29,wk inc flu hosp,1,2026-09-05,US,quantile,0.15,369.00826308094804
2026-08-29,wk inc flu hosp,1,2026-09-05,US,quantile,0.2,469.77463233134245
2026-08-29,wk inc flu hosp,1,2026-09-05,US,quantile,0.25,541.1457688843003
2026-08-29,wk inc flu hosp,1,2026-09-05,US,quantile,0.3,592.7614285694057
2026-08-29,wk inc flu hosp,1,2026-09-05,US,quantile,0.35,643.3040776879756
2026-08-29,wk inc flu hosp,1,2026-09-05,US,quantile,0.4,679.8606008374024
2026-08-29,wk inc flu hosp,1,2026-09-05,US,quantile,0.45,715.8192124274556
2026-08-29,wk inc flu hosp,1,2026-09-05,US,quantile,0.5,773.6981692891521
2026-08-29,wk inc flu hosp,1,2026-09-05,US,quantile,0.55,794.1721089719169
2026-08-29,wk inc flu hosp,1,2026-09-05,US,quantile,0.6,860.277283680606
2026-08-29,wk inc flu hosp,1,2026-09-05,US,quantile,0.65,889.63327414754
2026-08-29,wk inc flu hosp,1,2026-09-05,US,quantile,0.7,914.2333444829144
2026-08-29,wk inc flu hosp,1,2026-09-05,US,quantile,0.75,1036.9803441373479
2026-08-29,wk inc flu hosp,1,2026-09-05,US,quantile,0.8,1110.1549153970636
2026-08-29,wk inc flu hosp,1,2026-09-05,US,quantile,0.85,1260.9403699647785
2026-08-29,wk inc flu hosp,1,2026-09-05,US,quantile,0.9,1474.613266280848
2026-08-29,wk inc flu hosp,1,2026-09-05,US,quantile,0.95,1810.9997545928454
2026-08-29,wk inc flu hosp,1,2026-09-05,US,quantile,0.975,2150.142894894255
2026-08-29,wk inc flu hosp,1,2026-09-05,US,quantile,0.99,2599.597847983648
2026-08-29,wk inc flu hosp,2,2026-09-12,US,quantile,0.01,53.32261659685007
2026-08-29,wk inc flu hosp,2,2026-09-12,US,quantile,0.025,82.24397657449104
2026-08-29,wk inc flu hosp,2,2026-09-12,US,quantile,0.05,121.49968854158888
2026-08-29,wk inc flu hosp,2,2026-09-12,US,quantile,0.1,180.98602976564618
2026-08-29,wk inc flu hosp,2,2026-09-12,US,quantile,0.15,291.32261636858493
2026-08-29,wk inc flu hosp,2,2026-09-12,US,quantile,0.2,388.60924560587347
2026-08-29,wk inc flu hosp,2,2026-09-12,US,quantile,0.25,460.1456438206764
2026-08-29,wk inc flu hosp,2,2026-09-12,US,quantile,0.3,534.3293932708611
2026-08-29,wk inc flu hosp,2,2026-09-12,US,quantile,0.35,589.2626508822514
2026-08-29,wk inc flu hosp,2,2026-09-12,US,quantile,0.4,615.6170539882318
2026-08-29,wk inc flu hosp,2,2026-09-12,US,quantile,0.45,666.6098786181917
2026-08-29,wk inc flu hosp,2,2026-09-12,US,quantile,0.5,708.2465057234419
2026-08-29,wk inc flu hosp,2,2026-09-12,US,quantile,0.55,742.2336182293658
2026-08-29,wk inc flu hosp,2,2026-09-12,US,quantile,0.6,805.6809020126135
2026-08-29,wk inc flu hosp,2,2026-09-12,US,quantile,0.65,832.2201793753837
2026-08-29,wk inc flu hosp,2,2026-09-12,US,quantile,0.7,883.1049970893978
2026-08-29,wk inc flu hosp,2,2026-09-12,US,quantile,0.75,930.2480130609149
2026-08-29,wk inc flu hosp,2,2026-09-12,US,quantile,0.8,1062.5462233094363
2026-08-29,wk inc flu hosp,2,2026-09-12,US,quantile,0.85,1184.3692246189917
2026-08-29,wk inc flu hosp,2,2026-09-12,US,quantile,0.9,1361.6650335251054
2026-08-29,wk inc flu hosp,2,2026-09-12,US,quantile,0.95,1656.1242799698923
2026-08-29,wk inc flu hosp,2,2026-09-12,US,quantile,0.975,1930.4370662886683
2026-08-29,wk inc flu hosp,2,2026-09-12,US,quantile,0.99,2375.8254923648333
2026-08-29,wk inc flu hosp,3,2026-09-19,US,quantile,0.01,26.3147953650802
2026-08-29,wk inc flu hosp,3,2026-09-19,US,quantile,0.025,110.20836476775779
2026-08-29,wk inc flu hosp,3,2026-09-19,US,quantile,0.05,138.67053966101324
2026-08-29,wk inc flu hosp,3,2026-09-19,US,quantile,0.1,198.5785681196427
2026-08-29,wk inc flu hosp,3,2026-09-19,US,quantile,0.15,304.0294106302991
2026-08-29,wk inc flu hosp,3,2026-09-19,US,quantile,0.2,415.9179254655332
2026-08-29,wk inc flu hosp,3,2026-09-19,US,quantile,0.25,496.118624967029
2026-08-29,wk inc flu hosp,3,2026-09-19,US,quantile,0.3,580.1287067056044
2026-08-29,wk inc flu hosp,3,2026-09-19,US,quantile,0.35,616.7665213469088
2026-08-29,wk inc flu hosp,3,2026-09-19,US,quantile,0.4,678.5906507350834
2026-08-29,wk inc flu hosp,3,2026-09-19,US,quantile,0.45,708.0800669297523
2026-08-29,wk inc flu hosp,3,2026-09-19,US,quantile,0.5,742.6207805567185
2026-08-29,wk inc flu hosp,3,2026-09-19,US,quantile,0.55,782.004158362865
2026-08-29,wk inc flu hosp,3,2026-09-19,US,quantile,0.6,831.2103244130587
2026-08-29,wk inc flu hosp,3,2026-09-19,US,quantile,0.65,887.4448104402842
2026-08-29,wk inc flu hosp,3,2026-09-19,US,quantile,0.7,925.1409162670815
2026-08-29,wk inc flu hosp,3,2026-09-19,US,quantile,0.75,980.9665155941833
2026-08-29,wk inc flu hosp,3,2026-09-19,US,quantile,0.8,1056.530947609225
2026-08-29,wk inc flu hosp,3,2026-09-19,US,quantile,0.85,1332.3908589891505
2026-08-29,wk inc flu hosp,3,2026-09-19,US,quantile,0.9,1528.9215884043017
2026-08-29,wk inc flu hosp,3,2026-09-19,US,quantile,0.95,1885.829467487431
2026-08-29,wk inc flu hosp,3,2026-09-19,US,quantile,0.975,2275.067746768065
2026-08-29,wk inc flu hosp,3,2026-09-19,US,quantile,0.99,3174.555190277838
2026-08-29,wk inc flu hosp,-1,2026-08-22,49,quantile,0.01,6.899122399115902e-4
2026-08-29,wk inc flu hosp,-1,2026-08-22,49,quantile,0.025,0.007237121775618971
2026-08-29,wk inc flu hosp,-1,2026-08-22,49,quantile,0.05,0.043158329624375255
2026-08-29,wk inc flu hosp,-1,2026-08-22,49,quantile,0.1,0.2253183967880169
2026-08-29,wk inc flu hosp,-1,2026-08-22,49,quantile,0.15,0.733970740921062
2026-08-29,wk inc flu hosp,-1,2026-08-22,49,quantile,0.2,1.1516894844446506
2026-08-29,wk inc flu hosp,-1,2026-08-22,49,quantile,0.25,1.6013336054878426
2026-08-29,wk inc flu hosp,-1,2026-08-22,49,quantile,0.3,1.7918168983849367
2026-08-29,wk inc flu hosp,-1,2026-08-22,49,quantile,0.35,2.1777229105882188
2026-08-29,wk inc flu hosp,-1,2026-08-22,49,quantile,0.4,2.3903417097268145
2026-08-29,wk inc flu hosp,-1,2026-08-22,49,quantile,0.45,2.571091892315474
2026-08-29,wk inc flu hosp,-1,2026-08-22,49,quantile,0.5,2.6657899202822026
2026-08-29,wk inc flu hosp,-1,2026-08-22,49,quantile,0.55,2.756845920516428
2026-08-29,wk inc flu hosp,-1,2026-08-22,49,quantile,0.6,3.0519535138120037
2026-08-29,wk inc flu hosp,-1,2026-08-22,49,quantile,0.65,3.2499527456818305
2026-08-29,wk inc flu hosp,-1,2026-08-22,49,quantile,0.7,3.3927487923417337
2026-08-29,wk inc flu hosp,-1,2026-08-22,49,quantile,0.75,3.4381435324987817
2026-08-29,wk inc flu hosp,-1,2026-08-22,49,quantile,0.8,3.5389526578969597
2026-08-29,wk inc flu hosp,-1,2026-08-22,49,quantile,0.85,3.670066240310032
2026-08-29,wk inc flu hosp,-1,2026-08-22,49,quantile,0.9,5.075278584966994
2026-08-29,wk inc flu hosp,-1,2026-08-22,49,quantile,0.95,5.415130010908384
2026-08-29,wk inc flu hosp,-1,2026-08-22,49,quantile,0.975,6.027001375483553
2026-08-29,wk inc flu hosp,-1,2026-08-22,49,quantile,0.99,7.733273090434347
2026-08-29,wk inc flu hosp,0,2026-08-29,49,quantile,0.01,7.920717013728953e-4
2026-08-29,wk inc flu hosp,0,2026-08-29,49,quantile,0.025,0.008649623251058785
2026-08-29,wk inc flu hosp,0,2026-08-29,49,quantile,0.05,0.04270921043689108
2026-08-29,wk inc flu hosp,0,2026-08-29,49,quantile,0.1,0.18998402278837417
2026-08-29,wk inc flu hosp,0,2026-08-29,49,quantile,0.15,0.6483845588396407
2026-08-29,wk inc flu hosp,0,2026-08-29,49,quantile,0.2,1.0534049512272237
2026-08-29,wk inc flu hosp,0,2026-08-29,49,quantile,0.25,1.4887711566235826
2026-08-29,wk inc flu hosp,0,2026-08-29,49,quantile,0.3,1.734937540792104
2026-08-29,wk inc flu hosp,0,2026-08-29,49,quantile,0.35,1.9854805362681844
2026-08-29,wk inc flu hosp,0,2026-08-29,49,quantile,0.4,2.318993739044735
2026-08-29,wk inc flu hosp,0,2026-08-29,49,quantile,0.45,2.6014708701465343
2026-08-29,wk inc flu hosp,0,2026-08-29,49,quantile,0.5,2.6320505905174882
2026-08-29,wk inc flu hosp,0,2026-08-29,49,quantile,0.55,2.6617891708766503
2026-08-29,wk inc flu hosp,0,2026-08-29,49,quantile,0.6,2.6730221551708335
2026-08-29,wk inc flu hosp,0,2026-08-29,49,quantile,0.65,3.0312209736946767
2026-08-29,wk inc flu hosp,0,2026-08-29,49,quantile,0.7,3.3965592603722934
2026-08-29,wk inc flu hosp,0,2026-08-29,49,quantile,0.75,3.479085910363592
2026-08-29,wk inc flu hosp,0,2026-08-29,49,quantile,0.8,3.7578543551048953
2026-08-29,wk inc flu hosp,0,2026-08-29,49,quantile,0.85,4.24473537802426
2026-08-29,wk inc flu hosp,0,2026-08-29,49,quantile,0.9,4.894883887506432
2026-08-29,wk inc flu hosp,0,2026-08-29,49,quantile,0.95,5.845850005255588
2026-08-29,wk inc flu hosp,0,2026-08-29,49,quantile,0.975,6.45699120326557
2026-08-29,wk inc flu hosp,0,2026-08-29,49,quantile,0.99,7.560239746496901
2026-08-29,wk inc flu hosp,1,2026-09-05,49,quantile,0.01,0
2026-08-29,wk inc flu hosp,1,2026-09-05,49,quantile,0.025,0.005179622464918903
2026-08-29,wk inc flu hosp,1,2026-09-05,49,quantile,0.05,0.01821271939035027
2026-08-29,wk inc flu hosp,1,2026-09-05,49,quantile,0.1,0.20511538213253944
2026-08-29,wk inc flu hosp,1,2026-09-05,49,quantile,0.15,0.47884620575826964
2026-08-29,wk inc flu hosp,1,2026-09-05,49,quantile,0.2,0.9398367226701054
2026-08-29,wk inc flu hosp,1,2026-09-05,49,quantile,0.25,1.3053139312804827
2026-08-29,wk inc flu hosp,1,2026-09-05,49,quantile,0.3,1.5949820906734713
2026-08-29,wk inc flu hosp,1,2026-09-05,49,quantile,0.35,1.7767023708901994
2026-08-29,wk inc flu hosp,1,2026-09-05,49,quantile,0.4,2.04435983192282
2026-08-29,wk inc flu hosp,1,2026-09-05,49,quantile,0.45,2.3888221433633534
2026-08-29,wk inc flu hosp,1,2026-09-05,49,quantile,0.5,2.6319464182012267
2026-08-29,wk inc flu hosp,1,2026-09-05,49,quantile,0.55,2.7219702651702447
2026-08-29,wk inc flu hosp,1,2026-09-05,49,quantile,0.6,2.864552169341584
2026-08-29,wk inc flu hosp,1,2026-09-05,49,quantile,0.65,2.9314760161106808
2026-08-29,wk inc flu hosp,1,2026-09-05,49,quantile,0.7,3.0726548205787045
2026-08-29,wk inc flu hosp,1,2026-09-05,49,quantile,0.75,3.479190142068367
2026-08-29,wk inc flu hosp,1,2026-09-05,49,quantile,0.8,3.549246223842995
2026-08-29,wk inc flu hosp,1,2026-09-05,49,quantile,0.85,3.8407987036015294
2026-08-29,wk inc flu hosp,1,2026-09-05,49,quantile,0.9,4.361051118754227
2026-08-29,wk inc flu hosp,1,2026-09-05,49,quantile,0.95,5.549260313365727
2026-08-29,wk inc flu hosp,1,2026-09-05,49,quantile,0.975,7.056786517898947
2026-08-29,wk inc flu hosp,1,2026-09-05,49,quantile,0.99,8.907915047805728
2026-08-29,wk inc flu hosp,2,2026-09-12,49,quantile,0.01,0
2026-08-29,wk inc flu hosp,2,2026-09-12,49,quantile,0.025,0.004006596894956813
2026-08-29,wk inc flu hosp,2,2026-09-12,49,quantile,0.05,0.011331446469340372
2026-08-29,wk inc flu hosp,2,2026-09-12,49,quantile,0.1,0.09070567251147382
2026-08-29,wk inc flu hosp,2,2026-09-12,49,quantile,0.15,0.29474027873037145
2026-08-29,wk inc flu hosp,2,2026-09-12,49,quantile,0.2,0.6176889231319133
2026-08-29,wk inc flu hosp,2,2026-09-12,49,quantile,0.25,0.8521519880361769
2026-08-29,wk inc flu hosp,2,2026-09-12,49,quantile,0.3,1.1510897831375089
2026-08-29,wk inc flu hosp,2,2026-09-12,49,quantile,0.35,1.3559729427945029
2026-08-29,wk inc flu hosp,2,2026-09-12,49,quantile,0.4,1.5129762894924776
2026-08-29,wk inc flu hosp,2,2026-09-12,49,quantile,0.45,1.7738419493811333
2026-08-29,wk inc flu hosp,2,2026-09-12,49,quantile,0.5,1.980025371240899
2026-08-29,wk inc flu hosp,2,2026-09-12,49,quantile,0.55,2.0879494802525214
2026-08-29,wk inc flu hosp,2,2026-09-12,49,quantile,0.6,2.3129150307063293
2026-08-29,wk inc flu hosp,2,2026-09-12,49,quantile,0.65,2.494800968663705
2026-08-29,wk inc flu hosp,2,2026-09-12,49,quantile,0.7,2.655784421075383
2026-08-29,wk inc flu hosp,2,2026-09-12,49,quantile,0.75,2.827178716585434
2026-08-29,wk inc flu hosp,2,2026-09-12,49,quantile,0.8,3.1828365014105224
2026-08-29,wk inc flu hosp,2,2026-09-12,49,quantile,0.85,3.540261179603891
2026-08-29,wk inc flu hosp,2,2026-09-12,49,quantile,0.9,3.941868182918167
2026-08-29,wk inc flu hosp,2,2026-09-12,49,quantile,0.95,5.380677732761648
2026-08-29,wk inc flu hosp,2,2026-09-12,49,quantile,0.975,7.25300771645241
2026-08-29,wk inc flu hosp,2,2026-09-12,49,quantile,0.99,8.758154784155002
2026-08-29,wk inc flu hosp,3,2026-09-19,49,quantile,0.01,0
2026-08-29,wk inc flu hosp,3,2026-09-19,49,quantile,0.025,0.0025028809781335176
2026-08-29,wk inc flu hosp,3,2026-09-19,49,quantile,0.05,0.008619135323054375
2026-08-29,wk inc flu hosp,3,2026-09-19,49,quantile,0.1,0.07382001720840525
2026-08-29,wk inc flu hosp,3,2026-09-19,49,quantile,0.15,0.25212383348013
2026-08-29,wk inc flu hosp,3,2026-09-19,49,quantile,0.2,0.6585047681588749
2026-08-29,wk inc flu hosp,3,2026-09-19,49,quantile,0.25,0.897526649746171
2026-08-29,wk inc flu hosp,3,2026-09-19,49,quantile,0.3,1.2519695178548338
2026-08-29,wk inc flu hosp,3,2026-09-19,49,quantile,0.35,1.3371064964302788
2026-08-29,wk inc flu hosp,3,2026-09-19,49,quantile,0.4,1.5705365194769354
2026-08-29,wk inc flu hosp,3,2026-09-19,49,quantile,0.45,1.69816306359741
2026-08-29,wk inc flu hosp,3,2026-09-19,49,quantile,0.5,1.9361777942249128
2026-08-29,wk inc flu hosp,3,2026-09-19,49,quantile,0.55,2.139247402363425
2026-08-29,wk inc flu hosp,3,2026-09-19,49,quantile,0.6,2.2144631486791186
2026-08-29,wk inc flu hosp,3,2026-09-19,49,quantile,0.65,2.538090808922101
2026-08-29,wk inc flu hosp,3,2026-09-19,49,quantile,0.7,2.7630841844980725
2026-08-29,wk inc flu hosp,3,2026-09-19,49,quantile,0.75,2.8224107755912917
2026-08-29,wk inc flu hosp,3,2026-09-19,49,quantile,0.8,3.126776082710089
2026-08-29,wk inc flu hosp,3,2026-09-19,49,quantile,0.85,3.9733347358674993
2026-08-29,wk inc flu hosp,3,2026-09-19,49,quantile,0.9,4.785698231952893
2026-08-29,wk inc flu hosp,3,2026-09-19,49,quantile,0.95,7.223600580184758
2026-08-29,wk inc flu hosp,3,2026-09-19,49,quantile,0.975,10.004572642609764
2026-08-29,wk inc flu hosp,3,2026-09-19,49,quantile,0.99,14.439715230536484
2026-08-29,wk inc flu hosp,-1,2026-08-22,51,quantile,0.01,0.5913438042926772
2026-08-29,wk inc flu hosp,-1,2026-08-22,51,quantile,0.025,1.0319524982476127
2026-08-29,wk inc flu hosp,-1,2026-08-22,51,quantile,0.05,2.1419474028185848
2026-08-29,wk inc flu hosp,-1,2026-08-22,51,quantile,0.1,3.8587454176248466
2026-08-29,wk inc flu hosp,-1,2026-08-22,51,quantile,0.15,5.173679513912459
2026-08-29,wk inc flu hosp,-1,2026-08-22,51,quantile,0.2,5.949040526208607
2026-08-29,wk inc flu hosp,-1,2026-08-22,51,quantile,0.25,6.948200986685138
2026-08-29,wk inc flu hosp,-1,2026-08-22,51,quantile,0.3,7.294133422174768
2026-08-29,wk inc flu hosp,-1,2026-08-22,51,quantile,0.35,7.818269904457718
2026-08-29,wk inc flu hosp,-1,2026-08-22,51,quantile,0.4,8.205785629067748
2026-08-29,wk inc flu hosp,-1,2026-08-22,51,quantile,0.45,8.799120857559172
2026-08-29,wk inc flu hosp,-1,2026-08-22,51,quantile,0.5,9.32183636888264
2026-08-29,wk inc flu hosp,-1,2026-08-22,51,quantile,0.55,10.139694401631523
2026-08-29,wk inc flu hosp,-1,2026-08-22,51,quantile,0.6,11.055208510530665
2026-08-29,wk inc flu hosp,-1,2026-08-22,51,quantile,0.65,11.800899799423442
2026-08-29,wk inc flu hosp,-1,2026-08-22,51,quantile,0.7,12.779806062112772
2026-08-29,wk inc flu hosp,-1,2026-08-22,51,quantile,0.75,14.699089775057832
2026-08-29,wk inc flu hosp,-1,2026-08-22,51,quantile,0.8,15.512172422324138
2026-08-29,wk inc flu hosp,-1,2026-08-22,51,quantile,0.85,16.937764085189176
2026-08-29,wk inc flu hosp,-1,2026-08-22,51,quantile,0.9,22.078921185506086
2026-08-29,wk inc flu hosp,-1,2026-08-22,51,quantile,0.95,26.786058275574362
2026-08-29,wk inc flu hosp,-1,2026-08-22,51,quantile,0.975,35.57161696863302
2026-08-29,wk inc flu hosp,-1,2026-08-22,51,quantile,0.99,41.86615174036929
2026-08-29,wk inc flu hosp,0,2026-08-29,51,quantile,0.01,1.0949612351543065
2026-08-29,wk inc flu hosp,0,2026-08-29,51,quantile,0.025,2.176694491532795
2026-08-29,wk inc flu hosp,0,2026-08-29,51,quantile,0.05,2.645174844957831
2026-08-29,wk inc flu hosp,0,2026-08-29,51,quantile,0.1,4.7727072820608925
2026-08-29,wk inc flu hosp,0,2026-08-29,51,quantile,0.15,7.167240488955181
2026-08-29,wk inc flu hosp,0,2026-08-29,51,quantile,0.2,8.758578660990118
2026-08-29,wk inc flu hosp,0,2026-08-29,51,quantile,0.25,10.417701411782652
2026-08-29,wk inc flu hosp,0,2026-08-29,51,quantile,0.3,11.183131881975763
2026-08-29,wk inc flu hosp,0,2026-08-29,51,quantile,0.35,11.921107701306482
2026-08-29,wk inc flu hosp,0,2026-08-29,51,quantile,0.4,12.625520862438174
2026-08-29,wk inc flu hosp,0,2026-08-29,51,quantile,0.45,13.437909918459155
2026-08-29,wk inc flu hosp,0,2026-08-29,51,quantile,0.5,13.941493286967175
2026-08-29,wk inc flu hosp,0,2026-08-29,51,quantile,0.55,14.35125846525662
2026-08-29,wk inc flu hosp,0,2026-08-29,51,quantile,0.6,15.20933077260922
2026-08-29,wk inc flu hosp,0,2026-08-29,51,quantile,0.65,16.61101030530568
2026-08-29,wk inc flu hosp,0,2026-08-29,51,quantile,0.7,18.11198969952997
2026-08-29,wk inc flu hosp,0,2026-08-29,51,quantile,0.75,19.06765214224032
2026-08-29,wk inc flu hosp,0,2026-08-29,51,quantile,0.8,20.44764063769396
2026-08-29,wk inc flu hosp,0,2026-08-29,51,quantile,0.85,22.088680202092355
2026-08-29,wk inc flu hosp,0,2026-08-29,51,quantile,0.9,26.29096019187815
2026-08-29,wk inc flu hosp,0,2026-08-29,51,quantile,0.95,31.267074212873293
2026-08-29,wk inc flu hosp,0,2026-08-29,51,quantile,0.975,37.735657058576365
2026-08-29,wk inc flu hosp,0,2026-08-29,51,quantile,0.99,44.506102132684234
2026-08-29,wk inc flu hosp,1,2026-09-05,51,quantile,0.01,1.0454603447679736
2026-08-29,wk inc flu hosp,1,2026-09-05,51,quantile,0.025,1.980855767871407
2026-08-29,wk inc flu hosp,1,2026-09-05,51,quantile,0.05,2.4553358545019024
2026-08-29,wk inc flu hosp,1,2026-09-05,51,quantile,0.1,5.104095053253206
2026-08-29,wk inc flu hosp,1,2026-09-05,51,quantile,0.15,6.297595461761096
2026-08-29,wk inc flu hosp,1,2026-09-05,51,quantile,0.2,7.994267270853919
2026-08-29,wk inc flu hosp,1,2026-09-05,51,quantile,0.25,9.344118465282587
2026-08-29,wk inc flu hosp,1,2026-09-05,51,quantile,0.3,9.975954859678193
2026-08-29,wk inc flu hosp,1,2026-09-05,51,quantile,0.35,10.791868055590239
2026-08-29,wk inc flu hosp,1,2026-09-05,51,quantile,0.4,11.392010940706239
2026-08-29,wk inc flu hosp,1,2026-09-05,51,quantile,0.45,11.690061797099887
2026-08-29,wk inc flu hosp,1,2026-09-05,51,quantile,0.5,12.957243987058348
2026-08-29,wk inc flu hosp,1,2026-09-05,51,quantile,0.55,13.403030668506897
2026-08-29,wk inc flu hosp,1,2026-09-05,51,quantile,0.6,14.9647214985502
2026-08-29,wk inc flu hosp,1,2026-09-05,51,quantile,0.65,15.566401442350736
2026-08-29,wk inc flu hosp,1,2026-09-05,51,quantile,0.7,16.19920334201288
2026-08-29,wk inc flu hosp,1,2026-09-05,51,quantile,0.75,18.19160750147243
2026-08-29,wk inc flu hosp,1,2026-09-05,51,quantile,0.8,19.932891602757483
2026-08-29,wk inc flu hosp,1,2026-09-05,51,quantile,0.85,22.892544184984946
2026-08-29,wk inc flu hosp,1,2026-09-05,51,quantile,0.9,26.59233254232884
2026-08-29,wk inc flu hosp,1,2026-09-05,51,quantile,0.95,32.28697662863631
2026-08-29,wk inc flu hosp,1,2026-09-05,51,quantile,0.975,41.34547533779387
2026-08-29,wk inc flu hosp,1,2026-09-05,51,quantile,0.99,48.000334850708995
2026-08-29,wk inc flu hosp,2,2026-09-12,51,quantile,0.01,1.3725493964781572
2026-08-29,wk inc flu hosp,2,2026-09-12,51,quantile,0.025,1.8629837320208638
2026-08-29,wk inc flu hosp,2,2026-09-12,51,quantile,0.05,2.4943809511674084
2026-08-29,wk inc flu hosp,2,2026-09-12,51,quantile,0.1,3.7696312607112517
2026-08-29,wk inc flu hosp,2,2026-09-12,51,quantile,0.15,5.922050141620827
2026-08-29,wk inc flu hosp,2,2026-09-12,51,quantile,0.2,8.193316034144528
2026-08-29,wk inc flu hosp,2,2026-09-12,51,quantile,0.25,9.6466883171643385
2026-08-29,wk inc flu hosp,2,2026-09-12,51,quantile,0.3,10.704646198980058
2026-08-29,wk inc flu hosp,2,2026-09-12,51,quantile,0.35,11.465366426000443
2026-08-29,wk inc flu hosp,2,2026-09-12,51,quantile,0.4,11.91262263780077
2026-08-29,wk inc flu hosp,2,2026-09-12,51,quantile,0.45,12.997107309794707
2026-08-29,wk inc flu hosp,2,2026-09-12,51,quantile,0.5,13.885686648690353
2026-08-29,wk inc flu hosp,2,2026-09-12,51,quantile,0.55,14.499616912213375
2026-08-29,wk inc flu hosp,2,2026-09-12,51,quantile,0.6,15.555748877705351
2026-08-29,wk inc flu hosp,2,2026-09-12,51,quantile,0.65,16.122965745633646
2026-08-29,wk inc flu hosp,2,2026-09-12,51,quantile,0.7,17.0009207035023
2026-08-29,wk inc flu hosp,2,2026-09-12,51,quantile,0.75,17.92973706299832
2026-08-29,wk inc flu hosp,2,2026-09-12,51,quantile,0.8,19.796843469811552
2026-08-29,wk inc flu hosp,2,2026-09-12,51,quantile,0.85,21.57562338233627
2026-08-29,wk inc flu hosp,2,2026-09-12,51,quantile,0.9,24.505505427945817
2026-08-29,wk inc flu hosp,2,2026-09-12,51,quantile,0.95,30.63372205257337
2026-08-29,wk inc flu hosp,2,2026-09-12,51,quantile,0.975,35.61239405302944
2026-08-29,wk inc flu hosp,2,2026-09-12,51,quantile,0.99,46.87584935095667
2026-08-29,wk inc flu hosp,3,2026-09-19,51,quantile,0.01,0.5070011844311673
2026-08-29,wk inc flu hosp,3,2026-09-19,51,quantile,0.025,2.1825943494605062
2026-08-29,wk inc flu hosp,3,2026-09-19,51,quantile,0.05,2.689522092397278
2026-08-29,wk inc flu hosp,3,2026-09-19,51,quantile,0.1,3.9357490996664977
2026-08-29,wk inc flu hosp,3,2026-09-19,51,quantile,0.15,6.021050221832674
2026-08-29,wk inc flu hosp,3,2026-09-19,51,quantile,0.2,8.201961561659395
2026-08-29,wk inc flu hosp,3,2026-09-19,51,quantile,0.25,9.308717690190148
2026-08-29,wk inc flu hosp,3,2026-09-19,51,quantile,0.3,10.763411426429794
2026-08-29,wk inc flu hosp,3,2026-09-19,51,quantile,0.35,11.031106156589948
2026-08-29,wk inc flu hosp,3,2026-09-19,51,quantile,0.4,11.91702416851812
2026-08-29,wk inc flu hosp,3,2026-09-19,51,quantile,0.45,12.70754503380161
2026-08-29,wk inc flu hosp,3,2026-09-19,51,quantile,0.5,13.224053894944774
2026-08-29,wk inc flu hosp,3,2026-09-19,51,quantile,0.55,14.007308929224932
2026-08-29,wk inc flu hosp,3,2026-09-19,51,quantile,0.6,15.789606736093482
2026-08-29,wk inc flu hosp,3,2026-09-19,51,quantile,0.65,16.727814554392303
2026-08-29,wk inc flu hosp,3,2026-09-19,51,quantile,0.7,17.444773205975945
2026-08-29,wk inc flu hosp,3,2026-09-19,51,quantile,0.75,18.503370070789515
2026-08-29,wk inc flu hosp,3,2026-09-19,51,quantile,0.8,20.248147085488426
2026-08-29,wk inc flu hosp,3,2026-09-19,51,quantile,0.85,27.170647207952864
2026-08-29,wk inc flu hosp,3,2026-09-19,51,quantile,0.9,30.95081876608275
2026-08-29,wk inc flu hosp,3,2026-09-19,51,quantile,0.95,37.006395250812744
2026-08-29,wk inc flu hosp,3,2026-09-19,51,quantile,0.975,45.116008307951105
2026-08-29,wk inc flu hosp,3,2026-09-19,51,quantile,0.99,61.74449649867247
2026-08-29,wk inc flu hosp,-1,2026-08-22,50,quantile,0.01,0
2026-08-29,wk inc flu hosp,-1,2026-08-22,50,quantile,0.025,0
2026-08-29,wk inc flu hosp,-1,2026-08-22,50,quantile,0.05,0
2026-08-29,wk inc flu hosp,-1,2026-08-22,50,quantile,0.1,0.00822869145523207
2026-08-29,wk inc flu hosp,-1,2026-08-22,50,quantile,0.15,0.06061494186366563
2026-08-29,wk inc flu hosp,-1,2026-08-22,50,quantile,0.2,0.09503057102952436
2026-08-29,wk inc flu hosp,-1,2026-08-22,50,quantile,0.25,0.24769939406869193
2026-08-29,wk inc flu hosp,-1,2026-08-22,50,quantile,0.3,0.2810499308156722
2026-08-29,wk inc flu hosp,-1,2026-08-22,50,quantile,0.35,0.2842575505713503
2026-08-29,wk inc flu hosp,-1,2026-08-22,50,quantile,0.4,0.2922345118768789
2026-08-29,wk inc flu hosp,-1,2026-08-22,50,quantile,0.45,0.3184306391929241
2026-08-29,wk inc flu hosp,-1,2026-08-22,50,quantile,0.5,0.3581332195283418
2026-08-29,wk inc flu hosp,-1,2026-08-22,50,quantile,0.55,0.36388574280794317
2026-08-29,wk inc flu hosp,-1,2026-08-22,50,quantile,0.6,0.37053530788664746
2026-08-29,wk inc flu hosp,-1,2026-08-22,50,quantile,0.65,0.3777849022295905
2026-08-29,wk inc flu hosp,-1,2026-08-22,50,quantile,0.7,0.38492765142577384
2026-08-29,wk inc flu hosp,-1,2026-08-22,50,quantile,0.75,0.46896048803226836
2026-08-29,wk inc flu hosp,-1,2026-08-22,50,quantile,0.8,0.5334226760778759
2026-08-29,wk inc flu hosp,-1,2026-08-22,50,quantile,0.85,0.5463624800943363
2026-08-29,wk inc flu hosp,-1,2026-08-22,50,quantile,0.9,0.7954772023857486
2026-08-29,wk inc flu hosp,-1,2026-08-22,50,quantile,0.95,0.8820029427399325
2026-08-29,wk inc flu hosp,-1,2026-08-22,50,quantile,0.975,1.3556864583605255
2026-08-29,wk inc flu hosp,-1,2026-08-22,50,quantile,0.99,2.3166099291469857
2026-08-29,wk inc flu hosp,0,2026-08-29,50,quantile,0.01,0
2026-08-29,wk inc flu hosp,0,2026-08-29,50,quantile,0.025,0
2026-08-29,wk inc flu hosp,0,2026-08-29,50,quantile,0.05,0
2026-08-29,wk inc flu hosp,0,2026-08-29,50,quantile,0.1,0.0015559629181983484
2026-08-29,wk inc flu hosp,0,2026-08-29,50,quantile,0.15,0.022015126100444787
2026-08-29,wk inc flu hosp,0,2026-08-29,50,quantile,0.2,0.03343320228688556
2026-08-29,wk inc flu hosp,0,2026-08-29,50,quantile,0.25,0.045025727034534314
2026-08-29,wk inc flu hosp,0,2026-08-29,50,quantile,0.3,0.04724036738756075
2026-08-29,wk inc flu hosp,0,2026-08-29,50,quantile,0.35,0.05572335858844956
2026-08-29,wk inc flu hosp,0,2026-08-29,50,quantile,0.4,0.07203247321352664
2026-08-29,wk inc flu hosp,0,2026-08-29,50,quantile,0.45,0.1310839504811986
2026-08-29,wk inc flu hosp,0,2026-08-29,50,quantile,0.5,0.13940510230091283
2026-08-29,wk inc flu hosp,0,2026-08-29,50,quantile,0.55,0.2741882053636412
2026-08-29,wk inc flu hosp,0,2026-08-29,50,quantile,0.6,0.31539653034827964
2026-08-29,wk inc flu hosp,0,2026-08-29,50,quantile,0.65,0.3179576155011394
2026-08-29,wk inc flu hosp,0,2026-08-29,50,quantile,0.7,0.32219895134771476
2026-08-29,wk inc flu hosp,0,2026-08-29,50,quantile,0.75,0.38163128937635904
2026-08-29,wk inc flu hosp,0,2026-08-29,50,quantile,0.8,0.38510548623093155
2026-08-29,wk inc flu hosp,0,2026-08-29,50,quantile,0.85,0.5368830358505358
2026-08-29,wk inc flu hosp,0,2026-08-29,50,quantile,0.9,0.7515523155785419
2026-08-29,wk inc flu hosp,0,2026-08-29,50,quantile,0.95,1.0033071621267473
2026-08-29,wk inc flu hosp,0,2026-08-29,50,quantile,0.975,2.1352896336172886
2026-08-29,wk inc flu hosp,0,2026-08-29,50,quantile,0.99,2.5553720317617223
2026-08-29,wk inc flu hosp,1,2026-09-05,50,quantile,0.01,0
2026-08-29,wk inc flu hosp,1,2026-09-05,50,quantile,0.025,0
2026-08-29,wk inc flu hosp,1,2026-09-05,50,quantile,0.05,0
2026-08-29,wk inc flu hosp,1,2026-09-05,50,quantile,0.1,0
2026-08-29,wk inc flu hosp,1,2026-09-05,50,quantile,0.15,0.009648888333805781
2026-08-29,wk inc flu hosp,1,2026-09-05,50,quantile,0.2,0.06639359280816771
2026-08-29,wk inc flu hosp,1,2026-09-05,50,quantile,0.25,0.08706055478692923
2026-08-29,wk inc flu hosp,1,2026-09-05,50,quantile,0.3,0.14084441243200593
2026-08-29,wk inc flu hosp,1,2026-09-05,50,quantile,0.35,0.17262986855188234
2026-08-29,wk inc flu hosp,1,2026-09-05,50,quantile,0.4,0.22083882118804976
2026-08-29,wk inc flu hosp,1,2026-09-05,50,quantile,0.45,0.2906468320035069
2026-08-29,wk inc flu hosp,1,2026-09-05,50,quantile,0.5,0.3245461874927747
2026-08-29,wk inc flu hosp,1,2026-09-05,50,quantile,0.55,0.3592036648431506
2026-08-29,wk inc flu hosp,1,2026-09-05,50,quantile,0.6,0.36951554454261004
2026-08-29,wk inc flu hosp,1,2026-09-05,50,quantile,0.65,0.3719124946350096
2026-08-29,wk inc flu hosp,1,2026-09-05,50,quantile,0.7,0.43033393472967496
2026-08-29,wk inc flu hosp,1,2026-09-05,50,quantile,0.75,0.4323511537608486
2026-08-29,wk inc flu hosp,1,2026-09-05,50,quantile,0.8,0.48870454067062363
2026-08-29,wk inc flu hosp,1,2026-09-05,50,quantile,0.85,0.5329919254007035
2026-08-29,wk inc flu hosp,1,2026-09-05,50,quantile,0.9,0.6333452175067183
2026-08-29,wk inc flu hosp,1,2026-09-05,50,quantile,0.95,0.7532980550130995
2026-08-29,wk inc flu hosp,1,2026-09-05,50,quantile,0.975,0.9010257923676261
2026-08-29,wk inc flu hosp,1,2026-09-05,50,quantile,0.99,1.9464183828564838
2026-08-29,wk inc flu hosp,2,2026-09-12,50,quantile,0.01,0
2026-08-29,wk inc flu hosp,2,2026-09-12,50,quantile,0.025,0
2026-08-29,wk inc flu hosp,2,2026-09-12,50,quantile,0.05,0
2026-08-29,wk inc flu hosp,2,2026-09-12,50,quantile,0.1,0.013507796081401399
2026-08-29,wk inc flu hosp,2,2026-09-12,50,quantile,0.15,0.014328692976944092
2026-08-29,wk inc flu hosp,2,2026-09-12,50,quantile,0.2,0.015559092682524608
2026-08-29,wk inc flu hosp,2,2026-09-12,50,quantile,0.25,0.026696939117745608
2026-08-29,wk inc flu hosp,2,2026-09-12,50,quantile,0.3,0.05983002462975072
2026-08-29,wk inc flu hosp,2,2026-09-12,50,quantile,0.35,0.08617437483755891
2026-08-29,wk inc flu hosp,2,2026-09-12,50,quantile,0.4,0.12620782092810773
2026-08-29,wk inc flu hosp,2,2026-09-12,50,quantile,0.45,0.13215788321704514
2026-08-29,wk inc flu hosp,2,2026-09-12,50,quantile,0.5,0.14813062617348746
2026-08-29,wk inc flu hosp,2,2026-09-12,50,quantile,0.55,0.18926620289670515
2026-08-29,wk inc flu hosp,2,2026-09-12,50,quantile,0.6,0.23917836109257065
2026-08-29,wk inc flu hosp,2,2026-09-12,50,quantile,0.65,0.2956191496504086
2026-08-29,wk inc flu hosp,2,2026-09-12,50,quantile,0.7,0.32556871220396516
2026-08-29,wk inc flu hosp,2,2026-09-12,50,quantile,0.75,0.38176374935823515
2026-08-29,wk inc flu hosp,2,2026-09-12,50,quantile,0.8,0.6508844143194743
2026-08-29,wk inc flu hosp,2,2026-09-12,50,quantile,0.85,0.8027173141405163
2026-08-29,wk inc flu hosp,2,2026-09-12,50,quantile,0.9,1.2074297291066145
2026-08-29,wk inc flu hosp,2,2026-09-12,50,quantile,0.95,1.565687590509476
2026-08-29,wk inc flu hosp,2,2026-09-12,50,quantile,0.975,2.0852578457695525
2026-08-29,wk inc flu hosp,2,2026-09-12,50,quantile,0.99,2.375931620847196
2026-08-29,wk inc flu hosp,3,2026-09-19,50,quantile,0.01,0
2026-08-29,wk inc flu hosp,3,2026-09-19,50,quantile,0.025,0
2026-08-29,wk inc flu hosp,3,2026-09-19,50,quantile,0.05,0
2026-08-29,wk inc flu hosp,3,2026-09-19,50,quantile,0.1,0
2026-08-29,wk inc flu hosp,3,2026-09-19,50,quantile,0.15,1.305601278386335e-4
2026-08-29,wk inc flu hosp,3,2026-09-19,50,quantile,0.2,0.009892645928490304
2026-08-29,wk inc flu hosp,3,2026-09-19,50,quantile,0.25,0.04688781873675403
2026-08-29,wk inc flu hosp,3,2026-09-19,50,quantile,0.3,0.05794962167660763
2026-08-29,wk inc flu hosp,3,2026-09-19,50,quantile,0.35,0.1154710270858695
2026-08-29,wk inc flu hosp,3,2026-09-19,50,quantile,0.4,0.17347720346162301
2026-08-29,wk inc flu hosp,3,2026-09-19,50,quantile,0.45,0.18226986272818121
2026-08-29,wk inc flu hosp,3,2026-09-19,50,quantile,0.5,0.21046117509462808
2026-08-29,wk inc flu hosp,3,2026-09-19,50,quantile,0.55,0.2185591316379239
2026-08-29,wk inc flu hosp,3,2026-09-19,50,quantile,0.6,0.25015649461734496
2026-08-29,wk inc flu hosp,3,2026-09-19,50,quantile,0.65,0.25766000630107033
2026-08-29,wk inc flu hosp,3,2026-09-19,50,quantile,0.7,0.2958616330763918
2026-08-29,wk inc flu hosp,3,2026-09-19,50,quantile,0.75,0.32643171378939084
2026-08-29,wk inc flu hosp,3,2026-09-19,50,quantile,0.8,0.3526621484252812
2026-08-29,wk inc flu hosp,3,2026-09-19,50,quantile,0.85,0.39409947345154545
2026-08-29,wk inc flu hosp,3,2026-09-19,50,quantile,0.9,0.45335998675841777
2026-08-29,wk inc flu hosp,3,2026-09-19,50,quantile,0.95,0.6810680412479295
2026-08-29,wk inc flu hosp,3,2026-09-19,50,quantile,0.975,1.082381511393245
2026-08-29,wk inc flu hosp,3,2026-09-19,50,quantile,0.99,1.4303462752651277
2026-08-29,wk inc flu hosp,-1,2026-08-22,53,quantile,0.01,0.032506101418809705
2026-08-29,wk inc flu hosp,-1,2026-08-22,53,quantile,0.025,0.16824282384459305
2026-08-29,wk inc flu hosp,-1,2026-08-22,53,quantile,0.05,0.47591687064383137
2026-08-29,wk inc flu hosp,-1,2026-08-22,53,quantile,0.1,1.2964387006012925
2026-08-29,wk inc flu hosp,-1,2026-08-22,53,quantile,0.15,2.769570731107072
2026-08-29,wk inc flu hosp,-1,2026-08-22,53,quantile,0.2,3.6294947243489672
2026-08-29,wk inc flu hosp,-1,2026-08-22,53,quantile,0.25,5.040909330052192
2026-08-29,wk inc flu hosp,-1,2026-08-22,53,quantile,0.3,5.591366075293857
2026-08-29,wk inc flu hosp,-1,2026-08-22,53,quantile,0.35,6.1132728288925895
2026-08-29,wk inc flu hosp,-1,2026-08-22,53,quantile,0.4,6.631008510429782
2026-08-29,wk inc flu hosp,-1,2026-08-22,53,quantile,0.45,6.999042956145521
2026-08-29,wk inc flu hosp,-1,2026-08-22,53,quantile,0.5,7.289613737230164
2026-08-29,wk inc flu hosp,-1,2026-08-22,53,quantile,0.55,7.464422100688933
2026-08-29,wk inc flu hosp,-1,2026-08-22,53,quantile,0.6,7.9283212021471225
2026-08-29,wk inc flu hosp,-1,2026-08-22,53,quantile,0.65,8.518490678139196
2026-08-29,wk inc flu hosp,-1,2026-08-22,53,quantile,0.7,9.309170071758931
2026-08-29,wk inc flu hosp,-1,2026-08-22,53,quantile,0.75,10.278565677638456
2026-08-29,wk inc flu hosp,-1,2026-08-22,53,quantile,0.8,10.876953721306961
2026-08-29,wk inc flu hosp,-1,2026-08-22,53,quantile,0.85,11.635308114708517
2026-08-29,wk inc flu hosp,-1,2026-08-22,53,quantile,0.9,15.592701548875418
2026-08-29,wk inc flu hosp,-1,2026-08-22,53,quantile,0.95,18.24832751688999
2026-08-29,wk inc flu hosp,-1,2026-08-22,53,quantile,0.975,23.567907659041765
2026-08-29,wk inc flu hosp,-1,2026-08-22,53,quantile,0.99,30.450488290746097
2026-08-29,wk inc flu hosp,0,2026-08-29,53,quantile,0.01,0.23355145773135785
2026-08-29,wk inc flu hosp,0,2026-08-29,53,quantile,0.025,0.4277712214064683
2026-08-29,wk inc flu hosp,0,2026-08-29,53,quantile,0.05,0.5953192101667307
2026-08-29,wk inc flu hosp,0,2026-08-29,53,quantile,0.1,1.559568068442892
2026-08-29,wk inc flu hosp,0,2026-08-29,53,quantile,0.15,3.7159828007277085
2026-08-29,wk inc flu hosp,0,2026-08-29,53,quantile,0.2,5.208719747739034
2026-08-29,wk inc flu hosp,0,2026-08-29,53,quantile,0.25,6.680297152553844
2026-08-29,wk inc flu hosp,0,2026-08-29,53,quantile,0.3,7.449424673913607
2026-08-29,wk inc flu hosp,0,2026-08-29,53,quantile,0.35,8.412409211308177
2026-08-29,wk inc flu hosp,0,2026-08-29,53,quantile,0.4,9.420188061350695
2026-08-29,wk inc flu hosp,0,2026-08-29,53,quantile,0.45,10.594610392511191
2026-08-29,wk inc flu hosp,0,2026-08-29,53,quantile,0.5,10.747950675113314
2026-08-29,wk inc flu hosp,0,2026-08-29,53,quantile,0.55,10.945418621233452
2026-08-29,wk inc flu hosp,0,2026-08-29,53,quantile,0.6,11.165536973091845
2026-08-29,wk inc flu hosp,0,2026-08-29,53,quantile,0.65,12.55296968652745
2026-08-29,wk inc flu hosp,0,2026-08-29,53,quantile,0.7,14.029071771387292
2026-08-29,wk inc flu hosp,0,2026-08-29,53,quantile,0.75,14.581693710562597
2026-08-29,wk inc flu hosp,0,2026-08-29,53,quantile,0.8,15.785289703356195
2026-08-29,wk inc flu hosp,0,2026-08-29,53,quantile,0.85,17.270588966195444
2026-08-29,wk inc flu hosp,0,2026-08-29,53,quantile,0.9,19.52331582071862
2026-08-29,wk inc flu hosp,0,2026-08-29,53,quantile,0.95,23.276498798154588
2026-08-29,wk inc flu hosp,0,2026-08-29,53,quantile,0.975,26.09989759069186
2026-08-29,wk inc flu hosp,0,2026-08-29,53,quantile,0.99,29.925700302057507
2026-08-29,wk inc flu hosp,1,2026-09-05,53,quantile,0.01,0.22713894329202983
2026-08-29,wk inc flu hosp,1,2026-09-05,53,quantile,0.025,0.3829073439345572
2026-08-29,wk inc flu hosp,1,2026-09-05,53,quantile,0.05,0.4729503026529529
2026-08-29,wk inc flu hosp,1,2026-09-05,53,quantile,0.1,1.8230769529850404
2026-08-29,wk inc flu hosp,1,2026-09-05,53,quantile,0.15,3.265255082701286
2026-08-29,wk inc flu hosp,1,2026-09-05,53,quantile,0.2,5.159446935797034
2026-08-29,wk inc flu hosp,1,2026-09-05,53,quantile,0.25,6.487224388969973
2026-08-29,wk inc flu hosp,1,2026-09-05,53,quantile,0.3,7.450742476161023
2026-08-29,wk inc flu hosp,1,2026-09-05,53,quantile,0.35,8.105890062920995
2026-08-29,wk inc flu hosp,1,2026-09-05,53,quantile,0.4,9.128402202351815
2026-08-29,wk inc flu hosp,1,2026-09-05,53,quantile,0.45,10.145792183752068
2026-08-29,wk inc flu hosp,1,2026-09-05,53,quantile,0.5,11.300726174417486
2026-08-29,wk inc flu hosp,1,2026-09-05,53,quantile,0.55,11.515805027207291
2026-08-29,wk inc flu hosp,1,2026-09-05,53,quantile,0.6,12.21248203192269
2026-08-29,wk inc flu hosp,1,2026-09-05,53,quantile,0.65,12.408032945137135
2026-08-29,wk inc flu hosp,1,2026-09-05,53,quantile,0.7,12.633844583883187
2026-08-29,wk inc flu hosp,1,2026-09-05,53,quantile,0.75,14.570181997169996
2026-08-29,wk inc flu hosp,1,2026-09-05,53,quantile,0.8,14.946756863917763
2026-08-29,wk inc flu hosp,1,2026-09-05,53,quantile,0.85,16.192787150503065
2026-08-29,wk inc flu hosp,1,2026-09-05,53,quantile,0.9,18.684553095526145
2026-08-29,wk inc flu hosp,1,2026-09-05,53,quantile,0.95,24.583046041564057
2026-08-29,wk inc flu hosp,1,2026-09-05,53,quantile,0.975,29.506616576343934
2026-08-29,wk inc flu hosp,1,2026-09-05,53,quantile,0.99,36.15063946049724
2026-08-29,wk inc flu hosp,2,2026-09-12,53,quantile,0.01,0.037454240217448656
2026-08-29,wk inc flu hosp,2,2026-09-12,53,quantile,0.025,0.13423155547845445
2026-08-29,wk inc flu hosp,2,2026-09-12,53,quantile,0.05,0.28549237245212533
2026-08-29,wk inc flu hosp,2,2026-09-12,53,quantile,0.1,0.7110713161184801
2026-08-29,wk inc flu hosp,2,2026-09-12,53,quantile,0.15,1.8014902269880486
2026-08-29,wk inc flu hosp,2,2026-09-12,53,quantile,0.2,3.228488319054847
2026-08-29,wk inc flu hosp,2,2026-09-12,53,quantile,0.25,4.172102974888585
2026-08-29,wk inc flu hosp,2,2026-09-12,53,quantile,0.3,5.278477250408669
2026-08-29,wk inc flu hosp,2,2026-09-12,53,quantile,0.35,6.101842492037612
2026-08-29,wk inc flu hosp,2,2026-09-12,53,quantile,0.4,6.545525839502117
2026-08-29,wk inc flu hosp,2,2026-09-12,53,quantile,0.45,7.374483166078056
2026-08-29,wk inc flu hosp,2,2026-09-12,53,quantile,0.5,8.15942285442748
2026-08-29,wk inc flu hosp,2,2026-09-12,53,quantile,0.55,8.572718383375165
2026-08-29,wk inc flu hosp,2,2026-09-12,53,quantile,0.6,9.495068721154079
2026-08-29,wk inc flu hosp,2,2026-09-12,53,quantile,0.65,10.043348457555801
2026-08-29,wk inc flu hosp,2,2026-09-12,53,quantile,0.7,10.742981868009243
2026-08-29,wk inc flu hosp,2,2026-09-12,53,quantile,0.75,11.250581789853829
2026-08-29,wk inc flu hosp,2,2026-09-12,53,quantile,0.8,12.677618056398089
2026-08-29,wk inc flu hosp,2,2026-09-12,53,quantile,0.85,14.069164621179247
2026-08-29,wk inc flu hosp,2,2026-09-12,53,quantile,0.9,15.79592448110664
2026-08-29,wk inc flu hosp,2,2026-09-12,53,quantile,0.95,20.801866161727297
2026-08-29,wk inc flu hosp,2,2026-09-12,53,quantile,0.975,26.476021848086056
2026-08-29,wk inc flu hosp,2,2026-09-12,53,quantile,0.99,32.22092582155103
2026-08-29,wk inc flu hosp,3,2026-09-19,53,quantile,0.01,0.02107944719008934
2026-08-29,wk inc flu hosp,3,2026-09-19,53,quantile,0.025,0.17933349921683978
2026-08-29,wk inc flu hosp,3,2026-09-19,53,quantile,0.05,0.2927843620162873
2026-08-29,wk inc flu hosp,3,2026-09-19,53,quantile,0.1,0.805883648680091
2026-08-29,wk inc flu hosp,3,2026-09-19,53,quantile,0.15,2.107697454566137
2026-08-29,wk inc flu hosp,3,2026-09-19,53,quantile,0.2,4.108863586304551
2026-08-29,wk inc flu hosp,3,2026-09-19,53,quantile,0.25,5.061884815504088
2026-08-29,wk inc flu hosp,3,2026-09-19,53,quantile,0.3,6.499220297688896
2026-08-29,wk inc flu hosp,3,2026-09-19,53,quantile,0.35,6.798897289904468
2026-08-29,wk inc flu hosp,3,2026-09-19,53,quantile,0.4,7.813134974825386
2026-08-29,wk inc flu hosp,3,2026-09-19,53,quantile,0.45,8.227785358429859
2026-08-29,wk inc flu hosp,3,2026-09-19,53,quantile,0.5,9.10563071023581
2026-08-29,wk inc flu hosp,3,2026-09-19,53,quantile,0.55,9.71110546251801
2026-08-29,wk inc flu hosp,3,2026-09-19,53,quantile,0.6,10.04467505818397
2026-08-29,wk inc flu hosp,3,2026-09-19,53,quantile,0.65,11.19013535139372
2026-08-29,wk inc flu hosp,3,2026-09-19,53,quantile,0.7,11.852628197262172
2026-08-29,wk inc flu hosp,3,2026-09-19,53,quantile,0.75,12.26901201069637
2026-08-29,wk inc flu hosp,3,2026-09-19,53,quantile,0.8,13.37224082232617
2026-08-29,wk inc flu hosp,3,2026-09-19,53,quantile,0.85,17.016948480525404
2026-08-29,wk inc flu hosp,3,2026-09-19,53,quantile,0.9,19.801907733721677
2026-08-29,wk inc flu hosp,3,2026-09-19,53,quantile,0.95,28.396411621238038
2026-08-29,wk inc flu hosp,3,2026-09-19,53,quantile,0.975,37.65494757430582
2026-08-29,wk inc flu hosp,3,2026-09-19,53,quantile,0.99,56.365432840692044
2026-08-29,wk inc flu hosp,-1,2026-08-22,55,quantile,0.01,0.02150864011959543
2026-08-29,wk inc flu hosp,-1,2026-08-22,55,quantile,0.025,0.0656189332046924
2026-08-29,wk inc flu hosp,-1,2026-08-22,55,quantile,0.05,0.1709646442942719
2026-08-29,wk inc flu hosp,-1,2026-08-22,55,quantile,0.1,0.5754295078731144
2026-08-29,wk inc flu hosp,-1,2026-08-22,55,quantile,0.15,1.0140778898435092
2026-08-29,wk inc flu hosp,-1,2026-08-22,55,quantile,0.2,1.2712301289476238
2026-08-29,wk inc flu hosp,-1,2026-08-22,55,quantile,0.25,1.7826619936041501
2026-08-29,wk inc flu hosp,-1,2026-08-22,55,quantile,0.3,2.005710304332724
2026-08-29,wk inc flu hosp,-1,2026-08-22,55,quantile,0.35,2.107070593557746
2026-08-29,wk inc flu hosp,-1,2026-08-22,55,quantile,0.4,2.400778017337839
2026-08-29,wk inc flu hosp,-1,2026-08-22,55,quantile,0.45,2.537253132239858
2026-08-29,wk inc flu hosp,-1,2026-08-22,55,quantile,0.5,2.9345513880417102
2026-08-29,wk inc flu hosp,-1,2026-08-22,55,quantile,0.55,3.216640408732083
2026-08-29,wk inc flu hosp,-1,2026-08-22,55,quantile,0.6,3.4045086439340038
2026-08-29,wk inc flu hosp,-1,2026-08-22,55,quantile,0.65,3.9292136050408355
2026-08-29,wk inc flu hosp,-1,2026-08-22,55,quantile,0.7,4.33176330183257
2026-08-29,wk inc flu hosp,-1,2026-08-22,55,quantile,0.75,5.669013469966544
2026-08-29,wk inc flu hosp,-1,2026-08-22,55,quantile,0.8,6.641627176353048
2026-08-29,wk inc flu hosp,-1,2026-08-22,55,quantile,0.85,7.647332151279608
2026-08-29,wk inc flu hosp,-1,2026-08-22,55,quantile,0.9,10.21986313724183
2026-08-29,wk inc flu hosp,-1,2026-08-22,55,quantile,0.95,13.297474261982936
2026-08-29,wk inc flu hosp,-1,2026-08-22,55,quantile,0.975,22.710848918344603
2026-08-29,wk inc flu hosp,-1,2026-08-22,55,quantile,0.99,31.1250043992042
2026-08-29,wk inc flu hosp,0,2026-08-29,55,quantile,0.01,0.02170061704380872
2026-08-29,wk inc flu hosp,0,2026-08-29,55,quantile,0.025,0.18291778432197037
2026-08-29,wk inc flu hosp,0,2026-08-29,55,quantile,0.05,0.2653631897963719
2026-08-29,wk inc flu hosp,0,2026-08-29,55,quantile,0.1,0.9237292319731718
2026-08-29,wk inc flu hosp,0,2026-08-29,55,quantile,0.15,1.9688137166402957
2026-08-29,wk inc flu hosp,0,2026-08-29,55,quantile,0.2,2.7592640028717255
2026-08-29,wk inc flu hosp,0,2026-08-29,55,quantile,0.25,3.6384070661603602
2026-08-29,wk inc flu hosp,0,2026-08-29,55,quantile,0.3,4.100057446798996
2026-08-29,wk inc flu hosp,0,2026-08-29,55,quantile,0.35,4.4931571365781595
2026-08-29,wk inc flu hosp,0,2026-08-29,55,quantile,0.4,4.966327283467135
2026-08-29,wk inc flu hosp,0,2026-08-29,55,quantile,0.45,5.426098283075076
2026-08-29,wk inc flu hosp,0,2026-08-29,55,quantile,0.5,5.696167440482666
2026-08-29,wk inc flu hosp,0,2026-08-29,55,quantile,0.55,6.064366420471916
2026-08-29,wk inc flu hosp,0,2026-08-29,55,quantile,0.6,6.48472084876186
2026-08-29,wk inc flu hosp,0,2026-08-29,55,quantile,0.65,7.2428903963287015
2026-08-29,wk inc flu hosp,0,2026-08-29,55,quantile,0.7,7.9997195114943835
2026-08-29,wk inc flu hosp,0,2026-08-29,55,quantile,0.75,8.527843791397792
2026-08-29,wk inc flu hosp,0,2026-08-29,55,quantile,0.8,9.262833200414875
2026-08-29,wk inc flu hosp,0,2026-08-29,55,quantile,0.85,10.34656178904176
2026-08-29,wk inc flu hosp,0,2026-08-29,55,quantile,0.9,13.079340110707864
2026-08-29,wk inc flu hosp,0,2026-08-29,55,quantile,0.95,16.448852226854008
2026-08-29,wk inc flu hosp,0,2026-08-29,55,quantile,0.975,21.46697972169546
2026-08-29,wk inc flu hosp,0,2026-08-29,55,quantile,0.99,27.720568677642774
2026-08-29,wk inc flu hosp,1,2026-09-05,55,quantile,0.01,0.029222436086628924
2026-08-29,wk inc flu hosp,1,2026-09-05,55,quantile,0.025,0.14816619457174451
2026-08-29,wk inc flu hosp,1,2026-09-05,55,quantile,0.05,0.22982092508572305
2026-08-29,wk inc flu hosp,1,2026-09-05,55,quantile,0.1,1.0099761651100052
2026-08-29,wk inc flu hosp,1,2026-09-05,55,quantile,0.15,1.4843375568025594
2026-08-29,wk inc flu hosp,1,2026-09-05,55,quantile,0.2,2.320015879455256
2026-08-29,wk inc flu hosp,1,2026-09-05,55,quantile,0.25,3.032913164462433
2026-08-29,wk inc flu hosp,1,2026-09-05,55,quantile,0.3,3.460212818082254
2026-08-29,wk inc flu hosp,1,2026-09-05,55,quantile,0.35,3.9362810662915773
2026-08-29,wk inc flu hosp,1,2026-09-05,55,quantile,0.4,4.2816696690781315
2026-08-29,wk inc flu hosp,1,2026-09-05,55,quantile,0.45,4.582469130613807
2026-08-29,wk inc flu hosp,1,2026-09-05,55,quantile,0.5,5.18704336195538
2026-08-29,wk inc flu hosp,1,2026-09-05,55,quantile,0.55,5.477446768753439
2026-08-29,wk inc flu hosp,1,2026-09-05,55,quantile,0.6,6.212623165220824
2026-08-29,wk inc flu hosp,1,2026-09-05,55,quantile,0.65,6.656717411252898
2026-08-29,wk inc flu hosp,1,2026-09-05,55,quantile,0.7,7.072506637057955
2026-08-29,wk inc flu hosp,1,2026-09-05,55,quantile,0.75,8.091201774605738
2026-08-29,wk inc flu hosp,1,2026-09-05,55,quantile,0.8,9.085385490424185
2026-08-29,wk inc flu hosp,1,2026-09-05,55,quantile,0.85,10.866073230366657
2026-08-29,wk inc flu hosp,1,2026-09-05,55,quantile,0.9,13.099047697415855
2026-08-29,wk inc flu hosp,1,2026-09-05,55,quantile,0.95,16.42423724674513
2026-08-29,wk inc flu hosp,1,2026-09-05,55,quantile,0.975,23.327530580758133
2026-08-29,wk inc flu hosp,1,2026-09-05,55,quantile,0.99,30.235744008559315
2026-08-29,wk inc flu hosp,2,2026-09-12,55,quantile,0.01,0.06426893297655958
2026-08-29,wk inc flu hosp,2,2026-09-12,55,quantile,0.025,0.13742229713722703
2026-08-29,wk inc flu hosp,2,2026-09-12,55,quantile,0.05,0.270851743621031
2026-08-29,wk inc flu hosp,2,2026-09-12,55,quantile,0.1,0.6613551140766858
2026-08-29,wk inc flu hosp,2,2026-09-12,55,quantile,0.15,1.481377811140361
2026-08-29,wk inc flu hosp,2,2026-09-12,55,quantile,0.2,2.4852221494957343
2026-08-29,wk inc flu hosp,2,2026-09-12,55,quantile,0.25,3.224276027485979
2026-08-29,wk inc flu hosp,2,2026-09-12,55,quantile,0.3,3.8716543344956396
2026-08-29,wk inc flu hosp,2,2026-09-12,55,quantile,0.35,4.311518548145376
2026-08-29,wk inc flu hosp,2,2026-09-12,55,quantile,0.4,4.6575643158239135
2026-08-29,wk inc flu hosp,2,2026-09-12,55,quantile,0.45,5.329892615217225
2026-08-29,wk inc flu hosp,2,2026-09-12,55,quantile,0.5,5.805056612524031
2026-08-29,wk inc flu hosp,2,2026-09-12,55,quantile,0.55,6.181103401293909
2026-08-29,wk inc flu hosp,2,2026-09-12,55,quantile,0.6,6.76366200016773
2026-08-29,wk inc flu hosp,2,2026-09-12,55,quantile,0.65,7.14430019287866
2026-08-29,wk inc flu hosp,2,2026-09-12,55,quantile,0.7,7.634566392890227
2026-08-29,wk inc flu hosp,2,2026-09-12,55,quantile,0.75,8.25644531384858
2026-08-29,wk inc flu hosp,2,2026-09-12,55,quantile,0.8,9.445600994807247
2026-08-29,wk inc flu hosp,2,2026-09-12,55,quantile,0.85,10.63657258992019
2026-08-29,wk inc flu hosp,2,2026-09-12,55,quantile,0.9,12.652870345817302
2026-08-29,wk inc flu hosp,2,2026-09-12,55,quantile,0.95,17.41181275585825
2026-08-29,wk inc flu hosp,2,2026-09-12,55,quantile,0.975,22.829162194287683
2026-08-29,wk inc flu hosp,2,2026-09-12,55,quantile,0.99,33.23693909312278
2026-08-29,wk inc flu hosp,3,2026-09-19,55,quantile,0.01,0
2026-08-29,wk inc flu hosp,3,2026-09-19,55,quantile,0.025,0.15595429689064325
2026-08-29,wk inc flu hosp,3,2026-09-19,55,quantile,0.05,0.24156738645155792
2026-08-29,wk inc flu hosp,3,2026-09-19,55,quantile,0.1,0.5227479843480488
2026-08-29,wk inc flu hosp,3,2026-09-19,55,quantile,0.15,1.228762577014812
2026-08-29,wk inc flu hosp,3,2026-09-19,55,quantile,0.2,2.20996327762086
2026-08-29,wk inc flu hosp,3,2026-09-19,55,quantile,0.25,2.8324890390664614
2026-08-29,wk inc flu hosp,3,2026-09-19,55,quantile,0.3,3.591693339186311
2026-08-29,wk inc flu hosp,3,2026-09-19,55,quantile,0.35,3.8277542493677457
2026-08-29,wk inc flu hosp,3,2026-09-19,55,quantile,0.4,4.316185994435716
2026-08-29,wk inc flu hosp,3,2026-09-19,55,quantile,0.45,4.766631149155722
2026-08-29,wk inc flu hosp,3,2026-09-19,55,quantile,0.5,5.083683129295889
2026-08-29,wk inc flu hosp,3,2026-09-19,55,quantile,0.55,5.597131321598934
2026-08-29,wk inc flu hosp,3,2026-09-19,55,quantile,0.6,6.49672153354278
2026-08-29,wk inc flu hosp,3,2026-09-19,55,quantile,0.65,7.08091901434166
2026-08-29,wk inc flu hosp,3,2026-09-19,55,quantile,0.7,7.563026901736447
2026-08-29,wk inc flu hosp,3,2026-09-19,55,quantile,0.75,8.157015208644754
2026-08-29,wk inc flu hosp,3,2026-09-19,55,quantile,0.8,9.213591444374924
2026-08-29,wk inc flu hosp,3,2026-09-19,55,quantile,0.85,13.202901841754342
2026-08-29,wk inc flu hosp,3,2026-09-19,55,quantile,0.9,16.114989343681454
2026-08-29,wk inc flu hosp,3,2026-09-19,55,quantile,0.95,22.32852466932084
2026-08-29,wk inc flu hosp,3,2026-09-19,55,quantile,0.975,30.967131884975185
2026-08-29,wk inc flu hosp,3,2026-09-19,55,quantile,0.99,47.52540916393602
2026-08-29,wk inc flu hosp,-1,2026-08-22,54,quantile,0.01,0
2026-08-29,wk inc flu hosp,-1,2026-08-22,54,quantile,0.025,0
2026-08-29,wk inc flu hosp,-1,2026-08-22,54,quantile,0.05,0
2026-08-29,wk inc flu hosp,-1,2026-08-22,54,quantile,0.1,0.028810600231500783
2026-08-29,wk inc flu hosp,-1,2026-08-22,54,quantile,0.15,0.09192821427161045
2026-08-29,wk inc flu hosp,-1,2026-08-22,54,quantile,0.2,0.1572515483480571
2026-08-29,wk inc flu hosp,-1,2026-08-22,54,quantile,0.25,0.34757451406994405
2026-08-29,wk inc flu hosp,-1,2026-08-22,54,quantile,0.3,0.4179599593372169
2026-08-29,wk inc flu hosp,-1,2026-08-22,54,quantile,0.35,0.4493923379383031
2026-08-29,wk inc flu hosp,-1,2026-08-22,54,quantile,0.4,0.5330187787838881
2026-08-29,wk inc flu hosp,-1,2026-08-22,54,quantile,0.45,0.5938944139266776
2026-08-29,wk inc flu hosp,-1,2026-08-22,54,quantile,0.5,0.7120437346287113
2026-08-29,wk inc flu hosp,-1,2026-08-22,54,quantile,0.55,0.7180507027059785
2026-08-29,wk inc flu hosp,-1,2026-08-22,54,quantile,0.6,0.7233194136479482
2026-08-29,wk inc flu hosp,-1,2026-08-22,54,quantile,0.65,0.8627660802086838
2026-08-29,wk inc flu hosp,-1,2026-08-22,54,quantile,0.7,1.0043581181316155
2026-08-29,wk inc flu hosp,-1,2026-08-22,54,quantile,0.75,1.5144794423282906
2026-08-29,wk inc flu hosp,-1,2026-08-22,54,quantile,0.8,1.9445946393819493
2026-08-29,wk inc flu hosp,-1,2026-08-22,54,quantile,0.85,2.249565191506214
2026-08-29,wk inc flu hosp,-1,2026-08-22,54,quantile,0.9,3.60477181190471
2026-08-29,wk inc flu hosp,-1,2026-08-22,54,quantile,0.95,4.3816709093023105
2026-08-29,wk inc flu hosp,-1,2026-08-22,54,quantile,0.975,8.758582844335946
2026-08-29,wk inc flu hosp,-1,2026-08-22,54,quantile,0.99,14.199745181416242
2026-08-29,wk inc flu hosp,0,2026-08-29,54,quantile,0.01,0
2026-08-29,wk inc flu hosp,0,2026-08-29,54,quantile,0.025,3.069914951710718e-4
2026-08-29,wk inc flu hosp,0,2026-08-29,54,quantile,0.05,0.012353783210241755
2026-08-29,wk inc flu hosp,0,2026-08-29,54,quantile,0.1,0.11194746028554525
2026-08-29,wk inc flu hosp,0,2026-08-29,54,quantile,0.15,0.330046089104698
2026-08-29,wk inc flu hosp,0,2026-08-29,54,quantile,0.2,0.6195153139710203
2026-08-29,wk inc flu hosp,0,2026-08-29,54,quantile,0.25,0.8335843639517209
2026-08-29,wk inc flu hosp,0,2026-08-29,54,quantile,0.3,1.0269995210618321
2026-08-29,wk inc flu hosp,0,2026-08-29,54,quantile,0.35,1.0857672343734495
2026-08-29,wk inc flu hosp,0,2026-08-29,54,quantile,0.4,1.2421131658108255
2026-08-29,wk inc flu hosp,0,2026-08-29,54,quantile,0.45,1.415961459819796
2026-08-29,wk inc flu hosp,0,2026-08-29,54,quantile,0.5,1.4780411924044685
2026-08-29,wk inc flu hosp,0,2026-08-29,54,quantile,0.55,1.9061930034794292
2026-08-29,wk inc flu hosp,0,2026-08-29,54,quantile,0.6,2.016543072329568
2026-08-29,wk inc flu hosp,0,2026-08-29,54,quantile,0.65,2.1588223341908437
2026-08-29,wk inc flu hosp,0,2026-08-29,54,quantile,0.7,2.3931252994084624
2026-08-29,wk inc flu hosp,0,2026-08-29,54,quantile,0.75,2.516767663170867
2026-08-29,wk inc flu hosp,0,2026-08-29,54,quantile,0.8,2.608484167546862
2026-08-29,wk inc flu hosp,0,2026-08-29,54,quantile,0.85,3.3228625834294854
2026-08-29,wk inc flu hosp,0,2026-08-29,54,quantile,0.9,4.762771249994937
2026-08-29,wk inc flu hosp,0,2026-08-29,54,quantile,0.95,5.9499608297453825
2026-08-29,wk inc flu hosp,0,2026-08-29,54,quantile,0.975,9.234314224492977
2026-08-29,wk inc flu hosp,0,2026-08-29,54,quantile,0.99,12.67071203248657
2026-08-29,wk inc flu hosp,1,2026-09-05,54,quantile,0.01,0
2026-08-29,wk inc flu hosp,1,2026-09-05,54,quantile,0.025,0
2026-08-29,wk inc flu hosp,1,2026-09-05,54,quantile,0.05,0.004689532811056206
2026-08-29,wk inc flu hosp,1,2026-09-05,54,quantile,0.1,0.08806487549399357
2026-08-29,wk inc flu hosp,1,2026-09-05,54,quantile,0.15,0.17039633513093608
2026-08-29,wk inc flu hosp,1,2026-09-05,54,quantile,0.2,0.3925799730299167
2026-08-29,wk inc flu hosp,1,2026-09-05,54,quantile,0.25,0.5821850382996308
2026-08-29,wk inc flu hosp,1,2026-09-05,54,quantile,0.3,0.7193918790833658
2026-08-29,wk inc flu hosp,1,2026-09-05,54,quantile,0.35,0.856870905244096
2026-08-29,wk inc flu hosp,1,2026-09-05,54,quantile,0.4,0.9671800410593332
2026-08-29,wk inc flu hosp,1,2026-09-05,54,quantile,0.45,1.1473646096020125
2026-08-29,wk inc flu hosp,1,2026-09-05,54,quantile,0.5,1.2429262015444404
2026-08-29,wk inc flu hosp,1,2026-09-05,54,quantile,0.55,1.4229767269816165
2026-08-29,wk inc flu hosp,1,2026-09-05,54,quantile,0.6,1.5344397189711816
2026-08-29,wk inc flu hosp,1,2026-09-05,54,quantile,0.65,1.866080973667058
2026-08-29,wk inc flu hosp,1,2026-09-05,54,quantile,0.7,2.1766165500287644
2026-08-29,wk inc flu hosp,1,2026-09-05,54,quantile,0.75,2.229242124008731
2026-08-29,wk inc flu hosp,1,2026-09-05,54,quantile,0.8,2.710958841304696
2026-08-29,wk inc flu hosp,1,2026-09-05,54,quantile,0.85,3.322727533863001
2026-08-29,wk inc flu hosp,1,2026-09-05,54,quantile,0.9,3.8480890068261426
2026-08-29,wk inc flu hosp,1,2026-09-05,54,quantile,0.95,4.250455949329035
2026-08-29,wk inc flu hosp,1,2026-09-05,54,quantile,0.975,7.463682435682656
2026-08-29,wk inc flu hosp,1,2026-09-05,54,quantile,0.99,10.860778653967376
2026-08-29,wk inc flu hosp,2,2026-09-12,54,quantile,0.01,0
2026-08-29,wk inc flu hosp,2,2026-09-12,54,quantile,0.025,4.4054987121813695e-4
2026-08-29,wk inc flu hosp,2,2026-09-12,54,quantile,0.05,0.0392960689603468
2026-08-29,wk inc flu hosp,2,2026-09-12,54,quantile,0.1,0.2847962694637975
2026-08-29,wk inc flu hosp,2,2026-09-12,54,quantile,0.15,0.4943674140289145
2026-08-29,wk inc flu hosp,2,2026-09-12,54,quantile,0.2,0.8054742913496278
2026-08-29,wk inc flu hosp,2,2026-09-12,54,quantile,0.25,1.0706849353463475
2026-08-29,wk inc flu hosp,2,2026-09-12,54,quantile,0.3,1.2774196251823815
2026-08-29,wk inc flu hosp,2,2026-09-12,54,quantile,0.35,1.3603127985427308
2026-08-29,wk inc flu hosp,2,2026-09-12,54,quantile,0.4,1.615911594946233
2026-08-29,wk inc flu hosp,2,2026-09-12,54,quantile,0.45,1.874527126518329
2026-08-29,wk inc flu hosp,2,2026-09-12,54,quantile,0.5,2.052499606387061
2026-08-29,wk inc flu hosp,2,2026-09-12,54,quantile,0.55,2.2772821426680174
2026-08-29,wk inc flu hosp,2,2026-09-12,54,quantile,0.6,2.4706920025027133
2026-08-29,wk inc flu hosp,2,2026-09-12,54,quantile,0.65,2.7959612436443
2026-08-29,wk inc flu hosp,2,2026-09-12,54,quantile,0.7,2.929933406824266
2026-08-29,wk inc flu hosp,2,2026-09-12,54,quantile,0.75,3.340590295696998
2026-08-29,wk inc flu hosp,2,2026-09-12,54,quantile,0.8,3.9677607388131637
2026-08-29,wk inc flu hosp,2,2026-09-12,54,quantile,0.85,4.366209341198736
2026-08-29,wk inc flu hosp,2,2026-09-12,54,quantile,0.9,5.468653354643622
2026-08-29,wk inc flu hosp,2,2026-09-12,54,quantile,0.95,7.98144954743216
2026-08-29,wk inc flu hosp,2,2026-09-12,54,quantile,0.975,10.603717903787638
2026-08-29,wk inc flu hosp,2,2026-09-12,54,quantile,0.99,17.656067289074592
2026-08-29,wk inc flu hosp,3,2026-09-19,54,quantile,0.01,0
2026-08-29,wk inc flu hosp,3,2026-09-19,54,quantile,0.025,0
2026-08-29,wk inc flu hosp,3,2026-09-19,54,quantile,0.05,0.0015808317425496513
2026-08-29,wk inc flu hosp,3,2026-09-19,54,quantile,0.1,0.04527675381816294
2026-08-29,wk inc flu hosp,3,2026-09-19,54,quantile,0.15,0.1730134138064236
2026-08-29,wk inc flu hosp,3,2026-09-19,54,quantile,0.2,0.38224292211728134
2026-08-29,wk inc flu hosp,3,2026-09-19,54,quantile,0.25,0.5721592832251305
2026-08-29,wk inc flu hosp,3,2026-09-19,54,quantile,0.3,0.7153167197252064
2026-08-29,wk inc flu hosp,3,2026-09-19,54,quantile,0.35,0.8338583924203153
2026-08-29,wk inc flu hosp,3,2026-09-19,54,quantile,0.4,0.9602978023218958
2026-08-29,wk inc flu hosp,3,2026-09-19,54,quantile,0.45,1.154312558328983
2026-08-29,wk inc flu hosp,3,2026-09-19,54,quantile,0.5,1.241275389290922
2026-08-29,wk inc flu hosp,3,2026-09-19,54,quantile,0.55,1.4967086137932941
2026-08-29,wk inc flu hosp,3,2026-09-19,54,quantile,0.6,1.9079840013117244
2026-08-29,wk inc flu hosp,3,2026-09-19,54,quantile,0.65,2.093931824738665
2026-08-29,wk inc flu hosp,3,2026-09-19,54,quantile,0.7,2.4364821183353214
2026-08-29,wk inc flu hosp,3,2026-09-19,54,quantile,0.75,2.7151480741317204
2026-08-29,wk inc flu hosp,3,2026-09-19,54,quantile,0.8,3.2332053040610766
2026-08-29,wk inc flu hosp,3,2026-09-19,54,quantile,0.85,4.355128503819974
2026-08-29,wk inc flu hosp,3,2026-09-19,54,quantile,0.9,5.431915651950679
2026-08-29,wk inc flu hosp,3,2026-09-19,54,quantile,0.95,7.473806583569632
2026-08-29,wk inc flu hosp,3,2026-09-19,54,quantile,0.975,10.945210144462191
2026-08-29,wk inc flu hosp,3,2026-09-19,54,quantile,0.99,15.49035982256633
2026-08-29,wk inc flu hosp,-1,2026-08-22,56,quantile,0.01,3.4374890556405665e-5
2026-08-29,wk inc flu hosp,-1,2026-08-22,56,quantile,0.025,0.006763617639297008
2026-08-29,wk inc flu hosp,-1,2026-08-22,56,quantile,0.05,0.03215046313773436
2026-08-29,wk inc flu hosp,-1,2026-08-22,56,quantile,0.1,0.17378677447510738
2026-08-29,wk inc flu hosp,-1,2026-08-22,56,quantile,0.15,0.4622895425358641
2026-08-29,wk inc flu hosp,-1,2026-08-22,56,quantile,0.2,0.5454105096664517
2026-08-29,wk inc flu hosp,-1,2026-08-22,56,quantile,0.25,0.640934404196352
2026-08-29,wk inc flu hosp,-1,2026-08-22,56,quantile,0.3,0.7687882217122305
2026-08-29,wk inc flu hosp,-1,2026-08-22,56,quantile,0.35,0.7891979666420443
2026-08-29,wk inc flu hosp,-1,2026-08-22,56,quantile,0.4,0.816844604660166
2026-08-29,wk inc flu hosp,-1,2026-08-22,56,quantile,0.45,0.8221393694213528
2026-08-29,wk inc flu hosp,-1,2026-08-22,56,quantile,0.5,0.8387108410696159
2026-08-29,wk inc flu hosp,-1,2026-08-22,56,quantile,0.55,0.8524250999109416
2026-08-29,wk inc flu hosp,-1,2026-08-22,56,quantile,0.6,0.8669556086950962
2026-08-29,wk inc flu hosp,-1,2026-08-22,56,quantile,0.65,0.8800770806621712
2026-08-29,wk inc flu hosp,-1,2026-08-22,56,quantile,0.7,0.901486493221409
2026-08-29,wk inc flu hosp,-1,2026-08-22,56,quantile,0.75,0.9077813498453443
2026-08-29,wk inc flu hosp,-1,2026-08-22,56,quantile,0.8,0.9633682789671928
2026-08-29,wk inc flu hosp,-1,2026-08-22,56,quantile,0.85,1.1345003579964232
2026-08-29,wk inc flu hosp,-1,2026-08-22,56,quantile,0.9,1.4323942967124002
2026-08-29,wk inc flu hosp,-1,2026-08-22,56,quantile,0.95,2.0755522798785586
2026-08-29,wk inc flu hosp,-1,2026-08-22,56,quantile,0.975,3.4950977085192005
2026-08-29,wk inc flu hosp,-1,2026-08-22,56,quantile,0.99,5.166599149805046
2026-08-29,wk inc flu hosp,0,2026-08-29,56,quantile,0.01,0.018245684243898417
2026-08-29,wk inc flu hosp,0,2026-08-29,56,quantile,0.025,0.07339252907676853
2026-08-29,wk inc flu hosp,0,2026-08-29,56,quantile,0.05,0.2658321228859482
2026-08-29,wk inc flu hosp,0,2026-08-29,56,quantile,0.1,0.6153241237743439
2026-08-29,wk inc flu hosp,0,2026-08-29,56,quantile,0.15,0.9401357621533611
2026-08-29,wk inc flu hosp,0,2026-08-29,56,quantile,0.2,1.170915933469025
2026-08-29,wk inc flu hosp,0,2026-08-29,56,quantile,0.25,1.388593469617811
2026-08-29,wk inc flu hosp,0,2026-08-29,56,quantile,0.3,1.580078355798857
2026-08-29,wk inc flu hosp,0,2026-08-29,56,quantile,0.35,1.7148648047023531
2026-08-29,wk inc flu hosp,0,2026-08-29,56,quantile,0.4,1.8954583611138303
2026-08-29,wk inc flu hosp,0,2026-08-29,56,quantile,0.45,2.0375641780695375
2026-08-29,wk inc flu hosp,0,2026-08-29,56,quantile,0.5,2.204451131994623
2026-08-29,wk inc flu hosp,0,2026-08-29,56,quantile,0.55,2.314416831942145
2026-08-29,wk inc flu hosp,0,2026-08-29,56,quantile,0.6,2.3382404905315473
2026-08-29,wk inc flu hosp,0,2026-08-29,56,quantile,0.65,2.4379004414811267
2026-08-29,wk inc flu hosp,0,2026-08-29,56,quantile,0.7,2.5385266740010994
2026-08-29,wk inc flu hosp,0,2026-08-29,56,quantile,0.75,2.6594378831577825
2026-08-29,wk inc flu hosp,0,2026-08-29,56,quantile,0.8,2.785541454538626
2026-08-29,wk inc flu hosp,0,2026-08-29,56,quantile,0.85,3.0080232895820225
2026-08-29,wk inc flu hosp,0,2026-08-29,56,quantile,0.9,3.428537401492438
2026-08-29,wk inc flu hosp,0,2026-08-29,56,quantile,0.95,4.504669010484393
2026-08-29,wk inc flu hosp,0,2026-08-29,56,quantile,0.975,6.122217225208795
2026-08-29,wk inc flu hosp,0,2026-08-29,56,quantile,0.99,10.322246260724429
2026-08-29,wk inc flu hosp,1,2026-09-05,56,quantile,0.01,0.011844197686887922
2026-08-29,wk inc flu hosp,1,2026-09-05,56,quantile,0.025,0.05177107558846552
2026-08-29,wk inc flu hosp,1,2026-09-05,56,quantile,0.05,0.14076698111788535
2026-08-29,wk inc flu hosp,1,2026-09-05,56,quantile,0.1,0.5034978617655326
2026-08-29,wk inc flu hosp,1,2026-09-05,56,quantile,0.15,0.8197350991109588
2026-08-29,wk inc flu hosp,1,2026-09-05,56,quantile,0.2,1.0808149178134128
2026-08-29,wk inc flu hosp,1,2026-09-05,56,quantile,0.25,1.3258663042638266
2026-08-29,wk inc flu hosp,1,2026-09-05,56,quantile,0.3,1.5484316676533134
2026-08-29,wk inc flu hosp,1,2026-09-05,56,quantile,0.35,1.7487072468125573
2026-08-29,wk inc flu hosp,1,2026-09-05,56,quantile,0.4,1.9253988536954576
2026-08-29,wk inc flu hosp,1,2026-09-05,56,quantile,0.45,2.092950681033058
2026-08-29,wk inc flu hosp,1,2026-09-05,56,quantile,0.5,2.232696515600098
2026-08-29,wk inc flu hosp,1,2026-09-05,56,quantile,0.55,2.349640991269013
2026-08-29,wk inc flu hosp,1,2026-09-05,56,quantile,0.6,2.394163281477653
2026-08-29,wk inc flu hosp,1,2026-09-05,56,quantile,0.65,2.5197556939892536
2026-08-29,wk inc flu hosp,1,2026-09-05,56,quantile,0.7,2.607931041203335
2026-08-29,wk inc flu hosp,1,2026-09-05,56,quantile,0.75,2.774748713911539
2026-08-29,wk inc flu hosp,1,2026-09-05,56,quantile,0.8,2.9277724905980507
2026-08-29,wk inc flu hosp,1,2026-09-05,56,quantile,0.85,3.2048164061907483
2026-08-29,wk inc flu hosp,1,2026-09-05,56,quantile,0.9,3.776913287537938
2026-08-29,wk inc flu hosp,1,2026-09-05,56,quantile,0.95,5.052273318094137
2026-08-29,wk inc flu hosp,1,2026-09-05,56,quantile,0.975,7.691385904751861
2026-08-29,wk inc flu hosp,1,2026-09-05,56,quantile,0.99,12.811177157628153
2026-08-29,wk inc flu hosp,2,2026-09-12,56,quantile,0.01,0.008090815260726988
2026-08-29,wk inc flu hosp,2,2026-09-12,56,quantile,0.025,0.04560172040677641
2026-08-29,wk inc flu hosp,2,2026-09-12,56,quantile,0.05,0.1003105707317754
2026-08-29,wk inc flu hosp,2,2026-09-12,56,quantile,0.1,0.44112642037181654
2026-08-29,wk inc flu hosp,2,2026-09-12,56,quantile,0.15,0.7870274958785838
2026-08-29,wk inc flu hosp,2,2026-09-12,56,quantile,0.2,1.03633780242372
2026-08-29,wk inc flu hosp,2,2026-09-12,56,quantile,0.25,1.2593279707627245
2026-08-29,wk inc flu hosp,2,2026-09-12,56,quantile,0.3,1.5161347784719292
2026-08-29,wk inc flu hosp,2,2026-09-12,56,quantile,0.35,1.6878637234039053
2026-08-29,wk inc flu hosp,2,2026-09-12,56,quantile,0.4,1.848467664706268
2026-08-29,wk inc flu hosp,2,2026-09-12,56,quantile,0.45,2.0261500833204975
2026-08-29,wk inc flu hosp,2,2026-09-12,56,quantile,0.5,2.132165572153287
2026-08-29,wk inc flu hosp,2,2026-09-12,56,quantile,0.55,2.2741835568648243
2026-08-29,wk inc flu hosp,2,2026-09-12,56,quantile,0.6,2.3640630323385814
2026-08-29,wk inc flu hosp,2,2026-09-12,56,quantile,0.65,2.5089777216457794
2026-08-29,wk inc flu hosp,2,2026-09-12,56,quantile,0.7,2.6978157278567823
2026-08-29,wk inc flu hosp,2,2026-09-12,56,quantile,0.75,2.896050122435161
2026-08-29,wk inc flu hosp,2,2026-09-12,56,quantile,0.8,3.0906643302808066
2026-08-29,wk inc flu hosp,2,2026-09-12,56,quantile,0.85,3.5470770214763365
2026-08-29,wk inc flu hosp,2,2026-09-12,56,quantile,0.9,4.291443954886911
2026-08-29,wk inc flu hosp,2,2026-09-12,56,quantile,0.95,6.756934040940245
2026-08-29,wk inc flu hosp,2,2026-09-12,56,quantile,0.975,11.644474238928478
2026-08-29,wk inc flu hosp,2,2026-09-12,56,quantile,0.99,16.0457853581996
2026-08-29,wk inc flu hosp,3,2026-09-19,56,quantile,0.01,0.0029502044370837027
2026-08-29,wk inc flu hosp,3,2026-09-19,56,quantile,0.025,0.031710968700879444
2026-08-29,wk inc flu hosp,3,2026-09-19,56,quantile,0.05,0.07230293053882823
2026-08-29,wk inc flu hosp,3,2026-09-19,56,quantile,0.1,0.40749428678126554
2026-08-29,wk inc flu hosp,3,2026-09-19,56,quantile,0.15,0.68580836307533
2026-08-29,wk inc flu hosp,3,2026-09-19,56,quantile,0.2,0.9284922139096397
2026-08-29,wk inc flu hosp,3,2026-09-19,56,quantile,0.25,1.1594842639281246
2026-08-29,wk inc flu hosp,3,2026-09-19,56,quantile,0.3,1.3500371576989993
2026-08-29,wk inc flu hosp,3,2026-09-19,56,quantile,0.35,1.536712690592725
2026-08-29,wk inc flu hosp,3,2026-09-19,56,quantile,0.4,1.6922469853750495
2026-08-29,wk inc flu hosp,3,2026-09-19,56,quantile,0.45,1.8549162344394394
2026-08-29,wk inc flu hosp,3,2026-09-19,56,quantile,0.5,2.0109814778708803
2026-08-29,wk inc flu hosp,3,2026-09-19,56,quantile,0.55,2.19393770953325
2026-08-29,wk inc flu hosp,3,2026-09-19,56,quantile,0.6,2.2860378312914778
2026-08-29,wk inc flu hosp,3,2026-09-19,56,quantile,0.65,2.503777296762922
2026-08-29,wk inc flu hosp,3,2026-09-19,56,quantile,0.7,2.67863328041241
2026-08-29,wk inc flu hosp,3,2026-09-19,56,quantile,0.75,2.9266117650139165
2026-08-29,wk inc flu hosp,3,2026-09-19,56,quantile,0.8,3.2635619066937456
2026-08-29,wk inc flu hosp,3,2026-09-19,56,quantile,0.85,3.928800591302557
2026-08-29,wk inc flu hosp,3,2026-09-19,56,quantile,0.9,5.313563783845827
2026-08-29,wk inc flu hosp,3,2026-09-19,56,quantile,0.95,10.90376356885846
2026-08-29,wk inc flu hosp,3,2026-09-19,56,quantile,0.975,16.433428298927666
2026-08-29,wk inc flu hosp,3,2026-09-19,56,quantile,0.99,26.9338429237538
2026-08-29,wk inc flu prop ed visits,-1,2026-08-22,02,quantile,0.01,0.004366010812135494
2026-08-29,wk inc flu prop ed visits,-1,2026-08-22,02,quantile,0.025,0.004476052551285217
2026-08-29,wk inc flu prop ed visits,-1,2026-08-22,02,quantile,0.05,0.004604199904417619
2026-08-29,wk inc flu prop ed visits,-1,2026-08-22,02,quantile,0.1,0.0047375756740908725
2026-08-29,wk inc flu prop ed visits,-1,2026-08-22,02,quantile,0.15,0.0048169165799351755
2026-08-29,wk inc flu prop ed visits,-1,2026-08-22,02,quantile,0.2,0.00486369221456922
2026-08-29,wk inc flu prop ed visits,-1,2026-08-22,02,quantile,0.25,0.004912104065964619
2026-08-29,wk inc flu prop ed visits,-1,2026-08-22,02,quantile,0.3,0.00495379990644753
2026-08-29,wk inc flu prop ed visits,-1,2026-08-22,02,quantile,0.35,0.004986093657644232
2026-08-29,wk inc flu prop ed visits,-1,2026-08-22,02,quantile,0.4,0.005015450887586557
2026-08-29,wk inc flu prop ed visits,-1,2026-08-22,02,quantile,0.45,0.005038666558203599
2026-08-29,wk inc flu prop ed visits,-1,2026-08-22,02,quantile,0.5,0.005086315694608182
2026-08-29,wk inc flu prop ed visits,-1,2026-08-22,02,quantile,0.55,0.005121333251955609
2026-08-29,wk inc flu prop ed visits,-1,2026-08-22,02,quantile,0.6,0.005126823433006511
2026-08-29,wk inc flu prop ed visits,-1,2026-08-22,02,quantile,0.65,0.005137031154619763
2026-08-29,wk inc flu prop ed visits,-1,2026-08-22,02,quantile,0.7,0.005150466571773093
2026-08-29,wk inc flu prop ed visits,-1,2026-08-22,02,quantile,0.75,0.0051720624148845675
2026-08-29,wk inc flu prop ed visits,-1,2026-08-22,02,quantile,0.8,0.005197230676790844
2026-08-29,wk inc flu prop ed visits,-1,2026-08-22,02,quantile,0.85,0.005224583239298838
2026-08-29,wk inc flu prop ed visits,-1,2026-08-22,02,quantile,0.9,0.005310605959966779
2026-08-29,wk inc flu prop ed visits,-1,2026-08-22,02,quantile,0.95,0.005404399903798474
2026-08-29,wk inc flu prop ed visits,-1,2026-08-22,02,quantile,0.975,0.005524210412447389
2026-08-29,wk inc flu prop ed visits,-1,2026-08-22,02,quantile,0.99,0.005622358558715686
2026-08-29,wk inc flu prop ed visits,0,2026-08-29,02,quantile,0.01,0.002439748715417937
2026-08-29,wk inc flu prop ed visits,0,2026-08-29,02,quantile,0.025,0.002770341679257236
2026-08-29,wk inc flu prop ed visits,0,2026-08-29,02,quantile,0.05,0.0030628138437301215
2026-08-29,wk inc flu prop ed visits,0,2026-08-29,02,quantile,0.1,0.0034756868630169673
2026-08-29,wk inc flu prop ed visits,0,2026-08-29,02,quantile,0.15,0.0038030781024003474
2026-08-29,wk inc flu prop ed visits,0,2026-08-29,02,quantile,0.2,0.003932436400357249
2026-08-29,wk inc flu prop ed visits,0,2026-08-29,02,quantile,0.25,0.004087740630905879
2026-08-29,wk inc flu prop ed visits,0,2026-08-29,02,quantile,0.3,0.004202779691662215
2026-08-29,wk inc flu prop ed visits,0,2026-08-29,02,quantile,0.35,0.004310659070641776
2026-08-29,wk inc flu prop ed visits,0,2026-08-29,02,quantile,0.4,0.004378010838167534
2026-08-29,wk inc flu prop ed visits,0,2026-08-29,02,quantile,0.45,0.004488820493802243
2026-08-29,wk inc flu prop ed visits,0,2026-08-29,02,quantile,0.5,0.004557485960703319
2026-08-29,wk inc flu prop ed visits,0,2026-08-29,02,quantile,0.55,0.004618689317537113
2026-08-29,wk inc flu prop ed visits,0,2026-08-29,02,quantile,0.6,0.004738149917315555
2026-08-29,wk inc flu prop ed visits,0,2026-08-29,02,quantile,0.65,0.004816112509690952
2026-08-29,wk inc flu prop ed visits,0,2026-08-29,02,quantile,0.7,0.004902736212091449
2026-08-29,wk inc flu prop ed visits,0,2026-08-29,02,quantile,0.75,0.004982335857835998
2026-08-29,wk inc flu prop ed visits,0,2026-08-29,02,quantile,0.8,0.0051010160753835136
2026-08-29,wk inc flu prop ed visits,0,2026-08-29,02,quantile,0.85,0.005241059630508718
2026-08-29,wk inc flu prop ed visits,0,2026-08-29,02,quantile,0.9,0.005516965718003275
2026-08-29,wk inc flu prop ed visits,0,2026-08-29,02,quantile,0.95,0.005850566546619047
2026-08-29,wk inc flu prop ed visits,0,2026-08-29,02,quantile,0.975,0.006152708716100557
2026-08-29,wk inc flu prop ed visits,0,2026-08-29,02,quantile,0.99,0.006595605372130717
2026-08-29,wk inc flu prop ed visits,1,2026-09-05,02,quantile,0.01,0.002299192248619009
2026-08-29,wk inc flu prop ed visits,1,2026-09-05,02,quantile,0.025,0.0027255755473722327
2026-08-29,wk inc flu prop ed visits,1,2026-09-05,02,quantile,0.05,0.002975830788315974
2026-08-29,wk inc flu prop ed visits,1,2026-09-05,02,quantile,0.1,0.0033947333569143384
2026-08-29,wk inc flu prop ed visits,1,2026-09-05,02,quantile,0.15,0.003635054899861569
2026-08-29,wk inc flu prop ed visits,1,2026-09-05,02,quantile,0.2,0.003815592711654086
2026-08-29,wk inc flu prop ed visits,1,2026-09-05,02,quantile,0.25,0.003964899420040969
2026-08-29,wk inc flu prop ed visits,1,2026-09-05,02,quantile,0.3,0.004062992342429474
2026-08-29,wk inc flu prop ed visits,1,2026-09-05,02,quantile,0.35,0.004210493460337604
2026-08-29,wk inc flu prop ed visits,1,2026-09-05,02,quantile,0.4,0.004354805106361766
2026-08-29,wk inc flu prop ed visits,1,2026-09-05,02,quantile,0.45,0.0044605576804252626
2026-08-29,wk inc flu prop ed visits,1,2026-09-05,02,quantile,0.5,0.0045795513547016355
2026-08-29,wk inc flu prop ed visits,1,2026-09-05,02,quantile,0.55,0.0046527229070224005
2026-08-29,wk inc flu prop ed visits,1,2026-09-05,02,quantile,0.6,0.004780535775489588
2026-08-29,wk inc flu prop ed visits,1,2026-09-05,02,quantile,0.65,0.004862351090284052
2026-08-29,wk inc flu prop ed visits,1,2026-09-05,02,quantile,0.7,0.004985886165643481
2026-08-29,wk inc flu prop ed visits,1,2026-09-05,02,quantile,0.75,0.00519050876599123
2026-08-29,wk inc flu prop ed visits,1,2026-09-05,02,quantile,0.8,0.005362260989588661
2026-08-29,wk inc flu prop ed visits,1,2026-09-05,02,quantile,0.85,0.0055150013179201965
2026-08-29,wk inc flu prop ed visits,1,2026-09-05,02,quantile,0.9,0.005751757549044526
2026-08-29,wk inc flu prop ed visits,1,2026-09-05,02,quantile,0.95,0.006364151478882522
2026-08-29,wk inc flu prop ed visits,1,2026-09-05,02,quantile,0.975,0.007039955319457036
2026-08-29,wk inc flu prop ed visits,1,2026-09-05,02,quantile,0.99,0.007984661287048198
2026-08-29,wk inc flu prop ed visits,2,2026-09-12,02,quantile,0.01,0.0022048953977695904
2026-08-29,wk inc flu prop ed visits,2,2026-09-12,02,quantile,0.025,0.0026303683008424457
2026-08-29,wk inc flu prop ed visits,2,2026-09-12,02,quantile,0.05,0.0030279820149336917
2026-08-29,wk inc flu prop ed visits,2,2026-09-12,02,quantile,0.1,0.0034221800291867307
2026-08-29,wk inc flu prop ed visits,2,2026-09-12,02,quantile,0.15,0.0037096418128132885
2026-08-29,wk inc flu prop ed visits,2,2026-09-12,02,quantile,0.2,0.0038073031396254663
2026-08-29,wk inc flu prop ed visits,2,2026-09-12,02,quantile,0.25,0.0040021533165864424
2026-08-29,wk inc flu prop ed visits,2,2026-09-12,02,quantile,0.3,0.0041697737025430115
2026-08-29,wk inc flu prop ed visits,2,2026-09-12,02,quantile,0.35,0.004262772218904658
2026-08-29,wk inc flu prop ed visits,2,2026-09-12,02,quantile,0.4,0.00439785792188534
2026-08-29,wk inc flu prop ed visits,2,2026-09-12,02,quantile,0.45,0.004484577596998863
2026-08-29,wk inc flu prop ed visits,2,2026-09-12,02,quantile,0.5,0.004617576701089166
2026-08-29,wk inc flu prop ed visits,2,2026-09-12,02,quantile,0.55,0.004706582654581954
2026-08-29,wk inc flu prop ed visits,2,2026-09-12,02,quantile,0.6,0.004818668415259466
2026-08-29,wk inc flu prop ed visits,2,2026-09-12,02,quantile,0.65,0.004987443359847024
2026-08-29,wk inc flu prop ed visits,2,2026-09-12,02,quantile,0.7,0.005154607556996586
2026-08-29,wk inc flu prop ed visits,2,2026-09-12,02,quantile,0.75,0.005317018098194192
2026-08-29,wk inc flu prop ed visits,2,2026-09-12,02,quantile,0.8,0.005528258062911972
2026-08-29,wk inc flu prop ed visits,2,2026-09-12,02,quantile,0.85,0.00570281865319299
2026-08-29,wk inc flu prop ed visits,2,2026-09-12,02,quantile,0.9,0.005962100996179292
2026-08-29,wk inc flu prop ed visits,2,2026-09-12,02,quantile,0.95,0.00665062086179774
2026-08-29,wk inc flu prop ed visits,2,2026-09-12,02,quantile,0.975,0.007585812787187162
2026-08-29,wk inc flu prop ed visits,2,2026-09-12,02,quantile,0.99,0.009532117848098362
2026-08-29,wk inc flu prop ed visits,3,2026-09-19,02,quantile,0.01,0.002022210973186994
2026-08-29,wk inc flu prop ed visits,3,2026-09-19,02,quantile,0.025,0.0024703288420558373
2026-08-29,wk inc flu prop ed visits,3,2026-09-19,02,quantile,0.05,0.002820304711980397
2026-08-29,wk inc flu prop ed visits,3,2026-09-19,02,quantile,0.1,0.003304578464702073
2026-08-29,wk inc flu prop ed visits,3,2026-09-19,02,quantile,0.15,0.003674792221543763
2026-08-29,wk inc flu prop ed visits,3,2026-09-19,02,quantile,0.2,0.0039047482845734976
2026-08-29,wk inc flu prop ed visits,3,2026-09-19,02,quantile,0.25,0.004139049724850553
2026-08-29,wk inc flu prop ed visits,3,2026-09-19,02,quantile,0.3,0.004301502655769433
2026-08-29,wk inc flu prop ed visits,3,2026-09-19,02,quantile,0.35,0.004461825645945794
2026-08-29,wk inc flu prop ed visits,3,2026-09-19,02,quantile,0.4,0.004596206113891101
2026-08-29,wk inc flu prop ed visits,3,2026-09-19,02,quantile,0.45,0.004751806636112722
2026-08-29,wk inc flu prop ed visits,3,2026-09-19,02,quantile,0.5,0.004880497462450491
2026-08-29,wk inc flu prop ed visits,3,2026-09-19,02,quantile,0.55,0.0050358213058223356
2026-08-29,wk inc flu prop ed visits,3,2026-09-19,02,quantile,0.6,0.005227122736708837
2026-08-29,wk inc flu prop ed visits,3,2026-09-19,02,quantile,0.65,0.005362121800541056
2026-08-29,wk inc flu prop ed visits,3,2026-09-19,02,quantile,0.7,0.005453485498910044
2026-08-29,wk inc flu prop ed visits,3,2026-09-19,02,quantile,0.75,0.005631945833224797
2026-08-29,wk inc flu prop ed visits,3,2026-09-19,02,quantile,0.8,0.005850327909522569
2026-08-29,wk inc flu prop ed visits,3,2026-09-19,02,quantile,0.85,0.006156412179009624
2026-08-29,wk inc flu prop ed visits,3,2026-09-19,02,quantile,0.9,0.006546920719020476
2026-08-29,wk inc flu prop ed visits,3,2026-09-19,02,quantile,0.95,0.007651279528709963
2026-08-29,wk inc flu prop ed visits,3,2026-09-19,02,quantile,0.975,0.009379507792393665
2026-08-29,wk inc flu prop ed visits,3,2026-09-19,02,quantile,0.99,0.012337154660899168
2026-08-29,wk inc flu prop ed visits,-1,2026-08-22,01,quantile,0.01,7.968804198762644e-4
2026-08-29,wk inc flu prop ed visits,-1,2026-08-22,01,quantile,0.025,8.939473309407108e-4
2026-08-29,wk inc flu prop ed visits,-1,2026-08-22,01,quantile,0.05,9.92299949740991e-4
2026-08-29,wk inc flu prop ed visits,-1,2026-08-22,01,quantile,0.1,0.0010757575357389268
2026-08-29,wk inc flu prop ed visits,-1,2026-08-22,01,quantile,0.15,0.0011336666231932465
2026-08-29,wk inc flu prop ed visits,-1,2026-08-22,01,quantile,0.2,0.0011609230304566714
2026-08-29,wk inc flu prop ed visits,-1,2026-08-22,01,quantile,0.25,0.0011896041142443817
2026-08-29,wk inc flu prop ed visits,-1,2026-08-22,01,quantile,0.3,0.001219533287162582
2026-08-29,wk inc flu prop ed visits,-1,2026-08-22,01,quantile,0.35,0.001238906205719104
2026-08-29,wk inc flu prop ed visits,-1,2026-08-22,01,quantile,0.4,0.0012537254445693072
2026-08-29,wk inc flu prop ed visits,-1,2026-08-22,01,quantile,0.45,0.0012665554939251804
2026-08-29,wk inc flu prop ed visits,-1,2026-08-22,01,quantile,0.5,0.0013047367946097694
2026-08-29,wk inc flu prop ed visits,-1,2026-08-22,01,quantile,0.55,0.0013473888555127717
2026-08-29,wk inc flu prop ed visits,-1,2026-08-22,01,quantile,0.6,0.0013644705404253568
2026-08-29,wk inc flu prop ed visits,-1,2026-08-22,01,quantile,0.65,0.0013845312021730932
2026-08-29,wk inc flu prop ed visits,-1,2026-08-22,01,quantile,0.7,0.0014181999533623456
2026-08-29,wk inc flu prop ed visits,-1,2026-08-22,01,quantile,0.75,0.0014528957933187484
2026-08-29,wk inc flu prop ed visits,-1,2026-08-22,01,quantile,0.8,0.0014913845670337861
2026-08-29,wk inc flu prop ed visits,-1,2026-08-22,01,quantile,0.85,0.0015463332811412984
2026-08-29,wk inc flu prop ed visits,-1,2026-08-22,01,quantile,0.9,0.0016424241874818547
2026-08-29,wk inc flu prop ed visits,-1,2026-08-22,01,quantile,0.95,0.001759499960923567
2026-08-29,wk inc flu prop ed visits,-1,2026-08-22,01,quantile,0.975,0.0018876315192564537
2026-08-29,wk inc flu prop ed visits,-1,2026-08-22,01,quantile,0.99,0.001995510787192894
2026-08-29,wk inc flu prop ed visits,0,2026-08-29,01,quantile,0.01,4.354781375268141e-4
2026-08-29,wk inc flu prop ed visits,0,2026-08-29,01,quantile,0.025,5.309215117055521e-4
2026-08-29,wk inc flu prop ed visits,0,2026-08-29,01,quantile,0.05,6.391971932466446e-4
2026-08-29,wk inc flu prop ed visits,0,2026-08-29,01,quantile,0.1,7.98656908346173e-4
2026-08-29,wk inc flu prop ed visits,0,2026-08-29,01,quantile,0.15,9.151822657803701e-4
2026-08-29,wk inc flu prop ed visits,0,2026-08-29,01,quantile,0.2,9.676441546859755e-4
2026-08-29,wk inc flu prop ed visits,0,2026-08-29,01,quantile,0.25,0.0010258105737160357
2026-08-29,wk inc flu prop ed visits,0,2026-08-29,01,quantile,0.3,0.0010732533034765576
2026-08-29,wk inc flu prop ed visits,0,2026-08-29,01,quantile,0.35,0.0011181157461481784
2026-08-29,wk inc flu prop ed visits,0,2026-08-29,01,quantile,0.4,0.0011577861549523863
2026-08-29,wk inc flu prop ed visits,0,2026-08-29,01,quantile,0.45,0.0012011690082433049
2026-08-29,wk inc flu prop ed visits,0,2026-08-29,01,quantile,0.5,0.0012440586100431988
2026-08-29,wk inc flu prop ed visits,0,2026-08-29,01,quantile,0.55,0.0012799228458916453
2026-08-29,wk inc flu prop ed visits,0,2026-08-29,01,quantile,0.6,0.0013312171281095117
2026-08-29,wk inc flu prop ed visits,0,2026-08-29,01,quantile,0.65,0.0013835511859162887
2026-08-29,wk inc flu prop ed visits,0,2026-08-29,01,quantile,0.7,0.001422375761002557
2026-08-29,wk inc flu prop ed visits,0,2026-08-29,01,quantile,0.75,0.0014656350406015107
2026-08-29,wk inc flu prop ed visits,0,2026-08-29,01,quantile,0.8,0.0015296479985093302
2026-08-29,wk inc flu prop ed visits,0,2026-08-29,01,quantile,0.85,0.00163173490128654
2026-08-29,wk inc flu prop ed visits,0,2026-08-29,01,quantile,0.9,0.0017851605688950362
2026-08-29,wk inc flu prop ed visits,0,2026-08-29,01,quantile,0.95,0.002062119697337695
2026-08-29,wk inc flu prop ed visits,0,2026-08-29,01,quantile,0.975,0.0022862846627194973
2026-08-29,wk inc flu prop ed visits,0,2026-08-29,01,quantile,0.99,0.002626650444683718
2026-08-29,wk inc flu prop ed visits,1,2026-09-05,01,quantile,0.01,3.698007046116119e-4
2026-08-29,wk inc flu prop ed visits,1,2026-09-05,01,quantile,0.025,5.092069276237724e-4
2026-08-29,wk inc flu prop ed visits,1,2026-09-05,01,quantile,0.05,6.154443472995205e-4
2026-08-29,wk inc flu prop ed visits,1,2026-09-05,01,quantile,0.1,7.77142056120334e-4
2026-08-29,wk inc flu prop ed visits,1,2026-09-05,01,quantile,0.15,8.837606471502455e-4
2026-08-29,wk inc flu prop ed visits,1,2026-09-05,01,quantile,0.2,9.552973068332129e-4
2026-08-29,wk inc flu prop ed visits,1,2026-09-05,01,quantile,0.25,0.0010158808088123249
2026-08-29,wk inc flu prop ed visits,1,2026-09-05,01,quantile,0.3,0.0010617296904546333
2026-08-29,wk inc flu prop ed visits,1,2026-09-05,01,quantile,0.35,0.001119648057419151
2026-08-29,wk inc flu prop ed visits,1,2026-09-05,01,quantile,0.4,0.0011755723292562186
2026-08-29,wk inc flu prop ed visits,1,2026-09-05,01,quantile,0.45,0.0012208812075036614
2026-08-29,wk inc flu prop ed visits,1,2026-09-05,01,quantile,0.5,0.0012764832789688074
2026-08-29,wk inc flu prop ed visits,1,2026-09-05,01,quantile,0.55,0.0013200946974743317
2026-08-29,wk inc flu prop ed visits,1,2026-09-05,01,quantile,0.6,0.0013753561024835014
2026-08-29,wk inc flu prop ed visits,1,2026-09-05,01,quantile,0.65,0.0014164879615607836
2026-08-29,wk inc flu prop ed visits,1,2026-09-05,01,quantile,0.7,0.0014816364177129655
2026-08-29,wk inc flu prop ed visits,1,2026-09-05,01,quantile,0.75,0.0015711968196774817
2026-08-29,wk inc flu prop ed visits,1,2026-09-05,01,quantile,0.8,0.0016598402001575428
2026-08-29,wk inc flu prop ed visits,1,2026-09-05,01,quantile,0.85,0.0017506619107879103
2026-08-29,wk inc flu prop ed visits,1,2026-09-05,01,quantile,0.9,0.0018838207215346257
2026-08-29,wk inc flu prop ed visits,1,2026-09-05,01,quantile,0.95,0.0022040425068080125
2026-08-29,wk inc flu prop ed visits,1,2026-09-05,01,quantile,0.975,0.002542214065688434
2026-08-29,wk inc flu prop ed visits,1,2026-09-05,01,quantile,0.99,0.003124537440520542
2026-08-29,wk inc flu prop ed visits,2,2026-09-12,01,quantile,0.01,3.3637902998037055e-4
2026-08-29,wk inc flu prop ed visits,2,2026-09-12,01,quantile,0.025,4.974674235398388e-4
2026-08-29,wk inc flu prop ed visits,2,2026-09-12,01,quantile,0.05,6.466596188678568e-4
2026-08-29,wk inc flu prop ed visits,2,2026-09-12,01,quantile,0.1,8.074420311863831e-4
2026-08-29,wk inc flu prop ed visits,2,2026-09-12,01,quantile,0.15,9.110757208909643e-4
2026-08-29,wk inc flu prop ed visits,2,2026-09-12,01,quantile,0.2,9.733492414055969e-4
2026-08-29,wk inc flu prop ed visits,2,2026-09-12,01,quantile,0.25,0.0010407021631045703
2026-08-29,wk inc flu prop ed visits,2,2026-09-12,01,quantile,0.3,0.0010930111904068106
2026-08-29,wk inc flu prop ed visits,2,2026-09-12,01,quantile,0.35,0.0011454126306024793
2026-08-29,wk inc flu prop ed visits,2,2026-09-12,01,quantile,0.4,0.0012001964492775329
2026-08-29,wk inc flu prop ed visits,2,2026-09-12,01,quantile,0.45,0.0012446067920285479
2026-08-29,wk inc flu prop ed visits,2,2026-09-12,01,quantile,0.5,0.0013058011239256108
2026-08-29,wk inc flu prop ed visits,2,2026-09-12,01,quantile,0.55,0.0013467927032708043
2026-08-29,wk inc flu prop ed visits,2,2026-09-12,01,quantile,0.6,0.001407013386083832
2026-08-29,wk inc flu prop ed visits,2,2026-09-12,01,quantile,0.65,0.001484211070542152
2026-08-29,wk inc flu prop ed visits,2,2026-09-12,01,quantile,0.7,0.0015544442072611276
2026-08-29,wk inc flu prop ed visits,2,2026-09-12,01,quantile,0.75,0.0016378812192328798
2026-08-29,wk inc flu prop ed visits,2,2026-09-12,01,quantile,0.8,0.0017527218632648154
2026-08-29,wk inc flu prop ed visits,2,2026-09-12,01,quantile,0.85,0.001857446907778688
2026-08-29,wk inc flu prop ed visits,2,2026-09-12,01,quantile,0.9,0.002012522064618867
2026-08-29,wk inc flu prop ed visits,2,2026-09-12,01,quantile,0.95,0.0023844742933842767
2026-08-29,wk inc flu prop ed visits,2,2026-09-12,01,quantile,0.975,0.0027957579665998673
2026-08-29,wk inc flu prop ed visits,2,2026-09-12,01,quantile,0.99,0.0037268740974570795
2026-08-29,wk inc flu prop ed visits,3,2026-09-19,01,quantile,0.01,3.016764920093478e-4
2026-08-29,wk inc flu prop ed visits,3,2026-09-19,01,quantile,0.025,4.764160650718054e-4
2026-08-29,wk inc flu prop ed visits,3,2026-09-19,01,quantile,0.05,6.171881860015232e-4
2026-08-29,wk inc flu prop ed visits,3,2026-09-19,01,quantile,0.1,7.931027396066276e-4
2026-08-29,wk inc flu prop ed visits,3,2026-09-19,01,quantile,0.15,9.221961410728357e-4
2026-08-29,wk inc flu prop ed visits,3,2026-09-19,01,quantile,0.2,0.0010028361557593466
2026-08-29,wk inc flu prop ed visits,3,2026-09-19,01,quantile,0.25,0.0010807868165256492
2026-08-29,wk inc flu prop ed visits,3,2026-09-19,01,quantile,0.3,0.0011458310909024968
2026-08-29,wk inc flu prop ed visits,3,2026-09-19,01,quantile,0.35,0.0012124366136581312
2026-08-29,wk inc flu prop ed visits,3,2026-09-19,01,quantile,0.4,0.0012683413644939776
2026-08-29,wk inc flu prop ed visits,3,2026-09-19,01,quantile,0.45,0.0013382481249239208
2026-08-29,wk inc flu prop ed visits,3,2026-09-19,01,quantile,0.5,0.0013930297290388402
2026-08-29,wk inc flu prop ed visits,3,2026-09-19,01,quantile,0.55,0.00145834455569333
2026-08-29,wk inc flu prop ed visits,3,2026-09-19,01,quantile,0.6,0.0015479888734364685
2026-08-29,wk inc flu prop ed visits,3,2026-09-19,01,quantile,0.65,0.0016192834876485895
2026-08-29,wk inc flu prop ed visits,3,2026-09-19,01,quantile,0.7,0.0016816642382671105
2026-08-29,wk inc flu prop ed visits,3,2026-09-19,01,quantile,0.75,0.0017705526571554656
2026-08-29,wk inc flu prop ed visits,3,2026-09-19,01,quantile,0.8,0.0018576474403664942
2026-08-29,wk inc flu prop ed visits,3,2026-09-19,01,quantile,0.85,0.0019969511851065814
2026-08-29,wk inc flu prop ed visits,3,2026-09-19,01,quantile,0.9,0.002214674911185894
2026-08-29,wk inc flu prop ed visits,3,2026-09-19,01,quantile,0.95,0.002711473452801516
2026-08-29,wk inc flu prop ed visits,3,2026-09-19,01,quantile,0.975,0.003607250593910996
2026-08-29,wk inc flu prop ed visits,3,2026-09-19,01,quantile,0.99,0.005177435540074164
2026-08-29,wk inc flu prop ed visits,-1,2026-08-22,05,quantile,0.01,2.84054361814228e-4
2026-08-29,wk inc flu prop ed visits,-1,2026-08-22,05,quantile,0.025,3.8184209672832166e-4
2026-08-29,wk inc flu prop ed visits,-1,2026-08-22,05,quantile,0.05,4.8129997692070907e-4
2026-08-29,wk inc flu prop ed visits,-1,2026-08-22,05,quantile,0.1,5.666666540006795e-4
2026-08-29,wk inc flu prop ed visits,-1,2026-08-22,05,quantile,0.15,6.181666530626242e-4
2026-08-29,wk inc flu prop ed visits,-1,2026-08-22,05,quantile,0.2,6.467692129313946e-4
2026-08-29,wk inc flu prop ed visits,-1,2026-08-22,05,quantile,0.25,6.779374757781624e-4
2026-08-29,wk inc flu prop ed visits,-1,2026-08-22,05,quantile,0.3,7.095333160211642e-4
2026-08-29,wk inc flu prop ed visits,-1,2026-08-22,05,quantile,0.35,7.298437339195515e-4
2026-08-29,wk inc flu prop ed visits,-1,2026-08-22,05,quantile,0.4,7.472941009437336e-4
2026-08-29,wk inc flu prop ed visits,-1,2026-08-22,05,quantile,0.45,7.609444130005108e-4
2026-08-29,wk inc flu prop ed visits,-1,2026-08-22,05,quantile,0.5,8.021052452294417e-4
2026-08-29,wk inc flu prop ed visits,-1,2026-08-22,05,quantile,0.55,8.436666627931928e-4
2026-08-29,wk inc flu prop ed visits,-1,2026-08-22,05,quantile,0.6,8.621960600217184e-4
2026-08-29,wk inc flu prop ed visits,-1,2026-08-22,05,quantile,0.65,8.842187318077777e-4
2026-08-29,wk inc flu prop ed visits,-1,2026-08-22,05,quantile,0.7,9.121999829262494e-4
2026-08-29,wk inc flu prop ed visits,-1,2026-08-22,05,quantile,0.75,9.462291566034156e-4
2026-08-29,wk inc flu prop ed visits,-1,2026-08-22,05,quantile,0.8,9.870769068025627e-4
2026-08-29,wk inc flu prop ed visits,-1,2026-08-22,05,quantile,0.85,0.0010263333106455975
2026-08-29,wk inc flu prop ed visits,-1,2026-08-22,05,quantile,0.9,0.001083333309457609
2026-08-29,wk inc flu prop ed visits,-1,2026-08-22,05,quantile,0.95,0.0011901999896112825
2026-08-29,wk inc flu prop ed visits,-1,2026-08-22,05,quantile,0.975,0.0013149999762444118
2026-08-29,wk inc flu prop ed visits,-1,2026-08-22,05,quantile,0.99,0.001418554301754288
2026-08-29,wk inc flu prop ed visits,0,2026-08-29,05,quantile,0.01,2.8347861216636956e-4
2026-08-29,wk inc flu prop ed visits,0,2026-08-29,05,quantile,0.025,3.5995343642740803e-4
2026-08-29,wk inc flu prop ed visits,0,2026-08-29,05,quantile,0.05,4.3377508567749425e-4
2026-08-29,wk inc flu prop ed visits,0,2026-08-29,05,quantile,0.1,5.327392070380798e-4
2026-08-29,wk inc flu prop ed visits,0,2026-08-29,05,quantile,0.15,5.97517418084391e-4
2026-08-29,wk inc flu prop ed visits,0,2026-08-29,05,quantile,0.2,6.47391768373995e-4
2026-08-29,wk inc flu prop ed visits,0,2026-08-29,05,quantile,0.25,6.870518993370776e-4
2026-08-29,wk inc flu prop ed visits,0,2026-08-29,05,quantile,0.3,7.241060960095675e-4
2026-08-29,wk inc flu prop ed visits,0,2026-08-29,05,quantile,0.35,7.57058187936352e-4
2026-08-29,wk inc flu prop ed visits,0,2026-08-29,05,quantile,0.4,7.873551158524545e-4
2026-08-29,wk inc flu prop ed visits,0,2026-08-29,05,quantile,0.45,8.151650981247955e-4
2026-08-29,wk inc flu prop ed visits,0,2026-08-29,05,quantile,0.5,8.511068990285957e-4
2026-08-29,wk inc flu prop ed visits,0,2026-08-29,05,quantile,0.55,8.858034158786921e-4
2026-08-29,wk inc flu prop ed visits,0,2026-08-29,05,quantile,0.6,9.212017022434885e-4
2026-08-29,wk inc flu prop ed visits,0,2026-08-29,05,quantile,0.65,9.589213531626334e-4
2026-08-29,wk inc flu prop ed visits,0,2026-08-29,05,quantile,0.7,0.0010066223471764787
2026-08-29,wk inc flu prop ed visits,0,2026-08-29,05,quantile,0.75,0.0010551369253532265
2026-08-29,wk inc flu prop ed visits,0,2026-08-29,05,quantile,0.8,0.0011147649814207269
2026-08-29,wk inc flu prop ed visits,0,2026-08-29,05,quantile,0.85,0.001197238170511658
2026-08-29,wk inc flu prop ed visits,0,2026-08-29,05,quantile,0.9,0.00131021354010112
2026-08-29,wk inc flu prop ed visits,0,2026-08-29,05,quantile,0.95,0.0016139554992895587
2026-08-29,wk inc flu prop ed visits,0,2026-08-29,05,quantile,0.975,0.0018442773356116863
2026-08-29,wk inc flu prop ed visits,0,2026-08-29,05,quantile,0.99,0.002252852076381806
2026-08-29,wk inc flu prop ed visits,1,2026-09-05,05,quantile,0.01,2.2433969091637416e-4
2026-08-29,wk inc flu prop ed visits,1,2026-09-05,05,quantile,0.025,3.3317411699985603e-4
2026-08-29,wk inc flu prop ed visits,1,2026-09-05,05,quantile,0.05,4.1422507541319327e-4
2026-08-29,wk inc flu prop ed visits,1,2026-09-05,05,quantile,0.1,5.205729515144395e-4
2026-08-29,wk inc flu prop ed visits,1,2026-09-05,05,quantile,0.15,6.017274092911917e-4
2026-08-29,wk inc flu prop ed visits,1,2026-09-05,05,quantile,0.2,6.521550335330147e-4
2026-08-29,wk inc flu prop ed visits,1,2026-09-05,05,quantile,0.25,6.96887762638817e-4
2026-08-29,wk inc flu prop ed visits,1,2026-09-05,05,quantile,0.3,7.415727794135855e-4
2026-08-29,wk inc flu prop ed visits,1,2026-09-05,05,quantile,0.35,7.84396479304868e-4
2026-08-29,wk inc flu prop ed visits,1,2026-09-05,05,quantile,0.4,8.295237936778473e-4
2026-08-29,wk inc flu prop ed visits,1,2026-09-05,05,quantile,0.45,8.640478055583268e-4
2026-08-29,wk inc flu prop ed visits,1,2026-09-05,05,quantile,0.5,9.068471409875346e-4
2026-08-29,wk inc flu prop ed visits,1,2026-09-05,05,quantile,0.55,9.463125145064368e-4
2026-08-29,wk inc flu prop ed visits,1,2026-09-05,05,quantile,0.6,9.85328076454664e-4
2026-08-29,wk inc flu prop ed visits,1,2026-09-05,05,quantile,0.65,0.0010183064241700212
2026-08-29,wk inc flu prop ed visits,1,2026-09-05,05,quantile,0.7,0.0010674661121533441
2026-08-29,wk inc flu prop ed visits,1,2026-09-05,05,quantile,0.75,0.00113049534458414
2026-08-29,wk inc flu prop ed visits,1,2026-09-05,05,quantile,0.8,0.0012036579039239714
2026-08-29,wk inc flu prop ed visits,1,2026-09-05,05,quantile,0.85,0.0012855847433039358
2026-08-29,wk inc flu prop ed visits,1,2026-09-05,05,quantile,0.9,0.0014127806184391833
2026-08-29,wk inc flu prop ed visits,1,2026-09-05,05,quantile,0.95,0.0016384948045599134
2026-08-29,wk inc flu prop ed visits,1,2026-09-05,05,quantile,0.975,0.0018940706600543032
2026-08-29,wk inc flu prop ed visits,1,2026-09-05,05,quantile,0.99,0.0023796244918308867
2026-08-29,wk inc flu prop ed visits,2,2026-09-12,05,quantile,0.01,1.6083310624646023e-4
2026-08-29,wk inc flu prop ed visits,2,2026-09-12,05,quantile,0.025,2.7747682935641126e-4
2026-08-29,wk inc flu prop ed visits,2,2026-09-12,05,quantile,0.05,3.883668311002594e-4
2026-08-29,wk inc flu prop ed visits,2,2026-09-12,05,quantile,0.1,5.13926872404519e-4
2026-08-29,wk inc flu prop ed visits,2,2026-09-12,05,quantile,0.15,5.94802554424802e-4
2026-08-29,wk inc flu prop ed visits,2,2026-09-12,05,quantile,0.2,6.687423027447113e-4
2026-08-29,wk inc flu prop ed visits,2,2026-09-12,05,quantile,0.25,7.189580557054466e-4
2026-08-29,wk inc flu prop ed visits,2,2026-09-12,05,quantile,0.3,7.54473598995413e-4
2026-08-29,wk inc flu prop ed visits,2,2026-09-12,05,quantile,0.35,8.021425608294232e-4
2026-08-29,wk inc flu prop ed visits,2,2026-09-12,05,quantile,0.4,8.401634594720564e-4
2026-08-29,wk inc flu prop ed visits,2,2026-09-12,05,quantile,0.45,8.806303654578737e-4
2026-08-29,wk inc flu prop ed visits,2,2026-09-12,05,quantile,0.5,9.280675253857142e-4
2026-08-29,wk inc flu prop ed visits,2,2026-09-12,05,quantile,0.55,9.669421574424026e-4
2026-08-29,wk inc flu prop ed visits,2,2026-09-12,05,quantile,0.6,0.0010138591702677816
2026-08-29,wk inc flu prop ed visits,2,2026-09-12,05,quantile,0.65,0.0010665824563433229
2026-08-29,wk inc flu prop ed visits,2,2026-09-12,05,quantile,0.7,0.0011212806281432994
2026-08-29,wk inc flu prop ed visits,2,2026-09-12,05,quantile,0.75,0.001202518828185243
2026-08-29,wk inc flu prop ed visits,2,2026-09-12,05,quantile,0.8,0.0012907898915495244
2026-08-29,wk inc flu prop ed visits,2,2026-09-12,05,quantile,0.85,0.0014039293471560669
2026-08-29,wk inc flu prop ed visits,2,2026-09-12,05,quantile,0.9,0.0015795297031860232
2026-08-29,wk inc flu prop ed visits,2,2026-09-12,05,quantile,0.95,0.001900366098297469
2026-08-29,wk inc flu prop ed visits,2,2026-09-12,05,quantile,0.975,0.0022624499375350927
2026-08-29,wk inc flu prop ed visits,2,2026-09-12,05,quantile,0.99,0.0028696685930253633
2026-08-29,wk inc flu prop ed visits,3,2026-09-19,05,quantile,0.01,1.493165476662167e-4
2026-08-29,wk inc flu prop ed visits,3,2026-09-19,05,quantile,0.025,2.908083244137202e-4
2026-08-29,wk inc flu prop ed visits,3,2026-09-19,05,quantile,0.05,4.085022401267338e-4
2026-08-29,wk inc flu prop ed visits,3,2026-09-19,05,quantile,0.1,5.31146221359649e-4
2026-08-29,wk inc flu prop ed visits,3,2026-09-19,05,quantile,0.15,6.112537249204527e-4
2026-08-29,wk inc flu prop ed visits,3,2026-09-19,05,quantile,0.2,6.641119020728927e-4
2026-08-29,wk inc flu prop ed visits,3,2026-09-19,05,quantile,0.25,7.13009384575686e-4
2026-08-29,wk inc flu prop ed visits,3,2026-09-19,05,quantile,0.3,7.655363319076608e-4
2026-08-29,wk inc flu prop ed visits,3,2026-09-19,05,quantile,0.35,8.123256928253378e-4
2026-08-29,wk inc flu prop ed visits,3,2026-09-19,05,quantile,0.4,8.635512212905817e-4
2026-08-29,wk inc flu prop ed visits,3,2026-09-19,05,quantile,0.45,9.317653498478174e-4
2026-08-29,wk inc flu prop ed visits,3,2026-09-19,05,quantile,0.5,9.780769311561687e-4
2026-08-29,wk inc flu prop ed visits,3,2026-09-19,05,quantile,0.55,0.0010272777590171647
2026-08-29,wk inc flu prop ed visits,3,2026-09-19,05,quantile,0.6,0.0010984403099787584
2026-08-29,wk inc flu prop ed visits,3,2026-09-19,05,quantile,0.65,0.0011661116435551003
2026-08-29,wk inc flu prop ed visits,3,2026-09-19,05,quantile,0.7,0.0012317358721151519
2026-08-29,wk inc flu prop ed visits,3,2026-09-19,05,quantile,0.75,0.0013162232382445348
2026-08-29,wk inc flu prop ed visits,3,2026-09-19,05,quantile,0.8,0.0013912324136707995
2026-08-29,wk inc flu prop ed visits,3,2026-09-19,05,quantile,0.85,0.001506955565540643
2026-08-29,wk inc flu prop ed visits,3,2026-09-19,05,quantile,0.9,0.001678593765030886
2026-08-29,wk inc flu prop ed visits,3,2026-09-19,05,quantile,0.95,0.0020868881489978547
2026-08-29,wk inc flu prop ed visits,3,2026-09-19,05,quantile,0.975,0.0027547636325751957
2026-08-29,wk inc flu prop ed visits,3,2026-09-19,05,quantile,0.99,0.0037741273355191203
2026-08-29,wk inc flu prop ed visits,-1,2026-08-22,04,quantile,0.01,3.0970653634842317e-4
2026-08-29,wk inc flu prop ed visits,-1,2026-08-22,04,quantile,0.025,4.0605262363035423e-4
2026-08-29,wk inc flu prop ed visits,-1,2026-08-22,04,quantile,0.05,4.999999775271864e-4
2026-08-29,wk inc flu prop ed visits,-1,2026-08-22,04,quantile,0.1,5.803030174451343e-4
2026-08-29,wk inc flu prop ed visits,-1,2026-08-22,04,quantile,0.15,6.256666528949863e-4
2026-08-29,wk inc flu prop ed visits,-1,2026-08-22,04,quantile,0.2,6.516922895151835e-4
2026-08-29,wk inc flu prop ed visits,-1,2026-08-22,04,quantile,0.25,6.837708085154492e-4
2026-08-29,wk inc flu prop ed visits,-1,2026-08-22,04,quantile,0.3,7.117999822646378e-4
2026-08-29,wk inc flu prop ed visits,-1,2026-08-22,04,quantile,0.35,7.310937336587812e-4
2026-08-29,wk inc flu prop ed visits,-1,2026-08-22,04,quantile,0.4,7.47843120846094e-4
2026-08-29,wk inc flu prop ed visits,-1,2026-08-22,04,quantile,0.45,7.617777463255656e-4
2026-08-29,wk inc flu prop ed visits,-1,2026-08-22,04,quantile,0.5,8.015789295497661e-4
2026-08-29,wk inc flu prop ed visits,-1,2026-08-22,04,quantile,0.55,8.421666627749802e-4
2026-08-29,wk inc flu prop ed visits,-1,2026-08-22,04,quantile,0.6,8.562352751984316e-4
2026-08-29,wk inc flu prop ed visits,-1,2026-08-22,04,quantile,0.65,8.735937307646964e-4
2026-08-29,wk inc flu prop ed visits,-1,2026-08-22,04,quantile,0.7,8.961999817937612e-4
2026-08-29,wk inc flu prop ed visits,-1,2026-08-22,04,quantile,0.75,9.253958220283189e-4
2026-08-29,wk inc flu prop ed visits,-1,2026-08-22,04,quantile,0.8,9.575384431733536e-4
2026-08-29,wk inc flu prop ed visits,-1,2026-08-22,04,quantile,0.85,9.888333121357137e-4
2026-08-29,wk inc flu prop ed visits,-1,2026-08-22,04,quantile,0.9,0.0010372727057811888
2026-08-29,wk inc flu prop ed visits,-1,2026-08-22,04,quantile,0.95,0.0011164999894145876
2026-08-29,wk inc flu prop ed visits,-1,2026-08-22,04,quantile,0.975,0.0012121052383200117
2026-08-29,wk inc flu prop ed visits,-1,2026-08-22,04,quantile,0.99,0.001309532561477112
2026-08-29,wk inc flu prop ed visits,0,2026-08-29,04,quantile,0.01,3.514099365235468e-4
2026-08-29,wk inc flu prop ed visits,0,2026-08-29,04,quantile,0.025,3.880587227800716e-4
2026-08-29,wk inc flu prop ed visits,0,2026-08-29,04,quantile,0.05,4.420327215923863e-4
2026-08-29,wk inc flu prop ed visits,0,2026-08-29,04,quantile,0.1,5.590818561715953e-4
2026-08-29,wk inc flu prop ed visits,0,2026-08-29,04,quantile,0.15,6.356318359842444e-4
2026-08-29,wk inc flu prop ed visits,0,2026-08-29,04,quantile,0.2,6.440602242190827e-4
2026-08-29,wk inc flu prop ed visits,0,2026-08-29,04,quantile,0.25,6.683335403235911e-4
2026-08-29,wk inc flu prop ed visits,0,2026-08-29,04,quantile,0.3,6.976583214193466e-4
2026-08-29,wk inc flu prop ed visits,0,2026-08-29,04,quantile,0.35,7.219844091036472e-4
2026-08-29,wk inc flu prop ed visits,0,2026-08-29,04,quantile,0.4,7.552994304736463e-4
2026-08-29,wk inc flu prop ed visits,0,2026-08-29,04,quantile,0.45,7.780812636825256e-4
2026-08-29,wk inc flu prop ed visits,0,2026-08-29,04,quantile,0.5,8.194561575113628e-4
2026-08-29,wk inc flu prop ed visits,0,2026-08-29,04,quantile,0.55,8.437969619705971e-4
2026-08-29,wk inc flu prop ed visits,0,2026-08-29,04,quantile,0.6,8.692815274487843e-4
2026-08-29,wk inc flu prop ed visits,0,2026-08-29,04,quantile,0.65,9.128594529632839e-4
2026-08-29,wk inc flu prop ed visits,0,2026-08-29,04,quantile,0.7,9.399919851930108e-4
2026-08-29,wk inc flu prop ed visits,0,2026-08-29,04,quantile,0.75,9.579144345683425e-4
2026-08-29,wk inc flu prop ed visits,0,2026-08-29,04,quantile,0.8,0.0010000469213415405
2026-08-29,wk inc flu prop ed visits,0,2026-08-29,04,quantile,0.85,0.001094344765578489
2026-08-29,wk inc flu prop ed visits,0,2026-08-29,04,quantile,0.9,0.0012125601076388153
2026-08-29,wk inc flu prop ed visits,0,2026-08-29,04,quantile,0.95,0.0015197128931077877
2026-08-29,wk inc flu prop ed visits,0,2026-08-29,04,quantile,0.975,0.0016732386120380262
2026-08-29,wk inc flu prop ed visits,0,2026-08-29,04,quantile,0.99,0.0019240076518902438
2026-08-29,wk inc flu prop ed visits,1,2026-09-05,04,quantile,0.01,3.27774236259704e-4
2026-08-29,wk inc flu prop ed visits,1,2026-09-05,04,quantile,0.025,3.7900883265408496e-4
2026-08-29,wk inc flu prop ed visits,1,2026-09-05,04,quantile,0.05,4.600838371121897e-4
2026-08-29,wk inc flu prop ed visits,1,2026-09-05,04,quantile,0.1,5.742908354463775e-4
2026-08-29,wk inc flu prop ed visits,1,2026-09-05,04,quantile,0.15,6.539328699217701e-4
2026-08-29,wk inc flu prop ed visits,1,2026-09-05,04,quantile,0.2,6.907252153748431e-4
2026-08-29,wk inc flu prop ed visits,1,2026-09-05,04,quantile,0.25,7.204285705239145e-4
2026-08-29,wk inc flu prop ed visits,1,2026-09-05,04,quantile,0.3,7.424813469868193e-4
2026-08-29,wk inc flu prop ed visits,1,2026-09-05,04,quantile,0.35,7.752992773310917e-4
2026-08-29,wk inc flu prop ed visits,1,2026-09-05,04,quantile,0.4,8.028986045446082e-4
2026-08-29,wk inc flu prop ed visits,1,2026-09-05,04,quantile,0.45,8.223108528515048e-4
2026-08-29,wk inc flu prop ed visits,1,2026-09-05,04,quantile,0.5,8.5978474280948e-4
2026-08-29,wk inc flu prop ed visits,1,2026-09-05,04,quantile,0.55,8.884112206943638e-4
2026-08-29,wk inc flu prop ed visits,1,2026-09-05,04,quantile,0.6,9.146151915494302e-4
2026-08-29,wk inc flu prop ed visits,1,2026-09-05,04,quantile,0.65,9.379927411654544e-4
2026-08-29,wk inc flu prop ed visits,1,2026-09-05,04,quantile,0.7,9.877005741009215e-4
2026-08-29,wk inc flu prop ed visits,1,2026-09-05,04,quantile,0.75,0.0010373732229709525
2026-08-29,wk inc flu prop ed visits,1,2026-09-05,04,quantile,0.8,0.0011051977411730282
2026-08-29,wk inc flu prop ed visits,1,2026-09-05,04,quantile,0.85,0.0011670114577103784
2026-08-29,wk inc flu prop ed visits,1,2026-09-05,04,quantile,0.9,0.0012194277055356938
2026-08-29,wk inc flu prop ed visits,1,2026-09-05,04,quantile,0.95,0.0014453242212932457
2026-08-29,wk inc flu prop ed visits,1,2026-09-05,04,quantile,0.975,0.001610083476198905
2026-08-29,wk inc flu prop ed visits,1,2026-09-05,04,quantile,0.99,0.002105269553092116
2026-08-29,wk inc flu prop ed visits,2,2026-09-12,04,quantile,0.01,3.397568877598545e-4
2026-08-29,wk inc flu prop ed visits,2,2026-09-12,04,quantile,0.025,4.495433650131955e-4
2026-08-29,wk inc flu prop ed visits,2,2026-09-12,04,quantile,0.05,5.582644701109167e-4
2026-08-29,wk inc flu prop ed visits,2,2026-09-12,04,quantile,0.1,6.668016725808483e-4
2026-08-29,wk inc flu prop ed visits,2,2026-09-12,04,quantile,0.15,7.066435496223778e-4
2026-08-29,wk inc flu prop ed visits,2,2026-09-12,04,quantile,0.2,7.374626838403653e-4
2026-08-29,wk inc flu prop ed visits,2,2026-09-12,04,quantile,0.25,7.617801420036889e-4
2026-08-29,wk inc flu prop ed visits,2,2026-09-12,04,quantile,0.3,7.679194644186531e-4
2026-08-29,wk inc flu prop ed visits,2,2026-09-12,04,quantile,0.35,8.044098633013378e-4
2026-08-29,wk inc flu prop ed visits,2,2026-09-12,04,quantile,0.4,8.317334848821172e-4
2026-08-29,wk inc flu prop ed visits,2,2026-09-12,04,quantile,0.45,8.565177601782558e-4
2026-08-29,wk inc flu prop ed visits,2,2026-09-12,04,quantile,0.5,8.947821660805955e-4
2026-08-29,wk inc flu prop ed visits,2,2026-09-12,04,quantile,0.55,9.040104824715868e-4
2026-08-29,wk inc flu prop ed visits,2,2026-09-12,04,quantile,0.6,9.442405555858869e-4
2026-08-29,wk inc flu prop ed visits,2,2026-09-12,04,quantile,0.65,9.998774011821363e-4
2026-08-29,wk inc flu prop ed visits,2,2026-09-12,04,quantile,0.7,0.0010334580026327201
2026-08-29,wk inc flu prop ed visits,2,2026-09-12,04,quantile,0.75,0.0010755396743769429
2026-08-29,wk inc flu prop ed visits,2,2026-09-12,04,quantile,0.8,0.001168493719961303
2026-08-29,wk inc flu prop ed visits,2,2026-09-12,04,quantile,0.85,0.00122881235840463
2026-08-29,wk inc flu prop ed visits,2,2026-09-12,04,quantile,0.9,0.0013117277864424582
2026-08-29,wk inc flu prop ed visits,2,2026-09-12,04,quantile,0.95,0.0015029745242412411
2026-08-29,wk inc flu prop ed visits,2,2026-09-12,04,quantile,0.975,0.001662945107187769
2026-08-29,wk inc flu prop ed visits,2,2026-09-12,04,quantile,0.99,0.002118126741485912
2026-08-29,wk inc flu prop ed visits,3,2026-09-19,04,quantile,0.01,3.690168415048507e-4
2026-08-29,wk inc flu prop ed visits,3,2026-09-19,04,quantile,0.025,5.275974651403227e-4
2026-08-29,wk inc flu prop ed visits,3,2026-09-19,04,quantile,0.05,6.090790094017402e-4
2026-08-29,wk inc flu prop ed visits,3,2026-09-19,04,quantile,0.1,7.043019623073726e-4
2026-08-29,wk inc flu prop ed visits,3,2026-09-19,04,quantile,0.15,7.75225659011796e-4
2026-08-29,wk inc flu prop ed visits,3,2026-09-19,04,quantile,0.2,7.99918937409366e-4
2026-08-29,wk inc flu prop ed visits,3,2026-09-19,04,quantile,0.25,8.238878236811718e-4
2026-08-29,wk inc flu prop ed visits,3,2026-09-19,04,quantile,0.3,8.534266576324386e-4
2026-08-29,wk inc flu prop ed visits,3,2026-09-19,04,quantile,0.35,8.867586887113612e-4
2026-08-29,wk inc flu prop ed visits,3,2026-09-19,04,quantile,0.4,9.07402591721949e-4
2026-08-29,wk inc flu prop ed visits,3,2026-09-19,04,quantile,0.45,9.415955550845874e-4
2026-08-29,wk inc flu prop ed visits,3,2026-09-19,04,quantile,0.5,9.62646690763213e-4
2026-08-29,wk inc flu prop ed visits,3,2026-09-19,04,quantile,0.55,9.977762927069391e-4
2026-08-29,wk inc flu prop ed visits,3,2026-09-19,04,quantile,0.6,0.0010447837030443537
2026-08-29,wk inc flu prop ed visits,3,2026-09-19,04,quantile,0.65,0.0010813991022771618
2026-08-29,wk inc flu prop ed visits,3,2026-09-19,04,quantile,0.7,0.0011081269659889061
2026-08-29,wk inc flu prop ed visits,3,2026-09-19,04,quantile,0.75,0.001136770527039241
2026-08-29,wk inc flu prop ed visits,3,2026-09-19,04,quantile,0.8,0.0011567593909008833
2026-08-29,wk inc flu prop ed visits,3,2026-09-19,04,quantile,0.85,0.0012037695349333367
2026-08-29,wk inc flu prop ed visits,3,2026-09-19,04,quantile,0.9,0.0013313848401767493
2026-08-29,wk inc flu prop ed visits,3,2026-09-19,04,quantile,0.95,0.001514813302796598
2026-08-29,wk inc flu prop ed visits,3,2026-09-19,04,quantile,0.975,0.002063771872314367
2026-08-29,wk inc flu prop ed visits,3,2026-09-19,04,quantile,0.99,0.0030758816977834638
2026-08-29,wk inc flu prop ed visits,-1,2026-08-22,06,quantile,0.01,8.904674266019592e-4
2026-08-29,wk inc flu prop ed visits,-1,2026-08-22,06,quantile,0.025,9.87894749759059e-4
2026-08-29,wk inc flu prop ed visits,-1,2026-08-22,06,quantile,0.05,0.0010868000004347414
2026-08-29,wk inc flu prop ed visits,-1,2026-08-22,06,quantile,0.1,0.0011672727392817086
2026-08-29,wk inc flu prop ed visits,-1,2026-08-22,06,quantile,0.15,0.001214916677582485
2026-08-29,wk inc flu prop ed visits,-1,2026-08-22,06,quantile,0.2,0.0012455384673407443
2026-08-29,wk inc flu prop ed visits,-1,2026-08-22,06,quantile,0.25,0.0012754374992102386
2026-08-29,wk inc flu prop ed visits,-1,2026-08-22,06,quantile,0.3,0.0013038000062853097
2026-08-29,wk inc flu prop ed visits,-1,2026-08-22,06,quantile,0.35,0.0013264062573143747
2026-08-29,wk inc flu prop ed visits,-1,2026-08-22,06,quantile,0.4,0.0013437647128806394
2026-08-29,wk inc flu prop ed visits,-1,2026-08-22,06,quantile,0.45,0.001357833325304091
2026-08-29,wk inc flu prop ed visits,-1,2026-08-22,06,quantile,0.5,0.0013984210585292983
2026-08-29,wk inc flu prop ed visits,-1,2026-08-22,06,quantile,0.55,0.0014371666864181562
2026-08-29,wk inc flu prop ed visits,-1,2026-08-22,06,quantile,0.6,0.0014491764752303851
2026-08-29,wk inc flu prop ed visits,-1,2026-08-22,06,quantile,0.65,0.0014654687539732546
2026-08-29,wk inc flu prop ed visits,-1,2026-08-22,06,quantile,0.7,0.001484200005158782
2026-08-29,wk inc flu prop ed visits,-1,2026-08-22,06,quantile,0.75,0.001509562512114644
2026-08-29,wk inc flu prop ed visits,-1,2026-08-22,06,quantile,0.8,0.0015378461588460666
2026-08-29,wk inc flu prop ed visits,-1,2026-08-22,06,quantile,0.85,0.0015630833333400659
2026-08-29,wk inc flu prop ed visits,-1,2026-08-22,06,quantile,0.9,0.0016054545442827721
2026-08-29,wk inc flu prop ed visits,-1,2026-08-22,06,quantile,0.95,0.0016802000101748852
2026-08-29,wk inc flu prop ed visits,-1,2026-08-22,06,quantile,0.975,0.0017757894712451254
2026-08-29,wk inc flu prop ed visits,-1,2026-08-22,06,quantile,0.99,0.001871054322920416
2026-08-29,wk inc flu prop ed visits,0,2026-08-29,06,quantile,0.01,5.852960819414128e-4
2026-08-29,wk inc flu prop ed visits,0,2026-08-29,06,quantile,0.025,7.227560251073508e-4
2026-08-29,wk inc flu prop ed visits,0,2026-08-29,06,quantile,0.05,8.354496740566037e-4
2026-08-29,wk inc flu prop ed visits,0,2026-08-29,06,quantile,0.1,9.775304953190287e-4
2026-08-29,wk inc flu prop ed visits,0,2026-08-29,06,quantile,0.15,0.001073428393042658
2026-08-29,wk inc flu prop ed visits,0,2026-08-29,06,quantile,0.2,0.0011463157352371552
2026-08-29,wk inc flu prop ed visits,0,2026-08-29,06,quantile,0.25,0.0012056056953998677
2026-08-29,wk inc flu prop ed visits,0,2026-08-29,06,quantile,0.3,0.0012487862771604864
2026-08-29,wk inc flu prop ed visits,0,2026-08-29,06,quantile,0.35,0.0012889978728090883
2026-08-29,wk inc flu prop ed visits,0,2026-08-29,06,quantile,0.4,0.0013227190558623692
2026-08-29,wk inc flu prop ed visits,0,2026-08-29,06,quantile,0.45,0.0013617860475993997
2026-08-29,wk inc flu prop ed visits,0,2026-08-29,06,quantile,0.5,0.0013966724957905354
2026-08-29,wk inc flu prop ed visits,0,2026-08-29,06,quantile,0.55,0.0014318171204837492
2026-08-29,wk inc flu prop ed visits,0,2026-08-29,06,quantile,0.6,0.0014787183201738579
2026-08-29,wk inc flu prop ed visits,0,2026-08-29,06,quantile,0.65,0.0015153543300339017
2026-08-29,wk inc flu prop ed visits,0,2026-08-29,06,quantile,0.7,0.0015524454421682265
2026-08-29,wk inc flu prop ed visits,0,2026-08-29,06,quantile,0.75,0.0016022157264950112
2026-08-29,wk inc flu prop ed visits,0,2026-08-29,06,quantile,0.8,0.0016655386875984244
2026-08-29,wk inc flu prop ed visits,0,2026-08-29,06,quantile,0.85,0.0017434533671500793
2026-08-29,wk inc flu prop ed visits,0,2026-08-29,06,quantile,0.9,0.0018706340529244454
2026-08-29,wk inc flu prop ed visits,0,2026-08-29,06,quantile,0.95,0.002059774995571235
2026-08-29,wk inc flu prop ed visits,0,2026-08-29,06,quantile,0.975,0.002273586465210091
2026-08-29,wk inc flu prop ed visits,0,2026-08-29,06,quantile,0.99,0.002589537856041213
2026-08-29,wk inc flu prop ed visits,1,2026-09-05,06,quantile,0.01,5.012231948715214e-4
2026-08-29,wk inc flu prop ed visits,1,2026-09-05,06,quantile,0.025,6.810585223600524e-4
2026-08-29,wk inc flu prop ed visits,1,2026-09-05,06,quantile,0.05,7.837581725014114e-4
2026-08-29,wk inc flu prop ed visits,1,2026-09-05,06,quantile,0.1,9.324476391644137e-4
2026-08-29,wk inc flu prop ed visits,1,2026-09-05,06,quantile,0.15,0.0010290512771225268
2026-08-29,wk inc flu prop ed visits,1,2026-09-05,06,quantile,0.2,0.0011015562218354123
2026-08-29,wk inc flu prop ed visits,1,2026-09-05,06,quantile,0.25,0.001166036090902414
2026-08-29,wk inc flu prop ed visits,1,2026-09-05,06,quantile,0.3,0.0012171418478130818
2026-08-29,wk inc flu prop ed visits,1,2026-09-05,06,quantile,0.35,0.0012735831583243432
2026-08-29,wk inc flu prop ed visits,1,2026-09-05,06,quantile,0.4,0.0013270568240558516
2026-08-29,wk inc flu prop ed visits,1,2026-09-05,06,quantile,0.45,0.001374646402900848
2026-08-29,wk inc flu prop ed visits,1,2026-09-05,06,quantile,0.5,0.0014230883839880207
2026-08-29,wk inc flu prop ed visits,1,2026-09-05,06,quantile,0.55,0.0014663540510492926
2026-08-29,wk inc flu prop ed visits,1,2026-09-05,06,quantile,0.6,0.0015152688637126443
2026-08-29,wk inc flu prop ed visits,1,2026-09-05,06,quantile,0.65,0.0015563618143009917
2026-08-29,wk inc flu prop ed visits,1,2026-09-05,06,quantile,0.7,0.0016100265657271492
2026-08-29,wk inc flu prop ed visits,1,2026-09-05,06,quantile,0.75,0.0016878645933756532
2026-08-29,wk inc flu prop ed visits,1,2026-09-05,06,quantile,0.8,0.0017560304785285855
2026-08-29,wk inc flu prop ed visits,1,2026-09-05,06,quantile,0.85,0.001841130237380966
2026-08-29,wk inc flu prop ed visits,1,2026-09-05,06,quantile,0.9,0.00198028452797171
2026-08-29,wk inc flu prop ed visits,1,2026-09-05,06,quantile,0.95,0.0022383300604043176
2026-08-29,wk inc flu prop ed visits,1,2026-09-05,06,quantile,0.975,0.0025335564036124553
2026-08-29,wk inc flu prop ed visits,1,2026-09-05,06,quantile,0.99,0.002866625905526348
2026-08-29,wk inc flu prop ed visits,2,2026-09-12,06,quantile,0.01,4.22472773541018e-4
2026-08-29,wk inc flu prop ed visits,2,2026-09-12,06,quantile,0.025,6.010670645257943e-4
2026-08-29,wk inc flu prop ed visits,2,2026-09-12,06,quantile,0.05,7.442009005839906e-4
2026-08-29,wk inc flu prop ed visits,2,2026-09-12,06,quantile,0.1,9.046265638176484e-4
2026-08-29,wk inc flu prop ed visits,2,2026-09-12,06,quantile,0.15,0.0010142460095514264
2026-08-29,wk inc flu prop ed visits,2,2026-09-12,06,quantile,0.2,0.0011015021694163263
2026-08-29,wk inc flu prop ed visits,2,2026-09-12,06,quantile,0.25,0.0011696390545280772
2026-08-29,wk inc flu prop ed visits,2,2026-09-12,06,quantile,0.3,0.0012317431650582323
2026-08-29,wk inc flu prop ed visits,2,2026-09-12,06,quantile,0.35,0.00128076844882935
2026-08-29,wk inc flu prop ed visits,2,2026-09-12,06,quantile,0.4,0.0013340856363277906
2026-08-29,wk inc flu prop ed visits,2,2026-09-12,06,quantile,0.45,0.0013785482912337882
2026-08-29,wk inc flu prop ed visits,2,2026-09-12,06,quantile,0.5,0.0014350527147083258
2026-08-29,wk inc flu prop ed visits,2,2026-09-12,06,quantile,0.55,0.0014862445784073893
2026-08-29,wk inc flu prop ed visits,2,2026-09-12,06,quantile,0.6,0.0015421020901944292
2026-08-29,wk inc flu prop ed visits,2,2026-09-12,06,quantile,0.65,0.0016040192731078353
2026-08-29,wk inc flu prop ed visits,2,2026-09-12,06,quantile,0.7,0.0016701864286262317
2026-08-29,wk inc flu prop ed visits,2,2026-09-12,06,quantile,0.75,0.0017525778666153782
2026-08-29,wk inc flu prop ed visits,2,2026-09-12,06,quantile,0.8,0.0018399235931132992
2026-08-29,wk inc flu prop ed visits,2,2026-09-12,06,quantile,0.85,0.0019439906903990795
2026-08-29,wk inc flu prop ed visits,2,2026-09-12,06,quantile,0.9,0.0020944126532615433
2026-08-29,wk inc flu prop ed visits,2,2026-09-12,06,quantile,0.95,0.00242611383394982
2026-08-29,wk inc flu prop ed visits,2,2026-09-12,06,quantile,0.975,0.002805619491506226
2026-08-29,wk inc flu prop ed visits,2,2026-09-12,06,quantile,0.99,0.0035260165239575317
2026-08-29,wk inc flu prop ed visits,3,2026-09-19,06,quantile,0.01,3.630817721136027e-4
2026-08-29,wk inc flu prop ed visits,3,2026-09-19,06,quantile,0.025,5.483226619209835e-4
2026-08-29,wk inc flu prop ed visits,3,2026-09-19,06,quantile,0.05,6.975074704712413e-4
2026-08-29,wk inc flu prop ed visits,3,2026-09-19,06,quantile,0.1,8.760021122832479e-4
2026-08-29,wk inc flu prop ed visits,3,2026-09-19,06,quantile,0.15,9.944555846456047e-4
2026-08-29,wk inc flu prop ed visits,3,2026-09-19,06,quantile,0.2,0.0010795833781103736
2026-08-29,wk inc flu prop ed visits,3,2026-09-19,06,quantile,0.25,0.0011599966037701736
2026-08-29,wk inc flu prop ed visits,3,2026-09-19,06,quantile,0.3,0.001228855810597946
2026-08-29,wk inc flu prop ed visits,3,2026-09-19,06,quantile,0.35,0.0012920067566327836
2026-08-29,wk inc flu prop ed visits,3,2026-09-19,06,quantile,0.4,0.0013525803066392348
2026-08-29,wk inc flu prop ed visits,3,2026-09-19,06,quantile,0.45,0.001422414757051368
2026-08-29,wk inc flu prop ed visits,3,2026-09-19,06,quantile,0.5,0.0014795383713088978
2026-08-29,wk inc flu prop ed visits,3,2026-09-19,06,quantile,0.55,0.0015525106655524814
2026-08-29,wk inc flu prop ed visits,3,2026-09-19,06,quantile,0.6,0.001629196406359016
2026-08-29,wk inc flu prop ed visits,3,2026-09-19,06,quantile,0.65,0.0017056130996134747
2026-08-29,wk inc flu prop ed visits,3,2026-09-19,06,quantile,0.7,0.0017676611198114128
2026-08-29,wk inc flu prop ed visits,3,2026-09-19,06,quantile,0.75,0.0018611803689582574
2026-08-29,wk inc flu prop ed visits,3,2026-09-19,06,quantile,0.8,0.001960115867267591
2026-08-29,wk inc flu prop ed visits,3,2026-09-19,06,quantile,0.85,0.002100869454291926
2026-08-29,wk inc flu prop ed visits,3,2026-09-19,06,quantile,0.9,0.002281836744231205
2026-08-29,wk inc flu prop ed visits,3,2026-09-19,06,quantile,0.95,0.002730904757423985
2026-08-29,wk inc flu prop ed visits,3,2026-09-19,06,quantile,0.975,0.0033675443039693502
2026-08-29,wk inc flu prop ed visits,3,2026-09-19,06,quantile,0.99,0.004361705193556558
2026-08-29,wk inc flu prop ed visits,-1,2026-08-22,08,quantile,0.01,1.2105262887321014e-5
2026-08-29,wk inc flu prop ed visits,-1,2026-08-22,08,quantile,0.025,1.2826086669836347e-5
2026-08-29,wk inc flu prop ed visits,-1,2026-08-22,08,quantile,0.05,1.0549998532049365e-4
2026-08-29,wk inc flu prop ed visits,-1,2026-08-22,08,quantile,0.1,1.848484807167992e-4
2026-08-29,wk inc flu prop ed visits,-1,2026-08-22,08,quantile,0.15,2.2991666174068795e-4
2026-08-29,wk inc flu prop ed visits,-1,2026-08-22,08,quantile,0.2,2.5784614447217717e-4
2026-08-29,wk inc flu prop ed visits,-1,2026-08-22,08,quantile,0.25,2.8543748408555976e-4
2026-08-29,wk inc flu prop ed visits,-1,2026-08-22,08,quantile,0.3,3.117999912053347e-4
2026-08-29,wk inc flu prop ed visits,-1,2026-08-22,08,quantile,0.35,3.310937425994779e-4
2026-08-29,wk inc flu prop ed visits,-1,2026-08-22,08,quantile,0.4,3.472941098844304e-4
2026-08-29,wk inc flu prop ed visits,-1,2026-08-22,08,quantile,0.45,3.603333105022708e-4
2026-08-29,wk inc flu prop ed visits,-1,2026-08-22,08,quantile,0.5,4.005263069350435e-4
2026-08-29,wk inc flu prop ed visits,-1,2026-08-22,08,quantile,0.55,4.405000050862631e-4
2026-08-29,wk inc flu prop ed visits,-1,2026-08-22,08,quantile,0.6,4.538823430152501e-4
2026-08-29,wk inc flu prop ed visits,-1,2026-08-22,08,quantile,0.65,4.717187395144721e-4
2026-08-29,wk inc flu prop ed visits,-1,2026-08-22,08,quantile,0.7,4.921999908238648e-4
2026-08-29,wk inc flu prop ed visits,-1,2026-08-22,08,quantile,0.75,5.19562497921288e-4
2026-08-29,wk inc flu prop ed visits,-1,2026-08-22,08,quantile,0.8,5.501538378114884e-4
2026-08-29,wk inc flu prop ed visits,-1,2026-08-22,08,quantile,0.85,5.780833208975965e-4
2026-08-29,wk inc flu prop ed visits,-1,2026-08-22,08,quantile,0.9,6.24242411023288e-4
2026-08-29,wk inc flu prop ed visits,-1,2026-08-22,08,quantile,0.95,7.098999972734598e-4
2026-08-29,wk inc flu prop ed visits,-1,2026-08-22,08,quantile,0.975,8.121052472607085e-4
2026-08-29,wk inc flu prop ed visits,-1,2026-08-22,08,quantile,0.99,9.095325704178085e-4
2026-08-29,wk inc flu prop ed visits,0,2026-08-29,08,quantile,0.01,1.1748818121576886e-4
2026-08-29,wk inc flu prop ed visits,0,2026-08-29,08,quantile,0.025,1.5498854360693055e-4
2026-08-29,wk inc flu prop ed visits,0,2026-08-29,08,quantile,0.05,2.0086443658499557e-4
2026-08-29,wk inc flu prop ed visits,0,2026-08-29,08,quantile,0.1,2.709599351654063e-4
2026-08-29,wk inc flu prop ed visits,0,2026-08-29,08,quantile,0.15,3.1640693507781393e-4
2026-08-29,wk inc flu prop ed visits,0,2026-08-29,08,quantile,0.2,3.4078229933966696e-4
2026-08-29,wk inc flu prop ed visits,0,2026-08-29,08,quantile,0.25,3.630327729053494e-4
2026-08-29,wk inc flu prop ed visits,0,2026-08-29,08,quantile,0.3,3.8256970703663874e-4
2026-08-29,wk inc flu prop ed visits,0,2026-08-29,08,quantile,0.35,4.003953363814453e-4
2026-08-29,wk inc flu prop ed visits,0,2026-08-29,08,quantile,0.4,4.2348981083664423e-4
2026-08-29,wk inc flu prop ed visits,0,2026-08-29,08,quantile,0.45,4.394618388598324e-4
2026-08-29,wk inc flu prop ed visits,0,2026-08-29,08,quantile,0.5,4.6383519107514855e-4
2026-08-29,wk inc flu prop ed visits,0,2026-08-29,08,quantile,0.55,4.846781254140105e-4
2026-08-29,wk inc flu prop ed visits,0,2026-08-29,08,quantile,0.6,5.047412898685784e-4
2026-08-29,wk inc flu prop ed visits,0,2026-08-29,08,quantile,0.65,5.302326673450401e-4
2026-08-29,wk inc flu prop ed visits,0,2026-08-29,08,quantile,0.7,5.53934927539351e-4
2026-08-29,wk inc flu prop ed visits,0,2026-08-29,08,quantile,0.75,5.776713012874342e-4
2026-08-29,wk inc flu prop ed visits,0,2026-08-29,08,quantile,0.8,6.130139404664747e-4
2026-08-29,wk inc flu prop ed visits,0,2026-08-29,08,quantile,0.85,6.750816290582387e-4
2026-08-29,wk inc flu prop ed visits,0,2026-08-29,08,quantile,0.9,7.579501493272682e-4
2026-08-29,wk inc flu prop ed visits,0,2026-08-29,08,quantile,0.95,9.496894766583885e-4
2026-08-29,wk inc flu prop ed visits,0,2026-08-29,08,quantile,0.975,0.0010983728598963393
2026-08-29,wk inc flu prop ed visits,0,2026-08-29,08,quantile,0.99,0.0013247534418416756
2026-08-29,wk inc flu prop ed visits,1,2026-09-05,08,quantile,0.01,7.517509591461998e-5
2026-08-29,wk inc flu prop ed visits,1,2026-09-05,08,quantile,0.025,1.3714600987842687e-4
2026-08-29,wk inc flu prop ed visits,1,2026-09-05,08,quantile,0.05,1.9580535133676896e-4
2026-08-29,wk inc flu prop ed visits,1,2026-09-05,08,quantile,0.1,2.683629413102092e-4
2026-08-29,wk inc flu prop ed visits,1,2026-09-05,08,quantile,0.15,3.194270328127112e-4
2026-08-29,wk inc flu prop ed visits,1,2026-09-05,08,quantile,0.2,3.5017425043944313e-4
2026-08-29,wk inc flu prop ed visits,1,2026-09-05,08,quantile,0.25,3.7751111134670906e-4
2026-08-29,wk inc flu prop ed visits,1,2026-09-05,08,quantile,0.3,4.006485184789874e-4
2026-08-29,wk inc flu prop ed visits,1,2026-09-05,08,quantile,0.35,4.237708431019168e-4
2026-08-29,wk inc flu prop ed visits,1,2026-09-05,08,quantile,0.4,4.4288605889194446e-4
2026-08-29,wk inc flu prop ed visits,1,2026-09-05,08,quantile,0.45,4.6210493920131087e-4
2026-08-29,wk inc flu prop ed visits,1,2026-09-05,08,quantile,0.5,4.8731735973261205e-4
2026-08-29,wk inc flu prop ed visits,1,2026-09-05,08,quantile,0.55,5.134968903733535e-4
2026-08-29,wk inc flu prop ed visits,1,2026-09-05,08,quantile,0.6,5.360109301160859e-4
2026-08-29,wk inc flu prop ed visits,1,2026-09-05,08,quantile,0.65,5.566242549006204e-4
2026-08-29,wk inc flu prop ed visits,1,2026-09-05,08,quantile,0.7,5.90933252014254e-4
2026-08-29,wk inc flu prop ed visits,1,2026-09-05,08,quantile,0.75,6.288799317816485e-4
2026-08-29,wk inc flu prop ed visits,1,2026-09-05,08,quantile,0.8,6.734043990248724e-4
2026-08-29,wk inc flu prop ed visits,1,2026-09-05,08,quantile,0.85,7.26480890417754e-4
2026-08-29,wk inc flu prop ed visits,1,2026-09-05,08,quantile,0.9,7.979775677313158e-4
2026-08-29,wk inc flu prop ed visits,1,2026-09-05,08,quantile,0.95,9.622241761796756e-4
2026-08-29,wk inc flu prop ed visits,1,2026-09-05,08,quantile,0.975,0.0011216953435538102
2026-08-29,wk inc flu prop ed visits,1,2026-09-05,08,quantile,0.99,0.0013988899241693747
2026-08-29,wk inc flu prop ed visits,2,2026-09-12,08,quantile,0.01,6.003398608661051e-5
2026-08-29,wk inc flu prop ed visits,2,2026-09-12,08,quantile,0.025,1.4685664381222028e-4
2026-08-29,wk inc flu prop ed visits,2,2026-09-12,08,quantile,0.05,2.1586890352444756e-4
2026-08-29,wk inc flu prop ed visits,2,2026-09-12,08,quantile,0.1,2.9114361272622e-4
2026-08-29,wk inc flu prop ed visits,2,2026-09-12,08,quantile,0.15,3.3026085991968746e-4
2026-08-29,wk inc flu prop ed visits,2,2026-09-12,08,quantile,0.2,3.7055263816951367e-4
2026-08-29,wk inc flu prop ed visits,2,2026-09-12,08,quantile,0.25,3.9195143916196805e-4
2026-08-29,wk inc flu prop ed visits,2,2026-09-12,08,quantile,0.3,4.058993786408257e-4
2026-08-29,wk inc flu prop ed visits,2,2026-09-12,08,quantile,0.35,4.351200733114699e-4
2026-08-29,wk inc flu prop ed visits,2,2026-09-12,08,quantile,0.4,4.5798470789608906e-4
2026-08-29,wk inc flu prop ed visits,2,2026-09-12,08,quantile,0.45,4.794786633119791e-4
2026-08-29,wk inc flu prop ed visits,2,2026-09-12,08,quantile,0.5,5.067112622301454e-4
2026-08-29,wk inc flu prop ed visits,2,2026-09-12,08,quantile,0.55,5.258708826191503e-4
2026-08-29,wk inc flu prop ed visits,2,2026-09-12,08,quantile,0.6,5.570932225022346e-4
2026-08-29,wk inc flu prop ed visits,2,2026-09-12,08,quantile,0.65,5.932010834663988e-4
2026-08-29,wk inc flu prop ed visits,2,2026-09-12,08,quantile,0.7,6.214277215580806e-4
2026-08-29,wk inc flu prop ed visits,2,2026-09-12,08,quantile,0.75,6.625137328045577e-4
2026-08-29,wk inc flu prop ed visits,2,2026-09-12,08,quantile,0.8,7.231853726059577e-4
2026-08-29,wk inc flu prop ed visits,2,2026-09-12,08,quantile,0.85,7.810467905566615e-4
2026-08-29,wk inc flu prop ed visits,2,2026-09-12,08,quantile,0.9,8.663492778522936e-4
2026-08-29,wk inc flu prop ed visits,2,2026-09-12,08,quantile,0.95,0.0010452486683639368
2026-08-29,wk inc flu prop ed visits,2,2026-09-12,08,quantile,0.975,0.0012101779425279847
2026-08-29,wk inc flu prop ed visits,2,2026-09-12,08,quantile,0.99,0.0015603519997848773
2026-08-29,wk inc flu prop ed visits,3,2026-09-19,08,quantile,0.01,6.518840108397148e-5
2026-08-29,wk inc flu prop ed visits,3,2026-09-19,08,quantile,0.025,1.560594363084378e-4
2026-08-29,wk inc flu prop ed visits,3,2026-09-19,08,quantile,0.05,2.2466452593579496e-4
2026-08-29,wk inc flu prop ed visits,3,2026-09-19,08,quantile,0.1,2.989447789928409e-4
2026-08-29,wk inc flu prop ed visits,3,2026-09-19,08,quantile,0.15,3.4433793630432553e-4
2026-08-29,wk inc flu prop ed visits,3,2026-09-19,08,quantile,0.2,3.729088025152338e-4
2026-08-29,wk inc flu prop ed visits,3,2026-09-19,08,quantile,0.25,3.96738602640295e-4
2026-08-29,wk inc flu prop ed visits,3,2026-09-19,08,quantile,0.3,4.237900985662021e-4
2026-08-29,wk inc flu prop ed visits,3,2026-09-19,08,quantile,0.35,4.52747547224641e-4
2026-08-29,wk inc flu prop ed visits,3,2026-09-19,08,quantile,0.4,4.7438736445241806e-4
2026-08-29,wk inc flu prop ed visits,3,2026-09-19,08,quantile,0.45,5.071486395622031e-4
2026-08-29,wk inc flu prop ed visits,3,2026-09-19,08,quantile,0.5,5.277659361110719e-4
2026-08-29,wk inc flu prop ed visits,3,2026-09-19,08,quantile,0.55,5.555497875901098e-4
2026-08-29,wk inc flu prop ed visits,3,2026-09-19,08,quantile,0.6,5.938120276302024e-4
2026-08-29,wk inc flu prop ed visits,3,2026-09-19,08,quantile,0.65,6.29656922427083e-4
2026-08-29,wk inc flu prop ed visits,3,2026-09-19,08,quantile,0.7,6.662787922214672e-4
2026-08-29,wk inc flu prop ed visits,3,2026-09-19,08,quantile,0.75,7.096580532481101e-4
2026-08-29,wk inc flu prop ed visits,3,2026-09-19,08,quantile,0.8,7.416740483768866e-4
2026-08-29,wk inc flu prop ed visits,3,2026-09-19,08,quantile,0.85,8.014760647776463e-4
2026-08-29,wk inc flu prop ed visits,3,2026-09-19,08,quantile,0.9,9.115339986286143e-4
2026-08-29,wk inc flu prop ed visits,3,2026-09-19,08,quantile,0.95,0.0011049555628495102
2026-08-29,wk inc flu prop ed visits,3,2026-09-19,08,quantile,0.975,0.0014800932873349536
2026-08-29,wk inc flu prop ed visits,3,2026-09-19,08,quantile,0.99,0.002106738237054103
2026-08-29,wk inc flu prop ed visits,-1,2026-08-22,09,quantile,0.01,1.0999999754130838e-5
2026-08-29,wk inc flu prop ed visits,-1,2026-08-22,09,quantile,0.025,1.2105262887321014e-5
2026-08-29,wk inc flu prop ed visits,-1,2026-08-22,09,quantile,0.05,1.2826086669836347e-5
2026-08-29,wk inc flu prop ed visits,-1,2026-08-22,09,quantile,0.1,8.545454354448744e-5
2026-08-29,wk inc flu prop ed visits,-1,2026-08-22,09,quantile,0.15,1.3316666390321893e-4
2026-08-29,wk inc flu prop ed visits,-1,2026-08-22,09,quantile,0.2,1.5784614670735132e-4
2026-08-29,wk inc flu prop ed visits,-1,2026-08-22,09,quantile,0.25,1.8543748632073387e-4
2026-08-29,wk inc flu prop ed visits,-1,2026-08-22,09,quantile,0.3,2.136666600654522e-4
2026-08-29,wk inc flu prop ed visits,-1,2026-08-22,09,quantile,0.35,2.3265624479972745e-4
2026-08-29,wk inc flu prop ed visits,-1,2026-08-22,09,quantile,0.4,2.484705826815436e-4
2026-08-29,wk inc flu prop ed visits,-1,2026-08-22,09,quantile,0.45,2.6116664605215184e-4
2026-08-29,wk inc flu prop ed visits,-1,2026-08-22,09,quantile,0.5,3.005263090721836e-4
2026-08-29,wk inc flu prop ed visits,-1,2026-08-22,09,quantile,0.55,3.405000071662167e-4
2026-08-29,wk inc flu prop ed visits,-1,2026-08-22,09,quantile,0.6,3.545097961145288e-4
2026-08-29,wk inc flu prop ed visits,-1,2026-08-22,09,quantile,0.65,3.720312419754918e-4
2026-08-29,wk inc flu prop ed visits,-1,2026-08-22,09,quantile,0.7,3.92199993431568e-4
2026-08-29,wk inc flu prop ed visits,-1,2026-08-22,09,quantile,0.75,4.1956250062212335e-4
2026-08-29,wk inc flu prop ed visits,-1,2026-08-22,09,quantile,0.8,4.4830768647102206e-4
2026-08-29,wk inc flu prop ed visits,-1,2026-08-22,09,quantile,0.85,4.7758332253858683e-4
2026-08-29,wk inc flu prop ed visits,-1,2026-08-22,09,quantile,0.9,5.372727178037165e-4
2026-08-29,wk inc flu prop ed visits,-1,2026-08-22,09,quantile,0.95,6.187000011559574e-4
2026-08-29,wk inc flu prop ed visits,-1,2026-08-22,09,quantile,0.975,7.181578809395432e-4
2026-08-29,wk inc flu prop ed visits,-1,2026-08-22,09,quantile,0.99,8.159456159879007e-4
2026-08-29,wk inc flu prop ed visits,0,2026-08-29,09,quantile,0.01,3.6424224416168464e-5
2026-08-29,wk inc flu prop ed visits,0,2026-08-29,09,quantile,0.025,7.5585705075003e-5
2026-08-29,wk inc flu prop ed visits,0,2026-08-29,09,quantile,0.05,1.2031179895846646e-4
2026-08-29,wk inc flu prop ed visits,0,2026-08-29,09,quantile,0.1,1.7708891840259575e-4
2026-08-29,wk inc flu prop ed visits,0,2026-08-29,09,quantile,0.15,2.1431073994233353e-4
2026-08-29,wk inc flu prop ed visits,0,2026-08-29,09,quantile,0.2,2.4770759584409206e-4
2026-08-29,wk inc flu prop ed visits,0,2026-08-29,09,quantile,0.25,2.7160020632662504e-4
2026-08-29,wk inc flu prop ed visits,0,2026-08-29,09,quantile,0.3,2.9074044793489376e-4
2026-08-29,wk inc flu prop ed visits,0,2026-08-29,09,quantile,0.35,3.0801073954374807e-4
2026-08-29,wk inc flu prop ed visits,0,2026-08-29,09,quantile,0.4,3.276185507203519e-4
2026-08-29,wk inc flu prop ed visits,0,2026-08-29,09,quantile,0.45,3.431624576601294e-4
2026-08-29,wk inc flu prop ed visits,0,2026-08-29,09,quantile,0.5,3.6319475131371627e-4
2026-08-29,wk inc flu prop ed visits,0,2026-08-29,09,quantile,0.55,3.8480488273754233e-4
2026-08-29,wk inc flu prop ed visits,0,2026-08-29,09,quantile,0.6,4.060041723877682e-4
2026-08-29,wk inc flu prop ed visits,0,2026-08-29,09,quantile,0.65,4.25129250131328e-4
2026-08-29,wk inc flu prop ed visits,0,2026-08-29,09,quantile,0.7,4.512542490712749e-4
2026-08-29,wk inc flu prop ed visits,0,2026-08-29,09,quantile,0.75,4.8045538817455757e-4
2026-08-29,wk inc flu prop ed visits,0,2026-08-29,09,quantile,0.8,5.190302430545538e-4
2026-08-29,wk inc flu prop ed visits,0,2026-08-29,09,quantile,0.85,5.716869281471342e-4
2026-08-29,wk inc flu prop ed visits,0,2026-08-29,09,quantile,0.9,6.513760630538335e-4
2026-08-29,wk inc flu prop ed visits,0,2026-08-29,09,quantile,0.95,8.204129434755024e-4
2026-08-29,wk inc flu prop ed visits,0,2026-08-29,09,quantile,0.975,9.826095444990135e-4
2026-08-29,wk inc flu prop ed visits,0,2026-08-29,09,quantile,0.99,0.0012377755826938812
2026-08-29,wk inc flu prop ed visits,1,2026-09-05,09,quantile,0.01,7.590238783051755e-9
2026-08-29,wk inc flu prop ed visits,1,2026-09-05,09,quantile,0.025,5.725697379338853e-5
2026-08-29,wk inc flu prop ed visits,1,2026-09-05,09,quantile,0.05,1.0647008026778607e-4
2026-08-29,wk inc flu prop ed visits,1,2026-09-05,09,quantile,0.1,1.666246982621439e-4
2026-08-29,wk inc flu prop ed visits,1,2026-09-05,09,quantile,0.15,2.1001728747061709e-4
2026-08-29,wk inc flu prop ed visits,1,2026-09-05,09,quantile,0.2,2.406456217098515e-4
2026-08-29,wk inc flu prop ed visits,1,2026-09-05,09,quantile,0.25,2.6980470750807427e-4
2026-08-29,wk inc flu prop ed visits,1,2026-09-05,09,quantile,0.3,2.962569148292286e-4
2026-08-29,wk inc flu prop ed visits,1,2026-09-05,09,quantile,0.35,3.20534659200113e-4
2026-08-29,wk inc flu prop ed visits,1,2026-09-05,09,quantile,0.4,3.413596053368817e-4
2026-08-29,wk inc flu prop ed visits,1,2026-09-05,09,quantile,0.45,3.6276041124634167e-4
2026-08-29,wk inc flu prop ed visits,1,2026-09-05,09,quantile,0.5,3.863616516309942e-4
2026-08-29,wk inc flu prop ed visits,1,2026-09-05,09,quantile,0.55,4.131917403325517e-4
2026-08-29,wk inc flu prop ed visits,1,2026-09-05,09,quantile,0.6,4.359090555019332e-4
2026-08-29,wk inc flu prop ed visits,1,2026-09-05,09,quantile,0.65,4.578556136346619e-4
2026-08-29,wk inc flu prop ed visits,1,2026-09-05,09,quantile,0.7,4.889501625993197e-4
2026-08-29,wk inc flu prop ed visits,1,2026-09-05,09,quantile,0.75,5.275121940750771e-4
2026-08-29,wk inc flu prop ed visits,1,2026-09-05,09,quantile,0.8,5.692090004799124e-4
2026-08-29,wk inc flu prop ed visits,1,2026-09-05,09,quantile,0.85,6.253542152654828e-4
2026-08-29,wk inc flu prop ed visits,1,2026-09-05,09,quantile,0.9,7.13208190055598e-4
2026-08-29,wk inc flu prop ed visits,1,2026-09-05,09,quantile,0.95,8.741600298966741e-4
2026-08-29,wk inc flu prop ed visits,1,2026-09-05,09,quantile,0.975,0.0010551531236698596
2026-08-29,wk inc flu prop ed visits,1,2026-09-05,09,quantile,0.99,0.0012774113829605342
2026-08-29,wk inc flu prop ed visits,2,2026-09-12,09,quantile,0.01,1.1064032276439287e-8
2026-08-29,wk inc flu prop ed visits,2,2026-09-12,09,quantile,0.025,3.766377178443826e-5
2026-08-29,wk inc flu prop ed visits,2,2026-09-12,09,quantile,0.05,9.300204982515587e-5
2026-08-29,wk inc flu prop ed visits,2,2026-09-12,09,quantile,0.1,1.5991565373788037e-4
2026-08-29,wk inc flu prop ed visits,2,2026-09-12,09,quantile,0.15,2.0261321009220137e-4
2026-08-29,wk inc flu prop ed visits,2,2026-09-12,09,quantile,0.2,2.503008924540794e-4
2026-08-29,wk inc flu prop ed visits,2,2026-09-12,09,quantile,0.25,2.7549454169737813e-4
2026-08-29,wk inc flu prop ed visits,2,2026-09-12,09,quantile,0.3,2.9698088274541205e-4
2026-08-29,wk inc flu prop ed visits,2,2026-09-12,09,quantile,0.35,3.246929481279363e-4
2026-08-29,wk inc flu prop ed visits,2,2026-09-12,09,quantile,0.4,3.484730679896638e-4
2026-08-29,wk inc flu prop ed visits,2,2026-09-12,09,quantile,0.45,3.709402784812575e-4
2026-08-29,wk inc flu prop ed visits,2,2026-09-12,09,quantile,0.5,3.9774460915160893e-4
2026-08-29,wk inc flu prop ed visits,2,2026-09-12,09,quantile,0.55,4.237381482313844e-4
2026-08-29,wk inc flu prop ed visits,2,2026-09-12,09,quantile,0.6,4.5375807036729333e-4
2026-08-29,wk inc flu prop ed visits,2,2026-09-12,09,quantile,0.65,4.8666022389052025e-4
2026-08-29,wk inc flu prop ed visits,2,2026-09-12,09,quantile,0.7,5.189768075327633e-4
2026-08-29,wk inc flu prop ed visits,2,2026-09-12,09,quantile,0.75,5.671467836645304e-4
2026-08-29,wk inc flu prop ed visits,2,2026-09-12,09,quantile,0.8,6.216440274884638e-4
2026-08-29,wk inc flu prop ed visits,2,2026-09-12,09,quantile,0.85,6.898746250886291e-4
2026-08-29,wk inc flu prop ed visits,2,2026-09-12,09,quantile,0.9,7.937511466455496e-4
2026-08-29,wk inc flu prop ed visits,2,2026-09-12,09,quantile,0.95,0.0010002245007747147
2026-08-29,wk inc flu prop ed visits,2,2026-09-12,09,quantile,0.975,0.0012224998703071425
2026-08-29,wk inc flu prop ed visits,2,2026-09-12,09,quantile,0.99,0.0016155357509407477
2026-08-29,wk inc flu prop ed visits,3,2026-09-19,09,quantile,0.01,1.795405354246679e-8
2026-08-29,wk inc flu prop ed visits,3,2026-09-19,09,quantile,0.025,3.420211810849928e-5
2026-08-29,wk inc flu prop ed visits,3,2026-09-19,09,quantile,0.05,9.13293191165821e-5
2026-08-29,wk inc flu prop ed visits,3,2026-09-19,09,quantile,0.1,1.5950287059559733e-4
2026-08-29,wk inc flu prop ed visits,3,2026-09-19,09,quantile,0.15,2.0069526779560625e-4
2026-08-29,wk inc flu prop ed visits,3,2026-09-19,09,quantile,0.2,2.3231975620959053e-4
2026-08-29,wk inc flu prop ed visits,3,2026-09-19,09,quantile,0.25,2.6026483866873907e-4
2026-08-29,wk inc flu prop ed visits,3,2026-09-19,09,quantile,0.3,2.9077891287861526e-4
2026-08-29,wk inc flu prop ed visits,3,2026-09-19,09,quantile,0.35,3.1983275429179887e-4
2026-08-29,wk inc flu prop ed visits,3,2026-09-19,09,quantile,0.4,3.4715483295513766e-4
2026-08-29,wk inc flu prop ed visits,3,2026-09-19,09,quantile,0.45,3.8354213483753736e-4
2026-08-29,wk inc flu prop ed visits,3,2026-09-19,09,quantile,0.5,4.095539215340504e-4
2026-08-29,wk inc flu prop ed visits,3,2026-09-19,09,quantile,0.55,4.426301016584155e-4
2026-08-29,wk inc flu prop ed visits,3,2026-09-19,09,quantile,0.6,4.807274057047044e-4
2026-08-29,wk inc flu prop ed visits,3,2026-09-19,09,quantile,0.65,5.229133880011716e-4
2026-08-29,wk inc flu prop ed visits,3,2026-09-19,09,quantile,0.7,5.642871996739636e-4
2026-08-29,wk inc flu prop ed visits,3,2026-09-19,09,quantile,0.75,6.189388051091566e-4
2026-08-29,wk inc flu prop ed visits,3,2026-09-19,09,quantile,0.8,6.695743855927079e-4
2026-08-29,wk inc flu prop ed visits,3,2026-09-19,09,quantile,0.85,7.467132115325757e-4
2026-08-29,wk inc flu prop ed visits,3,2026-09-19,09,quantile,0.9,8.602106597498515e-4
2026-08-29,wk inc flu prop ed visits,3,2026-09-19,09,quantile,0.95,0.001110892212960215
2026-08-29,wk inc flu prop ed visits,3,2026-09-19,09,quantile,0.975,0.0014932404251538107
2026-08-29,wk inc flu prop ed visits,3,2026-09-19,09,quantile,0.99,0.002090246033813122
2026-08-29,wk inc flu prop ed visits,-1,2026-08-22,11,quantile,0.01,1.815789433098152e-5
2026-08-29,wk inc flu prop ed visits,-1,2026-08-22,11,quantile,0.025,1.923913000475452e-5
2026-08-29,wk inc flu prop ed visits,-1,2026-08-22,11,quantile,0.05,1.9799999557435507e-5
2026-08-29,wk inc flu prop ed visits,-1,2026-08-22,11,quantile,0.1,9.454545243219887e-5
2026-08-29,wk inc flu prop ed visits,-1,2026-08-22,11,quantile,0.15,1.369166638193999e-4
2026-08-29,wk inc flu prop ed visits,-1,2026-08-22,11,quantile,0.2,1.6215383914800784e-4
2026-08-29,wk inc flu prop ed visits,-1,2026-08-22,11,quantile,0.25,1.9043748667463647e-4
2026-08-29,wk inc flu prop ed visits,-1,2026-08-22,11,quantile,0.3,2.1579999372363083e-4
2026-08-29,wk inc flu prop ed visits,-1,2026-08-22,11,quantile,0.35,2.3578124472987825e-4
2026-08-29,wk inc flu prop ed visits,-1,2026-08-22,11,quantile,0.4,2.5082352380542184e-4
2026-08-29,wk inc flu prop ed visits,-1,2026-08-22,11,quantile,0.45,2.6283331268156556e-4
2026-08-29,wk inc flu prop ed visits,-1,2026-08-22,11,quantile,0.5,3.021052565033464e-4
2026-08-29,wk inc flu prop ed visits,-1,2026-08-22,11,quantile,0.55,3.430000072655578e-4
2026-08-29,wk inc flu prop ed visits,-1,2026-08-22,11,quantile,0.6,3.574117569362416e-4
2026-08-29,wk inc flu prop ed visits,-1,2026-08-22,11,quantile,0.65,3.764062416448723e-4
2026-08-29,wk inc flu prop ed visits,-1,2026-08-22,11,quantile,0.7,3.983333263297875e-4
2026-08-29,wk inc flu prop ed visits,-1,2026-08-22,11,quantile,0.75,4.3039583448941494e-4
2026-08-29,wk inc flu prop ed visits,-1,2026-08-22,11,quantile,0.8,0.00046369230208488605
2026-08-29,wk inc flu prop ed visits,-1,2026-08-22,11,quantile,0.85,4.995833221399808e-4
2026-08-29,wk inc flu prop ed visits,-1,2026-08-22,11,quantile,0.9,5.566666540548656e-4
2026-08-29,wk inc flu prop ed visits,-1,2026-08-22,11,quantile,0.95,6.605000022705641e-4
2026-08-29,wk inc flu prop ed visits,-1,2026-08-22,11,quantile,0.975,7.786841976309292e-4
2026-08-29,wk inc flu prop ed visits,-1,2026-08-22,11,quantile,0.99,8.800760517261273e-4
2026-08-29,wk inc flu prop ed visits,0,2026-08-29,11,quantile,0.01,8.368796554381729e-5
2026-08-29,wk inc flu prop ed visits,0,2026-08-29,11,quantile,0.025,1.2531433116084632e-4
2026-08-29,wk inc flu prop ed visits,0,2026-08-29,11,quantile,0.05,1.683853691624805e-4
2026-08-29,wk inc flu prop ed visits,0,2026-08-29,11,quantile,0.1,2.2262039952531475e-4
2026-08-29,wk inc flu prop ed visits,0,2026-08-29,11,quantile,0.15,2.540621529014817e-4
2026-08-29,wk inc flu prop ed visits,0,2026-08-29,11,quantile,0.2,2.869713324164015e-4
2026-08-29,wk inc flu prop ed visits,0,2026-08-29,11,quantile,0.25,3.0983804483751385e-4
2026-08-29,wk inc flu prop ed visits,0,2026-08-29,11,quantile,0.3,3.275190786272915e-4
2026-08-29,wk inc flu prop ed visits,0,2026-08-29,11,quantile,0.35,3.456547769997734e-4
2026-08-29,wk inc flu prop ed visits,0,2026-08-29,11,quantile,0.4,3.6608359391096865e-4
2026-08-29,wk inc flu prop ed visits,0,2026-08-29,11,quantile,0.45,3.8050514995573707e-4
2026-08-29,wk inc flu prop ed visits,0,2026-08-29,11,quantile,0.5,4.004887765081426e-4
2026-08-29,wk inc flu prop ed visits,0,2026-08-29,11,quantile,0.55,4.222981395858855e-4
2026-08-29,wk inc flu prop ed visits,0,2026-08-29,11,quantile,0.6,4.405495837745826e-4
2026-08-29,wk inc flu prop ed visits,0,2026-08-29,11,quantile,0.65,4.631910357809449e-4
2026-08-29,wk inc flu prop ed visits,0,2026-08-29,11,quantile,0.7,4.917040016542089e-4
2026-08-29,wk inc flu prop ed visits,0,2026-08-29,11,quantile,0.75,5.245702762716839e-4
2026-08-29,wk inc flu prop ed visits,0,2026-08-29,11,quantile,0.8,5.593974555871975e-4
2026-08-29,wk inc flu prop ed visits,0,2026-08-29,11,quantile,0.85,6.121484007430219e-4
2026-08-29,wk inc flu prop ed visits,0,2026-08-29,11,quantile,0.9,6.765697704483844e-4
2026-08-29,wk inc flu prop ed visits,0,2026-08-29,11,quantile,0.95,8.48325004024952e-4
2026-08-29,wk inc flu prop ed visits,0,2026-08-29,11,quantile,0.975,0.0010123457642065633
2026-08-29,wk inc flu prop ed visits,0,2026-08-29,11,quantile,0.99,0.0012807126164492927
2026-08-29,wk inc flu prop ed visits,1,2026-09-05,11,quantile,0.01,4.064144344832719e-5
2026-08-29,wk inc flu prop ed visits,1,2026-09-05,11,quantile,0.025,1.0202054706658476e-4
2026-08-29,wk inc flu prop ed visits,1,2026-09-05,11,quantile,0.05,1.549497130125696e-4
2026-08-29,wk inc flu prop ed visits,1,2026-09-05,11,quantile,0.1,2.1321244155943737e-4
2026-08-29,wk inc flu prop ed visits,1,2026-09-05,11,quantile,0.15,2.5847195164496305e-4
2026-08-29,wk inc flu prop ed visits,1,2026-09-05,11,quantile,0.2,2.880445881849109e-4
2026-08-29,wk inc flu prop ed visits,1,2026-09-05,11,quantile,0.25,3.1480929118758884e-4
2026-08-29,wk inc flu prop ed visits,1,2026-09-05,11,quantile,0.3,3.413110943028685e-4
2026-08-29,wk inc flu prop ed visits,1,2026-09-05,11,quantile,0.35,3.6115451338010354e-4
2026-08-29,wk inc flu prop ed visits,1,2026-09-05,11,quantile,0.4,3.8053122244593367e-4
2026-08-29,wk inc flu prop ed visits,1,2026-09-05,11,quantile,0.45,4.01884459684177e-4
2026-08-29,wk inc flu prop ed visits,1,2026-09-05,11,quantile,0.5,4.2502654506418303e-4
2026-08-29,wk inc flu prop ed visits,1,2026-09-05,11,quantile,0.55,4.525688710605562e-4
2026-08-29,wk inc flu prop ed visits,1,2026-09-05,11,quantile,0.6,4.77242255152157e-4
2026-08-29,wk inc flu prop ed visits,1,2026-09-05,11,quantile,0.65,4.984065117456213e-4
2026-08-29,wk inc flu prop ed visits,1,2026-09-05,11,quantile,0.7,5.278175504279386e-4
2026-08-29,wk inc flu prop ed visits,1,2026-09-05,11,quantile,0.75,5.624062166522384e-4
2026-08-29,wk inc flu prop ed visits,1,2026-09-05,11,quantile,0.8,6.002800440194744e-4
2026-08-29,wk inc flu prop ed visits,1,2026-09-05,11,quantile,0.85,6.526228984077546e-4
2026-08-29,wk inc flu prop ed visits,1,2026-09-05,11,quantile,0.9,7.455497834985022e-4
2026-08-29,wk inc flu prop ed visits,1,2026-09-05,11,quantile,0.95,8.778296872629189e-4
2026-08-29,wk inc flu prop ed visits,1,2026-09-05,11,quantile,0.975,0.001037638176226254
2026-08-29,wk inc flu prop ed visits,1,2026-09-05,11,quantile,0.99,0.0012848420087583146
2026-08-29,wk inc flu prop ed visits,2,2026-09-12,11,quantile,0.01,1.2632067336557698e-5
2026-08-29,wk inc flu prop ed visits,2,2026-09-12,11,quantile,0.025,8.534408483734436e-5
2026-08-29,wk inc flu prop ed visits,2,2026-09-12,11,quantile,0.05,1.420562403980183e-4
2026-08-29,wk inc flu prop ed visits,2,2026-09-12,11,quantile,0.1,2.089249049624089e-4
2026-08-29,wk inc flu prop ed visits,2,2026-09-12,11,quantile,0.15,2.4864221223748717e-4
2026-08-29,wk inc flu prop ed visits,2,2026-09-12,11,quantile,0.2,3.012273665117628e-4
2026-08-29,wk inc flu prop ed visits,2,2026-09-12,11,quantile,0.25,3.216774198533284e-4
2026-08-29,wk inc flu prop ed visits,2,2026-09-12,11,quantile,0.3,3.378414231464627e-4
2026-08-29,wk inc flu prop ed visits,2,2026-09-12,11,quantile,0.35,3.6856294667439953e-4
2026-08-29,wk inc flu prop ed visits,2,2026-09-12,11,quantile,0.4,3.8996032426033534e-4
2026-08-29,wk inc flu prop ed visits,2,2026-09-12,11,quantile,0.45,4.147182563179271e-4
2026-08-29,wk inc flu prop ed visits,2,2026-09-12,11,quantile,0.5,4.40311082071456e-4
2026-08-29,wk inc flu prop ed visits,2,2026-09-12,11,quantile,0.55,4.6667577891416066e-4
2026-08-29,wk inc flu prop ed visits,2,2026-09-12,11,quantile,0.6,4.974149924171504e-4
2026-08-29,wk inc flu prop ed visits,2,2026-09-12,11,quantile,0.65,5.247155097511461e-4
2026-08-29,wk inc flu prop ed visits,2,2026-09-12,11,quantile,0.7,5.522123842838346e-4
2026-08-29,wk inc flu prop ed visits,2,2026-09-12,11,quantile,0.75,5.99745752343682e-4
2026-08-29,wk inc flu prop ed visits,2,2026-09-12,11,quantile,0.8,6.487172007788879e-4
2026-08-29,wk inc flu prop ed visits,2,2026-09-12,11,quantile,0.85,7.16003050956623e-4
2026-08-29,wk inc flu prop ed visits,2,2026-09-12,11,quantile,0.9,8.221328060919824e-4
2026-08-29,wk inc flu prop ed visits,2,2026-09-12,11,quantile,0.95,0.001020280856821539
2026-08-29,wk inc flu prop ed visits,2,2026-09-12,11,quantile,0.975,0.001203806973933625
2026-08-29,wk inc flu prop ed visits,2,2026-09-12,11,quantile,0.99,0.001494231102056356
2026-08-29,wk inc flu prop ed visits,3,2026-09-19,11,quantile,0.01,1.1292787368098758e-5
2026-08-29,wk inc flu prop ed visits,3,2026-09-19,11,quantile,0.025,8.436974703424918e-5
2026-08-29,wk inc flu prop ed visits,3,2026-09-19,11,quantile,0.05,1.507369616850655e-4
2026-08-29,wk inc flu prop ed visits,3,2026-09-19,11,quantile,0.1,2.141871037229947e-4
2026-08-29,wk inc flu prop ed visits,3,2026-09-19,11,quantile,0.15,2.4996039563488247e-4
2026-08-29,wk inc flu prop ed visits,3,2026-09-19,11,quantile,0.2,2.7936415565364773e-4
2026-08-29,wk inc flu prop ed visits,3,2026-09-19,11,quantile,0.25,3.0200839329771583e-4
2026-08-29,wk inc flu prop ed visits,3,2026-09-19,11,quantile,0.3,3.2844254928424154e-4
2026-08-29,wk inc flu prop ed visits,3,2026-09-19,11,quantile,0.35,3.5590731976835376e-4
2026-08-29,wk inc flu prop ed visits,3,2026-09-19,11,quantile,0.4,3.79827890185547e-4
2026-08-29,wk inc flu prop ed visits,3,2026-09-19,11,quantile,0.45,4.1547066831806867e-4
2026-08-29,wk inc flu prop ed visits,3,2026-09-19,11,quantile,0.5,4.3967223650231567e-4
2026-08-29,wk inc flu prop ed visits,3,2026-09-19,11,quantile,0.55,4.6627581168447353e-4
2026-08-29,wk inc flu prop ed visits,3,2026-09-19,11,quantile,0.6,5.035210735528237e-4
2026-08-29,wk inc flu prop ed visits,3,2026-09-19,11,quantile,0.65,5.429929881760015e-4
2026-08-29,wk inc flu prop ed visits,3,2026-09-19,11,quantile,0.7,5.946728454148231e-4
2026-08-29,wk inc flu prop ed visits,3,2026-09-19,11,quantile,0.75,6.469689718790749e-4
2026-08-29,wk inc flu prop ed visits,3,2026-09-19,11,quantile,0.8,6.963269909398428e-4
2026-08-29,wk inc flu prop ed visits,3,2026-09-19,11,quantile,0.85,7.625106197258054e-4
2026-08-29,wk inc flu prop ed visits,3,2026-09-19,11,quantile,0.9,8.805667301711128e-4
2026-08-29,wk inc flu prop ed visits,3,2026-09-19,11,quantile,0.95,0.0011097924213886558
2026-08-29,wk inc flu prop ed visits,3,2026-09-19,11,quantile,0.975,0.0014240774346760655
2026-08-29,wk inc flu prop ed visits,3,2026-09-19,11,quantile,0.99,0.0018443826509118944
2026-08-29,wk inc flu prop ed visits,-1,2026-08-22,10,quantile,0.01,3.776413685399228e-4
2026-08-29,wk inc flu prop ed visits,-1,2026-08-22,10,quantile,0.025,4.7578951554667003e-4
2026-08-29,wk inc flu prop ed visits,-1,2026-08-22,10,quantile,0.05,5.725000276882202e-4
2026-08-29,wk inc flu prop ed visits,-1,2026-08-22,10,quantile,0.1,6.575757962171779e-4
2026-08-29,wk inc flu prop ed visits,-1,2026-08-22,10,quantile,0.15,7.069167048627859e-4
2026-08-29,wk inc flu prop ed visits,-1,2026-08-22,10,quantile,0.2,7.363077263992567e-4
2026-08-29,wk inc flu prop ed visits,-1,2026-08-22,10,quantile,0.25,7.696041944126288e-4
2026-08-29,wk inc flu prop ed visits,-1,2026-08-22,10,quantile,0.3,7.99800035059452e-4
2026-08-29,wk inc flu prop ed visits,-1,2026-08-22,10,quantile,0.35,8.217187866393942e-4
2026-08-29,wk inc flu prop ed visits,-1,2026-08-22,10,quantile,0.4,8.41333369852281e-4
2026-08-29,wk inc flu prop ed visits,-1,2026-08-22,10,quantile,0.45,8.57000021636486e-4
2026-08-29,wk inc flu prop ed visits,-1,2026-08-22,10,quantile,0.5,8.978947724558772e-4
2026-08-29,wk inc flu prop ed visits,-1,2026-08-22,10,quantile,0.55,9.363333827505511e-4
2026-08-29,wk inc flu prop ed visits,-1,2026-08-22,10,quantile,0.6,9.480000342516338e-4
2026-08-29,wk inc flu prop ed visits,-1,2026-08-22,10,quantile,0.65,9.62656283780234e-4
2026-08-29,wk inc flu prop ed visits,-1,2026-08-22,10,quantile,0.7,9.803333683560294e-4
2026-08-29,wk inc flu prop ed visits,-1,2026-08-22,10,quantile,0.75,0.0010070625415071846
2026-08-29,wk inc flu prop ed visits,-1,2026-08-22,10,quantile,0.8,0.0010347692657548648
2026-08-29,wk inc flu prop ed visits,-1,2026-08-22,10,quantile,0.85,0.0010593333639246994
2026-08-29,wk inc flu prop ed visits,-1,2026-08-22,10,quantile,0.9,0.0011060606350162714
2026-08-29,wk inc flu prop ed visits,-1,2026-08-22,10,quantile,0.95,0.0011923000399116424
2026-08-29,wk inc flu prop ed visits,-1,2026-08-22,10,quantile,0.975,0.001300000022312528
2026-08-29,wk inc flu prop ed visits,-1,2026-08-22,10,quantile,0.99,0.0013967065212843214
2026-08-29,wk inc flu prop ed visits,0,2026-08-29,10,quantile,0.01,1.5175659353904462e-4
2026-08-29,wk inc flu prop ed visits,0,2026-08-29,10,quantile,0.025,2.515552643120323e-4
2026-08-29,wk inc flu prop ed visits,0,2026-08-29,10,quantile,0.05,3.3785628401334305e-4
2026-08-29,wk inc flu prop ed visits,0,2026-08-29,10,quantile,0.1,4.469270728516466e-4
2026-08-29,wk inc flu prop ed visits,0,2026-08-29,10,quantile,0.15,5.331527835409584e-4
2026-08-29,wk inc flu prop ed visits,0,2026-08-29,10,quantile,0.2,6.006744258732304e-4
2026-08-29,wk inc flu prop ed visits,0,2026-08-29,10,quantile,0.25,6.590329721803932e-4
2026-08-29,wk inc flu prop ed visits,0,2026-08-29,10,quantile,0.3,6.983690451652457e-4
2026-08-29,wk inc flu prop ed visits,0,2026-08-29,10,quantile,0.35,7.381684086388965e-4
2026-08-29,wk inc flu prop ed visits,0,2026-08-29,10,quantile,0.4,7.637250241650502e-4
2026-08-29,wk inc flu prop ed visits,0,2026-08-29,10,quantile,0.45,8.029836192810187e-4
2026-08-29,wk inc flu prop ed visits,0,2026-08-29,10,quantile,0.5,8.260648147169991e-4
2026-08-29,wk inc flu prop ed visits,0,2026-08-29,10,quantile,0.55,8.561193675718913e-4
2026-08-29,wk inc flu prop ed visits,0,2026-08-29,10,quantile,0.6,9.0517124300589e-4
2026-08-29,wk inc flu prop ed visits,0,2026-08-29,10,quantile,0.65,9.363078421574955e-4
2026-08-29,wk inc flu prop ed visits,0,2026-08-29,10,quantile,0.7,9.701900523499021e-4
2026-08-29,wk inc flu prop ed visits,0,2026-08-29,10,quantile,0.75,0.0010181791409505881
2026-08-29,wk inc flu prop ed visits,0,2026-08-29,10,quantile,0.8,0.0010743140516203333
2026-08-29,wk inc flu prop ed visits,0,2026-08-29,10,quantile,0.85,0.0011341562744206248
2026-08-29,wk inc flu prop ed visits,0,2026-08-29,10,quantile,0.9,0.001248499437081228
2026-08-29,wk inc flu prop ed visits,0,2026-08-29,10,quantile,0.95,0.001374853721022161
2026-08-29,wk inc flu prop ed visits,0,2026-08-29,10,quantile,0.975,0.0015730319803071674
2026-08-29,wk inc flu prop ed visits,0,2026-08-29,10,quantile,0.99,0.0018607258223848325
2026-08-29,wk inc flu prop ed visits,1,2026-09-05,10,quantile,0.01,9.671515450133917e-5
2026-08-29,wk inc flu prop ed visits,1,2026-09-05,10,quantile,0.025,2.2160343194033678e-4
2026-08-29,wk inc flu prop ed visits,1,2026-09-05,10,quantile,0.05,2.9285755144912014e-4
2026-08-29,wk inc flu prop ed visits,1,2026-09-05,10,quantile,0.1,4.06340150365821e-4
2026-08-29,wk inc flu prop ed visits,1,2026-09-05,10,quantile,0.15,4.799403649581093e-4
2026-08-29,wk inc flu prop ed visits,1,2026-09-05,10,quantile,0.2,5.432942505022943e-4
2026-08-29,wk inc flu prop ed visits,1,2026-09-05,10,quantile,0.25,6.001000144866565e-4
2026-08-29,wk inc flu prop ed visits,1,2026-09-05,10,quantile,0.3,6.45278143279366e-4
2026-08-29,wk inc flu prop ed visits,1,2026-09-05,10,quantile,0.35,6.960350625146611e-4
2026-08-29,wk inc flu prop ed visits,1,2026-09-05,10,quantile,0.4,7.480800177716306e-4
2026-08-29,wk inc flu prop ed visits,1,2026-09-05,10,quantile,0.45,7.9437515694837e-4
2026-08-29,wk inc flu prop ed visits,1,2026-09-05,10,quantile,0.5,8.380888322792072e-4
2026-08-29,wk inc flu prop ed visits,1,2026-09-05,10,quantile,0.55,8.756513294928162e-4
2026-08-29,wk inc flu prop ed visits,1,2026-09-05,10,quantile,0.6,9.28690331844908e-4
2026-08-29,wk inc flu prop ed visits,1,2026-09-05,10,quantile,0.65,9.667995268196575e-4
2026-08-29,wk inc flu prop ed visits,1,2026-09-05,10,quantile,0.7,0.00101433797699994
2026-08-29,wk inc flu prop ed visits,1,2026-09-05,10,quantile,0.75,0.0010964185267654017
2026-08-29,wk inc flu prop ed visits,1,2026-09-05,10,quantile,0.8,0.0011608235790556516
2026-08-29,wk inc flu prop ed visits,1,2026-09-05,10,quantile,0.85,0.0012389270130096336
2026-08-29,wk inc flu prop ed visits,1,2026-09-05,10,quantile,0.9,0.0013921229410209922
2026-08-29,wk inc flu prop ed visits,1,2026-09-05,10,quantile,0.95,0.0016502202997252075
2026-08-29,wk inc flu prop ed visits,1,2026-09-05,10,quantile,0.975,0.002006386912500655
2026-08-29,wk inc flu prop ed visits,1,2026-09-05,10,quantile,0.99,0.002376673567075946
2026-08-29,wk inc flu prop ed visits,2,2026-09-12,10,quantile,0.01,5.4104038887411624e-5
2026-08-29,wk inc flu prop ed visits,2,2026-09-12,10,quantile,0.025,1.5847859235715162e-4
2026-08-29,wk inc flu prop ed visits,2,2026-09-12,10,quantile,0.05,2.554052493299402e-4
2026-08-29,wk inc flu prop ed visits,2,2026-09-12,10,quantile,0.1,3.7113745199981644e-4
2026-08-29,wk inc flu prop ed visits,2,2026-09-12,10,quantile,0.15,4.6662064809520023e-4
2026-08-29,wk inc flu prop ed visits,2,2026-09-12,10,quantile,0.2,5.32430421035154e-4
2026-08-29,wk inc flu prop ed visits,2,2026-09-12,10,quantile,0.25,5.978970536745617e-4
2026-08-29,wk inc flu prop ed visits,2,2026-09-12,10,quantile,0.3,6.623299149552315e-4
2026-08-29,wk inc flu prop ed visits,2,2026-09-12,10,quantile,0.35,7.036077836967361e-4
2026-08-29,wk inc flu prop ed visits,2,2026-09-12,10,quantile,0.4,7.550126025244245e-4
2026-08-29,wk inc flu prop ed visits,2,2026-09-12,10,quantile,0.45,7.954610919318115e-4
2026-08-29,wk inc flu prop ed visits,2,2026-09-12,10,quantile,0.5,8.466909004505626e-4
2026-08-29,wk inc flu prop ed visits,2,2026-09-12,10,quantile,0.55,8.986913124421621e-4
2026-08-29,wk inc flu prop ed visits,2,2026-09-12,10,quantile,0.6,9.480495259798852e-4
2026-08-29,wk inc flu prop ed visits,2,2026-09-12,10,quantile,0.65,0.0010060136215283332
2026-08-29,wk inc flu prop ed visits,2,2026-09-12,10,quantile,0.7,0.0010764039900908874
2026-08-29,wk inc flu prop ed visits,2,2026-09-12,10,quantile,0.75,0.0011610865186795411
2026-08-29,wk inc flu prop ed visits,2,2026-09-12,10,quantile,0.8,0.0012399420395438972
2026-08-29,wk inc flu prop ed visits,2,2026-09-12,10,quantile,0.85,0.001342439662375066
2026-08-29,wk inc flu prop ed visits,2,2026-09-12,10,quantile,0.9,0.0015040274039246093
2026-08-29,wk inc flu prop ed visits,2,2026-09-12,10,quantile,0.95,0.0018876319586908826
2026-08-29,wk inc flu prop ed visits,2,2026-09-12,10,quantile,0.975,0.002397191412226162
2026-08-29,wk inc flu prop ed visits,2,2026-09-12,10,quantile,0.99,0.0033931950169639492
2026-08-29,wk inc flu prop ed visits,3,2026-09-19,10,quantile,0.01,2.3064664153386728e-5
2026-08-29,wk inc flu prop ed visits,3,2026-09-19,10,quantile,0.025,1.0633814604495136e-4
2026-08-29,wk inc flu prop ed visits,3,2026-09-19,10,quantile,0.05,2.009508649384048e-4
2026-08-29,wk inc flu prop ed visits,3,2026-09-19,10,quantile,0.1,3.341175081765593e-4
2026-08-29,wk inc flu prop ed visits,3,2026-09-19,10,quantile,0.15,4.3383569528326454e-4
2026-08-29,wk inc flu prop ed visits,3,2026-09-19,10,quantile,0.2,5.128793235551704e-4
2026-08-29,wk inc flu prop ed visits,3,2026-09-19,10,quantile,0.25,5.916382071315305e-4
2026-08-29,wk inc flu prop ed visits,3,2026-09-19,10,quantile,0.3,6.539528770793557e-4
2026-08-29,wk inc flu prop ed visits,3,2026-09-19,10,quantile,0.35,7.149278604762598e-4
2026-08-29,wk inc flu prop ed visits,3,2026-09-19,10,quantile,0.4,7.738219755143451e-4
2026-08-29,wk inc flu prop ed visits,3,2026-09-19,10,quantile,0.45,8.397418519018596e-4
2026-08-29,wk inc flu prop ed visits,3,2026-09-19,10,quantile,0.5,9.002714217486501e-4
2026-08-29,wk inc flu prop ed visits,3,2026-09-19,10,quantile,0.55,9.703693910673469e-4
2026-08-29,wk inc flu prop ed visits,3,2026-09-19,10,quantile,0.6,0.001047823070944413
2026-08-29,wk inc flu prop ed visits,3,2026-09-19,10,quantile,0.65,0.0011208070925873156
2026-08-29,wk inc flu prop ed visits,3,2026-09-19,10,quantile,0.7,0.0011890756689213657
2026-08-29,wk inc flu prop ed visits,3,2026-09-19,10,quantile,0.75,0.001291412688973944
2026-08-29,wk inc flu prop ed visits,3,2026-09-19,10,quantile,0.8,0.0014234831418196685
2026-08-29,wk inc flu prop ed visits,3,2026-09-19,10,quantile,0.85,0.0015883364527731767
2026-08-29,wk inc flu prop ed visits,3,2026-09-19,10,quantile,0.9,0.0017950353519605353
2026-08-29,wk inc flu prop ed visits,3,2026-09-19,10,quantile,0.95,0.002422871105244627
2026-08-29,wk inc flu prop ed visits,3,2026-09-19,10,quantile,0.975,0.0032609174520634816
2026-08-29,wk inc flu prop ed visits,3,2026-09-19,10,quantile,0.99,0.004640592736485684
2026-08-29,wk inc flu prop ed visits,-1,2026-08-22,12,quantile,0.01,0.002084054287911757
2026-08-29,wk inc flu prop ed visits,-1,2026-08-22,12,quantile,0.025,0.002181842022624455
2026-08-29,wk inc flu prop ed visits,-1,2026-08-22,12,quantile,0.05,0.002281299904352054
2026-08-29,wk inc flu prop ed visits,-1,2026-08-22,12,quantile,0.1,0.002370605973978386
2026-08-29,wk inc flu prop ed visits,-1,2026-08-22,12,quantile,0.15,0.0024229165801735943
2026-08-29,wk inc flu prop ed visits,-1,2026-08-22,12,quantile,0.2,0.0024559999059599177
2026-08-29,wk inc flu prop ed visits,-1,2026-08-22,12,quantile,0.25,0.0024854373976588248
2026-08-29,wk inc flu prop ed visits,-1,2026-08-22,12,quantile,0.3,0.0025136665752281745
2026-08-29,wk inc flu prop ed visits,-1,2026-08-22,12,quantile,0.35,0.0025354686575883535
2026-08-29,wk inc flu prop ed visits,-1,2026-08-22,12,quantile,0.4,0.0025543528472675996
2026-08-29,wk inc flu prop ed visits,-1,2026-08-22,12,quantile,0.45,0.002565944336623781
2026-08-29,wk inc flu prop ed visits,-1,2026-08-22,12,quantile,0.5,0.0026047367469260534
2026-08-29,wk inc flu prop ed visits,-1,2026-08-22,12,quantile,0.55,0.002647999920509756
2026-08-29,wk inc flu prop ed visits,-1,2026-08-22,12,quantile,0.6,0.002665725395258735
2026-08-29,wk inc flu prop ed visits,-1,2026-08-22,12,quantile,0.65,0.00269765615547658
2026-08-29,wk inc flu prop ed visits,-1,2026-08-22,12,quantile,0.7,0.002742599901085098
2026-08-29,wk inc flu prop ed visits,-1,2026-08-22,12,quantile,0.75,0.0027920624122023574
2026-08-29,wk inc flu prop ed visits,-1,2026-08-22,12,quantile,0.8,0.0028455383707124454
2026-08-29,wk inc flu prop ed visits,-1,2026-08-22,12,quantile,0.85,0.0028943332465408023
2026-08-29,wk inc flu prop ed visits,-1,2026-08-22,12,quantile,0.9,0.003045454441202861
2026-08-29,wk inc flu prop ed visits,-1,2026-08-22,12,quantile,0.95,0.0032079999093059443
2026-08-29,wk inc flu prop ed visits,-1,2026-08-22,12,quantile,0.975,0.003351052530698086
2026-08-29,wk inc flu prop ed visits,-1,2026-08-22,12,quantile,0.99,0.003468662920302671
2026-08-29,wk inc flu prop ed visits,0,2026-08-29,12,quantile,0.01,0.001577735209268415
2026-08-29,wk inc flu prop ed visits,0,2026-08-29,12,quantile,0.025,0.0017045020414286649
2026-08-29,wk inc flu prop ed visits,0,2026-08-29,12,quantile,0.05,0.0018519964609918357
2026-08-29,wk inc flu prop ed visits,0,2026-08-29,12,quantile,0.1,0.0020983464185328924
2026-08-29,wk inc flu prop ed visits,0,2026-08-29,12,quantile,0.15,0.0022609331651067114
2026-08-29,wk inc flu prop ed visits,0,2026-08-29,12,quantile,0.2,0.0023119703314919975
2026-08-29,wk inc flu prop ed visits,0,2026-08-29,12,quantile,0.25,0.0023733422667843746
2026-08-29,wk inc flu prop ed visits,0,2026-08-29,12,quantile,0.3,0.002432564439939942
2026-08-29,wk inc flu prop ed visits,0,2026-08-29,12,quantile,0.35,0.0024823360274912123
2026-08-29,wk inc flu prop ed visits,0,2026-08-29,12,quantile,0.4,0.0025462223453565597
2026-08-29,wk inc flu prop ed visits,0,2026-08-29,12,quantile,0.45,0.002591960816614018
2026-08-29,wk inc flu prop ed visits,0,2026-08-29,12,quantile,0.5,0.002661188828480295
2026-08-29,wk inc flu prop ed visits,0,2026-08-29,12,quantile,0.55,0.002713231473961745
2026-08-29,wk inc flu prop ed visits,0,2026-08-29,12,quantile,0.6,0.0027692122139263025
2026-08-29,wk inc flu prop ed visits,0,2026-08-29,12,quantile,0.65,0.002838940670042595
2026-08-29,wk inc flu prop ed visits,0,2026-08-29,12,quantile,0.7,0.0028928935567703613
2026-08-29,wk inc flu prop ed visits,0,2026-08-29,12,quantile,0.75,0.002938108217559321
2026-08-29,wk inc flu prop ed visits,0,2026-08-29,12,quantile,0.8,0.0030242387413044903
2026-08-29,wk inc flu prop ed visits,0,2026-08-29,12,quantile,0.85,0.0031822102914089447
2026-08-29,wk inc flu prop ed visits,0,2026-08-29,12,quantile,0.9,0.0033982401312358775
2026-08-29,wk inc flu prop ed visits,0,2026-08-29,12,quantile,0.95,0.003859456121915814
2026-08-29,wk inc flu prop ed visits,0,2026-08-29,12,quantile,0.975,0.004141152693316869
2026-08-29,wk inc flu prop ed visits,0,2026-08-29,12,quantile,0.99,0.004547790643930817
2026-08-29,wk inc flu prop ed visits,1,2026-09-05,12,quantile,0.01,0.001443536327284648
2026-08-29,wk inc flu prop ed visits,1,2026-09-05,12,quantile,0.025,0.0016548283382666223
2026-08-29,wk inc flu prop ed visits,1,2026-09-05,12,quantile,0.05,0.0018616460098925874
2026-08-29,wk inc flu prop ed visits,1,2026-09-05,12,quantile,0.1,0.0021117662749357076
2026-08-29,wk inc flu prop ed visits,1,2026-09-05,12,quantile,0.15,0.0022703677846824875
2026-08-29,wk inc flu prop ed visits,1,2026-09-05,12,quantile,0.2,0.002357318652700188
2026-08-29,wk inc flu prop ed visits,1,2026-09-05,12,quantile,0.25,0.002431708531476765
2026-08-29,wk inc flu prop ed visits,1,2026-09-05,12,quantile,0.3,0.002488873245364636
2026-08-29,wk inc flu prop ed visits,1,2026-09-05,12,quantile,0.35,0.002557231617878469
2026-08-29,wk inc flu prop ed visits,1,2026-09-05,12,quantile,0.4,0.0026108557031645236
2026-08-29,wk inc flu prop ed visits,1,2026-09-05,12,quantile,0.45,0.0026566682016124494
2026-08-29,wk inc flu prop ed visits,1,2026-09-05,12,quantile,0.5,0.0027259814571566543
2026-08-29,wk inc flu prop ed visits,1,2026-09-05,12,quantile,0.55,0.0027884047658635258
2026-08-29,wk inc flu prop ed visits,1,2026-09-05,12,quantile,0.6,0.0028438294578918243
2026-08-29,wk inc flu prop ed visits,1,2026-09-05,12,quantile,0.65,0.0028928570788894175
2026-08-29,wk inc flu prop ed visits,1,2026-09-05,12,quantile,0.7,0.0029836627865532416
2026-08-29,wk inc flu prop ed visits,1,2026-09-05,12,quantile,0.75,0.0030825644993838263
2026-08-29,wk inc flu prop ed visits,1,2026-09-05,12,quantile,0.8,0.0032026012384240065
2026-08-29,wk inc flu prop ed visits,1,2026-09-05,12,quantile,0.85,0.00332484795119061
2026-08-29,wk inc flu prop ed visits,1,2026-09-05,12,quantile,0.9,0.0034582693635135642
2026-08-29,wk inc flu prop ed visits,1,2026-09-05,12,quantile,0.95,0.003858997219640025
2026-08-29,wk inc flu prop ed visits,1,2026-09-05,12,quantile,0.975,0.004196424813964218
2026-08-29,wk inc flu prop ed visits,1,2026-09-05,12,quantile,0.99,0.004842067007595157
2026-08-29,wk inc flu prop ed visits,2,2026-09-12,12,quantile,0.01,0.001420949049590525
2026-08-29,wk inc flu prop ed visits,2,2026-09-12,12,quantile,0.025,0.0017454523752714888
2026-08-29,wk inc flu prop ed visits,2,2026-09-12,12,quantile,0.05,0.001994999107150271
2026-08-29,wk inc flu prop ed visits,2,2026-09-12,12,quantile,0.1,0.0022330142181451553
2026-08-29,wk inc flu prop ed visits,2,2026-09-12,12,quantile,0.15,0.0023456267308769067
2026-08-29,wk inc flu prop ed visits,2,2026-09-12,12,quantile,0.2,0.0024258818504018166
2026-08-29,wk inc flu prop ed visits,2,2026-09-12,12,quantile,0.25,0.0024900128882779813
2026-08-29,wk inc flu prop ed visits,2,2026-09-12,12,quantile,0.3,0.0025246892363606534
2026-08-29,wk inc flu prop ed visits,2,2026-09-12,12,quantile,0.35,0.0025991099227787307
2026-08-29,wk inc flu prop ed visits,2,2026-09-12,12,quantile,0.4,0.0026607503821151233
2026-08-29,wk inc flu prop ed visits,2,2026-09-12,12,quantile,0.45,0.00271081014402543
2026-08-29,wk inc flu prop ed visits,2,2026-09-12,12,quantile,0.5,0.0027827569765113765
2026-08-29,wk inc flu prop ed visits,2,2026-09-12,12,quantile,0.55,0.0028184230668796416
2026-08-29,wk inc flu prop ed visits,2,2026-09-12,12,quantile,0.6,0.0028941340779049195
2026-08-29,wk inc flu prop ed visits,2,2026-09-12,12,quantile,0.65,0.00299730521340052
2026-08-29,wk inc flu prop ed visits,2,2026-09-12,12,quantile,0.7,0.0030695965810455155
2026-08-29,wk inc flu prop ed visits,2,2026-09-12,12,quantile,0.75,0.0031613126599454905
2026-08-29,wk inc flu prop ed visits,2,2026-09-12,12,quantile,0.8,0.0033210703073647263
2026-08-29,wk inc flu prop ed visits,2,2026-09-12,12,quantile,0.85,0.003442794301820653
2026-08-29,wk inc flu prop ed visits,2,2026-09-12,12,quantile,0.9,0.0036153834977884114
2026-08-29,wk inc flu prop ed visits,2,2026-09-12,12,quantile,0.95,0.00399021423681232
2026-08-29,wk inc flu prop ed visits,2,2026-09-12,12,quantile,0.975,0.004334762716517781
2026-08-29,wk inc flu prop ed visits,2,2026-09-12,12,quantile,0.99,0.005119595816732963
2026-08-29,wk inc flu prop ed visits,3,2026-09-19,12,quantile,0.01,0.0014850353156115243
2026-08-29,wk inc flu prop ed visits,3,2026-09-19,12,quantile,0.025,0.0018199975598104977
2026-08-29,wk inc flu prop ed visits,3,2026-09-19,12,quantile,0.05,0.0020332552470999844
2026-08-29,wk inc flu prop ed visits,3,2026-09-19,12,quantile,0.1,0.0022665373023180928
2026-08-29,wk inc flu prop ed visits,3,2026-09-19,12,quantile,0.15,0.0024141519903010653
2026-08-29,wk inc flu prop ed visits,3,2026-09-19,12,quantile,0.2,0.002489061986034723
2026-08-29,wk inc flu prop ed visits,3,2026-09-19,12,quantile,0.25,0.002555974339315448
2026-08-29,wk inc flu prop ed visits,3,2026-09-19,12,quantile,0.3,0.002628154738036399
2026-08-29,wk inc flu prop ed visits,3,2026-09-19,12,quantile,0.35,0.002705584379603263
2026-08-29,wk inc flu prop ed visits,3,2026-09-19,12,quantile,0.4,0.0027594589216280298
2026-08-29,wk inc flu prop ed visits,3,2026-09-19,12,quantile,0.45,0.0028353035328595494
2026-08-29,wk inc flu prop ed visits,3,2026-09-19,12,quantile,0.5,0.0028876824448432225
2026-08-29,wk inc flu prop ed visits,3,2026-09-19,12,quantile,0.55,0.0029581740756004704
2026-08-29,wk inc flu prop ed visits,3,2026-09-19,12,quantile,0.6,0.003051476990972734
2026-08-29,wk inc flu prop ed visits,3,2026-09-19,12,quantile,0.65,0.0031292953395910565
2026-08-29,wk inc flu prop ed visits,3,2026-09-19,12,quantile,0.7,0.003196150964482971
2026-08-29,wk inc flu prop ed visits,3,2026-09-19,12,quantile,0.75,0.0032865432540068965
2026-08-29,wk inc flu prop ed visits,3,2026-09-19,12,quantile,0.8,0.0033422463551079067
2026-08-29,wk inc flu prop ed visits,3,2026-09-19,12,quantile,0.85,0.003472450560064514
2026-08-29,wk inc flu prop ed visits,3,2026-09-19,12,quantile,0.9,0.0037107101282779415
2026-08-29,wk inc flu prop ed visits,3,2026-09-19,12,quantile,0.95,0.004117262278339388
2026-08-29,wk inc flu prop ed visits,3,2026-09-19,12,quantile,0.975,0.00498493529073707
2026-08-29,wk inc flu prop ed visits,3,2026-09-19,12,quantile,0.99,0.006414707779451213
2026-08-29,wk inc flu prop ed visits,-1,2026-08-22,13,quantile,0.01,4.904674355426559e-4
2026-08-29,wk inc flu prop ed visits,-1,2026-08-22,13,quantile,0.025,5.878947586997558e-4
2026-08-29,wk inc flu prop ed visits,-1,2026-08-22,13,quantile,0.05,6.868000081460923e-4
2026-08-29,wk inc flu prop ed visits,-1,2026-08-22,13,quantile,0.1,7.712121396466639e-4
2026-08-29,wk inc flu prop ed visits,-1,2026-08-22,13,quantile,0.15,8.21916685062868e-4
2026-08-29,wk inc flu prop ed visits,-1,2026-08-22,13,quantile,0.2,8.498461676904788e-4
2026-08-29,wk inc flu prop ed visits,-1,2026-08-22,13,quantile,0.25,8.804375071078539e-4
2026-08-29,wk inc flu prop ed visits,-1,2026-08-22,13,quantile,0.3,9.078000143915414e-4
2026-08-29,wk inc flu prop ed visits,-1,2026-08-22,13,quantile,0.35,9.298437667021062e-4
2026-08-29,wk inc flu prop ed visits,-1,2026-08-22,13,quantile,0.4,9.472941337262883e-4
2026-08-29,wk inc flu prop ed visits,-1,2026-08-22,13,quantile,0.45,9.603333343441286e-4
2026-08-29,wk inc flu prop ed visits,-1,2026-08-22,13,quantile,0.5,0.0010005263305808334
2026-08-29,wk inc flu prop ed visits,-1,2026-08-22,13,quantile,0.55,0.0010421666949366531
2026-08-29,wk inc flu prop ed visits,-1,2026-08-22,13,quantile,0.6,0.0010568627584214305
2026-08-29,wk inc flu prop ed visits,-1,2026-08-22,13,quantile,0.65,0.0010776562626997476
2026-08-29,wk inc flu prop ed visits,-1,2026-08-22,13,quantile,0.7,0.001104200015887618
2026-08-29,wk inc flu prop ed visits,-1,2026-08-22,13,quantile,0.75,0.0011353958558291196
2026-08-29,wk inc flu prop ed visits,-1,2026-08-22,13,quantile,0.8,0.00117169232282501
2026-08-29,wk inc flu prop ed visits,-1,2026-08-22,13,quantile,0.85,0.0012043333448512133
2026-08-29,wk inc flu prop ed visits,-1,2026-08-22,13,quantile,0.9,0.0012742424316591382
2026-08-29,wk inc flu prop ed visits,-1,2026-08-22,13,quantile,0.95,0.0013726000203285362
2026-08-29,wk inc flu prop ed visits,-1,2026-08-22,13,quantile,0.975,0.0014847368484264922
2026-08-29,wk inc flu prop ed visits,-1,2026-08-22,13,quantile,0.99,0.0015864891142786846
2026-08-29,wk inc flu prop ed visits,0,2026-08-29,13,quantile,0.01,3.56104926179687e-4
2026-08-29,wk inc flu prop ed visits,0,2026-08-29,13,quantile,0.025,4.4118852744616597e-4
2026-08-29,wk inc flu prop ed visits,0,2026-08-29,13,quantile,0.05,5.266769219611443e-4
2026-08-29,wk inc flu prop ed visits,0,2026-08-29,13,quantile,0.1,6.491479972992572e-4
2026-08-29,wk inc flu prop ed visits,0,2026-08-29,13,quantile,0.15,7.327293596733645e-4
2026-08-29,wk inc flu prop ed visits,0,2026-08-29,13,quantile,0.2,7.785089354800536e-4
2026-08-29,wk inc flu prop ed visits,0,2026-08-29,13,quantile,0.25,8.237827423867683e-4
2026-08-29,wk inc flu prop ed visits,0,2026-08-29,13,quantile,0.3,8.603392823427514e-4
2026-08-29,wk inc flu prop ed visits,0,2026-08-29,13,quantile,0.35,8.948245333391172e-4
2026-08-29,wk inc flu prop ed visits,0,2026-08-29,13,quantile,0.4,9.263319442769524e-4
2026-08-29,wk inc flu prop ed visits,0,2026-08-29,13,quantile,0.45,9.59383627207126e-4
2026-08-29,wk inc flu prop ed visits,0,2026-08-29,13,quantile,0.5,9.942622766276885e-4
2026-08-29,wk inc flu prop ed visits,0,2026-08-29,13,quantile,0.55,0.0010233998469448096
2026-08-29,wk inc flu prop ed visits,0,2026-08-29,13,quantile,0.6,0.0010616557428021246
2026-08-29,wk inc flu prop ed visits,0,2026-08-29,13,quantile,0.65,0.0011019579288876096
2026-08-29,wk inc flu prop ed visits,0,2026-08-29,13,quantile,0.7,0.0011335306025014827
2026-08-29,wk inc flu prop ed visits,0,2026-08-29,13,quantile,0.75,0.0011716851419841343
2026-08-29,wk inc flu prop ed visits,0,2026-08-29,13,quantile,0.8,0.001223612729043586
2026-08-29,wk inc flu prop ed visits,0,2026-08-29,13,quantile,0.85,0.001303316229261222
2026-08-29,wk inc flu prop ed visits,0,2026-08-29,13,quantile,0.9,0.0014187607881103112
2026-08-29,wk inc flu prop ed visits,0,2026-08-29,13,quantile,0.95,0.001634839684126827
2026-08-29,wk inc flu prop ed visits,0,2026-08-29,13,quantile,0.975,0.0018214733002862404
2026-08-29,wk inc flu prop ed visits,0,2026-08-29,13,quantile,0.99,0.0021116049487523167
2026-08-29,wk inc flu prop ed visits,1,2026-09-05,13,quantile,0.01,3.038210540305898e-4
2026-08-29,wk inc flu prop ed visits,1,2026-09-05,13,quantile,0.025,4.192064063310349e-4
2026-08-29,wk inc flu prop ed visits,1,2026-09-05,13,quantile,0.05,5.014004758272523e-4
2026-08-29,wk inc flu prop ed visits,1,2026-09-05,13,quantile,0.1,6.25721090952923e-4
2026-08-29,wk inc flu prop ed visits,1,2026-09-05,13,quantile,0.15,7.099034593444349e-4
2026-08-29,wk inc flu prop ed visits,1,2026-09-05,13,quantile,0.2,7.664341540170137e-4
2026-08-29,wk inc flu prop ed visits,1,2026-09-05,13,quantile,0.25,8.148901093408376e-4
2026-08-29,wk inc flu prop ed visits,1,2026-09-05,13,quantile,0.3,8.528274988148251e-4
2026-08-29,wk inc flu prop ed visits,1,2026-09-05,13,quantile,0.35,8.98008917485489e-4
2026-08-29,wk inc flu prop ed visits,1,2026-09-05,13,quantile,0.4,9.419417049761221e-4
2026-08-29,wk inc flu prop ed visits,1,2026-09-05,13,quantile,0.45,9.787487525651495e-4
2026-08-29,wk inc flu prop ed visits,1,2026-09-05,13,quantile,0.5,0.0010221518893956348
2026-08-29,wk inc flu prop ed visits,1,2026-09-05,13,quantile,0.55,0.001057769221439034
2026-08-29,wk inc flu prop ed visits,1,2026-09-05,13,quantile,0.6,0.001099786570800683
2026-08-29,wk inc flu prop ed visits,1,2026-09-05,13,quantile,0.65,0.0011333081172986575
2026-08-29,wk inc flu prop ed visits,1,2026-09-05,13,quantile,0.7,0.001183212789893072
2026-08-29,wk inc flu prop ed visits,1,2026-09-05,13,quantile,0.75,0.0012502152438690697
2026-08-29,wk inc flu prop ed visits,1,2026-09-05,13,quantile,0.8,0.001315770767820225
2026-08-29,wk inc flu prop ed visits,1,2026-09-05,13,quantile,0.85,0.0013882597111949536
2026-08-29,wk inc flu prop ed visits,1,2026-09-05,13,quantile,0.9,0.0014971190985737085
2026-08-29,wk inc flu prop ed visits,1,2026-09-05,13,quantile,0.95,0.0017357906421421362
2026-08-29,wk inc flu prop ed visits,1,2026-09-05,13,quantile,0.975,0.001987370911110385
2026-08-29,wk inc flu prop ed visits,1,2026-09-05,13,quantile,0.99,0.0024014866312021257
2026-08-29,wk inc flu prop ed visits,2,2026-09-12,13,quantile,0.01,2.647093972616862e-4
2026-08-29,wk inc flu prop ed visits,2,2026-09-12,13,quantile,0.025,3.935784628993718e-4
2026-08-29,wk inc flu prop ed visits,2,2026-09-12,13,quantile,0.05,5.089854401964897e-4
2026-08-29,wk inc flu prop ed visits,2,2026-09-12,13,quantile,0.1,6.37814463455736e-4
2026-08-29,wk inc flu prop ed visits,2,2026-09-12,13,quantile,0.15,7.19222666958476e-4
2026-08-29,wk inc flu prop ed visits,2,2026-09-12,13,quantile,0.2,7.787823854949644e-4
2026-08-29,wk inc flu prop ed visits,2,2026-09-12,13,quantile,0.25,8.304255715354193e-4
2026-08-29,wk inc flu prop ed visits,2,2026-09-12,13,quantile,0.3,8.716752573178924e-4
2026-08-29,wk inc flu prop ed visits,2,2026-09-12,13,quantile,0.35,9.140875585710583e-4
2026-08-29,wk inc flu prop ed visits,2,2026-09-12,13,quantile,0.4,9.564576211225277e-4
2026-08-29,wk inc flu prop ed visits,2,2026-09-12,13,quantile,0.45,9.933328351863857e-4
2026-08-29,wk inc flu prop ed visits,2,2026-09-12,13,quantile,0.5,0.0010419199897185618
2026-08-29,wk inc flu prop ed visits,2,2026-09-12,13,quantile,0.55,0.0010772380118533836
2026-08-29,wk inc flu prop ed visits,2,2026-09-12,13,quantile,0.6,0.0011261487138918473
2026-08-29,wk inc flu prop ed visits,2,2026-09-12,13,quantile,0.65,0.0011830693584209354
2026-08-29,wk inc flu prop ed visits,2,2026-09-12,13,quantile,0.7,0.0012364598101998337
2026-08-29,wk inc flu prop ed visits,2,2026-09-12,13,quantile,0.75,0.0013032075117991198
2026-08-29,wk inc flu prop ed visits,2,2026-09-12,13,quantile,0.8,0.0013889812235492222
2026-08-29,wk inc flu prop ed visits,2,2026-09-12,13,quantile,0.85,0.001475044944442158
2026-08-29,wk inc flu prop ed visits,2,2026-09-12,13,quantile,0.9,0.0015996884243472933
2026-08-29,wk inc flu prop ed visits,2,2026-09-12,13,quantile,0.95,0.0018851021861743898
2026-08-29,wk inc flu prop ed visits,2,2026-09-12,13,quantile,0.975,0.0021914284029384183
2026-08-29,wk inc flu prop ed visits,2,2026-09-12,13,quantile,0.99,0.0028506264059265777
2026-08-29,wk inc flu prop ed visits,3,2026-09-19,13,quantile,0.01,2.2908661824134574e-4
2026-08-29,wk inc flu prop ed visits,3,2026-09-19,13,quantile,0.025,3.751589835736017e-4
2026-08-29,wk inc flu prop ed visits,3,2026-09-19,13,quantile,0.05,4.909252089681466e-4
2026-08-29,wk inc flu prop ed visits,3,2026-09-19,13,quantile,0.1,6.285083005168049e-4
2026-08-29,wk inc flu prop ed visits,3,2026-09-19,13,quantile,0.15,7.256815148459468e-4
2026-08-29,wk inc flu prop ed visits,3,2026-09-19,13,quantile,0.2,7.883945917915001e-4
2026-08-29,wk inc flu prop ed visits,3,2026-09-19,13,quantile,0.25,8.4789561795989e-4
2026-08-29,wk inc flu prop ed visits,3,2026-09-19,13,quantile,0.3,8.996817417273709e-4
2026-08-29,wk inc flu prop ed visits,3,2026-09-19,13,quantile,0.35,9.504454567615623e-4
2026-08-29,wk inc flu prop ed visits,3,2026-09-19,13,quantile,0.4,9.95286446189958e-4
2026-08-29,wk inc flu prop ed visits,3,2026-09-19,13,quantile,0.45,0.0010514072718786874
2026-08-29,wk inc flu prop ed visits,3,2026-09-19,13,quantile,0.5,0.001094591593174714
2026-08-29,wk inc flu prop ed visits,3,2026-09-19,13,quantile,0.55,0.001148372048255537
2026-08-29,wk inc flu prop ed visits,3,2026-09-19,13,quantile,0.6,0.0012169670297399817
2026-08-29,wk inc flu prop ed visits,3,2026-09-19,13,quantile,0.65,0.0012766090039762331
2026-08-29,wk inc flu prop ed visits,3,2026-09-19,13,quantile,0.7,0.0013282273344989563
2026-08-29,wk inc flu prop ed visits,3,2026-09-19,13,quantile,0.75,0.0013994715052990864
2026-08-29,wk inc flu prop ed visits,3,2026-09-19,13,quantile,0.8,0.0014668684608066327
2026-08-29,wk inc flu prop ed visits,3,2026-09-19,13,quantile,0.85,0.0015752003443027323
2026-08-29,wk inc flu prop ed visits,3,2026-09-19,13,quantile,0.9,0.0017408596930399889
2026-08-29,wk inc flu prop ed visits,3,2026-09-19,13,quantile,0.95,0.0021055081179899558
2026-08-29,wk inc flu prop ed visits,3,2026-09-19,13,quantile,0.975,0.002737469871209161
2026-08-29,wk inc flu prop ed visits,3,2026-09-19,13,quantile,0.99,0.003798614542765854
2026-08-29,wk inc flu prop ed visits,-1,2026-08-22,15,quantile,0.01,0.004736554576067821
2026-08-29,wk inc flu prop ed visits,-1,2026-08-22,15,quantile,0.025,0.004842631785689215
2026-08-29,wk inc flu prop ed visits,-1,2026-08-22,15,quantile,0.05,0.004954800195610151
2026-08-29,wk inc flu prop ed visits,-1,2026-08-22,15,quantile,0.1,0.0050818183922745055
2026-08-29,wk inc flu prop ed visits,-1,2026-08-22,15,quantile,0.15,0.005174666875410302
2026-08-29,wk inc flu prop ed visits,-1,2026-08-22,15,quantile,0.2,0.005219077128343857
2026-08-29,wk inc flu prop ed visits,-1,2026-08-22,15,quantile,0.25,0.005255437698960304
2026-08-29,wk inc flu prop ed visits,-1,2026-08-22,15,quantile,0.3,0.0052934002080311385
2026-08-29,wk inc flu prop ed visits,-1,2026-08-22,15,quantile,0.35,0.005318593961274019
2026-08-29,wk inc flu prop ed visits,-1,2026-08-22,15,quantile,0.4,0.005342588448524476
2026-08-29,wk inc flu prop ed visits,-1,2026-08-22,15,quantile,0.45,0.0053594446446539636
2026-08-29,wk inc flu prop ed visits,-1,2026-08-22,15,quantile,0.5,0.005402105475726877
2026-08-29,wk inc flu prop ed visits,-1,2026-08-22,15,quantile,0.55,0.005447222449775372
2026-08-29,wk inc flu prop ed visits,-1,2026-08-22,15,quantile,0.6,0.005474353151695401
2026-08-29,wk inc flu prop ed visits,-1,2026-08-22,15,quantile,0.65,0.0055226564620679715
2026-08-29,wk inc flu prop ed visits,-1,2026-08-22,15,quantile,0.7,0.0055712668741991125
2026-08-29,wk inc flu prop ed visits,-1,2026-08-22,15,quantile,0.75,0.005642896046737829
2026-08-29,wk inc flu prop ed visits,-1,2026-08-22,15,quantile,0.8,0.005720000210461709
2026-08-29,wk inc flu prop ed visits,-1,2026-08-22,15,quantile,0.85,0.005807583554279582
2026-08-29,wk inc flu prop ed visits,-1,2026-08-22,15,quantile,0.9,0.005925151729730495
2026-08-29,wk inc flu prop ed visits,-1,2026-08-22,15,quantile,0.95,0.006119100231314078
2026-08-29,wk inc flu prop ed visits,-1,2026-08-22,15,quantile,0.975,0.006266052839199177
2026-08-29,wk inc flu prop ed visits,-1,2026-08-22,15,quantile,0.99,0.0063905110548047915
2026-08-29,wk inc flu prop ed visits,0,2026-08-29,15,quantile,0.01,0.003322032814207632
2026-08-29,wk inc flu prop ed visits,0,2026-08-29,15,quantile,0.025,0.0034296275389727004
2026-08-29,wk inc flu prop ed visits,0,2026-08-29,15,quantile,0.05,0.0036234363505472755
2026-08-29,wk inc flu prop ed visits,0,2026-08-29,15,quantile,0.1,0.0040660107231800845
2026-08-29,wk inc flu prop ed visits,0,2026-08-29,15,quantile,0.15,0.004367481492674191
2026-08-29,wk inc flu prop ed visits,0,2026-08-29,15,quantile,0.2,0.00440357626565991
2026-08-29,wk inc flu prop ed visits,0,2026-08-29,15,quantile,0.25,0.004462271061081087
2026-08-29,wk inc flu prop ed visits,0,2026-08-29,15,quantile,0.3,0.0045574168393245264
2026-08-29,wk inc flu prop ed visits,0,2026-08-29,15,quantile,0.35,0.0046305116682005135
2026-08-29,wk inc flu prop ed visits,0,2026-08-29,15,quantile,0.4,0.004717014564088606
2026-08-29,wk inc flu prop ed visits,0,2026-08-29,15,quantile,0.45,0.0047918014636670085
2026-08-29,wk inc flu prop ed visits,0,2026-08-29,15,quantile,0.5,0.004912021175170031
2026-08-29,wk inc flu prop ed visits,0,2026-08-29,15,quantile,0.55,0.00496798614954275
2026-08-29,wk inc flu prop ed visits,0,2026-08-29,15,quantile,0.6,0.005057494601156035
2026-08-29,wk inc flu prop ed visits,0,2026-08-29,15,quantile,0.65,0.005158552364706338
2026-08-29,wk inc flu prop ed visits,0,2026-08-29,15,quantile,0.7,0.00522975238345355
2026-08-29,wk inc flu prop ed visits,0,2026-08-29,15,quantile,0.75,0.005244436335052914
2026-08-29,wk inc flu prop ed visits,0,2026-08-29,15,quantile,0.8,0.005343256818373956
2026-08-29,wk inc flu prop ed visits,0,2026-08-29,15,quantile,0.85,0.005583633802749975
2026-08-29,wk inc flu prop ed visits,0,2026-08-29,15,quantile,0.9,0.005947371837777865
2026-08-29,wk inc flu prop ed visits,0,2026-08-29,15,quantile,0.95,0.006655493890350394
2026-08-29,wk inc flu prop ed visits,0,2026-08-29,15,quantile,0.975,0.006927338564044768
2026-08-29,wk inc flu prop ed visits,0,2026-08-29,15,quantile,0.99,0.007340978316209473
2026-08-29,wk inc flu prop ed visits,1,2026-09-05,15,quantile,0.01,0.0032886785349194136
2026-08-29,wk inc flu prop ed visits,1,2026-09-05,15,quantile,0.025,0.003499627015105958
2026-08-29,wk inc flu prop ed visits,1,2026-09-05,15,quantile,0.05,0.003752591719790374
2026-08-29,wk inc flu prop ed visits,1,2026-09-05,15,quantile,0.1,0.0041821344392462215
2026-08-29,wk inc flu prop ed visits,1,2026-09-05,15,quantile,0.15,0.0044318990305961935
2026-08-29,wk inc flu prop ed visits,1,2026-09-05,15,quantile,0.2,0.004532991714424266
2026-08-29,wk inc flu prop ed visits,1,2026-09-05,15,quantile,0.25,0.004626897710406329
2026-08-29,wk inc flu prop ed visits,1,2026-09-05,15,quantile,0.3,0.00466857781576586
2026-08-29,wk inc flu prop ed visits,1,2026-09-05,15,quantile,0.35,0.004789066102386215
2026-08-29,wk inc flu prop ed visits,1,2026-09-05,15,quantile,0.4,0.004876345654493752
2026-08-29,wk inc flu prop ed visits,1,2026-09-05,15,quantile,0.45,0.00492897454839062
2026-08-29,wk inc flu prop ed visits,1,2026-09-05,15,quantile,0.5,0.005032952390416331
2026-08-29,wk inc flu prop ed visits,1,2026-09-05,15,quantile,0.55,0.005088404322244655
2026-08-29,wk inc flu prop ed visits,1,2026-09-05,15,quantile,0.6,0.00515258031505845
2026-08-29,wk inc flu prop ed visits,1,2026-09-05,15,quantile,0.65,0.005203565833812603
2026-08-29,wk inc flu prop ed visits,1,2026-09-05,15,quantile,0.7,0.005346376669224899
2026-08-29,wk inc flu prop ed visits,1,2026-09-05,15,quantile,0.75,0.0055029640509705125
2026-08-29,wk inc flu prop ed visits,1,2026-09-05,15,quantile,0.8,0.005719071877498003
2026-08-29,wk inc flu prop ed visits,1,2026-09-05,15,quantile,0.85,0.005837892850389202
2026-08-29,wk inc flu prop ed visits,1,2026-09-05,15,quantile,0.9,0.005917263853121153
2026-08-29,wk inc flu prop ed visits,1,2026-09-05,15,quantile,0.95,0.006549615689834703
2026-08-29,wk inc flu prop ed visits,1,2026-09-05,15,quantile,0.975,0.006958979851203975
2026-08-29,wk inc flu prop ed visits,1,2026-09-05,15,quantile,0.99,0.008233288968825936
2026-08-29,wk inc flu prop ed visits,2,2026-09-12,15,quantile,0.01,0.0034772321942930866
2026-08-29,wk inc flu prop ed visits,2,2026-09-12,15,quantile,0.025,0.003822458592520418
2026-08-29,wk inc flu prop ed visits,2,2026-09-12,15,quantile,0.05,0.004200179011664437
2026-08-29,wk inc flu prop ed visits,2,2026-09-12,15,quantile,0.1,0.004573516727491154
2026-08-29,wk inc flu prop ed visits,2,2026-09-12,15,quantile,0.15,0.004699497484741578
2026-08-29,wk inc flu prop ed visits,2,2026-09-12,15,quantile,0.2,0.00470709604902721
2026-08-29,wk inc flu prop ed visits,2,2026-09-12,15,quantile,0.25,0.004810522751781971
2026-08-29,wk inc flu prop ed visits,2,2026-09-12,15,quantile,0.3,0.004835080806624687
2026-08-29,wk inc flu prop ed visits,2,2026-09-12,15,quantile,0.35,0.004899384944189086
2026-08-29,wk inc flu prop ed visits,2,2026-09-12,15,quantile,0.4,0.004982674110744068
2026-08-29,wk inc flu prop ed visits,2,2026-09-12,15,quantile,0.45,0.005023537016715727
2026-08-29,wk inc flu prop ed visits,2,2026-09-12,15,quantile,0.5,0.005135247517461919
2026-08-29,wk inc flu prop ed visits,2,2026-09-12,15,quantile,0.55,0.005138892789015541
2026-08-29,wk inc flu prop ed visits,2,2026-09-12,15,quantile,0.6,0.005235827522526565
2026-08-29,wk inc flu prop ed visits,2,2026-09-12,15,quantile,0.65,0.005401776452025276
2026-08-29,wk inc flu prop ed visits,2,2026-09-12,15,quantile,0.7,0.005513857676067725
2026-08-29,wk inc flu prop ed visits,2,2026-09-12,15,quantile,0.75,0.005605554826650676
2026-08-29,wk inc flu prop ed visits,2,2026-09-12,15,quantile,0.8,0.005884521901445332
2026-08-29,wk inc flu prop ed visits,2,2026-09-12,15,quantile,0.85,0.006000311321472826
2026-08-29,wk inc flu prop ed visits,2,2026-09-12,15,quantile,0.9,0.006152056126530866
2026-08-29,wk inc flu prop ed visits,2,2026-09-12,15,quantile,0.95,0.006584212835133415
2026-08-29,wk inc flu prop ed visits,2,2026-09-12,15,quantile,0.975,0.007048195726028939
2026-08-29,wk inc flu prop ed visits,2,2026-09-12,15,quantile,0.99,0.008498050789340307
2026-08-29,wk inc flu prop ed visits,3,2026-09-19,15,quantile,0.01,0.003646646465972809
2026-08-29,wk inc flu prop ed visits,3,2026-09-19,15,quantile,0.025,0.00419231334729919
2026-08-29,wk inc flu prop ed visits,3,2026-09-19,15,quantile,0.05,0.004485036881179057
2026-08-29,wk inc flu prop ed visits,3,2026-09-19,15,quantile,0.1,0.004727862225571438
2026-08-29,wk inc flu prop ed visits,3,2026-09-19,15,quantile,0.15,0.004987074713784094
2026-08-29,wk inc flu prop ed visits,3,2026-09-19,15,quantile,0.2,0.005041536395344242
2026-08-29,wk inc flu prop ed visits,3,2026-09-19,15,quantile,0.25,0.0051503317574172845
2026-08-29,wk inc flu prop ed visits,3,2026-09-19,15,quantile,0.3,0.005237407544927174
2026-08-29,wk inc flu prop ed visits,3,2026-09-19,15,quantile,0.35,0.00532880844835954
2026-08-29,wk inc flu prop ed visits,3,2026-09-19,15,quantile,0.4,0.005367847714141566
2026-08-29,wk inc flu prop ed visits,3,2026-09-19,15,quantile,0.45,0.005479723990667992
2026-08-29,wk inc flu prop ed visits,3,2026-09-19,15,quantile,0.5,0.005526044547964487
2026-08-29,wk inc flu prop ed visits,3,2026-09-19,15,quantile,0.55,0.005624832017495152
2026-08-29,wk inc flu prop ed visits,3,2026-09-19,15,quantile,0.6,0.005746742422956724
2026-08-29,wk inc flu prop ed visits,3,2026-09-19,15,quantile,0.65,0.005779726265601299
2026-08-29,wk inc flu prop ed visits,3,2026-09-19,15,quantile,0.7,0.005811776357410522
2026-08-29,wk inc flu prop ed visits,3,2026-09-19,15,quantile,0.75,0.005832434950391076
2026-08-29,wk inc flu prop ed visits,3,2026-09-19,15,quantile,0.8,0.005875833485954976
2026-08-29,wk inc flu prop ed visits,3,2026-09-19,15,quantile,0.85,0.005977953895158769
2026-08-29,wk inc flu prop ed visits,3,2026-09-19,15,quantile,0.9,0.006247761969078408
2026-08-29,wk inc flu prop ed visits,3,2026-09-19,15,quantile,0.95,0.006754628306205475
2026-08-29,wk inc flu prop ed visits,3,2026-09-19,15,quantile,0.975,0.00839560544601908
2026-08-29,wk inc flu prop ed visits,3,2026-09-19,15,quantile,0.99,0.01147538674896267
2026-08-29,wk inc flu prop ed visits,-1,2026-08-22,19,quantile,0.01,9.046740961949455e-5
2026-08-29,wk inc flu prop ed visits,-1,2026-08-22,19,quantile,0.025,1.878947326423306e-4
2026-08-29,wk inc flu prop ed visits,-1,2026-08-22,19,quantile,0.05,2.834999813418836e-4
2026-08-29,wk inc flu prop ed visits,-1,2026-08-22,19,quantile,0.1,3.627272646196864e-4
2026-08-29,wk inc flu prop ed visits,-1,2026-08-22,19,quantile,0.15,4.1541665759443983e-4
2026-08-29,wk inc flu prop ed visits,-1,2026-08-22,19,quantile,0.2,4.486153709773834e-4
2026-08-29,wk inc flu prop ed visits,-1,2026-08-22,19,quantile,0.25,4.779374797828494e-4
2026-08-29,wk inc flu prop ed visits,-1,2026-08-22,19,quantile,0.3,5.057999868690968e-4
2026-08-29,wk inc flu prop ed visits,-1,2026-08-22,19,quantile,0.35,5.279687381989787e-4
2026-08-29,wk inc flu prop ed visits,-1,2026-08-22,19,quantile,0.4,5.454901839880382e-4
2026-08-29,wk inc flu prop ed visits,-1,2026-08-22,19,quantile,0.45,5.59499972872436e-4
2026-08-29,wk inc flu prop ed visits,-1,2026-08-22,19,quantile,0.5,5.994736709092759e-4
2026-08-29,wk inc flu prop ed visits,-1,2026-08-22,19,quantile,0.55,6.396666671459876e-4
2026-08-29,wk inc flu prop ed visits,-1,2026-08-22,19,quantile,0.6,6.52705867763828e-4
2026-08-29,wk inc flu prop ed visits,-1,2026-08-22,19,quantile,0.65,6.701562352536712e-4
2026-08-29,wk inc flu prop ed visits,-1,2026-08-22,19,quantile,0.7,6.91266653512915e-4
2026-08-29,wk inc flu prop ed visits,-1,2026-08-22,19,quantile,0.75,7.395624954874316e-4
2026-08-29,wk inc flu prop ed visits,-1,2026-08-22,19,quantile,0.8,7.790769127125924e-4
2026-08-29,wk inc flu prop ed visits,-1,2026-08-22,19,quantile,0.85,8.15083316065895e-4
2026-08-29,wk inc flu prop ed visits,-1,2026-08-22,19,quantile,0.9,8.748484684549498e-4
2026-08-29,wk inc flu prop ed visits,-1,2026-08-22,19,quantile,0.95,9.80299990819767e-4
2026-08-29,wk inc flu prop ed visits,-1,2026-08-22,19,quantile,0.975,0.0010968420784920453
2026-08-29,wk inc flu prop ed visits,-1,2026-08-22,19,quantile,0.99,0.0011993151678582248
2026-08-29,wk inc flu prop ed visits,0,2026-08-29,19,quantile,0.01,1.2097077802898912e-6
2026-08-29,wk inc flu prop ed visits,0,2026-08-29,19,quantile,0.025,2.2277250711271954e-5
2026-08-29,wk inc flu prop ed visits,0,2026-08-29,19,quantile,0.05,5.811123786326546e-5
2026-08-29,wk inc flu prop ed visits,0,2026-08-29,19,quantile,0.1,1.3605505140158082e-4
2026-08-29,wk inc flu prop ed visits,0,2026-08-29,19,quantile,0.15,2.0979860682058426e-4
2026-08-29,wk inc flu prop ed visits,0,2026-08-29,19,quantile,0.2,2.1482101110766638e-4
2026-08-29,wk inc flu prop ed visits,0,2026-08-29,19,quantile,0.25,2.449547262274733e-4
2026-08-29,wk inc flu prop ed visits,0,2026-08-29,19,quantile,0.3,2.719332998360184e-4
2026-08-29,wk inc flu prop ed visits,0,2026-08-29,19,quantile,0.35,3.0071509755678997e-4
2026-08-29,wk inc flu prop ed visits,0,2026-08-29,19,quantile,0.4,3.1849304220624126e-4
2026-08-29,wk inc flu prop ed visits,0,2026-08-29,19,quantile,0.45,3.424964349200144e-4
2026-08-29,wk inc flu prop ed visits,0,2026-08-29,19,quantile,0.5,3.690223486209551e-4
2026-08-29,wk inc flu prop ed visits,0,2026-08-29,19,quantile,0.55,3.8076318629730647e-4
2026-08-29,wk inc flu prop ed visits,0,2026-08-29,19,quantile,0.6,4.0841495978776647e-4
2026-08-29,wk inc flu prop ed visits,0,2026-08-29,19,quantile,0.65,4.3279883147092426e-4
2026-08-29,wk inc flu prop ed visits,0,2026-08-29,19,quantile,0.7,4.548452984981368e-4
2026-08-29,wk inc flu prop ed visits,0,2026-08-29,19,quantile,0.75,4.629574403714976e-4
2026-08-29,wk inc flu prop ed visits,0,2026-08-29,19,quantile,0.8,4.918495423491442e-4
2026-08-29,wk inc flu prop ed visits,0,2026-08-29,19,quantile,0.85,5.416256825069028e-4
2026-08-29,wk inc flu prop ed visits,0,2026-08-29,19,quantile,0.9,6.252953393234511e-4
2026-08-29,wk inc flu prop ed visits,0,2026-08-29,19,quantile,0.95,7.764238041085502e-4
2026-08-29,wk inc flu prop ed visits,0,2026-08-29,19,quantile,0.975,8.368809902964121e-4
2026-08-29,wk inc flu prop ed visits,0,2026-08-29,19,quantile,0.99,9.7855991453085e-4
2026-08-29,wk inc flu prop ed visits,1,2026-09-05,19,quantile,0.01,1.9441277247330954e-5
2026-08-29,wk inc flu prop ed visits,1,2026-09-05,19,quantile,0.025,3.266204133938863e-5
2026-08-29,wk inc flu prop ed visits,1,2026-09-05,19,quantile,0.05,6.736298677128206e-5
2026-08-29,wk inc flu prop ed visits,1,2026-09-05,19,quantile,0.1,1.350021123805381e-4
2026-08-29,wk inc flu prop ed visits,1,2026-09-05,19,quantile,0.15,1.8423346497285157e-4
2026-08-29,wk inc flu prop ed visits,1,2026-09-05,19,quantile,0.2,2.1514557682426823e-4
2026-08-29,wk inc flu prop ed visits,1,2026-09-05,19,quantile,0.25,2.4086581826938445e-4
2026-08-29,wk inc flu prop ed visits,1,2026-09-05,19,quantile,0.3,2.52115934361153e-4
2026-08-29,wk inc flu prop ed visits,1,2026-09-05,19,quantile,0.35,2.836216244390119e-4
2026-08-29,wk inc flu prop ed visits,1,2026-09-05,19,quantile,0.4,3.195293473189316e-4
2026-08-29,wk inc flu prop ed visits,1,2026-09-05,19,quantile,0.45,3.411782829832423e-4
2026-08-29,wk inc flu prop ed visits,1,2026-09-05,19,quantile,0.5,3.744263127059942e-4
2026-08-29,wk inc flu prop ed visits,1,2026-09-05,19,quantile,0.55,3.8620197348027255e-4
2026-08-29,wk inc flu prop ed visits,1,2026-09-05,19,quantile,0.6,4.229495843955755e-4
2026-08-29,wk inc flu prop ed visits,1,2026-09-05,19,quantile,0.65,4.404900015457102e-4
2026-08-29,wk inc flu prop ed visits,1,2026-09-05,19,quantile,0.7,4.766793958427891e-4
2026-08-29,wk inc flu prop ed visits,1,2026-09-05,19,quantile,0.75,5.361537469059822e-4
2026-08-29,wk inc flu prop ed visits,1,2026-09-05,19,quantile,0.8,5.90561819428575e-4
2026-08-29,wk inc flu prop ed visits,1,2026-09-05,19,quantile,0.85,6.265056425522237e-4
2026-08-29,wk inc flu prop ed visits,1,2026-09-05,19,quantile,0.9,6.609040391523774e-4
2026-08-29,wk inc flu prop ed visits,1,2026-09-05,19,quantile,0.95,8.777631844316031e-4
2026-08-29,wk inc flu prop ed visits,1,2026-09-05,19,quantile,0.975,0.0010862366719520255
2026-08-29,wk inc flu prop ed visits,1,2026-09-05,19,quantile,0.99,0.001745561076967996
2026-08-29,wk inc flu prop ed visits,2,2026-09-12,19,quantile,0.01,2.9745538276284576e-5
2026-08-29,wk inc flu prop ed visits,2,2026-09-12,19,quantile,0.025,5.632871068060575e-5
2026-08-29,wk inc flu prop ed visits,2,2026-09-12,19,quantile,0.05,1.0923066664994912e-4
2026-08-29,wk inc flu prop ed visits,2,2026-09-12,19,quantile,0.1,1.8178753040476396e-4
2026-08-29,wk inc flu prop ed visits,2,2026-09-12,19,quantile,0.15,2.2844727262637233e-4
2026-08-29,wk inc flu prop ed visits,2,2026-09-12,19,quantile,0.2,2.3286211768177797e-4
2026-08-29,wk inc flu prop ed visits,2,2026-09-12,19,quantile,0.25,2.734109572964223e-4
2026-08-29,wk inc flu prop ed visits,2,2026-09-12,19,quantile,0.3,2.9782557709524837e-4
2026-08-29,wk inc flu prop ed visits,2,2026-09-12,19,quantile,0.35,3.125983025573577e-4
2026-08-29,wk inc flu prop ed visits,2,2026-09-12,19,quantile,0.4,3.42186022431763e-4
2026-08-29,wk inc flu prop ed visits,2,2026-09-12,19,quantile,0.45,3.616174254191879e-4
2026-08-29,wk inc flu prop ed visits,2,2026-09-12,19,quantile,0.5,3.968232662313188e-4
2026-08-29,wk inc flu prop ed visits,2,2026-09-12,19,quantile,0.55,4.0618585380339874e-4
2026-08-29,wk inc flu prop ed visits,2,2026-09-12,19,quantile,0.6,4.357104310839886e-4
2026-08-29,wk inc flu prop ed visits,2,2026-09-12,19,quantile,0.65,4.838125953468392e-4
2026-08-29,wk inc flu prop ed visits,2,2026-09-12,19,quantile,0.7,5.289998480487437e-4
2026-08-29,wk inc flu prop ed visits,2,2026-09-12,19,quantile,0.75,5.632323784524858e-4
2026-08-29,wk inc flu prop ed visits,2,2026-09-12,19,quantile,0.8,6.352835351200244e-4
2026-08-29,wk inc flu prop ed visits,2,2026-09-12,19,quantile,0.85,6.70801626627273e-4
2026-08-29,wk inc flu prop ed visits,2,2026-09-12,19,quantile,0.9,7.237855570420396e-4
2026-08-29,wk inc flu prop ed visits,2,2026-09-12,19,quantile,0.95,9.295603542721169e-4
2026-08-29,wk inc flu prop ed visits,2,2026-09-12,19,quantile,0.975,0.0012498971777938394
2026-08-29,wk inc flu prop ed visits,2,2026-09-12,19,quantile,0.99,0.0021820643700789476
2026-08-29,wk inc flu prop ed visits,3,2026-09-19,19,quantile,0.01,1.854764881491483e-6
2026-08-29,wk inc flu prop ed visits,3,2026-09-19,19,quantile,0.025,6.65539492624654e-5
2026-08-29,wk inc flu prop ed visits,3,2026-09-19,19,quantile,0.05,1.1125270239886018e-4
2026-08-29,wk inc flu prop ed visits,3,2026-09-19,19,quantile,0.1,1.7396200224793692e-4
2026-08-29,wk inc flu prop ed visits,3,2026-09-19,19,quantile,0.15,2.578496282531764e-4
2026-08-29,wk inc flu prop ed visits,3,2026-09-19,19,quantile,0.2,3.0053481451253026e-4
2026-08-29,wk inc flu prop ed visits,3,2026-09-19,19,quantile,0.25,3.501352122931884e-4
2026-08-29,wk inc flu prop ed visits,3,2026-09-19,19,quantile,0.3,3.8397540468791826e-4
2026-08-29,wk inc flu prop ed visits,3,2026-09-19,19,quantile,0.35,4.166194145959486e-4
2026-08-29,wk inc flu prop ed visits,3,2026-09-19,19,quantile,0.4,4.4089886230759946e-4
2026-08-29,wk inc flu prop ed visits,3,2026-09-19,19,quantile,0.45,4.762985268079084e-4
2026-08-29,wk inc flu prop ed visits,3,2026-09-19,19,quantile,0.5,5.062268191987432e-4
2026-08-29,wk inc flu prop ed visits,3,2026-09-19,19,quantile,0.55,5.422864391391087e-4
2026-08-29,wk inc flu prop ed visits,3,2026-09-19,19,quantile,0.6,5.964953124784359e-4
2026-08-29,wk inc flu prop ed visits,3,2026-09-19,19,quantile,0.65,6.227137127625597e-4
2026-08-29,wk inc flu prop ed visits,3,2026-09-19,19,quantile,0.7,6.379626722750847e-4
2026-08-29,wk inc flu prop ed visits,3,2026-09-19,19,quantile,0.75,6.777782854392629e-4
2026-08-29,wk inc flu prop ed visits,3,2026-09-19,19,quantile,0.8,7.086213919983257e-4
2026-08-29,wk inc flu prop ed visits,3,2026-09-19,19,quantile,0.85,7.918367558006334e-4
2026-08-29,wk inc flu prop ed visits,3,2026-09-19,19,quantile,0.9,9.266846537151538e-4
2026-08-29,wk inc flu prop ed visits,3,2026-09-19,19,quantile,0.95,0.0012972688245880258
2026-08-29,wk inc flu prop ed visits,3,2026-09-19,19,quantile,0.975,0.0022059872516299716
2026-08-29,wk inc flu prop ed visits,3,2026-09-19,19,quantile,0.99,0.004449798907068755
2026-08-29,wk inc flu prop ed visits,-1,2026-08-22,16,quantile,0.01,4.712283055379014e-4
2026-08-29,wk inc flu prop ed visits,-1,2026-08-22,16,quantile,0.025,5.697368643687743e-4
2026-08-29,wk inc flu prop ed visits,-1,2026-08-22,16,quantile,0.05,6.736000078264625e-4
2026-08-29,wk inc flu prop ed visits,-1,2026-08-22,16,quantile,0.1,7.581818367947231e-4
2026-08-29,wk inc flu prop ed visits,-1,2026-08-22,16,quantile,0.15,8.069166846996523e-4
2026-08-29,wk inc flu prop ed visits,-1,2026-08-22,16,quantile,0.2,8.387692447465199e-4
2026-08-29,wk inc flu prop ed visits,-1,2026-08-22,16,quantile,0.25,8.729375077411533e-4
2026-08-29,wk inc flu prop ed visits,-1,2026-08-22,16,quantile,0.3,9.036666811754305e-4
2026-08-29,wk inc flu prop ed visits,-1,2026-08-22,16,quantile,0.35,9.248437659989577e-4
2026-08-29,wk inc flu prop ed visits,-1,2026-08-22,16,quantile,0.4,9.425882510402623e-4
2026-08-29,wk inc flu prop ed visits,-1,2026-08-22,16,quantile,0.45,9.576111119861403e-4
2026-08-29,wk inc flu prop ed visits,-1,2026-08-22,16,quantile,0.5,9.98421067469995e-4
2026-08-29,wk inc flu prop ed visits,-1,2026-08-22,16,quantile,0.55,0.0010373889175347157
2026-08-29,wk inc flu prop ed visits,-1,2026-08-22,16,quantile,0.6,0.0010503529545138864
2026-08-29,wk inc flu prop ed visits,-1,2026-08-22,16,quantile,0.65,0.0010670312635193114
2026-08-29,wk inc flu prop ed visits,-1,2026-08-22,16,quantile,0.7,0.0010862000151723623
2026-08-29,wk inc flu prop ed visits,-1,2026-08-22,16,quantile,0.75,0.0011128958555559317
2026-08-29,wk inc flu prop ed visits,-1,2026-08-22,16,quantile,0.8,0.0011421538614882873
2026-08-29,wk inc flu prop ed visits,-1,2026-08-22,16,quantile,0.85,0.0011668333442924198
2026-08-29,wk inc flu prop ed visits,-1,2026-08-22,16,quantile,0.9,0.0012145454638044942
2026-08-29,wk inc flu prop ed visits,-1,2026-08-22,16,quantile,0.95,0.0012912000192794946
2026-08-29,wk inc flu prop ed visits,-1,2026-08-22,16,quantile,0.975,0.0013878947408183624
2026-08-29,wk inc flu prop ed visits,-1,2026-08-22,16,quantile,0.99,0.0014838804161419043
2026-08-29,wk inc flu prop ed visits,0,2026-08-29,16,quantile,0.01,3.267114204329457e-4
2026-08-29,wk inc flu prop ed visits,0,2026-08-29,16,quantile,0.025,4.121662920933632e-4
2026-08-29,wk inc flu prop ed visits,0,2026-08-29,16,quantile,0.05,5.034660652400329e-4
2026-08-29,wk inc flu prop ed visits,0,2026-08-29,16,quantile,0.1,6.189202280983314e-4
2026-08-29,wk inc flu prop ed visits,0,2026-08-29,16,quantile,0.15,7.026055905909999e-4
2026-08-29,wk inc flu prop ed visits,0,2026-08-29,16,quantile,0.2,7.533034753016872e-4
2026-08-29,wk inc flu prop ed visits,0,2026-08-29,16,quantile,0.25,8.0837448898274e-4
2026-08-29,wk inc flu prop ed visits,0,2026-08-29,16,quantile,0.3,8.438329846803223e-4
2026-08-29,wk inc flu prop ed visits,0,2026-08-29,16,quantile,0.35,8.872264317712838e-4
2026-08-29,wk inc flu prop ed visits,0,2026-08-29,16,quantile,0.4,9.160898243063784e-4
2026-08-29,wk inc flu prop ed visits,0,2026-08-29,16,quantile,0.45,9.557614586778296e-4
2026-08-29,wk inc flu prop ed visits,0,2026-08-29,16,quantile,0.5,9.808425841804406e-4
2026-08-29,wk inc flu prop ed visits,0,2026-08-29,16,quantile,0.55,0.0010057915522953564
2026-08-29,wk inc flu prop ed visits,0,2026-08-29,16,quantile,0.6,0.0010467957227079435
2026-08-29,wk inc flu prop ed visits,0,2026-08-29,16,quantile,0.65,0.001092054460364467
2026-08-29,wk inc flu prop ed visits,0,2026-08-29,16,quantile,0.7,0.0011228285975456833
2026-08-29,wk inc flu prop ed visits,0,2026-08-29,16,quantile,0.75,0.0011636880514364473
2026-08-29,wk inc flu prop ed visits,0,2026-08-29,16,quantile,0.8,0.0012072936316694413
2026-08-29,wk inc flu prop ed visits,0,2026-08-29,16,quantile,0.85,0.0012667079757336885
2026-08-29,wk inc flu prop ed visits,0,2026-08-29,16,quantile,0.9,0.0013537328890187426
2026-08-29,wk inc flu prop ed visits,0,2026-08-29,16,quantile,0.95,0.0014971313659722341
2026-08-29,wk inc flu prop ed visits,0,2026-08-29,16,quantile,0.975,0.0016605022741044378
2026-08-29,wk inc flu prop ed visits,0,2026-08-29,16,quantile,0.99,0.0019154528737909083
2026-08-29,wk inc flu prop ed visits,1,2026-09-05,16,quantile,0.01,2.7759086502398997e-4
2026-08-29,wk inc flu prop ed visits,1,2026-09-05,16,quantile,0.025,3.914620501127055e-4
2026-08-29,wk inc flu prop ed visits,1,2026-09-05,16,quantile,0.05,4.665616804584631e-4
2026-08-29,wk inc flu prop ed visits,1,2026-09-05,16,quantile,0.1,5.797157642845021e-4
2026-08-29,wk inc flu prop ed visits,1,2026-09-05,16,quantile,0.15,6.614764301066646e-4
2026-08-29,wk inc flu prop ed visits,1,2026-09-05,16,quantile,0.2,7.232269503344442e-4
2026-08-29,wk inc flu prop ed visits,1,2026-09-05,16,quantile,0.25,7.706762586561143e-4
2026-08-29,wk inc flu prop ed visits,1,2026-09-05,16,quantile,0.3,8.078898725861881e-4
2026-08-29,wk inc flu prop ed visits,1,2026-09-05,16,quantile,0.35,8.479683695793177e-4
2026-08-29,wk inc flu prop ed visits,1,2026-09-05,16,quantile,0.4,8.969015855260577e-4
2026-08-29,wk inc flu prop ed visits,1,2026-09-05,16,quantile,0.45,9.407116682772966e-4
2026-08-29,wk inc flu prop ed visits,1,2026-09-05,16,quantile,0.5,9.848024854692066e-4
2026-08-29,wk inc flu prop ed visits,1,2026-09-05,16,quantile,0.55,0.001018565903988692
2026-08-29,wk inc flu prop ed visits,1,2026-09-05,16,quantile,0.6,0.0010770719794165372
2026-08-29,wk inc flu prop ed visits,1,2026-09-05,16,quantile,0.65,0.0011110345174387293
2026-08-29,wk inc flu prop ed visits,1,2026-09-05,16,quantile,0.7,0.0011556537883369636
2026-08-29,wk inc flu prop ed visits,1,2026-09-05,16,quantile,0.75,0.001226672604151811
2026-08-29,wk inc flu prop ed visits,1,2026-09-05,16,quantile,0.8,0.0012815764474271576
2026-08-29,wk inc flu prop ed visits,1,2026-09-05,16,quantile,0.85,0.0013446448792857407
2026-08-29,wk inc flu prop ed visits,1,2026-09-05,16,quantile,0.9,0.0014813502160812267
2026-08-29,wk inc flu prop ed visits,1,2026-09-05,16,quantile,0.95,0.0016777851242055636
2026-08-29,wk inc flu prop ed visits,1,2026-09-05,16,quantile,0.975,0.0019588442783630795
2026-08-29,wk inc flu prop ed visits,1,2026-09-05,16,quantile,0.99,0.0024417372845697816
2026-08-29,wk inc flu prop ed visits,2,2026-09-12,16,quantile,0.01,2.659835921880185e-4
2026-08-29,wk inc flu prop ed visits,2,2026-09-12,16,quantile,0.025,3.688789778201759e-4
2026-08-29,wk inc flu prop ed visits,2,2026-09-12,16,quantile,0.05,4.6876920867576185e-4
2026-08-29,wk inc flu prop ed visits,2,2026-09-12,16,quantile,0.1,5.872165475373031e-4
2026-08-29,wk inc flu prop ed visits,2,2026-09-12,16,quantile,0.15,6.691556249681657e-4
2026-08-29,wk inc flu prop ed visits,2,2026-09-12,16,quantile,0.2,7.215839237567509e-4
2026-08-29,wk inc flu prop ed visits,2,2026-09-12,16,quantile,0.25,7.755791686120894e-4
2026-08-29,wk inc flu prop ed visits,2,2026-09-12,16,quantile,0.3,8.246791601299551e-4
2026-08-29,wk inc flu prop ed visits,2,2026-09-12,16,quantile,0.35,8.692633462775306e-4
2026-08-29,wk inc flu prop ed visits,2,2026-09-12,16,quantile,0.4,9.146184518824701e-4
2026-08-29,wk inc flu prop ed visits,2,2026-09-12,16,quantile,0.45,9.578293234541347e-4
2026-08-29,wk inc flu prop ed visits,2,2026-09-12,16,quantile,0.5,0.001006987614467402
2026-08-29,wk inc flu prop ed visits,2,2026-09-12,16,quantile,0.55,0.0010501091245381548
2026-08-29,wk inc flu prop ed visits,2,2026-09-12,16,quantile,0.6,0.0011018726696921687
2026-08-29,wk inc flu prop ed visits,2,2026-09-12,16,quantile,0.65,0.0011500020554507321
2026-08-29,wk inc flu prop ed visits,2,2026-09-12,16,quantile,0.7,0.0012039598645468465
2026-08-29,wk inc flu prop ed visits,2,2026-09-12,16,quantile,0.75,0.001274396737575366
2026-08-29,wk inc flu prop ed visits,2,2026-09-12,16,quantile,0.8,0.0013444022779346978
2026-08-29,wk inc flu prop ed visits,2,2026-09-12,16,quantile,0.85,0.001425466050578363
2026-08-29,wk inc flu prop ed visits,2,2026-09-12,16,quantile,0.9,0.0015568053999132207
2026-08-29,wk inc flu prop ed visits,2,2026-09-12,16,quantile,0.95,0.0018602770083156464
2026-08-29,wk inc flu prop ed visits,2,2026-09-12,16,quantile,0.975,0.0022343188949263486
2026-08-29,wk inc flu prop ed visits,2,2026-09-12,16,quantile,0.99,0.002940683451652827
2026-08-29,wk inc flu prop ed visits,3,2026-09-19,16,quantile,0.01,1.8310164285356275e-4
2026-08-29,wk inc flu prop ed visits,3,2026-09-19,16,quantile,0.025,2.9218101814809704e-4
2026-08-29,wk inc flu prop ed visits,3,2026-09-19,16,quantile,0.05,4.0711866618822306e-4
2026-08-29,wk inc flu prop ed visits,3,2026-09-19,16,quantile,0.1,5.448599706687721e-4
2026-08-29,wk inc flu prop ed visits,3,2026-09-19,16,quantile,0.15,6.477036654279629e-4
2026-08-29,wk inc flu prop ed visits,3,2026-09-19,16,quantile,0.2,7.251942959557191e-4
2026-08-29,wk inc flu prop ed visits,3,2026-09-19,16,quantile,0.25,7.930545135531131e-4
2026-08-29,wk inc flu prop ed visits,3,2026-09-19,16,quantile,0.3,8.421652335556008e-4
2026-08-29,wk inc flu prop ed visits,3,2026-09-19,16,quantile,0.35,8.981730440789667e-4
2026-08-29,wk inc flu prop ed visits,3,2026-09-19,16,quantile,0.4,9.413193218103781e-4
2026-08-29,wk inc flu prop ed visits,3,2026-09-19,16,quantile,0.45,9.970138581330867e-4
2026-08-29,wk inc flu prop ed visits,3,2026-09-19,16,quantile,0.5,0.001046657786439679
2026-08-29,wk inc flu prop ed visits,3,2026-09-19,16,quantile,0.55,0.0010961584599165218
2026-08-29,wk inc flu prop ed visits,3,2026-09-19,16,quantile,0.6,0.001171835836276034
2026-08-29,wk inc flu prop ed visits,3,2026-09-19,16,quantile,0.65,0.0012281355126287558
2026-08-29,wk inc flu prop ed visits,3,2026-09-19,16,quantile,0.7,0.001307986680278834
2026-08-29,wk inc flu prop ed visits,3,2026-09-19,16,quantile,0.75,0.001384900617388756
2026-08-29,wk inc flu prop ed visits,3,2026-09-19,16,quantile,0.8,0.0014870599629763894
2026-08-29,wk inc flu prop ed visits,3,2026-09-19,16,quantile,0.85,0.0016020563721015422
2026-08-29,wk inc flu prop ed visits,3,2026-09-19,16,quantile,0.9,0.00180679160545148
2026-08-29,wk inc flu prop ed visits,3,2026-09-19,16,quantile,0.95,0.002274036715793239
2026-08-29,wk inc flu prop ed visits,3,2026-09-19,16,quantile,0.975,0.002913447429341778
2026-08-29,wk inc flu prop ed visits,3,2026-09-19,16,quantile,0.99,0.003954778959473672
2026-08-29,wk inc flu prop ed visits,-1,2026-08-22,17,quantile,0.01,1.2105262887321014e-5
2026-08-29,wk inc flu prop ed visits,-1,2026-08-22,17,quantile,0.025,1.2826086669836347e-5
2026-08-29,wk inc flu prop ed visits,-1,2026-08-22,17,quantile,0.05,1.0879998524673291e-4
2026-08-29,wk inc flu prop ed visits,-1,2026-08-22,17,quantile,0.1,1.8939393516065494e-4
2026-08-29,wk inc flu prop ed visits,-1,2026-08-22,17,quantile,0.15,2.331666616680448e-4
2026-08-29,wk inc flu prop ed visits,-1,2026-08-22,17,quantile,0.2,2.5784614447217717e-4
2026-08-29,wk inc flu prop ed visits,-1,2026-08-22,17,quantile,0.25,2.871041510254144e-4
2026-08-29,wk inc flu prop ed visits,-1,2026-08-22,17,quantile,0.3,3.1379999153316023e-4
2026-08-29,wk inc flu prop ed visits,-1,2026-08-22,17,quantile,0.35,3.326562428555916e-4
2026-08-29,wk inc flu prop ed visits,-1,2026-08-22,17,quantile,0.4,3.49019600158813e-4
2026-08-29,wk inc flu prop ed visits,-1,2026-08-22,17,quantile,0.45,3.619999771316846e-4
2026-08-29,wk inc flu prop ed visits,-1,2026-08-22,17,quantile,0.5,4.010526226147191e-4
2026-08-29,wk inc flu prop ed visits,-1,2026-08-22,17,quantile,0.55,4.4155556050439685e-4
2026-08-29,wk inc flu prop ed visits,-1,2026-08-22,17,quantile,0.6,4.562352841391284e-4
2026-08-29,wk inc flu prop ed visits,-1,2026-08-22,17,quantile,0.65,4.735937397053932e-4
2026-08-29,wk inc flu prop ed visits,-1,2026-08-22,17,quantile,0.7,4.941999911516905e-4
2026-08-29,wk inc flu prop ed visits,-1,2026-08-22,17,quantile,0.75,5.220624983310698e-4
2026-08-29,wk inc flu prop ed visits,-1,2026-08-22,17,quantile,0.8,5.532307607050126e-4
2026-08-29,wk inc flu prop ed visits,-1,2026-08-22,17,quantile,0.85,5.818333201152856e-4
2026-08-29,wk inc flu prop ed visits,-1,2026-08-22,17,quantile,0.9,6.281818041408604e-4
2026-08-29,wk inc flu prop ed visits,-1,2026-08-22,17,quantile,0.95,7.076999977324157e-4
2026-08-29,wk inc flu prop ed visits,-1,2026-08-22,17,quantile,0.975,8.060526169444385e-4
2026-08-29,wk inc flu prop ed visits,-1,2026-08-22,17,quantile,0.99,9.031195282774128e-4
2026-08-29,wk inc flu prop ed visits,0,2026-08-29,17,quantile,0.01,7.296388690370769e-5
2026-08-29,wk inc flu prop ed visits,0,2026-08-29,17,quantile,0.025,1.1878222834000229e-4
2026-08-29,wk inc flu prop ed visits,0,2026-08-29,17,quantile,0.05,1.767892605852436e-4
2026-08-29,wk inc flu prop ed visits,0,2026-08-29,17,quantile,0.1,2.47152721269628e-4
2026-08-29,wk inc flu prop ed visits,0,2026-08-29,17,quantile,0.15,2.9458963884175114e-4
2026-08-29,wk inc flu prop ed visits,0,2026-08-29,17,quantile,0.2,3.340684115678947e-4
2026-08-29,wk inc flu prop ed visits,0,2026-08-29,17,quantile,0.25,3.651520040203671e-4
2026-08-29,wk inc flu prop ed visits,0,2026-08-29,17,quantile,0.3,3.8667685289667545e-4
2026-08-29,wk inc flu prop ed visits,0,2026-08-29,17,quantile,0.35,4.086580359025498e-4
2026-08-29,wk inc flu prop ed visits,0,2026-08-29,17,quantile,0.4,4.326623343628147e-4
2026-08-29,wk inc flu prop ed visits,0,2026-08-29,17,quantile,0.45,4.5285928400059947e-4
2026-08-29,wk inc flu prop ed visits,0,2026-08-29,17,quantile,0.5,4.747727250723328e-4
2026-08-29,wk inc flu prop ed visits,0,2026-08-29,17,quantile,0.55,4.985417258143e-4
2026-08-29,wk inc flu prop ed visits,0,2026-08-29,17,quantile,0.6,5.241424240008853e-4
2026-08-29,wk inc flu prop ed visits,0,2026-08-29,17,quantile,0.65,5.495410052540407e-4
2026-08-29,wk inc flu prop ed visits,0,2026-08-29,17,quantile,0.7,5.75485174550745e-4
2026-08-29,wk inc flu prop ed visits,0,2026-08-29,17,quantile,0.75,6.095164420141242e-4
2026-08-29,wk inc flu prop ed visits,0,2026-08-29,17,quantile,0.8,6.50368198211482e-4
2026-08-29,wk inc flu prop ed visits,0,2026-08-29,17,quantile,0.85,7.105138966358467e-4
2026-08-29,wk inc flu prop ed visits,0,2026-08-29,17,quantile,0.9,7.973911986591001e-4
2026-08-29,wk inc flu prop ed visits,0,2026-08-29,17,quantile,0.95,9.559477736913498e-4
2026-08-29,wk inc flu prop ed visits,0,2026-08-29,17,quantile,0.975,0.001134726358303541
2026-08-29,wk inc flu prop ed visits,0,2026-08-29,17,quantile,0.99,0.0013986086271682672
2026-08-29,wk inc flu prop ed visits,1,2026-09-05,17,quantile,0.01,2.3908450957014178e-5
2026-08-29,wk inc flu prop ed visits,1,2026-09-05,17,quantile,0.025,9.833128356574061e-5
2026-08-29,wk inc flu prop ed visits,1,2026-09-05,17,quantile,0.05,1.5545951534110135e-4
2026-08-29,wk inc flu prop ed visits,1,2026-09-05,17,quantile,0.1,2.2965619845777808e-4
2026-08-29,wk inc flu prop ed visits,1,2026-09-05,17,quantile,0.15,2.8161323607897945e-4
2026-08-29,wk inc flu prop ed visits,1,2026-09-05,17,quantile,0.2,3.200375537778497e-4
2026-08-29,wk inc flu prop ed visits,1,2026-09-05,17,quantile,0.25,3.550456515652958e-4
2026-08-29,wk inc flu prop ed visits,1,2026-09-05,17,quantile,0.3,3.843485092304136e-4
2026-08-29,wk inc flu prop ed visits,1,2026-09-05,17,quantile,0.35,4.1146686743147786e-4
2026-08-29,wk inc flu prop ed visits,1,2026-09-05,17,quantile,0.4,4.354041373078836e-4
2026-08-29,wk inc flu prop ed visits,1,2026-09-05,17,quantile,0.45,4.6242028139613313e-4
2026-08-29,wk inc flu prop ed visits,1,2026-09-05,17,quantile,0.5,4.902830862648449e-4
2026-08-29,wk inc flu prop ed visits,1,2026-09-05,17,quantile,0.55,5.213560414275691e-4
2026-08-29,wk inc flu prop ed visits,1,2026-09-05,17,quantile,0.6,5.519822928213568e-4
2026-08-29,wk inc flu prop ed visits,1,2026-09-05,17,quantile,0.65,5.782277853173661e-4
2026-08-29,wk inc flu prop ed visits,1,2026-09-05,17,quantile,0.7,6.144529135921965e-4
2026-08-29,wk inc flu prop ed visits,1,2026-09-05,17,quantile,0.75,6.612813492497219e-4
2026-08-29,wk inc flu prop ed visits,1,2026-09-05,17,quantile,0.8,7.056177108767216e-4
2026-08-29,wk inc flu prop ed visits,1,2026-09-05,17,quantile,0.85,7.672708660286995e-4
2026-08-29,wk inc flu prop ed visits,1,2026-09-05,17,quantile,0.9,8.732988763178133e-4
2026-08-29,wk inc flu prop ed visits,1,2026-09-05,17,quantile,0.95,0.0010568916968415653
2026-08-29,wk inc flu prop ed visits,1,2026-09-05,17,quantile,0.975,0.0012766586123702738
2026-08-29,wk inc flu prop ed visits,1,2026-09-05,17,quantile,0.99,0.0015255079593266174
2026-08-29,wk inc flu prop ed visits,2,2026-09-12,17,quantile,0.01,1.619801612283771e-6
2026-08-29,wk inc flu prop ed visits,2,2026-09-12,17,quantile,0.025,8.392927714848462e-5
2026-08-29,wk inc flu prop ed visits,2,2026-09-12,17,quantile,0.05,1.4865879138774003e-4
2026-08-29,wk inc flu prop ed visits,2,2026-09-12,17,quantile,0.1,2.2608591677749577e-4
2026-08-29,wk inc flu prop ed visits,2,2026-09-12,17,quantile,0.15,2.757589582742808e-4
2026-08-29,wk inc flu prop ed visits,2,2026-09-12,17,quantile,0.2,3.294816474060308e-4
2026-08-29,wk inc flu prop ed visits,2,2026-09-12,17,quantile,0.25,3.580113498343868e-4
2026-08-29,wk inc flu prop ed visits,2,2026-09-12,17,quantile,0.3,3.8450002406733354e-4
2026-08-29,wk inc flu prop ed visits,2,2026-09-12,17,quantile,0.35,4.1706389653985295e-4
2026-08-29,wk inc flu prop ed visits,2,2026-09-12,17,quantile,0.4,4.464576095159547e-4
2026-08-29,wk inc flu prop ed visits,2,2026-09-12,17,quantile,0.45,4.7339486208176234e-4
2026-08-29,wk inc flu prop ed visits,2,2026-09-12,17,quantile,0.5,5.05021026897138e-4
2026-08-29,wk inc flu prop ed visits,2,2026-09-12,17,quantile,0.55,5.362641436437419e-4
2026-08-29,wk inc flu prop ed visits,2,2026-09-12,17,quantile,0.6,5.732448150324131e-4
2026-08-29,wk inc flu prop ed visits,2,2026-09-12,17,quantile,0.65,6.109214804695444e-4
2026-08-29,wk inc flu prop ed visits,2,2026-09-12,17,quantile,0.7,6.475344818221594e-4
2026-08-29,wk inc flu prop ed visits,2,2026-09-12,17,quantile,0.75,7.007203803140733e-4
2026-08-29,wk inc flu prop ed visits,2,2026-09-12,17,quantile,0.8,7.610860479454919e-4
2026-08-29,wk inc flu prop ed visits,2,2026-09-12,17,quantile,0.85,8.330399678978413e-4
2026-08-29,wk inc flu prop ed visits,2,2026-09-12,17,quantile,0.9,9.431846540479262e-4
2026-08-29,wk inc flu prop ed visits,2,2026-09-12,17,quantile,0.95,0.001181679313125314
2026-08-29,wk inc flu prop ed visits,2,2026-09-12,17,quantile,0.975,0.0014242898201747103
2026-08-29,wk inc flu prop ed visits,2,2026-09-12,17,quantile,0.99,0.0018914695796987296
2026-08-29,wk inc flu prop ed visits,3,2026-09-19,17,quantile,0.01,1.9227955345923406e-8
2026-08-29,wk inc flu prop ed visits,3,2026-09-19,17,quantile,0.025,6.444947557442268e-5
2026-08-29,wk inc flu prop ed visits,3,2026-09-19,17,quantile,0.05,1.3284831750292293e-4
2026-08-29,wk inc flu prop ed visits,3,2026-09-19,17,quantile,0.1,2.156873818068696e-4
2026-08-29,wk inc flu prop ed visits,3,2026-09-19,17,quantile,0.15,2.67396305311919e-4
2026-08-29,wk inc flu prop ed visits,3,2026-09-19,17,quantile,0.2,3.0872592078618486e-4
2026-08-29,wk inc flu prop ed visits,3,2026-09-19,17,quantile,0.25,3.4415181579365827e-4
2026-08-29,wk inc flu prop ed visits,3,2026-09-19,17,quantile,0.3,3.783054529549327e-4
2026-08-29,wk inc flu prop ed visits,3,2026-09-19,17,quantile,0.35,4.144597947426077e-4
2026-08-29,wk inc flu prop ed visits,3,2026-09-19,17,quantile,0.4,4.435940883575867e-4
2026-08-29,wk inc flu prop ed visits,3,2026-09-19,17,quantile,0.45,4.827826882942817e-4
2026-08-29,wk inc flu prop ed visits,3,2026-09-19,17,quantile,0.5,5.131580470265454e-4
2026-08-29,wk inc flu prop ed visits,3,2026-09-19,17,quantile,0.55,5.512417517074524e-4
2026-08-29,wk inc flu prop ed visits,3,2026-09-19,17,quantile,0.6,5.963039080421247e-4
2026-08-29,wk inc flu prop ed visits,3,2026-09-19,17,quantile,0.65,6.430685876994269e-4
2026-08-29,wk inc flu prop ed visits,3,2026-09-19,17,quantile,0.7,6.953122565021914e-4
2026-08-29,wk inc flu prop ed visits,3,2026-09-19,17,quantile,0.75,7.569713235824219e-4
2026-08-29,wk inc flu prop ed visits,3,2026-09-19,17,quantile,0.8,8.199895105287731e-4
2026-08-29,wk inc flu prop ed visits,3,2026-09-19,17,quantile,0.85,9.080129904459087e-4
2026-08-29,wk inc flu prop ed visits,3,2026-09-19,17,quantile,0.9,0.0010491165414386707
2026-08-29,wk inc flu prop ed visits,3,2026-09-19,17,quantile,0.95,0.0013438916948235874
2026-08-29,wk inc flu prop ed visits,3,2026-09-19,17,quantile,0.975,0.0017740370693264563
2026-08-29,wk inc flu prop ed visits,3,2026-09-19,17,quantile,0.99,0.0024435239187663893
2026-08-29,wk inc flu prop ed visits,-1,2026-08-22,18,quantile,0.01,6.052631443660507e-6
2026-08-29,wk inc flu prop ed visits,-1,2026-08-22,18,quantile,0.025,6.413043334918174e-6
2026-08-29,wk inc flu prop ed visits,-1,2026-08-22,18,quantile,0.05,1.0329998536966748e-4
2026-08-29,wk inc flu prop ed visits,-1,2026-08-22,18,quantile,0.1,1.848484807167992e-4
2026-08-29,wk inc flu prop ed visits,-1,2026-08-22,18,quantile,0.15,2.294166617518638e-4
2026-08-29,wk inc flu prop ed visits,-1,2026-08-22,18,quantile,0.2,2.559999906672881e-4
2026-08-29,wk inc flu prop ed visits,-1,2026-08-22,18,quantile,0.25,2.8543748408555976e-4
2026-08-29,wk inc flu prop ed visits,-1,2026-08-22,18,quantile,0.3,3.117999912053347e-4
2026-08-29,wk inc flu prop ed visits,-1,2026-08-22,18,quantile,0.35,3.326562428555916e-4
2026-08-29,wk inc flu prop ed visits,-1,2026-08-22,18,quantile,0.4,3.4847058066550426e-4
2026-08-29,wk inc flu prop ed visits,-1,2026-08-22,18,quantile,0.45,3.611666439721981e-4
2026-08-29,wk inc flu prop ed visits,-1,2026-08-22,18,quantile,0.5,4.005263069350435e-4
2026-08-29,wk inc flu prop ed visits,-1,2026-08-22,18,quantile,0.55,4.413333382457495e-4
2026-08-29,wk inc flu prop ed visits,-1,2026-08-22,18,quantile,0.6,4.550588133580545e-4
2026-08-29,wk inc flu prop ed visits,-1,2026-08-22,18,quantile,0.65,4.720312394492795e-4
2026-08-29,wk inc flu prop ed visits,-1,2026-08-22,18,quantile,0.7,4.921999908238648e-4
2026-08-29,wk inc flu prop ed visits,-1,2026-08-22,18,quantile,0.75,5.203958313912152e-4
2026-08-29,wk inc flu prop ed visits,-1,2026-08-22,18,quantile,0.8,5.513846072439964e-4
2026-08-29,wk inc flu prop ed visits,-1,2026-08-22,18,quantile,0.85,5.780833208975965e-4
2026-08-29,wk inc flu prop ed visits,-1,2026-08-22,18,quantile,0.9,6.299999860312902e-4
2026-08-29,wk inc flu prop ed visits,-1,2026-08-22,18,quantile,0.95,7.219999972078949e-4
2026-08-29,wk inc flu prop ed visits,-1,2026-08-22,18,quantile,0.975,8.181578775769784e-4
2026-08-29,wk inc flu prop ed visits,-1,2026-08-22,18,quantile,0.99,9.159456125582043e-4
2026-08-29,wk inc flu prop ed visits,0,2026-08-29,18,quantile,0.01,4.495801038503114e-5
2026-08-29,wk inc flu prop ed visits,0,2026-08-29,18,quantile,0.025,9.855670817596525e-5
2026-08-29,wk inc flu prop ed visits,0,2026-08-29,18,quantile,0.05,1.5339268051671565e-4
2026-08-29,wk inc flu prop ed visits,0,2026-08-29,18,quantile,0.1,2.222918464937449e-4
2026-08-29,wk inc flu prop ed visits,0,2026-08-29,18,quantile,0.15,2.6820332693651395e-4
2026-08-29,wk inc flu prop ed visits,0,2026-08-29,18,quantile,0.2,3.116434946968751e-4
2026-08-29,wk inc flu prop ed visits,0,2026-08-29,18,quantile,0.25,3.449705985721692e-4
2026-08-29,wk inc flu prop ed visits,0,2026-08-29,18,quantile,0.3,3.690355742761352e-4
2026-08-29,wk inc flu prop ed visits,0,2026-08-29,18,quantile,0.35,3.931907921350293e-4
2026-08-29,wk inc flu prop ed visits,0,2026-08-29,18,quantile,0.4,4.16250115161139e-4
2026-08-29,wk inc flu prop ed visits,0,2026-08-29,18,quantile,0.45,4.386116898286733e-4
2026-08-29,wk inc flu prop ed visits,0,2026-08-29,18,quantile,0.5,4.6141865735748887e-4
2026-08-29,wk inc flu prop ed visits,0,2026-08-29,18,quantile,0.55,4.863747296820437e-4
2026-08-29,wk inc flu prop ed visits,0,2026-08-29,18,quantile,0.6,5.143357708568615e-4
2026-08-29,wk inc flu prop ed visits,0,2026-08-29,18,quantile,0.65,5.404346641889161e-4
2026-08-29,wk inc flu prop ed visits,0,2026-08-29,18,quantile,0.7,5.698403839925466e-4
2026-08-29,wk inc flu prop ed visits,0,2026-08-29,18,quantile,0.75,6.088161855580536e-4
2026-08-29,wk inc flu prop ed visits,0,2026-08-29,18,quantile,0.8,6.534694915551925e-4
2026-08-29,wk inc flu prop ed visits,0,2026-08-29,18,quantile,0.85,7.131623485973157e-4
2026-08-29,wk inc flu prop ed visits,0,2026-08-29,18,quantile,0.9,8.010057128067085e-4
2026-08-29,wk inc flu prop ed visits,0,2026-08-29,18,quantile,0.95,9.663200881814538e-4
2026-08-29,wk inc flu prop ed visits,0,2026-08-29,18,quantile,0.975,0.0011594687362158176
2026-08-29,wk inc flu prop ed visits,0,2026-08-29,18,quantile,0.99,0.0014642524298534737
2026-08-29,wk inc flu prop ed visits,1,2026-09-05,18,quantile,0.01,5.1374410257586275e-6
2026-08-29,wk inc flu prop ed visits,1,2026-09-05,18,quantile,0.025,7.710791290609529e-5
2026-08-29,wk inc flu prop ed visits,1,2026-09-05,18,quantile,0.05,1.2812546106299395e-4
2026-08-29,wk inc flu prop ed visits,1,2026-09-05,18,quantile,0.1,1.9997814136643856e-4
2026-08-29,wk inc flu prop ed visits,1,2026-09-05,18,quantile,0.15,2.5248814396707967e-4
2026-08-29,wk inc flu prop ed visits,1,2026-09-05,18,quantile,0.2,2.924617993560688e-4
2026-08-29,wk inc flu prop ed visits,1,2026-09-05,18,quantile,0.25,3.289918971612758e-4
2026-08-29,wk inc flu prop ed visits,1,2026-09-05,18,quantile,0.3,3.6102156142739356e-4
2026-08-29,wk inc flu prop ed visits,1,2026-09-05,18,quantile,0.35,3.914345802350813e-4
2026-08-29,wk inc flu prop ed visits,1,2026-09-05,18,quantile,0.4,4.2107223090537363e-4
2026-08-29,wk inc flu prop ed visits,1,2026-09-05,18,quantile,0.45,4.510731287799646e-4
2026-08-29,wk inc flu prop ed visits,1,2026-09-05,18,quantile,0.5,4.8146050337305576e-4
2026-08-29,wk inc flu prop ed visits,1,2026-09-05,18,quantile,0.55,5.132257899741198e-4
2026-08-29,wk inc flu prop ed visits,1,2026-09-05,18,quantile,0.6,5.463650597820754e-4
2026-08-29,wk inc flu prop ed visits,1,2026-09-05,18,quantile,0.65,5.74746279736513e-4
2026-08-29,wk inc flu prop ed visits,1,2026-09-05,18,quantile,0.7,6.116991963211887e-4
2026-08-29,wk inc flu prop ed visits,1,2026-09-05,18,quantile,0.75,6.625411767223844e-4
2026-08-29,wk inc flu prop ed visits,1,2026-09-05,18,quantile,0.8,7.095954237617874e-4
2026-08-29,wk inc flu prop ed visits,1,2026-09-05,18,quantile,0.85,7.747559356353872e-4
2026-08-29,wk inc flu prop ed visits,1,2026-09-05,18,quantile,0.9,8.919447564793349e-4
2026-08-29,wk inc flu prop ed visits,1,2026-09-05,18,quantile,0.95,0.0010819853521223865
2026-08-29,wk inc flu prop ed visits,1,2026-09-05,18,quantile,0.975,0.0013198327708505559
2026-08-29,wk inc flu prop ed visits,1,2026-09-05,18,quantile,0.99,0.0016058649579844193
2026-08-29,wk inc flu prop ed visits,2,2026-09-12,18,quantile,0.01,7.005615213993492e-9
2026-08-29,wk inc flu prop ed visits,2,2026-09-12,18,quantile,0.025,4.6689201766328986e-5
2026-08-29,wk inc flu prop ed visits,2,2026-09-12,18,quantile,0.05,1.0808982858357416e-4
2026-08-29,wk inc flu prop ed visits,2,2026-09-12,18,quantile,0.1,1.8545559160230963e-4
2026-08-29,wk inc flu prop ed visits,2,2026-09-12,18,quantile,0.15,2.3986515258810182e-4
2026-08-29,wk inc flu prop ed visits,2,2026-09-12,18,quantile,0.2,2.9672130043585285e-4
2026-08-29,wk inc flu prop ed visits,2,2026-09-12,18,quantile,0.25,3.3068392062293397e-4
2026-08-29,wk inc flu prop ed visits,2,2026-09-12,18,quantile,0.3,3.6248733500053864e-4
2026-08-29,wk inc flu prop ed visits,2,2026-09-12,18,quantile,0.35,3.961440197645124e-4
2026-08-29,wk inc flu prop ed visits,2,2026-09-12,18,quantile,0.4,4.27571878318515e-4
2026-08-29,wk inc flu prop ed visits,2,2026-09-12,18,quantile,0.45,4.577526171147516e-4
2026-08-29,wk inc flu prop ed visits,2,2026-09-12,18,quantile,0.5,4.928918622515338e-4
2026-08-29,wk inc flu prop ed visits,2,2026-09-12,18,quantile,0.55,5.285198548009034e-4
2026-08-29,wk inc flu prop ed visits,2,2026-09-12,18,quantile,0.6,5.677376892307492e-4
2026-08-29,wk inc flu prop ed visits,2,2026-09-12,18,quantile,0.65,6.064185061920297e-4
2026-08-29,wk inc flu prop ed visits,2,2026-09-12,18,quantile,0.7,6.484163685991467e-4
2026-08-29,wk inc flu prop ed visits,2,2026-09-12,18,quantile,0.75,7.092394916283025e-4
2026-08-29,wk inc flu prop ed visits,2,2026-09-12,18,quantile,0.8,7.71334882487466e-4
2026-08-29,wk inc flu prop ed visits,2,2026-09-12,18,quantile,0.85,8.542098404453854e-4
2026-08-29,wk inc flu prop ed visits,2,2026-09-12,18,quantile,0.9,9.813460435411506e-4
2026-08-29,wk inc flu prop ed visits,2,2026-09-12,18,quantile,0.95,0.0012521897582688712
2026-08-29,wk inc flu prop ed visits,2,2026-09-12,18,quantile,0.975,0.0015497397197361017
2026-08-29,wk inc flu prop ed visits,2,2026-09-12,18,quantile,0.99,0.002102648818040207
2026-08-29,wk inc flu prop ed visits,3,2026-09-19,18,quantile,0.01,9.613977672961703e-9
2026-08-29,wk inc flu prop ed visits,3,2026-09-19,18,quantile,0.025,2.700654785371281e-5
2026-08-29,wk inc flu prop ed visits,3,2026-09-19,18,quantile,0.05,9.28404076387251e-5
2026-08-29,wk inc flu prop ed visits,3,2026-09-19,18,quantile,0.1,1.7532940645621412e-4
2026-08-29,wk inc flu prop ed visits,3,2026-09-19,18,quantile,0.15,2.2982194322673712e-4
2026-08-29,wk inc flu prop ed visits,3,2026-09-19,18,quantile,0.2,2.73972053979491e-4
2026-08-29,wk inc flu prop ed visits,3,2026-09-19,18,quantile,0.25,3.137991858612155e-4
2026-08-29,wk inc flu prop ed visits,3,2026-09-19,18,quantile,0.3,3.517260032550304e-4
2026-08-29,wk inc flu prop ed visits,3,2026-09-19,18,quantile,0.35,3.8931044330734924e-4
2026-08-29,wk inc flu prop ed visits,3,2026-09-19,18,quantile,0.4,4.2421929191307275e-4
2026-08-29,wk inc flu prop ed visits,3,2026-09-19,18,quantile,0.45,4.690113504727368e-4
2026-08-29,wk inc flu prop ed visits,3,2026-09-19,18,quantile,0.5,5.04549124247568e-4
2026-08-29,wk inc flu prop ed visits,3,2026-09-19,18,quantile,0.55,5.48541497240857e-4
2026-08-29,wk inc flu prop ed visits,3,2026-09-19,18,quantile,0.6,5.991080131601031e-4
2026-08-29,wk inc flu prop ed visits,3,2026-09-19,18,quantile,0.65,6.527855525378769e-4
2026-08-29,wk inc flu prop ed visits,3,2026-09-19,18,quantile,0.7,7.090407572749379e-4
2026-08-29,wk inc flu prop ed visits,3,2026-09-19,18,quantile,0.75,7.792347909060338e-4
2026-08-29,wk inc flu prop ed visits,3,2026-09-19,18,quantile,0.8,8.535719273575247e-4
2026-08-29,wk inc flu prop ed visits,3,2026-09-19,18,quantile,0.85,9.561811093563509e-4
2026-08-29,wk inc flu prop ed visits,3,2026-09-19,18,quantile,0.9,0.0011083858672485398
2026-08-29,wk inc flu prop ed visits,3,2026-09-19,18,quantile,0.95,0.0014614568361538325
2026-08-29,wk inc flu prop ed visits,3,2026-09-19,18,quantile,0.975,0.0019635231112829095
2026-08-29,wk inc flu prop ed visits,3,2026-09-19,18,quantile,0.99,0.0027391299196193697
2026-08-29,wk inc flu prop ed visits,-1,2026-08-22,20,quantile,0.01,1.032934962893309e-4
2026-08-29,wk inc flu prop ed visits,-1,2026-08-22,20,quantile,0.025,1.999999955296516e-4
2026-08-29,wk inc flu prop ed visits,-1,2026-08-22,20,quantile,0.05,2.977999810222537e-4
2026-08-29,wk inc flu prop ed visits,-1,2026-08-22,20,quantile,0.1,3.763636279512535e-4
2026-08-29,wk inc flu prop ed visits,-1,2026-08-22,20,quantile,0.15,4.224166574379777e-4
2026-08-29,wk inc flu prop ed visits,-1,2026-08-22,20,quantile,0.2,4.516922939855319e-4
2026-08-29,wk inc flu prop ed visits,-1,2026-08-22,20,quantile,0.25,4.8043747972697e-4
2026-08-29,wk inc flu prop ed visits,-1,2026-08-22,20,quantile,0.3,5.077999868243932e-4
2026-08-29,wk inc flu prop ed visits,-1,2026-08-22,20,quantile,0.35,5.279687381989787e-4
2026-08-29,wk inc flu prop ed visits,-1,2026-08-22,20,quantile,0.4,5.449411642902038e-4
2026-08-29,wk inc flu prop ed visits,-1,2026-08-22,20,quantile,0.45,5.586666394025087e-4
2026-08-29,wk inc flu prop ed visits,-1,2026-08-22,20,quantile,0.5,5.994736709092759e-4
2026-08-29,wk inc flu prop ed visits,-1,2026-08-22,20,quantile,0.55,6.388333339865011e-4
2026-08-29,wk inc flu prop ed visits,-1,2026-08-22,20,quantile,0.6,6.521568482705192e-4
2026-08-29,wk inc flu prop ed visits,-1,2026-08-22,20,quantile,0.65,6.689062350487803e-4
2026-08-29,wk inc flu prop ed visits,-1,2026-08-22,20,quantile,0.7,6.881999864429235e-4
2026-08-29,wk inc flu prop ed visits,-1,2026-08-22,20,quantile,0.75,7.153958270326256e-4
2026-08-29,wk inc flu prop ed visits,-1,2026-08-22,20,quantile,0.8,7.452307567573512e-4
2026-08-29,wk inc flu prop ed visits,-1,2026-08-22,20,quantile,0.85,7.705833165948862e-4
2026-08-29,wk inc flu prop ed visits,-1,2026-08-22,20,quantile,0.9,8.163636190760316e-4
2026-08-29,wk inc flu prop ed visits,-1,2026-08-22,20,quantile,0.95,9.076999936718492e-4
2026-08-29,wk inc flu prop ed visits,-1,2026-08-22,20,quantile,0.975,0.0010060526102193092
2026-08-29,wk inc flu prop ed visits,-1,2026-08-22,20,quantile,0.99,0.0011031195214180195
2026-08-29,wk inc flu prop ed visits,0,2026-08-29,20,quantile,0.01,6.525715705051281e-5
2026-08-29,wk inc flu prop ed visits,0,2026-08-29,20,quantile,0.025,1.2084051539465643e-4
2026-08-29,wk inc flu prop ed visits,0,2026-08-29,20,quantile,0.05,1.7337224618438097e-4
2026-08-29,wk inc flu prop ed visits,0,2026-08-29,20,quantile,0.1,2.529474983801817e-4
2026-08-29,wk inc flu prop ed visits,0,2026-08-29,20,quantile,0.15,3.17637603184326e-4
2026-08-29,wk inc flu prop ed visits,0,2026-08-29,20,quantile,0.2,3.510602898044947e-4
2026-08-29,wk inc flu prop ed visits,0,2026-08-29,20,quantile,0.25,3.8730167043609645e-4
2026-08-29,wk inc flu prop ed visits,0,2026-08-29,20,quantile,0.3,4.1549598076044675e-4
2026-08-29,wk inc flu prop ed visits,0,2026-08-29,20,quantile,0.35,4.4294171358504763e-4
2026-08-29,wk inc flu prop ed visits,0,2026-08-29,20,quantile,0.4,4.613021165767312e-4
2026-08-29,wk inc flu prop ed visits,0,2026-08-29,20,quantile,0.45,4.886131266005877e-4
2026-08-29,wk inc flu prop ed visits,0,2026-08-29,20,quantile,0.5,5.084642065299876e-4
2026-08-29,wk inc flu prop ed visits,0,2026-08-29,20,quantile,0.55,5.275286316231618e-4
2026-08-29,wk inc flu prop ed visits,0,2026-08-29,20,quantile,0.6,5.607354880422639e-4
2026-08-29,wk inc flu prop ed visits,0,2026-08-29,20,quantile,0.65,5.862321338013666e-4
2026-08-29,wk inc flu prop ed visits,0,2026-08-29,20,quantile,0.7,6.115897035380357e-4
2026-08-29,wk inc flu prop ed visits,0,2026-08-29,20,quantile,0.75,6.361928578688909e-4
2026-08-29,wk inc flu prop ed visits,0,2026-08-29,20,quantile,0.8,6.72547986730045e-4
2026-08-29,wk inc flu prop ed visits,0,2026-08-29,20,quantile,0.85,7.214258126488086e-4
2026-08-29,wk inc flu prop ed visits,0,2026-08-29,20,quantile,0.9,8.064836045442318e-4
2026-08-29,wk inc flu prop ed visits,0,2026-08-29,20,quantile,0.95,9.328331194303995e-4
2026-08-29,wk inc flu prop ed visits,0,2026-08-29,20,quantile,0.975,0.0010561083023318736
2026-08-29,wk inc flu prop ed visits,0,2026-08-29,20,quantile,0.99,0.0012463392538297677
2026-08-29,wk inc flu prop ed visits,1,2026-09-05,20,quantile,0.01,4.0578897146459814e-5
2026-08-29,wk inc flu prop ed visits,1,2026-09-05,20,quantile,0.025,1.0905865661980785e-4
2026-08-29,wk inc flu prop ed visits,1,2026-09-05,20,quantile,0.05,1.5567923577559033e-4
2026-08-29,wk inc flu prop ed visits,1,2026-09-05,20,quantile,0.1,2.3600862399770158e-4
2026-08-29,wk inc flu prop ed visits,1,2026-09-05,20,quantile,0.15,2.8911397808644676e-4
2026-08-29,wk inc flu prop ed visits,1,2026-09-05,20,quantile,0.2,3.2950751766458794e-4
2026-08-29,wk inc flu prop ed visits,1,2026-09-05,20,quantile,0.25,3.6440518480213165e-4
2026-08-29,wk inc flu prop ed visits,1,2026-09-05,20,quantile,0.3,3.910024781700364e-4
2026-08-29,wk inc flu prop ed visits,1,2026-09-05,20,quantile,0.35,4.2596614438232837e-4
2026-08-29,wk inc flu prop ed visits,1,2026-09-05,20,quantile,0.4,4.62460569296945e-4
2026-08-29,wk inc flu prop ed visits,1,2026-09-05,20,quantile,0.45,4.906995962600555e-4
2026-08-29,wk inc flu prop ed visits,1,2026-09-05,20,quantile,0.5,5.226011156698319e-4
2026-08-29,wk inc flu prop ed visits,1,2026-09-05,20,quantile,0.55,5.453490476592233e-4
2026-08-29,wk inc flu prop ed visits,1,2026-09-05,20,quantile,0.6,5.80553769557145e-4
2026-08-29,wk inc flu prop ed visits,1,2026-09-05,20,quantile,0.65,6.044498913842839e-4
2026-08-29,wk inc flu prop ed visits,1,2026-09-05,20,quantile,0.7,6.397591543994394e-4
2026-08-29,wk inc flu prop ed visits,1,2026-09-05,20,quantile,0.75,6.969361890443244e-4
2026-08-29,wk inc flu prop ed visits,1,2026-09-05,20,quantile,0.8,7.482874154454673e-4
2026-08-29,wk inc flu prop ed visits,1,2026-09-05,20,quantile,0.85,7.990770424934923e-4
2026-08-29,wk inc flu prop ed visits,1,2026-09-05,20,quantile,0.9,8.847598644852283e-4
2026-08-29,wk inc flu prop ed visits,1,2026-09-05,20,quantile,0.95,0.0010760751242602225
2026-08-29,wk inc flu prop ed visits,1,2026-09-05,20,quantile,0.975,0.0013088876272812772
2026-08-29,wk inc flu prop ed visits,1,2026-09-05,20,quantile,0.99,0.0016763561169077575
2026-08-29,wk inc flu prop ed visits,2,2026-09-12,20,quantile,0.01,2.05745218960153e-5
2026-08-29,wk inc flu prop ed visits,2,2026-09-12,20,quantile,0.025,8.556143891456061e-5
2026-08-29,wk inc flu prop ed visits,2,2026-09-12,20,quantile,0.05,1.552748361124864e-4
2026-08-29,wk inc flu prop ed visits,2,2026-09-12,20,quantile,0.1,2.355599039268546e-4
2026-08-29,wk inc flu prop ed visits,2,2026-09-12,20,quantile,0.15,2.979021554268804e-4
2026-08-29,wk inc flu prop ed visits,2,2026-09-12,20,quantile,0.2,3.296208274693884e-4
2026-08-29,wk inc flu prop ed visits,2,2026-09-12,20,quantile,0.25,3.7388917927590686e-4
2026-08-29,wk inc flu prop ed visits,2,2026-09-12,20,quantile,0.3,4.1201349818480583e-4
2026-08-29,wk inc flu prop ed visits,2,2026-09-12,20,quantile,0.35,4.391359168007285e-4
2026-08-29,wk inc flu prop ed visits,2,2026-09-12,20,quantile,0.4,4.7266282134777175e-4
2026-08-29,wk inc flu prop ed visits,2,2026-09-12,20,quantile,0.45,4.984023670402964e-4
2026-08-29,wk inc flu prop ed visits,2,2026-09-12,20,quantile,0.5,5.343309154317769e-4
2026-08-29,wk inc flu prop ed visits,2,2026-09-12,20,quantile,0.55,5.616850325016439e-4
2026-08-29,wk inc flu prop ed visits,2,2026-09-12,20,quantile,0.6,5.946585381249618e-4
2026-08-29,wk inc flu prop ed visits,2,2026-09-12,20,quantile,0.65,6.39079872394803e-4
2026-08-29,wk inc flu prop ed visits,2,2026-09-12,20,quantile,0.7,6.863559481442287e-4
2026-08-29,wk inc flu prop ed visits,2,2026-09-12,20,quantile,0.75,7.396187474788708e-4
2026-08-29,wk inc flu prop ed visits,2,2026-09-12,20,quantile,0.8,8.030806112091517e-4
2026-08-29,wk inc flu prop ed visits,2,2026-09-12,20,quantile,0.85,8.675341959640637e-4
2026-08-29,wk inc flu prop ed visits,2,2026-09-12,20,quantile,0.9,9.673409733490516e-4
2026-08-29,wk inc flu prop ed visits,2,2026-09-12,20,quantile,0.95,0.001219214844053801
2026-08-29,wk inc flu prop ed visits,2,2026-09-12,20,quantile,0.975,0.0015454329265654101
2026-08-29,wk inc flu prop ed visits,2,2026-09-12,20,quantile,0.99,0.002282283574875939
2026-08-29,wk inc flu prop ed visits,3,2026-09-19,20,quantile,0.01,3.1581590501251944e-6
2026-08-29,wk inc flu prop ed visits,3,2026-09-19,20,quantile,0.025,6.401357581341871e-5
2026-08-29,wk inc flu prop ed visits,3,2026-09-19,20,quantile,0.05,1.2831753648360263e-4
2026-08-29,wk inc flu prop ed visits,3,2026-09-19,20,quantile,0.1,2.1887421760370825e-4
2026-08-29,wk inc flu prop ed visits,3,2026-09-19,20,quantile,0.15,2.9246453031970377e-4
2026-08-29,wk inc flu prop ed visits,3,2026-09-19,20,quantile,0.2,3.4273224683889866e-4
2026-08-29,wk inc flu prop ed visits,3,2026-09-19,20,quantile,0.25,3.948302401119227e-4
2026-08-29,wk inc flu prop ed visits,3,2026-09-19,20,quantile,0.3,4.352033349548954e-4
2026-08-29,wk inc flu prop ed visits,3,2026-09-19,20,quantile,0.35,4.754163683777255e-4
2026-08-29,wk inc flu prop ed visits,3,2026-09-19,20,quantile,0.4,5.130733197931656e-4
2026-08-29,wk inc flu prop ed visits,3,2026-09-19,20,quantile,0.45,5.565494795729036e-4
2026-08-29,wk inc flu prop ed visits,3,2026-09-19,20,quantile,0.5,5.94610235824015e-4
2026-08-29,wk inc flu prop ed visits,3,2026-09-19,20,quantile,0.55,6.37728464566083e-4
2026-08-29,wk inc flu prop ed visits,3,2026-09-19,20,quantile,0.6,6.938553196489007e-4
2026-08-29,wk inc flu prop ed visits,3,2026-09-19,20,quantile,0.65,7.384324821139798e-4
2026-08-29,wk inc flu prop ed visits,3,2026-09-19,20,quantile,0.7,7.758514806981251e-4
2026-08-29,wk inc flu prop ed visits,3,2026-09-19,20,quantile,0.75,8.360790454292774e-4
2026-08-29,wk inc flu prop ed visits,3,2026-09-19,20,quantile,0.8,9.075167107102804e-4
2026-08-29,wk inc flu prop ed visits,3,2026-09-19,20,quantile,0.85,0.0010083728832670554
2026-08-29,wk inc flu prop ed visits,3,2026-09-19,20,quantile,0.9,0.0011472047010394667
2026-08-29,wk inc flu prop ed visits,3,2026-09-19,20,quantile,0.95,0.0015462864828635905
2026-08-29,wk inc flu prop ed visits,3,2026-09-19,20,quantile,0.975,0.002212767449142728
2026-08-29,wk inc flu prop ed visits,3,2026-09-19,20,quantile,0.99,0.003443241727505203
2026-08-29,wk inc flu prop ed visits,-1,2026-08-22,21,quantile,0.01,2.5652173339672698e-5
2026-08-29,wk inc flu prop ed visits,-1,2026-08-22,21,quantile,0.025,1.1815790959486834e-4
2026-08-29,wk inc flu prop ed visits,-1,2026-08-22,21,quantile,0.05,2.1100000056438158e-4
2026-08-29,wk inc flu prop ed visits,-1,2026-08-22,21,quantile,0.1,2.854545568539337e-4
2026-08-29,wk inc flu prop ed visits,-1,2026-08-22,21,quantile,0.15,3.331666780593222e-4
2026-08-29,wk inc flu prop ed visits,-1,2026-08-22,21,quantile,0.2,3.578461608634545e-4
2026-08-29,wk inc flu prop ed visits,-1,2026-08-22,21,quantile,0.25,3.8543750047683703e-4
2026-08-29,wk inc flu prop ed visits,-1,2026-08-22,21,quantile,0.3,4.136666738738617e-4
2026-08-29,wk inc flu prop ed visits,-1,2026-08-22,21,quantile,0.35,4.3296875871601503e-4
2026-08-29,wk inc flu prop ed visits,-1,2026-08-22,21,quantile,0.4,4.496470673995859e-4
2026-08-29,wk inc flu prop ed visits,-1,2026-08-22,21,quantile,0.45,4.619999935229619e-4
2026-08-29,wk inc flu prop ed visits,-1,2026-08-22,21,quantile,0.5,5.015789546856721e-4
2026-08-29,wk inc flu prop ed visits,-1,2026-08-22,21,quantile,0.55,5.434444659286076e-4
2026-08-29,wk inc flu prop ed visits,-1,2026-08-22,21,quantile,0.6,5.603921628465839e-4
2026-08-29,wk inc flu prop ed visits,-1,2026-08-22,21,quantile,0.65,5.798437553748955e-4
2026-08-29,wk inc flu prop ed visits,-1,2026-08-22,21,quantile,0.7,6.043333396067222e-4
2026-08-29,wk inc flu prop ed visits,-1,2026-08-22,21,quantile,0.75,6.37062514387071e-4
2026-08-29,wk inc flu prop ed visits,-1,2026-08-22,21,quantile,0.8,6.698461616841647e-4
2026-08-29,wk inc flu prop ed visits,-1,2026-08-22,21,quantile,0.85,7.038333385293956e-4
2026-08-29,wk inc flu prop ed visits,-1,2026-08-22,21,quantile,0.9,7.645454577762971e-4
2026-08-29,wk inc flu prop ed visits,-1,2026-08-22,21,quantile,0.95,8.517000151891259e-4
2026-08-29,wk inc flu prop ed visits,-1,2026-08-22,21,quantile,0.975,9.544736871397808e-4
2026-08-29,wk inc flu prop ed visits,-1,2026-08-22,21,quantile,0.99,0.0010544238937370803
2026-08-29,wk inc flu prop ed visits,0,2026-08-29,21,quantile,0.01,9.630228879461454e-5
2026-08-29,wk inc flu prop ed visits,0,2026-08-29,21,quantile,0.025,1.5405884216057402e-4
2026-08-29,wk inc flu prop ed visits,0,2026-08-29,21,quantile,0.05,2.1242545420045288e-4
2026-08-29,wk inc flu prop ed visits,0,2026-08-29,21,quantile,0.1,2.898616986563936e-4
2026-08-29,wk inc flu prop ed visits,0,2026-08-29,21,quantile,0.15,3.423813623562612e-4
2026-08-29,wk inc flu prop ed visits,0,2026-08-29,21,quantile,0.2,3.829574925471554e-4
2026-08-29,wk inc flu prop ed visits,0,2026-08-29,21,quantile,0.25,4.1612772573767863e-4
2026-08-29,wk inc flu prop ed visits,0,2026-08-29,21,quantile,0.3,4.41386058842029e-4
2026-08-29,wk inc flu prop ed visits,0,2026-08-29,21,quantile,0.35,4.65318031418265e-4
2026-08-29,wk inc flu prop ed visits,0,2026-08-29,21,quantile,0.4,4.886704137617103e-4
2026-08-29,wk inc flu prop ed visits,0,2026-08-29,21,quantile,0.45,5.1149511004383e-4
2026-08-29,wk inc flu prop ed visits,0,2026-08-29,21,quantile,0.5,5.357918040577815e-4
2026-08-29,wk inc flu prop ed visits,0,2026-08-29,21,quantile,0.55,5.598000183689138e-4
2026-08-29,wk inc flu prop ed visits,0,2026-08-29,21,quantile,0.6,5.88157941731881e-4
2026-08-29,wk inc flu prop ed visits,0,2026-08-29,21,quantile,0.65,6.142388635415577e-4
2026-08-29,wk inc flu prop ed visits,0,2026-08-29,21,quantile,0.7,6.412157569038116e-4
2026-08-29,wk inc flu prop ed visits,0,2026-08-29,21,quantile,0.75,6.75047672629776e-4
2026-08-29,wk inc flu prop ed visits,0,2026-08-29,21,quantile,0.8,7.186266438320749e-4
2026-08-29,wk inc flu prop ed visits,0,2026-08-29,21,quantile,0.85,7.789768434898381e-4
2026-08-29,wk inc flu prop ed visits,0,2026-08-29,21,quantile,0.9,8.70410548650792e-4
2026-08-29,wk inc flu prop ed visits,0,2026-08-29,21,quantile,0.95,0.001036535717987795
2026-08-29,wk inc flu prop ed visits,0,2026-08-29,21,quantile,0.975,0.0012095366228771004
2026-08-29,wk inc flu prop ed visits,0,2026-08-29,21,quantile,0.99,0.0014757586066638448
2026-08-29,wk inc flu prop ed visits,1,2026-09-05,21,quantile,0.01,5.3648136170924436e-5
2026-08-29,wk inc flu prop ed visits,1,2026-09-05,21,quantile,0.025,1.3358704831926266e-4
2026-08-29,wk inc flu prop ed visits,1,2026-09-05,21,quantile,0.05,1.8974913705385418e-4
2026-08-29,wk inc flu prop ed visits,1,2026-09-05,21,quantile,0.1,2.6981900163017844e-4
2026-08-29,wk inc flu prop ed visits,1,2026-09-05,21,quantile,0.15,3.258614153350687e-4
2026-08-29,wk inc flu prop ed visits,1,2026-09-05,21,quantile,0.2,3.666710048941193e-4
2026-08-29,wk inc flu prop ed visits,1,2026-09-05,21,quantile,0.25,4.0371370404599147e-4
2026-08-29,wk inc flu prop ed visits,1,2026-09-05,21,quantile,0.3,4.346192292312205e-4
2026-08-29,wk inc flu prop ed visits,1,2026-09-05,21,quantile,0.35,4.6690663816041677e-4
2026-08-29,wk inc flu prop ed visits,1,2026-09-05,21,quantile,0.4,4.971005800191475e-4
2026-08-29,wk inc flu prop ed visits,1,2026-09-05,21,quantile,0.45,5.257623676576063e-4
2026-08-29,wk inc flu prop ed visits,1,2026-09-05,21,quantile,0.5,5.5659142443493e-4
2026-08-29,wk inc flu prop ed visits,1,2026-09-05,21,quantile,0.55,5.866646692846821e-4
2026-08-29,wk inc flu prop ed visits,1,2026-09-05,21,quantile,0.6,6.177510244332106e-4
2026-08-29,wk inc flu prop ed visits,1,2026-09-05,21,quantile,0.65,6.448621088475854e-4
2026-08-29,wk inc flu prop ed visits,1,2026-09-05,21,quantile,0.7,6.824466272109849e-4
2026-08-29,wk inc flu prop ed visits,1,2026-09-05,21,quantile,0.75,7.330472470396859e-4
2026-08-29,wk inc flu prop ed visits,1,2026-09-05,21,quantile,0.8,7.81582938555964e-4
2026-08-29,wk inc flu prop ed visits,1,2026-09-05,21,quantile,0.85,8.438948296235608e-4
2026-08-29,wk inc flu prop ed visits,1,2026-09-05,21,quantile,0.9,9.445598148754429e-4
2026-08-29,wk inc flu prop ed visits,1,2026-09-05,21,quantile,0.95,0.001136082289020612
2026-08-29,wk inc flu prop ed visits,1,2026-09-05,21,quantile,0.975,0.00135553029924788
2026-08-29,wk inc flu prop ed visits,1,2026-09-05,21,quantile,0.99,0.0016370849472545483
2026-08-29,wk inc flu prop ed visits,2,2026-09-12,21,quantile,0.01,2.571608228049504e-5
2026-08-29,wk inc flu prop ed visits,2,2026-09-12,21,quantile,0.025,1.0589087571325639e-4
2026-08-29,wk inc flu prop ed visits,2,2026-09-12,21,quantile,0.05,1.7723714279401333e-4
2026-08-29,wk inc flu prop ed visits,2,2026-09-12,21,quantile,0.1,2.62892939777186e-4
2026-08-29,wk inc flu prop ed visits,2,2026-09-12,21,quantile,0.15,3.2016251857747163e-4
2026-08-29,wk inc flu prop ed visits,2,2026-09-12,21,quantile,0.2,3.731628373824309e-4
2026-08-29,wk inc flu prop ed visits,2,2026-09-12,21,quantile,0.25,4.090599696669975e-4
2026-08-29,wk inc flu prop ed visits,2,2026-09-12,21,quantile,0.3,4.407650284464564e-4
2026-08-29,wk inc flu prop ed visits,2,2026-09-12,21,quantile,0.35,4.73318707217977e-4
2026-08-29,wk inc flu prop ed visits,2,2026-09-12,21,quantile,0.4,5.050583776707756e-4
2026-08-29,wk inc flu prop ed visits,2,2026-09-12,21,quantile,0.45,5.334773235896459e-4
2026-08-29,wk inc flu prop ed visits,2,2026-09-12,21,quantile,0.5,5.688838549389767e-4
2026-08-29,wk inc flu prop ed visits,2,2026-09-12,21,quantile,0.55,6.00702515095492e-4
2026-08-29,wk inc flu prop ed visits,2,2026-09-12,21,quantile,0.6,6.385462383065805e-4
2026-08-29,wk inc flu prop ed visits,2,2026-09-12,21,quantile,0.65,6.796981132877946e-4
2026-08-29,wk inc flu prop ed visits,2,2026-09-12,21,quantile,0.7,7.213031890251234e-4
2026-08-29,wk inc flu prop ed visits,2,2026-09-12,21,quantile,0.75,7.775103471228448e-4
2026-08-29,wk inc flu prop ed visits,2,2026-09-12,21,quantile,0.8,8.416998012790766e-4
2026-08-29,wk inc flu prop ed visits,2,2026-09-12,21,quantile,0.85,9.172609076961523e-4
2026-08-29,wk inc flu prop ed visits,2,2026-09-12,21,quantile,0.9,0.0010295231010167463
2026-08-29,wk inc flu prop ed visits,2,2026-09-12,21,quantile,0.95,0.0012749455997592774
2026-08-29,wk inc flu prop ed visits,2,2026-09-12,21,quantile,0.975,0.0015471461851491385
2026-08-29,wk inc flu prop ed visits,2,2026-09-12,21,quantile,0.99,0.0020839050592848865
2026-08-29,wk inc flu prop ed visits,3,2026-09-19,21,quantile,0.01,1.3671715489705342e-5
2026-08-29,wk inc flu prop ed visits,3,2026-09-19,21,quantile,0.025,8.879441712002783e-5
2026-08-29,wk inc flu prop ed visits,3,2026-09-19,21,quantile,0.05,1.6285732227181275e-4
2026-08-29,wk inc flu prop ed visits,3,2026-09-19,21,quantile,0.1,2.540444284163821e-4
2026-08-29,wk inc flu prop ed visits,3,2026-09-19,21,quantile,0.15,3.152203733868596e-4
2026-08-29,wk inc flu prop ed visits,3,2026-09-19,21,quantile,0.2,3.6032861520030865e-4
2026-08-29,wk inc flu prop ed visits,3,2026-09-19,21,quantile,0.25,4.0218532077159917e-4
2026-08-29,wk inc flu prop ed visits,3,2026-09-19,21,quantile,0.3,4.4134750067160533e-4
2026-08-29,wk inc flu prop ed visits,3,2026-09-19,21,quantile,0.35,4.7929648757001993e-4
2026-08-29,wk inc flu prop ed visits,3,2026-09-19,21,quantile,0.4,5.141391072710625e-4
2026-08-29,wk inc flu prop ed visits,3,2026-09-19,21,quantile,0.45,5.580891478199608e-4
2026-08-29,wk inc flu prop ed visits,3,2026-09-19,21,quantile,0.5,5.923412405973798e-4
2026-08-29,wk inc flu prop ed visits,3,2026-09-19,21,quantile,0.55,6.360687965608522e-4
2026-08-29,wk inc flu prop ed visits,3,2026-09-19,21,quantile,0.6,6.862204341011507e-4
2026-08-29,wk inc flu prop ed visits,3,2026-09-19,21,quantile,0.65,7.369931986143495e-4
2026-08-29,wk inc flu prop ed visits,3,2026-09-19,21,quantile,0.7,7.835832208883376e-4
2026-08-29,wk inc flu prop ed visits,3,2026-09-19,21,quantile,0.75,8.47337852726518e-4
2026-08-29,wk inc flu prop ed visits,3,2026-09-19,21,quantile,0.8,9.107213664329347e-4
2026-08-29,wk inc flu prop ed visits,3,2026-09-19,21,quantile,0.85,0.0010057034245794187
2026-08-29,wk inc flu prop ed visits,3,2026-09-19,21,quantile,0.9,0.0011434285305154282
2026-08-29,wk inc flu prop ed visits,3,2026-09-19,21,quantile,0.95,0.001459831409545591
2026-08-29,wk inc flu prop ed visits,3,2026-09-19,21,quantile,0.975,0.001955589992350197
2026-08-29,wk inc flu prop ed visits,3,2026-09-19,21,quantile,0.99,0.0027673215400133245
2026-08-29,wk inc flu prop ed visits,-1,2026-08-22,22,quantile,0.01,4.1611962974395425e-4
2026-08-29,wk inc flu prop ed visits,-1,2026-08-22,22,quantile,0.025,5.121053053360235e-4
2026-08-29,wk inc flu prop ed visits,-1,2026-08-22,22,quantile,0.05,6.055000279750675e-4
2026-08-29,wk inc flu prop ed visits,-1,2026-08-22,22,quantile,0.1,6.809091298756274e-4
2026-08-29,wk inc flu prop ed visits,-1,2026-08-22,22,quantile,0.15,7.299167046280926e-4
2026-08-29,wk inc flu prop ed visits,-1,2026-08-22,22,quantile,0.2,7.578461891756608e-4
2026-08-29,wk inc flu prop ed visits,-1,2026-08-22,22,quantile,0.25,7.887708614269893e-4
2026-08-29,wk inc flu prop ed visits,-1,2026-08-22,22,quantile,0.3,8.158000350743531e-4
2026-08-29,wk inc flu prop ed visits,-1,2026-08-22,22,quantile,0.35,8.345312865858432e-4
2026-08-29,wk inc flu prop ed visits,-1,2026-08-22,22,quantile,0.4,8.508235656163271e-4
2026-08-29,wk inc flu prop ed visits,-1,2026-08-22,22,quantile,0.45,8.628333546842138e-4
2026-08-29,wk inc flu prop ed visits,-1,2026-08-22,22,quantile,0.5,9.021052984814862e-4
2026-08-29,wk inc flu prop ed visits,-1,2026-08-22,22,quantile,0.55,9.438333827381334e-4
2026-08-29,wk inc flu prop ed visits,-1,2026-08-22,22,quantile,0.6,9.592157208452039e-4
2026-08-29,wk inc flu prop ed visits,-1,2026-08-22,22,quantile,0.65,9.782812845951412e-4
2026-08-29,wk inc flu prop ed visits,-1,2026-08-22,22,quantile,0.7,0.0010003333692997695
2026-08-29,wk inc flu prop ed visits,-1,2026-08-22,22,quantile,0.75,0.001032062540948391
2026-08-29,wk inc flu prop ed visits,-1,2026-08-22,22,quantile,0.8,0.0010673846513606035
2026-08-29,wk inc flu prop ed visits,-1,2026-08-22,22,quantile,0.85,0.0011135833637831382
2026-08-29,wk inc flu prop ed visits,-1,2026-08-22,22,quantile,0.9,0.0011845454840610425
2026-08-29,wk inc flu prop ed visits,-1,2026-08-22,22,quantile,0.95,0.00129020003833808
2026-08-29,wk inc flu prop ed visits,-1,2026-08-22,22,quantile,0.975,0.0013968421254110964
2026-08-29,wk inc flu prop ed visits,-1,2026-08-22,22,quantile,0.99,0.0014993152146430121
2026-08-29,wk inc flu prop ed visits,0,2026-08-29,22,quantile,0.01,3.2428410261327203e-4
2026-08-29,wk inc flu prop ed visits,0,2026-08-29,22,quantile,0.025,3.94960224101725e-4
2026-08-29,wk inc flu prop ed visits,0,2026-08-29,22,quantile,0.05,4.672808289010091e-4
2026-08-29,wk inc flu prop ed visits,0,2026-08-29,22,quantile,0.1,5.890602646984309e-4
2026-08-29,wk inc flu prop ed visits,0,2026-08-29,22,quantile,0.15,6.743744380886207e-4
2026-08-29,wk inc flu prop ed visits,0,2026-08-29,22,quantile,0.2,7.109655933714621e-4
2026-08-29,wk inc flu prop ed visits,0,2026-08-29,22,quantile,0.25,7.517469752322726e-4
2026-08-29,wk inc flu prop ed visits,0,2026-08-29,22,quantile,0.3,7.880337950141616e-4
2026-08-29,wk inc flu prop ed visits,0,2026-08-29,22,quantile,0.35,8.228123492702038e-4
2026-08-29,wk inc flu prop ed visits,0,2026-08-29,22,quantile,0.4,8.574394311902508e-4
2026-08-29,wk inc flu prop ed visits,0,2026-08-29,22,quantile,0.45,8.880989647871168e-4
2026-08-29,wk inc flu prop ed visits,0,2026-08-29,22,quantile,0.5,9.255250985935339e-4
2026-08-29,wk inc flu prop ed visits,0,2026-08-29,22,quantile,0.55,9.573549061713949e-4
2026-08-29,wk inc flu prop ed visits,0,2026-08-29,22,quantile,0.6,9.94264371710576e-4
2026-08-29,wk inc flu prop ed visits,0,2026-08-29,22,quantile,0.65,0.0010412701049739
2026-08-29,wk inc flu prop ed visits,0,2026-08-29,22,quantile,0.7,0.0010785543729546607
2026-08-29,wk inc flu prop ed visits,0,2026-08-29,22,quantile,0.75,0.0011172604198591244
2026-08-29,wk inc flu prop ed visits,0,2026-08-29,22,quantile,0.8,0.0011694992788512486
2026-08-29,wk inc flu prop ed visits,0,2026-08-29,22,quantile,0.85,0.0012622434495896298
2026-08-29,wk inc flu prop ed visits,0,2026-08-29,22,quantile,0.9,0.0013853669337769168
2026-08-29,wk inc flu prop ed visits,0,2026-08-29,22,quantile,0.95,0.0016764015661811585
2026-08-29,wk inc flu prop ed visits,0,2026-08-29,22,quantile,0.975,0.001882258242093235
2026-08-29,wk inc flu prop ed visits,0,2026-08-29,22,quantile,0.99,0.002207539453680859
2026-08-29,wk inc flu prop ed visits,1,2026-09-05,22,quantile,0.01,2.64512911223486e-4
2026-08-29,wk inc flu prop ed visits,1,2026-09-05,22,quantile,0.025,3.673038244345024e-4
2026-08-29,wk inc flu prop ed visits,1,2026-09-05,22,quantile,0.05,4.6053486472476794e-4
2026-08-29,wk inc flu prop ed visits,1,2026-09-05,22,quantile,0.1,5.861929587746216e-4
2026-08-29,wk inc flu prop ed visits,1,2026-09-05,22,quantile,0.15,6.736570152835876e-4
2026-08-29,wk inc flu prop ed visits,1,2026-09-05,22,quantile,0.2,7.26377065893965e-4
2026-08-29,wk inc flu prop ed visits,1,2026-09-05,22,quantile,0.25,7.698801698381933e-4
2026-08-29,wk inc flu prop ed visits,1,2026-09-05,22,quantile,0.3,8.070963612562939e-4
2026-08-29,wk inc flu prop ed visits,1,2026-09-05,22,quantile,0.35,8.475735770747636e-4
2026-08-29,wk inc flu prop ed visits,1,2026-09-05,22,quantile,0.4,8.874543339328162e-4
2026-08-29,wk inc flu prop ed visits,1,2026-09-05,22,quantile,0.45,9.202858249768391e-4
2026-08-29,wk inc flu prop ed visits,1,2026-09-05,22,quantile,0.5,9.643676367108421e-4
2026-08-29,wk inc flu prop ed visits,1,2026-09-05,22,quantile,0.55,0.0010026967197994344
2026-08-29,wk inc flu prop ed visits,1,2026-09-05,22,quantile,0.6,0.0010458630927919562
2026-08-29,wk inc flu prop ed visits,1,2026-09-05,22,quantile,0.65,0.001077682537998292
2026-08-29,wk inc flu prop ed visits,1,2026-09-05,22,quantile,0.7,0.0011320053980659849
2026-08-29,wk inc flu prop ed visits,1,2026-09-05,22,quantile,0.75,0.0011994491069793542
2026-08-29,wk inc flu prop ed visits,1,2026-09-05,22,quantile,0.8,0.0012753858145040453
2026-08-29,wk inc flu prop ed visits,1,2026-09-05,22,quantile,0.85,0.0013528349343875361
2026-08-29,wk inc flu prop ed visits,1,2026-09-05,22,quantile,0.9,0.001465944247134677
2026-08-29,wk inc flu prop ed visits,1,2026-09-05,22,quantile,0.95,0.0017186255857812866
2026-08-29,wk inc flu prop ed visits,1,2026-09-05,22,quantile,0.975,0.001979590105001066
2026-08-29,wk inc flu prop ed visits,1,2026-09-05,22,quantile,0.99,0.0025314204875561347
2026-08-29,wk inc flu prop ed visits,2,2026-09-12,22,quantile,0.01,2.4858524689593133e-4
2026-08-29,wk inc flu prop ed visits,2,2026-09-12,22,quantile,0.025,3.8197195723587893e-4
2026-08-29,wk inc flu prop ed visits,2,2026-09-12,22,quantile,0.05,5.03813465495824e-4
2026-08-29,wk inc flu prop ed visits,2,2026-09-12,22,quantile,0.1,6.286102491325231e-4
2026-08-29,wk inc flu prop ed visits,2,2026-09-12,22,quantile,0.15,7.01983930472648e-4
2026-08-29,wk inc flu prop ed visits,2,2026-09-12,22,quantile,0.2,7.543620092809695e-4
2026-08-29,wk inc flu prop ed visits,2,2026-09-12,22,quantile,0.25,7.986788612969072e-4
2026-08-29,wk inc flu prop ed visits,2,2026-09-12,22,quantile,0.3,8.273690894770151e-4
2026-08-29,wk inc flu prop ed visits,2,2026-09-12,22,quantile,0.35,8.74677045413389e-4
2026-08-29,wk inc flu prop ed visits,2,2026-09-12,22,quantile,0.4,9.139227854002453e-4
2026-08-29,wk inc flu prop ed visits,2,2026-09-12,22,quantile,0.45,9.507293022608738e-4
2026-08-29,wk inc flu prop ed visits,2,2026-09-12,22,quantile,0.5,9.973931051187363e-4
2026-08-29,wk inc flu prop ed visits,2,2026-09-12,22,quantile,0.55,0.0010272739784308216
2026-08-29,wk inc flu prop ed visits,2,2026-09-12,22,quantile,0.6,0.0010760062981226416
2026-08-29,wk inc flu prop ed visits,2,2026-09-12,22,quantile,0.65,0.0011363788704649997
2026-08-29,wk inc flu prop ed visits,2,2026-09-12,22,quantile,0.7,0.0011873564130181452
2026-08-29,wk inc flu prop ed visits,2,2026-09-12,22,quantile,0.75,0.0012566299724111618
2026-08-29,wk inc flu prop ed visits,2,2026-09-12,22,quantile,0.8,0.0013542686725374726
2026-08-29,wk inc flu prop ed visits,2,2026-09-12,22,quantile,0.85,0.0014456048484745147
2026-08-29,wk inc flu prop ed visits,2,2026-09-12,22,quantile,0.9,0.0015868921918816073
2026-08-29,wk inc flu prop ed visits,2,2026-09-12,22,quantile,0.95,0.00188988668244122
2026-08-29,wk inc flu prop ed visits,2,2026-09-12,22,quantile,0.975,0.002192722757991768
2026-08-29,wk inc flu prop ed visits,2,2026-09-12,22,quantile,0.99,0.0028482077154313094
2026-08-29,wk inc flu prop ed visits,3,2026-09-19,22,quantile,0.01,2.525428889962567e-4
2026-08-29,wk inc flu prop ed visits,3,2026-09-19,22,quantile,0.025,3.900686798249005e-4
2026-08-29,wk inc flu prop ed visits,3,2026-09-19,22,quantile,0.05,5.073578470493934e-4
2026-08-29,wk inc flu prop ed visits,3,2026-09-19,22,quantile,0.1,6.379214693068065e-4
2026-08-29,wk inc flu prop ed visits,3,2026-09-19,22,quantile,0.15,7.272420429959077e-4
2026-08-29,wk inc flu prop ed visits,3,2026-09-19,22,quantile,0.2,7.811886864051722e-4
2026-08-29,wk inc flu prop ed visits,3,2026-09-19,22,quantile,0.25,8.28748189179157e-4
2026-08-29,wk inc flu prop ed visits,3,2026-09-19,22,quantile,0.3,8.743005608629477e-4
2026-08-29,wk inc flu prop ed visits,3,2026-09-19,22,quantile,0.35,9.247343449045286e-4
2026-08-29,wk inc flu prop ed visits,3,2026-09-19,22,quantile,0.4,9.644016079217242e-4
2026-08-29,wk inc flu prop ed visits,3,2026-09-19,22,quantile,0.45,0.0010181033118388883
2026-08-29,wk inc flu prop ed visits,3,2026-09-19,22,quantile,0.5,0.0010577402021143068
2026-08-29,wk inc flu prop ed visits,3,2026-09-19,22,quantile,0.55,0.0011075566322920275
2026-08-29,wk inc flu prop ed visits,3,2026-09-19,22,quantile,0.6,0.001173028684406614
2026-08-29,wk inc flu prop ed visits,3,2026-09-19,22,quantile,0.65,0.0012280524480866358
2026-08-29,wk inc flu prop ed visits,3,2026-09-19,22,quantile,0.7,0.001289617889847089
2026-08-29,wk inc flu prop ed visits,3,2026-09-19,22,quantile,0.75,0.0013598346695044383
2026-08-29,wk inc flu prop ed visits,3,2026-09-19,22,quantile,0.8,0.0014217798648640794
2026-08-29,wk inc flu prop ed visits,3,2026-09-19,22,quantile,0.85,0.0015216859142562985
2026-08-29,wk inc flu prop ed visits,3,2026-09-19,22,quantile,0.9,0.001707117538512603
2026-08-29,wk inc flu prop ed visits,3,2026-09-19,22,quantile,0.95,0.0020831670169276285
2026-08-29,wk inc flu prop ed visits,3,2026-09-19,22,quantile,0.975,0.0027895373183979342
2026-08-29,wk inc flu prop ed visits,3,2026-09-19,22,quantile,0.99,0.00396697029242318
2026-08-29,wk inc flu prop ed visits,-1,2026-08-22,25,quantile,0.01,1.923913000475452e-5
2026-08-29,wk inc flu prop ed visits,-1,2026-08-22,25,quantile,0.025,1.1210527815120781e-4
2026-08-29,wk inc flu prop ed visits,-1,2026-08-22,25,quantile,0.05,2.0550000068731612e-4
2026-08-29,wk inc flu prop ed visits,-1,2026-08-22,25,quantile,0.1,2.8484849626141963e-4
2026-08-29,wk inc flu prop ed visits,-1,2026-08-22,25,quantile,0.15,3.294166774446493e-4
2026-08-29,wk inc flu prop ed visits,-1,2026-08-22,25,quantile,0.2,3.5476923728218447e-4
2026-08-29,wk inc flu prop ed visits,-1,2026-08-22,25,quantile,0.25,3.8460416700690975e-4
2026-08-29,wk inc flu prop ed visits,-1,2026-08-22,25,quantile,0.3,4.11800007596612e-4
2026-08-29,wk inc flu prop ed visits,-1,2026-08-22,25,quantile,0.35,4.310937589907552e-4
2026-08-29,wk inc flu prop ed visits,-1,2026-08-22,25,quantile,0.4,4.472941262757077e-4
2026-08-29,wk inc flu prop ed visits,-1,2026-08-22,25,quantile,0.45,4.6094443787717156e-4
2026-08-29,wk inc flu prop ed visits,-1,2026-08-22,25,quantile,0.5,5.005263231302529e-4
2026-08-29,wk inc flu prop ed visits,-1,2026-08-22,25,quantile,0.55,5.405000211670995e-4
2026-08-29,wk inc flu prop ed visits,-1,2026-08-22,25,quantile,0.6,5.538823589682579e-4
2026-08-29,wk inc flu prop ed visits,-1,2026-08-22,25,quantile,0.65,5.71718755789334e-4
2026-08-29,wk inc flu prop ed visits,-1,2026-08-22,25,quantile,0.7,5.923333405206601e-4
2026-08-29,wk inc flu prop ed visits,-1,2026-08-22,25,quantile,0.75,6.220625137910246e-4
2026-08-29,wk inc flu prop ed visits,-1,2026-08-22,25,quantile,0.8,6.532307773255386e-4
2026-08-29,wk inc flu prop ed visits,-1,2026-08-22,25,quantile,0.85,6.818333379035468e-4
2026-08-29,wk inc flu prop ed visits,-1,2026-08-22,25,quantile,0.9,7.287878827050778e-4
2026-08-29,wk inc flu prop ed visits,-1,2026-08-22,25,quantile,0.95,8.176000124681739e-4
2026-08-29,wk inc flu prop ed visits,-1,2026-08-22,25,quantile,0.975,9.242105220297449e-4
2026-08-29,wk inc flu prop ed visits,-1,2026-08-22,25,quantile,0.99,0.0010223586687008325
2026-08-29,wk inc flu prop ed visits,0,2026-08-29,25,quantile,0.01,7.193109389702546e-5
2026-08-29,wk inc flu prop ed visits,0,2026-08-29,25,quantile,0.025,1.1646314857497524e-4
2026-08-29,wk inc flu prop ed visits,0,2026-08-29,25,quantile,0.05,1.6198238889835197e-4
2026-08-29,wk inc flu prop ed visits,0,2026-08-29,25,quantile,0.1,2.332968767027118e-4
2026-08-29,wk inc flu prop ed visits,0,2026-08-29,25,quantile,0.15,2.8829030740199255e-4
2026-08-29,wk inc flu prop ed visits,0,2026-08-29,25,quantile,0.2,3.1708661112585685e-4
2026-08-29,wk inc flu prop ed visits,0,2026-08-29,25,quantile,0.25,3.467733867074398e-4
2026-08-29,wk inc flu prop ed visits,0,2026-08-29,25,quantile,0.3,3.727674278930817e-4
2026-08-29,wk inc flu prop ed visits,0,2026-08-29,25,quantile,0.35,3.9711493921315176e-4
2026-08-29,wk inc flu prop ed visits,0,2026-08-29,25,quantile,0.4,4.155118326911168e-4
2026-08-29,wk inc flu prop ed visits,0,2026-08-29,25,quantile,0.45,4.378233848873693e-4
2026-08-29,wk inc flu prop ed visits,0,2026-08-29,25,quantile,0.5,4.5902333416399256e-4
2026-08-29,wk inc flu prop ed visits,0,2026-08-29,25,quantile,0.55,4.794621019581235e-4
2026-08-29,wk inc flu prop ed visits,0,2026-08-29,25,quantile,0.6,5.076705019048608e-4
2026-08-29,wk inc flu prop ed visits,0,2026-08-29,25,quantile,0.65,5.351316524599313e-4
2026-08-29,wk inc flu prop ed visits,0,2026-08-29,25,quantile,0.7,5.60540307883899e-4
2026-08-29,wk inc flu prop ed visits,0,2026-08-29,25,quantile,0.75,5.883429839115997e-4
2026-08-29,wk inc flu prop ed visits,0,2026-08-29,25,quantile,0.8,6.249273498075719e-4
2026-08-29,wk inc flu prop ed visits,0,2026-08-29,25,quantile,0.85,6.771227618938252e-4
2026-08-29,wk inc flu prop ed visits,0,2026-08-29,25,quantile,0.9,7.587814628074485e-4
2026-08-29,wk inc flu prop ed visits,0,2026-08-29,25,quantile,0.95,9.332253801676543e-4
2026-08-29,wk inc flu prop ed visits,0,2026-08-29,25,quantile,0.975,0.001065989463978924
2026-08-29,wk inc flu prop ed visits,0,2026-08-29,25,quantile,0.99,0.0012877030929373228
2026-08-29,wk inc flu prop ed visits,1,2026-09-05,25,quantile,0.01,3.9533347639710586e-5
2026-08-29,wk inc flu prop ed visits,1,2026-09-05,25,quantile,0.025,1.0375071692526038e-4
2026-08-29,wk inc flu prop ed visits,1,2026-09-05,25,quantile,0.05,1.519573291505702e-4
2026-08-29,wk inc flu prop ed visits,1,2026-09-05,25,quantile,0.1,2.2569340746776475e-4
2026-08-29,wk inc flu prop ed visits,1,2026-09-05,25,quantile,0.15,2.774013551913977e-4
2026-08-29,wk inc flu prop ed visits,1,2026-09-05,25,quantile,0.2,3.125941291617484e-4
2026-08-29,wk inc flu prop ed visits,1,2026-09-05,25,quantile,0.25,3.4274740108818856e-4
2026-08-29,wk inc flu prop ed visits,1,2026-09-05,25,quantile,0.3,3.689904427227569e-4
2026-08-29,wk inc flu prop ed visits,1,2026-09-05,25,quantile,0.35,3.995681645403907e-4
2026-08-29,wk inc flu prop ed visits,1,2026-09-05,25,quantile,0.4,4.318086974371279e-4
2026-08-29,wk inc flu prop ed visits,1,2026-09-05,25,quantile,0.45,4.5563596422454165e-4
2026-08-29,wk inc flu prop ed visits,1,2026-09-05,25,quantile,0.5,4.8537751438324596e-4
2026-08-29,wk inc flu prop ed visits,1,2026-09-05,25,quantile,0.55,5.086745291589132e-4
2026-08-29,wk inc flu prop ed visits,1,2026-09-05,25,quantile,0.6,5.391634088231114e-4
2026-08-29,wk inc flu prop ed visits,1,2026-09-05,25,quantile,0.65,5.607819598087671e-4
2026-08-29,wk inc flu prop ed visits,1,2026-09-05,25,quantile,0.7,5.948417970814926e-4
2026-08-29,wk inc flu prop ed visits,1,2026-09-05,25,quantile,0.75,6.446175502982014e-4
2026-08-29,wk inc flu prop ed visits,1,2026-09-05,25,quantile,0.8,6.970215379391976e-4
2026-08-29,wk inc flu prop ed visits,1,2026-09-05,25,quantile,0.85,7.485451148821095e-4
2026-08-29,wk inc flu prop ed visits,1,2026-09-05,25,quantile,0.9,8.303077173018127e-4
2026-08-29,wk inc flu prop ed visits,1,2026-09-05,25,quantile,0.95,0.0010059297738591899
2026-08-29,wk inc flu prop ed visits,1,2026-09-05,25,quantile,0.975,0.0012086683181618042
2026-08-29,wk inc flu prop ed visits,1,2026-09-05,25,quantile,0.99,0.001600213934695432
2026-08-29,wk inc flu prop ed visits,2,2026-09-12,25,quantile,0.01,2.008580732268245e-5
2026-08-29,wk inc flu prop ed visits,2,2026-09-12,25,quantile,0.025,8.533628713564535e-5
2026-08-29,wk inc flu prop ed visits,2,2026-09-12,25,quantile,0.05,1.5436590557297265e-4
2026-08-29,wk inc flu prop ed visits,2,2026-09-12,25,quantile,0.1,2.3118042895229466e-4
2026-08-29,wk inc flu prop ed visits,2,2026-09-12,25,quantile,0.15,2.8646713870707067e-4
2026-08-29,wk inc flu prop ed visits,2,2026-09-12,25,quantile,0.2,3.1982880974389957e-4
2026-08-29,wk inc flu prop ed visits,2,2026-09-12,25,quantile,0.25,3.5740336211943937e-4
2026-08-29,wk inc flu prop ed visits,2,2026-09-12,25,quantile,0.3,3.8617183914244286e-4
2026-08-29,wk inc flu prop ed visits,2,2026-09-12,25,quantile,0.35,4.1458518844706506e-4
2026-08-29,wk inc flu prop ed visits,2,2026-09-12,25,quantile,0.4,4.4287557495742403e-4
2026-08-29,wk inc flu prop ed visits,2,2026-09-12,25,quantile,0.45,4.6771731730001773e-4
2026-08-29,wk inc flu prop ed visits,2,2026-09-12,25,quantile,0.5,5.002692620379747e-4
2026-08-29,wk inc flu prop ed visits,2,2026-09-12,25,quantile,0.55,5.240184564291605e-4
2026-08-29,wk inc flu prop ed visits,2,2026-09-12,25,quantile,0.6,5.544930700443211e-4
2026-08-29,wk inc flu prop ed visits,2,2026-09-12,25,quantile,0.65,5.954393104201957e-4
2026-08-29,wk inc flu prop ed visits,2,2026-09-12,25,quantile,0.7,6.36911923539638e-4
2026-08-29,wk inc flu prop ed visits,2,2026-09-12,25,quantile,0.75,6.894276271164117e-4
2026-08-29,wk inc flu prop ed visits,2,2026-09-12,25,quantile,0.8,7.529801443049329e-4
2026-08-29,wk inc flu prop ed visits,2,2026-09-12,25,quantile,0.85,8.211893745800601e-4
2026-08-29,wk inc flu prop ed visits,2,2026-09-12,25,quantile,0.9,9.294199508072988e-4
2026-08-29,wk inc flu prop ed visits,2,2026-09-12,25,quantile,0.95,0.0011641632809815455
2026-08-29,wk inc flu prop ed visits,2,2026-09-12,25,quantile,0.975,0.0014498073740130293
2026-08-29,wk inc flu prop ed visits,2,2026-09-12,25,quantile,0.99,0.0020472647031525605
2026-08-29,wk inc flu prop ed visits,3,2026-09-19,25,quantile,0.01,1.119482357888165e-5
2026-08-29,wk inc flu prop ed visits,3,2026-09-19,25,quantile,0.025,8.033037152660595e-5
2026-08-29,wk inc flu prop ed visits,3,2026-09-19,25,quantile,0.05,1.4521319125572086e-4
2026-08-29,wk inc flu prop ed visits,3,2026-09-19,25,quantile,0.1,2.2895261202480487e-4
2026-08-29,wk inc flu prop ed visits,3,2026-09-19,25,quantile,0.15,2.919292112932336e-4
2026-08-29,wk inc flu prop ed visits,3,2026-09-19,25,quantile,0.2,3.328859577618238e-4
2026-08-29,wk inc flu prop ed visits,3,2026-09-19,25,quantile,0.25,3.734057150526815e-4
2026-08-29,wk inc flu prop ed visits,3,2026-09-19,25,quantile,0.3,4.0906331328132415e-4
2026-08-29,wk inc flu prop ed visits,3,2026-09-19,25,quantile,0.35,4.441603023823126e-4
2026-08-29,wk inc flu prop ed visits,3,2026-09-19,25,quantile,0.4,4.784666364302722e-4
2026-08-29,wk inc flu prop ed visits,3,2026-09-19,25,quantile,0.45,5.21349498408824e-4
2026-08-29,wk inc flu prop ed visits,3,2026-09-19,25,quantile,0.5,5.540447922236206e-4
2026-08-29,wk inc flu prop ed visits,3,2026-09-19,25,quantile,0.55,5.890778908690561e-4
2026-08-29,wk inc flu prop ed visits,3,2026-09-19,25,quantile,0.6,6.408038066761452e-4
2026-08-29,wk inc flu prop ed visits,3,2026-09-19,25,quantile,0.65,6.825463333738548e-4
2026-08-29,wk inc flu prop ed visits,3,2026-09-19,25,quantile,0.7,7.2211709021341e-4
2026-08-29,wk inc flu prop ed visits,3,2026-09-19,25,quantile,0.75,7.780706123995452e-4
2026-08-29,wk inc flu prop ed visits,3,2026-09-19,25,quantile,0.8,8.367020699587123e-4
2026-08-29,wk inc flu prop ed visits,3,2026-09-19,25,quantile,0.85,9.230331212843195e-4
2026-08-29,wk inc flu prop ed visits,3,2026-09-19,25,quantile,0.9,0.0010518593323858667
2026-08-29,wk inc flu prop ed visits,3,2026-09-19,25,quantile,0.95,0.0013928391281283633
2026-08-29,wk inc flu prop ed visits,3,2026-09-19,25,quantile,0.975,0.001987153785533545
2026-08-29,wk inc flu prop ed visits,3,2026-09-19,25,quantile,0.99,0.0030321549980012854
2026-08-29,wk inc flu prop ed visits,-1,2026-08-22,24,quantile,0.01,2.4210525774642032e-5
2026-08-29,wk inc flu prop ed visits,-1,2026-08-22,24,quantile,0.025,2.5652173339672698e-5
2026-08-29,wk inc flu prop ed visits,-1,2026-08-22,24,quantile,0.05,1.1649998507462449e-4
2026-08-29,wk inc flu prop ed visits,-1,2026-08-22,24,quantile,0.1,1.9393939033827994e-4
2026-08-29,wk inc flu prop ed visits,-1,2026-08-22,24,quantile,0.15,2.369166622827177e-4
2026-08-29,wk inc flu prop ed visits,-1,2026-08-22,24,quantile,0.2,2.6215383702745803e-4
2026-08-29,wk inc flu prop ed visits,-1,2026-08-22,24,quantile,0.25,2.9043748397380103e-4
2026-08-29,wk inc flu prop ed visits,-1,2026-08-22,24,quantile,0.3,3.157999911159277e-4
2026-08-29,wk inc flu prop ed visits,-1,2026-08-22,24,quantile,0.35,3.357812427857424e-4
2026-08-29,wk inc flu prop ed visits,-1,2026-08-22,24,quantile,0.4,3.508235217893825e-4
2026-08-29,wk inc flu prop ed visits,-1,2026-08-22,24,quantile,0.45,3.628333106016119e-4
2026-08-29,wk inc flu prop ed visits,-1,2026-08-22,24,quantile,0.5,4.0157893849046273e-4
2026-08-29,wk inc flu prop ed visits,-1,2026-08-22,24,quantile,0.55,4.4216667171567686e-4
2026-08-29,wk inc flu prop ed visits,-1,2026-08-22,24,quantile,0.6,4.562352841391284e-4
2026-08-29,wk inc flu prop ed visits,-1,2026-08-22,24,quantile,0.65,4.748437394446229e-4
2026-08-29,wk inc flu prop ed visits,-1,2026-08-22,24,quantile,0.7,4.961999907344579e-4
2026-08-29,wk inc flu prop ed visits,-1,2026-08-22,24,quantile,0.75,5.253958315898974e-4
2026-08-29,wk inc flu prop ed visits,-1,2026-08-22,24,quantile,0.8,5.575384544065366e-4
2026-08-29,wk inc flu prop ed visits,-1,2026-08-22,24,quantile,0.85,5.855833221269424e-4
2026-08-29,wk inc flu prop ed visits,-1,2026-08-22,24,quantile,0.9,6.327272611246868e-4
2026-08-29,wk inc flu prop ed visits,-1,2026-08-22,24,quantile,0.95,7.131999990437178e-4
2026-08-29,wk inc flu prop ed visits,-1,2026-08-22,24,quantile,0.975,8.121052472607085e-4
2026-08-29,wk inc flu prop ed visits,-1,2026-08-22,24,quantile,0.99,9.095325704178085e-4
2026-08-29,wk inc flu prop ed visits,0,2026-08-29,24,quantile,0.01,9.8390171332961e-5
2026-08-29,wk inc flu prop ed visits,0,2026-08-29,24,quantile,0.025,1.4781735744947517e-4
2026-08-29,wk inc flu prop ed visits,0,2026-08-29,24,quantile,0.05,2.0775079888914094e-4
2026-08-29,wk inc flu prop ed visits,0,2026-08-29,24,quantile,0.1,2.767025820990556e-4
2026-08-29,wk inc flu prop ed visits,0,2026-08-29,24,quantile,0.15,3.209474896766249e-4
2026-08-29,wk inc flu prop ed visits,0,2026-08-29,24,quantile,0.2,3.6408452546479795e-4
2026-08-29,wk inc flu prop ed visits,0,2026-08-29,24,quantile,0.25,3.945094053772467e-4
2026-08-29,wk inc flu prop ed visits,0,2026-08-29,24,quantile,0.3,4.1570627853540644e-4
2026-08-29,wk inc flu prop ed visits,0,2026-08-29,24,quantile,0.35,4.369028783187871e-4
2026-08-29,wk inc flu prop ed visits,0,2026-08-29,24,quantile,0.4,4.614500352425331e-4
2026-08-29,wk inc flu prop ed visits,0,2026-08-29,24,quantile,0.45,4.799370924500533e-4
2026-08-29,wk inc flu prop ed visits,0,2026-08-29,24,quantile,0.5,5.019573508462475e-4
2026-08-29,wk inc flu prop ed visits,0,2026-08-29,24,quantile,0.55,5.277077329903327e-4
2026-08-29,wk inc flu prop ed visits,0,2026-08-29,24,quantile,0.6,5.523358672587008e-4
2026-08-29,wk inc flu prop ed visits,0,2026-08-29,24,quantile,0.65,5.758253434539526e-4
2026-08-29,wk inc flu prop ed visits,0,2026-08-29,24,quantile,0.7,6.054144500068952e-4
2026-08-29,wk inc flu prop ed visits,0,2026-08-29,24,quantile,0.75,6.421187205356063e-4
2026-08-29,wk inc flu prop ed visits,0,2026-08-29,24,quantile,0.8,6.853637037679011e-4
2026-08-29,wk inc flu prop ed visits,0,2026-08-29,24,quantile,0.85,7.463538042240844e-4
2026-08-29,wk inc flu prop ed visits,0,2026-08-29,24,quantile,0.9,8.332969934273841e-4
2026-08-29,wk inc flu prop ed visits,0,2026-08-29,24,quantile,0.95,0.0010051956991397294
2026-08-29,wk inc flu prop ed visits,0,2026-08-29,24,quantile,0.975,0.0011962447354573586
2026-08-29,wk inc flu prop ed visits,0,2026-08-29,24,quantile,0.99,0.0014795437841823792
2026-08-29,wk inc flu prop ed visits,1,2026-09-05,24,quantile,0.01,3.914071840733243e-5
2026-08-29,wk inc flu prop ed visits,1,2026-09-05,24,quantile,0.025,1.2198153144564853e-4
2026-08-29,wk inc flu prop ed visits,1,2026-09-05,24,quantile,0.05,1.8655592811168923e-4
2026-08-29,wk inc flu prop ed visits,1,2026-09-05,24,quantile,0.1,2.611557764596553e-4
2026-08-29,wk inc flu prop ed visits,1,2026-09-05,24,quantile,0.15,3.13607623592733e-4
2026-08-29,wk inc flu prop ed visits,1,2026-09-05,24,quantile,0.2,3.5192217103185546e-4
2026-08-29,wk inc flu prop ed visits,1,2026-09-05,24,quantile,0.25,3.878694951481185e-4
2026-08-29,wk inc flu prop ed visits,1,2026-09-05,24,quantile,0.3,4.196689964601944e-4
2026-08-29,wk inc flu prop ed visits,1,2026-09-05,24,quantile,0.35,4.4603719871336004e-4
2026-08-29,wk inc flu prop ed visits,1,2026-09-05,24,quantile,0.4,4.6826573054933147e-4
2026-08-29,wk inc flu prop ed visits,1,2026-09-05,24,quantile,0.45,4.951123712929198e-4
2026-08-29,wk inc flu prop ed visits,1,2026-09-05,24,quantile,0.5,5.222071915737615e-4
2026-08-29,wk inc flu prop ed visits,1,2026-09-05,24,quantile,0.55,5.555761540112579e-4
2026-08-29,wk inc flu prop ed visits,1,2026-09-05,24,quantile,0.6,5.84973543871054e-4
2026-08-29,wk inc flu prop ed visits,1,2026-09-05,24,quantile,0.65,6.115159678414866e-4
2026-08-29,wk inc flu prop ed visits,1,2026-09-05,24,quantile,0.7,6.477138608408568e-4
2026-08-29,wk inc flu prop ed visits,1,2026-09-05,24,quantile,0.75,6.926671144813342e-4
2026-08-29,wk inc flu prop ed visits,1,2026-09-05,24,quantile,0.8,7.372014390903474e-4
2026-08-29,wk inc flu prop ed visits,1,2026-09-05,24,quantile,0.85,8.021579654590195e-4
2026-08-29,wk inc flu prop ed visits,1,2026-09-05,24,quantile,0.9,9.137620309416192e-4
2026-08-29,wk inc flu prop ed visits,1,2026-09-05,24,quantile,0.95,0.0010922606615249584
2026-08-29,wk inc flu prop ed visits,1,2026-09-05,24,quantile,0.975,0.00130797421421967
2026-08-29,wk inc flu prop ed visits,1,2026-09-05,24,quantile,0.99,0.0015309165456492734
2026-08-29,wk inc flu prop ed visits,2,2026-09-12,24,quantile,0.01,1.0445018547801767e-5
2026-08-29,wk inc flu prop ed visits,2,2026-09-12,24,quantile,0.025,1.0337408589885836e-4
2026-08-29,wk inc flu prop ed visits,2,2026-09-12,24,quantile,0.05,1.7148154372111324e-4
2026-08-29,wk inc flu prop ed visits,2,2026-09-12,24,quantile,0.1,2.5229152747781205e-4
2026-08-29,wk inc flu prop ed visits,2,2026-09-12,24,quantile,0.15,3.0251428293382685e-4
2026-08-29,wk inc flu prop ed visits,2,2026-09-12,24,quantile,0.2,3.637123893216763e-4
2026-08-29,wk inc flu prop ed visits,2,2026-09-12,24,quantile,0.25,3.9079816465288305e-4
2026-08-29,wk inc flu prop ed visits,2,2026-09-12,24,quantile,0.3,4.1589640903734806e-4
2026-08-29,wk inc flu prop ed visits,2,2026-09-12,24,quantile,0.35,4.503594105282103e-4
2026-08-29,wk inc flu prop ed visits,2,2026-09-12,24,quantile,0.4,4.791636415236854e-4
2026-08-29,wk inc flu prop ed visits,2,2026-09-12,24,quantile,0.45,5.066685809498433e-4
2026-08-29,wk inc flu prop ed visits,2,2026-09-12,24,quantile,0.5,5.374298368462793e-4
2026-08-29,wk inc flu prop ed visits,2,2026-09-12,24,quantile,0.55,5.704861993544196e-4
2026-08-29,wk inc flu prop ed visits,2,2026-09-12,24,quantile,0.6,6.073706170268478e-4
2026-08-29,wk inc flu prop ed visits,2,2026-09-12,24,quantile,0.65,6.436025424937127e-4
2026-08-29,wk inc flu prop ed visits,2,2026-09-12,24,quantile,0.7,6.795558826818858e-4
2026-08-29,wk inc flu prop ed visits,2,2026-09-12,24,quantile,0.75,7.352990268904832e-4
2026-08-29,wk inc flu prop ed visits,2,2026-09-12,24,quantile,0.8,7.94986324393952e-4
2026-08-29,wk inc flu prop ed visits,2,2026-09-12,24,quantile,0.85,8.720011433260991e-4
2026-08-29,wk inc flu prop ed visits,2,2026-09-12,24,quantile,0.9,9.910183336718852e-4
2026-08-29,wk inc flu prop ed visits,2,2026-09-12,24,quantile,0.95,0.001230543400927892
2026-08-29,wk inc flu prop ed visits,2,2026-09-12,24,quantile,0.975,0.0014700430050168562
2026-08-29,wk inc flu prop ed visits,2,2026-09-12,24,quantile,0.99,0.0018833515226652792
2026-08-29,wk inc flu prop ed visits,3,2026-09-19,24,quantile,0.01,3.0644390139937054e-6
2026-08-29,wk inc flu prop ed visits,3,2026-09-19,24,quantile,0.025,8.906917905570284e-5
2026-08-29,wk inc flu prop ed visits,3,2026-09-19,24,quantile,0.05,1.6211088106692247e-4
2026-08-29,wk inc flu prop ed visits,3,2026-09-19,24,quantile,0.1,2.456378827103236e-4
2026-08-29,wk inc flu prop ed visits,3,2026-09-19,24,quantile,0.15,2.9341421597438094e-4
2026-08-29,wk inc flu prop ed visits,3,2026-09-19,24,quantile,0.2,3.3344822208166585e-4
2026-08-29,wk inc flu prop ed visits,3,2026-09-19,24,quantile,0.25,3.664810902716157e-4
2026-08-29,wk inc flu prop ed visits,3,2026-09-19,24,quantile,0.3,4.011864186085927e-4
2026-08-29,wk inc flu prop ed visits,3,2026-09-19,24,quantile,0.35,4.370653095227029e-4
2026-08-29,wk inc flu prop ed visits,3,2026-09-19,24,quantile,0.4,4.6677612584513246e-4
2026-08-29,wk inc flu prop ed visits,3,2026-09-19,24,quantile,0.45,5.077936039836759e-4
2026-08-29,wk inc flu prop ed visits,3,2026-09-19,24,quantile,0.5,5.381840151662806e-4
2026-08-29,wk inc flu prop ed visits,3,2026-09-19,24,quantile,0.55,5.75738722140136e-4
2026-08-29,wk inc flu prop ed visits,3,2026-09-19,24,quantile,0.6,6.192575069598732e-4
2026-08-29,wk inc flu prop ed visits,3,2026-09-19,24,quantile,0.65,6.677424893465236e-4
2026-08-29,wk inc flu prop ed visits,3,2026-09-19,24,quantile,0.7,7.237776770343694e-4
2026-08-29,wk inc flu prop ed visits,3,2026-09-19,24,quantile,0.75,7.885789939859855e-4
2026-08-29,wk inc flu prop ed visits,3,2026-09-19,24,quantile,0.8,8.533358094578166e-4
2026-08-29,wk inc flu prop ed visits,3,2026-09-19,24,quantile,0.85,9.419222266553843e-4
2026-08-29,wk inc flu prop ed visits,3,2026-09-19,24,quantile,0.9,0.001081836327662601
2026-08-29,wk inc flu prop ed visits,3,2026-09-19,24,quantile,0.95,0.0013699654574676654
2026-08-29,wk inc flu prop ed visits,3,2026-09-19,24,quantile,0.975,0.0017603681035649112
2026-08-29,wk inc flu prop ed visits,3,2026-09-19,24,quantile,0.99,0.0023270736675488203
2026-08-29,wk inc flu prop ed visits,-1,2026-08-22,23,quantile,0.01,9.688045295441273e-5
2026-08-29,wk inc flu prop ed visits,-1,2026-08-22,23,quantile,0.025,1.9394736408599112e-4
2026-08-29,wk inc flu prop ed visits,-1,2026-08-22,23,quantile,0.05,2.9229998114518825e-4
2026-08-29,wk inc flu prop ed visits,-1,2026-08-22,23,quantile,0.1,3.757575673587394e-4
2026-08-29,wk inc flu prop ed visits,-1,2026-08-22,23,quantile,0.15,4.2191665744915354e-4
2026-08-29,wk inc flu prop ed visits,-1,2026-08-22,23,quantile,0.2,4.486153709773834e-4
2026-08-29,wk inc flu prop ed visits,-1,2026-08-22,23,quantile,0.25,4.779374797828494e-4
2026-08-29,wk inc flu prop ed visits,-1,2026-08-22,23,quantile,0.3,5.057999868690968e-4
2026-08-29,wk inc flu prop ed visits,-1,2026-08-22,23,quantile,0.35,5.267187382269184e-4
2026-08-29,wk inc flu prop ed visits,-1,2026-08-22,23,quantile,0.4,5.449411642902038e-4
2026-08-29,wk inc flu prop ed visits,-1,2026-08-22,23,quantile,0.45,5.586666394025087e-4
2026-08-29,wk inc flu prop ed visits,-1,2026-08-22,23,quantile,0.5,5.989473550335324e-4
2026-08-29,wk inc flu prop ed visits,-1,2026-08-22,23,quantile,0.55,6.380000005165739e-4
2026-08-29,wk inc flu prop ed visits,-1,2026-08-22,23,quantile,0.6,6.503529266399497e-4
2026-08-29,wk inc flu prop ed visits,-1,2026-08-22,23,quantile,0.65,6.657812351186295e-4
2026-08-29,wk inc flu prop ed visits,-1,2026-08-22,23,quantile,0.7,6.861999868601561e-4
2026-08-29,wk inc flu prop ed visits,-1,2026-08-22,23,quantile,0.75,7.128958272437254e-4
2026-08-29,wk inc flu prop ed visits,-1,2026-08-22,23,quantile,0.8,7.42153833176081e-4
2026-08-29,wk inc flu prop ed visits,-1,2026-08-22,23,quantile,0.85,7.668333159802133e-4
2026-08-29,wk inc flu prop ed visits,-1,2026-08-22,23,quantile,0.9,8.106060426004907e-4
2026-08-29,wk inc flu prop ed visits,-1,2026-08-22,23,quantile,0.95,8.889999934751538e-4
2026-08-29,wk inc flu prop ed visits,-1,2026-08-22,23,quantile,0.975,9.81842084444667e-4
2026-08-29,wk inc flu prop ed visits,-1,2026-08-22,23,quantile,0.99,0.0010774673480783469
2026-08-29,wk inc flu prop ed visits,0,2026-08-29,23,quantile,0.01,1.0460751873010104e-4
2026-08-29,wk inc flu prop ed visits,0,2026-08-29,23,quantile,0.025,1.8102611852766583e-4
2026-08-29,wk inc flu prop ed visits,0,2026-08-29,23,quantile,0.05,2.4222596851957055e-4
2026-08-29,wk inc flu prop ed visits,0,2026-08-29,23,quantile,0.1,3.177498251837252e-4
2026-08-29,wk inc flu prop ed visits,0,2026-08-29,23,quantile,0.15,3.72484695143124e-4
2026-08-29,wk inc flu prop ed visits,0,2026-08-29,23,quantile,0.2,4.2540173173821554e-4
2026-08-29,wk inc flu prop ed visits,0,2026-08-29,23,quantile,0.25,4.686553493878473e-4
2026-08-29,wk inc flu prop ed visits,0,2026-08-29,23,quantile,0.3,4.991410162773295e-4
2026-08-29,wk inc flu prop ed visits,0,2026-08-29,23,quantile,0.35,5.321199179822947e-4
2026-08-29,wk inc flu prop ed visits,0,2026-08-29,23,quantile,0.4,5.51981185935271e-4
2026-08-29,wk inc flu prop ed visits,0,2026-08-29,23,quantile,0.45,5.809353467342405e-4
2026-08-29,wk inc flu prop ed visits,0,2026-08-29,23,quantile,0.5,6.000131422000187e-4
2026-08-29,wk inc flu prop ed visits,0,2026-08-29,23,quantile,0.55,6.258102988932099e-4
2026-08-29,wk inc flu prop ed visits,0,2026-08-29,23,quantile,0.6,6.607663874023069e-4
2026-08-29,wk inc flu prop ed visits,0,2026-08-29,23,quantile,0.65,6.917084417616681e-4
2026-08-29,wk inc flu prop ed visits,0,2026-08-29,23,quantile,0.7,7.252439390454029e-4
2026-08-29,wk inc flu prop ed visits,0,2026-08-29,23,quantile,0.75,7.736808040971195e-4
2026-08-29,wk inc flu prop ed visits,0,2026-08-29,23,quantile,0.8,8.170275024141354e-4
2026-08-29,wk inc flu prop ed visits,0,2026-08-29,23,quantile,0.85,8.650633209750929e-4
2026-08-29,wk inc flu prop ed visits,0,2026-08-29,23,quantile,0.9,9.375352034198439e-4
2026-08-29,wk inc flu prop ed visits,0,2026-08-29,23,quantile,0.95,0.001076357534931967
2026-08-29,wk inc flu prop ed visits,0,2026-08-29,23,quantile,0.975,0.0012519464125701303
2026-08-29,wk inc flu prop ed visits,0,2026-08-29,23,quantile,0.99,0.001549628804306375
2026-08-29,wk inc flu prop ed visits,1,2026-09-05,23,quantile,0.01,6.729692804612251e-5
2026-08-29,wk inc flu prop ed visits,1,2026-09-05,23,quantile,0.025,1.5358997155973244e-4
2026-08-29,wk inc flu prop ed visits,1,2026-09-05,23,quantile,0.05,2.0843002601326645e-4
2026-08-29,wk inc flu prop ed visits,1,2026-09-05,23,quantile,0.1,2.8753925188703745e-4
2026-08-29,wk inc flu prop ed visits,1,2026-09-05,23,quantile,0.15,3.465224328664125e-4
2026-08-29,wk inc flu prop ed visits,1,2026-09-05,23,quantile,0.2,3.9394509063096344e-4
2026-08-29,wk inc flu prop ed visits,1,2026-09-05,23,quantile,0.25,4.3463130977206536e-4
2026-08-29,wk inc flu prop ed visits,1,2026-09-05,23,quantile,0.3,4.723065377973436e-4
2026-08-29,wk inc flu prop ed visits,1,2026-09-05,23,quantile,0.35,5.080025228428262e-4
2026-08-29,wk inc flu prop ed visits,1,2026-09-05,23,quantile,0.4,5.504773006378404e-4
2026-08-29,wk inc flu prop ed visits,1,2026-09-05,23,quantile,0.45,5.871302584256589e-4
2026-08-29,wk inc flu prop ed visits,1,2026-09-05,23,quantile,0.5,6.224199035929587e-4
2026-08-29,wk inc flu prop ed visits,1,2026-09-05,23,quantile,0.55,6.534525607745297e-4
2026-08-29,wk inc flu prop ed visits,1,2026-09-05,23,quantile,0.6,6.97915553928116e-4
2026-08-29,wk inc flu prop ed visits,1,2026-09-05,23,quantile,0.65,7.278216027067125e-4
2026-08-29,wk inc flu prop ed visits,1,2026-09-05,23,quantile,0.7,7.630910616665301e-4
2026-08-29,wk inc flu prop ed visits,1,2026-09-05,23,quantile,0.75,8.232912406174512e-4
2026-08-29,wk inc flu prop ed visits,1,2026-09-05,23,quantile,0.8,8.737611751922164e-4
2026-08-29,wk inc flu prop ed visits,1,2026-09-05,23,quantile,0.85,9.347190278279491e-4
2026-08-29,wk inc flu prop ed visits,1,2026-09-05,23,quantile,0.9,0.0010711502850820004
2026-08-29,wk inc flu prop ed visits,1,2026-09-05,23,quantile,0.95,0.0012426527659021131
2026-08-29,wk inc flu prop ed visits,1,2026-09-05,23,quantile,0.975,0.001504702178993037
2026-08-29,wk inc flu prop ed visits,1,2026-09-05,23,quantile,0.99,0.0018817176503258808
2026-08-29,wk inc flu prop ed visits,2,2026-09-12,23,quantile,0.01,2.587885409782835e-5
2026-08-29,wk inc flu prop ed visits,2,2026-09-12,23,quantile,0.025,9.645054638906833e-5
2026-08-29,wk inc flu prop ed visits,2,2026-09-12,23,quantile,0.05,1.6853241884910673e-4
2026-08-29,wk inc flu prop ed visits,2,2026-09-12,23,quantile,0.1,2.5571299499777174e-4
2026-08-29,wk inc flu prop ed visits,2,2026-09-12,23,quantile,0.15,3.277122039328612e-4
2026-08-29,wk inc flu prop ed visits,2,2026-09-12,23,quantile,0.2,3.8737151722280735e-4
2026-08-29,wk inc flu prop ed visits,2,2026-09-12,23,quantile,0.25,4.352219137921502e-4
2026-08-29,wk inc flu prop ed visits,2,2026-09-12,23,quantile,0.3,4.8043356789578254e-4
2026-08-29,wk inc flu prop ed visits,2,2026-09-12,23,quantile,0.35,5.175879388430242e-4
2026-08-29,wk inc flu prop ed visits,2,2026-09-12,23,quantile,0.4,5.544321901792644e-4
2026-08-29,wk inc flu prop ed visits,2,2026-09-12,23,quantile,0.45,5.912450599008133e-4
2026-08-29,wk inc flu prop ed visits,2,2026-09-12,23,quantile,0.5,6.316721228938279e-4
2026-08-29,wk inc flu prop ed visits,2,2026-09-12,23,quantile,0.55,6.750141035482694e-4
2026-08-29,wk inc flu prop ed visits,2,2026-09-12,23,quantile,0.6,7.152126967587441e-4
2026-08-29,wk inc flu prop ed visits,2,2026-09-12,23,quantile,0.65,7.541094232580008e-4
2026-08-29,wk inc flu prop ed visits,2,2026-09-12,23,quantile,0.7,8.062414529092732e-4
2026-08-29,wk inc flu prop ed visits,2,2026-09-12,23,quantile,0.75,8.797004010118856e-4
2026-08-29,wk inc flu prop ed visits,2,2026-09-12,23,quantile,0.8,9.378559863626264e-4
2026-08-29,wk inc flu prop ed visits,2,2026-09-12,23,quantile,0.85,0.001030633230314654
2026-08-29,wk inc flu prop ed visits,2,2026-09-12,23,quantile,0.9,0.001182565826367522
2026-08-29,wk inc flu prop ed visits,2,2026-09-12,23,quantile,0.95,0.0015009741708110413
2026-08-29,wk inc flu prop ed visits,2,2026-09-12,23,quantile,0.975,0.00188535643073062
2026-08-29,wk inc flu prop ed visits,2,2026-09-12,23,quantile,0.99,0.0025657439879368184
2026-08-29,wk inc flu prop ed visits,3,2026-09-19,23,quantile,0.01,9.613977672961703e-9
2026-08-29,wk inc flu prop ed visits,3,2026-09-19,23,quantile,0.025,6.089358719053595e-5
2026-08-29,wk inc flu prop ed visits,3,2026-09-19,23,quantile,0.05,1.3873764167480167e-4
2026-08-29,wk inc flu prop ed visits,3,2026-09-19,23,quantile,0.1,2.3691062005551004e-4
2026-08-29,wk inc flu prop ed visits,3,2026-09-19,23,quantile,0.15,3.0767328263179205e-4
2026-08-29,wk inc flu prop ed visits,3,2026-09-19,23,quantile,0.2,3.6591132452466654e-4
2026-08-29,wk inc flu prop ed visits,3,2026-09-19,23,quantile,0.25,4.2035229134145175e-4
2026-08-29,wk inc flu prop ed visits,3,2026-09-19,23,quantile,0.3,4.6571869743090003e-4
2026-08-29,wk inc flu prop ed visits,3,2026-09-19,23,quantile,0.35,5.105738900200274e-4
2026-08-29,wk inc flu prop ed visits,3,2026-09-19,23,quantile,0.4,5.567140121039557e-4
2026-08-29,wk inc flu prop ed visits,3,2026-09-19,23,quantile,0.45,6.122314235174677e-4
2026-08-29,wk inc flu prop ed visits,3,2026-09-19,23,quantile,0.5,6.597614574723024e-4
2026-08-29,wk inc flu prop ed visits,3,2026-09-19,23,quantile,0.55,7.084035423688012e-4
2026-08-29,wk inc flu prop ed visits,3,2026-09-19,23,quantile,0.6,7.718488808167823e-4
2026-08-29,wk inc flu prop ed visits,3,2026-09-19,23,quantile,0.65,8.310443445075208e-4
2026-08-29,wk inc flu prop ed visits,3,2026-09-19,23,quantile,0.7,9.023928355863617e-4
2026-08-29,wk inc flu prop ed visits,3,2026-09-19,23,quantile,0.75,9.859201679944733e-4
2026-08-29,wk inc flu prop ed visits,3,2026-09-19,23,quantile,0.8,0.0010925361841117114
2026-08-29,wk inc flu prop ed visits,3,2026-09-19,23,quantile,0.85,0.0012160848080625892
2026-08-29,wk inc flu prop ed visits,3,2026-09-19,23,quantile,0.9,0.0013901422536986474
2026-08-29,wk inc flu prop ed visits,3,2026-09-19,23,quantile,0.95,0.001880946058999614
2026-08-29,wk inc flu prop ed visits,3,2026-09-19,23,quantile,0.975,0.0024915597944111553
2026-08-29,wk inc flu prop ed visits,3,2026-09-19,23,quantile,0.99,0.0033762774011307896
2026-08-29,wk inc flu prop ed visits,-1,2026-08-22,26,quantile,0.01,6.052631443660507e-6
2026-08-29,wk inc flu prop ed visits,-1,2026-08-22,26,quantile,0.025,6.413043334918174e-6
2026-08-29,wk inc flu prop ed visits,-1,2026-08-22,26,quantile,0.05,1.0329998536966748e-4
2026-08-29,wk inc flu prop ed visits,-1,2026-08-22,26,quantile,0.1,1.809090868654576e-4
2026-08-29,wk inc flu prop ed visits,-1,2026-08-22,26,quantile,0.15,2.2566666183568285e-4
2026-08-29,wk inc flu prop ed visits,-1,2026-08-22,26,quantile,0.2,2.5292306765913963e-4
2026-08-29,wk inc flu prop ed visits,-1,2026-08-22,26,quantile,0.25,2.8293748414143905e-4
2026-08-29,wk inc flu prop ed visits,-1,2026-08-22,26,quantile,0.3,3.0979999125003814e-4
2026-08-29,wk inc flu prop ed visits,-1,2026-08-22,26,quantile,0.35,3.2984374262741753e-4
2026-08-29,wk inc flu prop ed visits,-1,2026-08-22,26,quantile,0.4,3.472941098844304e-4
2026-08-29,wk inc flu prop ed visits,-1,2026-08-22,26,quantile,0.45,3.603333105022708e-4
2026-08-29,wk inc flu prop ed visits,-1,2026-08-22,26,quantile,0.5,3.999999910592999e-4
2026-08-29,wk inc flu prop ed visits,-1,2026-08-22,26,quantile,0.55,4.3966667161633575e-4
2026-08-29,wk inc flu prop ed visits,-1,2026-08-22,26,quantile,0.6,4.5270587223417624e-4
2026-08-29,wk inc flu prop ed visits,-1,2026-08-22,26,quantile,0.65,4.6890623951912865e-4
2026-08-29,wk inc flu prop ed visits,-1,2026-08-22,26,quantile,0.7,4.901999912410974e-4
2026-08-29,wk inc flu prop ed visits,-1,2026-08-22,26,quantile,0.75,5.170624984428286e-4
2026-08-29,wk inc flu prop ed visits,-1,2026-08-22,26,quantile,0.8,5.452307612276994e-4
2026-08-29,wk inc flu prop ed visits,-1,2026-08-22,26,quantile,0.85,5.705833210652346e-4
2026-08-29,wk inc flu prop ed visits,-1,2026-08-22,26,quantile,0.9,6.151515021355766e-4
2026-08-29,wk inc flu prop ed visits,-1,2026-08-22,26,quantile,0.95,6.966999971587209e-4
2026-08-29,wk inc flu prop ed visits,-1,2026-08-22,26,quantile,0.975,7.939473518023364e-4
2026-08-29,wk inc flu prop ed visits,-1,2026-08-22,26,quantile,0.99,8.902934392185316e-4
2026-08-29,wk inc flu prop ed visits,0,2026-08-29,26,quantile,0.01,3.618698506882813e-5
2026-08-29,wk inc flu prop ed visits,0,2026-08-29,26,quantile,0.025,8.334056488105594e-5
2026-08-29,wk inc flu prop ed visits,0,2026-08-29,26,quantile,0.05,1.2333061189969376e-4
2026-08-29,wk inc flu prop ed visits,0,2026-08-29,26,quantile,0.1,1.8400107688243753e-4
2026-08-29,wk inc flu prop ed visits,0,2026-08-29,26,quantile,0.15,2.2951539092786927e-4
2026-08-29,wk inc flu prop ed visits,0,2026-08-29,26,quantile,0.2,2.611371727580383e-4
2026-08-29,wk inc flu prop ed visits,0,2026-08-29,26,quantile,0.25,2.8591566780205137e-4
2026-08-29,wk inc flu prop ed visits,0,2026-08-29,26,quantile,0.3,3.0846170753560676e-4
2026-08-29,wk inc flu prop ed visits,0,2026-08-29,26,quantile,0.35,3.2709158210550155e-4
2026-08-29,wk inc flu prop ed visits,0,2026-08-29,26,quantile,0.4,3.428868822746508e-4
2026-08-29,wk inc flu prop ed visits,0,2026-08-29,26,quantile,0.45,3.601585735775369e-4
2026-08-29,wk inc flu prop ed visits,0,2026-08-29,26,quantile,0.5,3.795298272594041e-4
2026-08-29,wk inc flu prop ed visits,0,2026-08-29,26,quantile,0.55,3.9981076898739726e-4
2026-08-29,wk inc flu prop ed visits,0,2026-08-29,26,quantile,0.6,0.00042208095616593953
2026-08-29,wk inc flu prop ed visits,0,2026-08-29,26,quantile,0.65,4.4397424589077907e-4
2026-08-29,wk inc flu prop ed visits,0,2026-08-29,26,quantile,0.7,4.662366514948105e-4
2026-08-29,wk inc flu prop ed visits,0,2026-08-29,26,quantile,0.75,4.905562662845409e-4
2026-08-29,wk inc flu prop ed visits,0,2026-08-29,26,quantile,0.8,5.301146546401301e-4
2026-08-29,wk inc flu prop ed visits,0,2026-08-29,26,quantile,0.85,5.770187960529704e-4
2026-08-29,wk inc flu prop ed visits,0,2026-08-29,26,quantile,0.9,6.638560371160849e-4
2026-08-29,wk inc flu prop ed visits,0,2026-08-29,26,quantile,0.95,8.345075471455933e-4
2026-08-29,wk inc flu prop ed visits,0,2026-08-29,26,quantile,0.975,9.686029201249689e-4
2026-08-29,wk inc flu prop ed visits,0,2026-08-29,26,quantile,0.99,0.0011845179629477942
2026-08-29,wk inc flu prop ed visits,1,2026-09-05,26,quantile,0.01,7.81544298056892e-6
2026-08-29,wk inc flu prop ed visits,1,2026-09-05,26,quantile,0.025,6.65658716980149e-5
2026-08-29,wk inc flu prop ed visits,1,2026-09-05,26,quantile,0.05,1.1406150058329284e-4
2026-08-29,wk inc flu prop ed visits,1,2026-09-05,26,quantile,0.1,1.776125750802451e-4
2026-08-29,wk inc flu prop ed visits,1,2026-09-05,26,quantile,0.15,2.2068841937466585e-4
2026-08-29,wk inc flu prop ed visits,1,2026-09-05,26,quantile,0.2,2.512540265111248e-4
2026-08-29,wk inc flu prop ed visits,1,2026-09-05,26,quantile,0.25,2.811189681104792e-4
2026-08-29,wk inc flu prop ed visits,1,2026-09-05,26,quantile,0.3,3.0762262688591337e-4
2026-08-29,wk inc flu prop ed visits,1,2026-09-05,26,quantile,0.35,3.3769169237970353e-4
2026-08-29,wk inc flu prop ed visits,1,2026-09-05,26,quantile,0.4,3.6372692980342797e-4
2026-08-29,wk inc flu prop ed visits,1,2026-09-05,26,quantile,0.45,3.8440401466191944e-4
2026-08-29,wk inc flu prop ed visits,1,2026-09-05,26,quantile,0.5,4.083060306436012e-4
2026-08-29,wk inc flu prop ed visits,1,2026-09-05,26,quantile,0.55,4.2999464962830585e-4
2026-08-29,wk inc flu prop ed visits,1,2026-09-05,26,quantile,0.6,4.546200921677566e-4
2026-08-29,wk inc flu prop ed visits,1,2026-09-05,26,quantile,0.65,4.727415584633219e-4
2026-08-29,wk inc flu prop ed visits,1,2026-09-05,26,quantile,0.7,5.03616983272515e-4
2026-08-29,wk inc flu prop ed visits,1,2026-09-05,26,quantile,0.75,5.463689271821098e-4
2026-08-29,wk inc flu prop ed visits,1,2026-09-05,26,quantile,0.8,5.940954642978945e-4
2026-08-29,wk inc flu prop ed visits,1,2026-09-05,26,quantile,0.85,6.480461236493472e-4
2026-08-29,wk inc flu prop ed visits,1,2026-09-05,26,quantile,0.9,7.197091634657581e-4
2026-08-29,wk inc flu prop ed visits,1,2026-09-05,26,quantile,0.95,8.921960624801616e-4
2026-08-29,wk inc flu prop ed visits,1,2026-09-05,26,quantile,0.975,0.0010761750826584929
2026-08-29,wk inc flu prop ed visits,1,2026-09-05,26,quantile,0.99,0.0013274437799894207
2026-08-29,wk inc flu prop ed visits,2,2026-09-12,26,quantile,0.01,7.005615213993492e-9
2026-08-29,wk inc flu prop ed visits,2,2026-09-12,26,quantile,0.025,3.99781717223961e-5
2026-08-29,wk inc flu prop ed visits,2,2026-09-12,26,quantile,0.05,9.787295929143e-5
2026-08-29,wk inc flu prop ed visits,2,2026-09-12,26,quantile,0.1,1.6891280214790226e-4
2026-08-29,wk inc flu prop ed visits,2,2026-09-12,26,quantile,0.15,2.1907134855788556e-4
2026-08-29,wk inc flu prop ed visits,2,2026-09-12,26,quantile,0.2,2.5726244787375004e-4
2026-08-29,wk inc flu prop ed visits,2,2026-09-12,26,quantile,0.25,2.915136783577934e-4
2026-08-29,wk inc flu prop ed visits,2,2026-09-12,26,quantile,0.3,3.191791729437211e-4
2026-08-29,wk inc flu prop ed visits,2,2026-09-12,26,quantile,0.35,3.4321086466767984e-4
2026-08-29,wk inc flu prop ed visits,2,2026-09-12,26,quantile,0.4,3.6859831990223294e-4
2026-08-29,wk inc flu prop ed visits,2,2026-09-12,26,quantile,0.45,3.886119118964929e-4
2026-08-29,wk inc flu prop ed visits,2,2026-09-12,26,quantile,0.5,4.167350605901346e-4
2026-08-29,wk inc flu prop ed visits,2,2026-09-12,26,quantile,0.55,4.390660022207938e-4
2026-08-29,wk inc flu prop ed visits,2,2026-09-12,26,quantile,0.6,4.6696963909656736e-4
2026-08-29,wk inc flu prop ed visits,2,2026-09-12,26,quantile,0.65,5.036498226985926e-4
2026-08-29,wk inc flu prop ed visits,2,2026-09-12,26,quantile,0.7,5.424568143755243e-4
2026-08-29,wk inc flu prop ed visits,2,2026-09-12,26,quantile,0.75,5.913430072966144e-4
2026-08-29,wk inc flu prop ed visits,2,2026-09-12,26,quantile,0.8,6.497395339802425e-4
2026-08-29,wk inc flu prop ed visits,2,2026-09-12,26,quantile,0.85,7.175723928604338e-4
2026-08-29,wk inc flu prop ed visits,2,2026-09-12,26,quantile,0.9,8.197209439974741e-4
2026-08-29,wk inc flu prop ed visits,2,2026-09-12,26,quantile,0.95,0.001025695754074965
2026-08-29,wk inc flu prop ed visits,2,2026-09-12,26,quantile,0.975,0.0013011185202950629
2026-08-29,wk inc flu prop ed visits,2,2026-09-12,26,quantile,0.99,0.0018185057637870098
2026-08-29,wk inc flu prop ed visits,3,2026-09-19,26,quantile,0.01,9.613977672961703e-9
2026-08-29,wk inc flu prop ed visits,3,2026-09-19,26,quantile,0.025,4.0093738945735375e-5
2026-08-29,wk inc flu prop ed visits,3,2026-09-19,26,quantile,0.05,9.508649825985805e-5
2026-08-29,wk inc flu prop ed visits,3,2026-09-19,26,quantile,0.1,1.6931348321696786e-4
2026-08-29,wk inc flu prop ed visits,3,2026-09-19,26,quantile,0.15,2.2034827407301145e-4
2026-08-29,wk inc flu prop ed visits,3,2026-09-19,26,quantile,0.2,2.543179299957013e-4
2026-08-29,wk inc flu prop ed visits,3,2026-09-19,26,quantile,0.25,2.897398518888238e-4
2026-08-29,wk inc flu prop ed visits,3,2026-09-19,26,quantile,0.3,3.255453528468898e-4
2026-08-29,wk inc flu prop ed visits,3,2026-09-19,26,quantile,0.35,3.557426930100189e-4
2026-08-29,wk inc flu prop ed visits,3,2026-09-19,26,quantile,0.4,3.896786165695412e-4
2026-08-29,wk inc flu prop ed visits,3,2026-09-19,26,quantile,0.45,4.3030099214357535e-4
2026-08-29,wk inc flu prop ed visits,3,2026-09-19,26,quantile,0.5,4.6001353071699493e-4
2026-08-29,wk inc flu prop ed visits,3,2026-09-19,26,quantile,0.55,4.975184384422398e-4
2026-08-29,wk inc flu prop ed visits,3,2026-09-19,26,quantile,0.6,5.38905945108147e-4
2026-08-29,wk inc flu prop ed visits,3,2026-09-19,26,quantile,0.65,5.774228600025676e-4
2026-08-29,wk inc flu prop ed visits,3,2026-09-19,26,quantile,0.7,6.128846411867235e-4
2026-08-29,wk inc flu prop ed visits,3,2026-09-19,26,quantile,0.75,6.635980598691661e-4
2026-08-29,wk inc flu prop ed visits,3,2026-09-19,26,quantile,0.8,7.15019373382418e-4
2026-08-29,wk inc flu prop ed visits,3,2026-09-19,26,quantile,0.85,7.936912789442794e-4
2026-08-29,wk inc flu prop ed visits,3,2026-09-19,26,quantile,0.9,9.097473085379967e-4
2026-08-29,wk inc flu prop ed visits,3,2026-09-19,26,quantile,0.95,0.001196542879131878
2026-08-29,wk inc flu prop ed visits,3,2026-09-19,26,quantile,0.975,0.0016928095388705727
2026-08-29,wk inc flu prop ed visits,3,2026-09-19,26,quantile,0.99,0.0025699903741077932
2026-08-29,wk inc flu prop ed visits,-1,2026-08-22,27,quantile,0.01,1.2826086669836347e-5
2026-08-29,wk inc flu prop ed visits,-1,2026-08-22,27,quantile,0.025,1.060526467075473e-4
2026-08-29,wk inc flu prop ed visits,-1,2026-08-22,27,quantile,0.05,2.0330000073648998e-4
2026-08-29,wk inc flu prop ed visits,-1,2026-08-22,27,quantile,0.1,2.8484849626141963e-4
2026-08-29,wk inc flu prop ed visits,-1,2026-08-22,27,quantile,0.15,3.299166775266056e-4
2026-08-29,wk inc flu prop ed visits,-1,2026-08-22,27,quantile,0.2,3.578461608634545e-4
2026-08-29,wk inc flu prop ed visits,-1,2026-08-22,27,quantile,0.25,3.8543750047683703e-4
2026-08-29,wk inc flu prop ed visits,-1,2026-08-22,27,quantile,0.3,4.136666738738617e-4
2026-08-29,wk inc flu prop ed visits,-1,2026-08-22,27,quantile,0.35,4.326562586647923e-4
2026-08-29,wk inc flu prop ed visits,-1,2026-08-22,27,quantile,0.4,4.4847059661851205e-4
2026-08-29,wk inc flu prop ed visits,-1,2026-08-22,27,quantile,0.45,4.6177777126431464e-4
2026-08-29,wk inc flu prop ed visits,-1,2026-08-22,27,quantile,0.5,5.010526390059964e-4
2026-08-29,wk inc flu prop ed visits,-1,2026-08-22,27,quantile,0.55,5.415555768128899e-4
2026-08-29,wk inc flu prop ed visits,-1,2026-08-22,27,quantile,0.6,5.562353000921362e-4
2026-08-29,wk inc flu prop ed visits,-1,2026-08-22,27,quantile,0.65,5.735937555145939e-4
2026-08-29,wk inc flu prop ed visits,-1,2026-08-22,27,quantile,0.7,5.942000067979097e-4
2026-08-29,wk inc flu prop ed visits,-1,2026-08-22,27,quantile,0.75,6.228958475713928e-4
2026-08-29,wk inc flu prop ed visits,-1,2026-08-22,27,quantile,0.8,6.544615472165438e-4
2026-08-29,wk inc flu prop ed visits,-1,2026-08-22,27,quantile,0.85,6.818333379035468e-4
2026-08-29,wk inc flu prop ed visits,-1,2026-08-22,27,quantile,0.9,7.327272758226501e-4
2026-08-29,wk inc flu prop ed visits,-1,2026-08-22,27,quantile,0.95,8.132000133860855e-4
2026-08-29,wk inc flu prop ed visits,-1,2026-08-22,27,quantile,0.975,9.121052613972048e-4
2026-08-29,wk inc flu prop ed visits,-1,2026-08-22,27,quantile,0.99,0.0010095325844200408
2026-08-29,wk inc flu prop ed visits,0,2026-08-29,27,quantile,0.01,5.381658130377526e-5
2026-08-29,wk inc flu prop ed visits,0,2026-08-29,27,quantile,0.025,8.824769294393477e-5
2026-08-29,wk inc flu prop ed visits,0,2026-08-29,27,quantile,0.05,1.3416012700803902e-4
2026-08-29,wk inc flu prop ed visits,0,2026-08-29,27,quantile,0.1,2.1347100397062395e-4
2026-08-29,wk inc flu prop ed visits,0,2026-08-29,27,quantile,0.15,2.756961289995407e-4
2026-08-29,wk inc flu prop ed visits,0,2026-08-29,27,quantile,0.2,2.954536896998486e-4
2026-08-29,wk inc flu prop ed visits,0,2026-08-29,27,quantile,0.25,3.2343278937276563e-4
2026-08-29,wk inc flu prop ed visits,0,2026-08-29,27,quantile,0.3,3.4893120742387714e-4
2026-08-29,wk inc flu prop ed visits,0,2026-08-29,27,quantile,0.35,3.7229342125176345e-4
2026-08-29,wk inc flu prop ed visits,0,2026-08-29,27,quantile,0.4,3.937910949077265e-4
2026-08-29,wk inc flu prop ed visits,0,2026-08-29,27,quantile,0.45,4.1716775386914926e-4
2026-08-29,wk inc flu prop ed visits,0,2026-08-29,27,quantile,0.5,4.425250353472189e-4
2026-08-29,wk inc flu prop ed visits,0,2026-08-29,27,quantile,0.55,4.611940784942674e-4
2026-08-29,wk inc flu prop ed visits,0,2026-08-29,27,quantile,0.6,4.89351623171808e-4
2026-08-29,wk inc flu prop ed visits,0,2026-08-29,27,quantile,0.65,5.191821808903809e-4
2026-08-29,wk inc flu prop ed visits,0,2026-08-29,27,quantile,0.7,5.425861875110209e-4
2026-08-29,wk inc flu prop ed visits,0,2026-08-29,27,quantile,0.75,5.607989695710944e-4
2026-08-29,wk inc flu prop ed visits,0,2026-08-29,27,quantile,0.8,5.962174934214552e-4
2026-08-29,wk inc flu prop ed visits,0,2026-08-29,27,quantile,0.85,6.590523567654011e-4
2026-08-29,wk inc flu prop ed visits,0,2026-08-29,27,quantile,0.9,7.545463492458137e-4
2026-08-29,wk inc flu prop ed visits,0,2026-08-29,27,quantile,0.95,9.436499892606727e-4
2026-08-29,wk inc flu prop ed visits,0,2026-08-29,27,quantile,0.975,0.0010715875840566318
2026-08-29,wk inc flu prop ed visits,0,2026-08-29,27,quantile,0.99,0.0012754207302112985
2026-08-29,wk inc flu prop ed visits,1,2026-09-05,27,quantile,0.01,4.0021238830865764e-5
2026-08-29,wk inc flu prop ed visits,1,2026-09-05,27,quantile,0.025,8.35028861187154e-5
2026-08-29,wk inc flu prop ed visits,1,2026-09-05,27,quantile,0.05,1.3086170627058858e-4
2026-08-29,wk inc flu prop ed visits,1,2026-09-05,27,quantile,0.1,2.0974234205728304e-4
2026-08-29,wk inc flu prop ed visits,1,2026-09-05,27,quantile,0.15,2.638897904861904e-4
2026-08-29,wk inc flu prop ed visits,1,2026-09-05,27,quantile,0.2,2.983381703763649e-4
2026-08-29,wk inc flu prop ed visits,1,2026-09-05,27,quantile,0.25,3.276639442334802e-4
2026-08-29,wk inc flu prop ed visits,1,2026-09-05,27,quantile,0.3,3.490501057677661e-4
2026-08-29,wk inc flu prop ed visits,1,2026-09-05,27,quantile,0.35,3.801901339388166e-4
2026-08-29,wk inc flu prop ed visits,1,2026-09-05,27,quantile,0.4,4.101278139931954e-4
2026-08-29,wk inc flu prop ed visits,1,2026-09-05,27,quantile,0.45,4.3230818505633257e-4
2026-08-29,wk inc flu prop ed visits,1,2026-09-05,27,quantile,0.5,4.634160670003272e-4
2026-08-29,wk inc flu prop ed visits,1,2026-09-05,27,quantile,0.55,4.856022838880842e-4
2026-08-29,wk inc flu prop ed visits,1,2026-09-05,27,quantile,0.6,5.147354973166561e-4
2026-08-29,wk inc flu prop ed visits,1,2026-09-05,27,quantile,0.65,5.362779778620964e-4
2026-08-29,wk inc flu prop ed visits,1,2026-09-05,27,quantile,0.7,5.746569587838364e-4
2026-08-29,wk inc flu prop ed visits,1,2026-09-05,27,quantile,0.75,6.26213482211592e-4
2026-08-29,wk inc flu prop ed visits,1,2026-09-05,27,quantile,0.8,6.816210432574249e-4
2026-08-29,wk inc flu prop ed visits,1,2026-09-05,27,quantile,0.85,7.333023748930413e-4
2026-08-29,wk inc flu prop ed visits,1,2026-09-05,27,quantile,0.9,7.985698695185916e-4
2026-08-29,wk inc flu prop ed visits,1,2026-09-05,27,quantile,0.95,0.0010030249168429006
2026-08-29,wk inc flu prop ed visits,1,2026-09-05,27,quantile,0.975,0.0012070171731298424
2026-08-29,wk inc flu prop ed visits,1,2026-09-05,27,quantile,0.99,0.0016398313337227534
2026-08-29,wk inc flu prop ed visits,2,2026-09-12,27,quantile,0.01,2.8386897238570444e-5
2026-08-29,wk inc flu prop ed visits,2,2026-09-12,27,quantile,0.025,9.063465885317674e-5
2026-08-29,wk inc flu prop ed visits,2,2026-09-12,27,quantile,0.05,1.6096325547375041e-4
2026-08-29,wk inc flu prop ed visits,2,2026-09-12,27,quantile,0.1,2.394426672843069e-4
2026-08-29,wk inc flu prop ed visits,2,2026-09-12,27,quantile,0.15,2.888085956507798e-4
2026-08-29,wk inc flu prop ed visits,2,2026-09-12,27,quantile,0.2,3.1297602825514596e-4
2026-08-29,wk inc flu prop ed visits,2,2026-09-12,27,quantile,0.25,3.4734838080375716e-4
2026-08-29,wk inc flu prop ed visits,2,2026-09-12,27,quantile,0.3,3.714071779689486e-4
2026-08-29,wk inc flu prop ed visits,2,2026-09-12,27,quantile,0.35,3.981086612433222e-4
2026-08-29,wk inc flu prop ed visits,2,2026-09-12,27,quantile,0.4,4.267266069078405e-4
2026-08-29,wk inc flu prop ed visits,2,2026-09-12,27,quantile,0.45,4.489613506403753e-4
2026-08-29,wk inc flu prop ed visits,2,2026-09-12,27,quantile,0.5,4.827319821272536e-4
2026-08-29,wk inc flu prop ed visits,2,2026-09-12,27,quantile,0.55,5.002744976229821e-4
2026-08-29,wk inc flu prop ed visits,2,2026-09-12,27,quantile,0.6,5.329078458876081e-4
2026-08-29,wk inc flu prop ed visits,2,2026-09-12,27,quantile,0.65,5.794357447881645e-4
2026-08-29,wk inc flu prop ed visits,2,2026-09-12,27,quantile,0.7,6.190897657351583e-4
2026-08-29,wk inc flu prop ed visits,2,2026-09-12,27,quantile,0.75,6.635708867526631e-4
2026-08-29,wk inc flu prop ed visits,2,2026-09-12,27,quantile,0.8,7.361964803531168e-4
2026-08-29,wk inc flu prop ed visits,2,2026-09-12,27,quantile,0.85,7.93774281582254e-4
2026-08-29,wk inc flu prop ed visits,2,2026-09-12,27,quantile,0.9,8.788556944220637e-4
2026-08-29,wk inc flu prop ed visits,2,2026-09-12,27,quantile,0.95,0.0010975600593337138
2026-08-29,wk inc flu prop ed visits,2,2026-09-12,27,quantile,0.975,0.0013485025035633246
2026-08-29,wk inc flu prop ed visits,2,2026-09-12,27,quantile,0.99,0.0019949344622445424
2026-08-29,wk inc flu prop ed visits,3,2026-09-19,27,quantile,0.01,1.899216942907859e-5
2026-08-29,wk inc flu prop ed visits,3,2026-09-19,27,quantile,0.025,9.397564028347279e-5
2026-08-29,wk inc flu prop ed visits,3,2026-09-19,27,quantile,0.05,1.5589816564337634e-4
2026-08-29,wk inc flu prop ed visits,3,2026-09-19,27,quantile,0.1,2.3883838102773528e-4
2026-08-29,wk inc flu prop ed visits,3,2026-09-19,27,quantile,0.15,3.067607775706776e-4
2026-08-29,wk inc flu prop ed visits,3,2026-09-19,27,quantile,0.2,3.4487181913078215e-4
2026-08-29,wk inc flu prop ed visits,3,2026-09-19,27,quantile,0.25,3.8447185518841005e-4
2026-08-29,wk inc flu prop ed visits,3,2026-09-19,27,quantile,0.3,4.1790107189952684e-4
2026-08-29,wk inc flu prop ed visits,3,2026-09-19,27,quantile,0.35,4.5264509222054197e-4
2026-08-29,wk inc flu prop ed visits,3,2026-09-19,27,quantile,0.4,4.812845886487879e-4
2026-08-29,wk inc flu prop ed visits,3,2026-09-19,27,quantile,0.45,5.186025187986363e-4
2026-08-29,wk inc flu prop ed visits,3,2026-09-19,27,quantile,0.5,5.468377293120785e-4
2026-08-29,wk inc flu prop ed visits,3,2026-09-19,27,quantile,0.55,5.810886242064695e-4
2026-08-29,wk inc flu prop ed visits,3,2026-09-19,27,quantile,0.6,6.329772616797183e-4
2026-08-29,wk inc flu prop ed visits,3,2026-09-19,27,quantile,0.65,6.706139490800784e-4
2026-08-29,wk inc flu prop ed visits,3,2026-09-19,27,quantile,0.7,6.988551372039938e-4
2026-08-29,wk inc flu prop ed visits,3,2026-09-19,27,quantile,0.75,7.449204418882959e-4
2026-08-29,wk inc flu prop ed visits,3,2026-09-19,27,quantile,0.8,7.849123650159682e-4
2026-08-29,wk inc flu prop ed visits,3,2026-09-19,27,quantile,0.85,8.618649638698203e-4
2026-08-29,wk inc flu prop ed visits,3,2026-09-19,27,quantile,0.9,9.900999215434636e-4
2026-08-29,wk inc flu prop ed visits,3,2026-09-19,27,quantile,0.95,0.0012836041262833846
2026-08-29,wk inc flu prop ed visits,3,2026-09-19,27,quantile,0.975,0.0019235171932118144
2026-08-29,wk inc flu prop ed visits,3,2026-09-19,27,quantile,0.99,0.003199012809555887
2026-08-29,wk inc flu prop ed visits,-1,2026-08-22,29,quantile,0.01,0
2026-08-29,wk inc flu prop ed visits,-1,2026-08-22,29,quantile,0.025,9.394738382022631e-5
2026-08-29,wk inc flu prop ed visits,-1,2026-08-22,29,quantile,0.05,1.8900000105611989e-4
2026-08-29,wk inc flu prop ed visits,-1,2026-08-22,29,quantile,0.1,2.6727273907851083e-4
2026-08-29,wk inc flu prop ed visits,-1,2026-08-22,29,quantile,0.15,3.1441667777992537e-4
2026-08-29,wk inc flu prop ed visits,-1,2026-08-22,29,quantile,0.2,3.424615452495905e-4
2026-08-29,wk inc flu prop ed visits,-1,2026-08-22,29,quantile,0.25,3.729375002905726e-4
2026-08-29,wk inc flu prop ed visits,-1,2026-08-22,29,quantile,0.3,4.018000074476004e-4
2026-08-29,wk inc flu prop ed visits,-1,2026-08-22,29,quantile,0.35,4.232812588743399e-4
2026-08-29,wk inc flu prop ed visits,-1,2026-08-22,29,quantile,0.4,4.4141177324687734e-4
2026-08-29,wk inc flu prop ed visits,-1,2026-08-22,29,quantile,0.45,4.5677777126224505e-4
2026-08-29,wk inc flu prop ed visits,-1,2026-08-22,29,quantile,0.5,4.978947442417049e-4
2026-08-29,wk inc flu prop ed visits,-1,2026-08-22,29,quantile,0.55,5.367777990280755e-4
2026-08-29,wk inc flu prop ed visits,-1,2026-08-22,29,quantile,0.6,5.503529472824406e-4
2026-08-29,wk inc flu prop ed visits,-1,2026-08-22,29,quantile,0.65,5.670312556612773e-4
2026-08-29,wk inc flu prop ed visits,-1,2026-08-22,29,quantile,0.7,5.86333340331912e-4
2026-08-29,wk inc flu prop ed visits,-1,2026-08-22,29,quantile,0.75,6.145625144243239e-4
2026-08-29,wk inc flu prop ed visits,-1,2026-08-22,29,quantile,0.8,6.421538540377067e-4
2026-08-29,wk inc flu prop ed visits,-1,2026-08-22,29,quantile,0.85,6.700833361638363e-4
2026-08-29,wk inc flu prop ed visits,-1,2026-08-22,29,quantile,0.9,7.151515170593152e-4
2026-08-29,wk inc flu prop ed visits,-1,2026-08-22,29,quantile,0.95,7.967000127304343e-4
2026-08-29,wk inc flu prop ed visits,-1,2026-08-22,29,quantile,0.975,8.939473659388328e-4
2026-08-29,wk inc flu prop ed visits,-1,2026-08-22,29,quantile,0.99,9.90293453220764e-4
2026-08-29,wk inc flu prop ed visits,0,2026-08-29,29,quantile,0.01,2.901265528272317e-5
2026-08-29,wk inc flu prop ed visits,0,2026-08-29,29,quantile,0.025,1.0412217391360489e-4
2026-08-29,wk inc flu prop ed visits,0,2026-08-29,29,quantile,0.05,1.613384995652947e-4
2026-08-29,wk inc flu prop ed visits,0,2026-08-29,29,quantile,0.1,2.163138455883384e-4
2026-08-29,wk inc flu prop ed visits,0,2026-08-29,29,quantile,0.15,2.6386886312219975e-4
2026-08-29,wk inc flu prop ed visits,0,2026-08-29,29,quantile,0.2,3.2897609246800415e-4
2026-08-29,wk inc flu prop ed visits,0,2026-08-29,29,quantile,0.25,3.7423662643266937e-4
2026-08-29,wk inc flu prop ed visits,0,2026-08-29,29,quantile,0.3,4.0099362780761393e-4
2026-08-29,wk inc flu prop ed visits,0,2026-08-29,29,quantile,0.35,4.313195478378789e-4
2026-08-29,wk inc flu prop ed visits,0,2026-08-29,29,quantile,0.4,4.434243711122382e-4
2026-08-29,wk inc flu prop ed visits,0,2026-08-29,29,quantile,0.45,4.701235843063683e-4
2026-08-29,wk inc flu prop ed visits,0,2026-08-29,29,quantile,0.5,4.737895340585031e-4
2026-08-29,wk inc flu prop ed visits,0,2026-08-29,29,quantile,0.55,4.973058235178588e-4
2026-08-29,wk inc flu prop ed visits,0,2026-08-29,29,quantile,0.6,5.344197281538127e-4
2026-08-29,wk inc flu prop ed visits,0,2026-08-29,29,quantile,0.65,5.504990295058161e-4
2026-08-29,wk inc flu prop ed visits,0,2026-08-29,29,quantile,0.7,5.755702550930481e-4
2026-08-29,wk inc flu prop ed visits,0,2026-08-29,29,quantile,0.75,6.268216547855871e-4
2026-08-29,wk inc flu prop ed visits,0,2026-08-29,29,quantile,0.8,6.659521031296292e-4
2026-08-29,wk inc flu prop ed visits,0,2026-08-29,29,quantile,0.85,6.892829647174603e-4
2026-08-29,wk inc flu prop ed visits,0,2026-08-29,29,quantile,0.9,7.403899736621894e-4
2026-08-29,wk inc flu prop ed visits,0,2026-08-29,29,quantile,0.95,7.742452118281909e-4
2026-08-29,wk inc flu prop ed visits,0,2026-08-29,29,quantile,0.975,9.375031917069932e-4
2026-08-29,wk inc flu prop ed visits,0,2026-08-29,29,quantile,0.99,0.0011505188055813465
2026-08-29,wk inc flu prop ed visits,1,2026-09-05,29,quantile,0.01,0
2026-08-29,wk inc flu prop ed visits,1,2026-09-05,29,quantile,0.025,7.06621874869392e-5
2026-08-29,wk inc flu prop ed visits,1,2026-09-05,29,quantile,0.05,1.1914742018680693e-4
2026-08-29,wk inc flu prop ed visits,1,2026-09-05,29,quantile,0.1,1.8595810350940787e-4
2026-08-29,wk inc flu prop ed visits,1,2026-09-05,29,quantile,0.15,2.269387335736691e-4
2026-08-29,wk inc flu prop ed visits,1,2026-09-05,29,quantile,0.2,2.7076174699940716e-4
2026-08-29,wk inc flu prop ed visits,1,2026-09-05,29,quantile,0.25,3.109183013922325e-4
2026-08-29,wk inc flu prop ed visits,1,2026-09-05,29,quantile,0.3,3.508639650209229e-4
2026-08-29,wk inc flu prop ed visits,1,2026-09-05,29,quantile,0.35,3.814905320844607e-4
2026-08-29,wk inc flu prop ed visits,1,2026-09-05,29,quantile,0.4,4.1889537842412506e-4
2026-08-29,wk inc flu prop ed visits,1,2026-09-05,29,quantile,0.45,4.5517889705346605e-4
2026-08-29,wk inc flu prop ed visits,1,2026-09-05,29,quantile,0.5,4.8043134252710696e-4
2026-08-29,wk inc flu prop ed visits,1,2026-09-05,29,quantile,0.55,5.109027904269967e-4
2026-08-29,wk inc flu prop ed visits,1,2026-09-05,29,quantile,0.6,5.535573185367911e-4
2026-08-29,wk inc flu prop ed visits,1,2026-09-05,29,quantile,0.65,5.796064597387848e-4
2026-08-29,wk inc flu prop ed visits,1,2026-09-05,29,quantile,0.7,6.075901672021102e-4
2026-08-29,wk inc flu prop ed visits,1,2026-09-05,29,quantile,0.75,6.682213299519756e-4
2026-08-29,wk inc flu prop ed visits,1,2026-09-05,29,quantile,0.8,7.070060561487434e-4
2026-08-29,wk inc flu prop ed visits,1,2026-09-05,29,quantile,0.85,7.646809936616333e-4
2026-08-29,wk inc flu prop ed visits,1,2026-09-05,29,quantile,0.9,9.20992908523777e-4
2026-08-29,wk inc flu prop ed visits,1,2026-09-05,29,quantile,0.95,0.0010579617339684245
2026-08-29,wk inc flu prop ed visits,1,2026-09-05,29,quantile,0.975,0.0013641918898548583
2026-08-29,wk inc flu prop ed visits,1,2026-09-05,29,quantile,0.99,0.0015575788070669278
2026-08-29,wk inc flu prop ed visits,2,2026-09-12,29,quantile,0.01,0
2026-08-29,wk inc flu prop ed visits,2,2026-09-12,29,quantile,0.025,4.645452567793509e-6
2026-08-29,wk inc flu prop ed visits,2,2026-09-12,29,quantile,0.05,6.208981874077257e-5
2026-08-29,wk inc flu prop ed visits,2,2026-09-12,29,quantile,0.1,1.302215139481549e-4
2026-08-29,wk inc flu prop ed visits,2,2026-09-12,29,quantile,0.15,1.9937269280439007e-4
2026-08-29,wk inc flu prop ed visits,2,2026-09-12,29,quantile,0.2,2.534825007156239e-4
2026-08-29,wk inc flu prop ed visits,2,2026-09-12,29,quantile,0.25,3.016144528191147e-4
2026-08-29,wk inc flu prop ed visits,2,2026-09-12,29,quantile,0.3,3.531793387252667e-4
2026-08-29,wk inc flu prop ed visits,2,2026-09-12,29,quantile,0.35,3.860119536310192e-4
2026-08-29,wk inc flu prop ed visits,2,2026-09-12,29,quantile,0.4,4.2387145213618015e-4
2026-08-29,wk inc flu prop ed visits,2,2026-09-12,29,quantile,0.45,4.5636839281158986e-4
2026-08-29,wk inc flu prop ed visits,2,2026-09-12,29,quantile,0.5,4.883399605085879e-4
2026-08-29,wk inc flu prop ed visits,2,2026-09-12,29,quantile,0.55,5.382742222910897e-4
2026-08-29,wk inc flu prop ed visits,2,2026-09-12,29,quantile,0.6,5.696376942702108e-4
2026-08-29,wk inc flu prop ed visits,2,2026-09-12,29,quantile,0.65,5.996875285376961e-4
2026-08-29,wk inc flu prop ed visits,2,2026-09-12,29,quantile,0.7,6.54986642403236e-4
2026-08-29,wk inc flu prop ed visits,2,2026-09-12,29,quantile,0.75,7.323905803391029e-4
2026-08-29,wk inc flu prop ed visits,2,2026-09-12,29,quantile,0.8,7.72653457384394e-4
2026-08-29,wk inc flu prop ed visits,2,2026-09-12,29,quantile,0.85,8.64329315317412e-4
2026-08-29,wk inc flu prop ed visits,2,2026-09-12,29,quantile,0.9,0.001029222609386381
2026-08-29,wk inc flu prop ed visits,2,2026-09-12,29,quantile,0.95,0.0013704630647187652
2026-08-29,wk inc flu prop ed visits,2,2026-09-12,29,quantile,0.975,0.0018794304667604283
2026-08-29,wk inc flu prop ed visits,2,2026-09-12,29,quantile,0.99,0.0026563898756166073
2026-08-29,wk inc flu prop ed visits,3,2026-09-19,29,quantile,0.01,0
2026-08-29,wk inc flu prop ed visits,3,2026-09-19,29,quantile,0.025,0
2026-08-29,wk inc flu prop ed visits,3,2026-09-19,29,quantile,0.05,2.1956846731682427e-5
2026-08-29,wk inc flu prop ed visits,3,2026-09-19,29,quantile,0.1,1.025785761976991e-4
2026-08-29,wk inc flu prop ed visits,3,2026-09-19,29,quantile,0.15,1.591296659687839e-4
2026-08-29,wk inc flu prop ed visits,3,2026-09-19,29,quantile,0.2,2.1534492770923332e-4
2026-08-29,wk inc flu prop ed visits,3,2026-09-19,29,quantile,0.25,2.707616127820749e-4
2026-08-29,wk inc flu prop ed visits,3,2026-09-19,29,quantile,0.3,3.146043326857159e-4
2026-08-29,wk inc flu prop ed visits,3,2026-09-19,29,quantile,0.35,3.6067855994820224e-4
2026-08-29,wk inc flu prop ed visits,3,2026-09-19,29,quantile,0.4,4.0765938067333947e-4
2026-08-29,wk inc flu prop ed visits,3,2026-09-19,29,quantile,0.45,4.6287626684217713e-4
2026-08-29,wk inc flu prop ed visits,3,2026-09-19,29,quantile,0.5,5.168231810882015e-4
2026-08-29,wk inc flu prop ed visits,3,2026-09-19,29,quantile,0.55,5.648925030519042e-4
2026-08-29,wk inc flu prop ed visits,3,2026-09-19,29,quantile,0.6,6.219055143069585e-4
2026-08-29,wk inc flu prop ed visits,3,2026-09-19,29,quantile,0.65,6.807277739502788e-4
2026-08-29,wk inc flu prop ed visits,3,2026-09-19,29,quantile,0.7,7.552870753830636e-4
2026-08-29,wk inc flu prop ed visits,3,2026-09-19,29,quantile,0.75,8.537720062021804e-4
2026-08-29,wk inc flu prop ed visits,3,2026-09-19,29,quantile,0.8,0.0010053893025572587
2026-08-29,wk inc flu prop ed visits,3,2026-09-19,29,quantile,0.85,0.0011591844653068123
2026-08-29,wk inc flu prop ed visits,3,2026-09-19,29,quantile,0.9,0.0013347514677608497
2026-08-29,wk inc flu prop ed visits,3,2026-09-19,29,quantile,0.95,0.0019887100049320737
2026-08-29,wk inc flu prop ed visits,3,2026-09-19,29,quantile,0.975,0.002609044716330639
2026-08-29,wk inc flu prop ed visits,3,2026-09-19,29,quantile,0.99,0.003406124779142305
2026-08-29,wk inc flu prop ed visits,-1,2026-08-22,28,quantile,0.01,0.0014648152771041443
2026-08-29,wk inc flu prop ed visits,-1,2026-08-22,28,quantile,0.025,0.001563684247826275
2026-08-29,wk inc flu prop ed visits,-1,2026-08-22,28,quantile,0.05,0.0016615000229980798
2026-08-29,wk inc flu prop ed visits,-1,2026-08-22,28,quantile,0.1,0.0017563636677170342
2026-08-29,wk inc flu prop ed visits,-1,2026-08-22,28,quantile,0.15,0.0018169167013796393
2026-08-29,wk inc flu prop ed visits,-1,2026-08-22,28,quantile,0.2,0.0018590769512722123
2026-08-29,wk inc flu prop ed visits,-1,2026-08-22,28,quantile,0.25,0.0018896041880051295
2026-08-29,wk inc flu prop ed visits,-1,2026-08-22,28,quantile,0.3,0.0019232666942228872
2026-08-29,wk inc flu prop ed visits,-1,2026-08-22,28,quantile,0.35,0.0019420312825532166
2026-08-29,wk inc flu prop ed visits,-1,2026-08-22,28,quantile,0.4,0.001955529443656697
2026-08-29,wk inc flu prop ed visits,-1,2026-08-22,28,quantile,0.45,0.0019667777937526503
2026-08-29,wk inc flu prop ed visits,-1,2026-08-22,28,quantile,0.5,0.0020042105560239957
2026-08-29,wk inc flu prop ed visits,-1,2026-08-22,28,quantile,0.55,0.0020465555988873046
2026-08-29,wk inc flu prop ed visits,-1,2026-08-22,28,quantile,0.6,0.0020632941449389743
2026-08-29,wk inc flu prop ed visits,-1,2026-08-22,28,quantile,0.65,0.0020842187790258322
2026-08-29,wk inc flu prop ed visits,-1,2026-08-22,28,quantile,0.7,0.002108333364650607
2026-08-29,wk inc flu prop ed visits,-1,2026-08-22,28,quantile,0.75,0.0021437292041877904
2026-08-29,wk inc flu prop ed visits,-1,2026-08-22,28,quantile,0.8,0.00218769234126577
2026-08-29,wk inc flu prop ed visits,-1,2026-08-22,28,quantile,0.85,0.0022398333607284004
2026-08-29,wk inc flu prop ed visits,-1,2026-08-22,28,quantile,0.9,0.002312727293338288
2026-08-29,wk inc flu prop ed visits,-1,2026-08-22,28,quantile,0.95,0.0024760000210348513
2026-08-29,wk inc flu prop ed visits,-1,2026-08-22,28,quantile,0.975,0.0026057894831817397
2026-08-29,wk inc flu prop ed visits,-1,2026-08-22,28,quantile,0.99,0.00271474998632203
2026-08-29,wk inc flu prop ed visits,0,2026-08-29,28,quantile,0.01,7.832455381207434e-4
2026-08-29,wk inc flu prop ed visits,0,2026-08-29,28,quantile,0.025,9.323525822924711e-4
2026-08-29,wk inc flu prop ed visits,0,2026-08-29,28,quantile,0.05,0.0010606053987625413
2026-08-29,wk inc flu prop ed visits,0,2026-08-29,28,quantile,0.1,0.0012688168105769962
2026-08-29,wk inc flu prop ed visits,0,2026-08-29,28,quantile,0.15,0.0014205978454907894
2026-08-29,wk inc flu prop ed visits,0,2026-08-29,28,quantile,0.2,0.0014830817281583947
2026-08-29,wk inc flu prop ed visits,0,2026-08-29,28,quantile,0.25,0.0015540753733490707
2026-08-29,wk inc flu prop ed visits,0,2026-08-29,28,quantile,0.3,0.0016184266682154902
2026-08-29,wk inc flu prop ed visits,0,2026-08-29,28,quantile,0.35,0.001673277171559004
2026-08-29,wk inc flu prop ed visits,0,2026-08-29,28,quantile,0.4,0.0017166876526021277
2026-08-29,wk inc flu prop ed visits,0,2026-08-29,28,quantile,0.45,0.0017706116735489762
2026-08-29,wk inc flu prop ed visits,0,2026-08-29,28,quantile,0.5,0.001825181913188619
2026-08-29,wk inc flu prop ed visits,0,2026-08-29,28,quantile,0.55,0.001868011647766468
2026-08-29,wk inc flu prop ed visits,0,2026-08-29,28,quantile,0.6,0.0019328349532552669
2026-08-29,wk inc flu prop ed visits,0,2026-08-29,28,quantile,0.65,0.0019915047809282056
2026-08-29,wk inc flu prop ed visits,0,2026-08-29,28,quantile,0.7,0.0020392062713961833
2026-08-29,wk inc flu prop ed visits,0,2026-08-29,28,quantile,0.75,0.0020868919405722594
2026-08-29,wk inc flu prop ed visits,0,2026-08-29,28,quantile,0.8,0.0021677830473202696
2026-08-29,wk inc flu prop ed visits,0,2026-08-29,28,quantile,0.85,0.00228344032703459
2026-08-29,wk inc flu prop ed visits,0,2026-08-29,28,quantile,0.9,0.0024734191477617778
2026-08-29,wk inc flu prop ed visits,0,2026-08-29,28,quantile,0.95,0.0028182676107794597
2026-08-29,wk inc flu prop ed visits,0,2026-08-29,28,quantile,0.975,0.0030537797284661346
2026-08-29,wk inc flu prop ed visits,0,2026-08-29,28,quantile,0.99,0.003434158711277232
2026-08-29,wk inc flu prop ed visits,1,2026-09-05,28,quantile,0.01,7.19809452624546e-4
2026-08-29,wk inc flu prop ed visits,1,2026-09-05,28,quantile,0.025,9.058550581669657e-4
2026-08-29,wk inc flu prop ed visits,1,2026-09-05,28,quantile,0.05,0.0010369635848008585
2026-08-29,wk inc flu prop ed visits,1,2026-09-05,28,quantile,0.1,0.001245942658881941
2026-08-29,wk inc flu prop ed visits,1,2026-09-05,28,quantile,0.15,0.0013809898292876576
2026-08-29,wk inc flu prop ed visits,1,2026-09-05,28,quantile,0.2,0.0014685638769815967
2026-08-29,wk inc flu prop ed visits,1,2026-09-05,28,quantile,0.25,0.001544095678920647
2026-08-29,wk inc flu prop ed visits,1,2026-09-05,28,quantile,0.3,0.0016013630941058247
2026-08-29,wk inc flu prop ed visits,1,2026-09-05,28,quantile,0.35,0.0016814229710795383
2026-08-29,wk inc flu prop ed visits,1,2026-09-05,28,quantile,0.4,0.0017588972445034743
2026-08-29,wk inc flu prop ed visits,1,2026-09-05,28,quantile,0.45,0.0018120548912935555
2026-08-29,wk inc flu prop ed visits,1,2026-09-05,28,quantile,0.5,0.0018816558254149728
2026-08-29,wk inc flu prop ed visits,1,2026-09-05,28,quantile,0.55,0.001929007270650237
2026-08-29,wk inc flu prop ed visits,1,2026-09-05,28,quantile,0.6,0.00199009757011215
2026-08-29,wk inc flu prop ed visits,1,2026-09-05,28,quantile,0.65,0.0020378023147940676
2026-08-29,wk inc flu prop ed visits,1,2026-09-05,28,quantile,0.7,0.0021147912269675636
2026-08-29,wk inc flu prop ed visits,1,2026-09-05,28,quantile,0.75,0.002223306529303796
2026-08-29,wk inc flu prop ed visits,1,2026-09-05,28,quantile,0.8,0.0023359603734451006
2026-08-29,wk inc flu prop ed visits,1,2026-09-05,28,quantile,0.85,0.002441206747643569
2026-08-29,wk inc flu prop ed visits,1,2026-09-05,28,quantile,0.9,0.0025745151218527166
2026-08-29,wk inc flu prop ed visits,1,2026-09-05,28,quantile,0.95,0.002954526100765492
2026-08-29,wk inc flu prop ed visits,1,2026-09-05,28,quantile,0.975,0.0033255365697297846
2026-08-29,wk inc flu prop ed visits,1,2026-09-05,28,quantile,0.99,0.004009107033285868
2026-08-29,wk inc flu prop ed visits,2,2026-09-12,28,quantile,0.01,6.558350632911909e-4
2026-08-29,wk inc flu prop ed visits,2,2026-09-12,28,quantile,0.025,8.579139802242725e-4
2026-08-29,wk inc flu prop ed visits,2,2026-09-12,28,quantile,0.05,0.001059826723920296
2026-08-29,wk inc flu prop ed visits,2,2026-09-12,28,quantile,0.1,0.0012759151886363018
2026-08-29,wk inc flu prop ed visits,2,2026-09-12,28,quantile,0.15,0.0014166553378551028
2026-08-29,wk inc flu prop ed visits,2,2026-09-12,28,quantile,0.2,0.0014863553179900815
2026-08-29,wk inc flu prop ed visits,2,2026-09-12,28,quantile,0.25,0.0015823593561914203
2026-08-29,wk inc flu prop ed visits,2,2026-09-12,28,quantile,0.3,0.0016538534095826198
2026-08-29,wk inc flu prop ed visits,2,2026-09-12,28,quantile,0.35,0.0017129646292177703
2026-08-29,wk inc flu prop ed visits,2,2026-09-12,28,quantile,0.4,0.0017802220543174565
2026-08-29,wk inc flu prop ed visits,2,2026-09-12,28,quantile,0.45,0.0018319787991288678
2026-08-29,wk inc flu prop ed visits,2,2026-09-12,28,quantile,0.5,0.001909015215753448
2026-08-29,wk inc flu prop ed visits,2,2026-09-12,28,quantile,0.55,0.0019549198116402522
2026-08-29,wk inc flu prop ed visits,2,2026-09-12,28,quantile,0.6,0.0020225339982330765
2026-08-29,wk inc flu prop ed visits,2,2026-09-12,28,quantile,0.65,0.0021196860962703515
2026-08-29,wk inc flu prop ed visits,2,2026-09-12,28,quantile,0.7,0.002210552486531432
2026-08-29,wk inc flu prop ed visits,2,2026-09-12,28,quantile,0.75,0.0023112294566405094
2026-08-29,wk inc flu prop ed visits,2,2026-09-12,28,quantile,0.8,0.002450911401803014
2026-08-29,wk inc flu prop ed visits,2,2026-09-12,28,quantile,0.85,0.0025777788943401074
2026-08-29,wk inc flu prop ed visits,2,2026-09-12,28,quantile,0.9,0.002759185161481623
2026-08-29,wk inc flu prop ed visits,2,2026-09-12,28,quantile,0.95,0.0031792304778286624
2026-08-29,wk inc flu prop ed visits,2,2026-09-12,28,quantile,0.975,0.003686921677578088
2026-08-29,wk inc flu prop ed visits,2,2026-09-12,28,quantile,0.99,0.004799490465826521
2026-08-29,wk inc flu prop ed visits,3,2026-09-19,28,quantile,0.01,6.082648134372958e-4
2026-08-29,wk inc flu prop ed visits,3,2026-09-19,28,quantile,0.025,8.564776700006576e-4
2026-08-29,wk inc flu prop ed visits,3,2026-09-19,28,quantile,0.05,0.001037774716608023
2026-08-29,wk inc flu prop ed visits,3,2026-09-19,28,quantile,0.1,0.001267911421054782
2026-08-29,wk inc flu prop ed visits,3,2026-09-19,28,quantile,0.15,0.0014424406090907218
2026-08-29,wk inc flu prop ed visits,3,2026-09-19,28,quantile,0.2,0.0015418904021651948
2026-08-29,wk inc flu prop ed visits,3,2026-09-19,28,quantile,0.25,0.0016458984633024776
2026-08-29,wk inc flu prop ed visits,3,2026-09-19,28,quantile,0.3,0.0017334660967555054
2026-08-29,wk inc flu prop ed visits,3,2026-09-19,28,quantile,0.35,0.0018122226804398653
2026-08-29,wk inc flu prop ed visits,3,2026-09-19,28,quantile,0.4,0.001890279962216238
2026-08-29,wk inc flu prop ed visits,3,2026-09-19,28,quantile,0.45,0.0019812027283372066
2026-08-29,wk inc flu prop ed visits,3,2026-09-19,28,quantile,0.5,0.002050619182039825
2026-08-29,wk inc flu prop ed visits,3,2026-09-19,28,quantile,0.55,0.002135689462934943
2026-08-29,wk inc flu prop ed visits,3,2026-09-19,28,quantile,0.6,0.0022459611943485436
2026-08-29,wk inc flu prop ed visits,3,2026-09-19,28,quantile,0.65,0.0023335054913778113
2026-08-29,wk inc flu prop ed visits,3,2026-09-19,28,quantile,0.7,0.0023852183432539363
2026-08-29,wk inc flu prop ed visits,3,2026-09-19,28,quantile,0.75,0.0024886802028417326
2026-08-29,wk inc flu prop ed visits,3,2026-09-19,28,quantile,0.8,0.0025831027631386797
2026-08-29,wk inc flu prop ed visits,3,2026-09-19,28,quantile,0.85,0.002751750767826449
2026-08-29,wk inc flu prop ed visits,3,2026-09-19,28,quantile,0.9,0.0029784862143742746
2026-08-29,wk inc flu prop ed visits,3,2026-09-19,28,quantile,0.95,0.0035605978906906445
2026-08-29,wk inc flu prop ed visits,3,2026-09-19,28,quantile,0.975,0.004640907076022105
2026-08-29,wk inc flu prop ed visits,3,2026-09-19,28,quantile,0.99,0.006550318764041148
2026-08-29,wk inc flu prop ed visits,-1,2026-08-22,30,quantile,0.01,2.7764131847930984e-4
2026-08-29,wk inc flu prop ed visits,-1,2026-08-22,30,quantile,0.025,3.757894652846612e-4
2026-08-29,wk inc flu prop ed visits,-1,2026-08-22,30,quantile,0.05,4.7579997704364364e-4
2026-08-29,wk inc flu prop ed visits,-1,2026-08-22,30,quantile,0.1,5.581818057054822e-4
2026-08-29,wk inc flu prop ed visits,-1,2026-08-22,30,quantile,0.15,6.069166533140813e-4
2026-08-29,wk inc flu prop ed visits,-1,2026-08-22,30,quantile,0.2,6.375384436777004e-4
2026-08-29,wk inc flu prop ed visits,-1,2026-08-22,30,quantile,0.25,6.704374754801393e-4
2026-08-29,wk inc flu prop ed visits,-1,2026-08-22,30,quantile,0.3,6.997999825328588e-4
2026-08-29,wk inc flu prop ed visits,-1,2026-08-22,30,quantile,0.35,7.22031233861344e-4
2026-08-29,wk inc flu prop ed visits,-1,2026-08-22,30,quantile,0.4,7.414117481340381e-4
2026-08-29,wk inc flu prop ed visits,-1,2026-08-22,30,quantile,0.45,7.567777460854915e-4
2026-08-29,wk inc flu prop ed visits,-1,2026-08-22,30,quantile,0.5,7.984210348835084e-4
2026-08-29,wk inc flu prop ed visits,-1,2026-08-22,30,quantile,0.55,8.37166662886739e-4
2026-08-29,wk inc flu prop ed visits,-1,2026-08-22,30,quantile,0.6,8.491764518267968e-4
2026-08-29,wk inc flu prop ed visits,-1,2026-08-22,30,quantile,0.65,8.654687307134737e-4
2026-08-29,wk inc flu prop ed visits,-1,2026-08-22,30,quantile,0.7,8.843333154171705e-4
2026-08-29,wk inc flu prop ed visits,-1,2026-08-22,30,quantile,0.75,9.120624896138906e-4
2026-08-29,wk inc flu prop ed visits,-1,2026-08-22,30,quantile,0.8,9.390769062707058e-4
2026-08-29,wk inc flu prop ed visits,-1,2026-08-22,30,quantile,0.85,9.66333311614173e-4
2026-08-29,wk inc flu prop ed visits,-1,2026-08-22,30,quantile,0.9,0.0010099999774247407
2026-08-29,wk inc flu prop ed visits,-1,2026-08-22,30,quantile,0.95,0.001085699989283457
2026-08-29,wk inc flu prop ed visits,-1,2026-08-22,30,quantile,0.975,0.0011818420822290996
2026-08-29,wk inc flu prop ed visits,-1,2026-08-22,30,quantile,0.99,0.0012774673459970435
2026-08-29,wk inc flu prop ed visits,0,2026-08-29,30,quantile,0.01,4.825098171670095e-5
2026-08-29,wk inc flu prop ed visits,0,2026-08-29,30,quantile,0.025,9.769846972253329e-5
2026-08-29,wk inc flu prop ed visits,0,2026-08-29,30,quantile,0.05,1.4274499939705842e-4
2026-08-29,wk inc flu prop ed visits,0,2026-08-29,30,quantile,0.1,2.3011443942236846e-4
2026-08-29,wk inc flu prop ed visits,0,2026-08-29,30,quantile,0.15,3.154383387373445e-4
2026-08-29,wk inc flu prop ed visits,0,2026-08-29,30,quantile,0.2,3.344444023391857e-4
2026-08-29,wk inc flu prop ed visits,0,2026-08-29,30,quantile,0.25,3.7282101965300894e-4
2026-08-29,wk inc flu prop ed visits,0,2026-08-29,30,quantile,0.3,4.046555807036568e-4
2026-08-29,wk inc flu prop ed visits,0,2026-08-29,30,quantile,0.35,4.3396643934276815e-4
2026-08-29,wk inc flu prop ed visits,0,2026-08-29,30,quantile,0.4,4.471788596345683e-4
2026-08-29,wk inc flu prop ed visits,0,2026-08-29,30,quantile,0.45,4.7851115254004704e-4
2026-08-29,wk inc flu prop ed visits,0,2026-08-29,30,quantile,0.5,4.958937818088518e-4
2026-08-29,wk inc flu prop ed visits,0,2026-08-29,30,quantile,0.55,5.094209839456435e-4
2026-08-29,wk inc flu prop ed visits,0,2026-08-29,30,quantile,0.6,5.438507918003574e-4
2026-08-29,wk inc flu prop ed visits,0,2026-08-29,30,quantile,0.65,5.66002494917325e-4
2026-08-29,wk inc flu prop ed visits,0,2026-08-29,30,quantile,0.7,5.934957858153473e-4
2026-08-29,wk inc flu prop ed visits,0,2026-08-29,30,quantile,0.75,6.075400364025215e-4
2026-08-29,wk inc flu prop ed visits,0,2026-08-29,30,quantile,0.8,6.360207170339961e-4
2026-08-29,wk inc flu prop ed visits,0,2026-08-29,30,quantile,0.85,6.802942215413979e-4
2026-08-29,wk inc flu prop ed visits,0,2026-08-29,30,quantile,0.9,7.634608937432888e-4
2026-08-29,wk inc flu prop ed visits,0,2026-08-29,30,quantile,0.95,8.707872808506754e-4
2026-08-29,wk inc flu prop ed visits,0,2026-08-29,30,quantile,0.975,9.412074628579136e-4
2026-08-29,wk inc flu prop ed visits,0,2026-08-29,30,quantile,0.99,0.0010632731337222071
2026-08-29,wk inc flu prop ed visits,1,2026-09-05,30,quantile,0.01,5.442145719757426e-5
2026-08-29,wk inc flu prop ed visits,1,2026-09-05,30,quantile,0.025,9.70659324374474e-5
2026-08-29,wk inc flu prop ed visits,1,2026-09-05,30,quantile,0.05,1.396305907105875e-4
2026-08-29,wk inc flu prop ed visits,1,2026-09-05,30,quantile,0.1,2.2536141614221727e-4
2026-08-29,wk inc flu prop ed visits,1,2026-09-05,30,quantile,0.15,2.771616331984612e-4
2026-08-29,wk inc flu prop ed visits,1,2026-09-05,30,quantile,0.2,3.156518793520662e-4
2026-08-29,wk inc flu prop ed visits,1,2026-09-05,30,quantile,0.25,3.4795569703832907e-4
2026-08-29,wk inc flu prop ed visits,1,2026-09-05,30,quantile,0.3,3.685541902567127e-4
2026-08-29,wk inc flu prop ed visits,1,2026-09-05,30,quantile,0.35,4.0884434953941207e-4
2026-08-29,wk inc flu prop ed visits,1,2026-09-05,30,quantile,0.4,4.5152689231055113e-4
2026-08-29,wk inc flu prop ed visits,1,2026-09-05,30,quantile,0.45,4.759589841150235e-4
2026-08-29,wk inc flu prop ed visits,1,2026-09-05,30,quantile,0.5,5.093581427164234e-4
2026-08-29,wk inc flu prop ed visits,1,2026-09-05,30,quantile,0.55,5.228419765484494e-4
2026-08-29,wk inc flu prop ed visits,1,2026-09-05,30,quantile,0.6,5.582484999474879e-4
2026-08-29,wk inc flu prop ed visits,1,2026-09-05,30,quantile,0.65,5.769929747834202e-4
2026-08-29,wk inc flu prop ed visits,1,2026-09-05,30,quantile,0.7,6.123835979319376e-4
2026-08-29,wk inc flu prop ed visits,1,2026-09-05,30,quantile,0.75,6.776908825304371e-4
2026-08-29,wk inc flu prop ed visits,1,2026-09-05,30,quantile,0.8,7.390670109136406e-4
2026-08-29,wk inc flu prop ed visits,1,2026-09-05,30,quantile,0.85,7.786007145830936e-4
2026-08-29,wk inc flu prop ed visits,1,2026-09-05,30,quantile,0.9,8.29281110315885e-4
2026-08-29,wk inc flu prop ed visits,1,2026-09-05,30,quantile,0.95,0.0010417116066837333
2026-08-29,wk inc flu prop ed visits,1,2026-09-05,30,quantile,0.975,0.001284228273235592
2026-08-29,wk inc flu prop ed visits,1,2026-09-05,30,quantile,0.99,0.0017719000676633106
2026-08-29,wk inc flu prop ed visits,2,2026-09-12,30,quantile,0.01,4.071988993610708e-5
2026-08-29,wk inc flu prop ed visits,2,2026-09-12,30,quantile,0.025,8.781757548870444e-5
2026-08-29,wk inc flu prop ed visits,2,2026-09-12,30,quantile,0.05,1.6461121341346442e-4
2026-08-29,wk inc flu prop ed visits,2,2026-09-12,30,quantile,0.1,2.4550471262521303e-4
2026-08-29,wk inc flu prop ed visits,2,2026-09-12,30,quantile,0.15,3.072844015968672e-4
2026-08-29,wk inc flu prop ed visits,2,2026-09-12,30,quantile,0.2,3.1911262711356564e-4
2026-08-29,wk inc flu prop ed visits,2,2026-09-12,30,quantile,0.25,3.7226167526805234e-4
2026-08-29,wk inc flu prop ed visits,2,2026-09-12,30,quantile,0.3,4.1281347020309797e-4
2026-08-29,wk inc flu prop ed visits,2,2026-09-12,30,quantile,0.35,4.319728156672476e-4
2026-08-29,wk inc flu prop ed visits,2,2026-09-12,30,quantile,0.4,4.6722816998355754e-4
2026-08-29,wk inc flu prop ed visits,2,2026-09-12,30,quantile,0.45,4.863946859992191e-4
2026-08-29,wk inc flu prop ed visits,2,2026-09-12,30,quantile,0.5,5.217906988725789e-4
2026-08-29,wk inc flu prop ed visits,2,2026-09-12,30,quantile,0.55,5.406598124948134e-4
2026-08-29,wk inc flu prop ed visits,2,2026-09-12,30,quantile,0.6,5.650862715497546e-4
2026-08-29,wk inc flu prop ed visits,2,2026-09-12,30,quantile,0.65,6.180798323488299e-4
2026-08-29,wk inc flu prop ed visits,2,2026-09-12,30,quantile,0.7,6.729976195912028e-4
2026-08-29,wk inc flu prop ed visits,2,2026-09-12,30,quantile,0.75,7.193363098211443e-4
2026-08-29,wk inc flu prop ed visits,2,2026-09-12,30,quantile,0.8,7.903878502837421e-4
2026-08-29,wk inc flu prop ed visits,2,2026-09-12,30,quantile,0.85,8.393626931638479e-4
2026-08-29,wk inc flu prop ed visits,2,2026-09-12,30,quantile,0.9,9.153072229044364e-4
2026-08-29,wk inc flu prop ed visits,2,2026-09-12,30,quantile,0.95,0.0011618178303304972
2026-08-29,wk inc flu prop ed visits,2,2026-09-12,30,quantile,0.975,0.001547806181343684
2026-08-29,wk inc flu prop ed visits,2,2026-09-12,30,quantile,0.99,0.002577281913821273
2026-08-29,wk inc flu prop ed visits,3,2026-09-19,30,quantile,0.01,1.604509272965922e-5
2026-08-29,wk inc flu prop ed visits,3,2026-09-19,30,quantile,0.025,7.942543417218423e-5
2026-08-29,wk inc flu prop ed visits,3,2026-09-19,30,quantile,0.05,1.363836146734481e-4
2026-08-29,wk inc flu prop ed visits,3,2026-09-19,30,quantile,0.1,2.25779485734502e-4
2026-08-29,wk inc flu prop ed visits,3,2026-09-19,30,quantile,0.15,3.192774453668185e-4
2026-08-29,wk inc flu prop ed visits,3,2026-09-19,30,quantile,0.2,3.729316415853515e-4
2026-08-29,wk inc flu prop ed visits,3,2026-09-19,30,quantile,0.25,4.376754157283433e-4
2026-08-29,wk inc flu prop ed visits,3,2026-09-19,30,quantile,0.3,4.8114183113014597e-4
2026-08-29,wk inc flu prop ed visits,3,2026-09-19,30,quantile,0.35,5.23485399238888e-4
2026-08-29,wk inc flu prop ed visits,3,2026-09-19,30,quantile,0.4,5.64749202351881e-4
2026-08-29,wk inc flu prop ed visits,3,2026-09-19,30,quantile,0.45,6.076600864465167e-4
2026-08-29,wk inc flu prop ed visits,3,2026-09-19,30,quantile,0.5,6.479013136065457e-4
2026-08-29,wk inc flu prop ed visits,3,2026-09-19,30,quantile,0.55,6.900701177784437e-4
2026-08-29,wk inc flu prop ed visits,3,2026-09-19,30,quantile,0.6,7.527720030803384e-4
2026-08-29,wk inc flu prop ed visits,3,2026-09-19,30,quantile,0.65,7.862144560985458e-4
2026-08-29,wk inc flu prop ed visits,3,2026-09-19,30,quantile,0.7,7.980563680131443e-4
2026-08-29,wk inc flu prop ed visits,3,2026-09-19,30,quantile,0.75,8.518296833584381e-4
2026-08-29,wk inc flu prop ed visits,3,2026-09-19,30,quantile,0.8,9.170363592768711e-4
2026-08-29,wk inc flu prop ed visits,3,2026-09-19,30,quantile,0.85,0.001021114980268149
2026-08-29,wk inc flu prop ed visits,3,2026-09-19,30,quantile,0.9,0.0011502195197742
2026-08-29,wk inc flu prop ed visits,3,2026-09-19,30,quantile,0.95,0.0016290334208497025
2026-08-29,wk inc flu prop ed visits,3,2026-09-19,30,quantile,0.975,0.0025757867937964553
2026-08-29,wk inc flu prop ed visits,3,2026-09-19,30,quantile,0.99,0.0046666113489339245
2026-08-29,wk inc flu prop ed visits,-1,2026-08-22,37,quantile,0.01,0.0036391629523881103
2026-08-29,wk inc flu prop ed visits,-1,2026-08-22,37,quantile,0.025,0.0037394735701382154
2026-08-29,wk inc flu prop ed visits,-1,2026-08-22,37,quantile,0.05,0.0038427998676057906
2026-08-29,wk inc flu prop ed visits,-1,2026-08-22,37,quantile,0.1,0.003938787758745479
2026-08-29,wk inc flu prop ed visits,-1,2026-08-22,37,quantile,0.15,0.0039956665417136975
2026-08-29,wk inc flu prop ed visits,-1,2026-08-22,37,quantile,0.2,0.004029538333129424
2026-08-29,wk inc flu prop ed visits,-1,2026-08-22,37,quantile,0.25,0.004065437366068363
2026-08-29,wk inc flu prop ed visits,-1,2026-08-22,37,quantile,0.3,0.0040957998723536735
2026-08-29,wk inc flu prop ed visits,-1,2026-08-22,37,quantile,0.35,0.00412484362264513
2026-08-29,wk inc flu prop ed visits,-1,2026-08-22,37,quantile,0.4,0.004148941046583886
2026-08-29,wk inc flu prop ed visits,-1,2026-08-22,37,quantile,0.45,0.004163444300761653
2026-08-29,wk inc flu prop ed visits,-1,2026-08-22,37,quantile,0.5,0.004204210395875726
2026-08-29,wk inc flu prop ed visits,-1,2026-08-22,37,quantile,0.55,0.004248055439090563
2026-08-29,wk inc flu prop ed visits,-1,2026-08-22,37,quantile,0.6,0.004269254771400901
2026-08-29,wk inc flu prop ed visits,-1,2026-08-22,37,quantile,0.65,0.004297343620943138
2026-08-29,wk inc flu prop ed visits,-1,2026-08-22,37,quantile,0.7,0.004332466535692413
2026-08-29,wk inc flu prop ed visits,-1,2026-08-22,37,quantile,0.75,0.0043762290507555
2026-08-29,wk inc flu prop ed visits,-1,2026-08-22,37,quantile,0.8,0.004431384493124026
2026-08-29,wk inc flu prop ed visits,-1,2026-08-22,37,quantile,0.85,0.004502583211105841
2026-08-29,wk inc flu prop ed visits,-1,2026-08-22,37,quantile,0.9,0.004579393818127837
2026-08-29,wk inc flu prop ed visits,-1,2026-08-22,37,quantile,0.95,0.004750799872362986
2026-08-29,wk inc flu prop ed visits,-1,2026-08-22,37,quantile,0.975,0.0049571051027037585
2026-08-29,wk inc flu prop ed visits,-1,2026-08-22,37,quantile,0.99,0.005075075902789832
2026-08-29,wk inc flu prop ed visits,0,2026-08-29,37,quantile,0.01,0.0019787813532317912
2026-08-29,wk inc flu prop ed visits,0,2026-08-29,37,quantile,0.025,0.0023149322010441414
2026-08-29,wk inc flu prop ed visits,0,2026-08-29,37,quantile,0.05,0.0025581029524928624
2026-08-29,wk inc flu prop ed visits,0,2026-08-29,37,quantile,0.1,0.0029173933724072365
2026-08-29,wk inc flu prop ed visits,0,2026-08-29,37,quantile,0.15,0.0031736967307730195
2026-08-29,wk inc flu prop ed visits,0,2026-08-29,37,quantile,0.2,0.003313388807796463
2026-08-29,wk inc flu prop ed visits,0,2026-08-29,37,quantile,0.25,0.0034509636080461577
2026-08-29,wk inc flu prop ed visits,0,2026-08-29,37,quantile,0.3,0.0035640692718247506
2026-08-29,wk inc flu prop ed visits,0,2026-08-29,37,quantile,0.35,0.0036656815783711683
2026-08-29,wk inc flu prop ed visits,0,2026-08-29,37,quantile,0.4,0.0037344811373293337
2026-08-29,wk inc flu prop ed visits,0,2026-08-29,37,quantile,0.45,0.003832205429208173
2026-08-29,wk inc flu prop ed visits,0,2026-08-29,37,quantile,0.5,0.003915133156263915
2026-08-29,wk inc flu prop ed visits,0,2026-08-29,37,quantile,0.55,0.003988907096695696
2026-08-29,wk inc flu prop ed visits,0,2026-08-29,37,quantile,0.6,0.00410357113364517
2026-08-29,wk inc flu prop ed visits,0,2026-08-29,37,quantile,0.65,0.004198805738078701
2026-08-29,wk inc flu prop ed visits,0,2026-08-29,37,quantile,0.7,0.004281725059890006
2026-08-29,wk inc flu prop ed visits,0,2026-08-29,37,quantile,0.75,0.004380494184262002
2026-08-29,wk inc flu prop ed visits,0,2026-08-29,37,quantile,0.8,0.004515670596648617
2026-08-29,wk inc flu prop ed visits,0,2026-08-29,37,quantile,0.85,0.004685292403023644
2026-08-29,wk inc flu prop ed visits,0,2026-08-29,37,quantile,0.9,0.004969547388288475
2026-08-29,wk inc flu prop ed visits,0,2026-08-29,37,quantile,0.95,0.005440397100618282
2026-08-29,wk inc flu prop ed visits,0,2026-08-29,37,quantile,0.975,0.005836357877788939
2026-08-29,wk inc flu prop ed visits,0,2026-08-29,37,quantile,0.99,0.006470475447687612
2026-08-29,wk inc flu prop ed visits,1,2026-09-05,37,quantile,0.01,0.001845341993576549
2026-08-29,wk inc flu prop ed visits,1,2026-09-05,37,quantile,0.025,0.0022315615883670903
2026-08-29,wk inc flu prop ed visits,1,2026-09-05,37,quantile,0.05,0.002481858325379747
2026-08-29,wk inc flu prop ed visits,1,2026-09-05,37,quantile,0.1,0.002838065026962897
2026-08-29,wk inc flu prop ed visits,1,2026-09-05,37,quantile,0.15,0.0030744385472577978
2026-08-29,wk inc flu prop ed visits,1,2026-09-05,37,quantile,0.2,0.003239843366877855
2026-08-29,wk inc flu prop ed visits,1,2026-09-05,37,quantile,0.25,0.0033806220858818748
2026-08-29,wk inc flu prop ed visits,1,2026-09-05,37,quantile,0.3,0.003490954179648844
2026-08-29,wk inc flu prop ed visits,1,2026-09-05,37,quantile,0.35,0.003632003639453826
2026-08-29,wk inc flu prop ed visits,1,2026-09-05,37,quantile,0.4,0.0037762331375401107
2026-08-29,wk inc flu prop ed visits,1,2026-09-05,37,quantile,0.45,0.0038797506643484876
2026-08-29,wk inc flu prop ed visits,1,2026-09-05,37,quantile,0.5,0.003998824841349913
2026-08-29,wk inc flu prop ed visits,1,2026-09-05,37,quantile,0.55,0.00408153570654268
2026-08-29,wk inc flu prop ed visits,1,2026-09-05,37,quantile,0.6,0.004196330992034844
2026-08-29,wk inc flu prop ed visits,1,2026-09-05,37,quantile,0.65,0.004281699984735326
2026-08-29,wk inc flu prop ed visits,1,2026-09-05,37,quantile,0.7,0.004403374747040331
2026-08-29,wk inc flu prop ed visits,1,2026-09-05,37,quantile,0.75,0.004589306599744318
2026-08-29,wk inc flu prop ed visits,1,2026-09-05,37,quantile,0.8,0.0047634948536581226
2026-08-29,wk inc flu prop ed visits,1,2026-09-05,37,quantile,0.85,0.004935699245560515
2026-08-29,wk inc flu prop ed visits,1,2026-09-05,37,quantile,0.9,0.005199010043991234
2026-08-29,wk inc flu prop ed visits,1,2026-09-05,37,quantile,0.95,0.00577630678554567
2026-08-29,wk inc flu prop ed visits,1,2026-09-05,37,quantile,0.975,0.006402748417001972
2026-08-29,wk inc flu prop ed visits,1,2026-09-05,37,quantile,0.99,0.00740358893994069
2026-08-29,wk inc flu prop ed visits,2,2026-09-12,37,quantile,0.01,0.0016716764318892789
2026-08-29,wk inc flu prop ed visits,2,2026-09-12,37,quantile,0.025,0.0020586561690821544
2026-08-29,wk inc flu prop ed visits,2,2026-09-12,37,quantile,0.05,0.0024252953542886454
2026-08-29,wk inc flu prop ed visits,2,2026-09-12,37,quantile,0.1,0.002816039327073852
2026-08-29,wk inc flu prop ed visits,2,2026-09-12,37,quantile,0.15,0.003088724868851422
2026-08-29,wk inc flu prop ed visits,2,2026-09-12,37,quantile,0.2,0.0032404516058834715
2026-08-29,wk inc flu prop ed visits,2,2026-09-12,37,quantile,0.25,0.003421250818817681
2026-08-29,wk inc flu prop ed visits,2,2026-09-12,37,quantile,0.3,0.0035692205114382504
2026-08-29,wk inc flu prop ed visits,2,2026-09-12,37,quantile,0.35,0.0036746472010460544
2026-08-29,wk inc flu prop ed visits,2,2026-09-12,37,quantile,0.4,0.0037968316514440997
2026-08-29,wk inc flu prop ed visits,2,2026-09-12,37,quantile,0.45,0.003895632008631931
2026-08-29,wk inc flu prop ed visits,2,2026-09-12,37,quantile,0.5,0.004030495761772077
2026-08-29,wk inc flu prop ed visits,2,2026-09-12,37,quantile,0.55,0.004129258192529811
2026-08-29,wk inc flu prop ed visits,2,2026-09-12,37,quantile,0.6,0.004246765274657763
2026-08-29,wk inc flu prop ed visits,2,2026-09-12,37,quantile,0.65,0.004399417664894048
2026-08-29,wk inc flu prop ed visits,2,2026-09-12,37,quantile,0.7,0.004559622557543567
2026-08-29,wk inc flu prop ed visits,2,2026-09-12,37,quantile,0.75,0.004743076731457753
2026-08-29,wk inc flu prop ed visits,2,2026-09-12,37,quantile,0.8,0.004952812436005391
2026-08-29,wk inc flu prop ed visits,2,2026-09-12,37,quantile,0.85,0.0051764766826388605
2026-08-29,wk inc flu prop ed visits,2,2026-09-12,37,quantile,0.9,0.005501312102550523
2026-08-29,wk inc flu prop ed visits,2,2026-09-12,37,quantile,0.95,0.006227686519729352
2026-08-29,wk inc flu prop ed visits,2,2026-09-12,37,quantile,0.975,0.007109247583313974
2026-08-29,wk inc flu prop ed visits,2,2026-09-12,37,quantile,0.99,0.008870959320533868
2026-08-29,wk inc flu prop ed visits,3,2026-09-19,37,quantile,0.01,0.0015139650802271217
2026-08-29,wk inc flu prop ed visits,3,2026-09-19,37,quantile,0.025,0.001975669784674307
2026-08-29,wk inc flu prop ed visits,3,2026-09-19,37,quantile,0.05,0.002330528644567567
2026-08-29,wk inc flu prop ed visits,3,2026-09-19,37,quantile,0.1,0.002766737347452007
2026-08-29,wk inc flu prop ed visits,3,2026-09-19,37,quantile,0.15,0.003083879307251666
2026-08-29,wk inc flu prop ed visits,3,2026-09-19,37,quantile,0.2,0.003283553118369618
2026-08-29,wk inc flu prop ed visits,3,2026-09-19,37,quantile,0.25,0.0034842670662400066
2026-08-29,wk inc flu prop ed visits,3,2026-09-19,37,quantile,0.3,0.0036460084940957167
2026-08-29,wk inc flu prop ed visits,3,2026-09-19,37,quantile,0.35,0.0037896312341111128
2026-08-29,wk inc flu prop ed visits,3,2026-09-19,37,quantile,0.4,0.003937648730309933
2026-08-29,wk inc flu prop ed visits,3,2026-09-19,37,quantile,0.45,0.004102946982920037
2026-08-29,wk inc flu prop ed visits,3,2026-09-19,37,quantile,0.5,0.004236671218470584
2026-08-29,wk inc flu prop ed visits,3,2026-09-19,37,quantile,0.55,0.0043941741106567275
2026-08-29,wk inc flu prop ed visits,3,2026-09-19,37,quantile,0.6,0.004585031290093874
2026-08-29,wk inc flu prop ed visits,3,2026-09-19,37,quantile,0.65,0.004745149967818867
2026-08-29,wk inc flu prop ed visits,3,2026-09-19,37,quantile,0.7,0.004856608737634594
2026-08-29,wk inc flu prop ed visits,3,2026-09-19,37,quantile,0.75,0.005050177797832582
2026-08-29,wk inc flu prop ed visits,3,2026-09-19,37,quantile,0.8,0.005254065485637101
2026-08-29,wk inc flu prop ed visits,3,2026-09-19,37,quantile,0.85,0.005559052799260974
2026-08-29,wk inc flu prop ed visits,3,2026-09-19,37,quantile,0.9,0.005943258976931997
2026-08-29,wk inc flu prop ed visits,3,2026-09-19,37,quantile,0.95,0.0069865171010069175
2026-08-29,wk inc flu prop ed visits,3,2026-09-19,37,quantile,0.975,0.00862433676391634
2026-08-29,wk inc flu prop ed visits,3,2026-09-19,37,quantile,0.99,0.01129407188887201
2026-08-29,wk inc flu prop ed visits,-1,2026-08-22,38,quantile,0.01,0
2026-08-29,wk inc flu prop ed visits,-1,2026-08-22,38,quantile,0.025,0
2026-08-29,wk inc flu prop ed visits,-1,2026-08-22,38,quantile,0.05,0
2026-08-29,wk inc flu prop ed visits,-1,2026-08-22,38,quantile,0.1,0
2026-08-29,wk inc flu prop ed visits,-1,2026-08-22,38,quantile,0.15,1.0526315554192196e-6
2026-08-29,wk inc flu prop ed visits,-1,2026-08-22,38,quantile,0.2,1.666666629413763e-6
2026-08-29,wk inc flu prop ed visits,-1,2026-08-22,38,quantile,0.25,2.352941123878253e-6
2026-08-29,wk inc flu prop ed visits,-1,2026-08-22,38,quantile,0.3,2.499999944120644e-6
2026-08-29,wk inc flu prop ed visits,-1,2026-08-22,38,quantile,0.35,3.0769230081484855e-6
2026-08-29,wk inc flu prop ed visits,-1,2026-08-22,38,quantile,0.4,3.1249999301508054e-6
2026-08-29,wk inc flu prop ed visits,-1,2026-08-22,38,quantile,0.45,3.749999916180966e-6
2026-08-29,wk inc flu prop ed visits,-1,2026-08-22,38,quantile,0.5,3.8666665802399315e-6
2026-08-29,wk inc flu prop ed visits,-1,2026-08-22,38,quantile,0.55,4.2166680501153124e-5
2026-08-29,wk inc flu prop ed visits,-1,2026-08-22,38,quantile,0.6,5.686274382705783e-5
2026-08-29,wk inc flu prop ed visits,-1,2026-08-22,38,quantile,0.65,7.515624832012695e-5
2026-08-29,wk inc flu prop ed visits,-1,2026-08-22,38,quantile,0.7,9.820000000298023e-5
2026-08-29,wk inc flu prop ed visits,-1,2026-08-22,38,quantile,0.75,1.2789584031949432e-4
2026-08-29,wk inc flu prop ed visits,-1,2026-08-22,38,quantile,0.8,1.6061538463601699e-4
2026-08-29,wk inc flu prop ed visits,-1,2026-08-22,38,quantile,0.85,1.8933332888834426e-4
2026-08-29,wk inc flu prop ed visits,-1,2026-08-22,38,quantile,0.9,2.4636363085698e-4
2026-08-29,wk inc flu prop ed visits,-1,2026-08-22,38,quantile,0.95,3.297000061813741e-4
2026-08-29,wk inc flu prop ed visits,-1,2026-08-22,38,quantile,0.975,4.302631516597772e-4
2026-08-29,wk inc flu prop ed visits,-1,2026-08-22,38,quantile,0.99,5.287717105577822e-4
2026-08-29,wk inc flu prop ed visits,0,2026-08-29,38,quantile,0.01,0
2026-08-29,wk inc flu prop ed visits,0,2026-08-29,38,quantile,0.025,0
2026-08-29,wk inc flu prop ed visits,0,2026-08-29,38,quantile,0.05,8.71421705065799e-10
2026-08-29,wk inc flu prop ed visits,0,2026-08-29,38,quantile,0.1,7.822443145081276e-6
2026-08-29,wk inc flu prop ed visits,0,2026-08-29,38,quantile,0.15,1.713015528869022e-5
2026-08-29,wk inc flu prop ed visits,0,2026-08-29,38,quantile,0.2,3.7901446384532455e-5
2026-08-29,wk inc flu prop ed visits,0,2026-08-29,38,quantile,0.25,4.8430183536849444e-5
2026-08-29,wk inc flu prop ed visits,0,2026-08-29,38,quantile,0.3,5.4905786044377425e-5
2026-08-29,wk inc flu prop ed visits,0,2026-08-29,38,quantile,0.35,6.148673861773613e-5
2026-08-29,wk inc flu prop ed visits,0,2026-08-29,38,quantile,0.4,7.352767219476682e-5
2026-08-29,wk inc flu prop ed visits,0,2026-08-29,38,quantile,0.45,7.945542271647203e-5
2026-08-29,wk inc flu prop ed visits,0,2026-08-29,38,quantile,0.5,8.979445087477663e-5
2026-08-29,wk inc flu prop ed visits,0,2026-08-29,38,quantile,0.55,1.0298387527125117e-4
2026-08-29,wk inc flu prop ed visits,0,2026-08-29,38,quantile,0.6,1.0987882190817929e-4
2026-08-29,wk inc flu prop ed visits,0,2026-08-29,38,quantile,0.65,1.2015424108008378e-4
2026-08-29,wk inc flu prop ed visits,0,2026-08-29,38,quantile,0.7,1.350953780905142e-4
2026-08-29,wk inc flu prop ed visits,0,2026-08-29,38,quantile,0.75,1.5480400147632444e-4
2026-08-29,wk inc flu prop ed visits,0,2026-08-29,38,quantile,0.8,1.7768793112721444e-4
2026-08-29,wk inc flu prop ed visits,0,2026-08-29,38,quantile,0.85,2.1078131779378892e-4
2026-08-29,wk inc flu prop ed visits,0,2026-08-29,38,quantile,0.9,2.5380332251887503e-4
2026-08-29,wk inc flu prop ed visits,0,2026-08-29,38,quantile,0.95,3.5302387493332506e-4
2026-08-29,wk inc flu prop ed visits,0,2026-08-29,38,quantile,0.975,4.821419651882319e-4
2026-08-29,wk inc flu prop ed visits,0,2026-08-29,38,quantile,0.99,6.827853487189151e-4
2026-08-29,wk inc flu prop ed visits,1,2026-09-05,38,quantile,0.01,0
2026-08-29,wk inc flu prop ed visits,1,2026-09-05,38,quantile,0.025,0
2026-08-29,wk inc flu prop ed visits,1,2026-09-05,38,quantile,0.05,1.6716674871408264e-6
2026-08-29,wk inc flu prop ed visits,1,2026-09-05,38,quantile,0.1,4.36372795117119e-6
2026-08-29,wk inc flu prop ed visits,1,2026-09-05,38,quantile,0.15,1.9675920867238024e-5
2026-08-29,wk inc flu prop ed visits,1,2026-09-05,38,quantile,0.2,3.414510287414835e-5
2026-08-29,wk inc flu prop ed visits,1,2026-09-05,38,quantile,0.25,4.9696456527471506e-5
2026-08-29,wk inc flu prop ed visits,1,2026-09-05,38,quantile,0.3,6.452193187704469e-5
2026-08-29,wk inc flu prop ed visits,1,2026-09-05,38,quantile,0.35,7.163536681056268e-5
2026-08-29,wk inc flu prop ed visits,1,2026-09-05,38,quantile,0.4,7.960246658709371e-5
2026-08-29,wk inc flu prop ed visits,1,2026-09-05,38,quantile,0.45,8.982972437876588e-5
2026-08-29,wk inc flu prop ed visits,1,2026-09-05,38,quantile,0.5,9.984178909932705e-5
2026-08-29,wk inc flu prop ed visits,1,2026-09-05,38,quantile,0.55,1.1804096462871239e-4
2026-08-29,wk inc flu prop ed visits,1,2026-09-05,38,quantile,0.6,1.2860422342362714e-4
2026-08-29,wk inc flu prop ed visits,1,2026-09-05,38,quantile,0.65,1.4189085461338772e-4
2026-08-29,wk inc flu prop ed visits,1,2026-09-05,38,quantile,0.7,1.5862840826848007e-4
2026-08-29,wk inc flu prop ed visits,1,2026-09-05,38,quantile,0.75,1.748271124388e-4
2026-08-29,wk inc flu prop ed visits,1,2026-09-05,38,quantile,0.8,1.9220450143915728e-4
2026-08-29,wk inc flu prop ed visits,1,2026-09-05,38,quantile,0.85,2.2821330148712393e-4
2026-08-29,wk inc flu prop ed visits,1,2026-09-05,38,quantile,0.9,2.9097071795727825e-4
2026-08-29,wk inc flu prop ed visits,1,2026-09-05,38,quantile,0.95,3.771731191603921e-4
2026-08-29,wk inc flu prop ed visits,1,2026-09-05,38,quantile,0.975,4.700659417222111e-4
2026-08-29,wk inc flu prop ed visits,1,2026-09-05,38,quantile,0.99,5.382420414698928e-4
2026-08-29,wk inc flu prop ed visits,2,2026-09-12,38,quantile,0.01,0
2026-08-29,wk inc flu prop ed visits,2,2026-09-12,38,quantile,0.025,0
2026-08-29,wk inc flu prop ed visits,2,2026-09-12,38,quantile,0.05,2.9699736508638087e-9
2026-08-29,wk inc flu prop ed visits,2,2026-09-12,38,quantile,0.1,1.658240579422755e-6
2026-08-29,wk inc flu prop ed visits,2,2026-09-12,38,quantile,0.15,7.325097432746581e-6
2026-08-29,wk inc flu prop ed visits,2,2026-09-12,38,quantile,0.2,4.237985526598139e-5
2026-08-29,wk inc flu prop ed visits,2,2026-09-12,38,quantile,0.25,4.804838511035224e-5
2026-08-29,wk inc flu prop ed visits,2,2026-09-12,38,quantile,0.3,5.471677422309735e-5
2026-08-29,wk inc flu prop ed visits,2,2026-09-12,38,quantile,0.35,7.091643607709235e-5
2026-08-29,wk inc flu prop ed visits,2,2026-09-12,38,quantile,0.4,8.156493310467574e-5
2026-08-29,wk inc flu prop ed visits,2,2026-09-12,38,quantile,0.45,9.444468815717762e-5
2026-08-29,wk inc flu prop ed visits,2,2026-09-12,38,quantile,0.5,1.063372300725428e-4
2026-08-29,wk inc flu prop ed visits,2,2026-09-12,38,quantile,0.55,1.2339144730795786e-4
2026-08-29,wk inc flu prop ed visits,2,2026-09-12,38,quantile,0.6,1.4183310805959823e-4
2026-08-29,wk inc flu prop ed visits,2,2026-09-12,38,quantile,0.65,1.5514181073425688e-4
2026-08-29,wk inc flu prop ed visits,2,2026-09-12,38,quantile,0.7,1.6777148890731228e-4
2026-08-29,wk inc flu prop ed visits,2,2026-09-12,38,quantile,0.75,1.9401592979052728e-4
2026-08-29,wk inc flu prop ed visits,2,2026-09-12,38,quantile,0.8,2.2033872951317414e-4
2026-08-29,wk inc flu prop ed visits,2,2026-09-12,38,quantile,0.85,2.6201804035087166e-4
2026-08-29,wk inc flu prop ed visits,2,2026-09-12,38,quantile,0.9,3.2599857972780036e-4
2026-08-29,wk inc flu prop ed visits,2,2026-09-12,38,quantile,0.95,4.3996800025035643e-4
2026-08-29,wk inc flu prop ed visits,2,2026-09-12,38,quantile,0.975,5.304875387587162e-4
2026-08-29,wk inc flu prop ed visits,2,2026-09-12,38,quantile,0.99,6.414189469478937e-4
2026-08-29,wk inc flu prop ed visits,3,2026-09-19,38,quantile,0.01,0
2026-08-29,wk inc flu prop ed visits,3,2026-09-19,38,quantile,0.025,9.540771458479555e-7
2026-08-29,wk inc flu prop ed visits,3,2026-09-19,38,quantile,0.05,1.6297928499813116e-6
2026-08-29,wk inc flu prop ed visits,3,2026-09-19,38,quantile,0.1,2.1437786828920736e-6
2026-08-29,wk inc flu prop ed visits,3,2026-09-19,38,quantile,0.15,2.721835145260134e-6
2026-08-29,wk inc flu prop ed visits,3,2026-09-19,38,quantile,0.2,1.4991141658266361e-5
2026-08-29,wk inc flu prop ed visits,3,2026-09-19,38,quantile,0.25,2.3173496223398685e-5
2026-08-29,wk inc flu prop ed visits,3,2026-09-19,38,quantile,0.3,3.592739105857083e-5
2026-08-29,wk inc flu prop ed visits,3,2026-09-19,38,quantile,0.35,4.882484281811994e-5
2026-08-29,wk inc flu prop ed visits,3,2026-09-19,38,quantile,0.4,5.9107351751480274e-5
2026-08-29,wk inc flu prop ed visits,3,2026-09-19,38,quantile,0.45,7.546831285382644e-5
2026-08-29,wk inc flu prop ed visits,3,2026-09-19,38,quantile,0.5,8.626339883451539e-5
2026-08-29,wk inc flu prop ed visits,3,2026-09-19,38,quantile,0.55,1.012645459982785e-4
2026-08-29,wk inc flu prop ed visits,3,2026-09-19,38,quantile,0.6,1.1849612969069716e-4
2026-08-29,wk inc flu prop ed visits,3,2026-09-19,38,quantile,0.65,1.4103597324074965e-4
2026-08-29,wk inc flu prop ed visits,3,2026-09-19,38,quantile,0.7,1.7086260433271322e-4
2026-08-29,wk inc flu prop ed visits,3,2026-09-19,38,quantile,0.75,2.0230937203872631e-4
2026-08-29,wk inc flu prop ed visits,3,2026-09-19,38,quantile,0.8,2.2957840464074949e-4
2026-08-29,wk inc flu prop ed visits,3,2026-09-19,38,quantile,0.85,2.688003284944039e-4
2026-08-29,wk inc flu prop ed visits,3,2026-09-19,38,quantile,0.9,3.3621854395017386e-4
2026-08-29,wk inc flu prop ed visits,3,2026-09-19,38,quantile,0.95,4.3710798254910783e-4
2026-08-29,wk inc flu prop ed visits,3,2026-09-19,38,quantile,0.975,5.494281736846733e-4
2026-08-29,wk inc flu prop ed visits,3,2026-09-19,38,quantile,0.99,6.599207732095805e-4
2026-08-29,wk inc flu prop ed visits,-1,2026-08-22,31,quantile,0.01,5.499999877065419e-6
2026-08-29,wk inc flu prop ed visits,-1,2026-08-22,31,quantile,0.025,6.052631443660507e-6
2026-08-29,wk inc flu prop ed visits,-1,2026-08-22,31,quantile,0.05,6.413043334918174e-6
2026-08-29,wk inc flu prop ed visits,-1,2026-08-22,31,quantile,0.1,8.090908910063172e-5
2026-08-29,wk inc flu prop ed visits,-1,2026-08-22,31,quantile,0.15,1.2566666407085698e-4
2026-08-29,wk inc flu prop ed visits,-1,2026-08-22,31,quantile,0.2,1.5169230069105434e-4
2026-08-29,wk inc flu prop ed visits,-1,2026-08-22,31,quantile,0.25,1.8043748643249257e-4
2026-08-29,wk inc flu prop ed visits,-1,2026-08-22,31,quantile,0.3,2.0779999352991575e-4
2026-08-29,wk inc flu prop ed visits,-1,2026-08-22,31,quantile,0.35,2.2953124486957662e-4
2026-08-29,wk inc flu prop ed visits,-1,2026-08-22,31,quantile,0.4,2.4666666115323696e-4
2026-08-29,wk inc flu prop ed visits,-1,2026-08-22,31,quantile,0.45,2.603333127374449e-4
2026-08-29,wk inc flu prop ed visits,-1,2026-08-22,31,quantile,0.5,2.99999993294474e-4
2026-08-29,wk inc flu prop ed visits,-1,2026-08-22,31,quantile,0.55,3.396666738515099e-4
2026-08-29,wk inc flu prop ed visits,-1,2026-08-22,31,quantile,0.6,3.5333332543571787e-4
2026-08-29,wk inc flu prop ed visits,-1,2026-08-22,31,quantile,0.65,3.7046874171937813e-4
2026-08-29,wk inc flu prop ed visits,-1,2026-08-22,31,quantile,0.7,3.9019999310374245e-4
2026-08-29,wk inc flu prop ed visits,-1,2026-08-22,31,quantile,0.75,4.178958336822687e-4
2026-08-29,wk inc flu prop ed visits,-1,2026-08-22,31,quantile,0.8,4.4830768647102206e-4
2026-08-29,wk inc flu prop ed visits,-1,2026-08-22,31,quantile,0.85,4.7433332321658974e-4
2026-08-29,wk inc flu prop ed visits,-1,2026-08-22,31,quantile,0.9,5.236363519321788e-4
2026-08-29,wk inc flu prop ed visits,-1,2026-08-22,31,quantile,0.95,5.999999989103524e-4
2026-08-29,wk inc flu prop ed visits,-1,2026-08-22,31,quantile,0.975,6.939473529101202e-4
2026-08-29,wk inc flu prop ed visits,-1,2026-08-22,31,quantile,0.99,7.902934402591831e-4
2026-08-29,wk inc flu prop ed visits,0,2026-08-29,31,quantile,0.01,2.2633776443577173e-5
2026-08-29,wk inc flu prop ed visits,0,2026-08-29,31,quantile,0.025,7.364623603362313e-5
2026-08-29,wk inc flu prop ed visits,0,2026-08-29,31,quantile,0.05,1.1045988168324343e-4
2026-08-29,wk inc flu prop ed visits,0,2026-08-29,31,quantile,0.1,1.563083246225034e-4
2026-08-29,wk inc flu prop ed visits,0,2026-08-29,31,quantile,0.15,1.8694634205789076e-4
2026-08-29,wk inc flu prop ed visits,0,2026-08-29,31,quantile,0.2,2.2356073781080337e-4
2026-08-29,wk inc flu prop ed visits,0,2026-08-29,31,quantile,0.25,2.4829071424567456e-4
2026-08-29,wk inc flu prop ed visits,0,2026-08-29,31,quantile,0.3,2.6755040022591954e-4
2026-08-29,wk inc flu prop ed visits,0,2026-08-29,31,quantile,0.35,2.8545167461170405e-4
2026-08-29,wk inc flu prop ed visits,0,2026-08-29,31,quantile,0.4,2.991922513358149e-4
2026-08-29,wk inc flu prop ed visits,0,2026-08-29,31,quantile,0.45,3.1485035233404143e-4
2026-08-29,wk inc flu prop ed visits,0,2026-08-29,31,quantile,0.5,3.293264513160084e-4
2026-08-29,wk inc flu prop ed visits,0,2026-08-29,31,quantile,0.55,3.4860240636268915e-4
2026-08-29,wk inc flu prop ed visits,0,2026-08-29,31,quantile,0.6,3.6975992585326303e-4
2026-08-29,wk inc flu prop ed visits,0,2026-08-29,31,quantile,0.65,3.8456498343449616e-4
2026-08-29,wk inc flu prop ed visits,0,2026-08-29,31,quantile,0.7,4.10296986932721e-4
2026-08-29,wk inc flu prop ed visits,0,2026-08-29,31,quantile,0.75,4.4166156083952433e-4
2026-08-29,wk inc flu prop ed visits,0,2026-08-29,31,quantile,0.8,4.764139411818575e-4
2026-08-29,wk inc flu prop ed visits,0,2026-08-29,31,quantile,0.85,5.119389329723852e-4
2026-08-29,wk inc flu prop ed visits,0,2026-08-29,31,quantile,0.9,5.707733636099291e-4
2026-08-29,wk inc flu prop ed visits,0,2026-08-29,31,quantile,0.95,6.963678837537951e-4
2026-08-29,wk inc flu prop ed visits,0,2026-08-29,31,quantile,0.975,8.318574227711156e-4
2026-08-29,wk inc flu prop ed visits,0,2026-08-29,31,quantile,0.99,0.0010668034814325573
2026-08-29,wk inc flu prop ed visits,1,2026-09-05,31,quantile,0.01,8.278110330895174e-6
2026-08-29,wk inc flu prop ed visits,1,2026-09-05,31,quantile,0.025,5.308384828052183e-5
2026-08-29,wk inc flu prop ed visits,1,2026-09-05,31,quantile,0.05,9.087329201510794e-5
2026-08-29,wk inc flu prop ed visits,1,2026-09-05,31,quantile,0.1,1.4035557375781886e-4
2026-08-29,wk inc flu prop ed visits,1,2026-09-05,31,quantile,0.15,1.774239294997465e-4
2026-08-29,wk inc flu prop ed visits,1,2026-09-05,31,quantile,0.2,2.0622875095847786e-4
2026-08-29,wk inc flu prop ed visits,1,2026-09-05,31,quantile,0.25,2.3346821921618283e-4
2026-08-29,wk inc flu prop ed visits,1,2026-09-05,31,quantile,0.3,2.6027630896599676e-4
2026-08-29,wk inc flu prop ed visits,1,2026-09-05,31,quantile,0.35,2.844299548862383e-4
2026-08-29,wk inc flu prop ed visits,1,2026-09-05,31,quantile,0.4,3.0948334575950305e-4
2026-08-29,wk inc flu prop ed visits,1,2026-09-05,31,quantile,0.45,3.313842099614201e-4
2026-08-29,wk inc flu prop ed visits,1,2026-09-05,31,quantile,0.5,3.5305826081001595e-4
2026-08-29,wk inc flu prop ed visits,1,2026-09-05,31,quantile,0.55,3.756671464624202e-4
2026-08-29,wk inc flu prop ed visits,1,2026-09-05,31,quantile,0.6,3.9844729238392595e-4
2026-08-29,wk inc flu prop ed visits,1,2026-09-05,31,quantile,0.65,4.183634831649772e-4
2026-08-29,wk inc flu prop ed visits,1,2026-09-05,31,quantile,0.7,4.424998809929474e-4
2026-08-29,wk inc flu prop ed visits,1,2026-09-05,31,quantile,0.75,4.7874763578082313e-4
2026-08-29,wk inc flu prop ed visits,1,2026-09-05,31,quantile,0.8,5.142262735574637e-4
2026-08-29,wk inc flu prop ed visits,1,2026-09-05,31,quantile,0.85,5.615885209837117e-4
2026-08-29,wk inc flu prop ed visits,1,2026-09-05,31,quantile,0.9,6.494486864013464e-4
2026-08-29,wk inc flu prop ed visits,1,2026-09-05,31,quantile,0.95,7.723558998313983e-4
2026-08-29,wk inc flu prop ed visits,1,2026-09-05,31,quantile,0.975,9.388339549814049e-4
2026-08-29,wk inc flu prop ed visits,1,2026-09-05,31,quantile,0.99,0.0011328702532129415
2026-08-29,wk inc flu prop ed visits,2,2026-09-12,31,quantile,0.01,6.482358279016954e-9
2026-08-29,wk inc flu prop ed visits,2,2026-09-12,31,quantile,0.025,1.096460400881045e-5
2026-08-29,wk inc flu prop ed visits,2,2026-09-12,31,quantile,0.05,5.638035715121768e-5
2026-08-29,wk inc flu prop ed visits,2,2026-09-12,31,quantile,0.1,1.145853681568199e-4
2026-08-29,wk inc flu prop ed visits,2,2026-09-12,31,quantile,0.15,1.5964923517850833e-4
2026-08-29,wk inc flu prop ed visits,2,2026-09-12,31,quantile,0.2,2.051877972594081e-4
2026-08-29,wk inc flu prop ed visits,2,2026-09-12,31,quantile,0.25,2.3477655358241384e-4
2026-08-29,wk inc flu prop ed visits,2,2026-09-12,31,quantile,0.3,2.6198728541631107e-4
2026-08-29,wk inc flu prop ed visits,2,2026-09-12,31,quantile,0.35,2.8642012530659763e-4
2026-08-29,wk inc flu prop ed visits,2,2026-09-12,31,quantile,0.4,3.090785281437725e-4
2026-08-29,wk inc flu prop ed visits,2,2026-09-12,31,quantile,0.45,3.3178009316947284e-4
2026-08-29,wk inc flu prop ed visits,2,2026-09-12,31,quantile,0.5,3.5715298348849465e-4
2026-08-29,wk inc flu prop ed visits,2,2026-09-12,31,quantile,0.55,3.856441774797761e-4
2026-08-29,wk inc flu prop ed visits,2,2026-09-12,31,quantile,0.6,4.1103130628529255e-4
2026-08-29,wk inc flu prop ed visits,2,2026-09-12,31,quantile,0.65,4.372518051760929e-4
2026-08-29,wk inc flu prop ed visits,2,2026-09-12,31,quantile,0.7,4.7103222049606224e-4
2026-08-29,wk inc flu prop ed visits,2,2026-09-12,31,quantile,0.75,5.209540163081511e-4
2026-08-29,wk inc flu prop ed visits,2,2026-09-12,31,quantile,0.8,5.624089335023966e-4
2026-08-29,wk inc flu prop ed visits,2,2026-09-12,31,quantile,0.85,6.308933649644603e-4
2026-08-29,wk inc flu prop ed visits,2,2026-09-12,31,quantile,0.9,7.391591031545724e-4
2026-08-29,wk inc flu prop ed visits,2,2026-09-12,31,quantile,0.95,9.431486552253684e-4
2026-08-29,wk inc flu prop ed visits,2,2026-09-12,31,quantile,0.975,0.0011985521334984869
2026-08-29,wk inc flu prop ed visits,2,2026-09-12,31,quantile,0.99,0.0015936723406096414
2026-08-29,wk inc flu prop ed visits,3,2026-09-19,31,quantile,0.01,8.977026771233395e-9
2026-08-29,wk inc flu prop ed visits,3,2026-09-19,31,quantile,0.025,6.19933709614188e-6
2026-08-29,wk inc flu prop ed visits,3,2026-09-19,31,quantile,0.05,4.8871982203207466e-5
2026-08-29,wk inc flu prop ed visits,3,2026-09-19,31,quantile,0.1,1.1012108965077458e-4
2026-08-29,wk inc flu prop ed visits,3,2026-09-19,31,quantile,0.15,1.499497064946874e-4
2026-08-29,wk inc flu prop ed visits,3,2026-09-19,31,quantile,0.2,1.8282278022104743e-4
2026-08-29,wk inc flu prop ed visits,3,2026-09-19,31,quantile,0.25,2.1392108174956296e-4
2026-08-29,wk inc flu prop ed visits,3,2026-09-19,31,quantile,0.3,2.449615847008519e-4
2026-08-29,wk inc flu prop ed visits,3,2026-09-19,31,quantile,0.35,2.7196417233669225e-4
2026-08-29,wk inc flu prop ed visits,3,2026-09-19,31,quantile,0.4,3.032389521078051e-4
2026-08-29,wk inc flu prop ed visits,3,2026-09-19,31,quantile,0.45,3.414516378958292e-4
2026-08-29,wk inc flu prop ed visits,3,2026-09-19,31,quantile,0.5,3.710964819450598e-4
2026-08-29,wk inc flu prop ed visits,3,2026-09-19,31,quantile,0.55,4.052284500766573e-4
2026-08-29,wk inc flu prop ed visits,3,2026-09-19,31,quantile,0.6,4.427996325790382e-4
2026-08-29,wk inc flu prop ed visits,3,2026-09-19,31,quantile,0.65,4.855044590042266e-4
2026-08-29,wk inc flu prop ed visits,3,2026-09-19,31,quantile,0.7,5.263871073786121e-4
2026-08-29,wk inc flu prop ed visits,3,2026-09-19,31,quantile,0.75,5.837602511954321e-4
2026-08-29,wk inc flu prop ed visits,3,2026-09-19,31,quantile,0.8,6.467803405218553e-4
2026-08-29,wk inc flu prop ed visits,3,2026-09-19,31,quantile,0.85,7.296111134734364e-4
2026-08-29,wk inc flu prop ed visits,3,2026-09-19,31,quantile,0.9,8.316131783683392e-4
2026-08-29,wk inc flu prop ed visits,3,2026-09-19,31,quantile,0.95,0.0011232369218212304
2026-08-29,wk inc flu prop ed visits,3,2026-09-19,31,quantile,0.975,0.0014892214183711869
2026-08-29,wk inc flu prop ed visits,3,2026-09-19,31,quantile,0.99,0.002010142838364036
2026-08-29,wk inc flu prop ed visits,-1,2026-08-22,33,quantile,0.01,1.2105262887321014e-5
2026-08-29,wk inc flu prop ed visits,-1,2026-08-22,33,quantile,0.025,1.2826086669836347e-5
2026-08-29,wk inc flu prop ed visits,-1,2026-08-22,33,quantile,0.05,1.0549998532049365e-4
2026-08-29,wk inc flu prop ed visits,-1,2026-08-22,33,quantile,0.1,1.848484807167992e-4
2026-08-29,wk inc flu prop ed visits,-1,2026-08-22,33,quantile,0.15,2.294166617518638e-4
2026-08-29,wk inc flu prop ed visits,-1,2026-08-22,33,quantile,0.2,2.559999906672881e-4
2026-08-29,wk inc flu prop ed visits,-1,2026-08-22,33,quantile,0.25,2.8543748408555976e-4
2026-08-29,wk inc flu prop ed visits,-1,2026-08-22,33,quantile,0.3,3.1366665817797186e-4
2026-08-29,wk inc flu prop ed visits,-1,2026-08-22,33,quantile,0.35,3.32968742790399e-4
2026-08-29,wk inc flu prop ed visits,-1,2026-08-22,33,quantile,0.4,3.501960707061431e-4
2026-08-29,wk inc flu prop ed visits,-1,2026-08-22,33,quantile,0.45,3.6344442158523535e-4
2026-08-29,wk inc flu prop ed visits,-1,2026-08-22,33,quantile,0.5,4.021052541701384e-4
2026-08-29,wk inc flu prop ed visits,-1,2026-08-22,33,quantile,0.55,4.430000048751633e-4
2026-08-29,wk inc flu prop ed visits,-1,2026-08-22,33,quantile,0.6,4.580392057989158e-4
2026-08-29,wk inc flu prop ed visits,-1,2026-08-22,33,quantile,0.65,4.767187402176206e-4
2026-08-29,wk inc flu prop ed visits,-1,2026-08-22,33,quantile,0.7,4.981999918073415e-4
2026-08-29,wk inc flu prop ed visits,-1,2026-08-22,33,quantile,0.75,5.278958323101201e-4
2026-08-29,wk inc flu prop ed visits,-1,2026-08-22,33,quantile,0.8,5.606153768415635e-4
2026-08-29,wk inc flu prop ed visits,-1,2026-08-22,33,quantile,0.85,5.925833206666286e-4
2026-08-29,wk inc flu prop ed visits,-1,2026-08-22,33,quantile,0.9,6.566666534565614e-4
2026-08-29,wk inc flu prop ed visits,-1,2026-08-22,33,quantile,0.95,7.53899997929111e-4
2026-08-29,wk inc flu prop ed visits,-1,2026-08-22,33,quantile,0.975,8.605263033195544e-4
2026-08-29,wk inc flu prop ed visits,-1,2026-08-22,33,quantile,0.99,9.608369218752437e-4
2026-08-29,wk inc flu prop ed visits,0,2026-08-29,33,quantile,0.01,7.532667168261495e-5
2026-08-29,wk inc flu prop ed visits,0,2026-08-29,33,quantile,0.025,1.1997494635962135e-4
2026-08-29,wk inc flu prop ed visits,0,2026-08-29,33,quantile,0.05,1.7935288903767787e-4
2026-08-29,wk inc flu prop ed visits,0,2026-08-29,33,quantile,0.1,2.5131755736178556e-4
2026-08-29,wk inc flu prop ed visits,0,2026-08-29,33,quantile,0.15,2.991153406205496e-4
2026-08-29,wk inc flu prop ed visits,0,2026-08-29,33,quantile,0.2,3.3733543520888984e-4
2026-08-29,wk inc flu prop ed visits,0,2026-08-29,33,quantile,0.25,3.6985580376456233e-4
2026-08-29,wk inc flu prop ed visits,0,2026-08-29,33,quantile,0.3,3.907514152730539e-4
2026-08-29,wk inc flu prop ed visits,0,2026-08-29,33,quantile,0.35,4.1443521741197183e-4
2026-08-29,wk inc flu prop ed visits,0,2026-08-29,33,quantile,0.4,4.396426920444124e-4
2026-08-29,wk inc flu prop ed visits,0,2026-08-29,33,quantile,0.45,4.6143284410096714e-4
2026-08-29,wk inc flu prop ed visits,0,2026-08-29,33,quantile,0.5,4.835050093504965e-4
2026-08-29,wk inc flu prop ed visits,0,2026-08-29,33,quantile,0.55,5.062101332134133e-4
2026-08-29,wk inc flu prop ed visits,0,2026-08-29,33,quantile,0.6,5.316015735336566e-4
2026-08-29,wk inc flu prop ed visits,0,2026-08-29,33,quantile,0.65,5.615964616090781e-4
2026-08-29,wk inc flu prop ed visits,0,2026-08-29,33,quantile,0.7,5.851700555819178e-4
2026-08-29,wk inc flu prop ed visits,0,2026-08-29,33,quantile,0.75,6.203626232671633e-4
2026-08-29,wk inc flu prop ed visits,0,2026-08-29,33,quantile,0.8,6.579396667219824e-4
2026-08-29,wk inc flu prop ed visits,0,2026-08-29,33,quantile,0.85,7.195465502201402e-4
2026-08-29,wk inc flu prop ed visits,0,2026-08-29,33,quantile,0.9,7.999765539748782e-4
2026-08-29,wk inc flu prop ed visits,0,2026-08-29,33,quantile,0.95,9.460043996617865e-4
2026-08-29,wk inc flu prop ed visits,0,2026-08-29,33,quantile,0.975,0.0011242578680484804
2026-08-29,wk inc flu prop ed visits,0,2026-08-29,33,quantile,0.99,0.0013860778763289275
2026-08-29,wk inc flu prop ed visits,1,2026-09-05,33,quantile,0.01,3.0135596395374264e-5
2026-08-29,wk inc flu prop ed visits,1,2026-09-05,33,quantile,0.025,0.00010082325833546824
2026-08-29,wk inc flu prop ed visits,1,2026-09-05,33,quantile,0.05,1.5540883143333974e-4
2026-08-29,wk inc flu prop ed visits,1,2026-09-05,33,quantile,0.1,2.302970166477766e-4
2026-08-29,wk inc flu prop ed visits,1,2026-09-05,33,quantile,0.15,2.836359233026454e-4
2026-08-29,wk inc flu prop ed visits,1,2026-09-05,33,quantile,0.2,3.231569025446841e-4
2026-08-29,wk inc flu prop ed visits,1,2026-09-05,33,quantile,0.25,3.5766476208258096e-4
2026-08-29,wk inc flu prop ed visits,1,2026-09-05,33,quantile,0.3,3.8562474539154395e-4
2026-08-29,wk inc flu prop ed visits,1,2026-09-05,33,quantile,0.35,4.113342366167391e-4
2026-08-29,wk inc flu prop ed visits,1,2026-09-05,33,quantile,0.4,4.356511373972126e-4
2026-08-29,wk inc flu prop ed visits,1,2026-09-05,33,quantile,0.45,4.6404341813704173e-4
2026-08-29,wk inc flu prop ed visits,1,2026-09-05,33,quantile,0.5,4.927582362908219e-4
2026-08-29,wk inc flu prop ed visits,1,2026-09-05,33,quantile,0.55,5.237314280719882e-4
2026-08-29,wk inc flu prop ed visits,1,2026-09-05,33,quantile,0.6,5.576735866453256e-4
2026-08-29,wk inc flu prop ed visits,1,2026-09-05,33,quantile,0.65,5.845351244068192e-4
2026-08-29,wk inc flu prop ed visits,1,2026-09-05,33,quantile,0.7,6.21046134238206e-4
2026-08-29,wk inc flu prop ed visits,1,2026-09-05,33,quantile,0.75,6.687117087608417e-4
2026-08-29,wk inc flu prop ed visits,1,2026-09-05,33,quantile,0.8,7.102742919594769e-4
2026-08-29,wk inc flu prop ed visits,1,2026-09-05,33,quantile,0.85,7.693147885076049e-4
2026-08-29,wk inc flu prop ed visits,1,2026-09-05,33,quantile,0.9,8.79164126721902e-4
2026-08-29,wk inc flu prop ed visits,1,2026-09-05,33,quantile,0.95,0.0010573027987569364
2026-08-29,wk inc flu prop ed visits,1,2026-09-05,33,quantile,0.975,0.0012794093121579755
2026-08-29,wk inc flu prop ed visits,1,2026-09-05,33,quantile,0.99,0.001552623830195328
2026-08-29,wk inc flu prop ed visits,2,2026-09-12,33,quantile,0.01,1.2869820322433225e-5
2026-08-29,wk inc flu prop ed visits,2,2026-09-12,33,quantile,0.025,9.365795490087349e-5
2026-08-29,wk inc flu prop ed visits,2,2026-09-12,33,quantile,0.05,1.5588339410894545e-4
2026-08-29,wk inc flu prop ed visits,2,2026-09-12,33,quantile,0.1,2.3146126768143924e-4
2026-08-29,wk inc flu prop ed visits,2,2026-09-12,33,quantile,0.15,2.7954428858670386e-4
2026-08-29,wk inc flu prop ed visits,2,2026-09-12,33,quantile,0.2,3.3225932303773714e-4
2026-08-29,wk inc flu prop ed visits,2,2026-09-12,33,quantile,0.25,3.593476465059776e-4
2026-08-29,wk inc flu prop ed visits,2,2026-09-12,33,quantile,0.3,3.851562493223645e-4
2026-08-29,wk inc flu prop ed visits,2,2026-09-12,33,quantile,0.35,4.186099190874462e-4
2026-08-29,wk inc flu prop ed visits,2,2026-09-12,33,quantile,0.4,4.4841936602889765e-4
2026-08-29,wk inc flu prop ed visits,2,2026-09-12,33,quantile,0.45,4.7690833583595394e-4
2026-08-29,wk inc flu prop ed visits,2,2026-09-12,33,quantile,0.5,5.094041718787821e-4
2026-08-29,wk inc flu prop ed visits,2,2026-09-12,33,quantile,0.55,5.41096422868113e-4
2026-08-29,wk inc flu prop ed visits,2,2026-09-12,33,quantile,0.6,5.805606011203546e-4
2026-08-29,wk inc flu prop ed visits,2,2026-09-12,33,quantile,0.65,6.17004549233688e-4
2026-08-29,wk inc flu prop ed visits,2,2026-09-12,33,quantile,0.7,6.520643254765143e-4
2026-08-29,wk inc flu prop ed visits,2,2026-09-12,33,quantile,0.75,7.037617168030807e-4
2026-08-29,wk inc flu prop ed visits,2,2026-09-12,33,quantile,0.8,7.626018146649454e-4
2026-08-29,wk inc flu prop ed visits,2,2026-09-12,33,quantile,0.85,8.312738685564835e-4
2026-08-29,wk inc flu prop ed visits,2,2026-09-12,33,quantile,0.9,9.369207984606668e-4
2026-08-29,wk inc flu prop ed visits,2,2026-09-12,33,quantile,0.95,0.0011704488853188902
2026-08-29,wk inc flu prop ed visits,2,2026-09-12,33,quantile,0.975,0.001410559716279159
2026-08-29,wk inc flu prop ed visits,2,2026-09-12,33,quantile,0.99,0.0018695294673737744
2026-08-29,wk inc flu prop ed visits,3,2026-09-19,33,quantile,0.01,1.0854041991796333e-8
2026-08-29,wk inc flu prop ed visits,3,2026-09-19,33,quantile,0.025,6.514584629838783e-5
2026-08-29,wk inc flu prop ed visits,3,2026-09-19,33,quantile,0.05,1.3477463182988558e-4
2026-08-29,wk inc flu prop ed visits,3,2026-09-19,33,quantile,0.1,2.1742710777604304e-4
2026-08-29,wk inc flu prop ed visits,3,2026-09-19,33,quantile,0.15,2.7038010251200455e-4
2026-08-29,wk inc flu prop ed visits,3,2026-09-19,33,quantile,0.2,3.1342097951766237e-4
2026-08-29,wk inc flu prop ed visits,3,2026-09-19,33,quantile,0.25,3.4920850473685485e-4
2026-08-29,wk inc flu prop ed visits,3,2026-09-19,33,quantile,0.3,3.813460164195832e-4
2026-08-29,wk inc flu prop ed visits,3,2026-09-19,33,quantile,0.35,4.1805653260890705e-4
2026-08-29,wk inc flu prop ed visits,3,2026-09-19,33,quantile,0.4,4.449208056702313e-4
2026-08-29,wk inc flu prop ed visits,3,2026-09-19,33,quantile,0.45,4.826302806494529e-4
2026-08-29,wk inc flu prop ed visits,3,2026-09-19,33,quantile,0.5,5.124399864757688e-4
2026-08-29,wk inc flu prop ed visits,3,2026-09-19,33,quantile,0.55,5.493491257224469e-4
2026-08-29,wk inc flu prop ed visits,3,2026-09-19,33,quantile,0.6,5.956963060340465e-4
2026-08-29,wk inc flu prop ed visits,3,2026-09-19,33,quantile,0.65,6.412646965430464e-4
2026-08-29,wk inc flu prop ed visits,3,2026-09-19,33,quantile,0.7,6.980045636079411e-4
2026-08-29,wk inc flu prop ed visits,3,2026-09-19,33,quantile,0.75,7.577845763543939e-4
2026-08-29,wk inc flu prop ed visits,3,2026-09-19,33,quantile,0.8,8.213380284579065e-4
2026-08-29,wk inc flu prop ed visits,3,2026-09-19,33,quantile,0.85,9.060879560721925e-4
2026-08-29,wk inc flu prop ed visits,3,2026-09-19,33,quantile,0.9,0.001056676860795624
2026-08-29,wk inc flu prop ed visits,3,2026-09-19,33,quantile,0.95,0.001348922553414921
2026-08-29,wk inc flu prop ed visits,3,2026-09-19,33,quantile,0.975,0.0017724098358637259
2026-08-29,wk inc flu prop ed visits,3,2026-09-19,33,quantile,0.99,0.0024255723843143386
2026-08-29,wk inc flu prop ed visits,-1,2026-08-22,34,quantile,0.01,4.968804800720966e-4
2026-08-29,wk inc flu prop ed visits,-1,2026-08-22,34,quantile,0.025,5.939473912708069e-4
2026-08-29,wk inc flu prop ed visits,-1,2026-08-22,34,quantile,0.05,6.923000078182668e-4
2026-08-29,wk inc flu prop ed visits,-1,2026-08-22,34,quantile,0.1,7.718182001262902e-4
2026-08-29,wk inc flu prop ed visits,-1,2026-08-22,34,quantile,0.15,8.186666845301515e-4
2026-08-29,wk inc flu prop ed visits,-1,2026-08-22,34,quantile,0.2,8.486153987164681e-4
2026-08-29,wk inc flu prop ed visits,-1,2026-08-22,34,quantile,0.25,8.779375076293946e-4
2026-08-29,wk inc flu prop ed visits,-1,2026-08-22,34,quantile,0.3,9.076666810860236e-4
2026-08-29,wk inc flu prop ed visits,-1,2026-08-22,34,quantile,0.35,9.279687659291085e-4
2026-08-29,wk inc flu prop ed visits,-1,2026-08-22,34,quantile,0.4,9.449411921641405e-4
2026-08-29,wk inc flu prop ed visits,-1,2026-08-22,34,quantile,0.45,9.58666667404274e-4
2026-08-29,wk inc flu prop ed visits,-1,2026-08-22,34,quantile,0.5,9.989473831496707e-4
2026-08-29,wk inc flu prop ed visits,-1,2026-08-22,34,quantile,0.55,0.0010388333622987074
2026-08-29,wk inc flu prop ed visits,-1,2026-08-22,34,quantile,0.6,0.0010515294257332298
2026-08-29,wk inc flu prop ed visits,-1,2026-08-22,34,quantile,0.65,0.0010673437636869495
2026-08-29,wk inc flu prop ed visits,-1,2026-08-22,34,quantile,0.7,0.0010862000151723623
2026-08-29,wk inc flu prop ed visits,-1,2026-08-22,34,quantile,0.75,0.0011128958555559317
2026-08-29,wk inc flu prop ed visits,-1,2026-08-22,34,quantile,0.8,0.0011421538614882873
2026-08-29,wk inc flu prop ed visits,-1,2026-08-22,34,quantile,0.85,0.0011668333442924198
2026-08-29,wk inc flu prop ed visits,-1,2026-08-22,34,quantile,0.9,0.0012196969778813195
2026-08-29,wk inc flu prop ed visits,-1,2026-08-22,34,quantile,0.95,0.0013000000174436714
2026-08-29,wk inc flu prop ed visits,-1,2026-08-22,34,quantile,0.975,0.0013939473711346323
2026-08-29,wk inc flu prop ed visits,-1,2026-08-22,34,quantile,0.99,0.0014902934582822999
2026-08-29,wk inc flu prop ed visits,0,2026-08-29,34,quantile,0.01,3.1995582997709716e-4
2026-08-29,wk inc flu prop ed visits,0,2026-08-29,34,quantile,0.025,4.186872540773142e-4
2026-08-29,wk inc flu prop ed visits,0,2026-08-29,34,quantile,0.05,5.115900038312069e-4
2026-08-29,wk inc flu prop ed visits,0,2026-08-29,34,quantile,0.1,6.339264170460309e-4
2026-08-29,wk inc flu prop ed visits,0,2026-08-29,34,quantile,0.15,7.203964446578195e-4
2026-08-29,wk inc flu prop ed visits,0,2026-08-29,34,quantile,0.2,7.819180863057507e-4
2026-08-29,wk inc flu prop ed visits,0,2026-08-29,34,quantile,0.25,8.318448593810049e-4
2026-08-29,wk inc flu prop ed visits,0,2026-08-29,34,quantile,0.3,8.712215601315774e-4
2026-08-29,wk inc flu prop ed visits,0,2026-08-29,34,quantile,0.35,9.061859550716778e-4
2026-08-29,wk inc flu prop ed visits,0,2026-08-29,34,quantile,0.4,9.380045343849478e-4
2026-08-29,wk inc flu prop ed visits,0,2026-08-29,34,quantile,0.45,9.712996462473393e-4
2026-08-29,wk inc flu prop ed visits,0,2026-08-29,34,quantile,0.5,0.001004593992042565
2026-08-29,wk inc flu prop ed visits,0,2026-08-29,34,quantile,0.55,0.0010394199132100677
2026-08-29,wk inc flu prop ed visits,0,2026-08-29,34,quantile,0.6,0.0010827299361910456
2026-08-29,wk inc flu prop ed visits,0,2026-08-29,34,quantile,0.65,0.0011161458747894321
2026-08-29,wk inc flu prop ed visits,0,2026-08-29,34,quantile,0.7,0.0011550593024636814
2026-08-29,wk inc flu prop ed visits,0,2026-08-29,34,quantile,0.75,0.0012003718858925577
2026-08-29,wk inc flu prop ed visits,0,2026-08-29,34,quantile,0.8,0.0012632838970023674
2026-08-29,wk inc flu prop ed visits,0,2026-08-29,34,quantile,0.85,0.0013432613646288335
2026-08-29,wk inc flu prop ed visits,0,2026-08-29,34,quantile,0.9,0.0014766220788322562
2026-08-29,wk inc flu prop ed visits,0,2026-08-29,34,quantile,0.95,0.0017053554461118892
2026-08-29,wk inc flu prop ed visits,0,2026-08-29,34,quantile,0.975,0.0019247150642272759
2026-08-29,wk inc flu prop ed visits,0,2026-08-29,34,quantile,0.99,0.0022533366513974094
2026-08-29,wk inc flu prop ed visits,1,2026-09-05,34,quantile,0.01,2.4184283294782297e-4
2026-08-29,wk inc flu prop ed visits,1,2026-09-05,34,quantile,0.025,3.8493660765593864e-4
2026-08-29,wk inc flu prop ed visits,1,2026-09-05,34,quantile,0.05,4.801438067668976e-4
2026-08-29,wk inc flu prop ed visits,1,2026-09-05,34,quantile,0.1,6.086764858561535e-4
2026-08-29,wk inc flu prop ed visits,1,2026-09-05,34,quantile,0.15,6.933565293639838e-4
2026-08-29,wk inc flu prop ed visits,1,2026-09-05,34,quantile,0.2,7.549409073655983e-4
2026-08-29,wk inc flu prop ed visits,1,2026-09-05,34,quantile,0.25,8.113428919245632e-4
2026-08-29,wk inc flu prop ed visits,1,2026-09-05,34,quantile,0.3,8.581063132409673e-4
2026-08-29,wk inc flu prop ed visits,1,2026-09-05,34,quantile,0.35,9.086269448612175e-4
2026-08-29,wk inc flu prop ed visits,1,2026-09-05,34,quantile,0.4,9.54325014967861e-4
2026-08-29,wk inc flu prop ed visits,1,2026-09-05,34,quantile,0.45,9.94591063706403e-4
2026-08-29,wk inc flu prop ed visits,1,2026-09-05,34,quantile,0.5,0.0010387273111492016
2026-08-29,wk inc flu prop ed visits,1,2026-09-05,34,quantile,0.55,0.0010805469177789207
2026-08-29,wk inc flu prop ed visits,1,2026-09-05,34,quantile,0.6,0.0011235402142019428
2026-08-29,wk inc flu prop ed visits,1,2026-09-05,34,quantile,0.65,0.001160805373772926
2026-08-29,wk inc flu prop ed visits,1,2026-09-05,34,quantile,0.7,0.0012137086565427375
2026-08-29,wk inc flu prop ed visits,1,2026-09-05,34,quantile,0.75,0.0012872317645180778
2026-08-29,wk inc flu prop ed visits,1,2026-09-05,34,quantile,0.8,0.0013596429893170722
2026-08-29,wk inc flu prop ed visits,1,2026-09-05,34,quantile,0.85,0.0014463890281711416
2026-08-29,wk inc flu prop ed visits,1,2026-09-05,34,quantile,0.9,0.0015787895125722517
2026-08-29,wk inc flu prop ed visits,1,2026-09-05,34,quantile,0.95,0.0018469854621741267
2026-08-29,wk inc flu prop ed visits,1,2026-09-05,34,quantile,0.975,0.0021463854936145405
2026-08-29,wk inc flu prop ed visits,1,2026-09-05,34,quantile,0.99,0.0025156653258883786
2026-08-29,wk inc flu prop ed visits,2,2026-09-12,34,quantile,0.01,1.8760678262384991e-4
2026-08-29,wk inc flu prop ed visits,2,2026-09-12,34,quantile,0.025,3.338626832334836e-4
2026-08-29,wk inc flu prop ed visits,2,2026-09-12,34,quantile,0.05,4.5663610379393266e-4
2026-08-29,wk inc flu prop ed visits,2,2026-09-12,34,quantile,0.1,5.9481210327937e-4
2026-08-29,wk inc flu prop ed visits,2,2026-09-12,34,quantile,0.15,6.881717301853093e-4
2026-08-29,wk inc flu prop ed visits,2,2026-09-12,34,quantile,0.2,7.632668935366222e-4
2026-08-29,wk inc flu prop ed visits,2,2026-09-12,34,quantile,0.25,8.219866749637762e-4
2026-08-29,wk inc flu prop ed visits,2,2026-09-12,34,quantile,0.3,8.726901694904062e-4
2026-08-29,wk inc flu prop ed visits,2,2026-09-12,34,quantile,0.35,9.184251259528994e-4
2026-08-29,wk inc flu prop ed visits,2,2026-09-12,34,quantile,0.4,9.656219623560687e-4
2026-08-29,wk inc flu prop ed visits,2,2026-09-12,34,quantile,0.45,0.0010044260792014975
2026-08-29,wk inc flu prop ed visits,2,2026-09-12,34,quantile,0.5,0.0010548453197264161
2026-08-29,wk inc flu prop ed visits,2,2026-09-12,34,quantile,0.55,0.0010991565883979972
2026-08-29,wk inc flu prop ed visits,2,2026-09-12,34,quantile,0.6,0.001149268202478362
2026-08-29,wk inc flu prop ed visits,2,2026-09-12,34,quantile,0.65,0.0012108720837096564
2026-08-29,wk inc flu prop ed visits,2,2026-09-12,34,quantile,0.7,0.0012735679472784412
2026-08-29,wk inc flu prop ed visits,2,2026-09-12,34,quantile,0.75,0.0013536858155621138
2026-08-29,wk inc flu prop ed visits,2,2026-09-12,34,quantile,0.8,0.0014451733620496014
2026-08-29,wk inc flu prop ed visits,2,2026-09-12,34,quantile,0.85,0.001549987452922858
2026-08-29,wk inc flu prop ed visits,2,2026-09-12,34,quantile,0.9,0.0017059291069613904
2026-08-29,wk inc flu prop ed visits,2,2026-09-12,34,quantile,0.95,0.002039063723861056
2026-08-29,wk inc flu prop ed visits,2,2026-09-12,34,quantile,0.975,0.002430488629722732
2026-08-29,wk inc flu prop ed visits,2,2026-09-12,34,quantile,0.99,0.0031778597760102837
2026-08-29,wk inc flu prop ed visits,3,2026-09-19,34,quantile,0.01,1.6267957316079863e-4
2026-08-29,wk inc flu prop ed visits,3,2026-09-19,34,quantile,0.025,3.1069295360936297e-4
2026-08-29,wk inc flu prop ed visits,3,2026-09-19,34,quantile,0.05,4.3121733218906257e-4
2026-08-29,wk inc flu prop ed visits,3,2026-09-19,34,quantile,0.1,5.806537109745533e-4
2026-08-29,wk inc flu prop ed visits,3,2026-09-19,34,quantile,0.15,6.795518652432525e-4
2026-08-29,wk inc flu prop ed visits,3,2026-09-19,34,quantile,0.2,7.492692181513341e-4
2026-08-29,wk inc flu prop ed visits,3,2026-09-19,34,quantile,0.25,8.158784645774226e-4
2026-08-29,wk inc flu prop ed visits,3,2026-09-19,34,quantile,0.3,8.773440141620409e-4
2026-08-29,wk inc flu prop ed visits,3,2026-09-19,34,quantile,0.35,9.342082148984879e-4
2026-08-29,wk inc flu prop ed visits,3,2026-09-19,34,quantile,0.4,9.890233951648068e-4
2026-08-29,wk inc flu prop ed visits,3,2026-09-19,34,quantile,0.45,0.0010549519738476461
2026-08-29,wk inc flu prop ed visits,3,2026-09-19,34,quantile,0.5,0.0011061003930354371
2026-08-29,wk inc flu prop ed visits,3,2026-09-19,34,quantile,0.55,0.0011698143315575769
2026-08-29,wk inc flu prop ed visits,3,2026-09-19,34,quantile,0.6,0.0012413614986761358
2026-08-29,wk inc flu prop ed visits,3,2026-09-19,34,quantile,0.65,0.0013123532511178156
2026-08-29,wk inc flu prop ed visits,3,2026-09-19,34,quantile,0.7,0.0013707203843154525
2026-08-29,wk inc flu prop ed visits,3,2026-09-19,34,quantile,0.75,0.0014613428292890435
2026-08-29,wk inc flu prop ed visits,3,2026-09-19,34,quantile,0.8,0.0015527030728992458
2026-08-29,wk inc flu prop ed visits,3,2026-09-19,34,quantile,0.85,0.00168885541094877
2026-08-29,wk inc flu prop ed visits,3,2026-09-19,34,quantile,0.9,0.0018686218342689868
2026-08-29,wk inc flu prop ed visits,3,2026-09-19,34,quantile,0.95,0.0023207720518545953
2026-08-29,wk inc flu prop ed visits,3,2026-09-19,34,quantile,0.975,0.003012792068007084
2026-08-29,wk inc flu prop ed visits,3,2026-09-19,34,quantile,0.99,0.004143134355414339
2026-08-29,wk inc flu prop ed visits,-1,2026-08-22,35,quantile,0.01,2.9688044848406436e-4
2026-08-29,wk inc flu prop ed visits,-1,2026-08-22,35,quantile,0.025,3.939473596156427e-4
2026-08-29,wk inc flu prop ed visits,-1,2026-08-22,35,quantile,0.05,4.889999767486007e-4
2026-08-29,wk inc flu prop ed visits,-1,2026-08-22,35,quantile,0.1,5.712121084445352e-4
2026-08-29,wk inc flu prop ed visits,-1,2026-08-22,35,quantile,0.15,6.219166536772971e-4
2026-08-29,wk inc flu prop ed visits,-1,2026-08-22,35,quantile,0.2,6.486153670801566e-4
2026-08-29,wk inc flu prop ed visits,-1,2026-08-22,35,quantile,0.25,6.796041420971354e-4
2026-08-29,wk inc flu prop ed visits,-1,2026-08-22,35,quantile,0.3,7.09666649326682e-4
2026-08-29,wk inc flu prop ed visits,-1,2026-08-22,35,quantile,0.35,7.295312339847442e-4
2026-08-29,wk inc flu prop ed visits,-1,2026-08-22,35,quantile,0.4,7.46666650094238e-4
2026-08-29,wk inc flu prop ed visits,-1,2026-08-22,35,quantile,0.45,7.603333015615741e-4
2026-08-29,wk inc flu prop ed visits,-1,2026-08-22,35,quantile,0.5,8.005262981904147e-4
2026-08-29,wk inc flu prop ed visits,-1,2026-08-22,35,quantile,0.55,8.404999964560074e-4
2026-08-29,wk inc flu prop ed visits,-1,2026-08-22,35,quantile,0.6,8.545097853623185e-4
2026-08-29,wk inc flu prop ed visits,-1,2026-08-22,35,quantile,0.65,8.720312310906593e-4
2026-08-29,wk inc flu prop ed visits,-1,2026-08-22,35,quantile,0.7,8.941999822109938e-4
2026-08-29,wk inc flu prop ed visits,-1,2026-08-22,35,quantile,0.75,9.220624893903731e-4
2026-08-29,wk inc flu prop ed visits,-1,2026-08-22,35,quantile,0.8,9.532307517643158e-4
2026-08-29,wk inc flu prop ed visits,-1,2026-08-22,35,quantile,0.85,9.818333111745888e-4
2026-08-29,wk inc flu prop ed visits,-1,2026-08-22,35,quantile,0.9,0.0010333333097285393
2026-08-29,wk inc flu prop ed visits,-1,2026-08-22,35,quantile,0.95,0.0011186999905947593
2026-08-29,wk inc flu prop ed visits,-1,2026-08-22,35,quantile,0.975,0.0012181578731458437
2026-08-29,wk inc flu prop ed visits,-1,2026-08-22,35,quantile,0.99,0.0013159456083955974
2026-08-29,wk inc flu prop ed visits,0,2026-08-29,35,quantile,0.01,2.1736138557705662e-4
2026-08-29,wk inc flu prop ed visits,0,2026-08-29,35,quantile,0.025,2.843894939634394e-4
2026-08-29,wk inc flu prop ed visits,0,2026-08-29,35,quantile,0.05,3.5615449846716963e-4
2026-08-29,wk inc flu prop ed visits,0,2026-08-29,35,quantile,0.1,4.647459562678083e-4
2026-08-29,wk inc flu prop ed visits,0,2026-08-29,35,quantile,0.15,5.427812913200761e-4
2026-08-29,wk inc flu prop ed visits,0,2026-08-29,35,quantile,0.2,5.851926803652494e-4
2026-08-29,wk inc flu prop ed visits,0,2026-08-29,35,quantile,0.25,6.261902124747612e-4
2026-08-29,wk inc flu prop ed visits,0,2026-08-29,35,quantile,0.3,6.626006461544543e-4
2026-08-29,wk inc flu prop ed visits,0,2026-08-29,35,quantile,0.35,6.956164650743134e-4
2026-08-29,wk inc flu prop ed visits,0,2026-08-29,35,quantile,0.4,7.250650825546168e-4
2026-08-29,wk inc flu prop ed visits,0,2026-08-29,35,quantile,0.45,7.552573056088318e-4
2026-08-29,wk inc flu prop ed visits,0,2026-08-29,35,quantile,0.5,7.88977904307921e-4
2026-08-29,wk inc flu prop ed visits,0,2026-08-29,35,quantile,0.55,8.198298816545015e-4
2026-08-29,wk inc flu prop ed visits,0,2026-08-29,35,quantile,0.6,8.578820616493844e-4
2026-08-29,wk inc flu prop ed visits,0,2026-08-29,35,quantile,0.65,8.96444799379191e-4
2026-08-29,wk inc flu prop ed visits,0,2026-08-29,35,quantile,0.7,9.339685426652751e-4
2026-08-29,wk inc flu prop ed visits,0,2026-08-29,35,quantile,0.75,9.732034808113108e-4
2026-08-29,wk inc flu prop ed visits,0,2026-08-29,35,quantile,0.8,0.0010279346591741156
2026-08-29,wk inc flu prop ed visits,0,2026-08-29,35,quantile,0.85,0.0011092859104250136
2026-08-29,wk inc flu prop ed visits,0,2026-08-29,35,quantile,0.9,0.0012308525979267003
2026-08-29,wk inc flu prop ed visits,0,2026-08-29,35,quantile,0.95,0.0014956583251051418
2026-08-29,wk inc flu prop ed visits,0,2026-08-29,35,quantile,0.975,0.0016973040489699368
2026-08-29,wk inc flu prop ed visits,0,2026-08-29,35,quantile,0.99,0.0020249401256714605
2026-08-29,wk inc flu prop ed visits,1,2026-09-05,35,quantile,0.01,1.6165453673158307e-4
2026-08-29,wk inc flu prop ed visits,1,2026-09-05,35,quantile,0.025,2.633761234541898e-4
2026-08-29,wk inc flu prop ed visits,1,2026-09-05,35,quantile,0.05,3.422120226037491e-4
2026-08-29,wk inc flu prop ed visits,1,2026-09-05,35,quantile,0.1,4.544104411377732e-4
2026-08-29,wk inc flu prop ed visits,1,2026-09-05,35,quantile,0.15,5.327388344296865e-4
2026-08-29,wk inc flu prop ed visits,1,2026-09-05,35,quantile,0.2,5.838598154158142e-4
2026-08-29,wk inc flu prop ed visits,1,2026-09-05,35,quantile,0.25,6.28463629023004e-4
2026-08-29,wk inc flu prop ed visits,1,2026-09-05,35,quantile,0.3,6.670774725278568e-4
2026-08-29,wk inc flu prop ed visits,1,2026-09-05,35,quantile,0.35,7.104790114862925e-4
2026-08-29,wk inc flu prop ed visits,1,2026-09-05,35,quantile,0.4,7.533069837665618e-4
2026-08-29,wk inc flu prop ed visits,1,2026-09-05,35,quantile,0.45,7.867590517895286e-4
2026-08-29,wk inc flu prop ed visits,1,2026-09-05,35,quantile,0.5,8.289950334707051e-4
2026-08-29,wk inc flu prop ed visits,1,2026-09-05,35,quantile,0.55,8.649469402599307e-4
2026-08-29,wk inc flu prop ed visits,1,2026-09-05,35,quantile,0.6,9.052417490339152e-4
2026-08-29,wk inc flu prop ed visits,1,2026-09-05,35,quantile,0.65,9.369891929743791e-4
2026-08-29,wk inc flu prop ed visits,1,2026-09-05,35,quantile,0.7,9.87412874856978e-4
2026-08-29,wk inc flu prop ed visits,1,2026-09-05,35,quantile,0.75,0.001054962550188452
2026-08-29,wk inc flu prop ed visits,1,2026-09-05,35,quantile,0.8,0.0011284218077444923
2026-08-29,wk inc flu prop ed visits,1,2026-09-05,35,quantile,0.85,0.001205576514207105
2026-08-29,wk inc flu prop ed visits,1,2026-09-05,35,quantile,0.9,0.001318838064999228
2026-08-29,wk inc flu prop ed visits,1,2026-09-05,35,quantile,0.95,0.0015697612525846572
2026-08-29,wk inc flu prop ed visits,1,2026-09-05,35,quantile,0.975,0.001839601182355885
2026-08-29,wk inc flu prop ed visits,1,2026-09-05,35,quantile,0.99,0.002335231399092611
2026-08-29,wk inc flu prop ed visits,2,2026-09-12,35,quantile,0.01,1.2800239387509213e-4
2026-08-29,wk inc flu prop ed visits,2,2026-09-12,35,quantile,0.025,2.4030698517475045e-4
2026-08-29,wk inc flu prop ed visits,2,2026-09-12,35,quantile,0.05,3.4783985702823534e-4
2026-08-29,wk inc flu prop ed visits,2,2026-09-12,35,quantile,0.1,4.667572940865217e-4
2026-08-29,wk inc flu prop ed visits,2,2026-09-12,35,quantile,0.15,5.445460339414982e-4
2026-08-29,wk inc flu prop ed visits,2,2026-09-12,35,quantile,0.2,5.998692094596374e-4
2026-08-29,wk inc flu prop ed visits,2,2026-09-12,35,quantile,0.25,6.501667477747439e-4
2026-08-29,wk inc flu prop ed visits,2,2026-09-12,35,quantile,0.3,6.873783766315633e-4
2026-08-29,wk inc flu prop ed visits,2,2026-09-12,35,quantile,0.35,7.300042457576893e-4
2026-08-29,wk inc flu prop ed visits,2,2026-09-12,35,quantile,0.4,7.697962504780243e-4
2026-08-29,wk inc flu prop ed visits,2,2026-09-12,35,quantile,0.45,8.053586597625413e-4
2026-08-29,wk inc flu prop ed visits,2,2026-09-12,35,quantile,0.5,8.517665956108148e-4
2026-08-29,wk inc flu prop ed visits,2,2026-09-12,35,quantile,0.55,8.853014939370029e-4
2026-08-29,wk inc flu prop ed visits,2,2026-09-12,35,quantile,0.6,9.307966675488115e-4
2026-08-29,wk inc flu prop ed visits,2,2026-09-12,35,quantile,0.65,9.890660242041452e-4
2026-08-29,wk inc flu prop ed visits,2,2026-09-12,35,quantile,0.7,0.0010446202090261798
2026-08-29,wk inc flu prop ed visits,2,2026-09-12,35,quantile,0.75,0.0011170657327856982
2026-08-29,wk inc flu prop ed visits,2,2026-09-12,35,quantile,0.8,0.00120896800402355
2026-08-29,wk inc flu prop ed visits,2,2026-09-12,35,quantile,0.85,0.0013054436652264866
2026-08-29,wk inc flu prop ed visits,2,2026-09-12,35,quantile,0.9,0.0014530994787095815
2026-08-29,wk inc flu prop ed visits,2,2026-09-12,35,quantile,0.95,0.0017654671686178583
2026-08-29,wk inc flu prop ed visits,2,2026-09-12,35,quantile,0.975,0.00212293668380085
2026-08-29,wk inc flu prop ed visits,2,2026-09-12,35,quantile,0.99,0.0028532213678234704
2026-08-29,wk inc flu prop ed visits,3,2026-09-19,35,quantile,0.01,1.1758210190987191e-4
2026-08-29,wk inc flu prop ed visits,3,2026-09-19,35,quantile,0.025,2.4029066263618035e-4
2026-08-29,wk inc flu prop ed visits,3,2026-09-19,35,quantile,0.05,3.4381541568124905e-4
2026-08-29,wk inc flu prop ed visits,3,2026-09-19,35,quantile,0.1,4.6902560208736323e-4
2026-08-29,wk inc flu prop ed visits,3,2026-09-19,35,quantile,0.15,5.571883543418429e-4
2026-08-29,wk inc flu prop ed visits,3,2026-09-19,35,quantile,0.2,6.13196974032205e-4
2026-08-29,wk inc flu prop ed visits,3,2026-09-19,35,quantile,0.25,6.670183269682523e-4
2026-08-29,wk inc flu prop ed visits,3,2026-09-19,35,quantile,0.3,7.176767958164181e-4
2026-08-29,wk inc flu prop ed visits,3,2026-09-19,35,quantile,0.35,7.667698788126064e-4
2026-08-29,wk inc flu prop ed visits,3,2026-09-19,35,quantile,0.4,8.133088130533683e-4
2026-08-29,wk inc flu prop ed visits,3,2026-09-19,35,quantile,0.45,8.733244644633231e-4
2026-08-29,wk inc flu prop ed visits,3,2026-09-19,35,quantile,0.5,9.170795672828684e-4
2026-08-29,wk inc flu prop ed visits,3,2026-09-19,35,quantile,0.55,9.662714589064181e-4
2026-08-29,wk inc flu prop ed visits,3,2026-09-19,35,quantile,0.6,0.0010365627643519678
2026-08-29,wk inc flu prop ed visits,3,2026-09-19,35,quantile,0.65,0.0010967646743996191
2026-08-29,wk inc flu prop ed visits,3,2026-09-19,35,quantile,0.7,0.0011511938972145397
2026-08-29,wk inc flu prop ed visits,3,2026-09-19,35,quantile,0.75,0.0012278774378617632
2026-08-29,wk inc flu prop ed visits,3,2026-09-19,35,quantile,0.8,0.0012996793178283084
2026-08-29,wk inc flu prop ed visits,3,2026-09-19,35,quantile,0.85,0.0014142232218032616
2026-08-29,wk inc flu prop ed visits,3,2026-09-19,35,quantile,0.9,0.001588314195444531
2026-08-29,wk inc flu prop ed visits,3,2026-09-19,35,quantile,0.95,0.0020039523363920247
2026-08-29,wk inc flu prop ed visits,3,2026-09-19,35,quantile,0.975,0.002743075057260651
2026-08-29,wk inc flu prop ed visits,3,2026-09-19,35,quantile,0.99,0.004010384731353037
2026-08-29,wk inc flu prop ed visits,-1,2026-08-22,32,quantile,0.01,7.097065297967714e-4
2026-08-29,wk inc flu prop ed visits,-1,2026-08-22,32,quantile,0.025,8.060526169444386e-4
2026-08-29,wk inc flu prop ed visits,-1,2026-08-22,32,quantile,0.05,8.999999706353994e-4
2026-08-29,wk inc flu prop ed visits,-1,2026-08-22,32,quantile,0.1,9.803030101977516e-4
2026-08-29,wk inc flu prop ed visits,-1,2026-08-22,32,quantile,0.15,0.0010256666453512732
2026-08-29,wk inc flu prop ed visits,-1,2026-08-22,32,quantile,0.2,0.0010516922817207302
2026-08-29,wk inc flu prop ed visits,-1,2026-08-22,32,quantile,0.25,0.0010804374672472477
2026-08-29,wk inc flu prop ed visits,-1,2026-08-22,32,quantile,0.3,0.001109666640435656
2026-08-29,wk inc flu prop ed visits,-1,2026-08-22,32,quantile,0.35,0.001129843724978855
2026-08-29,wk inc flu prop ed visits,-1,2026-08-22,32,quantile,0.4,0.001147294092003037
2026-08-29,wk inc flu prop ed visits,-1,2026-08-22,32,quantile,0.45,0.0011603332926208776
2026-08-29,wk inc flu prop ed visits,-1,2026-08-22,32,quantile,0.5,0.0011999999731779065
2026-08-29,wk inc flu prop ed visits,-1,2026-08-22,32,quantile,0.55,0.0012398888759108057
2026-08-29,wk inc flu prop ed visits,-1,2026-08-22,32,quantile,0.6,0.0012545097760125704
2026-08-29,wk inc flu prop ed visits,-1,2026-08-22,32,quantile,0.65,0.0012720312221499628
2026-08-29,wk inc flu prop ed visits,-1,2026-08-22,32,quantile,0.7,0.0012961999728530646
2026-08-29,wk inc flu prop ed visits,-1,2026-08-22,32,quantile,0.75,0.0013253958137085036
2026-08-29,wk inc flu prop ed visits,-1,2026-08-22,32,quantile,0.8,0.001357538436525143
2026-08-29,wk inc flu prop ed visits,-1,2026-08-22,32,quantile,0.85,0.0013888333059889851
2026-08-29,wk inc flu prop ed visits,-1,2026-08-22,32,quantile,0.9,0.001439090881214449
2026-08-29,wk inc flu prop ed visits,-1,2026-08-22,32,quantile,0.95,0.0015395999772939827
2026-08-29,wk inc flu prop ed visits,-1,2026-08-22,32,quantile,0.975,0.001648421015786497
2026-08-29,wk inc flu prop ed visits,-1,2026-08-22,32,quantile,0.99,0.0017480108101568792
2026-08-29,wk inc flu prop ed visits,0,2026-08-29,32,quantile,0.01,6.276227887242484e-4
2026-08-29,wk inc flu prop ed visits,0,2026-08-29,32,quantile,0.025,7.106897223183618e-4
2026-08-29,wk inc flu prop ed visits,0,2026-08-29,32,quantile,0.05,8.114676494189192e-4
2026-08-29,wk inc flu prop ed visits,0,2026-08-29,32,quantile,0.1,9.391036621896089e-4
2026-08-29,wk inc flu prop ed visits,0,2026-08-29,32,quantile,0.15,0.0010230130153891428
2026-08-29,wk inc flu prop ed visits,0,2026-08-29,32,quantile,0.2,0.001074529170692172
2026-08-29,wk inc flu prop ed visits,0,2026-08-29,32,quantile,0.25,0.0011171648116424348
2026-08-29,wk inc flu prop ed visits,0,2026-08-29,32,quantile,0.3,0.0011503549844110823
2026-08-29,wk inc flu prop ed visits,0,2026-08-29,32,quantile,0.35,0.0011804688542700215
2026-08-29,wk inc flu prop ed visits,0,2026-08-29,32,quantile,0.4,0.0012159334484365084
2026-08-29,wk inc flu prop ed visits,0,2026-08-29,32,quantile,0.45,0.001243383394762426
2026-08-29,wk inc flu prop ed visits,0,2026-08-29,32,quantile,0.5,0.0012776099619448028
2026-08-29,wk inc flu prop ed visits,0,2026-08-29,32,quantile,0.55,0.0013105908172439493
2026-08-29,wk inc flu prop ed visits,0,2026-08-29,32,quantile,0.6,0.001345643917557505
2026-08-29,wk inc flu prop ed visits,0,2026-08-29,32,quantile,0.65,0.0013801543480068364
2026-08-29,wk inc flu prop ed visits,0,2026-08-29,32,quantile,0.7,0.0014145789590247538
2026-08-29,wk inc flu prop ed visits,0,2026-08-29,32,quantile,0.75,0.0014524774034557048
2026-08-29,wk inc flu prop ed visits,0,2026-08-29,32,quantile,0.8,0.0015070241178204776
2026-08-29,wk inc flu prop ed visits,0,2026-08-29,32,quantile,0.85,0.0015904476058305498
2026-08-29,wk inc flu prop ed visits,0,2026-08-29,32,quantile,0.9,0.0017114827035119226
2026-08-29,wk inc flu prop ed visits,0,2026-08-29,32,quantile,0.95,0.0019378487654039714
2026-08-29,wk inc flu prop ed visits,0,2026-08-29,32,quantile,0.975,0.002133653613667502
2026-08-29,wk inc flu prop ed visits,0,2026-08-29,32,quantile,0.99,0.0024074976799559242
2026-08-29,wk inc flu prop ed visits,1,2026-09-05,32,quantile,0.01,5.223647814549201e-4
2026-08-29,wk inc flu prop ed visits,1,2026-09-05,32,quantile,0.025,6.747144101286605e-4
2026-08-29,wk inc flu prop ed visits,1,2026-09-05,32,quantile,0.05,7.903987987184262e-4
2026-08-29,wk inc flu prop ed visits,1,2026-09-05,32,quantile,0.1,9.25645735344097e-4
2026-08-29,wk inc flu prop ed visits,1,2026-09-05,32,quantile,0.15,0.001011957753813424
2026-08-29,wk inc flu prop ed visits,1,2026-09-05,32,quantile,0.2,0.0010687223877539876
2026-08-29,wk inc flu prop ed visits,1,2026-09-05,32,quantile,0.25,0.0011196600943950447
2026-08-29,wk inc flu prop ed visits,1,2026-09-05,32,quantile,0.3,0.0011607286983992809
2026-08-29,wk inc flu prop ed visits,1,2026-09-05,32,quantile,0.35,0.0012015303651925126
2026-08-29,wk inc flu prop ed visits,1,2026-09-05,32,quantile,0.4,0.0012341890548701047
2026-08-29,wk inc flu prop ed visits,1,2026-09-05,32,quantile,0.45,0.0012679218456682281
2026-08-29,wk inc flu prop ed visits,1,2026-09-05,32,quantile,0.5,0.0013070644628324444
2026-08-29,wk inc flu prop ed visits,1,2026-09-05,32,quantile,0.55,0.0013483820452548504
2026-08-29,wk inc flu prop ed visits,1,2026-09-05,32,quantile,0.6,0.0013853154209788143
2026-08-29,wk inc flu prop ed visits,1,2026-09-05,32,quantile,0.65,0.0014182553100988624
2026-08-29,wk inc flu prop ed visits,1,2026-09-05,32,quantile,0.7,0.0014689129655685615
2026-08-29,wk inc flu prop ed visits,1,2026-09-05,32,quantile,0.75,0.001529592849133064
2026-08-29,wk inc flu prop ed visits,1,2026-09-05,32,quantile,0.8,0.0015933517934296495
2026-08-29,wk inc flu prop ed visits,1,2026-09-05,32,quantile,0.85,0.0016715284460820012
2026-08-29,wk inc flu prop ed visits,1,2026-09-05,32,quantile,0.9,0.0017823491164038812
2026-08-29,wk inc flu prop ed visits,1,2026-09-05,32,quantile,0.95,0.0020142715119836193
2026-08-29,wk inc flu prop ed visits,1,2026-09-05,32,quantile,0.975,0.002249977062666186
2026-08-29,wk inc flu prop ed visits,1,2026-09-05,32,quantile,0.99,0.0025486285975672585
2026-08-29,wk inc flu prop ed visits,2,2026-09-12,32,quantile,0.01,4.771970640597133e-4
2026-08-29,wk inc flu prop ed visits,2,2026-09-12,32,quantile,0.025,6.69783482109293e-4
2026-08-29,wk inc flu prop ed visits,2,2026-09-12,32,quantile,0.05,8.043929990582632e-4
2026-08-29,wk inc flu prop ed visits,2,2026-09-12,32,quantile,0.1,9.432692474070374e-4
2026-08-29,wk inc flu prop ed visits,2,2026-09-12,32,quantile,0.15,0.001020789919522063
2026-08-29,wk inc flu prop ed visits,2,2026-09-12,32,quantile,0.2,0.0010928185432317707
2026-08-29,wk inc flu prop ed visits,2,2026-09-12,32,quantile,0.25,0.0011350363371324247
2026-08-29,wk inc flu prop ed visits,2,2026-09-12,32,quantile,0.3,0.0011685181309344424
2026-08-29,wk inc flu prop ed visits,2,2026-09-12,32,quantile,0.35,0.0012143505902763385
2026-08-29,wk inc flu prop ed visits,2,2026-09-12,32,quantile,0.4,0.0012548180668341441
2026-08-29,wk inc flu prop ed visits,2,2026-09-12,32,quantile,0.45,0.0012887194119651612
2026-08-29,wk inc flu prop ed visits,2,2026-09-12,32,quantile,0.5,0.0013317284880915708
2026-08-29,wk inc flu prop ed visits,2,2026-09-12,32,quantile,0.55,0.0013668215401348898
2026-08-29,wk inc flu prop ed visits,2,2026-09-12,32,quantile,0.6,0.001413954628503177
2026-08-29,wk inc flu prop ed visits,2,2026-09-12,32,quantile,0.65,0.0014693845359126049
2026-08-29,wk inc flu prop ed visits,2,2026-09-12,32,quantile,0.7,0.001516713773747531
2026-08-29,wk inc flu prop ed visits,2,2026-09-12,32,quantile,0.75,0.001580883979353323
2026-08-29,wk inc flu prop ed visits,2,2026-09-12,32,quantile,0.8,0.0016655263959664845
2026-08-29,wk inc flu prop ed visits,2,2026-09-12,32,quantile,0.85,0.0017498678850065051
2026-08-29,wk inc flu prop ed visits,2,2026-09-12,32,quantile,0.9,0.001873296905137338
2026-08-29,wk inc flu prop ed visits,2,2026-09-12,32,quantile,0.95,0.0021313240731750415
2026-08-29,wk inc flu prop ed visits,2,2026-09-12,32,quantile,0.975,0.002384360950829351
2026-08-29,wk inc flu prop ed visits,2,2026-09-12,32,quantile,0.99,0.002876232091609894
2026-08-29,wk inc flu prop ed visits,3,2026-09-19,32,quantile,0.01,4.7374156749538816e-4
2026-08-29,wk inc flu prop ed visits,3,2026-09-19,32,quantile,0.025,6.609851203064893e-4
2026-08-29,wk inc flu prop ed visits,3,2026-09-19,32,quantile,0.05,7.931220050007723e-4
2026-08-29,wk inc flu prop ed visits,3,2026-09-19,32,quantile,0.1,9.388348395179754e-4
2026-08-29,wk inc flu prop ed visits,3,2026-09-19,32,quantile,0.15,0.001024402703009814
2026-08-29,wk inc flu prop ed visits,3,2026-09-19,32,quantile,0.2,0.0010824299083641111
2026-08-29,wk inc flu prop ed visits,3,2026-09-19,32,quantile,0.25,0.0011323050115766365
2026-08-29,wk inc flu prop ed visits,3,2026-09-19,32,quantile,0.3,0.0011821883288909612
2026-08-29,wk inc flu prop ed visits,3,2026-09-19,32,quantile,0.35,0.0012331221133553712
2026-08-29,wk inc flu prop ed visits,3,2026-09-19,32,quantile,0.4,0.0012727434902034627
2026-08-29,wk inc flu prop ed visits,3,2026-09-19,32,quantile,0.45,0.0013261743601901007
2026-08-29,wk inc flu prop ed visits,3,2026-09-19,32,quantile,0.5,0.0013639709412580588
2026-08-29,wk inc flu prop ed visits,3,2026-09-19,32,quantile,0.55,0.0014119122894076944
2026-08-29,wk inc flu prop ed visits,3,2026-09-19,32,quantile,0.6,0.0014709596572537783
2026-08-29,wk inc flu prop ed visits,3,2026-09-19,32,quantile,0.65,0.0015277396955809851
2026-08-29,wk inc flu prop ed visits,3,2026-09-19,32,quantile,0.7,0.0015829573766959896
2026-08-29,wk inc flu prop ed visits,3,2026-09-19,32,quantile,0.75,0.0016537805205088891
2026-08-29,wk inc flu prop ed visits,3,2026-09-19,32,quantile,0.8,0.001716093745173245
2026-08-29,wk inc flu prop ed visits,3,2026-09-19,32,quantile,0.85,0.0018148765666999378
2026-08-29,wk inc flu prop ed visits,3,2026-09-19,32,quantile,0.9,0.0019697501805304367
2026-08-29,wk inc flu prop ed visits,3,2026-09-19,32,quantile,0.95,0.0022719609788824147
2026-08-29,wk inc flu prop ed visits,3,2026-09-19,32,quantile,0.975,0.002759102716535915
2026-08-29,wk inc flu prop ed visits,3,2026-09-19,32,quantile,0.99,0.0035169422123622366
2026-08-29,wk inc flu prop ed visits,-1,2026-08-22,36,quantile,0.01,1.815789433098152e-5
2026-08-29,wk inc flu prop ed visits,-1,2026-08-22,36,quantile,0.025,1.923913000475452e-5
2026-08-29,wk inc flu prop ed visits,-1,2026-08-22,36,quantile,0.05,1.1099998519755907e-4
2026-08-29,wk inc flu prop ed visits,-1,2026-08-22,36,quantile,0.1,1.854545413093133e-4
2026-08-29,wk inc flu prop ed visits,-1,2026-08-22,36,quantile,0.15,2.331666616680448e-4
2026-08-29,wk inc flu prop ed visits,-1,2026-08-22,36,quantile,0.2,2.5784614447217717e-4
2026-08-29,wk inc flu prop ed visits,-1,2026-08-22,36,quantile,0.25,2.8543748408555976e-4
2026-08-29,wk inc flu prop ed visits,-1,2026-08-22,36,quantile,0.3,3.117999912053347e-4
2026-08-29,wk inc flu prop ed visits,-1,2026-08-22,36,quantile,0.35,3.310937425994779e-4
2026-08-29,wk inc flu prop ed visits,-1,2026-08-22,36,quantile,0.4,3.478431295822648e-4
2026-08-29,wk inc flu prop ed visits,-1,2026-08-22,36,quantile,0.45,3.611666439721981e-4
2026-08-29,wk inc flu prop ed visits,-1,2026-08-22,36,quantile,0.5,4.005263069350435e-4
2026-08-29,wk inc flu prop ed visits,-1,2026-08-22,36,quantile,0.55,4.405000050862631e-4
2026-08-29,wk inc flu prop ed visits,-1,2026-08-22,36,quantile,0.6,4.538823430152501e-4
2026-08-29,wk inc flu prop ed visits,-1,2026-08-22,36,quantile,0.65,4.704687397752424e-4
2026-08-29,wk inc flu prop ed visits,-1,2026-08-22,36,quantile,0.7,4.921999908238648e-4
2026-08-29,wk inc flu prop ed visits,-1,2026-08-22,36,quantile,0.75,5.19562497921288e-4
2026-08-29,wk inc flu prop ed visits,-1,2026-08-22,36,quantile,0.8,5.483076836627263e-4
2026-08-29,wk inc flu prop ed visits,-1,2026-08-22,36,quantile,0.85,5.775833208156401e-4
2026-08-29,wk inc flu prop ed visits,-1,2026-08-22,36,quantile,0.9,6.24242411023288e-4
2026-08-29,wk inc flu prop ed visits,-1,2026-08-22,36,quantile,0.95,7.054999965522438e-4
2026-08-29,wk inc flu prop ed visits,-1,2026-08-22,36,quantile,0.975,7.999999821186064e-4
2026-08-29,wk inc flu prop ed visits,-1,2026-08-22,36,quantile,0.99,8.967064813589274e-4
2026-08-29,wk inc flu prop ed visits,0,2026-08-29,36,quantile,0.01,8.396958274600052e-5
2026-08-29,wk inc flu prop ed visits,0,2026-08-29,36,quantile,0.025,1.2444491973556484e-4
2026-08-29,wk inc flu prop ed visits,0,2026-08-29,36,quantile,0.05,1.7430690751865093e-4
2026-08-29,wk inc flu prop ed visits,0,2026-08-29,36,quantile,0.1,2.3965867307132016e-4
2026-08-29,wk inc flu prop ed visits,0,2026-08-29,36,quantile,0.15,2.843264269600319e-4
2026-08-29,wk inc flu prop ed visits,0,2026-08-29,36,quantile,0.2,3.151251004617519e-4
2026-08-29,wk inc flu prop ed visits,0,2026-08-29,36,quantile,0.25,3.415492024091276e-4
2026-08-29,wk inc flu prop ed visits,0,2026-08-29,36,quantile,0.3,3.618813669425558e-4
2026-08-29,wk inc flu prop ed visits,0,2026-08-29,36,quantile,0.35,3.817798120900467e-4
2026-08-29,wk inc flu prop ed visits,0,2026-08-29,36,quantile,0.4,4.020765233825225e-4
2026-08-29,wk inc flu prop ed visits,0,2026-08-29,36,quantile,0.45,4.202320547479468e-4
2026-08-29,wk inc flu prop ed visits,0,2026-08-29,36,quantile,0.5,4.405098921420312e-4
2026-08-29,wk inc flu prop ed visits,0,2026-08-29,36,quantile,0.55,4.605720885161072e-4
2026-08-29,wk inc flu prop ed visits,0,2026-08-29,36,quantile,0.6,4.8317308329157886e-4
2026-08-29,wk inc flu prop ed visits,0,2026-08-29,36,quantile,0.65,5.068781307812919e-4
2026-08-29,wk inc flu prop ed visits,0,2026-08-29,36,quantile,0.7,5.295990437299968e-4
2026-08-29,wk inc flu prop ed visits,0,2026-08-29,36,quantile,0.75,5.570459803710512e-4
2026-08-29,wk inc flu prop ed visits,0,2026-08-29,36,quantile,0.8,5.91517565714021e-4
2026-08-29,wk inc flu prop ed visits,0,2026-08-29,36,quantile,0.85,6.439567526739015e-4
2026-08-29,wk inc flu prop ed visits,0,2026-08-29,36,quantile,0.9,7.185560111132908e-4
2026-08-29,wk inc flu prop ed visits,0,2026-08-29,36,quantile,0.95,8.682776092305504e-4
2026-08-29,wk inc flu prop ed visits,0,2026-08-29,36,quantile,0.975,0.0010107404852523494
2026-08-29,wk inc flu prop ed visits,0,2026-08-29,36,quantile,0.99,0.0012277286205038265
2026-08-29,wk inc flu prop ed visits,1,2026-09-05,36,quantile,0.01,4.281540050543189e-5
2026-08-29,wk inc flu prop ed visits,1,2026-09-05,36,quantile,0.025,1.0863073733027107e-4
2026-08-29,wk inc flu prop ed visits,1,2026-09-05,36,quantile,0.05,1.5964826081113652e-4
2026-08-29,wk inc flu prop ed visits,1,2026-09-05,36,quantile,0.1,2.2792493084589655e-4
2026-08-29,wk inc flu prop ed visits,1,2026-09-05,36,quantile,0.15,2.756799458110937e-4
2026-08-29,wk inc flu prop ed visits,1,2026-09-05,36,quantile,0.2,3.0879032895315245e-4
2026-08-29,wk inc flu prop ed visits,1,2026-09-05,36,quantile,0.25,3.381299666636374e-4
2026-08-29,wk inc flu prop ed visits,1,2026-09-05,36,quantile,0.3,3.6295484657308607e-4
2026-08-29,wk inc flu prop ed visits,1,2026-09-05,36,quantile,0.35,3.876844893640298e-4
2026-08-29,wk inc flu prop ed visits,1,2026-09-05,36,quantile,0.4,4.107517058818188e-4
2026-08-29,wk inc flu prop ed visits,1,2026-09-05,36,quantile,0.45,4.3322144994770785e-4
2026-08-29,wk inc flu prop ed visits,1,2026-09-05,36,quantile,0.5,4.5847254227054224e-4
2026-08-29,wk inc flu prop ed visits,1,2026-09-05,36,quantile,0.55,4.8374382866266954e-4
2026-08-29,wk inc flu prop ed visits,1,2026-09-05,36,quantile,0.6,5.099412961535186e-4
2026-08-29,wk inc flu prop ed visits,1,2026-09-05,36,quantile,0.65,5.314850307260123e-4
2026-08-29,wk inc flu prop ed visits,1,2026-09-05,36,quantile,0.7,5.631360518457202e-4
2026-08-29,wk inc flu prop ed visits,1,2026-09-05,36,quantile,0.75,6.041174773520213e-4
2026-08-29,wk inc flu prop ed visits,1,2026-09-05,36,quantile,0.8,6.453804471344349e-4
2026-08-29,wk inc flu prop ed visits,1,2026-09-05,36,quantile,0.85,6.96288652042434e-4
2026-08-29,wk inc flu prop ed visits,1,2026-09-05,36,quantile,0.9,7.787750601990677e-4
2026-08-29,wk inc flu prop ed visits,1,2026-09-05,36,quantile,0.95,9.346876452144533e-4
2026-08-29,wk inc flu prop ed visits,1,2026-09-05,36,quantile,0.975,0.0011120365580016712
2026-08-29,wk inc flu prop ed visits,1,2026-09-05,36,quantile,0.99,0.0013697636849244195
2026-08-29,wk inc flu prop ed visits,2,2026-09-12,36,quantile,0.01,2.246997465463749e-5
2026-08-29,wk inc flu prop ed visits,2,2026-09-12,36,quantile,0.025,9.737540384678347e-5
2026-08-29,wk inc flu prop ed visits,2,2026-09-12,36,quantile,0.05,1.5972264283131623e-4
2026-08-29,wk inc flu prop ed visits,2,2026-09-12,36,quantile,0.1,2.310932679504415e-4
2026-08-29,wk inc flu prop ed visits,2,2026-09-12,36,quantile,0.15,2.763821593534886e-4
2026-08-29,wk inc flu prop ed visits,2,2026-09-12,36,quantile,0.2,3.185406597119267e-4
2026-08-29,wk inc flu prop ed visits,2,2026-09-12,36,quantile,0.25,3.455551534230422e-4
2026-08-29,wk inc flu prop ed visits,2,2026-09-12,36,quantile,0.3,3.6800652678824273e-4
2026-08-29,wk inc flu prop ed visits,2,2026-09-12,36,quantile,0.35,3.960906832187135e-4
2026-08-29,wk inc flu prop ed visits,2,2026-09-12,36,quantile,0.4,4.2130537065548256e-4
2026-08-29,wk inc flu prop ed visits,2,2026-09-12,36,quantile,0.45,4.4447510517454063e-4
2026-08-29,wk inc flu prop ed visits,2,2026-09-12,36,quantile,0.5,4.726665996112723e-4
2026-08-29,wk inc flu prop ed visits,2,2026-09-12,36,quantile,0.55,4.970059809746179e-4
2026-08-29,wk inc flu prop ed visits,2,2026-09-12,36,quantile,0.6,5.279659024349246e-4
2026-08-29,wk inc flu prop ed visits,2,2026-09-12,36,quantile,0.65,5.620238540594652e-4
2026-08-29,wk inc flu prop ed visits,2,2026-09-12,36,quantile,0.7,5.943588326005129e-4
2026-08-29,wk inc flu prop ed visits,2,2026-09-12,36,quantile,0.75,6.395845104260699e-4
2026-08-29,wk inc flu prop ed visits,2,2026-09-12,36,quantile,0.8,6.940124685808159e-4
2026-08-29,wk inc flu prop ed visits,2,2026-09-12,36,quantile,0.85,7.545840544392505e-4
2026-08-29,wk inc flu prop ed visits,2,2026-09-12,36,quantile,0.9,8.46811974756414e-4
2026-08-29,wk inc flu prop ed visits,2,2026-09-12,36,quantile,0.95,0.0010456442538661862
2026-08-29,wk inc flu prop ed visits,2,2026-09-12,36,quantile,0.975,0.0012529089413625594
2026-08-29,wk inc flu prop ed visits,2,2026-09-12,36,quantile,0.99,0.0016665478301076295
2026-08-29,wk inc flu prop ed visits,3,2026-09-19,36,quantile,0.01,1.190248362498126e-5
2026-08-29,wk inc flu prop ed visits,3,2026-09-19,36,quantile,0.025,8.637728147947695e-5
2026-08-29,wk inc flu prop ed visits,3,2026-09-19,36,quantile,0.05,1.5056509395397453e-4
2026-08-29,wk inc flu prop ed visits,3,2026-09-19,36,quantile,0.1,2.2647543145006504e-4
2026-08-29,wk inc flu prop ed visits,3,2026-09-19,36,quantile,0.15,2.759606579783702e-4
2026-08-29,wk inc flu prop ed visits,3,2026-09-19,36,quantile,0.2,3.117176060292089e-4
2026-08-29,wk inc flu prop ed visits,3,2026-09-19,36,quantile,0.25,3.433442407604978e-4
2026-08-29,wk inc flu prop ed visits,3,2026-09-19,36,quantile,0.3,3.73482570217388e-4
2026-08-29,wk inc flu prop ed visits,3,2026-09-19,36,quantile,0.35,4.0473240241079234e-4
2026-08-29,wk inc flu prop ed visits,3,2026-09-19,36,quantile,0.4,4.309629736052796e-4
2026-08-29,wk inc flu prop ed visits,3,2026-09-19,36,quantile,0.45,4.660957250505587e-4
2026-08-29,wk inc flu prop ed visits,3,2026-09-19,36,quantile,0.5,4.924828977961721e-4
2026-08-29,wk inc flu prop ed visits,3,2026-09-19,36,quantile,0.55,5.241061068929311e-4
2026-08-29,wk inc flu prop ed visits,3,2026-09-19,36,quantile,0.6,5.65172182579732e-4
2026-08-29,wk inc flu prop ed visits,3,2026-09-19,36,quantile,0.65,6.041375700149979e-4
2026-08-29,wk inc flu prop ed visits,3,2026-09-19,36,quantile,0.7,6.453467021307955e-4
2026-08-29,wk inc flu prop ed visits,3,2026-09-19,36,quantile,0.75,6.956198375257555e-4
2026-08-29,wk inc flu prop ed visits,3,2026-09-19,36,quantile,0.8,7.44761684369447e-4
2026-08-29,wk inc flu prop ed visits,3,2026-09-19,36,quantile,0.85,8.17126833864916e-4
2026-08-29,wk inc flu prop ed visits,3,2026-09-19,36,quantile,0.9,9.337525411726551e-4
2026-08-29,wk inc flu prop ed visits,3,2026-09-19,36,quantile,0.95,0.001183040107952414
2026-08-29,wk inc flu prop ed visits,3,2026-09-19,36,quantile,0.975,0.0015833971878196243
2026-08-29,wk inc flu prop ed visits,3,2026-09-19,36,quantile,0.99,0.0022316956026650183
2026-08-29,wk inc flu prop ed visits,-1,2026-08-22,39,quantile,0.01,5.499999877065419e-6
2026-08-29,wk inc flu prop ed visits,-1,2026-08-22,39,quantile,0.025,6.052631443660507e-6
2026-08-29,wk inc flu prop ed visits,-1,2026-08-22,39,quantile,0.05,6.413043334918174e-6
2026-08-29,wk inc flu prop ed visits,-1,2026-08-22,39,quantile,0.1,8.484848295197333e-5
2026-08-29,wk inc flu prop ed visits,-1,2026-08-22,39,quantile,0.15,1.2941666398703797e-4
2026-08-29,wk inc flu prop ed visits,-1,2026-08-22,39,quantile,0.2,1.5599999290246222e-4
2026-08-29,wk inc flu prop ed visits,-1,2026-08-22,39,quantile,0.25,1.8543748632073387e-4
2026-08-29,wk inc flu prop ed visits,-1,2026-08-22,39,quantile,0.3,2.1179999344050877e-4
2026-08-29,wk inc flu prop ed visits,-1,2026-08-22,39,quantile,0.35,2.3109374483465205e-4
2026-08-29,wk inc flu prop ed visits,-1,2026-08-22,39,quantile,0.4,2.472941121196045e-4
2026-08-29,wk inc flu prop ed visits,-1,2026-08-22,39,quantile,0.45,2.603333127374449e-4
2026-08-29,wk inc flu prop ed visits,-1,2026-08-22,39,quantile,0.5,2.99999993294474e-4
2026-08-29,wk inc flu prop ed visits,-1,2026-08-22,39,quantile,0.55,3.405000071662167e-4
2026-08-29,wk inc flu prop ed visits,-1,2026-08-22,39,quantile,0.6,3.538823450312895e-4
2026-08-29,wk inc flu prop ed visits,-1,2026-08-22,39,quantile,0.65,3.7046874171937813e-4
2026-08-29,wk inc flu prop ed visits,-1,2026-08-22,39,quantile,0.7,3.9019999310374245e-4
2026-08-29,wk inc flu prop ed visits,-1,2026-08-22,39,quantile,0.75,4.178958336822687e-4
2026-08-29,wk inc flu prop ed visits,-1,2026-08-22,39,quantile,0.8,4.4830768647102206e-4
2026-08-29,wk inc flu prop ed visits,-1,2026-08-22,39,quantile,0.85,4.7433332321658974e-4
2026-08-29,wk inc flu prop ed visits,-1,2026-08-22,39,quantile,0.9,5.203030195200082e-4
2026-08-29,wk inc flu prop ed visits,-1,2026-08-22,39,quantile,0.95,6.099000005330888e-4
2026-08-29,wk inc flu prop ed visits,-1,2026-08-22,39,quantile,0.975,7.121052506232732e-4
2026-08-29,wk inc flu prop ed visits,-1,2026-08-22,39,quantile,0.99,8.09532573847505e-4
2026-08-29,wk inc flu prop ed visits,0,2026-08-29,39,quantile,0.01,2.9002701876292497e-9
2026-08-29,wk inc flu prop ed visits,0,2026-08-29,39,quantile,0.025,2.0780719433379414e-5
2026-08-29,wk inc flu prop ed visits,0,2026-08-29,39,quantile,0.05,5.554517433952838e-5
2026-08-29,wk inc flu prop ed visits,0,2026-08-29,39,quantile,0.1,1.0749237382146801e-4
2026-08-29,wk inc flu prop ed visits,0,2026-08-29,39,quantile,0.15,1.4666466481853577e-4
2026-08-29,wk inc flu prop ed visits,0,2026-08-29,39,quantile,0.2,1.7279833491418915e-4
2026-08-29,wk inc flu prop ed visits,0,2026-08-29,39,quantile,0.25,1.971164931850577e-4
2026-08-29,wk inc flu prop ed visits,0,2026-08-29,39,quantile,0.3,2.1648531280098283e-4
2026-08-29,wk inc flu prop ed visits,0,2026-08-29,39,quantile,0.35,2.3502595772458327e-4
2026-08-29,wk inc flu prop ed visits,0,2026-08-29,39,quantile,0.4,2.501075530026846e-4
2026-08-29,wk inc flu prop ed visits,0,2026-08-29,39,quantile,0.45,2.6818853455558197e-4
2026-08-29,wk inc flu prop ed visits,0,2026-08-29,39,quantile,0.5,2.8495037936291734e-4
2026-08-29,wk inc flu prop ed visits,0,2026-08-29,39,quantile,0.55,3.012273752115297e-4
2026-08-29,wk inc flu prop ed visits,0,2026-08-29,39,quantile,0.6,3.2381036787406477e-4
2026-08-29,wk inc flu prop ed visits,0,2026-08-29,39,quantile,0.65,3.4413452843342935e-4
2026-08-29,wk inc flu prop ed visits,0,2026-08-29,39,quantile,0.7,3.629634802307868e-4
2026-08-29,wk inc flu prop ed visits,0,2026-08-29,39,quantile,0.75,3.868556533267868e-4
2026-08-29,wk inc flu prop ed visits,0,2026-08-29,39,quantile,0.8,4.1792462071723214e-4
2026-08-29,wk inc flu prop ed visits,0,2026-08-29,39,quantile,0.85,4.602443469000959e-4
2026-08-29,wk inc flu prop ed visits,0,2026-08-29,39,quantile,0.9,5.282497029943796e-4
2026-08-29,wk inc flu prop ed visits,0,2026-08-29,39,quantile,0.95,6.502350656285751e-4
2026-08-29,wk inc flu prop ed visits,0,2026-08-29,39,quantile,0.975,7.716978048414803e-4
2026-08-29,wk inc flu prop ed visits,0,2026-08-29,39,quantile,0.99,9.671828165333513e-4
2026-08-29,wk inc flu prop ed visits,1,2026-09-05,39,quantile,0.01,4.5054511719775134e-9
2026-08-29,wk inc flu prop ed visits,1,2026-09-05,39,quantile,0.025,1.034300315821984e-5
2026-08-29,wk inc flu prop ed visits,1,2026-09-05,39,quantile,0.05,4.253237422585569e-5
2026-08-29,wk inc flu prop ed visits,1,2026-09-05,39,quantile,0.1,9.516343495464939e-5
2026-08-29,wk inc flu prop ed visits,1,2026-09-05,39,quantile,0.15,1.327167093737536e-4
2026-08-29,wk inc flu prop ed visits,1,2026-09-05,39,quantile,0.2,1.607720366427291e-4
2026-08-29,wk inc flu prop ed visits,1,2026-09-05,39,quantile,0.25,1.8604492908014331e-4
2026-08-29,wk inc flu prop ed visits,1,2026-09-05,39,quantile,0.3,2.0697715008109106e-4
2026-08-29,wk inc flu prop ed visits,1,2026-09-05,39,quantile,0.35,2.313410204836853e-4
2026-08-29,wk inc flu prop ed visits,1,2026-09-05,39,quantile,0.4,2.5606098340766233e-4
2026-08-29,wk inc flu prop ed visits,1,2026-09-05,39,quantile,0.45,2.7691565938952836e-4
2026-08-29,wk inc flu prop ed visits,1,2026-09-05,39,quantile,0.5,3.0028231708080104e-4
2026-08-29,wk inc flu prop ed visits,1,2026-09-05,39,quantile,0.55,3.2006080719409606e-4
2026-08-29,wk inc flu prop ed visits,1,2026-09-05,39,quantile,0.6,3.445091453801729e-4
2026-08-29,wk inc flu prop ed visits,1,2026-09-05,39,quantile,0.65,3.6377075066177387e-4
2026-08-29,wk inc flu prop ed visits,1,2026-09-05,39,quantile,0.7,3.913245714311984e-4
2026-08-29,wk inc flu prop ed visits,1,2026-09-05,39,quantile,0.75,4.3199022361501316e-4
2026-08-29,wk inc flu prop ed visits,1,2026-09-05,39,quantile,0.8,4.7076108673604645e-4
2026-08-29,wk inc flu prop ed visits,1,2026-09-05,39,quantile,0.85,5.151307956609173e-4
2026-08-29,wk inc flu prop ed visits,1,2026-09-05,39,quantile,0.9,5.884448939617302e-4
2026-08-29,wk inc flu prop ed visits,1,2026-09-05,39,quantile,0.95,7.392759342568204e-4
2026-08-29,wk inc flu prop ed visits,1,2026-09-05,39,quantile,0.975,9.20076825344481e-4
2026-08-29,wk inc flu prop ed visits,1,2026-09-05,39,quantile,0.99,0.001194065345579794
2026-08-29,wk inc flu prop ed visits,2,2026-09-12,39,quantile,0.01,6.482358279016954e-9
2026-08-29,wk inc flu prop ed visits,2,2026-09-12,39,quantile,0.025,7.005615213993492e-9
2026-08-29,wk inc flu prop ed visits,2,2026-09-12,39,quantile,0.05,3.6542402414669536e-5
2026-08-29,wk inc flu prop ed visits,2,2026-09-12,39,quantile,0.1,9.176104240738101e-5
2026-08-29,wk inc flu prop ed visits,2,2026-09-12,39,quantile,0.15,1.3272619059345625e-4
2026-08-29,wk inc flu prop ed visits,2,2026-09-12,39,quantile,0.2,1.6332927122807316e-4
2026-08-29,wk inc flu prop ed visits,2,2026-09-12,39,quantile,0.25,1.9184571317474807e-4
2026-08-29,wk inc flu prop ed visits,2,2026-09-12,39,quantile,0.3,2.1656024784258998e-4
2026-08-29,wk inc flu prop ed visits,2,2026-09-12,39,quantile,0.35,2.3850138070961177e-4
2026-08-29,wk inc flu prop ed visits,2,2026-09-12,39,quantile,0.4,2.620571071469825e-4
2026-08-29,wk inc flu prop ed visits,2,2026-09-12,39,quantile,0.45,2.823698472138923e-4
2026-08-29,wk inc flu prop ed visits,2,2026-09-12,39,quantile,0.5,3.0902423213702323e-4
2026-08-29,wk inc flu prop ed visits,2,2026-09-12,39,quantile,0.55,3.3130803061379117e-4
2026-08-29,wk inc flu prop ed visits,2,2026-09-12,39,quantile,0.6,3.5802444973547946e-4
2026-08-29,wk inc flu prop ed visits,2,2026-09-12,39,quantile,0.65,3.9000234922355667e-4
2026-08-29,wk inc flu prop ed visits,2,2026-09-12,39,quantile,0.7,4.2389694445826756e-4
2026-08-29,wk inc flu prop ed visits,2,2026-09-12,39,quantile,0.75,4.667758554838551e-4
2026-08-29,wk inc flu prop ed visits,2,2026-09-12,39,quantile,0.8,5.16350125002926e-4
2026-08-29,wk inc flu prop ed visits,2,2026-09-12,39,quantile,0.85,5.730286232339036e-4
2026-08-29,wk inc flu prop ed visits,2,2026-09-12,39,quantile,0.9,6.595857411388033e-4
2026-08-29,wk inc flu prop ed visits,2,2026-09-12,39,quantile,0.95,8.607902682213188e-4
2026-08-29,wk inc flu prop ed visits,2,2026-09-12,39,quantile,0.975,0.0011080784836329744
2026-08-29,wk inc flu prop ed visits,2,2026-09-12,39,quantile,0.99,0.0016362883575319386
2026-08-29,wk inc flu prop ed visits,3,2026-09-19,39,quantile,0.01,8.977026771233395e-9
2026-08-29,wk inc flu prop ed visits,3,2026-09-19,39,quantile,0.025,9.613977672961703e-9
2026-08-29,wk inc flu prop ed visits,3,2026-09-19,39,quantile,0.05,3.099672547611797e-5
2026-08-29,wk inc flu prop ed visits,3,2026-09-19,39,quantile,0.1,8.494251883303417e-5
2026-08-29,wk inc flu prop ed visits,3,2026-09-19,39,quantile,0.15,1.3039155630656445e-4
2026-08-29,wk inc flu prop ed visits,3,2026-09-19,39,quantile,0.2,1.630531347923112e-4
2026-08-29,wk inc flu prop ed visits,3,2026-09-19,39,quantile,0.25,1.958157841324968e-4
2026-08-29,wk inc flu prop ed visits,3,2026-09-19,39,quantile,0.3,2.2453735102101924e-4
2026-08-29,wk inc flu prop ed visits,3,2026-09-19,39,quantile,0.35,2.52499359719313e-4
2026-08-29,wk inc flu prop ed visits,3,2026-09-19,39,quantile,0.4,2.795110130248198e-4
2026-08-29,wk inc flu prop ed visits,3,2026-09-19,39,quantile,0.45,3.127374877392604e-4
2026-08-29,wk inc flu prop ed visits,3,2026-09-19,39,quantile,0.5,3.3991643233485976e-4
2026-08-29,wk inc flu prop ed visits,3,2026-09-19,39,quantile,0.55,3.727344619083479e-4
2026-08-29,wk inc flu prop ed visits,3,2026-09-19,39,quantile,0.6,4.133122680940257e-4
2026-08-29,wk inc flu prop ed visits,3,2026-09-19,39,quantile,0.65,4.5073740639940484e-4
2026-08-29,wk inc flu prop ed visits,3,2026-09-19,39,quantile,0.7,4.8345482607824967e-4
2026-08-29,wk inc flu prop ed visits,3,2026-09-19,39,quantile,0.75,5.321500513583748e-4
2026-08-29,wk inc flu prop ed visits,3,2026-09-19,39,quantile,0.8,5.842796740533723e-4
2026-08-29,wk inc flu prop ed visits,3,2026-09-19,39,quantile,0.85,6.617831444874676e-4
2026-08-29,wk inc flu prop ed visits,3,2026-09-19,39,quantile,0.9,7.719391462443433e-4
2026-08-29,wk inc flu prop ed visits,3,2026-09-19,39,quantile,0.95,0.0010617987000546237
2026-08-29,wk inc flu prop ed visits,3,2026-09-19,39,quantile,0.975,0.001547574294269895
2026-08-29,wk inc flu prop ed visits,3,2026-09-19,39,quantile,0.99,0.002416582945521388
2026-08-29,wk inc flu prop ed visits,-1,2026-08-22,40,quantile,0.01,1.2105262887321014e-5
2026-08-29,wk inc flu prop ed visits,-1,2026-08-22,40,quantile,0.025,1.2826086669836347e-5
2026-08-29,wk inc flu prop ed visits,-1,2026-08-22,40,quantile,0.05,1.0879998524673291e-4
2026-08-29,wk inc flu prop ed visits,-1,2026-08-22,40,quantile,0.1,1.854545413093133e-4
2026-08-29,wk inc flu prop ed visits,-1,2026-08-22,40,quantile,0.15,2.331666616680448e-4
2026-08-29,wk inc flu prop ed visits,-1,2026-08-22,40,quantile,0.2,2.5907691390468523e-4
2026-08-29,wk inc flu prop ed visits,-1,2026-08-22,40,quantile,0.25,2.879374844953417e-4
2026-08-29,wk inc flu prop ed visits,-1,2026-08-22,40,quantile,0.3,3.1379999153316023e-4
2026-08-29,wk inc flu prop ed visits,-1,2026-08-22,40,quantile,0.35,3.326562428555916e-4
2026-08-29,wk inc flu prop ed visits,-1,2026-08-22,40,quantile,0.4,3.49019600158813e-4
2026-08-29,wk inc flu prop ed visits,-1,2026-08-22,40,quantile,0.45,3.619999771316846e-4
2026-08-29,wk inc flu prop ed visits,-1,2026-08-22,40,quantile,0.5,4.0157893849046273e-4
2026-08-29,wk inc flu prop ed visits,-1,2026-08-22,40,quantile,0.55,4.4322222721659483e-4
2026-08-29,wk inc flu prop ed visits,-1,2026-08-22,40,quantile,0.6,4.5858822570127604e-4
2026-08-29,wk inc flu prop ed visits,-1,2026-08-22,40,quantile,0.65,4.767187402176206e-4
2026-08-29,wk inc flu prop ed visits,-1,2026-08-22,40,quantile,0.7,5.003333246956269e-4
2026-08-29,wk inc flu prop ed visits,-1,2026-08-22,40,quantile,0.75,5.320624981075524e-4
2026-08-29,wk inc flu prop ed visits,-1,2026-08-22,40,quantile,0.8,5.655384527376065e-4
2026-08-29,wk inc flu prop ed visits,-1,2026-08-22,40,quantile,0.85,5.968333197800095e-4
2026-08-29,wk inc flu prop ed visits,-1,2026-08-22,40,quantile,0.9,6.52727257403912e-4
2026-08-29,wk inc flu prop ed visits,-1,2026-08-22,40,quantile,0.95,7.53899997929111e-4
2026-08-29,wk inc flu prop ed visits,-1,2026-08-22,40,quantile,0.975,8.605263033195544e-4
2026-08-29,wk inc flu prop ed visits,-1,2026-08-22,40,quantile,0.99,9.608369218752437e-4
2026-08-29,wk inc flu prop ed visits,0,2026-08-29,40,quantile,0.01,6.51830150722683e-5
2026-08-29,wk inc flu prop ed visits,0,2026-08-29,40,quantile,0.025,1.2187246342758349e-4
2026-08-29,wk inc flu prop ed visits,0,2026-08-29,40,quantile,0.05,1.7376919137039682e-4
2026-08-29,wk inc flu prop ed visits,0,2026-08-29,40,quantile,0.1,2.3729689063113735e-4
2026-08-29,wk inc flu prop ed visits,0,2026-08-29,40,quantile,0.15,2.777922711408254e-4
2026-08-29,wk inc flu prop ed visits,0,2026-08-29,40,quantile,0.2,3.1847015598579655e-4
2026-08-29,wk inc flu prop ed visits,0,2026-08-29,40,quantile,0.25,3.4928862275788216e-4
2026-08-29,wk inc flu prop ed visits,0,2026-08-29,40,quantile,0.3,3.708600866993616e-4
2026-08-29,wk inc flu prop ed visits,0,2026-08-29,40,quantile,0.35,3.928672022267079e-4
2026-08-29,wk inc flu prop ed visits,0,2026-08-29,40,quantile,0.4,4.1296323010096803e-4
2026-08-29,wk inc flu prop ed visits,0,2026-08-29,40,quantile,0.45,4.335200294292795e-4
2026-08-29,wk inc flu prop ed visits,0,2026-08-29,40,quantile,0.5,4.5358297073352043e-4
2026-08-29,wk inc flu prop ed visits,0,2026-08-29,40,quantile,0.55,4.7494396669535714e-4
2026-08-29,wk inc flu prop ed visits,0,2026-08-29,40,quantile,0.6,4.99426928114114e-4
2026-08-29,wk inc flu prop ed visits,0,2026-08-29,40,quantile,0.65,5.224288888395909e-4
2026-08-29,wk inc flu prop ed visits,0,2026-08-29,40,quantile,0.7,5.472187256946524e-4
2026-08-29,wk inc flu prop ed visits,0,2026-08-29,40,quantile,0.75,5.820164266589468e-4
2026-08-29,wk inc flu prop ed visits,0,2026-08-29,40,quantile,0.8,6.200210762090269e-4
2026-08-29,wk inc flu prop ed visits,0,2026-08-29,40,quantile,0.85,6.69554282010902e-4
2026-08-29,wk inc flu prop ed visits,0,2026-08-29,40,quantile,0.9,7.405254826279524e-4
2026-08-29,wk inc flu prop ed visits,0,2026-08-29,40,quantile,0.95,8.67461022354607e-4
2026-08-29,wk inc flu prop ed visits,0,2026-08-29,40,quantile,0.975,0.0010277359861661554
2026-08-29,wk inc flu prop ed visits,0,2026-08-29,40,quantile,0.99,0.0012802428425645852
2026-08-29,wk inc flu prop ed visits,1,2026-09-05,40,quantile,0.01,2.9577811397232625e-5
2026-08-29,wk inc flu prop ed visits,1,2026-09-05,40,quantile,0.025,1.0059113878044728e-4
2026-08-29,wk inc flu prop ed visits,1,2026-09-05,40,quantile,0.05,1.4610961631191807e-4
2026-08-29,wk inc flu prop ed visits,1,2026-09-05,40,quantile,0.1,2.1235232848290775e-4
2026-08-29,wk inc flu prop ed visits,1,2026-09-05,40,quantile,0.15,2.603792382908478e-4
2026-08-29,wk inc flu prop ed visits,1,2026-09-05,40,quantile,0.2,2.973373685653513e-4
2026-08-29,wk inc flu prop ed visits,1,2026-09-05,40,quantile,0.25,3.3058494201776043e-4
2026-08-29,wk inc flu prop ed visits,1,2026-09-05,40,quantile,0.3,3.5935571327133436e-4
2026-08-29,wk inc flu prop ed visits,1,2026-09-05,40,quantile,0.35,3.868222552626277e-4
2026-08-29,wk inc flu prop ed visits,1,2026-09-05,40,quantile,0.4,4.1444978519798796e-4
2026-08-29,wk inc flu prop ed visits,1,2026-09-05,40,quantile,0.45,4.4213120159780655e-4
2026-08-29,wk inc flu prop ed visits,1,2026-09-05,40,quantile,0.5,4.691861605227386e-4
2026-08-29,wk inc flu prop ed visits,1,2026-09-05,40,quantile,0.55,4.965672109743591e-4
2026-08-29,wk inc flu prop ed visits,1,2026-09-05,40,quantile,0.6,5.261511322078302e-4
2026-08-29,wk inc flu prop ed visits,1,2026-09-05,40,quantile,0.65,5.513910102999782e-4
2026-08-29,wk inc flu prop ed visits,1,2026-09-05,40,quantile,0.7,5.826342648700935e-4
2026-08-29,wk inc flu prop ed visits,1,2026-09-05,40,quantile,0.75,6.264679182710645e-4
2026-08-29,wk inc flu prop ed visits,1,2026-09-05,40,quantile,0.8,6.644652457935052e-4
2026-08-29,wk inc flu prop ed visits,1,2026-09-05,40,quantile,0.85,7.188233014499e-4
2026-08-29,wk inc flu prop ed visits,1,2026-09-05,40,quantile,0.9,8.194667590957104e-4
2026-08-29,wk inc flu prop ed visits,1,2026-09-05,40,quantile,0.95,9.734660202742458e-4
2026-08-29,wk inc flu prop ed visits,1,2026-09-05,40,quantile,0.975,0.0011685995656644575
2026-08-29,wk inc flu prop ed visits,1,2026-09-05,40,quantile,0.99,0.001393441420230334
2026-08-29,wk inc flu prop ed visits,2,2026-09-12,40,quantile,0.01,2.1016845641980477e-8
2026-08-29,wk inc flu prop ed visits,2,2026-09-12,40,quantile,0.025,6.500518083618983e-5
2026-08-29,wk inc flu prop ed visits,2,2026-09-12,40,quantile,0.05,1.2295312857867277e-4
2026-08-29,wk inc flu prop ed visits,2,2026-09-12,40,quantile,0.1,1.9500477832740633e-4
2026-08-29,wk inc flu prop ed visits,2,2026-09-12,40,quantile,0.15,2.4575191481222836e-4
2026-08-29,wk inc flu prop ed visits,2,2026-09-12,40,quantile,0.2,2.9845331807627616e-4
2026-08-29,wk inc flu prop ed visits,2,2026-09-12,40,quantile,0.25,3.2988385335217007e-4
2026-08-29,wk inc flu prop ed visits,2,2026-09-12,40,quantile,0.3,3.6005097115087835e-4
2026-08-29,wk inc flu prop ed visits,2,2026-09-12,40,quantile,0.35,3.897699401410038e-4
2026-08-29,wk inc flu prop ed visits,2,2026-09-12,40,quantile,0.4,4.180282164674327e-4
2026-08-29,wk inc flu prop ed visits,2,2026-09-12,40,quantile,0.45,4.455629317817678e-4
2026-08-29,wk inc flu prop ed visits,2,2026-09-12,40,quantile,0.5,4.772384725656068e-4
2026-08-29,wk inc flu prop ed visits,2,2026-09-12,40,quantile,0.55,5.097680445994603e-4
2026-08-29,wk inc flu prop ed visits,2,2026-09-12,40,quantile,0.6,5.448303091697739e-4
2026-08-29,wk inc flu prop ed visits,2,2026-09-12,40,quantile,0.65,5.770403303399587e-4
2026-08-29,wk inc flu prop ed visits,2,2026-09-12,40,quantile,0.7,6.134599999786444e-4
2026-08-29,wk inc flu prop ed visits,2,2026-09-12,40,quantile,0.75,6.657663418691045e-4
2026-08-29,wk inc flu prop ed visits,2,2026-09-12,40,quantile,0.8,7.163011275615959e-4
2026-08-29,wk inc flu prop ed visits,2,2026-09-12,40,quantile,0.85,7.865149592363423e-4
2026-08-29,wk inc flu prop ed visits,2,2026-09-12,40,quantile,0.9,8.921801152371843e-4
2026-08-29,wk inc flu prop ed visits,2,2026-09-12,40,quantile,0.95,0.0011174000886576881
2026-08-29,wk inc flu prop ed visits,2,2026-09-12,40,quantile,0.975,0.0013622694877557559
2026-08-29,wk inc flu prop ed visits,2,2026-09-12,40,quantile,0.99,0.0018106254519058968
2026-08-29,wk inc flu prop ed visits,3,2026-09-19,40,quantile,0.01,2.8563268063443623e-8
2026-08-29,wk inc flu prop ed visits,3,2026-09-19,40,quantile,0.025,4.152781490014511e-5
2026-08-29,wk inc flu prop ed visits,3,2026-09-19,40,quantile,0.05,1.0584390405409617e-4
2026-08-29,wk inc flu prop ed visits,3,2026-09-19,40,quantile,0.1,1.8360997691151845e-4
2026-08-29,wk inc flu prop ed visits,3,2026-09-19,40,quantile,0.15,2.3447112320774052e-4
2026-08-29,wk inc flu prop ed visits,3,2026-09-19,40,quantile,0.2,2.759138318477046e-4
2026-08-29,wk inc flu prop ed visits,3,2026-09-19,40,quantile,0.25,3.132391942025721e-4
2026-08-29,wk inc flu prop ed visits,3,2026-09-19,40,quantile,0.3,3.4763756687946707e-4
2026-08-29,wk inc flu prop ed visits,3,2026-09-19,40,quantile,0.35,3.811113305706409e-4
2026-08-29,wk inc flu prop ed visits,3,2026-09-19,40,quantile,0.4,4.1268282670128484e-4
2026-08-29,wk inc flu prop ed visits,3,2026-09-19,40,quantile,0.45,4.522198502607267e-4
2026-08-29,wk inc flu prop ed visits,3,2026-09-19,40,quantile,0.5,4.8420680398115535e-4
2026-08-29,wk inc flu prop ed visits,3,2026-09-19,40,quantile,0.55,5.243873131258122e-4
2026-08-29,wk inc flu prop ed visits,3,2026-09-19,40,quantile,0.6,5.687235096097873e-4
2026-08-29,wk inc flu prop ed visits,3,2026-09-19,40,quantile,0.65,6.162608114257971e-4
2026-08-29,wk inc flu prop ed visits,3,2026-09-19,40,quantile,0.7,6.649156956327924e-4
2026-08-29,wk inc flu prop ed visits,3,2026-09-19,40,quantile,0.75,7.251357651445888e-4
2026-08-29,wk inc flu prop ed visits,3,2026-09-19,40,quantile,0.8,7.897789446851647e-4
2026-08-29,wk inc flu prop ed visits,3,2026-09-19,40,quantile,0.85,8.775349228196375e-4
2026-08-29,wk inc flu prop ed visits,3,2026-09-19,40,quantile,0.9,0.0010044897522776977
2026-08-29,wk inc flu prop ed visits,3,2026-09-19,40,quantile,0.95,0.0012968901118513663
2026-08-29,wk inc flu prop ed visits,3,2026-09-19,40,quantile,0.975,0.00169475294450602
2026-08-29,wk inc flu prop ed visits,3,2026-09-19,40,quantile,0.99,0.002290301003653655
2026-08-29,wk inc flu prop ed visits,-1,2026-08-22,41,quantile,0.01,1.968804681511676e-4
2026-08-29,wk inc flu prop ed visits,-1,2026-08-22,41,quantile,0.025,2.939473793498779e-4
2026-08-29,wk inc flu prop ed visits,-1,2026-08-22,41,quantile,0.05,3.9229999651201075e-4
2026-08-29,wk inc flu prop ed visits,-1,2026-08-22,41,quantile,0.1,4.7181818905201817e-4
2026-08-29,wk inc flu prop ed visits,-1,2026-08-22,41,quantile,0.15,5.186666732145822e-4
2026-08-29,wk inc flu prop ed visits,-1,2026-08-22,41,quantile,0.2,5.486153867955391e-4
2026-08-29,wk inc flu prop ed visits,-1,2026-08-22,41,quantile,0.25,5.7960416264832e-4
2026-08-29,wk inc flu prop ed visits,-1,2026-08-22,41,quantile,0.3,6.078000032156707e-4
2026-08-29,wk inc flu prop ed visits,-1,2026-08-22,41,quantile,0.35,6.27968754590256e-4
2026-08-29,wk inc flu prop ed visits,-1,2026-08-22,41,quantile,0.4,6.449411806814811e-4
2026-08-29,wk inc flu prop ed visits,-1,2026-08-22,41,quantile,0.45,6.586666557937861e-4
2026-08-29,wk inc flu prop ed visits,-1,2026-08-22,41,quantile,0.5,6.994736871044853e-4
2026-08-29,wk inc flu prop ed visits,-1,2026-08-22,41,quantile,0.55,7.390555723259847e-4
2026-08-29,wk inc flu prop ed visits,-1,2026-08-22,41,quantile,0.6,7.527058841551052e-4
2026-08-29,wk inc flu prop ed visits,-1,2026-08-22,41,quantile,0.65,0.00076890625144005755
2026-08-29,wk inc flu prop ed visits,-1,2026-08-22,41,quantile,0.7,7.882000028342009e-4
2026-08-29,wk inc flu prop ed visits,-1,2026-08-22,41,quantile,0.75,8.145625099539757e-4
2026-08-29,wk inc flu prop ed visits,-1,2026-08-22,41,quantile,0.8,8.421538495673583e-4
2026-08-29,wk inc flu prop ed visits,-1,2026-08-22,41,quantile,0.85,8.700833316934878e-4
2026-08-29,wk inc flu prop ed visits,-1,2026-08-22,41,quantile,0.9,9.145454518835652e-4
2026-08-29,wk inc flu prop ed visits,-1,2026-08-22,41,quantile,0.95,9.934000085387378e-4
2026-08-29,wk inc flu prop ed visits,-1,2026-08-22,41,quantile,0.975,0.0010939473637232653
2026-08-29,wk inc flu prop ed visits,-1,2026-08-22,41,quantile,0.99,0.0011902934511394605
2026-08-29,wk inc flu prop ed visits,0,2026-08-29,41,quantile,0.01,1.5518704971810964e-4
2026-08-29,wk inc flu prop ed visits,0,2026-08-29,41,quantile,0.025,2.207859196272148e-4
2026-08-29,wk inc flu prop ed visits,0,2026-08-29,41,quantile,0.05,2.860844807112247e-4
2026-08-29,wk inc flu prop ed visits,0,2026-08-29,41,quantile,0.1,3.806602945997485e-4
2026-08-29,wk inc flu prop ed visits,0,2026-08-29,41,quantile,0.15,4.502386625164612e-4
2026-08-29,wk inc flu prop ed visits,0,2026-08-29,41,quantile,0.2,4.901539149815375e-4
2026-08-29,wk inc flu prop ed visits,0,2026-08-29,41,quantile,0.25,5.292071122883914e-4
2026-08-29,wk inc flu prop ed visits,0,2026-08-29,41,quantile,0.3,5.604854631303633e-4
2026-08-29,wk inc flu prop ed visits,0,2026-08-29,41,quantile,0.35,5.902553770306298e-4
2026-08-29,wk inc flu prop ed visits,0,2026-08-29,41,quantile,0.4,6.14715099634948e-4
2026-08-29,wk inc flu prop ed visits,0,2026-08-29,41,quantile,0.45,6.43193283348455e-4
2026-08-29,wk inc flu prop ed visits,0,2026-08-29,41,quantile,0.5,6.698100092218125e-4
2026-08-29,wk inc flu prop ed visits,0,2026-08-29,41,quantile,0.55,6.94592702259024e-4
2026-08-29,wk inc flu prop ed visits,0,2026-08-29,41,quantile,0.6,7.292404051882249e-4
2026-08-29,wk inc flu prop ed visits,0,2026-08-29,41,quantile,0.65,7.620790050564617e-4
2026-08-29,wk inc flu prop ed visits,0,2026-08-29,41,quantile,0.7,7.895841263267432e-4
2026-08-29,wk inc flu prop ed visits,0,2026-08-29,41,quantile,0.75,8.235828827986724e-4
2026-08-29,wk inc flu prop ed visits,0,2026-08-29,41,quantile,0.8,8.685467428956633e-4
2026-08-29,wk inc flu prop ed visits,0,2026-08-29,41,quantile,0.85,9.330284334431473e-4
2026-08-29,wk inc flu prop ed visits,0,2026-08-29,41,quantile,0.9,0.00103314765943759
2026-08-29,wk inc flu prop ed visits,0,2026-08-29,41,quantile,0.95,0.0012141321329820823
2026-08-29,wk inc flu prop ed visits,0,2026-08-29,41,quantile,0.975,0.0013781952829885055
2026-08-29,wk inc flu prop ed visits,0,2026-08-29,41,quantile,0.99,0.0016339023512776476
2026-08-29,wk inc flu prop ed visits,1,2026-09-05,41,quantile,0.01,1.1376153017821535e-4
2026-08-29,wk inc flu prop ed visits,1,2026-09-05,41,quantile,0.025,2.0297687337681887e-4
2026-08-29,wk inc flu prop ed visits,1,2026-09-05,41,quantile,0.05,2.65733444472634e-4
2026-08-29,wk inc flu prop ed visits,1,2026-09-05,41,quantile,0.1,3.6260550946250756e-4
2026-08-29,wk inc flu prop ed visits,1,2026-09-05,41,quantile,0.15,4.2842034246821605e-4
2026-08-29,wk inc flu prop ed visits,1,2026-09-05,41,quantile,0.2,4.7508650767477727e-4
2026-08-29,wk inc flu prop ed visits,1,2026-09-05,41,quantile,0.25,5.156411267884457e-4
2026-08-29,wk inc flu prop ed visits,1,2026-09-05,41,quantile,0.3,5.483131792815224e-4
2026-08-29,wk inc flu prop ed visits,1,2026-09-05,41,quantile,0.35,5.868149987178214e-4
2026-08-29,wk inc flu prop ed visits,1,2026-09-05,41,quantile,0.4,6.253163101678481e-4
2026-08-29,wk inc flu prop ed visits,1,2026-09-05,41,quantile,0.45,6.569224916661358e-4
2026-08-29,wk inc flu prop ed visits,1,2026-09-05,41,quantile,0.5,6.933785818614463e-4
2026-08-29,wk inc flu prop ed visits,1,2026-09-05,41,quantile,0.55,7.232794701111448e-4
2026-08-29,wk inc flu prop ed visits,1,2026-09-05,41,quantile,0.6,7.607766318664266e-4
2026-08-29,wk inc flu prop ed visits,1,2026-09-05,41,quantile,0.65,7.891442825216578e-4
2026-08-29,wk inc flu prop ed visits,1,2026-09-05,41,quantile,0.7,8.313156749294439e-4
2026-08-29,wk inc flu prop ed visits,1,2026-09-05,41,quantile,0.75,8.919912857982869e-4
2026-08-29,wk inc flu prop ed visits,1,2026-09-05,41,quantile,0.8,9.505707469342978e-4
2026-08-29,wk inc flu prop ed visits,1,2026-09-05,41,quantile,0.85,0.0010140045051911669
2026-08-29,wk inc flu prop ed visits,1,2026-09-05,41,quantile,0.9,0.0011149271221402438
2026-08-29,wk inc flu prop ed visits,1,2026-09-05,41,quantile,0.95,0.0013290886075819006
2026-08-29,wk inc flu prop ed visits,1,2026-09-05,41,quantile,0.975,0.0015734757638132348
2026-08-29,wk inc flu prop ed visits,1,2026-09-05,41,quantile,0.99,0.0019627692415431224
2026-08-29,wk inc flu prop ed visits,2,2026-09-12,41,quantile,0.01,8.5365811191744e-5
2026-08-29,wk inc flu prop ed visits,2,2026-09-12,41,quantile,0.025,1.7736484654257698e-4
2026-08-29,wk inc flu prop ed visits,2,2026-09-12,41,quantile,0.05,2.65309202152422e-4
2026-08-29,wk inc flu prop ed visits,2,2026-09-12,41,quantile,0.1,3.653737844387676e-4
2026-08-29,wk inc flu prop ed visits,2,2026-09-12,41,quantile,0.15,4.348641908862029e-4
2026-08-29,wk inc flu prop ed visits,2,2026-09-12,41,quantile,0.2,4.8187302347539514e-4
2026-08-29,wk inc flu prop ed visits,2,2026-09-12,41,quantile,0.25,5.27855974581426e-4
2026-08-29,wk inc flu prop ed visits,2,2026-09-12,41,quantile,0.3,5.658091910439779e-4
2026-08-29,wk inc flu prop ed visits,2,2026-09-12,41,quantile,0.35,6.007920555490742e-4
2026-08-29,wk inc flu prop ed visits,2,2026-09-12,41,quantile,0.4,6.375360150899065e-4
2026-08-29,wk inc flu prop ed visits,2,2026-09-12,41,quantile,0.45,6.68561033211921e-4
2026-08-29,wk inc flu prop ed visits,2,2026-09-12,41,quantile,0.5,7.094884524825907e-4
2026-08-29,wk inc flu prop ed visits,2,2026-09-12,41,quantile,0.55,7.411833211393351e-4
2026-08-29,wk inc flu prop ed visits,2,2026-09-12,41,quantile,0.6,7.813687853515134e-4
2026-08-29,wk inc flu prop ed visits,2,2026-09-12,41,quantile,0.65,8.307881072435895e-4
2026-08-29,wk inc flu prop ed visits,2,2026-09-12,41,quantile,0.7,8.803690702216202e-4
2026-08-29,wk inc flu prop ed visits,2,2026-09-12,41,quantile,0.75,9.416936457527257e-4
2026-08-29,wk inc flu prop ed visits,2,2026-09-12,41,quantile,0.8,0.001016070582699178
2026-08-29,wk inc flu prop ed visits,2,2026-09-12,41,quantile,0.85,0.0010945131108966535
2026-08-29,wk inc flu prop ed visits,2,2026-09-12,41,quantile,0.9,0.0012131635538736064
2026-08-29,wk inc flu prop ed visits,2,2026-09-12,41,quantile,0.95,0.0014862294030559197
2026-08-29,wk inc flu prop ed visits,2,2026-09-12,41,quantile,0.975,0.0018060867681669787
2026-08-29,wk inc flu prop ed visits,2,2026-09-12,41,quantile,0.99,0.002486471774933436
2026-08-29,wk inc flu prop ed visits,3,2026-09-19,41,quantile,0.01,6.190660111373855e-5
2026-08-29,wk inc flu prop ed visits,3,2026-09-19,41,quantile,0.025,1.5899997936933197e-4
2026-08-29,wk inc flu prop ed visits,3,2026-09-19,41,quantile,0.05,2.4486087852824333e-4
2026-08-29,wk inc flu prop ed visits,3,2026-09-19,41,quantile,0.1,3.543430337733188e-4
2026-08-29,wk inc flu prop ed visits,3,2026-09-19,41,quantile,0.15,4.3461347496300505e-4
2026-08-29,wk inc flu prop ed visits,3,2026-09-19,41,quantile,0.2,4.887529369226947e-4
2026-08-29,wk inc flu prop ed visits,3,2026-09-19,41,quantile,0.25,5.415348533721026e-4
2026-08-29,wk inc flu prop ed visits,3,2026-09-19,41,quantile,0.3,5.865478229298655e-4
2026-08-29,wk inc flu prop ed visits,3,2026-09-19,41,quantile,0.35,6.309597871047543e-4
2026-08-29,wk inc flu prop ed visits,3,2026-09-19,41,quantile,0.4,6.717542789814111e-4
2026-08-29,wk inc flu prop ed visits,3,2026-09-19,41,quantile,0.45,7.218336057351155e-4
2026-08-29,wk inc flu prop ed visits,3,2026-09-19,41,quantile,0.5,7.61922445715741e-4
2026-08-29,wk inc flu prop ed visits,3,2026-09-19,41,quantile,0.55,8.089157883881533e-4
2026-08-29,wk inc flu prop ed visits,3,2026-09-19,41,quantile,0.6,8.699666040452487e-4
2026-08-29,wk inc flu prop ed visits,3,2026-09-19,41,quantile,0.65,9.225680466153264e-4
2026-08-29,wk inc flu prop ed visits,3,2026-09-19,41,quantile,0.7,9.69426627033983e-4
2026-08-29,wk inc flu prop ed visits,3,2026-09-19,41,quantile,0.75,0.0010368395431111744
2026-08-29,wk inc flu prop ed visits,3,2026-09-19,41,quantile,0.8,0.0011072398433111675
2026-08-29,wk inc flu prop ed visits,3,2026-09-19,41,quantile,0.85,0.001212202975417441
2026-08-29,wk inc flu prop ed visits,3,2026-09-19,41,quantile,0.9,0.0013656137508026348
2026-08-29,wk inc flu prop ed visits,3,2026-09-19,41,quantile,0.95,0.0017471095303197997
2026-08-29,wk inc flu prop ed visits,3,2026-09-19,41,quantile,0.975,0.0023874745380109215
2026-08-29,wk inc flu prop ed visits,3,2026-09-19,41,quantile,0.99,0.003498535018918548
2026-08-29,wk inc flu prop ed visits,-1,2026-08-22,42,quantile,0.01,1.0970653962424908e-4
2026-08-29,wk inc flu prop ed visits,-1,2026-08-22,42,quantile,0.025,2.0605262697331213e-4
2026-08-29,wk inc flu prop ed visits,-1,2026-08-22,42,quantile,0.05,2.9999998097307985e-4
2026-08-29,wk inc flu prop ed visits,-1,2026-08-22,42,quantile,0.1,3.763636279512535e-4
2026-08-29,wk inc flu prop ed visits,-1,2026-08-22,42,quantile,0.15,4.2191665744915354e-4
2026-08-29,wk inc flu prop ed visits,-1,2026-08-22,42,quantile,0.2,4.4984614018064276e-4
2026-08-29,wk inc flu prop ed visits,-1,2026-08-22,42,quantile,0.25,4.8043747972697e-4
2026-08-29,wk inc flu prop ed visits,-1,2026-08-22,42,quantile,0.3,5.077999868243932e-4
2026-08-29,wk inc flu prop ed visits,-1,2026-08-22,42,quantile,0.35,5.279687381989787e-4
2026-08-29,wk inc flu prop ed visits,-1,2026-08-22,42,quantile,0.4,5.449411642902038e-4
2026-08-29,wk inc flu prop ed visits,-1,2026-08-22,42,quantile,0.45,5.586666394025087e-4
2026-08-29,wk inc flu prop ed visits,-1,2026-08-22,42,quantile,0.5,5.989473550335324e-4
2026-08-29,wk inc flu prop ed visits,-1,2026-08-22,42,quantile,0.55,6.380000005165739e-4
2026-08-29,wk inc flu prop ed visits,-1,2026-08-22,42,quantile,0.6,6.50980377723189e-4
2026-08-29,wk inc flu prop ed visits,-1,2026-08-22,42,quantile,0.65,6.673437353747431e-4
2026-08-29,wk inc flu prop ed visits,-1,2026-08-22,42,quantile,0.7,6.861999868601561e-4
2026-08-29,wk inc flu prop ed visits,-1,2026-08-22,42,quantile,0.75,7.120624940842389e-4
2026-08-29,wk inc flu prop ed visits,-1,2026-08-22,42,quantile,0.8,7.409230642020703e-4
2026-08-29,wk inc flu prop ed visits,-1,2026-08-22,42,quantile,0.85,7.668333159802133e-4
2026-08-29,wk inc flu prop ed visits,-1,2026-08-22,42,quantile,0.9,8.099999818950889e-4
2026-08-29,wk inc flu prop ed visits,-1,2026-08-22,42,quantile,0.95,8.87899992475286e-4
2026-08-29,wk inc flu prop ed visits,-1,2026-08-22,42,quantile,0.975,9.87894714760937e-4
2026-08-29,wk inc flu prop ed visits,-1,2026-08-22,42,quantile,0.99,0.0010838803902187425
2026-08-29,wk inc flu prop ed visits,0,2026-08-29,42,quantile,0.01,1.1484000654209783e-4
2026-08-29,wk inc flu prop ed visits,0,2026-08-29,42,quantile,0.025,1.790376309911389e-4
2026-08-29,wk inc flu prop ed visits,0,2026-08-29,42,quantile,0.05,2.4308250376076383e-4
2026-08-29,wk inc flu prop ed visits,0,2026-08-29,42,quantile,0.1,3.240044395586936e-4
2026-08-29,wk inc flu prop ed visits,0,2026-08-29,42,quantile,0.15,3.861525500561005e-4
2026-08-29,wk inc flu prop ed visits,0,2026-08-29,42,quantile,0.2,4.307168641180084e-4
2026-08-29,wk inc flu prop ed visits,0,2026-08-29,42,quantile,0.25,4.6754269659359795e-4
2026-08-29,wk inc flu prop ed visits,0,2026-08-29,42,quantile,0.3,4.937284815043633e-4
2026-08-29,wk inc flu prop ed visits,0,2026-08-29,42,quantile,0.35,5.179034922561691e-4
2026-08-29,wk inc flu prop ed visits,0,2026-08-29,42,quantile,0.4,5.386343137797008e-4
2026-08-29,wk inc flu prop ed visits,0,2026-08-29,42,quantile,0.45,5.627212416178567e-4
2026-08-29,wk inc flu prop ed visits,0,2026-08-29,42,quantile,0.5,5.818535124459317e-4
2026-08-29,wk inc flu prop ed visits,0,2026-08-29,42,quantile,0.55,6.045884546621467e-4
2026-08-29,wk inc flu prop ed visits,0,2026-08-29,42,quantile,0.6,6.366133215603911e-4
2026-08-29,wk inc flu prop ed visits,0,2026-08-29,42,quantile,0.65,6.574656314028509e-4
2026-08-29,wk inc flu prop ed visits,0,2026-08-29,42,quantile,0.7,6.800870245734858e-4
2026-08-29,wk inc flu prop ed visits,0,2026-08-29,42,quantile,0.75,7.107740179684925e-4
2026-08-29,wk inc flu prop ed visits,0,2026-08-29,42,quantile,0.8,7.528227486546074e-4
2026-08-29,wk inc flu prop ed visits,0,2026-08-29,42,quantile,0.85,8.030583988470736e-4
2026-08-29,wk inc flu prop ed visits,0,2026-08-29,42,quantile,0.9,8.960968691602146e-4
2026-08-29,wk inc flu prop ed visits,0,2026-08-29,42,quantile,0.95,0.0010180136994822984
2026-08-29,wk inc flu prop ed visits,0,2026-08-29,42,quantile,0.975,0.0011645681650781269
2026-08-29,wk inc flu prop ed visits,0,2026-08-29,42,quantile,0.99,0.0013680177021487888
2026-08-29,wk inc flu prop ed visits,1,2026-09-05,42,quantile,0.01,6.56997993070306e-5
2026-08-29,wk inc flu prop ed visits,1,2026-09-05,42,quantile,0.025,1.5741061410338246e-4
2026-08-29,wk inc flu prop ed visits,1,2026-09-05,42,quantile,0.05,2.1830003049890857e-4
2026-08-29,wk inc flu prop ed visits,1,2026-09-05,42,quantile,0.1,3.0346032493196173e-4
2026-08-29,wk inc flu prop ed visits,1,2026-09-05,42,quantile,0.15,3.571248228783668e-4
2026-08-29,wk inc flu prop ed visits,1,2026-09-05,42,quantile,0.2,4.0026098452385875e-4
2026-08-29,wk inc flu prop ed visits,1,2026-09-05,42,quantile,0.25,4.4023789051257346e-4
2026-08-29,wk inc flu prop ed visits,1,2026-09-05,42,quantile,0.3,4.7155636266944307e-4
2026-08-29,wk inc flu prop ed visits,1,2026-09-05,42,quantile,0.35,5.063241732363332e-4
2026-08-29,wk inc flu prop ed visits,1,2026-09-05,42,quantile,0.4,5.369947994699035e-4
2026-08-29,wk inc flu prop ed visits,1,2026-09-05,42,quantile,0.45,5.65938285798781e-4
2026-08-29,wk inc flu prop ed visits,1,2026-09-05,42,quantile,0.5,5.952225956033219e-4
2026-08-29,wk inc flu prop ed visits,1,2026-09-05,42,quantile,0.55,6.235148498507398e-4
2026-08-29,wk inc flu prop ed visits,1,2026-09-05,42,quantile,0.6,6.552112704479443e-4
2026-08-29,wk inc flu prop ed visits,1,2026-09-05,42,quantile,0.65,6.811933098501169e-4
2026-08-29,wk inc flu prop ed visits,1,2026-09-05,42,quantile,0.7,7.169871443239086e-4
2026-08-29,wk inc flu prop ed visits,1,2026-09-05,42,quantile,0.75,7.708438806162364e-4
2026-08-29,wk inc flu prop ed visits,1,2026-09-05,42,quantile,0.8,8.187874560642793e-4
2026-08-29,wk inc flu prop ed visits,1,2026-09-05,42,quantile,0.85,8.780644738426897e-4
2026-08-29,wk inc flu prop ed visits,1,2026-09-05,42,quantile,0.9,9.749829826524221e-4
2026-08-29,wk inc flu prop ed visits,1,2026-09-05,42,quantile,0.95,0.001168926474509895
2026-08-29,wk inc flu prop ed visits,1,2026-09-05,42,quantile,0.975,0.001388756278961364
2026-08-29,wk inc flu prop ed visits,1,2026-09-05,42,quantile,0.99,0.0016452542755716526
2026-08-29,wk inc flu prop ed visits,2,2026-09-12,42,quantile,0.01,3.926456844626049e-5
2026-08-29,wk inc flu prop ed visits,2,2026-09-12,42,quantile,0.025,1.2556835179474747e-4
2026-08-29,wk inc flu prop ed visits,2,2026-09-12,42,quantile,0.05,2.0208010129385976e-4
2026-08-29,wk inc flu prop ed visits,2,2026-09-12,42,quantile,0.1,2.896238325976727e-4
2026-08-29,wk inc flu prop ed visits,2,2026-09-12,42,quantile,0.15,3.53498342382187e-4
2026-08-29,wk inc flu prop ed visits,2,2026-09-12,42,quantile,0.2,4.0126457817169414e-4
2026-08-29,wk inc flu prop ed visits,2,2026-09-12,42,quantile,0.25,4.426141227004387e-4
2026-08-29,wk inc flu prop ed visits,2,2026-09-12,42,quantile,0.3,4.8158290901403785e-4
2026-08-29,wk inc flu prop ed visits,2,2026-09-12,42,quantile,0.35,5.109942389140985e-4
2026-08-29,wk inc flu prop ed visits,2,2026-09-12,42,quantile,0.4,5.453169332112445e-4
2026-08-29,wk inc flu prop ed visits,2,2026-09-12,42,quantile,0.45,5.707834276773123e-4
2026-08-29,wk inc flu prop ed visits,2,2026-09-12,42,quantile,0.5,6.047120429959568e-4
2026-08-29,wk inc flu prop ed visits,2,2026-09-12,42,quantile,0.55,6.370556978626015e-4
2026-08-29,wk inc flu prop ed visits,2,2026-09-12,42,quantile,0.6,6.709568825576212e-4
2026-08-29,wk inc flu prop ed visits,2,2026-09-12,42,quantile,0.65,7.139726419412885e-4
2026-08-29,wk inc flu prop ed visits,2,2026-09-12,42,quantile,0.7,7.595276334409302e-4
2026-08-29,wk inc flu prop ed visits,2,2026-09-12,42,quantile,0.75,8.147267665227057e-4
2026-08-29,wk inc flu prop ed visits,2,2026-09-12,42,quantile,0.8,8.757910345834137e-4
2026-08-29,wk inc flu prop ed visits,2,2026-09-12,42,quantile,0.85,9.453163167801388e-4
2026-08-29,wk inc flu prop ed visits,2,2026-09-12,42,quantile,0.9,0.0010513172310987297
2026-08-29,wk inc flu prop ed visits,2,2026-09-12,42,quantile,0.95,0.0012966461759252599
2026-08-29,wk inc flu prop ed visits,2,2026-09-12,42,quantile,0.975,0.0016012796259320273
2026-08-29,wk inc flu prop ed visits,2,2026-09-12,42,quantile,0.99,0.0022031334821398484
2026-08-29,wk inc flu prop ed visits,3,2026-09-19,42,quantile,0.01,2.1237558672463112e-5
2026-08-29,wk inc flu prop ed visits,3,2026-09-19,42,quantile,0.025,9.856275353533571e-5
2026-08-29,wk inc flu prop ed visits,3,2026-09-19,42,quantile,0.05,1.7093671892473586e-4
2026-08-29,wk inc flu prop ed visits,3,2026-09-19,42,quantile,0.1,2.694358070369718e-4
2026-08-29,wk inc flu prop ed visits,3,2026-09-19,42,quantile,0.15,3.372851100241998e-4
2026-08-29,wk inc flu prop ed visits,3,2026-09-19,42,quantile,0.2,3.882484025399693e-4
2026-08-29,wk inc flu prop ed visits,3,2026-09-19,42,quantile,0.25,4.378215864394657e-4
2026-08-29,wk inc flu prop ed visits,3,2026-09-19,42,quantile,0.3,4.8042367167576097e-4
2026-08-29,wk inc flu prop ed visits,3,2026-09-19,42,quantile,0.35,5.216347954608711e-4
2026-08-29,wk inc flu prop ed visits,3,2026-09-19,42,quantile,0.4,5.59351499995224e-4
2026-08-29,wk inc flu prop ed visits,3,2026-09-19,42,quantile,0.45,6.030495805470054e-4
2026-08-29,wk inc flu prop ed visits,3,2026-09-19,42,quantile,0.5,6.401911840511448e-4
2026-08-29,wk inc flu prop ed visits,3,2026-09-19,42,quantile,0.55,6.863333555071246e-4
2026-08-29,wk inc flu prop ed visits,3,2026-09-19,42,quantile,0.6,7.355802603022282e-4
2026-08-29,wk inc flu prop ed visits,3,2026-09-19,42,quantile,0.65,7.842718269575074e-4
2026-08-29,wk inc flu prop ed visits,3,2026-09-19,42,quantile,0.7,8.256766048702968e-4
2026-08-29,wk inc flu prop ed visits,3,2026-09-19,42,quantile,0.75,8.917696697956183e-4
2026-08-29,wk inc flu prop ed visits,3,2026-09-19,42,quantile,0.8,9.668924679944974e-4
2026-08-29,wk inc flu prop ed visits,3,2026-09-19,42,quantile,0.85,0.0010704173172879066
2026-08-29,wk inc flu prop ed visits,3,2026-09-19,42,quantile,0.9,0.0012030242253881142
2026-08-29,wk inc flu prop ed visits,3,2026-09-19,42,quantile,0.95,0.0015654852110208082
2026-08-29,wk inc flu prop ed visits,3,2026-09-19,42,quantile,0.975,0.0020896062704787613
2026-08-29,wk inc flu prop ed visits,3,2026-09-19,42,quantile,0.99,0.0029667248201425233
2026-08-29,wk inc flu prop ed visits,-1,2026-08-22,44,quantile,0.01,1.904674248162494e-4
2026-08-29,wk inc flu prop ed visits,-1,2026-08-22,44,quantile,0.025,2.8789474790621745e-4
2026-08-29,wk inc flu prop ed visits,-1,2026-08-22,44,quantile,0.05,3.834999967087061e-4
2026-08-29,wk inc flu prop ed visits,-1,2026-08-22,44,quantile,0.1,4.666666740156484e-4
2026-08-29,wk inc flu prop ed visits,-1,2026-08-22,44,quantile,0.15,5.181666732257579e-4
2026-08-29,wk inc flu prop ed visits,-1,2026-08-22,44,quantile,0.2,5.455384637873906e-4
2026-08-29,wk inc flu prop ed visits,-1,2026-08-22,44,quantile,0.25,5.754374957643448e-4
2026-08-29,wk inc flu prop ed visits,-1,2026-08-22,44,quantile,0.3,6.038000029325486e-4
2026-08-29,wk inc flu prop ed visits,-1,2026-08-22,44,quantile,0.35,6.26718754385365e-4
2026-08-29,wk inc flu prop ed visits,-1,2026-08-22,44,quantile,0.4,6.449411806814811e-4
2026-08-29,wk inc flu prop ed visits,-1,2026-08-22,44,quantile,0.45,6.586666557937861e-4
2026-08-29,wk inc flu prop ed visits,-1,2026-08-22,44,quantile,0.5,6.994736871044853e-4
2026-08-29,wk inc flu prop ed visits,-1,2026-08-22,44,quantile,0.55,7.388333500673376e-4
2026-08-29,wk inc flu prop ed visits,-1,2026-08-22,44,quantile,0.6,7.515294133740315e-4
2026-08-29,wk inc flu prop ed visits,-1,2026-08-22,44,quantile,0.65,7.673437511839438e-4
2026-08-29,wk inc flu prop ed visits,-1,2026-08-22,44,quantile,0.7,7.862000025063753e-4
2026-08-29,wk inc flu prop ed visits,-1,2026-08-22,44,quantile,0.75,8.12895843014121e-4
2026-08-29,wk inc flu prop ed visits,-1,2026-08-22,44,quantile,0.8,8.421538495673583e-4
2026-08-29,wk inc flu prop ed visits,-1,2026-08-22,44,quantile,0.85,8.668333323714907e-4
2026-08-29,wk inc flu prop ed visits,-1,2026-08-22,44,quantile,0.9,9.145454518835652e-4
2026-08-29,wk inc flu prop ed visits,-1,2026-08-22,44,quantile,0.95,9.912000089976935e-4
2026-08-29,wk inc flu prop ed visits,-1,2026-08-22,44,quantile,0.975,0.0010878947334069953
2026-08-29,wk inc flu prop ed visits,-1,2026-08-22,44,quantile,0.99,0.0011838804089990647
2026-08-29,wk inc flu prop ed visits,0,2026-08-29,44,quantile,0.01,1.1888371010806926e-4
2026-08-29,wk inc flu prop ed visits,0,2026-08-29,44,quantile,0.025,1.6786780552432504e-4
2026-08-29,wk inc flu prop ed visits,0,2026-08-29,44,quantile,0.05,2.2596713739221307e-4
2026-08-29,wk inc flu prop ed visits,0,2026-08-29,44,quantile,0.1,3.1552040094068594e-4
2026-08-29,wk inc flu prop ed visits,0,2026-08-29,44,quantile,0.15,3.9077087565565544e-4
2026-08-29,wk inc flu prop ed visits,0,2026-08-29,44,quantile,0.2,4.1804826668241884e-4
2026-08-29,wk inc flu prop ed visits,0,2026-08-29,44,quantile,0.25,4.564792346844461e-4
2026-08-29,wk inc flu prop ed visits,0,2026-08-29,44,quantile,0.3,4.856051853278851e-4
2026-08-29,wk inc flu prop ed visits,0,2026-08-29,44,quantile,0.35,5.168431159455697e-4
2026-08-29,wk inc flu prop ed visits,0,2026-08-29,44,quantile,0.4,5.370116256554384e-4
2026-08-29,wk inc flu prop ed visits,0,2026-08-29,44,quantile,0.45,5.673472216640315e-4
2026-08-29,wk inc flu prop ed visits,0,2026-08-29,44,quantile,0.5,5.869645144785669e-4
2026-08-29,wk inc flu prop ed visits,0,2026-08-29,44,quantile,0.55,6.04398564977114e-4
2026-08-29,wk inc flu prop ed visits,0,2026-08-29,44,quantile,0.6,6.389065777061052e-4
2026-08-29,wk inc flu prop ed visits,0,2026-08-29,44,quantile,0.65,6.687719085440526e-4
2026-08-29,wk inc flu prop ed visits,0,2026-08-29,44,quantile,0.7,6.954909012326352e-4
2026-08-29,wk inc flu prop ed visits,0,2026-08-29,44,quantile,0.75,7.180276582995161e-4
2026-08-29,wk inc flu prop ed visits,0,2026-08-29,44,quantile,0.8,7.522737794511163e-4
2026-08-29,wk inc flu prop ed visits,0,2026-08-29,44,quantile,0.85,7.999725346808174e-4
2026-08-29,wk inc flu prop ed visits,0,2026-08-29,44,quantile,0.9,8.790996010888724e-4
2026-08-29,wk inc flu prop ed visits,0,2026-08-29,44,quantile,0.95,0.001004321448812867
2026-08-29,wk inc flu prop ed visits,0,2026-08-29,44,quantile,0.975,0.001114214665839817
2026-08-29,wk inc flu prop ed visits,0,2026-08-29,44,quantile,0.99,0.0012809985160075446
2026-08-29,wk inc flu prop ed visits,1,2026-09-05,44,quantile,0.01,9.160937305066788e-5
2026-08-29,wk inc flu prop ed visits,1,2026-09-05,44,quantile,0.025,1.6045789558164175e-4
2026-08-29,wk inc flu prop ed visits,1,2026-09-05,44,quantile,0.05,2.111811435614044e-4
2026-08-29,wk inc flu prop ed visits,1,2026-09-05,44,quantile,0.1,3.015196823362452e-4
2026-08-29,wk inc flu prop ed visits,1,2026-09-05,44,quantile,0.15,3.603924731402209e-4
2026-08-29,wk inc flu prop ed visits,1,2026-09-05,44,quantile,0.2,4.033336266174995e-4
2026-08-29,wk inc flu prop ed visits,1,2026-09-05,44,quantile,0.25,4.368185416027848e-4
2026-08-29,wk inc flu prop ed visits,1,2026-09-05,44,quantile,0.3,4.611425927670675e-4
2026-08-29,wk inc flu prop ed visits,1,2026-09-05,44,quantile,0.35,4.947567572549387e-4
2026-08-29,wk inc flu prop ed visits,1,2026-09-05,44,quantile,0.4,5.324948687946969e-4
2026-08-29,wk inc flu prop ed visits,1,2026-09-05,44,quantile,0.45,5.610215219810169e-4
2026-08-29,wk inc flu prop ed visits,1,2026-09-05,44,quantile,0.5,5.948294199675081e-4
2026-08-29,wk inc flu prop ed visits,1,2026-09-05,44,quantile,0.55,6.165331211928133e-4
2026-08-29,wk inc flu prop ed visits,1,2026-09-05,44,quantile,0.6,6.573217752576998e-4
2026-08-29,wk inc flu prop ed visits,1,2026-09-05,44,quantile,0.65,6.80195556432035e-4
2026-08-29,wk inc flu prop ed visits,1,2026-09-05,44,quantile,0.7,7.170043056927665e-4
2026-08-29,wk inc flu prop ed visits,1,2026-09-05,44,quantile,0.75,7.771338141401216e-4
2026-08-29,wk inc flu prop ed visits,1,2026-09-05,44,quantile,0.8,8.302508597923018e-4
2026-08-29,wk inc flu prop ed visits,1,2026-09-05,44,quantile,0.85,8.758942225378284e-4
2026-08-29,wk inc flu prop ed visits,1,2026-09-05,44,quantile,0.9,9.606329319768022e-4
2026-08-29,wk inc flu prop ed visits,1,2026-09-05,44,quantile,0.95,0.001147441080231195
2026-08-29,wk inc flu prop ed visits,1,2026-09-05,44,quantile,0.975,0.0013807924859355932
2026-08-29,wk inc flu prop ed visits,1,2026-09-05,44,quantile,0.99,0.0018337411368278588
2026-08-29,wk inc flu prop ed visits,2,2026-09-12,44,quantile,0.01,9.338290988198224e-5
2026-08-29,wk inc flu prop ed visits,2,2026-09-12,44,quantile,0.025,1.624073718302055e-4
2026-08-29,wk inc flu prop ed visits,2,2026-09-12,44,quantile,0.05,2.3901240090224975e-4
2026-08-29,wk inc flu prop ed visits,2,2026-09-12,44,quantile,0.1,3.234311713619412e-4
2026-08-29,wk inc flu prop ed visits,2,2026-09-12,44,quantile,0.15,3.8238426867431255e-4
2026-08-29,wk inc flu prop ed visits,2,2026-09-12,44,quantile,0.2,4.0857180245602946e-4
2026-08-29,wk inc flu prop ed visits,2,2026-09-12,44,quantile,0.25,4.5344564500270095e-4
2026-08-29,wk inc flu prop ed visits,2,2026-09-12,44,quantile,0.3,4.874236602739924e-4
2026-08-29,wk inc flu prop ed visits,2,2026-09-12,44,quantile,0.35,5.163057134513068e-4
2026-08-29,wk inc flu prop ed visits,2,2026-09-12,44,quantile,0.4,5.507191238944903e-4
2026-08-29,wk inc flu prop ed visits,2,2026-09-12,44,quantile,0.45,5.774521336125639e-4
2026-08-29,wk inc flu prop ed visits,2,2026-09-12,44,quantile,0.5,6.140710814953584e-4
2026-08-29,wk inc flu prop ed visits,2,2026-09-12,44,quantile,0.55,6.381513505268203e-4
2026-08-29,wk inc flu prop ed visits,2,2026-09-12,44,quantile,0.6,6.721759263994286e-4
2026-08-29,wk inc flu prop ed visits,2,2026-09-12,44,quantile,0.65,7.18562887908311e-4
2026-08-29,wk inc flu prop ed visits,2,2026-09-12,44,quantile,0.7,7.645810403344509e-4
2026-08-29,wk inc flu prop ed visits,2,2026-09-12,44,quantile,0.75,8.153719153956037e-4
2026-08-29,wk inc flu prop ed visits,2,2026-09-12,44,quantile,0.8,8.813891451104218e-4
2026-08-29,wk inc flu prop ed visits,2,2026-09-12,44,quantile,0.85,9.38341161085214e-4
2026-08-29,wk inc flu prop ed visits,2,2026-09-12,44,quantile,0.9,0.0010313791484394875
2026-08-29,wk inc flu prop ed visits,2,2026-09-12,44,quantile,0.95,0.0012720143447425502
2026-08-29,wk inc flu prop ed visits,2,2026-09-12,44,quantile,0.975,0.0015959809651667756
2026-08-29,wk inc flu prop ed visits,2,2026-09-12,44,quantile,0.99,0.0023284644488858774
2026-08-29,wk inc flu prop ed visits,3,2026-09-19,44,quantile,0.01,5.612520909739043e-5
2026-08-29,wk inc flu prop ed visits,3,2026-09-19,44,quantile,0.025,1.339364581632751e-4
2026-08-29,wk inc flu prop ed visits,3,2026-09-19,44,quantile,0.05,2.0311682150852325e-4
2026-08-29,wk inc flu prop ed visits,3,2026-09-19,44,quantile,0.1,3.0063066272184477e-4
2026-08-29,wk inc flu prop ed visits,3,2026-09-19,44,quantile,0.15,3.839345351031699e-4
2026-08-29,wk inc flu prop ed visits,3,2026-09-19,44,quantile,0.2,4.387132735268088e-4
2026-08-29,wk inc flu prop ed visits,3,2026-09-19,44,quantile,0.25,4.9254823862695e-4
2026-08-29,wk inc flu prop ed visits,3,2026-09-19,44,quantile,0.3,5.298697866975538e-4
2026-08-29,wk inc flu prop ed visits,3,2026-09-19,44,quantile,0.35,5.730864308635386e-4
2026-08-29,wk inc flu prop ed visits,3,2026-09-19,44,quantile,0.4,6.054867427620222e-4
2026-08-29,wk inc flu prop ed visits,3,2026-09-19,44,quantile,0.45,6.481996670150892e-4
2026-08-29,wk inc flu prop ed visits,3,2026-09-19,44,quantile,0.5,6.84412709945499e-4
2026-08-29,wk inc flu prop ed visits,3,2026-09-19,44,quantile,0.55,7.245232497102702e-4
2026-08-29,wk inc flu prop ed visits,3,2026-09-19,44,quantile,0.6,7.819846049800453e-4
2026-08-29,wk inc flu prop ed visits,3,2026-09-19,44,quantile,0.65,8.203340807579894e-4
2026-08-29,wk inc flu prop ed visits,3,2026-09-19,44,quantile,0.7,8.628813345332262e-4
2026-08-29,wk inc flu prop ed visits,3,2026-09-19,44,quantile,0.75,9.174498483096594e-4
2026-08-29,wk inc flu prop ed visits,3,2026-09-19,44,quantile,0.8,9.868906236348673e-4
2026-08-29,wk inc flu prop ed visits,3,2026-09-19,44,quantile,0.85,0.0010796348671896555
2026-08-29,wk inc flu prop ed visits,3,2026-09-19,44,quantile,0.9,0.0012298454765935745
2026-08-29,wk inc flu prop ed visits,3,2026-09-19,44,quantile,0.95,0.0016276710632750124
2026-08-29,wk inc flu prop ed visits,3,2026-09-19,44,quantile,0.975,0.002318043630710333
2026-08-29,wk inc flu prop ed visits,3,2026-09-19,44,quantile,0.99,0.0036145830080315904
2026-08-29,wk inc flu prop ed visits,-1,2026-08-22,45,quantile,0.01,2.904674051491462e-4
2026-08-29,wk inc flu prop ed visits,-1,2026-08-22,45,quantile,0.025,3.8789472817198225e-4
2026-08-29,wk inc flu prop ed visits,-1,2026-08-22,45,quantile,0.05,4.933999772649259e-4
2026-08-29,wk inc flu prop ed visits,-1,2026-08-22,45,quantile,0.1,5.76363624327562e-4
2026-08-29,wk inc flu prop ed visits,-1,2026-08-22,45,quantile,0.15,6.294166535096592e-4
2026-08-29,wk inc flu prop ed visits,-1,2026-08-22,45,quantile,0.2,6.547692130964536e-4
2026-08-29,wk inc flu prop ed visits,-1,2026-08-22,45,quantile,0.25,6.846041419853766e-4
2026-08-29,wk inc flu prop ed visits,-1,2026-08-22,45,quantile,0.3,7.117999822646378e-4
2026-08-29,wk inc flu prop ed visits,-1,2026-08-22,45,quantile,0.35,7.329687344317789e-4
2026-08-29,wk inc flu prop ed visits,-1,2026-08-22,45,quantile,0.4,7.501960619991901e-4
2026-08-29,wk inc flu prop ed visits,-1,2026-08-22,45,quantile,0.45,7.628333016609151e-4
2026-08-29,wk inc flu prop ed visits,-1,2026-08-22,45,quantile,0.5,8.021052452294417e-4
2026-08-29,wk inc flu prop ed visits,-1,2026-08-22,45,quantile,0.55,8.429999959344667e-4
2026-08-29,wk inc flu prop ed visits,-1,2026-08-22,45,quantile,0.6,8.580391963907316e-4
2026-08-29,wk inc flu prop ed visits,-1,2026-08-22,45,quantile,0.65,8.779687307833229e-4
2026-08-29,wk inc flu prop ed visits,-1,2026-08-22,45,quantile,0.7,9.021999835222958e-4
2026-08-29,wk inc flu prop ed visits,-1,2026-08-22,45,quantile,0.75,9.345624911288419e-4
2026-08-29,wk inc flu prop ed visits,-1,2026-08-22,45,quantile,0.8,9.784615212335035e-4
2026-08-29,wk inc flu prop ed visits,-1,2026-08-22,45,quantile,0.85,0.0010155833097217255
2026-08-29,wk inc flu prop ed visits,-1,2026-08-22,45,quantile,0.9,0.0010987878613964175
2026-08-29,wk inc flu prop ed visits,-1,2026-08-22,45,quantile,0.95,0.0012165999906603245
2026-08-29,wk inc flu prop ed visits,-1,2026-08-22,45,quantile,0.975,0.0013331578717027837
2026-08-29,wk inc flu prop ed visits,-1,2026-08-22,45,quantile,0.99,0.0014377934329535653
2026-08-29,wk inc flu prop ed visits,0,2026-08-29,45,quantile,0.01,1.935897979104118e-4
2026-08-29,wk inc flu prop ed visits,0,2026-08-29,45,quantile,0.025,2.6256612384730106e-4
2026-08-29,wk inc flu prop ed visits,0,2026-08-29,45,quantile,0.05,3.258141204412266e-4
2026-08-29,wk inc flu prop ed visits,0,2026-08-29,45,quantile,0.1,4.324584822749416e-4
2026-08-29,wk inc flu prop ed visits,0,2026-08-29,45,quantile,0.15,5.097647121527938e-4
2026-08-29,wk inc flu prop ed visits,0,2026-08-29,45,quantile,0.2,5.461882027757375e-4
2026-08-29,wk inc flu prop ed visits,0,2026-08-29,45,quantile,0.25,5.851807185973686e-4
2026-08-29,wk inc flu prop ed visits,0,2026-08-29,45,quantile,0.3,6.219011922291067e-4
2026-08-29,wk inc flu prop ed visits,0,2026-08-29,45,quantile,0.35,6.542014478560024e-4
2026-08-29,wk inc flu prop ed visits,0,2026-08-29,45,quantile,0.4,6.811498336283574e-4
2026-08-29,wk inc flu prop ed visits,0,2026-08-29,45,quantile,0.45,7.114710584350611e-4
2026-08-29,wk inc flu prop ed visits,0,2026-08-29,45,quantile,0.5,7.455656912316553e-4
2026-08-29,wk inc flu prop ed visits,0,2026-08-29,45,quantile,0.55,7.737392776427923e-4
2026-08-29,wk inc flu prop ed visits,0,2026-08-29,45,quantile,0.6,8.110561450228116e-4
2026-08-29,wk inc flu prop ed visits,0,2026-08-29,45,quantile,0.65,8.491210665233299e-4
2026-08-29,wk inc flu prop ed visits,0,2026-08-29,45,quantile,0.7,8.843869038720642e-4
2026-08-29,wk inc flu prop ed visits,0,2026-08-29,45,quantile,0.75,9.190566648287403e-4
2026-08-29,wk inc flu prop ed visits,0,2026-08-29,45,quantile,0.8,9.712602629344903e-4
2026-08-29,wk inc flu prop ed visits,0,2026-08-29,45,quantile,0.85,0.0010488030897077801
2026-08-29,wk inc flu prop ed visits,0,2026-08-29,45,quantile,0.9,0.0011671217032617545
2026-08-29,wk inc flu prop ed visits,0,2026-08-29,45,quantile,0.95,0.0014285794763660026
2026-08-29,wk inc flu prop ed visits,0,2026-08-29,45,quantile,0.975,0.0016086389228831348
2026-08-29,wk inc flu prop ed visits,0,2026-08-29,45,quantile,0.99,0.0019182693695540443
2026-08-29,wk inc flu prop ed visits,1,2026-09-05,45,quantile,0.01,1.5656039991833944e-4
2026-08-29,wk inc flu prop ed visits,1,2026-09-05,45,quantile,0.025,2.461015336154103e-4
2026-08-29,wk inc flu prop ed visits,1,2026-09-05,45,quantile,0.05,3.1483198224256334e-4
2026-08-29,wk inc flu prop ed visits,1,2026-09-05,45,quantile,0.1,4.2286849199154106e-4
2026-08-29,wk inc flu prop ed visits,1,2026-09-05,45,quantile,0.15,4.988182186979618e-4
2026-08-29,wk inc flu prop ed visits,1,2026-09-05,45,quantile,0.2,5.470830307621561e-4
2026-08-29,wk inc flu prop ed visits,1,2026-09-05,45,quantile,0.25,5.88986680335571e-4
2026-08-29,wk inc flu prop ed visits,1,2026-09-05,45,quantile,0.3,6.242661472126379e-4
2026-08-29,wk inc flu prop ed visits,1,2026-09-05,45,quantile,0.35,6.686216826448192e-4
2026-08-29,wk inc flu prop ed visits,1,2026-09-05,45,quantile,0.4,7.135942578455827e-4
2026-08-29,wk inc flu prop ed visits,1,2026-09-05,45,quantile,0.45,7.452318049453344e-4
2026-08-29,wk inc flu prop ed visits,1,2026-09-05,45,quantile,0.5,7.874492316611979e-4
2026-08-29,wk inc flu prop ed visits,1,2026-09-05,45,quantile,0.55,8.189545072825316e-4
2026-08-29,wk inc flu prop ed visits,1,2026-09-05,45,quantile,0.6,8.568378066343006e-4
2026-08-29,wk inc flu prop ed visits,1,2026-09-05,45,quantile,0.65,8.866741005836189e-4
2026-08-29,wk inc flu prop ed visits,1,2026-09-05,45,quantile,0.7,9.35090873221365e-4
2026-08-29,wk inc flu prop ed visits,1,2026-09-05,45,quantile,0.75,0.0010010918719164435
2026-08-29,wk inc flu prop ed visits,1,2026-09-05,45,quantile,0.8,0.0010739940688909199
2026-08-29,wk inc flu prop ed visits,1,2026-09-05,45,quantile,0.85,0.0011451645253787624
2026-08-29,wk inc flu prop ed visits,1,2026-09-05,45,quantile,0.9,0.0012421953823279592
2026-08-29,wk inc flu prop ed visits,1,2026-09-05,45,quantile,0.95,0.00148684952545911
2026-08-29,wk inc flu prop ed visits,1,2026-09-05,45,quantile,0.975,0.0017377081736286767
2026-08-29,wk inc flu prop ed visits,1,2026-09-05,45,quantile,0.99,0.0022546298071885284
2026-08-29,wk inc flu prop ed visits,2,2026-09-12,45,quantile,0.01,1.2398859724192004e-4
2026-08-29,wk inc flu prop ed visits,2,2026-09-12,45,quantile,0.025,2.2067849187549477e-4
2026-08-29,wk inc flu prop ed visits,2,2026-09-12,45,quantile,0.05,3.22922809902889e-4
2026-08-29,wk inc flu prop ed visits,2,2026-09-12,45,quantile,0.1,4.385820604844663e-4
2026-08-29,wk inc flu prop ed visits,2,2026-09-12,45,quantile,0.15,5.145034084167618e-4
2026-08-29,wk inc flu prop ed visits,2,2026-09-12,45,quantile,0.2,5.613003963407246e-4
2026-08-29,wk inc flu prop ed visits,2,2026-09-12,45,quantile,0.25,6.131429377351849e-4
2026-08-29,wk inc flu prop ed visits,2,2026-09-12,45,quantile,0.3,6.502668556884461e-4
2026-08-29,wk inc flu prop ed visits,2,2026-09-12,45,quantile,0.35,6.890016279247028e-4
2026-08-29,wk inc flu prop ed visits,2,2026-09-12,45,quantile,0.4,7.273068286389889e-4
2026-08-29,wk inc flu prop ed visits,2,2026-09-12,45,quantile,0.45,7.609387837016389e-4
2026-08-29,wk inc flu prop ed visits,2,2026-09-12,45,quantile,0.5,0.00080738458534630405
2026-08-29,wk inc flu prop ed visits,2,2026-09-12,45,quantile,0.55,8.369393414951161e-4
2026-08-29,wk inc flu prop ed visits,2,2026-09-12,45,quantile,0.6,8.799674166561687e-4
2026-08-29,wk inc flu prop ed visits,2,2026-09-12,45,quantile,0.65,9.378483499288204e-4
2026-08-29,wk inc flu prop ed visits,2,2026-09-12,45,quantile,0.7,9.929948388731488e-4
2026-08-29,wk inc flu prop ed visits,2,2026-09-12,45,quantile,0.75,0.0010611771619963171
2026-08-29,wk inc flu prop ed visits,2,2026-09-12,45,quantile,0.8,0.0011516310984514243
2026-08-29,wk inc flu prop ed visits,2,2026-09-12,45,quantile,0.85,0.0012427956651440463
2026-08-29,wk inc flu prop ed visits,2,2026-09-12,45,quantile,0.9,0.001379541717957481
2026-08-29,wk inc flu prop ed visits,2,2026-09-12,45,quantile,0.95,0.0016737749822774617
2026-08-29,wk inc flu prop ed visits,2,2026-09-12,45,quantile,0.975,0.0020240562542675473
2026-08-29,wk inc flu prop ed visits,2,2026-09-12,45,quantile,0.99,0.002772555620156183
2026-08-29,wk inc flu prop ed visits,3,2026-09-19,45,quantile,0.01,1.0801400969208818e-4
2026-08-29,wk inc flu prop ed visits,3,2026-09-19,45,quantile,0.025,2.262484048922724e-4
2026-08-29,wk inc flu prop ed visits,3,2026-09-19,45,quantile,0.05,3.231051552458574e-4
2026-08-29,wk inc flu prop ed visits,3,2026-09-19,45,quantile,0.1,4.430105843537693e-4
2026-08-29,wk inc flu prop ed visits,3,2026-09-19,45,quantile,0.15,5.335556133571498e-4
2026-08-29,wk inc flu prop ed visits,3,2026-09-19,45,quantile,0.2,5.869968549705991e-4
2026-08-29,wk inc flu prop ed visits,3,2026-09-19,45,quantile,0.25,6.415500803645213e-4
2026-08-29,wk inc flu prop ed visits,3,2026-09-19,45,quantile,0.3,6.914513049390044e-4
2026-08-29,wk inc flu prop ed visits,3,2026-09-19,45,quantile,0.35,7.37447462436722e-4
2026-08-29,wk inc flu prop ed visits,3,2026-09-19,45,quantile,0.4,7.839497267675538e-4
2026-08-29,wk inc flu prop ed visits,3,2026-09-19,45,quantile,0.45,8.423531835948235e-4
2026-08-29,wk inc flu prop ed visits,3,2026-09-19,45,quantile,0.5,8.849078024441229e-4
2026-08-29,wk inc flu prop ed visits,3,2026-09-19,45,quantile,0.55,9.340876721103743e-4
2026-08-29,wk inc flu prop ed visits,3,2026-09-19,45,quantile,0.6,0.0010042670091419575
2026-08-29,wk inc flu prop ed visits,3,2026-09-19,45,quantile,0.65,0.0010619593401969218
2026-08-29,wk inc flu prop ed visits,3,2026-09-19,45,quantile,0.7,0.0011056133887254104
2026-08-29,wk inc flu prop ed visits,3,2026-09-19,45,quantile,0.75,0.0011757107231175688
2026-08-29,wk inc flu prop ed visits,3,2026-09-19,45,quantile,0.8,0.0012380892566722346
2026-08-29,wk inc flu prop ed visits,3,2026-09-19,45,quantile,0.85,0.0013471239854350734
2026-08-29,wk inc flu prop ed visits,3,2026-09-19,45,quantile,0.9,0.001506884210567983
2026-08-29,wk inc flu prop ed visits,3,2026-09-19,45,quantile,0.95,0.0019049349202686448
2026-08-29,wk inc flu prop ed visits,3,2026-09-19,45,quantile,0.975,0.0026655883050344096
2026-08-29,wk inc flu prop ed visits,3,2026-09-19,45,quantile,0.99,0.004026387017000775
2026-08-29,wk inc flu prop ed visits,-1,2026-08-22,46,quantile,0.01,0
2026-08-29,wk inc flu prop ed visits,-1,2026-08-22,46,quantile,0.025,0
2026-08-29,wk inc flu prop ed visits,-1,2026-08-22,46,quantile,0.05,0
2026-08-29,wk inc flu prop ed visits,-1,2026-08-22,46,quantile,0.1,7.6363634656776e-5
2026-08-29,wk inc flu prop ed visits,-1,2026-08-22,46,quantile,0.15,1.2191666415467603e-4
2026-08-29,wk inc flu prop ed visits,-1,2026-08-22,46,quantile,0.2,1.4861537768290586e-4
2026-08-29,wk inc flu prop ed visits,-1,2026-08-22,46,quantile,0.25,1.8127081974719946e-4
2026-08-29,wk inc flu prop ed visits,-1,2026-08-22,46,quantile,0.3,2.0979999348521224e-4
2026-08-29,wk inc flu prop ed visits,-1,2026-08-22,46,quantile,0.35,2.2953124486957662e-4
2026-08-29,wk inc flu prop ed visits,-1,2026-08-22,46,quantile,0.4,2.4611764155766535e-4
2026-08-29,wk inc flu prop ed visits,-1,2026-08-22,46,quantile,0.45,2.59499979422738e-4
2026-08-29,wk inc flu prop ed visits,-1,2026-08-22,46,quantile,0.5,2.994736775167644e-4
2026-08-29,wk inc flu prop ed visits,-1,2026-08-22,46,quantile,0.55,3.3905556275405814e-4
2026-08-29,wk inc flu prop ed visits,-1,2026-08-22,46,quantile,0.6,3.5270587446935037e-4
2026-08-29,wk inc flu prop ed visits,-1,2026-08-22,46,quantile,0.65,3.6890624175430273e-4
2026-08-29,wk inc flu prop ed visits,-1,2026-08-22,46,quantile,0.7,3.884666598339875e-4
2026-08-29,wk inc flu prop ed visits,-1,2026-08-22,46,quantile,0.75,4.1956250062212335e-4
2026-08-29,wk inc flu prop ed visits,-1,2026-08-22,46,quantile,0.8,4.4830768647102206e-4
2026-08-29,wk inc flu prop ed visits,-1,2026-08-22,46,quantile,0.85,4.7433332321658974e-4
2026-08-29,wk inc flu prop ed visits,-1,2026-08-22,46,quantile,0.9,5.242424126375804e-4
2026-08-29,wk inc flu prop ed visits,-1,2026-08-22,46,quantile,0.95,6.099000005330888e-4
2026-08-29,wk inc flu prop ed visits,-1,2026-08-22,46,quantile,0.975,7.121052506232732e-4
2026-08-29,wk inc flu prop ed visits,-1,2026-08-22,46,quantile,0.99,8.09532573847505e-4
2026-08-29,wk inc flu prop ed visits,0,2026-08-29,46,quantile,0.01,3.8943406987420134e-5
2026-08-29,wk inc flu prop ed visits,0,2026-08-29,46,quantile,0.025,8.581857065998282e-5
2026-08-29,wk inc flu prop ed visits,0,2026-08-29,46,quantile,0.05,1.3520480214179376e-4
2026-08-29,wk inc flu prop ed visits,0,2026-08-29,46,quantile,0.1,1.9038785730754587e-4
2026-08-29,wk inc flu prop ed visits,0,2026-08-29,46,quantile,0.15,2.243776595111226e-4
2026-08-29,wk inc flu prop ed visits,0,2026-08-29,46,quantile,0.2,2.6442339934472283e-4
2026-08-29,wk inc flu prop ed visits,0,2026-08-29,46,quantile,0.25,2.9160404967593095e-4
2026-08-29,wk inc flu prop ed visits,0,2026-08-29,46,quantile,0.3,3.090886705166362e-4
2026-08-29,wk inc flu prop ed visits,0,2026-08-29,46,quantile,0.35,3.2665434382424236e-4
2026-08-29,wk inc flu prop ed visits,0,2026-08-29,46,quantile,0.4,3.461924868675968e-4
2026-08-29,wk inc flu prop ed visits,0,2026-08-29,46,quantile,0.45,3.6290566870324676e-4
2026-08-29,wk inc flu prop ed visits,0,2026-08-29,46,quantile,0.5,3.806301607724958e-4
2026-08-29,wk inc flu prop ed visits,0,2026-08-29,46,quantile,0.55,4.0113195574643137e-4
2026-08-29,wk inc flu prop ed visits,0,2026-08-29,46,quantile,0.6,4.2223312939541186e-4
2026-08-29,wk inc flu prop ed visits,0,2026-08-29,46,quantile,0.65,4.3956804037787047e-4
2026-08-29,wk inc flu prop ed visits,0,2026-08-29,46,quantile,0.7,4.618016351899924e-4
2026-08-29,wk inc flu prop ed visits,0,2026-08-29,46,quantile,0.75,4.935547430340347e-4
2026-08-29,wk inc flu prop ed visits,0,2026-08-29,46,quantile,0.8,5.302620326209636e-4
2026-08-29,wk inc flu prop ed visits,0,2026-08-29,46,quantile,0.85,5.76982871146994e-4
2026-08-29,wk inc flu prop ed visits,0,2026-08-29,46,quantile,0.9,6.47171200305946e-4
2026-08-29,wk inc flu prop ed visits,0,2026-08-29,46,quantile,0.95,7.581740333144115e-4
2026-08-29,wk inc flu prop ed visits,0,2026-08-29,46,quantile,0.975,9.176353715923185e-4
2026-08-29,wk inc flu prop ed visits,0,2026-08-29,46,quantile,0.99,0.0011532552282844544
2026-08-29,wk inc flu prop ed visits,1,2026-09-05,46,quantile,0.01,0
2026-08-29,wk inc flu prop ed visits,1,2026-09-05,46,quantile,0.025,6.363389204870542e-5
2026-08-29,wk inc flu prop ed visits,1,2026-09-05,46,quantile,0.05,1.0846962061169937e-4
2026-08-29,wk inc flu prop ed visits,1,2026-09-05,46,quantile,0.1,1.6698362370491462e-4
2026-08-29,wk inc flu prop ed visits,1,2026-09-05,46,quantile,0.15,2.0851579496361785e-4
2026-08-29,wk inc flu prop ed visits,1,2026-09-05,46,quantile,0.2,2.418381194582742e-4
2026-08-29,wk inc flu prop ed visits,1,2026-09-05,46,quantile,0.25,2.732981040531068e-4
2026-08-29,wk inc flu prop ed visits,1,2026-09-05,46,quantile,0.3,3.0012029968875436e-4
2026-08-29,wk inc flu prop ed visits,1,2026-09-05,46,quantile,0.35,3.2381886497919674e-4
2026-08-29,wk inc flu prop ed visits,1,2026-09-05,46,quantile,0.4,3.4442707089547283e-4
2026-08-29,wk inc flu prop ed visits,1,2026-09-05,46,quantile,0.45,3.691734628351316e-4
2026-08-29,wk inc flu prop ed visits,1,2026-09-05,46,quantile,0.5,3.917915074501585e-4
2026-08-29,wk inc flu prop ed visits,1,2026-09-05,46,quantile,0.55,4.1900995644870965e-4
2026-08-29,wk inc flu prop ed visits,1,2026-09-05,46,quantile,0.6,4.4358632176533014e-4
2026-08-29,wk inc flu prop ed visits,1,2026-09-05,46,quantile,0.65,4.6730704418725957e-4
2026-08-29,wk inc flu prop ed visits,1,2026-09-05,46,quantile,0.7,4.961135441014394e-4
2026-08-29,wk inc flu prop ed visits,1,2026-09-05,46,quantile,0.75,5.34051235204502e-4
2026-08-29,wk inc flu prop ed visits,1,2026-09-05,46,quantile,0.8,5.66358106703247e-4
2026-08-29,wk inc flu prop ed visits,1,2026-09-05,46,quantile,0.85,6.199353385839556e-4
2026-08-29,wk inc flu prop ed visits,1,2026-09-05,46,quantile,0.9,7.161100200474169e-4
2026-08-29,wk inc flu prop ed visits,1,2026-09-05,46,quantile,0.95,8.630530906904994e-4
2026-08-29,wk inc flu prop ed visits,1,2026-09-05,46,quantile,0.975,0.0010356661131111803
2026-08-29,wk inc flu prop ed visits,1,2026-09-05,46,quantile,0.99,0.0011941439461097118
2026-08-29,wk inc flu prop ed visits,2,2026-09-12,46,quantile,0.01,0
2026-08-29,wk inc flu prop ed visits,2,2026-09-12,46,quantile,0.025,3.4403999749750585e-5
2026-08-29,wk inc flu prop ed visits,2,2026-09-12,46,quantile,0.05,8.456243126081353e-5
2026-08-29,wk inc flu prop ed visits,2,2026-09-12,46,quantile,0.1,1.4812189238536339e-4
2026-08-29,wk inc flu prop ed visits,2,2026-09-12,46,quantile,0.15,1.9125109354640953e-4
2026-08-29,wk inc flu prop ed visits,2,2026-09-12,46,quantile,0.2,2.440537785281122e-4
2026-08-29,wk inc flu prop ed visits,2,2026-09-12,46,quantile,0.25,2.6906435643559096e-4
2026-08-29,wk inc flu prop ed visits,2,2026-09-12,46,quantile,0.3,2.951656814203762e-4
2026-08-29,wk inc flu prop ed visits,2,2026-09-12,46,quantile,0.35,3.222267391630363e-4
2026-08-29,wk inc flu prop ed visits,2,2026-09-12,46,quantile,0.4,3.4762578782505764e-4
2026-08-29,wk inc flu prop ed visits,2,2026-09-12,46,quantile,0.45,3.714905193453187e-4
2026-08-29,wk inc flu prop ed visits,2,2026-09-12,46,quantile,0.5,3.985169311274205e-4
2026-08-29,wk inc flu prop ed visits,2,2026-09-12,46,quantile,0.55,4.293947549501093e-4
2026-08-29,wk inc flu prop ed visits,2,2026-09-12,46,quantile,0.6,4.6158082758238116e-4
2026-08-29,wk inc flu prop ed visits,2,2026-09-12,46,quantile,0.65,4.902887386599514e-4
2026-08-29,wk inc flu prop ed visits,2,2026-09-12,46,quantile,0.7,5.216236949317402e-4
2026-08-29,wk inc flu prop ed visits,2,2026-09-12,46,quantile,0.75,5.683667628407158e-4
2026-08-29,wk inc flu prop ed visits,2,2026-09-12,46,quantile,0.8,6.137497554701614e-4
2026-08-29,wk inc flu prop ed visits,2,2026-09-12,46,quantile,0.85,6.782489504977883e-4
2026-08-29,wk inc flu prop ed visits,2,2026-09-12,46,quantile,0.9,7.746845049911694e-4
2026-08-29,wk inc flu prop ed visits,2,2026-09-12,46,quantile,0.95,9.759308564119746e-4
2026-08-29,wk inc flu prop ed visits,2,2026-09-12,46,quantile,0.975,0.0011876579200077889
2026-08-29,wk inc flu prop ed visits,2,2026-09-12,46,quantile,0.99,0.0015520083309822738
2026-08-29,wk inc flu prop ed visits,3,2026-09-19,46,quantile,0.01,0
2026-08-29,wk inc flu prop ed visits,3,2026-09-19,46,quantile,0.025,1.3555409271561213e-5
2026-08-29,wk inc flu prop ed visits,3,2026-09-19,46,quantile,0.05,6.835499583573938e-5
2026-08-29,wk inc flu prop ed visits,3,2026-09-19,46,quantile,0.1,1.3642408605258607e-4
2026-08-29,wk inc flu prop ed visits,3,2026-09-19,46,quantile,0.15,1.7703046030124244e-4
2026-08-29,wk inc flu prop ed visits,3,2026-09-19,46,quantile,0.2,2.1288264952287685e-4
2026-08-29,wk inc flu prop ed visits,3,2026-09-19,46,quantile,0.25,2.4389065356780613e-4
2026-08-29,wk inc flu prop ed visits,3,2026-09-19,46,quantile,0.3,2.744379195891193e-4
2026-08-29,wk inc flu prop ed visits,3,2026-09-19,46,quantile,0.35,3.0435334948204437e-4
2026-08-29,wk inc flu prop ed visits,3,2026-09-19,46,quantile,0.4,3.3114695850326156e-4
2026-08-29,wk inc flu prop ed visits,3,2026-09-19,46,quantile,0.45,3.65167970582853e-4
2026-08-29,wk inc flu prop ed visits,3,2026-09-19,46,quantile,0.5,3.9249159376547675e-4
2026-08-29,wk inc flu prop ed visits,3,2026-09-19,46,quantile,0.55,4.294479098102022e-4
2026-08-29,wk inc flu prop ed visits,3,2026-09-19,46,quantile,0.6,4.6550698769328683e-4
2026-08-29,wk inc flu prop ed visits,3,2026-09-19,46,quantile,0.65,5.092973544089992e-4
2026-08-29,wk inc flu prop ed visits,3,2026-09-19,46,quantile,0.7,5.540595494390218e-4
2026-08-29,wk inc flu prop ed visits,3,2026-09-19,46,quantile,0.75,6.101303996522156e-4
2026-08-29,wk inc flu prop ed visits,3,2026-09-19,46,quantile,0.8,6.689499182326865e-4
2026-08-29,wk inc flu prop ed visits,3,2026-09-19,46,quantile,0.85,7.492113412094028e-4
2026-08-29,wk inc flu prop ed visits,3,2026-09-19,46,quantile,0.9,8.630484530479243e-4
2026-08-29,wk inc flu prop ed visits,3,2026-09-19,46,quantile,0.95,0.0011089371151553268
2026-08-29,wk inc flu prop ed visits,3,2026-09-19,46,quantile,0.975,0.0014230828547333093
2026-08-29,wk inc flu prop ed visits,3,2026-09-19,46,quantile,0.99,0.0018639580601519266
2026-08-29,wk inc flu prop ed visits,-1,2026-08-22,47,quantile,0.01,7.968804198762644e-4
2026-08-29,wk inc flu prop ed visits,-1,2026-08-22,47,quantile,0.025,8.939473309407108e-4
2026-08-29,wk inc flu prop ed visits,-1,2026-08-22,47,quantile,0.05,9.92299949740991e-4
2026-08-29,wk inc flu prop ed visits,-1,2026-08-22,47,quantile,0.1,0.0010757575357389268
2026-08-29,wk inc flu prop ed visits,-1,2026-08-22,47,quantile,0.15,0.0011294166237073367
2026-08-29,wk inc flu prop ed visits,-1,2026-08-22,47,quantile,0.2,0.0011547691832941311
2026-08-29,wk inc flu prop ed visits,-1,2026-08-22,47,quantile,0.25,0.0011846041121830542
2026-08-29,wk inc flu prop ed visits,-1,2026-08-22,47,quantile,0.3,0.0012117999524623156
2026-08-29,wk inc flu prop ed visits,-1,2026-08-22,47,quantile,0.35,0.0012329687048622873
2026-08-29,wk inc flu prop ed visits,-1,2026-08-22,47,quantile,0.4,0.0012496470135800978
2026-08-29,wk inc flu prop ed visits,-1,2026-08-22,47,quantile,0.45,0.001262611049848298
2026-08-29,wk inc flu prop ed visits,-1,2026-08-22,47,quantile,0.5,0.0013015788997474437
2026-08-29,wk inc flu prop ed visits,-1,2026-08-22,47,quantile,0.55,0.0013429999667530263
2026-08-29,wk inc flu prop ed visits,-1,2026-08-22,47,quantile,0.6,0.001358666618314444
2026-08-29,wk inc flu prop ed visits,-1,2026-08-22,47,quantile,0.65,0.0013782812011486384
2026-08-29,wk inc flu prop ed visits,-1,2026-08-22,47,quantile,0.7,0.0014004666192581256
2026-08-29,wk inc flu prop ed visits,-1,2026-08-22,47,quantile,0.75,0.0014345624588429928
2026-08-29,wk inc flu prop ed visits,-1,2026-08-22,47,quantile,0.8,0.001468615337805106
2026-08-29,wk inc flu prop ed visits,-1,2026-08-22,47,quantile,0.85,0.0015103332834360771
2026-08-29,wk inc flu prop ed visits,-1,2026-08-22,47,quantile,0.9,0.0015703029764082394
2026-08-29,wk inc flu prop ed visits,-1,2026-08-22,47,quantile,0.95,0.0016659999615792182
2026-08-29,wk inc flu prop ed visits,-1,2026-08-22,47,quantile,0.975,0.0017665788948928052
2026-08-29,wk inc flu prop ed visits,-1,2026-08-22,47,quantile,0.99,0.00186724992527262
2026-08-29,wk inc flu prop ed visits,0,2026-08-29,47,quantile,0.01,4.952691482989401e-4
2026-08-29,wk inc flu prop ed visits,0,2026-08-29,47,quantile,0.025,6.178600141462997e-4
2026-08-29,wk inc flu prop ed visits,0,2026-08-29,47,quantile,0.05,7.315044194086126e-4
2026-08-29,wk inc flu prop ed visits,0,2026-08-29,47,quantile,0.1,8.779640373153651e-4
2026-08-29,wk inc flu prop ed visits,0,2026-08-29,47,quantile,0.15,9.785257647529106e-4
2026-08-29,wk inc flu prop ed visits,0,2026-08-29,47,quantile,0.2,0.0010505282131008922
2026-08-29,wk inc flu prop ed visits,0,2026-08-29,47,quantile,0.25,0.0011106903616517497
2026-08-29,wk inc flu prop ed visits,0,2026-08-29,47,quantile,0.3,0.0011562738099270054
2026-08-29,wk inc flu prop ed visits,0,2026-08-29,47,quantile,0.35,0.0011991474097746843
2026-08-29,wk inc flu prop ed visits,0,2026-08-29,47,quantile,0.4,0.0012366071646030493
2026-08-29,wk inc flu prop ed visits,0,2026-08-29,47,quantile,0.45,0.0012768506558459656
2026-08-29,wk inc flu prop ed visits,0,2026-08-29,47,quantile,0.5,0.0013153318736707975
2026-08-29,wk inc flu prop ed visits,0,2026-08-29,47,quantile,0.55,0.0013544829068889458
2026-08-29,wk inc flu prop ed visits,0,2026-08-29,47,quantile,0.6,0.0014039352981345013
2026-08-29,wk inc flu prop ed visits,0,2026-08-29,47,quantile,0.65,0.0014466455464531044
2026-08-29,wk inc flu prop ed visits,0,2026-08-29,47,quantile,0.7,0.001489931470335355
2026-08-29,wk inc flu prop ed visits,0,2026-08-29,47,quantile,0.75,0.0015441775573904496
2026-08-29,wk inc flu prop ed visits,0,2026-08-29,47,quantile,0.8,0.0016128934946453863
2026-08-29,wk inc flu prop ed visits,0,2026-08-29,47,quantile,0.85,0.0017035461174004477
2026-08-29,wk inc flu prop ed visits,0,2026-08-29,47,quantile,0.9,0.0018448921771794446
2026-08-29,wk inc flu prop ed visits,0,2026-08-29,47,quantile,0.95,0.002088274682700041
2026-08-29,wk inc flu prop ed visits,0,2026-08-29,47,quantile,0.975,0.002333163615503401
2026-08-29,wk inc flu prop ed visits,0,2026-08-29,47,quantile,0.99,0.0027016269590978605
2026-08-29,wk inc flu prop ed visits,1,2026-09-05,47,quantile,0.01,4.04710806863188e-4
2026-08-29,wk inc flu prop ed visits,1,2026-09-05,47,quantile,0.025,5.778392388724481e-4
2026-08-29,wk inc flu prop ed visits,1,2026-09-05,47,quantile,0.05,6.883575882787904e-4
2026-08-29,wk inc flu prop ed visits,1,2026-09-05,47,quantile,0.1,8.419870902854051e-4
2026-08-29,wk inc flu prop ed visits,1,2026-09-05,47,quantile,0.15,9.440609266283486e-4
2026-08-29,wk inc flu prop ed visits,1,2026-09-05,47,quantile,0.2,0.0010179347455795788
2026-08-29,wk inc flu prop ed visits,1,2026-09-05,47,quantile,0.25,0.001083369999289066
2026-08-29,wk inc flu prop ed visits,1,2026-09-05,47,quantile,0.3,0.0011371632392693939
2026-08-29,wk inc flu prop ed visits,1,2026-09-05,47,quantile,0.35,0.001194491835536467
2026-08-29,wk inc flu prop ed visits,1,2026-09-05,47,quantile,0.4,0.001249171518490109
2026-08-29,wk inc flu prop ed visits,1,2026-09-05,47,quantile,0.45,0.0012978386262458075
2026-08-29,wk inc flu prop ed visits,1,2026-09-05,47,quantile,0.5,0.0013498827371122783
2026-08-29,wk inc flu prop ed visits,1,2026-09-05,47,quantile,0.55,0.001397722542548415
2026-08-29,wk inc flu prop ed visits,1,2026-09-05,47,quantile,0.6,0.0014508043673972394
2026-08-29,wk inc flu prop ed visits,1,2026-09-05,47,quantile,0.65,0.0014941521398815463
2026-08-29,wk inc flu prop ed visits,1,2026-09-05,47,quantile,0.7,0.001554049133766171
2026-08-29,wk inc flu prop ed visits,1,2026-09-05,47,quantile,0.75,0.0016381622046710692
2026-08-29,wk inc flu prop ed visits,1,2026-09-05,47,quantile,0.8,0.001717154986088805
2026-08-29,wk inc flu prop ed visits,1,2026-09-05,47,quantile,0.85,0.0018122179952867563
2026-08-29,wk inc flu prop ed visits,1,2026-09-05,47,quantile,0.9,0.001966838451398527
2026-08-29,wk inc flu prop ed visits,1,2026-09-05,47,quantile,0.95,0.002255904497909603
2026-08-29,wk inc flu prop ed visits,1,2026-09-05,47,quantile,0.975,0.002586992931328258
2026-08-29,wk inc flu prop ed visits,1,2026-09-05,47,quantile,0.99,0.0030151268793992213
2026-08-29,wk inc flu prop ed visits,2,2026-09-12,47,quantile,0.01,3.367067367825035e-4
2026-08-29,wk inc flu prop ed visits,2,2026-09-12,47,quantile,0.025,5.154803080464082e-4
2026-08-29,wk inc flu prop ed visits,2,2026-09-12,47,quantile,0.05,6.625279464359972e-4
2026-08-29,wk inc flu prop ed visits,2,2026-09-12,47,quantile,0.1,8.264698398838189e-4
2026-08-29,wk inc flu prop ed visits,2,2026-09-12,47,quantile,0.15,9.366115260552619e-4
2026-08-29,wk inc flu prop ed visits,2,2026-09-12,47,quantile,0.2,0.0010256899384394347
2026-08-29,wk inc flu prop ed visits,2,2026-09-12,47,quantile,0.25,0.0010937496018419792
2026-08-29,wk inc flu prop ed visits,2,2026-09-12,47,quantile,0.3,0.0011530329182651029
2026-08-29,wk inc flu prop ed visits,2,2026-09-12,47,quantile,0.35,0.0012075125104789029
2026-08-29,wk inc flu prop ed visits,2,2026-09-12,47,quantile,0.4,0.0012625514077687452
2026-08-29,wk inc flu prop ed visits,2,2026-09-12,47,quantile,0.45,0.0013099689886997665
2026-08-29,wk inc flu prop ed visits,2,2026-09-12,47,quantile,0.5,0.001369344432467921
2026-08-29,wk inc flu prop ed visits,2,2026-09-12,47,quantile,0.55,0.0014217135336471649
2026-08-29,wk inc flu prop ed visits,2,2026-09-12,47,quantile,0.6,0.001481567697911647
2026-08-29,wk inc flu prop ed visits,2,2026-09-12,47,quantile,0.65,0.0015496427621853725
2026-08-29,wk inc flu prop ed visits,2,2026-09-12,47,quantile,0.7,0.001619845512315753
2026-08-29,wk inc flu prop ed visits,2,2026-09-12,47,quantile,0.75,0.0017107178873120425
2026-08-29,wk inc flu prop ed visits,2,2026-09-12,47,quantile,0.8,0.0018111645385191766
2026-08-29,wk inc flu prop ed visits,2,2026-09-12,47,quantile,0.85,0.0019278384309864428
2026-08-29,wk inc flu prop ed visits,2,2026-09-12,47,quantile,0.9,0.002101408340559246
2026-08-29,wk inc flu prop ed visits,2,2026-09-12,47,quantile,0.95,0.002475731691450168
2026-08-29,wk inc flu prop ed visits,2,2026-09-12,47,quantile,0.975,0.002896880530031383
2026-08-29,wk inc flu prop ed visits,2,2026-09-12,47,quantile,0.99,0.0037036670549898476
2026-08-29,wk inc flu prop ed visits,3,2026-09-19,47,quantile,0.01,2.9196656313061734e-4
2026-08-29,wk inc flu prop ed visits,3,2026-09-19,47,quantile,0.025,4.756722357687651e-4
2026-08-29,wk inc flu prop ed visits,3,2026-09-19,47,quantile,0.05,6.26149376714586e-4
2026-08-29,wk inc flu prop ed visits,3,2026-09-19,47,quantile,0.1,8.057073533210747e-4
2026-08-29,wk inc flu prop ed visits,3,2026-09-19,47,quantile,0.15,9.24701672692655e-4
2026-08-29,wk inc flu prop ed visits,3,2026-09-19,47,quantile,0.2,0.001009378375859352
2026-08-29,wk inc flu prop ed visits,3,2026-09-19,47,quantile,0.25,0.0010882703686863424
2026-08-29,wk inc flu prop ed visits,3,2026-09-19,47,quantile,0.3,0.0011581921604777768
2026-08-29,wk inc flu prop ed visits,3,2026-09-19,47,quantile,0.35,0.001224771240594195
2026-08-29,wk inc flu prop ed visits,3,2026-09-19,47,quantile,0.4,0.001286813898192059
2026-08-29,wk inc flu prop ed visits,3,2026-09-19,47,quantile,0.45,0.001361955122717074
2026-08-29,wk inc flu prop ed visits,3,2026-09-19,47,quantile,0.5,0.001421280370168265
2026-08-29,wk inc flu prop ed visits,3,2026-09-19,47,quantile,0.55,0.0014934193564890416
2026-08-29,wk inc flu prop ed visits,3,2026-09-19,47,quantile,0.6,0.0015773234241132587
2026-08-29,wk inc flu prop ed visits,3,2026-09-19,47,quantile,0.65,0.0016577799933900357
2026-08-29,wk inc flu prop ed visits,3,2026-09-19,47,quantile,0.7,0.0017305258872431272
2026-08-29,wk inc flu prop ed visits,3,2026-09-19,47,quantile,0.75,0.001832137742048233
2026-08-29,wk inc flu prop ed visits,3,2026-09-19,47,quantile,0.8,0.0019374577329003499
2026-08-29,wk inc flu prop ed visits,3,2026-09-19,47,quantile,0.85,0.0020879732370526535
2026-08-29,wk inc flu prop ed visits,3,2026-09-19,47,quantile,0.9,0.002296415115930309
2026-08-29,wk inc flu prop ed visits,3,2026-09-19,47,quantile,0.95,0.0027977114334966015
2026-08-29,wk inc flu prop ed visits,3,2026-09-19,47,quantile,0.975,0.0035429277832753282
2026-08-29,wk inc flu prop ed visits,3,2026-09-19,47,quantile,0.99,0.004721951081450482
2026-08-29,wk inc flu prop ed visits,-1,2026-08-22,48,quantile,0.01,0.0013904673967996368
2026-08-29,wk inc flu prop ed visits,-1,2026-08-22,48,quantile,0.025,0.0014878947199567366
2026-08-29,wk inc flu prop ed visits,-1,2026-08-22,48,quantile,0.05,0.001590099972402677
2026-08-29,wk inc flu prop ed visits,-1,2026-08-22,48,quantile,0.1,0.0016718181664632126
2026-08-29,wk inc flu prop ed visits,-1,2026-08-22,48,quantile,0.15,0.0017181666498961273
2026-08-29,wk inc flu prop ed visits,-1,2026-08-22,48,quantile,0.2,0.00174799997777893
2026-08-29,wk inc flu prop ed visits,-1,2026-08-22,48,quantile,0.25,0.0017821041377882162
2026-08-29,wk inc flu prop ed visits,-1,2026-08-22,48,quantile,0.3,0.0018116666430979967
2026-08-29,wk inc flu prop ed visits,-1,2026-08-22,48,quantile,0.35,0.0018314062278659549
2026-08-29,wk inc flu prop ed visits,-1,2026-08-22,48,quantile,0.4,0.0018490195852868699
2026-08-29,wk inc flu prop ed visits,-1,2026-08-22,48,quantile,0.45,0.0018619999619200825
2026-08-29,wk inc flu prop ed visits,-1,2026-08-22,48,quantile,0.5,0.0019010526075174902
2026-08-29,wk inc flu prop ed visits,-1,2026-08-22,48,quantile,0.55,0.0019421666568145157
2026-08-29,wk inc flu prop ed visits,-1,2026-08-22,48,quantile,0.6,0.00195686272055495
2026-08-29,wk inc flu prop ed visits,-1,2026-08-22,48,quantile,0.65,0.001976406224450329
2026-08-29,wk inc flu prop ed visits,-1,2026-08-22,48,quantile,0.7,0.0019983333088209234
2026-08-29,wk inc flu prop ed visits,-1,2026-08-22,48,quantile,0.75,0.0020303958162665365
2026-08-29,wk inc flu prop ed visits,-1,2026-08-22,48,quantile,0.8,0.002065538439670434
2026-08-29,wk inc flu prop ed visits,-1,2026-08-22,48,quantile,0.85,0.002100083307367342
2026-08-29,wk inc flu prop ed visits,-1,2026-08-22,48,quantile,0.9,0.0021812120943019786
2026-08-29,wk inc flu prop ed visits,-1,2026-08-22,48,quantile,0.95,0.0023000999758485702
2026-08-29,wk inc flu prop ed visits,-1,2026-08-22,48,quantile,0.975,0.002414999961264823
2026-08-29,wk inc flu prop ed visits,-1,2026-08-22,48,quantile,0.99,0.0025185542862376444
2026-08-29,wk inc flu prop ed visits,0,2026-08-29,48,quantile,0.01,8.812244690299824e-4
2026-08-29,wk inc flu prop ed visits,0,2026-08-29,48,quantile,0.025,0.001031018611309743
2026-08-29,wk inc flu prop ed visits,0,2026-08-29,48,quantile,0.05,0.0011725877198748907
2026-08-29,wk inc flu prop ed visits,0,2026-08-29,48,quantile,0.1,0.0013598572508395023
2026-08-29,wk inc flu prop ed visits,0,2026-08-29,48,quantile,0.15,0.0014885497095232104
2026-08-29,wk inc flu prop ed visits,0,2026-08-29,48,quantile,0.2,0.0015718773612519777
2026-08-29,wk inc flu prop ed visits,0,2026-08-29,48,quantile,0.25,0.001645235410292617
2026-08-29,wk inc flu prop ed visits,0,2026-08-29,48,quantile,0.3,0.0017035425055600187
2026-08-29,wk inc flu prop ed visits,0,2026-08-29,48,quantile,0.35,0.0017589220834385497
2026-08-29,wk inc flu prop ed visits,0,2026-08-29,48,quantile,0.4,0.001804378186478124
2026-08-29,wk inc flu prop ed visits,0,2026-08-29,48,quantile,0.45,0.0018539532952260374
2026-08-29,wk inc flu prop ed visits,0,2026-08-29,48,quantile,0.5,0.0019016934412500065
2026-08-29,wk inc flu prop ed visits,0,2026-08-29,48,quantile,0.55,0.0019497102104633684
2026-08-29,wk inc flu prop ed visits,0,2026-08-29,48,quantile,0.6,0.00200988026525386
2026-08-29,wk inc flu prop ed visits,0,2026-08-29,48,quantile,0.65,0.0020670947584867333
2026-08-29,wk inc flu prop ed visits,0,2026-08-29,48,quantile,0.7,0.0021230034217880863
2026-08-29,wk inc flu prop ed visits,0,2026-08-29,48,quantile,0.75,0.0021892716129663513
2026-08-29,wk inc flu prop ed visits,0,2026-08-29,48,quantile,0.8,0.002269538887530827
2026-08-29,wk inc flu prop ed visits,0,2026-08-29,48,quantile,0.85,0.0023798620193086306
2026-08-29,wk inc flu prop ed visits,0,2026-08-29,48,quantile,0.9,0.002542576940283856
2026-08-29,wk inc flu prop ed visits,0,2026-08-29,48,quantile,0.95,0.0028616317174177696
2026-08-29,wk inc flu prop ed visits,0,2026-08-29,48,quantile,0.975,0.003142916886808556
2026-08-29,wk inc flu prop ed visits,0,2026-08-29,48,quantile,0.99,0.0035773974301655047
2026-08-29,wk inc flu prop ed visits,1,2026-09-05,48,quantile,0.01,7.61062087999544e-4
2026-08-29,wk inc flu prop ed visits,1,2026-09-05,48,quantile,0.025,9.827079481257738e-4
2026-08-29,wk inc flu prop ed visits,1,2026-09-05,48,quantile,0.05,0.0011279576973892648
2026-08-29,wk inc flu prop ed visits,1,2026-09-05,48,quantile,0.1,0.0013255759666525916
2026-08-29,wk inc flu prop ed visits,1,2026-09-05,48,quantile,0.15,0.0014575399414733488
2026-08-29,wk inc flu prop ed visits,1,2026-09-05,48,quantile,0.2,0.0015479147138495355
2026-08-29,wk inc flu prop ed visits,1,2026-09-05,48,quantile,0.25,0.0016253015963860337
2026-08-29,wk inc flu prop ed visits,1,2026-09-05,48,quantile,0.3,0.0016915083838173592
2026-08-29,wk inc flu prop ed visits,1,2026-09-05,48,quantile,0.35,0.0017607359684504572
2026-08-29,wk inc flu prop ed visits,1,2026-09-05,48,quantile,0.4,0.0018304843705872216
2026-08-29,wk inc flu prop ed visits,1,2026-09-05,48,quantile,0.45,0.0018882883643646735
2026-08-29,wk inc flu prop ed visits,1,2026-09-05,48,quantile,0.5,0.0019532274488936407
2026-08-29,wk inc flu prop ed visits,1,2026-09-05,48,quantile,0.55,0.0020102199694345727
2026-08-29,wk inc flu prop ed visits,1,2026-09-05,48,quantile,0.6,0.0020768943054991222
2026-08-29,wk inc flu prop ed visits,1,2026-09-05,48,quantile,0.65,0.0021271896211527133
2026-08-29,wk inc flu prop ed visits,1,2026-09-05,48,quantile,0.7,0.002199787143725273
2026-08-29,wk inc flu prop ed visits,1,2026-09-05,48,quantile,0.75,0.002301501231386754
2026-08-29,wk inc flu prop ed visits,1,2026-09-05,48,quantile,0.8,0.002401450028915829
2026-08-29,wk inc flu prop ed visits,1,2026-09-05,48,quantile,0.85,0.0025120776277767058
2026-08-29,wk inc flu prop ed visits,1,2026-09-05,48,quantile,0.9,0.002693792135727225
2026-08-29,wk inc flu prop ed visits,1,2026-09-05,48,quantile,0.95,0.00302504344364109
2026-08-29,wk inc flu prop ed visits,1,2026-09-05,48,quantile,0.975,0.0034040092458430303
2026-08-29,wk inc flu prop ed visits,1,2026-09-05,48,quantile,0.99,0.003990473602714702
2026-08-29,wk inc flu prop ed visits,2,2026-09-12,48,quantile,0.01,6.760825466444925e-4
2026-08-29,wk inc flu prop ed visits,2,2026-09-12,48,quantile,0.025,9.105160710297654e-4
2026-08-29,wk inc flu prop ed visits,2,2026-09-12,48,quantile,0.05,0.0011091723704733684
2026-08-29,wk inc flu prop ed visits,2,2026-09-12,48,quantile,0.1,0.001319365676367331
2026-08-29,wk inc flu prop ed visits,2,2026-09-12,48,quantile,0.15,0.0014587460844753119
2026-08-29,wk inc flu prop ed visits,2,2026-09-12,48,quantile,0.2,0.0015627680093730579
2026-08-29,wk inc flu prop ed visits,2,2026-09-12,48,quantile,0.25,0.001647923890602222
2026-08-29,wk inc flu prop ed visits,2,2026-09-12,48,quantile,0.3,0.0017168268437937966
2026-08-29,wk inc flu prop ed visits,2,2026-09-12,48,quantile,0.35,0.0017861095970641036
2026-08-29,wk inc flu prop ed visits,2,2026-09-12,48,quantile,0.4,0.0018518080366497127
2026-08-29,wk inc flu prop ed visits,2,2026-09-12,48,quantile,0.45,0.0019109557006487105
2026-08-29,wk inc flu prop ed visits,2,2026-09-12,48,quantile,0.5,0.00198329044315558
2026-08-29,wk inc flu prop ed visits,2,2026-09-12,48,quantile,0.55,0.0020435027969852504
2026-08-29,wk inc flu prop ed visits,2,2026-09-12,48,quantile,0.6,0.0021144131982706563
2026-08-29,wk inc flu prop ed visits,2,2026-09-12,48,quantile,0.65,0.0021968945606499197
2026-08-29,wk inc flu prop ed visits,2,2026-09-12,48,quantile,0.7,0.0022812914901428143
2026-08-29,wk inc flu prop ed visits,2,2026-09-12,48,quantile,0.75,0.002392337783404472
2026-08-29,wk inc flu prop ed visits,2,2026-09-12,48,quantile,0.8,0.002515206539844595
2026-08-29,wk inc flu prop ed visits,2,2026-09-12,48,quantile,0.85,0.002655849873158517
2026-08-29,wk inc flu prop ed visits,2,2026-09-12,48,quantile,0.9,0.002869762553873019
2026-08-29,wk inc flu prop ed visits,2,2026-09-12,48,quantile,0.95,0.003312826168457683
2026-08-29,wk inc flu prop ed visits,2,2026-09-12,48,quantile,0.975,0.0038034806893765386
2026-08-29,wk inc flu prop ed visits,2,2026-09-12,48,quantile,0.99,0.004723362326144551
2026-08-29,wk inc flu prop ed visits,3,2026-09-19,48,quantile,0.01,6.232368012868232e-4
2026-08-29,wk inc flu prop ed visits,3,2026-09-19,48,quantile,0.025,8.727626292967164e-4
2026-08-29,wk inc flu prop ed visits,3,2026-09-19,48,quantile,0.05,0.0010751084709816052
2026-08-29,wk inc flu prop ed visits,3,2026-09-19,48,quantile,0.1,0.0013045746959809987
2026-08-29,wk inc flu prop ed visits,3,2026-09-19,48,quantile,0.15,0.0014563984733268964
2026-08-29,wk inc flu prop ed visits,3,2026-09-19,48,quantile,0.2,0.001559718283345563
2026-08-29,wk inc flu prop ed visits,3,2026-09-19,48,quantile,0.25,0.0016547472461328277
2026-08-29,wk inc flu prop ed visits,3,2026-09-19,48,quantile,0.3,0.0017386976149784642
2026-08-29,wk inc flu prop ed visits,3,2026-09-19,48,quantile,0.35,0.0018200729854202782
2026-08-29,wk inc flu prop ed visits,3,2026-09-19,48,quantile,0.4,0.001896075026970562
2026-08-29,wk inc flu prop ed visits,3,2026-09-19,48,quantile,0.45,0.001990344689002398
2026-08-29,wk inc flu prop ed visits,3,2026-09-19,48,quantile,0.5,0.0020624377639041737
2026-08-29,wk inc flu prop ed visits,3,2026-09-19,48,quantile,0.55,0.0021418497565866253
2026-08-29,wk inc flu prop ed visits,3,2026-09-19,48,quantile,0.6,0.002247402668399377
2026-08-29,wk inc flu prop ed visits,3,2026-09-19,48,quantile,0.65,0.0023404788093530204
2026-08-29,wk inc flu prop ed visits,3,2026-09-19,48,quantile,0.7,0.002432320921004637
2026-08-29,wk inc flu prop ed visits,3,2026-09-19,48,quantile,0.75,0.0025515884984976095
2026-08-29,wk inc flu prop ed visits,3,2026-09-19,48,quantile,0.8,0.0026749668105215205
2026-08-29,wk inc flu prop ed visits,3,2026-09-19,48,quantile,0.85,0.0028469719722027153
2026-08-29,wk inc flu prop ed visits,3,2026-09-19,48,quantile,0.9,0.003097006846808341
2026-08-29,wk inc flu prop ed visits,3,2026-09-19,48,quantile,0.95,0.0036930311433207214
2026-08-29,wk inc flu prop ed visits,3,2026-09-19,48,quantile,0.975,0.004589451304933404
2026-08-29,wk inc flu prop ed visits,3,2026-09-19,48,quantile,0.99,0.005969499458349626
2026-08-29,wk inc flu prop ed visits,-1,2026-08-22,US,quantile,0.01,7.03293482878286e-4
2026-08-29,wk inc flu prop ed visits,-1,2026-08-22,US,quantile,0.025,7.999999821186065e-4
2026-08-29,wk inc flu prop ed visits,-1,2026-08-22,US,quantile,0.05,8.977999694552275e-4
2026-08-29,wk inc flu prop ed visits,-1,2026-08-22,US,quantile,0.1,9.803030101977516e-4
2026-08-29,wk inc flu prop ed visits,-1,2026-08-22,US,quantile,0.15,0.0010256666453512732
2026-08-29,wk inc flu prop ed visits,-1,2026-08-22,US,quantile,0.2,0.0010516922817207302
2026-08-29,wk inc flu prop ed visits,-1,2026-08-22,US,quantile,0.25,0.0010821041335662208
2026-08-29,wk inc flu prop ed visits,-1,2026-08-22,US,quantile,0.3,0.0011116666400184235
2026-08-29,wk inc flu prop ed visits,-1,2026-08-22,US,quantile,0.35,0.0011329687245597599
2026-08-29,wk inc flu prop ed visits,-1,2026-08-22,US,quantile,0.4,0.0011496470335651849
2026-08-29,wk inc flu prop ed visits,-1,2026-08-22,US,quantile,0.45,0.001161999959560732
2026-08-29,wk inc flu prop ed visits,-1,2026-08-22,US,quantile,0.5,0.0012010526049293937
2026-08-29,wk inc flu prop ed visits,-1,2026-08-22,US,quantile,0.55,0.0012421666544551653
2026-08-29,wk inc flu prop ed visits,-1,2026-08-22,US,quantile,0.6,0.0012568627175162821
2026-08-29,wk inc flu prop ed visits,-1,2026-08-22,US,quantile,0.65,0.0012751562214980369
2026-08-29,wk inc flu prop ed visits,-1,2026-08-22,US,quantile,0.7,0.0012961999728530646
2026-08-29,wk inc flu prop ed visits,-1,2026-08-22,US,quantile,0.75,0.0013253958137085036
2026-08-29,wk inc flu prop ed visits,-1,2026-08-22,US,quantile,0.8,0.001357538436525143
2026-08-29,wk inc flu prop ed visits,-1,2026-08-22,US,quantile,0.85,0.0013888333059889851
2026-08-29,wk inc flu prop ed visits,-1,2026-08-22,US,quantile,0.9,0.0014566666355751681
2026-08-29,wk inc flu prop ed visits,-1,2026-08-22,US,quantile,0.95,0.0015516999788675455
2026-08-29,wk inc flu prop ed visits,-1,2026-08-22,US,quantile,0.975,0.0016544736506123288
2026-08-29,wk inc flu prop ed visits,-1,2026-08-22,US,quantile,0.99,0.0017544238570753649
2026-08-29,wk inc flu prop ed visits,0,2026-08-29,US,quantile,0.01,4.922376548412766e-4
2026-08-29,wk inc flu prop ed visits,0,2026-08-29,US,quantile,0.025,5.804188109678803e-4
2026-08-29,wk inc flu prop ed visits,0,2026-08-29,US,quantile,0.05,6.808896895776505e-4
2026-08-29,wk inc flu prop ed visits,0,2026-08-29,US,quantile,0.1,8.174758953438408e-4
2026-08-29,wk inc flu prop ed visits,0,2026-08-29,US,quantile,0.15,9.142427621371754e-4
2026-08-29,wk inc flu prop ed visits,0,2026-08-29,US,quantile,0.2,9.671769329584914e-4
2026-08-29,wk inc flu prop ed visits,0,2026-08-29,US,quantile,0.25,0.0010165354929034072
2026-08-29,wk inc flu prop ed visits,0,2026-08-29,US,quantile,0.3,0.0010570070862498462
2026-08-29,wk inc flu prop ed visits,0,2026-08-29,US,quantile,0.35,0.0010939422426769934
2026-08-29,wk inc flu prop ed visits,0,2026-08-29,US,quantile,0.4,0.0011285170857644712
2026-08-29,wk inc flu prop ed visits,0,2026-08-29,US,quantile,0.45,0.0011626353019271421
2026-08-29,wk inc flu prop ed visits,0,2026-08-29,US,quantile,0.5,0.0011986554054358501
2026-08-29,wk inc flu prop ed visits,0,2026-08-29,US,quantile,0.55,0.0012329510863694118
2026-08-29,wk inc flu prop ed visits,0,2026-08-29,US,quantile,0.6,0.0012757704964027488
2026-08-29,wk inc flu prop ed visits,0,2026-08-29,US,quantile,0.65,0.001316391170654302
2026-08-29,wk inc flu prop ed visits,0,2026-08-29,US,quantile,0.7,0.0013540894882556546
2026-08-29,wk inc flu prop ed visits,0,2026-08-29,US,quantile,0.75,0.0013957951713094283
2026-08-29,wk inc flu prop ed visits,0,2026-08-29,US,quantile,0.8,0.0014546572100679505
2026-08-29,wk inc flu prop ed visits,0,2026-08-29,US,quantile,0.85,0.001541069175218282
2026-08-29,wk inc flu prop ed visits,0,2026-08-29,US,quantile,0.9,0.00167293262348182
2026-08-29,wk inc flu prop ed visits,0,2026-08-29,US,quantile,0.95,0.0019225244282480639
2026-08-29,wk inc flu prop ed visits,0,2026-08-29,US,quantile,0.975,0.002126486918051621
2026-08-29,wk inc flu prop ed visits,0,2026-08-29,US,quantile,0.99,0.00243036919115159
2026-08-29,wk inc flu prop ed visits,1,2026-09-05,US,quantile,0.01,4.051066618549861e-4
2026-08-29,wk inc flu prop ed visits,1,2026-09-05,US,quantile,0.025,5.51726538074574e-4
2026-08-29,wk inc flu prop ed visits,1,2026-09-05,US,quantile,0.05,6.593450969046626e-4
2026-08-29,wk inc flu prop ed visits,1,2026-09-05,US,quantile,0.1,8.020177149931839e-4
2026-08-29,wk inc flu prop ed visits,1,2026-09-05,US,quantile,0.15,8.949512213388483e-4
2026-08-29,wk inc flu prop ed visits,1,2026-09-05,US,quantile,0.2,9.572107604608844e-4
2026-08-29,wk inc flu prop ed visits,1,2026-09-05,US,quantile,0.25,0.0010115143399935687
2026-08-29,wk inc flu prop ed visits,1,2026-09-05,US,quantile,0.3,0.0010558316468557475
2026-08-29,wk inc flu prop ed visits,1,2026-09-05,US,quantile,0.35,0.001104822866696208
2026-08-29,wk inc flu prop ed visits,1,2026-09-05,US,quantile,0.4,0.0011499374179301605
2026-08-29,wk inc flu prop ed visits,1,2026-09-05,US,quantile,0.45,0.0011882681559735931
2026-08-29,wk inc flu prop ed visits,1,2026-09-05,US,quantile,0.5,0.0012341284456559522
2026-08-29,wk inc flu prop ed visits,1,2026-09-05,US,quantile,0.55,0.0012752268223411992
2026-08-29,wk inc flu prop ed visits,1,2026-09-05,US,quantile,0.6,0.001320008050342363
2026-08-29,wk inc flu prop ed visits,1,2026-09-05,US,quantile,0.65,0.0013555247186205904
2026-08-29,wk inc flu prop ed visits,1,2026-09-05,US,quantile,0.7,0.0014106510522207078
2026-08-29,wk inc flu prop ed visits,1,2026-09-05,US,quantile,0.75,0.001484035381127419
2026-08-29,wk inc flu prop ed visits,1,2026-09-05,US,quantile,0.8,0.0015598352639398672
2026-08-29,wk inc flu prop ed visits,1,2026-09-05,US,quantile,0.85,0.0016424587217319497
2026-08-29,wk inc flu prop ed visits,1,2026-09-05,US,quantile,0.9,0.0017640364215291385
2026-08-29,wk inc flu prop ed visits,1,2026-09-05,US,quantile,0.95,0.0020275733589167066
2026-08-29,wk inc flu prop ed visits,1,2026-09-05,US,quantile,0.975,0.0023077175318985165
2026-08-29,wk inc flu prop ed visits,1,2026-09-05,US,quantile,0.99,0.0027385479496401933
2026-08-29,wk inc flu prop ed visits,2,2026-09-12,US,quantile,0.01,3.6101484961759134e-4
2026-08-29,wk inc flu prop ed visits,2,2026-09-12,US,quantile,0.025,5.300870687315063e-4
2026-08-29,wk inc flu prop ed visits,2,2026-09-12,US,quantile,0.05,6.701463566813992e-4
2026-08-29,wk inc flu prop ed visits,2,2026-09-12,US,quantile,0.1,8.166113401447035e-4
2026-08-29,wk inc flu prop ed visits,2,2026-09-12,US,quantile,0.15,9.089756752121579e-4
2026-08-29,wk inc flu prop ed visits,2,2026-09-12,US,quantile,0.2,9.75204974892238e-4
2026-08-29,wk inc flu prop ed visits,2,2026-09-12,US,quantile,0.25,0.0010317450582919712
2026-08-29,wk inc flu prop ed visits,2,2026-09-12,US,quantile,0.3,0.0010758911122119908
2026-08-29,wk inc flu prop ed visits,2,2026-09-12,US,quantile,0.35,0.001123816800712709
2026-08-29,wk inc flu prop ed visits,2,2026-09-12,US,quantile,0.4,0.0011700864494265612
2026-08-29,wk inc flu prop ed visits,2,2026-09-12,US,quantile,0.45,0.0012085537309947019
2026-08-29,wk inc flu prop ed visits,2,2026-09-12,US,quantile,0.5,0.001258950110156874
2026-08-29,wk inc flu prop ed visits,2,2026-09-12,US,quantile,0.55,0.0012971701075988162
2026-08-29,wk inc flu prop ed visits,2,2026-09-12,US,quantile,0.6,0.0013474784303175336
2026-08-29,wk inc flu prop ed visits,2,2026-09-12,US,quantile,0.65,0.0014115152410528404
2026-08-29,wk inc flu prop ed visits,2,2026-09-12,US,quantile,0.7,0.0014708424229233966
2026-08-29,wk inc flu prop ed visits,2,2026-09-12,US,quantile,0.75,0.0015462481377091705
2026-08-29,wk inc flu prop ed visits,2,2026-09-12,US,quantile,0.8,0.0016423037540353117
2026-08-29,wk inc flu prop ed visits,2,2026-09-12,US,quantile,0.85,0.001738983513849739
2026-08-29,wk inc flu prop ed visits,2,2026-09-12,US,quantile,0.9,0.001884238568147806
2026-08-29,wk inc flu prop ed visits,2,2026-09-12,US,quantile,0.95,0.00219791762423636
2026-08-29,wk inc flu prop ed visits,2,2026-09-12,US,quantile,0.975,0.0025418944696372326
2026-08-29,wk inc flu prop ed visits,2,2026-09-12,US,quantile,0.99,0.0032350639839238
2026-08-29,wk inc flu prop ed visits,3,2026-09-19,US,quantile,0.01,3.4540771396170995e-4
2026-08-29,wk inc flu prop ed visits,3,2026-09-19,US,quantile,0.025,5.172491506707662e-4
2026-08-29,wk inc flu prop ed visits,3,2026-09-19,US,quantile,0.05,6.507902973939891e-4
2026-08-29,wk inc flu prop ed visits,3,2026-09-19,US,quantile,0.1,8.092719197699578e-4
2026-08-29,wk inc flu prop ed visits,3,2026-09-19,US,quantile,0.15,9.143907177791184e-4
2026-08-29,wk inc flu prop ed visits,3,2026-09-19,US,quantile,0.2,9.827583108847787e-4
2026-08-29,wk inc flu prop ed visits,3,2026-09-19,US,quantile,0.25,0.0010463136684361644
2026-08-29,wk inc flu prop ed visits,3,2026-09-19,US,quantile,0.3,0.001104127651260427
2026-08-29,wk inc flu prop ed visits,3,2026-09-19,US,quantile,0.35,0.0011615364284053643
2026-08-29,wk inc flu prop ed visits,3,2026-09-19,US,quantile,0.4,0.0012115882813544291
2026-08-29,wk inc flu prop ed visits,3,2026-09-19,US,quantile,0.45,0.001274905589226478
2026-08-29,wk inc flu prop ed visits,3,2026-09-19,US,quantile,0.5,0.0013221704715073515
2026-08-29,wk inc flu prop ed visits,3,2026-09-19,US,quantile,0.55,0.0013772156810612848
2026-08-29,wk inc flu prop ed visits,3,2026-09-19,US,quantile,0.6,0.0014504358016946789
2026-08-29,wk inc flu prop ed visits,3,2026-09-19,US,quantile,0.65,0.0015140315812138309
2026-08-29,wk inc flu prop ed visits,3,2026-09-19,US,quantile,0.7,0.0015725029451647535
2026-08-29,wk inc flu prop ed visits,3,2026-09-19,US,quantile,0.75,0.0016538845721829677
2026-08-29,wk inc flu prop ed visits,3,2026-09-19,US,quantile,0.8,0.0017323642335328243
2026-08-29,wk inc flu prop ed visits,3,2026-09-19,US,quantile,0.85,0.0018525336181164217
2026-08-29,wk inc flu prop ed visits,3,2026-09-19,US,quantile,0.9,0.002032070861935822
2026-08-29,wk inc flu prop ed visits,3,2026-09-19,US,quantile,0.95,0.002442416533604016
2026-08-29,wk inc flu prop ed visits,3,2026-09-19,US,quantile,0.975,0.0031216842776100083
2026-08-29,wk inc flu prop ed visits,3,2026-09-19,US,quantile,0.99,0.004234991031193901
2026-08-29,wk inc flu prop ed visits,-1,2026-08-22,49,quantile,0.01,3.0970653634842317e-4
2026-08-29,wk inc flu prop ed visits,-1,2026-08-22,49,quantile,0.025,4.0605262363035423e-4
2026-08-29,wk inc flu prop ed visits,-1,2026-08-22,49,quantile,0.05,5.032999768387527e-4
2026-08-29,wk inc flu prop ed visits,-1,2026-08-22,49,quantile,0.1,5.809090779247608e-4
2026-08-29,wk inc flu prop ed visits,-1,2026-08-22,49,quantile,0.15,6.256666528949863e-4
2026-08-29,wk inc flu prop ed visits,-1,2026-08-22,49,quantile,0.2,6.516922895151835e-4
2026-08-29,wk inc flu prop ed visits,-1,2026-08-22,49,quantile,0.25,6.804374752566218e-4
2026-08-29,wk inc flu prop ed visits,-1,2026-08-22,49,quantile,0.3,7.09666649326682e-4
2026-08-29,wk inc flu prop ed visits,-1,2026-08-22,49,quantile,0.35,7.295312339847442e-4
2026-08-29,wk inc flu prop ed visits,-1,2026-08-22,49,quantile,0.4,7.461176306009292e-4
2026-08-29,wk inc flu prop ed visits,-1,2026-08-22,49,quantile,0.45,7.594999684020876e-4
2026-08-29,wk inc flu prop ed visits,-1,2026-08-22,49,quantile,0.5,7.994736664389277e-4
2026-08-29,wk inc flu prop ed visits,-1,2026-08-22,49,quantile,0.55,8.396666626756391e-4
2026-08-29,wk inc flu prop ed visits,-1,2026-08-22,49,quantile,0.6,8.527058632934795e-4
2026-08-29,wk inc flu prop ed visits,-1,2026-08-22,49,quantile,0.65,8.689062305784319e-4
2026-08-29,wk inc flu prop ed visits,-1,2026-08-22,49,quantile,0.7,8.881999819725751e-4
2026-08-29,wk inc flu prop ed visits,-1,2026-08-22,49,quantile,0.75,9.153958228727179e-4
2026-08-29,wk inc flu prop ed visits,-1,2026-08-22,49,quantile,0.8,9.470769068942621e-4
2026-08-29,wk inc flu prop ed visits,-1,2026-08-22,49,quantile,0.85,9.743333127392107e-4
2026-08-29,wk inc flu prop ed visits,-1,2026-08-22,49,quantile,0.9,0.0010254545234933948
2026-08-29,wk inc flu prop ed visits,-1,2026-08-22,49,quantile,0.95,0.0011318999878410247
2026-08-29,wk inc flu prop ed visits,-1,2026-08-22,49,quantile,0.975,0.0012544736550434638
2026-08-29,wk inc flu prop ed visits,-1,2026-08-22,49,quantile,0.99,0.0013544238612379716
2026-08-29,wk inc flu prop ed visits,0,2026-08-29,49,quantile,0.01,2.2672991083749273e-4
2026-08-29,wk inc flu prop ed visits,0,2026-08-29,49,quantile,0.025,2.992405757045852e-4
2026-08-29,wk inc flu prop ed visits,0,2026-08-29,49,quantile,0.05,3.7261119953731626e-4
2026-08-29,wk inc flu prop ed visits,0,2026-08-29,49,quantile,0.1,4.782218777042138e-4
2026-08-29,wk inc flu prop ed visits,0,2026-08-29,49,quantile,0.15,5.536096758019512e-4
2026-08-29,wk inc flu prop ed visits,0,2026-08-29,49,quantile,0.2,5.951004088201958e-4
2026-08-29,wk inc flu prop ed visits,0,2026-08-29,49,quantile,0.25,6.339768311904134e-4
2026-08-29,wk inc flu prop ed visits,0,2026-08-29,49,quantile,0.3,6.65733931521448e-4
2026-08-29,wk inc flu prop ed visits,0,2026-08-29,49,quantile,0.35,6.933451184778142e-4
2026-08-29,wk inc flu prop ed visits,0,2026-08-29,49,quantile,0.4,7.203989694343616e-4
2026-08-29,wk inc flu prop ed visits,0,2026-08-29,49,quantile,0.45,7.483058438764668e-4
2026-08-29,wk inc flu prop ed visits,0,2026-08-29,49,quantile,0.5,7.78163364914225e-4
2026-08-29,wk inc flu prop ed visits,0,2026-08-29,49,quantile,0.55,8.040945896399066e-4
2026-08-29,wk inc flu prop ed visits,0,2026-08-29,49,quantile,0.6,8.389050832071255e-4
2026-08-29,wk inc flu prop ed visits,0,2026-08-29,49,quantile,0.65,8.686634001374889e-4
2026-08-29,wk inc flu prop ed visits,0,2026-08-29,49,quantile,0.7,8.952076372673818e-4
2026-08-29,wk inc flu prop ed visits,0,2026-08-29,49,quantile,0.75,9.254707070787286e-4
2026-08-29,wk inc flu prop ed visits,0,2026-08-29,49,quantile,0.8,9.743979746280682e-4
2026-08-29,wk inc flu prop ed visits,0,2026-08-29,49,quantile,0.85,0.0010444739069823924
2026-08-29,wk inc flu prop ed visits,0,2026-08-29,49,quantile,0.9,0.001158619284028571
2026-08-29,wk inc flu prop ed visits,0,2026-08-29,49,quantile,0.95,0.0013470550212703065
2026-08-29,wk inc flu prop ed visits,0,2026-08-29,49,quantile,0.975,0.0015136280573437608
2026-08-29,wk inc flu prop ed visits,0,2026-08-29,49,quantile,0.99,0.001759598461503425
2026-08-29,wk inc flu prop ed visits,1,2026-09-05,49,quantile,0.01,1.7864059773526082e-4
2026-08-29,wk inc flu prop ed visits,1,2026-09-05,49,quantile,0.025,2.796988153680318e-4
2026-08-29,wk inc flu prop ed visits,1,2026-09-05,49,quantile,0.05,3.527987085314299e-4
2026-08-29,wk inc flu prop ed visits,1,2026-09-05,49,quantile,0.1,4.602091546714296e-4
2026-08-29,wk inc flu prop ed visits,1,2026-09-05,49,quantile,0.15,5.302155745317391e-4
2026-08-29,wk inc flu prop ed visits,1,2026-09-05,49,quantile,0.2,5.789038097904587e-4
2026-08-29,wk inc flu prop ed visits,1,2026-09-05,49,quantile,0.25,6.229823293572285e-4
2026-08-29,wk inc flu prop ed visits,1,2026-09-05,49,quantile,0.3,6.564026796726559e-4
2026-08-29,wk inc flu prop ed visits,1,2026-09-05,49,quantile,0.35,6.97879116730691e-4
2026-08-29,wk inc flu prop ed visits,1,2026-09-05,49,quantile,0.4,7.343188762782495e-4
2026-08-29,wk inc flu prop ed visits,1,2026-09-05,49,quantile,0.45,7.653892700581888e-4
2026-08-29,wk inc flu prop ed visits,1,2026-09-05,49,quantile,0.5,8.020435134891627e-4
2026-08-29,wk inc flu prop ed visits,1,2026-09-05,49,quantile,0.55,8.33603305358355e-4
2026-08-29,wk inc flu prop ed visits,1,2026-09-05,49,quantile,0.6,8.670318437428567e-4
2026-08-29,wk inc flu prop ed visits,1,2026-09-05,49,quantile,0.65,8.964340612168122e-4
2026-08-29,wk inc flu prop ed visits,1,2026-09-05,49,quantile,0.7,9.413223088885772e-4
2026-08-29,wk inc flu prop ed visits,1,2026-09-05,49,quantile,0.75,0.0010014920474203737
2026-08-29,wk inc flu prop ed visits,1,2026-09-05,49,quantile,0.8,0.0010612262393500538
2026-08-29,wk inc flu prop ed visits,1,2026-09-05,49,quantile,0.85,0.0011289668944103905
2026-08-29,wk inc flu prop ed visits,1,2026-09-05,49,quantile,0.9,0.0012203699501198769
2026-08-29,wk inc flu prop ed visits,1,2026-09-05,49,quantile,0.95,0.0014510626476616601
2026-08-29,wk inc flu prop ed visits,1,2026-09-05,49,quantile,0.975,0.0016871564908803396
2026-08-29,wk inc flu prop ed visits,1,2026-09-05,49,quantile,0.99,0.0020119292740450496
2026-08-29,wk inc flu prop ed visits,2,2026-09-12,49,quantile,0.01,1.4529851015485735e-4
2026-08-29,wk inc flu prop ed visits,2,2026-09-12,49,quantile,0.025,2.570134303150217e-4
2026-08-29,wk inc flu prop ed visits,2,2026-09-12,49,quantile,0.05,3.557718005156299e-4
2026-08-29,wk inc flu prop ed visits,2,2026-09-12,49,quantile,0.1,4.6741537915515383e-4
2026-08-29,wk inc flu prop ed visits,2,2026-09-12,49,quantile,0.15,5.387952181597757e-4
2026-08-29,wk inc flu prop ed visits,2,2026-09-12,49,quantile,0.2,5.894110025434346e-4
2026-08-29,wk inc flu prop ed visits,2,2026-09-12,49,quantile,0.25,6.356979802116193e-4
2026-08-29,wk inc flu prop ed visits,2,2026-09-12,49,quantile,0.3,6.73673969988695e-4
2026-08-29,wk inc flu prop ed visits,2,2026-09-12,49,quantile,0.35,7.084663049462348e-4
2026-08-29,wk inc flu prop ed visits,2,2026-09-12,49,quantile,0.4,7.464710790369745e-4
2026-08-29,wk inc flu prop ed visits,2,2026-09-12,49,quantile,0.45,7.757498345111011e-4
2026-08-29,wk inc flu prop ed visits,2,2026-09-12,49,quantile,0.5,8.173957551551334e-4
2026-08-29,wk inc flu prop ed visits,2,2026-09-12,49,quantile,0.55,8.479204011040761e-4
2026-08-29,wk inc flu prop ed visits,2,2026-09-12,49,quantile,0.6,8.891700791314631e-4
2026-08-29,wk inc flu prop ed visits,2,2026-09-12,49,quantile,0.65,9.422360670116904e-4
2026-08-29,wk inc flu prop ed visits,2,2026-09-12,49,quantile,0.7,9.915058740058047e-4
2026-08-29,wk inc flu prop ed visits,2,2026-09-12,49,quantile,0.75,0.001049627059308373
2026-08-29,wk inc flu prop ed visits,2,2026-09-12,49,quantile,0.8,0.0011283103695276268
2026-08-29,wk inc flu prop ed visits,2,2026-09-12,49,quantile,0.85,0.0012040965322074328
2026-08-29,wk inc flu prop ed visits,2,2026-09-12,49,quantile,0.9,0.001311898613455335
2026-08-29,wk inc flu prop ed visits,2,2026-09-12,49,quantile,0.95,0.001565707700888788
2026-08-29,wk inc flu prop ed visits,2,2026-09-12,49,quantile,0.975,0.0018593886404757402
2026-08-29,wk inc flu prop ed visits,2,2026-09-12,49,quantile,0.99,0.0024947097944416695
2026-08-29,wk inc flu prop ed visits,3,2026-09-19,49,quantile,0.01,1.2492682906437618e-4
2026-08-29,wk inc flu prop ed visits,3,2026-09-19,49,quantile,0.025,2.4482757970961075e-4
2026-08-29,wk inc flu prop ed visits,3,2026-09-19,49,quantile,0.05,3.388023102931849e-4
2026-08-29,wk inc flu prop ed visits,3,2026-09-19,49,quantile,0.1,4.5761007866443077e-4
2026-08-29,wk inc flu prop ed visits,3,2026-09-19,49,quantile,0.15,5.415704514007476e-4
2026-08-29,wk inc flu prop ed visits,3,2026-09-19,49,quantile,0.2,5.955503341015901e-4
2026-08-29,wk inc flu prop ed visits,3,2026-09-19,49,quantile,0.25,6.490127684459371e-4
2026-08-29,wk inc flu prop ed visits,3,2026-09-19,49,quantile,0.3,6.9672763302682e-4
2026-08-29,wk inc flu prop ed visits,3,2026-09-19,49,quantile,0.35,7.416143381286756e-4
2026-08-29,wk inc flu prop ed visits,3,2026-09-19,49,quantile,0.4,7.821734566233963e-4
2026-08-29,wk inc flu prop ed visits,3,2026-09-19,49,quantile,0.45,8.312789448239878e-4
2026-08-29,wk inc flu prop ed visits,3,2026-09-19,49,quantile,0.5,8.693648937307827e-4
2026-08-29,wk inc flu prop ed visits,3,2026-09-19,49,quantile,0.55,9.202588405563649e-4
2026-08-29,wk inc flu prop ed visits,3,2026-09-19,49,quantile,0.6,9.781837985053405e-4
2026-08-29,wk inc flu prop ed visits,3,2026-09-19,49,quantile,0.65,0.0010318884475260214
2026-08-29,wk inc flu prop ed visits,3,2026-09-19,49,quantile,0.7,0.0010691045237989898
2026-08-29,wk inc flu prop ed visits,3,2026-09-19,49,quantile,0.75,0.0011339245913719613
2026-08-29,wk inc flu prop ed visits,3,2026-09-19,49,quantile,0.8,0.001193635171419962
2026-08-29,wk inc flu prop ed visits,3,2026-09-19,49,quantile,0.85,0.0012958775067376976
2026-08-29,wk inc flu prop ed visits,3,2026-09-19,49,quantile,0.9,0.001437011150893637
2026-08-29,wk inc flu prop ed visits,3,2026-09-19,49,quantile,0.95,0.0017704873352647017
2026-08-29,wk inc flu prop ed visits,3,2026-09-19,49,quantile,0.975,0.0023624755577893843
2026-08-29,wk inc flu prop ed visits,3,2026-09-19,49,quantile,0.99,0.003409421259590851
2026-08-29,wk inc flu prop ed visits,-1,2026-08-22,51,quantile,0.01,3.0970653634842317e-4
2026-08-29,wk inc flu prop ed visits,-1,2026-08-22,51,quantile,0.025,4.0605262363035423e-4
2026-08-29,wk inc flu prop ed visits,-1,2026-08-22,51,quantile,0.05,5.032999768387527e-4
2026-08-29,wk inc flu prop ed visits,-1,2026-08-22,51,quantile,0.1,5.848484725098717e-4
2026-08-29,wk inc flu prop ed visits,-1,2026-08-22,51,quantile,0.15,6.294166535096592e-4
2026-08-29,wk inc flu prop ed visits,-1,2026-08-22,51,quantile,0.2,6.547692130964536e-4
2026-08-29,wk inc flu prop ed visits,-1,2026-08-22,51,quantile,0.25,6.846041419853766e-4
2026-08-29,wk inc flu prop ed visits,-1,2026-08-22,51,quantile,0.3,7.117999822646378e-4
2026-08-29,wk inc flu prop ed visits,-1,2026-08-22,51,quantile,0.35,7.314062338264194e-4
2026-08-29,wk inc flu prop ed visits,-1,2026-08-22,51,quantile,0.4,7.48470572163077e-4
2026-08-29,wk inc flu prop ed visits,-1,2026-08-22,51,quantile,0.45,7.617777463255656e-4
2026-08-29,wk inc flu prop ed visits,-1,2026-08-22,51,quantile,0.5,8.015789295497661e-4
2026-08-29,wk inc flu prop ed visits,-1,2026-08-22,51,quantile,0.55,8.432222181103298e-4
2026-08-29,wk inc flu prop ed visits,-1,2026-08-22,51,quantile,0.6,8.585882158840403e-4
2026-08-29,wk inc flu prop ed visits,-1,2026-08-22,51,quantile,0.65,8.767187301127706e-4
2026-08-29,wk inc flu prop ed visits,-1,2026-08-22,51,quantile,0.7,8.983333147813877e-4
2026-08-29,wk inc flu prop ed visits,-1,2026-08-22,51,quantile,0.75,9.295624896883964e-4
2026-08-29,wk inc flu prop ed visits,-1,2026-08-22,51,quantile,0.8,9.624615227373746e-4
2026-08-29,wk inc flu prop ed visits,-1,2026-08-22,51,quantile,0.85,9.963333113161498e-4
2026-08-29,wk inc flu prop ed visits,-1,2026-08-22,51,quantile,0.9,0.0010493939158252694
2026-08-29,wk inc flu prop ed visits,-1,2026-08-22,51,quantile,0.95,0.0011549999854806809
2026-08-29,wk inc flu prop ed visits,-1,2026-08-22,51,quantile,0.975,0.0012544736550434638
2026-08-29,wk inc flu prop ed visits,-1,2026-08-22,51,quantile,0.99,0.0013544238612379716
2026-08-29,wk inc flu prop ed visits,0,2026-08-29,51,quantile,0.01,2.4072489459945844e-4
2026-08-29,wk inc flu prop ed visits,0,2026-08-29,51,quantile,0.025,3.1456999684399705e-4
2026-08-29,wk inc flu prop ed visits,0,2026-08-29,51,quantile,0.05,3.907785680855043e-4
2026-08-29,wk inc flu prop ed visits,0,2026-08-29,51,quantile,0.1,4.970623397920007e-4
2026-08-29,wk inc flu prop ed visits,0,2026-08-29,51,quantile,0.15,5.712752250322046e-4
2026-08-29,wk inc flu prop ed visits,0,2026-08-29,51,quantile,0.2,6.192416048143348e-4
2026-08-29,wk inc flu prop ed visits,0,2026-08-29,51,quantile,0.25,6.605161732516638e-4
2026-08-29,wk inc flu prop ed visits,0,2026-08-29,51,quantile,0.3,6.952547638504449e-4
2026-08-29,wk inc flu prop ed visits,0,2026-08-29,51,quantile,0.35,7.265404155903715e-4
2026-08-29,wk inc flu prop ed visits,0,2026-08-29,51,quantile,0.4,7.558796833661216e-4
2026-08-29,wk inc flu prop ed visits,0,2026-08-29,51,quantile,0.45,7.846248460135186e-4
2026-08-29,wk inc flu prop ed visits,0,2026-08-29,51,quantile,0.5,8.16621645422251e-4
2026-08-29,wk inc flu prop ed visits,0,2026-08-29,51,quantile,0.55,8.478735410338044e-4
2026-08-29,wk inc flu prop ed visits,0,2026-08-29,51,quantile,0.6,8.847354257976001e-4
2026-08-29,wk inc flu prop ed visits,0,2026-08-29,51,quantile,0.65,9.189098024205303e-4
2026-08-29,wk inc flu prop ed visits,0,2026-08-29,51,quantile,0.7,9.558677567196667e-4
2026-08-29,wk inc flu prop ed visits,0,2026-08-29,51,quantile,0.75,9.96194170404337e-4
2026-08-29,wk inc flu prop ed visits,0,2026-08-29,51,quantile,0.8,0.0010515069443782713
2026-08-29,wk inc flu prop ed visits,0,2026-08-29,51,quantile,0.85,0.0011290406290770964
2026-08-29,wk inc flu prop ed visits,0,2026-08-29,51,quantile,0.9,0.0012476489025776965
2026-08-29,wk inc flu prop ed visits,0,2026-08-29,51,quantile,0.95,0.001488629188107705
2026-08-29,wk inc flu prop ed visits,0,2026-08-29,51,quantile,0.975,0.0016924172259274498
2026-08-29,wk inc flu prop ed visits,0,2026-08-29,51,quantile,0.99,0.0020117938546471044
2026-08-29,wk inc flu prop ed visits,1,2026-09-05,51,quantile,0.01,1.764056827049985e-4
2026-08-29,wk inc flu prop ed visits,1,2026-09-05,51,quantile,0.025,2.887470894458465e-4
2026-08-29,wk inc flu prop ed visits,1,2026-09-05,51,quantile,0.05,3.710128076146584e-4
2026-08-29,wk inc flu prop ed visits,1,2026-09-05,51,quantile,0.1,4.8198361702624396e-4
2026-08-29,wk inc flu prop ed visits,1,2026-09-05,51,quantile,0.15,5.581872436690436e-4
2026-08-29,wk inc flu prop ed visits,1,2026-09-05,51,quantile,0.2,6.09939028696746e-4
2026-08-29,wk inc flu prop ed visits,1,2026-09-05,51,quantile,0.25,6.563365098441676e-4
2026-08-29,wk inc flu prop ed visits,1,2026-09-05,51,quantile,0.3,6.963340851781775e-4
2026-08-29,wk inc flu prop ed visits,1,2026-09-05,51,quantile,0.35,7.38902728802965e-4
2026-08-29,wk inc flu prop ed visits,1,2026-09-05,51,quantile,0.4,7.78951335911485e-4
2026-08-29,wk inc flu prop ed visits,1,2026-09-05,51,quantile,0.45,8.129006371344758e-4
2026-08-29,wk inc flu prop ed visits,1,2026-09-05,51,quantile,0.5,8.529771648989781e-4
2026-08-29,wk inc flu prop ed visits,1,2026-09-05,51,quantile,0.55,8.901647746169355e-4
2026-08-29,wk inc flu prop ed visits,1,2026-09-05,51,quantile,0.6,9.28580749018117e-4
2026-08-29,wk inc flu prop ed visits,1,2026-09-05,51,quantile,0.65,9.608405524600838e-4
2026-08-29,wk inc flu prop ed visits,1,2026-09-05,51,quantile,0.7,0.001009386363976037
2026-08-29,wk inc flu prop ed visits,1,2026-09-05,51,quantile,0.75,0.0010739572372494486
2026-08-29,wk inc flu prop ed visits,1,2026-09-05,51,quantile,0.8,0.0011420328705248053
2026-08-29,wk inc flu prop ed visits,1,2026-09-05,51,quantile,0.85,0.0012197259159358964
2026-08-29,wk inc flu prop ed visits,1,2026-09-05,51,quantile,0.9,0.0013363239691186045
2026-08-29,wk inc flu prop ed visits,1,2026-09-05,51,quantile,0.95,0.0015770942281382759
2026-08-29,wk inc flu prop ed visits,1,2026-09-05,51,quantile,0.975,0.001840037330974229
2026-08-29,wk inc flu prop ed visits,1,2026-09-05,51,quantile,0.99,0.0022446904062017646
2026-08-29,wk inc flu prop ed visits,2,2026-09-12,51,quantile,0.01,1.3537241374239644e-4
2026-08-29,wk inc flu prop ed visits,2,2026-09-12,51,quantile,0.025,2.569461621285015e-4
2026-08-29,wk inc flu prop ed visits,2,2026-09-12,51,quantile,0.05,3.6364541756783996e-4
2026-08-29,wk inc flu prop ed visits,2,2026-09-12,51,quantile,0.1,4.829505977691386e-4
2026-08-29,wk inc flu prop ed visits,2,2026-09-12,51,quantile,0.15,5.606493325954055e-4
2026-08-29,wk inc flu prop ed visits,2,2026-09-12,51,quantile,0.2,6.234919003991433e-4
2026-08-29,wk inc flu prop ed visits,2,2026-09-12,51,quantile,0.25,6.721373607193867e-4
2026-08-29,wk inc flu prop ed visits,2,2026-09-12,51,quantile,0.3,7.106784647581116e-4
2026-08-29,wk inc flu prop ed visits,2,2026-09-12,51,quantile,0.35,7.529040528063642e-4
2026-08-29,wk inc flu prop ed visits,2,2026-09-12,51,quantile,0.4,0.00079259934868541155
2026-08-29,wk inc flu prop ed visits,2,2026-09-12,51,quantile,0.45,8.276506636115227e-4
2026-08-29,wk inc flu prop ed visits,2,2026-09-12,51,quantile,0.5,8.72416477937902e-4
2026-08-29,wk inc flu prop ed visits,2,2026-09-12,51,quantile,0.55,9.08664775938666e-4
2026-08-29,wk inc flu prop ed visits,2,2026-09-12,51,quantile,0.6,9.537680463335112e-4
2026-08-29,wk inc flu prop ed visits,2,2026-09-12,51,quantile,0.65,0.001008938841010885
2026-08-29,wk inc flu prop ed visits,2,2026-09-12,51,quantile,0.7,0.001062731293909852
2026-08-29,wk inc flu prop ed visits,2,2026-09-12,51,quantile,0.75,0.001134210323681249
2026-08-29,wk inc flu prop ed visits,2,2026-09-12,51,quantile,0.8,0.0012201953203569377
2026-08-29,wk inc flu prop ed visits,2,2026-09-12,51,quantile,0.85,0.0013156115039775077
2026-08-29,wk inc flu prop ed visits,2,2026-09-12,51,quantile,0.9,0.0014597377220252178
2026-08-29,wk inc flu prop ed visits,2,2026-09-12,51,quantile,0.95,0.0017605214033777185
2026-08-29,wk inc flu prop ed visits,2,2026-09-12,51,quantile,0.975,0.0021015715103137205
2026-08-29,wk inc flu prop ed visits,2,2026-09-12,51,quantile,0.99,0.00276459864456312
2026-08-29,wk inc flu prop ed visits,3,2026-09-19,51,quantile,0.01,1.2154396966282253e-4
2026-08-29,wk inc flu prop ed visits,3,2026-09-19,51,quantile,0.025,2.4976770198536325e-4
2026-08-29,wk inc flu prop ed visits,3,2026-09-19,51,quantile,0.05,3.547621771318705e-4
2026-08-29,wk inc flu prop ed visits,3,2026-09-19,51,quantile,0.1,4.8058215106655425e-4
2026-08-29,wk inc flu prop ed visits,3,2026-09-19,51,quantile,0.15,5.64555030957344e-4
2026-08-29,wk inc flu prop ed visits,3,2026-09-19,51,quantile,0.2,6.211871107030956e-4
2026-08-29,wk inc flu prop ed visits,3,2026-09-19,51,quantile,0.25,6.745231576701828e-4
2026-08-29,wk inc flu prop ed visits,3,2026-09-19,51,quantile,0.3,7.256589675744664e-4
2026-08-29,wk inc flu prop ed visits,3,2026-09-19,51,quantile,0.35,7.743032032044481e-4
2026-08-29,wk inc flu prop ed visits,3,2026-09-19,51,quantile,0.4,8.204246483662819e-4
2026-08-29,wk inc flu prop ed visits,3,2026-09-19,51,quantile,0.45,8.790514146753383e-4
2026-08-29,wk inc flu prop ed visits,3,2026-09-19,51,quantile,0.5,9.222961019177891e-4
2026-08-29,wk inc flu prop ed visits,3,2026-09-19,51,quantile,0.55,9.735205491833037e-4
2026-08-29,wk inc flu prop ed visits,3,2026-09-19,51,quantile,0.6,0.0010390273704568255
2026-08-29,wk inc flu prop ed visits,3,2026-09-19,51,quantile,0.65,0.0011003326836665527
2026-08-29,wk inc flu prop ed visits,3,2026-09-19,51,quantile,0.7,0.001155199414866723
2026-08-29,wk inc flu prop ed visits,3,2026-09-19,51,quantile,0.75,0.0012332126611630891
2026-08-29,wk inc flu prop ed visits,3,2026-09-19,51,quantile,0.8,0.0013074115826690255
2026-08-29,wk inc flu prop ed visits,3,2026-09-19,51,quantile,0.85,0.0014222615552351753
2026-08-29,wk inc flu prop ed visits,3,2026-09-19,51,quantile,0.9,0.001588599159003828
2026-08-29,wk inc flu prop ed visits,3,2026-09-19,51,quantile,0.95,0.0019828310268038027
2026-08-29,wk inc flu prop ed visits,3,2026-09-19,51,quantile,0.975,0.0026342861379354604
2026-08-29,wk inc flu prop ed visits,3,2026-09-19,51,quantile,0.99,0.003710982156213363
2026-08-29,wk inc flu prop ed visits,-1,2026-08-22,50,quantile,0.01,0
2026-08-29,wk inc flu prop ed visits,-1,2026-08-22,50,quantile,0.025,0
2026-08-29,wk inc flu prop ed visits,-1,2026-08-22,50,quantile,0.05,0
2026-08-29,wk inc flu prop ed visits,-1,2026-08-22,50,quantile,0.1,0
2026-08-29,wk inc flu prop ed visits,-1,2026-08-22,50,quantile,0.15,2.5666666306031198e-5
2026-08-29,wk inc flu prop ed visits,-1,2026-08-22,50,quantile,0.2,5.169230292622856e-5
2026-08-29,wk inc flu prop ed visits,-1,2026-08-22,50,quantile,0.25,8.377082192649433e-5
2026-08-29,wk inc flu prop ed visits,-1,2026-08-22,50,quantile,0.3,1.1179999567568299e-4
2026-08-29,wk inc flu prop ed visits,-1,2026-08-22,50,quantile,0.35,1.3109374706982626e-4
2026-08-29,wk inc flu prop ed visits,-1,2026-08-22,50,quantile,0.4,1.472941143547787e-4
2026-08-29,wk inc flu prop ed visits,-1,2026-08-22,50,quantile,0.45,1.6033331497261914e-4
2026-08-29,wk inc flu prop ed visits,-1,2026-08-22,50,quantile,0.5,1.9999999552964816e-4
2026-08-29,wk inc flu prop ed visits,-1,2026-08-22,50,quantile,0.55,2.3966667608668407e-4
2026-08-29,wk inc flu prop ed visits,-1,2026-08-22,50,quantile,0.6,2.539607786372596e-4
2026-08-29,wk inc flu prop ed visits,-1,2026-08-22,50,quantile,0.65,2.732812441245187e-4
2026-08-29,wk inc flu prop ed visits,-1,2026-08-22,50,quantile,0.7,2.9419999562203884e-4
2026-08-29,wk inc flu prop ed visits,-1,2026-08-22,50,quantile,0.75,3.220625028014182e-4
2026-08-29,wk inc flu prop ed visits,-1,2026-08-22,50,quantile,0.8,3.5138461171434465e-4
2026-08-29,wk inc flu prop ed visits,-1,2026-08-22,50,quantile,0.85,3.813333246899421e-4
2026-08-29,wk inc flu prop ed visits,-1,2026-08-22,50,quantile,0.9,4.2878786931661037e-4
2026-08-29,wk inc flu prop ed visits,-1,2026-08-22,50,quantile,0.95,5.154000026453285e-4
2026-08-29,wk inc flu prop ed visits,-1,2026-08-22,50,quantile,0.975,6.181578843021078e-4
2026-08-29,wk inc flu prop ed visits,-1,2026-08-22,50,quantile,0.99,7.159456194175976e-4
2026-08-29,wk inc flu prop ed visits,0,2026-08-29,50,quantile,0.01,0
2026-08-29,wk inc flu prop ed visits,0,2026-08-29,50,quantile,0.025,1.4098815430593216e-5
2026-08-29,wk inc flu prop ed visits,0,2026-08-29,50,quantile,0.05,5.652583111522584e-5
2026-08-29,wk inc flu prop ed visits,0,2026-08-29,50,quantile,0.1,1.0357394197887882e-4
2026-08-29,wk inc flu prop ed visits,0,2026-08-29,50,quantile,0.15,1.3373871151954242e-4
2026-08-29,wk inc flu prop ed visits,0,2026-08-29,50,quantile,0.2,1.7657239566495355e-4
2026-08-29,wk inc flu prop ed visits,0,2026-08-29,50,quantile,0.25,2.0790379931779593e-4
2026-08-29,wk inc flu prop ed visits,0,2026-08-29,50,quantile,0.3,2.2424702222272118e-4
2026-08-29,wk inc flu prop ed visits,0,2026-08-29,50,quantile,0.35,2.455179874888448e-4
2026-08-29,wk inc flu prop ed visits,0,2026-08-29,50,quantile,0.4,2.652556346514016e-4
2026-08-29,wk inc flu prop ed visits,0,2026-08-29,50,quantile,0.45,2.846473438504081e-4
2026-08-29,wk inc flu prop ed visits,0,2026-08-29,50,quantile,0.5,2.9895617809602064e-4
2026-08-29,wk inc flu prop ed visits,0,2026-08-29,50,quantile,0.55,3.1953979741718944e-4
2026-08-29,wk inc flu prop ed visits,0,2026-08-29,50,quantile,0.6,3.4247508997937206e-4
2026-08-29,wk inc flu prop ed visits,0,2026-08-29,50,quantile,0.65,3.649089538369592e-4
2026-08-29,wk inc flu prop ed visits,0,2026-08-29,50,quantile,0.7,3.875368494389097e-4
2026-08-29,wk inc flu prop ed visits,0,2026-08-29,50,quantile,0.75,4.2851333211927836e-4
2026-08-29,wk inc flu prop ed visits,0,2026-08-29,50,quantile,0.8,4.6330322388378714e-4
2026-08-29,wk inc flu prop ed visits,0,2026-08-29,50,quantile,0.85,5.084405923610984e-4
2026-08-29,wk inc flu prop ed visits,0,2026-08-29,50,quantile,0.9,5.606694974665812e-4
2026-08-29,wk inc flu prop ed visits,0,2026-08-29,50,quantile,0.95,6.589307856061693e-4
2026-08-29,wk inc flu prop ed visits,0,2026-08-29,50,quantile,0.975,8.361123808882084e-4
2026-08-29,wk inc flu prop ed visits,0,2026-08-29,50,quantile,0.99,0.001112572773726051
2026-08-29,wk inc flu prop ed visits,1,2026-09-05,50,quantile,0.01,0
2026-08-29,wk inc flu prop ed visits,1,2026-09-05,50,quantile,0.025,8.392714884339351e-8
2026-08-29,wk inc flu prop ed visits,1,2026-09-05,50,quantile,0.05,2.6474929282897866e-5
2026-08-29,wk inc flu prop ed visits,1,2026-09-05,50,quantile,0.1,7.585479873251266e-5
2026-08-29,wk inc flu prop ed visits,1,2026-09-05,50,quantile,0.15,1.1327057079512155e-4
2026-08-29,wk inc flu prop ed visits,1,2026-09-05,50,quantile,0.2,1.4694886649306788e-4
2026-08-29,wk inc flu prop ed visits,1,2026-09-05,50,quantile,0.25,1.7796249877844188e-4
2026-08-29,wk inc flu prop ed visits,1,2026-09-05,50,quantile,0.3,2.049836742219913e-4
2026-08-29,wk inc flu prop ed visits,1,2026-09-05,50,quantile,0.35,2.2589600745413118e-4
2026-08-29,wk inc flu prop ed visits,1,2026-09-05,50,quantile,0.4,2.475990231080778e-4
2026-08-29,wk inc flu prop ed visits,1,2026-09-05,50,quantile,0.45,2.7649233061920214e-4
2026-08-29,wk inc flu prop ed visits,1,2026-09-05,50,quantile,0.5,2.9994752788929023e-4
2026-08-29,wk inc flu prop ed visits,1,2026-09-05,50,quantile,0.55,3.2922621790138043e-4
2026-08-29,wk inc flu prop ed visits,1,2026-09-05,50,quantile,0.6,3.628740591996208e-4
2026-08-29,wk inc flu prop ed visits,1,2026-09-05,50,quantile,0.65,3.8947125772892784e-4
2026-08-29,wk inc flu prop ed visits,1,2026-09-05,50,quantile,0.7,4.184473826381832e-4
2026-08-29,wk inc flu prop ed visits,1,2026-09-05,50,quantile,0.75,4.6109683550174063e-4
2026-08-29,wk inc flu prop ed visits,1,2026-09-05,50,quantile,0.8,4.913760989383745e-4
2026-08-29,wk inc flu prop ed visits,1,2026-09-05,50,quantile,0.85,5.459406395622418e-4
2026-08-29,wk inc flu prop ed visits,1,2026-09-05,50,quantile,0.9,6.767087177431962e-4
2026-08-29,wk inc flu prop ed visits,1,2026-09-05,50,quantile,0.95,8.244690233091307e-4
2026-08-29,wk inc flu prop ed visits,1,2026-09-05,50,quantile,0.975,0.0010651474448954098
2026-08-29,wk inc flu prop ed visits,1,2026-09-05,50,quantile,0.99,0.0012338741790935753
2026-08-29,wk inc flu prop ed visits,2,2026-09-12,50,quantile,0.01,0
2026-08-29,wk inc flu prop ed visits,2,2026-09-12,50,quantile,0.025,3.2638418819492404e-6
2026-08-29,wk inc flu prop ed visits,2,2026-09-12,50,quantile,0.05,5.143069945969531e-6
2026-08-29,wk inc flu prop ed visits,2,2026-09-12,50,quantile,0.1,5.357389926532874e-5
2026-08-29,wk inc flu prop ed visits,2,2026-09-12,50,quantile,0.15,9.259229856967109e-5
2026-08-29,wk inc flu prop ed visits,2,2026-09-12,50,quantile,0.2,1.4469043863780278e-4
2026-08-29,wk inc flu prop ed visits,2,2026-09-12,50,quantile,0.25,1.682651651413923e-4
2026-08-29,wk inc flu prop ed visits,2,2026-09-12,50,quantile,0.3,1.9632337198397632e-4
2026-08-29,wk inc flu prop ed visits,2,2026-09-12,50,quantile,0.35,2.2510767746526677e-4
2026-08-29,wk inc flu prop ed visits,2,2026-09-12,50,quantile,0.4,2.5211929241212205e-4
2026-08-29,wk inc flu prop ed visits,2,2026-09-12,50,quantile,0.45,2.7978043798257375e-4
2026-08-29,wk inc flu prop ed visits,2,2026-09-12,50,quantile,0.5,3.079702813064028e-4
2026-08-29,wk inc flu prop ed visits,2,2026-09-12,50,quantile,0.55,3.45819773268582e-4
2026-08-29,wk inc flu prop ed visits,2,2026-09-12,50,quantile,0.6,3.827549861410214e-4
2026-08-29,wk inc flu prop ed visits,2,2026-09-12,50,quantile,0.65,4.0830354434930716e-4
2026-08-29,wk inc flu prop ed visits,2,2026-09-12,50,quantile,0.7,4.4109687018025417e-4
2026-08-29,wk inc flu prop ed visits,2,2026-09-12,50,quantile,0.75,4.958200270364429e-4
2026-08-29,wk inc flu prop ed visits,2,2026-09-12,50,quantile,0.8,5.374225023253335e-4
2026-08-29,wk inc flu prop ed visits,2,2026-09-12,50,quantile,0.85,6.108365205628345e-4
2026-08-29,wk inc flu prop ed visits,2,2026-09-12,50,quantile,0.9,7.322629591669402e-4
2026-08-29,wk inc flu prop ed visits,2,2026-09-12,50,quantile,0.95,9.833379470534714e-4
2026-08-29,wk inc flu prop ed visits,2,2026-09-12,50,quantile,0.975,0.001278341673739405
2026-08-29,wk inc flu prop ed visits,2,2026-09-12,50,quantile,0.99,0.0017313670533779992
2026-08-29,wk inc flu prop ed visits,3,2026-09-19,50,quantile,0.01,0
2026-08-29,wk inc flu prop ed visits,3,2026-09-19,50,quantile,0.025,0
2026-08-29,wk inc flu prop ed visits,3,2026-09-19,50,quantile,0.05,0
2026-08-29,wk inc flu prop ed visits,3,2026-09-19,50,quantile,0.1,3.551622109566001e-5
2026-08-29,wk inc flu prop ed visits,3,2026-09-19,50,quantile,0.15,7.082768569683501e-5
2026-08-29,wk inc flu prop ed visits,3,2026-09-19,50,quantile,0.2,1.0751471166027372e-4
2026-08-29,wk inc flu prop ed visits,3,2026-09-19,50,quantile,0.25,1.3893711235530323e-4
2026-08-29,wk inc flu prop ed visits,3,2026-09-19,50,quantile,0.3,1.6665484530930012e-4
2026-08-29,wk inc flu prop ed visits,3,2026-09-19,50,quantile,0.35,1.9707416610077004e-4
2026-08-29,wk inc flu prop ed visits,3,2026-09-19,50,quantile,0.4,2.237448753616654e-4
2026-08-29,wk inc flu prop ed visits,3,2026-09-19,50,quantile,0.45,2.5888021588942197e-4
2026-08-29,wk inc flu prop ed visits,3,2026-09-19,50,quantile,0.5,2.887739591536229e-4
2026-08-29,wk inc flu prop ed visits,3,2026-09-19,50,quantile,0.55,3.2575350409978847e-4
2026-08-29,wk inc flu prop ed visits,3,2026-09-19,50,quantile,0.6,3.6592436838689445e-4
2026-08-29,wk inc flu prop ed visits,3,2026-09-19,50,quantile,0.65,4.1285546386427685e-4
2026-08-29,wk inc flu prop ed visits,3,2026-09-19,50,quantile,0.7,4.7716534109683534e-4
2026-08-29,wk inc flu prop ed visits,3,2026-09-19,50,quantile,0.75,5.448663314351238e-4
2026-08-29,wk inc flu prop ed visits,3,2026-09-19,50,quantile,0.8,6.311215438490315e-4
2026-08-29,wk inc flu prop ed visits,3,2026-09-19,50,quantile,0.85,7.2956828029595e-4
2026-08-29,wk inc flu prop ed visits,3,2026-09-19,50,quantile,0.9,8.868363571426408e-4
2026-08-29,wk inc flu prop ed visits,3,2026-09-19,50,quantile,0.95,0.0012376044814483944
2026-08-29,wk inc flu prop ed visits,3,2026-09-19,50,quantile,0.975,0.0016145568461588045
2026-08-29,wk inc flu prop ed visits,3,2026-09-19,50,quantile,0.99,0.002064459287241541
2026-08-29,wk inc flu prop ed visits,-1,2026-08-22,53,quantile,0.01,8.776413399321229e-4
2026-08-29,wk inc flu prop ed visits,-1,2026-08-22,53,quantile,0.025,9.757894868717381e-4
2026-08-29,wk inc flu prop ed visits,-1,2026-08-22,53,quantile,0.05,0.0010757999994512647
2026-08-29,wk inc flu prop ed visits,-1,2026-08-22,53,quantile,0.1,0.0011581818287006833
2026-08-29,wk inc flu prop ed visits,-1,2026-08-22,53,quantile,0.15,0.0012074166763531393
2026-08-29,wk inc flu prop ed visits,-1,2026-08-22,53,quantile,0.2,0.0012393846201782042
2026-08-29,wk inc flu prop ed visits,-1,2026-08-22,53,quantile,0.25,0.0012704374983906746
2026-08-29,wk inc flu prop ed visits,-1,2026-08-22,53,quantile,0.3,0.0012998000056296585
2026-08-29,wk inc flu prop ed visits,-1,2026-08-22,53,quantile,0.35,0.0013217187571281104
2026-08-29,wk inc flu prop ed visits,-1,2026-08-22,53,quantile,0.4,0.0013407843208780477
2026-08-29,wk inc flu prop ed visits,-1,2026-08-22,53,quantile,0.45,0.0013561666589851182
2026-08-29,wk inc flu prop ed visits,-1,2026-08-22,53,quantile,0.5,0.0013973684271699472
2026-08-29,wk inc flu prop ed visits,-1,2026-08-22,53,quantile,0.55,0.0014355000200991833
2026-08-29,wk inc flu prop ed visits,-1,2026-08-22,53,quantile,0.6,0.0014468235345447764
2026-08-29,wk inc flu prop ed visits,-1,2026-08-22,53,quantile,0.65,0.001461093754885951
2026-08-29,wk inc flu prop ed visits,-1,2026-08-22,53,quantile,0.7,0.0014802000059932472
2026-08-29,wk inc flu prop ed visits,-1,2026-08-22,53,quantile,0.75,0.001504562513157725
2026-08-29,wk inc flu prop ed visits,-1,2026-08-22,53,quantile,0.8,0.0015298461605149965
2026-08-29,wk inc flu prop ed visits,-1,2026-08-22,53,quantile,0.85,0.0015550833350089959
2026-08-29,wk inc flu prop ed visits,-1,2026-08-22,53,quantile,0.9,0.0016100000012665985
2026-08-29,wk inc flu prop ed visits,-1,2026-08-22,53,quantile,0.95,0.0016879000110272316
2026-08-29,wk inc flu prop ed visits,-1,2026-08-22,53,quantile,0.975,0.0017878947318776656
2026-08-29,wk inc flu prop ed visits,-1,2026-08-22,53,quantile,0.99,0.0018838804072012075
2026-08-29,wk inc flu prop ed visits,0,2026-08-29,53,quantile,0.01,4.7975437573143467e-4
2026-08-29,wk inc flu prop ed visits,0,2026-08-29,53,quantile,0.025,5.882499047171165e-4
2026-08-29,wk inc flu prop ed visits,0,2026-08-29,53,quantile,0.05,6.909057168437437e-4
2026-08-29,wk inc flu prop ed visits,0,2026-08-29,53,quantile,0.1,8.445904007094357e-4
2026-08-29,wk inc flu prop ed visits,0,2026-08-29,53,quantile,0.15,9.613593437639194e-4
2026-08-29,wk inc flu prop ed visits,0,2026-08-29,53,quantile,0.2,0.0010139313151802027
2026-08-29,wk inc flu prop ed visits,0,2026-08-29,53,quantile,0.25,0.001070619983446704
2026-08-29,wk inc flu prop ed visits,0,2026-08-29,53,quantile,0.3,0.0011178180945956898
2026-08-29,wk inc flu prop ed visits,0,2026-08-29,53,quantile,0.35,0.0011596073024188014
2026-08-29,wk inc flu prop ed visits,0,2026-08-29,53,quantile,0.4,0.0011922749873955944
2026-08-29,wk inc flu prop ed visits,0,2026-08-29,53,quantile,0.45,0.0012337858733962401
2026-08-29,wk inc flu prop ed visits,0,2026-08-29,53,quantile,0.5,0.0012707352612638648
2026-08-29,wk inc flu prop ed visits,0,2026-08-29,53,quantile,0.55,0.0013030393392017873
2026-08-29,wk inc flu prop ed visits,0,2026-08-29,53,quantile,0.6,0.0013540620702212553
2026-08-29,wk inc flu prop ed visits,0,2026-08-29,53,quantile,0.65,0.0013944610005915215
2026-08-29,wk inc flu prop ed visits,0,2026-08-29,53,quantile,0.7,0.001431986353094755
2026-08-29,wk inc flu prop ed visits,0,2026-08-29,53,quantile,0.75,0.0014673943721258769
2026-08-29,wk inc flu prop ed visits,0,2026-08-29,53,quantile,0.8,0.0015278470702264435
2026-08-29,wk inc flu prop ed visits,0,2026-08-29,53,quantile,0.85,0.0016117939494991154
2026-08-29,wk inc flu prop ed visits,0,2026-08-29,53,quantile,0.9,0.0017561735883174234
2026-08-29,wk inc flu prop ed visits,0,2026-08-29,53,quantile,0.95,0.0019859443427043943
2026-08-29,wk inc flu prop ed visits,0,2026-08-29,53,quantile,0.975,0.0021679072714393304
2026-08-29,wk inc flu prop ed visits,0,2026-08-29,53,quantile,0.99,0.002441666107467122
2026-08-29,wk inc flu prop ed visits,1,2026-09-05,53,quantile,0.01,4.195762721353289e-4
2026-08-29,wk inc flu prop ed visits,1,2026-09-05,53,quantile,0.025,5.661116375981362e-4
2026-08-29,wk inc flu prop ed visits,1,2026-09-05,53,quantile,0.05,6.67203015529158e-4
2026-08-29,wk inc flu prop ed visits,1,2026-09-05,53,quantile,0.1,8.234079015751878e-4
2026-08-29,wk inc flu prop ed visits,1,2026-09-05,53,quantile,0.15,9.216824373416996e-4
2026-08-29,wk inc flu prop ed visits,1,2026-09-05,53,quantile,0.2,9.900530976093345e-4
2026-08-29,wk inc flu prop ed visits,1,2026-09-05,53,quantile,0.25,0.0010493852277140418
2026-08-29,wk inc flu prop ed visits,1,2026-09-05,53,quantile,0.3,0.0010935070919892375
2026-08-29,wk inc flu prop ed visits,1,2026-09-05,53,quantile,0.35,0.0011529172144100581
2026-08-29,wk inc flu prop ed visits,1,2026-09-05,53,quantile,0.4,0.00120931846516307
2026-08-29,wk inc flu prop ed visits,1,2026-09-05,53,quantile,0.45,0.0012513690805749178
2026-08-29,wk inc flu prop ed visits,1,2026-09-05,53,quantile,0.5,0.0013026164493320578
2026-08-29,wk inc flu prop ed visits,1,2026-09-05,53,quantile,0.55,0.0013399314745279917
2026-08-29,wk inc flu prop ed visits,1,2026-09-05,53,quantile,0.6,0.001389212056380858
2026-08-29,wk inc flu prop ed visits,1,2026-09-05,53,quantile,0.65,0.0014261907359412432
2026-08-29,wk inc flu prop ed visits,1,2026-09-05,53,quantile,0.7,0.0014842051978738529
2026-08-29,wk inc flu prop ed visits,1,2026-09-05,53,quantile,0.75,0.0015692737509966992
2026-08-29,wk inc flu prop ed visits,1,2026-09-05,53,quantile,0.8,0.0016524151412817534
2026-08-29,wk inc flu prop ed visits,1,2026-09-05,53,quantile,0.85,0.0017334625446637515
2026-08-29,wk inc flu prop ed visits,1,2026-09-05,53,quantile,0.9,0.0018460895761579612
2026-08-29,wk inc flu prop ed visits,1,2026-09-05,53,quantile,0.95,0.002140597958620485
2026-08-29,wk inc flu prop ed visits,1,2026-09-05,53,quantile,0.975,0.0024491231845838323
2026-08-29,wk inc flu prop ed visits,1,2026-09-05,53,quantile,0.99,0.002937290779851686
2026-08-29,wk inc flu prop ed visits,2,2026-09-12,53,quantile,0.01,3.7580961257776874e-4
2026-08-29,wk inc flu prop ed visits,2,2026-09-12,53,quantile,0.025,5.322571167581751e-4
2026-08-29,wk inc flu prop ed visits,2,2026-09-12,53,quantile,0.05,6.804632986015693e-4
2026-08-29,wk inc flu prop ed visits,2,2026-09-12,53,quantile,0.1,8.380241517369825e-4
2026-08-29,wk inc flu prop ed visits,2,2026-09-12,53,quantile,0.15,9.454805904403043e-4
2026-08-29,wk inc flu prop ed visits,2,2026-09-12,53,quantile,0.2,9.994168825217017e-4
2026-08-29,wk inc flu prop ed visits,2,2026-09-12,53,quantile,0.25,0.0010718052700126194
2026-08-29,wk inc flu prop ed visits,2,2026-09-12,53,quantile,0.3,0.0011296799715118813
2026-08-29,wk inc flu prop ed visits,2,2026-09-12,53,quantile,0.35,0.0011743181967920375
2026-08-29,wk inc flu prop ed visits,2,2026-09-12,53,quantile,0.4,0.0012273407257651018
2026-08-29,wk inc flu prop ed visits,2,2026-09-12,53,quantile,0.45,0.0012661321228635968
2026-08-29,wk inc flu prop ed visits,2,2026-09-12,53,quantile,0.5,0.0013231493483236753
2026-08-29,wk inc flu prop ed visits,2,2026-09-12,53,quantile,0.55,0.001361353245810198
2026-08-29,wk inc flu prop ed visits,2,2026-09-12,53,quantile,0.6,0.0014126707369763194
2026-08-29,wk inc flu prop ed visits,2,2026-09-12,53,quantile,0.65,0.0014862314816111444
2026-08-29,wk inc flu prop ed visits,2,2026-09-12,53,quantile,0.7,0.0015567085158662932
2026-08-29,wk inc flu prop ed visits,2,2026-09-12,53,quantile,0.75,0.0016343071970080067
2026-08-29,wk inc flu prop ed visits,2,2026-09-12,53,quantile,0.8,0.0017380004478823625
2026-08-29,wk inc flu prop ed visits,2,2026-09-12,53,quantile,0.85,0.0018330399556809826
2026-08-29,wk inc flu prop ed visits,2,2026-09-12,53,quantile,0.9,0.001972520511088458
2026-08-29,wk inc flu prop ed visits,2,2026-09-12,53,quantile,0.95,0.00230853464940125
2026-08-29,wk inc flu prop ed visits,2,2026-09-12,53,quantile,0.975,0.0027184594402818564
2026-08-29,wk inc flu prop ed visits,2,2026-09-12,53,quantile,0.99,0.0036177731468449333
2026-08-29,wk inc flu prop ed visits,3,2026-09-19,53,quantile,0.01,3.399123339202136e-4
2026-08-29,wk inc flu prop ed visits,3,2026-09-19,53,quantile,0.025,5.109161031711241e-4
2026-08-29,wk inc flu prop ed visits,3,2026-09-19,53,quantile,0.05,6.440983403450583e-4
2026-08-29,wk inc flu prop ed visits,3,2026-09-19,53,quantile,0.1,8.189000552944717e-4
2026-08-29,wk inc flu prop ed visits,3,2026-09-19,53,quantile,0.15,9.496045724182924e-4
2026-08-29,wk inc flu prop ed visits,3,2026-09-19,53,quantile,0.2,0.0010299358099740991
2026-08-29,wk inc flu prop ed visits,3,2026-09-19,53,quantile,0.25,0.0011120374860341738
2026-08-29,wk inc flu prop ed visits,3,2026-09-19,53,quantile,0.3,0.001178841796584294
2026-08-29,wk inc flu prop ed visits,3,2026-09-19,53,quantile,0.35,0.0012420598253486967
2026-08-29,wk inc flu prop ed visits,3,2026-09-19,53,quantile,0.4,0.0013008880998280454
2026-08-29,wk inc flu prop ed visits,3,2026-09-19,53,quantile,0.45,0.0013685486523627147
2026-08-29,wk inc flu prop ed visits,3,2026-09-19,53,quantile,0.5,0.0014232049367597453
2026-08-29,wk inc flu prop ed visits,3,2026-09-19,53,quantile,0.55,0.0014890714733735153
2026-08-29,wk inc flu prop ed visits,3,2026-09-19,53,quantile,0.6,0.001572015477485573
2026-08-29,wk inc flu prop ed visits,3,2026-09-19,53,quantile,0.65,0.0016385369786789147
2026-08-29,wk inc flu prop ed visits,3,2026-09-19,53,quantile,0.7,0.0016841122229454407
2026-08-29,wk inc flu prop ed visits,3,2026-09-19,53,quantile,0.75,0.0017679983986748568
2026-08-29,wk inc flu prop ed visits,3,2026-09-19,53,quantile,0.8,0.0018538214107059212
2026-08-29,wk inc flu prop ed visits,3,2026-09-19,53,quantile,0.85,0.001990603324160674
2026-08-29,wk inc flu prop ed visits,3,2026-09-19,53,quantile,0.9,0.0021743834368694597
2026-08-29,wk inc flu prop ed visits,3,2026-09-19,53,quantile,0.95,0.002658242502687322
2026-08-29,wk inc flu prop ed visits,3,2026-09-19,53,quantile,0.975,0.003498275707674513
2026-08-29,wk inc flu prop ed visits,3,2026-09-19,53,quantile,0.99,0.004987146056376625
2026-08-29,wk inc flu prop ed visits,-1,2026-08-22,55,quantile,0.01,6.052631443660507e-6
2026-08-29,wk inc flu prop ed visits,-1,2026-08-22,55,quantile,0.025,6.413043334918174e-6
2026-08-29,wk inc flu prop ed visits,-1,2026-08-22,55,quantile,0.05,1.0329998536966748e-4
2026-08-29,wk inc flu prop ed visits,-1,2026-08-22,55,quantile,0.1,1.809090868654576e-4
2026-08-29,wk inc flu prop ed visits,-1,2026-08-22,55,quantile,0.15,2.294166617518638e-4
2026-08-29,wk inc flu prop ed visits,-1,2026-08-22,55,quantile,0.2,2.5476922146402866e-4
2026-08-29,wk inc flu prop ed visits,-1,2026-08-22,55,quantile,0.25,2.8293748414143905e-4
2026-08-29,wk inc flu prop ed visits,-1,2026-08-22,55,quantile,0.3,3.0979999125003814e-4
2026-08-29,wk inc flu prop ed visits,-1,2026-08-22,55,quantile,0.35,3.2953124263440246e-4
2026-08-29,wk inc flu prop ed visits,-1,2026-08-22,55,quantile,0.4,3.461176393224913e-4
2026-08-29,wk inc flu prop ed visits,-1,2026-08-22,55,quantile,0.45,3.59499977187564e-4
2026-08-29,wk inc flu prop ed visits,-1,2026-08-22,55,quantile,0.5,3.9947367528159026e-4
2026-08-29,wk inc flu prop ed visits,-1,2026-08-22,55,quantile,0.55,4.3905556051888406e-4
2026-08-29,wk inc flu prop ed visits,-1,2026-08-22,55,quantile,0.6,4.5270587223417624e-4
2026-08-29,wk inc flu prop ed visits,-1,2026-08-22,55,quantile,0.65,4.6890623951912865e-4
2026-08-29,wk inc flu prop ed visits,-1,2026-08-22,55,quantile,0.7,4.881999909132718e-4
2026-08-29,wk inc flu prop ed visits,-1,2026-08-22,55,quantile,0.75,5.145624980330466e-4
2026-08-29,wk inc flu prop ed visits,-1,2026-08-22,55,quantile,0.8,5.439999917951914e-4
2026-08-29,wk inc flu prop ed visits,-1,2026-08-22,55,quantile,0.85,5.705833210652346e-4
2026-08-29,wk inc flu prop ed visits,-1,2026-08-22,55,quantile,0.9,6.145454416559501e-4
2026-08-29,wk inc flu prop ed visits,-1,2026-08-22,55,quantile,0.95,6.933999978471545e-4
2026-08-29,wk inc flu prop ed visits,-1,2026-08-22,55,quantile,0.975,7.939473518023364e-4
2026-08-29,wk inc flu prop ed visits,-1,2026-08-22,55,quantile,0.99,8.902934392185316e-4
2026-08-29,wk inc flu prop ed visits,0,2026-08-29,55,quantile,0.01,3.869591411223769e-5
2026-08-29,wk inc flu prop ed visits,0,2026-08-29,55,quantile,0.025,8.8404666703183e-5
2026-08-29,wk inc flu prop ed visits,0,2026-08-29,55,quantile,0.05,1.3756674284389235e-4
2026-08-29,wk inc flu prop ed visits,0,2026-08-29,55,quantile,0.1,1.9783961786998212e-4
2026-08-29,wk inc flu prop ed visits,0,2026-08-29,55,quantile,0.15,2.4352467217722215e-4
2026-08-29,wk inc flu prop ed visits,0,2026-08-29,55,quantile,0.2,2.8304197002149823e-4
2026-08-29,wk inc flu prop ed visits,0,2026-08-29,55,quantile,0.25,3.133665769303988e-4
2026-08-29,wk inc flu prop ed visits,0,2026-08-29,55,quantile,0.3,3.3540031065608893e-4
2026-08-29,wk inc flu prop ed visits,0,2026-08-29,55,quantile,0.35,3.562564571376265e-4
2026-08-29,wk inc flu prop ed visits,0,2026-08-29,55,quantile,0.4,3.733148028211618e-4
2026-08-29,wk inc flu prop ed visits,0,2026-08-29,55,quantile,0.45,3.9271010276863464e-4
2026-08-29,wk inc flu prop ed visits,0,2026-08-29,55,quantile,0.5,4.0843257015350966e-4
2026-08-29,wk inc flu prop ed visits,0,2026-08-29,55,quantile,0.55,4.2947042752018065e-4
2026-08-29,wk inc flu prop ed visits,0,2026-08-29,55,quantile,0.6,4.5610157554634316e-4
2026-08-29,wk inc flu prop ed visits,0,2026-08-29,55,quantile,0.65,4.7397936690174924e-4
2026-08-29,wk inc flu prop ed visits,0,2026-08-29,55,quantile,0.7,4.981261372804494e-4
2026-08-29,wk inc flu prop ed visits,0,2026-08-29,55,quantile,0.75,5.291349296442387e-4
2026-08-29,wk inc flu prop ed visits,0,2026-08-29,55,quantile,0.8,5.670061568905452e-4
2026-08-29,wk inc flu prop ed visits,0,2026-08-29,55,quantile,0.85,6.098391493498954e-4
2026-08-29,wk inc flu prop ed visits,0,2026-08-29,55,quantile,0.9,6.86846615667226e-4
2026-08-29,wk inc flu prop ed visits,0,2026-08-29,55,quantile,0.95,8.098652772256811e-4
2026-08-29,wk inc flu prop ed visits,0,2026-08-29,55,quantile,0.975,9.524757344955694e-4
2026-08-29,wk inc flu prop ed visits,0,2026-08-29,55,quantile,0.99,0.0011653327355473054
2026-08-29,wk inc flu prop ed visits,1,2026-09-05,55,quantile,0.01,4.904576691052499e-9
2026-08-29,wk inc flu prop ed visits,1,2026-09-05,55,quantile,0.025,6.86941572057653e-5
2026-08-29,wk inc flu prop ed visits,1,2026-09-05,55,quantile,0.05,1.174101667522395e-4
2026-08-29,wk inc flu prop ed visits,1,2026-09-05,55,quantile,0.1,1.8207194916600823e-4
2026-08-29,wk inc flu prop ed visits,1,2026-09-05,55,quantile,0.15,2.2540464280665302e-4
2026-08-29,wk inc flu prop ed visits,1,2026-09-05,55,quantile,0.2,2.6033748568134716e-4
2026-08-29,wk inc flu prop ed visits,1,2026-09-05,55,quantile,0.25,2.930713437167035e-4
2026-08-29,wk inc flu prop ed visits,1,2026-09-05,55,quantile,0.3,3.214959188925929e-4
2026-08-29,wk inc flu prop ed visits,1,2026-09-05,55,quantile,0.35,3.496258381746719e-4
2026-08-29,wk inc flu prop ed visits,1,2026-09-05,55,quantile,0.4,3.758879849418176e-4
2026-08-29,wk inc flu prop ed visits,1,2026-09-05,55,quantile,0.45,4.0076253530490347e-4
2026-08-29,wk inc flu prop ed visits,1,2026-09-05,55,quantile,0.5,4.255660959088304e-4
2026-08-29,wk inc flu prop ed visits,1,2026-09-05,55,quantile,0.55,4.5123515135369414e-4
2026-08-29,wk inc flu prop ed visits,1,2026-09-05,55,quantile,0.6,4.7911635057206354e-4
2026-08-29,wk inc flu prop ed visits,1,2026-09-05,55,quantile,0.65,5.017956824139358e-4
2026-08-29,wk inc flu prop ed visits,1,2026-09-05,55,quantile,0.7,5.318294281398031e-4
2026-08-29,wk inc flu prop ed visits,1,2026-09-05,55,quantile,0.75,5.773737139879142e-4
2026-08-29,wk inc flu prop ed visits,1,2026-09-05,55,quantile,0.8,6.196711443484309e-4
2026-08-29,wk inc flu prop ed visits,1,2026-09-05,55,quantile,0.85,6.735734170532416e-4
2026-08-29,wk inc flu prop ed visits,1,2026-09-05,55,quantile,0.9,7.692475434944997e-4
2026-08-29,wk inc flu prop ed visits,1,2026-09-05,55,quantile,0.95,9.321967084483945e-4
2026-08-29,wk inc flu prop ed visits,1,2026-09-05,55,quantile,0.975,0.0011429324996394673
2026-08-29,wk inc flu prop ed visits,1,2026-09-05,55,quantile,0.99,0.0013622941365679204
2026-08-29,wk inc flu prop ed visits,2,2026-09-12,55,quantile,0.01,1.2964716558033908e-8
2026-08-29,wk inc flu prop ed visits,2,2026-09-12,55,quantile,0.025,3.800055667215659e-5
2026-08-29,wk inc flu prop ed visits,2,2026-09-12,55,quantile,0.05,9.576090098268061e-5
2026-08-29,wk inc flu prop ed visits,2,2026-09-12,55,quantile,0.1,1.6434289127449295e-4
2026-08-29,wk inc flu prop ed visits,2,2026-09-12,55,quantile,0.15,2.1642339253380997e-4
2026-08-29,wk inc flu prop ed visits,2,2026-09-12,55,quantile,0.2,2.612078369102257e-4
2026-08-29,wk inc flu prop ed visits,2,2026-09-12,55,quantile,0.25,2.9493754120940146e-4
2026-08-29,wk inc flu prop ed visits,2,2026-09-12,55,quantile,0.3,3.2681099595928826e-4
2026-08-29,wk inc flu prop ed visits,2,2026-09-12,55,quantile,0.35,3.535369095081658e-4
2026-08-29,wk inc flu prop ed visits,2,2026-09-12,55,quantile,0.4,3.8163424457922905e-4
2026-08-29,wk inc flu prop ed visits,2,2026-09-12,55,quantile,0.45,4.050222225652065e-4
2026-08-29,wk inc flu prop ed visits,2,2026-09-12,55,quantile,0.5,4.3359665062295743e-4
2026-08-29,wk inc flu prop ed visits,2,2026-09-12,55,quantile,0.55,4.6368718006268255e-4
2026-08-29,wk inc flu prop ed visits,2,2026-09-12,55,quantile,0.6,4.928061025980786e-4
2026-08-29,wk inc flu prop ed visits,2,2026-09-12,55,quantile,0.65,5.276586307040982e-4
2026-08-29,wk inc flu prop ed visits,2,2026-09-12,55,quantile,0.7,5.672117529121667e-4
2026-08-29,wk inc flu prop ed visits,2,2026-09-12,55,quantile,0.75,6.199880379287841e-4
2026-08-29,wk inc flu prop ed visits,2,2026-09-12,55,quantile,0.8,6.719237802774361e-4
2026-08-29,wk inc flu prop ed visits,2,2026-09-12,55,quantile,0.85,7.407639290830648e-4
2026-08-29,wk inc flu prop ed visits,2,2026-09-12,55,quantile,0.9,8.497588321537364e-4
2026-08-29,wk inc flu prop ed visits,2,2026-09-12,55,quantile,0.95,0.001082095720559922
2026-08-29,wk inc flu prop ed visits,2,2026-09-12,55,quantile,0.975,0.0013708251454830724
2026-08-29,wk inc flu prop ed visits,2,2026-09-12,55,quantile,0.99,0.0018965944703336025
2026-08-29,wk inc flu prop ed visits,3,2026-09-19,55,quantile,0.01,1.9227955345923406e-8
2026-08-29,wk inc flu prop ed visits,3,2026-09-19,55,quantile,0.025,2.081259528322595e-5
2026-08-29,wk inc flu prop ed visits,3,2026-09-19,55,quantile,0.05,7.629322264796106e-5
2026-08-29,wk inc flu prop ed visits,3,2026-09-19,55,quantile,0.1,1.518349502152829e-4
2026-08-29,wk inc flu prop ed visits,3,2026-09-19,55,quantile,0.15,2.0260316902482526e-4
2026-08-29,wk inc flu prop ed visits,3,2026-09-19,55,quantile,0.2,2.432505153565249e-4
2026-08-29,wk inc flu prop ed visits,3,2026-09-19,55,quantile,0.25,0.00028199937612279346
2026-08-29,wk inc flu prop ed visits,3,2026-09-19,55,quantile,0.3,3.1746445965505685e-4
2026-08-29,wk inc flu prop ed visits,3,2026-09-19,55,quantile,0.35,3.5153540426072514e-4
2026-08-29,wk inc flu prop ed visits,3,2026-09-19,55,quantile,0.4,3.848490489396165e-4
2026-08-29,wk inc flu prop ed visits,3,2026-09-19,55,quantile,0.45,4.247827866955638e-4
2026-08-29,wk inc flu prop ed visits,3,2026-09-19,55,quantile,0.5,4.576396865243701e-4
2026-08-29,wk inc flu prop ed visits,3,2026-09-19,55,quantile,0.55,4.960555275524043e-4
2026-08-29,wk inc flu prop ed visits,3,2026-09-19,55,quantile,0.6,5.391281460024789e-4
2026-08-29,wk inc flu prop ed visits,3,2026-09-19,55,quantile,0.65,5.836095211034483e-4
2026-08-29,wk inc flu prop ed visits,3,2026-09-19,55,quantile,0.7,6.271881041037363e-4
2026-08-29,wk inc flu prop ed visits,3,2026-09-19,55,quantile,0.75,6.897884077704839e-4
2026-08-29,wk inc flu prop ed visits,3,2026-09-19,55,quantile,0.8,7.621493092853181e-4
2026-08-29,wk inc flu prop ed visits,3,2026-09-19,55,quantile,0.85,8.569796418491102e-4
2026-08-29,wk inc flu prop ed visits,3,2026-09-19,55,quantile,0.9,9.80486836698187e-4
2026-08-29,wk inc flu prop ed visits,3,2026-09-19,55,quantile,0.95,0.0013247094393751806
2026-08-29,wk inc flu prop ed visits,3,2026-09-19,55,quantile,0.975,0.0017907547481117747
2026-08-29,wk inc flu prop ed visits,3,2026-09-19,55,quantile,0.99,0.0025289845956236495
2026-08-29,wk inc flu prop ed visits,-1,2026-08-22,54,quantile,0.01,6.052631443660507e-6
2026-08-29,wk inc flu prop ed visits,-1,2026-08-22,54,quantile,0.025,6.413043334918174e-6
2026-08-29,wk inc flu prop ed visits,-1,2026-08-22,54,quantile,0.05,8.799999803304669e-6
2026-08-29,wk inc flu prop ed visits,-1,2026-08-22,54,quantile,0.1,8.545454354448744e-5
2026-08-29,wk inc flu prop ed visits,-1,2026-08-22,54,quantile,0.15,1.3316666390321893e-4
2026-08-29,wk inc flu prop ed visits,-1,2026-08-22,54,quantile,0.2,1.5784614670735132e-4
2026-08-29,wk inc flu prop ed visits,-1,2026-08-22,54,quantile,0.25,1.8543748632073387e-4
2026-08-29,wk inc flu prop ed visits,-1,2026-08-22,54,quantile,0.3,2.1179999344050877e-4
2026-08-29,wk inc flu prop ed visits,-1,2026-08-22,54,quantile,0.35,2.3265624479972745e-4
2026-08-29,wk inc flu prop ed visits,-1,2026-08-22,54,quantile,0.4,2.484705826815436e-4
2026-08-29,wk inc flu prop ed visits,-1,2026-08-22,54,quantile,0.45,2.6116664605215184e-4
2026-08-29,wk inc flu prop ed visits,-1,2026-08-22,54,quantile,0.5,3.005263090721836e-4
2026-08-29,wk inc flu prop ed visits,-1,2026-08-22,54,quantile,0.55,3.415555628120071e-4
2026-08-29,wk inc flu prop ed visits,-1,2026-08-22,54,quantile,0.6,3.562352861551677e-4
2026-08-29,wk inc flu prop ed visits,-1,2026-08-22,54,quantile,0.65,3.748437418544199e-4
2026-08-29,wk inc flu prop ed visits,-1,2026-08-22,54,quantile,0.7,3.961999933421611e-4
2026-08-29,wk inc flu prop ed visits,-1,2026-08-22,54,quantile,0.75,4.253958336698511e-4
2026-08-29,wk inc flu prop ed visits,-1,2026-08-22,54,quantile,0.8,4.5753845492234595e-4
2026-08-29,wk inc flu prop ed visits,-1,2026-08-22,54,quantile,0.85,4.8558332226664066e-4
2026-08-29,wk inc flu prop ed visits,-1,2026-08-22,54,quantile,0.9,5.333333217510671e-4
2026-08-29,wk inc flu prop ed visits,-1,2026-08-22,54,quantile,0.95,6.209000006970016e-4
2026-08-29,wk inc flu prop ed visits,-1,2026-08-22,54,quantile,0.975,7.242105112558133e-4
2026-08-29,wk inc flu prop ed visits,-1,2026-08-22,54,quantile,0.99,8.223586581282965e-4
2026-08-29,wk inc flu prop ed visits,0,2026-08-29,54,quantile,0.01,4.961826915055691e-5
2026-08-29,wk inc flu prop ed visits,0,2026-08-29,54,quantile,0.025,1.065603126843971e-4
2026-08-29,wk inc flu prop ed visits,0,2026-08-29,54,quantile,0.05,1.6255790930766887e-4
2026-08-29,wk inc flu prop ed visits,0,2026-08-29,54,quantile,0.1,2.1953654763422512e-4
2026-08-29,wk inc flu prop ed visits,0,2026-08-29,54,quantile,0.15,2.5084978866884744e-4
2026-08-29,wk inc flu prop ed visits,0,2026-08-29,54,quantile,0.2,3.0099247333324926e-4
2026-08-29,wk inc flu prop ed visits,0,2026-08-29,54,quantile,0.25,3.3081002642595134e-4
2026-08-29,wk inc flu prop ed visits,0,2026-08-29,54,quantile,0.3,3.5001329235005366e-4
2026-08-29,wk inc flu prop ed visits,0,2026-08-29,54,quantile,0.35,3.692305988141685e-4
2026-08-29,wk inc flu prop ed visits,0,2026-08-29,54,quantile,0.4,3.9192140001135313e-4
2026-08-29,wk inc flu prop ed visits,0,2026-08-29,54,quantile,0.45,4.09040463192e-4
2026-08-29,wk inc flu prop ed visits,0,2026-08-29,54,quantile,0.5,4.293214228256489e-4
2026-08-29,wk inc flu prop ed visits,0,2026-08-29,54,quantile,0.55,4.551729845622011e-4
2026-08-29,wk inc flu prop ed visits,0,2026-08-29,54,quantile,0.6,4.7721415879171914e-4
2026-08-29,wk inc flu prop ed visits,0,2026-08-29,54,quantile,0.65,4.964266453457046e-4
2026-08-29,wk inc flu prop ed visits,0,2026-08-29,54,quantile,0.7,5.264231870277798e-4
2026-08-29,wk inc flu prop ed visits,0,2026-08-29,54,quantile,0.75,5.68043439501235e-4
2026-08-29,wk inc flu prop ed visits,0,2026-08-29,54,quantile,0.8,6.134129042567742e-4
2026-08-29,wk inc flu prop ed visits,0,2026-08-29,54,quantile,0.85,6.679354603638498e-4
2026-08-29,wk inc flu prop ed visits,0,2026-08-29,54,quantile,0.9,7.465233517522523e-4
2026-08-29,wk inc flu prop ed visits,0,2026-08-29,54,quantile,0.95,8.916469053840186e-4
2026-08-29,wk inc flu prop ed visits,0,2026-08-29,54,quantile,0.975,0.001099205815684824
2026-08-29,wk inc flu prop ed visits,0,2026-08-29,54,quantile,0.99,0.001419965875526366
2026-08-29,wk inc flu prop ed visits,1,2026-09-05,54,quantile,0.01,6.6937964535805995e-6
2026-08-29,wk inc flu prop ed visits,1,2026-09-05,54,quantile,0.025,7.70599402708064e-5
2026-08-29,wk inc flu prop ed visits,1,2026-09-05,54,quantile,0.05,1.303014869144173e-4
2026-08-29,wk inc flu prop ed visits,1,2026-09-05,54,quantile,0.1,1.9248561125090698e-4
2026-08-29,wk inc flu prop ed visits,1,2026-09-05,54,quantile,0.15,2.3890903873085165e-4
2026-08-29,wk inc flu prop ed visits,1,2026-09-05,54,quantile,0.2,2.761981811992983e-4
2026-08-29,wk inc flu prop ed visits,1,2026-09-05,54,quantile,0.25,3.124874354527584e-4
2026-08-29,wk inc flu prop ed visits,1,2026-09-05,54,quantile,0.3,3.4606902238351964e-4
2026-08-29,wk inc flu prop ed visits,1,2026-09-05,54,quantile,0.35,3.718765438482712e-4
2026-08-29,wk inc flu prop ed visits,1,2026-09-05,54,quantile,0.4,3.9407428546423104e-4
2026-08-29,wk inc flu prop ed visits,1,2026-09-05,54,quantile,0.45,4.227856646153274e-4
2026-08-29,wk inc flu prop ed visits,1,2026-09-05,54,quantile,0.5,4.4791399296852905e-4
2026-08-29,wk inc flu prop ed visits,1,2026-09-05,54,quantile,0.55,4.819278688152343e-4
2026-08-29,wk inc flu prop ed visits,1,2026-09-05,54,quantile,0.6,5.091924315970066e-4
2026-08-29,wk inc flu prop ed visits,1,2026-09-05,54,quantile,0.65,5.373551294275115e-4
2026-08-29,wk inc flu prop ed visits,1,2026-09-05,54,quantile,0.7,5.698845009653368e-4
2026-08-29,wk inc flu prop ed visits,1,2026-09-05,54,quantile,0.75,6.109122391870082e-4
2026-08-29,wk inc flu prop ed visits,1,2026-09-05,54,quantile,0.8,6.473440331151549e-4
2026-08-29,wk inc flu prop ed visits,1,2026-09-05,54,quantile,0.85,7.134705499553053e-4
2026-08-29,wk inc flu prop ed visits,1,2026-09-05,54,quantile,0.9,8.365842304533818e-4
2026-08-29,wk inc flu prop ed visits,1,2026-09-05,54,quantile,0.95,9.979446634142135e-4
2026-08-29,wk inc flu prop ed visits,1,2026-09-05,54,quantile,0.975,0.0012028038397659145
2026-08-29,wk inc flu prop ed visits,1,2026-09-05,54,quantile,0.99,0.0013496488330357352
2026-08-29,wk inc flu prop ed visits,2,2026-09-12,54,quantile,0.01,7.005615213993492e-9
2026-08-29,wk inc flu prop ed visits,2,2026-09-12,54,quantile,0.025,3.6220372025255764e-5
2026-08-29,wk inc flu prop ed visits,2,2026-09-12,54,quantile,0.05,9.088613549934084e-5
2026-08-29,wk inc flu prop ed visits,2,2026-09-12,54,quantile,0.1,1.6198263238710933e-4
2026-08-29,wk inc flu prop ed visits,2,2026-09-12,54,quantile,0.15,2.100917672788084e-4
2026-08-29,wk inc flu prop ed visits,2,2026-09-12,54,quantile,0.2,2.794017078426132e-4
2026-08-29,wk inc flu prop ed visits,2,2026-09-12,54,quantile,0.25,3.059347366125001e-4
2026-08-29,wk inc flu prop ed visits,2,2026-09-12,54,quantile,0.3,3.344037870880614e-4
2026-08-29,wk inc flu prop ed visits,2,2026-09-12,54,quantile,0.35,3.6750155527290676e-4
2026-08-29,wk inc flu prop ed visits,2,2026-09-12,54,quantile,0.4,3.955226497006455e-4
2026-08-29,wk inc flu prop ed visits,2,2026-09-12,54,quantile,0.45,4.244975876163547e-4
2026-08-29,wk inc flu prop ed visits,2,2026-09-12,54,quantile,0.5,4.548426714592451e-4
2026-08-29,wk inc flu prop ed visits,2,2026-09-12,54,quantile,0.55,4.937069724168661e-4
2026-08-29,wk inc flu prop ed visits,2,2026-09-12,54,quantile,0.6,5.31350943584454e-4
2026-08-29,wk inc flu prop ed visits,2,2026-09-12,54,quantile,0.65,5.612894337395881e-4
2026-08-29,wk inc flu prop ed visits,2,2026-09-12,54,quantile,0.7,5.96456767928718e-4
2026-08-29,wk inc flu prop ed visits,2,2026-09-12,54,quantile,0.75,6.547982117397177e-4
2026-08-29,wk inc flu prop ed visits,2,2026-09-12,54,quantile,0.8,7.051235097365968e-4
2026-08-29,wk inc flu prop ed visits,2,2026-09-12,54,quantile,0.85,7.885000374747563e-4
2026-08-29,wk inc flu prop ed visits,2,2026-09-12,54,quantile,0.9,9.15347647601685e-4
2026-08-29,wk inc flu prop ed visits,2,2026-09-12,54,quantile,0.95,0.0011574963136458361
2026-08-29,wk inc flu prop ed visits,2,2026-09-12,54,quantile,0.975,0.0014051463587315448
2026-08-29,wk inc flu prop ed visits,2,2026-09-12,54,quantile,0.99,0.001767218242903942
2026-08-29,wk inc flu prop ed visits,3,2026-09-19,54,quantile,0.01,1.6742468982292594e-8
2026-08-29,wk inc flu prop ed visits,3,2026-09-19,54,quantile,0.025,1.5295537054752187e-5
2026-08-29,wk inc flu prop ed visits,3,2026-09-19,54,quantile,0.05,7.825518685450141e-5
2026-08-29,wk inc flu prop ed visits,3,2026-09-19,54,quantile,0.1,1.5212381186915772e-4
2026-08-29,wk inc flu prop ed visits,3,2026-09-19,54,quantile,0.15,1.9229825757676147e-4
2026-08-29,wk inc flu prop ed visits,3,2026-09-19,54,quantile,0.2,2.3110804524107147e-4
2026-08-29,wk inc flu prop ed visits,3,2026-09-19,54,quantile,0.25,2.630804529059199e-4
2026-08-29,wk inc flu prop ed visits,3,2026-09-19,54,quantile,0.3,2.9785067551992917e-4
2026-08-29,wk inc flu prop ed visits,3,2026-09-19,54,quantile,0.35,3.30825176271356e-4
2026-08-29,wk inc flu prop ed visits,3,2026-09-19,54,quantile,0.4,3.6217980363604396e-4
2026-08-29,wk inc flu prop ed visits,3,2026-09-19,54,quantile,0.45,4.032027167597501e-4
2026-08-29,wk inc flu prop ed visits,3,2026-09-19,54,quantile,0.5,4.347766544889469e-4
2026-08-29,wk inc flu prop ed visits,3,2026-09-19,54,quantile,0.55,4.7720601038868415e-4
2026-08-29,wk inc flu prop ed visits,3,2026-09-19,54,quantile,0.6,5.170483069262543e-4
2026-08-29,wk inc flu prop ed visits,3,2026-09-19,54,quantile,0.65,5.70677575052098e-4
2026-08-29,wk inc flu prop ed visits,3,2026-09-19,54,quantile,0.7,6.290325427790653e-4
2026-08-29,wk inc flu prop ed visits,3,2026-09-19,54,quantile,0.75,6.988569913915096e-4
2026-08-29,wk inc flu prop ed visits,3,2026-09-19,54,quantile,0.8,7.709962483596616e-4
2026-08-29,wk inc flu prop ed visits,3,2026-09-19,54,quantile,0.85,8.664442098394059e-4
2026-08-29,wk inc flu prop ed visits,3,2026-09-19,54,quantile,0.9,0.001000627473437849
2026-08-29,wk inc flu prop ed visits,3,2026-09-19,54,quantile,0.95,0.0012852451039093668
2026-08-29,wk inc flu prop ed visits,3,2026-09-19,54,quantile,0.975,0.0015990015965926263
2026-08-29,wk inc flu prop ed visits,3,2026-09-19,54,quantile,0.99,0.00198277006785316
2026-08-29,wk inc flu prop ed visits,-1,2026-08-22,56,quantile,0.01,0.0029173153817046273
2026-08-29,wk inc flu prop ed visits,-1,2026-08-22,56,quantile,0.025,0.003024473826597003
2026-08-29,wk inc flu prop ed visits,-1,2026-08-22,56,quantile,0.05,0.003135000128829852
2026-08-29,wk inc flu prop ed visits,-1,2026-08-22,56,quantile,0.1,0.00324606074742747
2026-08-29,wk inc flu prop ed visits,-1,2026-08-22,56,quantile,0.15,0.0033169168085748673
2026-08-29,wk inc flu prop ed visits,-1,2026-08-22,56,quantile,0.2,0.0033624616769070814
2026-08-29,wk inc flu prop ed visits,-1,2026-08-22,56,quantile,0.25,0.0034079376326873897
2026-08-29,wk inc flu prop ed visits,-1,2026-08-22,56,quantile,0.3,0.003450466807012757
2026-08-29,wk inc flu prop ed visits,-1,2026-08-22,56,quantile,0.35,0.0034842188921466
2026-08-29,wk inc flu prop ed visits,-1,2026-08-22,56,quantile,0.4,0.0035120001423884837
2026-08-29,wk inc flu prop ed visits,-1,2026-08-22,56,quantile,0.45,0.003536722350048108
2026-08-29,wk inc flu prop ed visits,-1,2026-08-22,56,quantile,0.5,0.0035852633000988676
2026-08-29,wk inc flu prop ed visits,-1,2026-08-22,56,quantile,0.55,0.003616472377897137
2026-08-29,wk inc flu prop ed visits,-1,2026-08-22,56,quantile,0.6,0.003621725630643321
2026-08-29,wk inc flu prop ed visits,-1,2026-08-22,56,quantile,0.65,0.003629843889182667
2026-08-29,wk inc flu prop ed visits,-1,2026-08-22,56,quantile,0.7,0.0036382001399248836
2026-08-29,wk inc flu prop ed visits,-1,2026-08-22,56,quantile,0.75,0.0036687293125937377
2026-08-29,wk inc flu prop ed visits,-1,2026-08-22,56,quantile,0.8,0.0036990770617929786
2026-08-29,wk inc flu prop ed visits,-1,2026-08-22,56,quantile,0.85,0.0037412084670779885
2026-08-29,wk inc flu prop ed visits,-1,2026-08-22,56,quantile,0.9,0.003806969829185894
2026-08-29,wk inc flu prop ed visits,-1,2026-08-22,56,quantile,0.95,0.0039357501483801745
2026-08-29,wk inc flu prop ed visits,-1,2026-08-22,56,quantile,0.975,0.004090789606892749
2026-08-29,wk inc flu prop ed visits,-1,2026-08-22,56,quantile,0.99,0.004192902284569066
2026-08-29,wk inc flu prop ed visits,0,2026-08-29,56,quantile,0.01,0.0017216086691643666
2026-08-29,wk inc flu prop ed visits,0,2026-08-29,56,quantile,0.025,0.002228180221443963
2026-08-29,wk inc flu prop ed visits,0,2026-08-29,56,quantile,0.05,0.002561646264814665
2026-08-29,wk inc flu prop ed visits,0,2026-08-29,56,quantile,0.1,0.0027962606148216147
2026-08-29,wk inc flu prop ed visits,0,2026-08-29,56,quantile,0.15,0.002970076884069135
2026-08-29,wk inc flu prop ed visits,0,2026-08-29,56,quantile,0.2,0.003325440529514449
2026-08-29,wk inc flu prop ed visits,0,2026-08-29,56,quantile,0.25,0.003514478004827671
2026-08-29,wk inc flu prop ed visits,0,2026-08-29,56,quantile,0.3,0.003616844971431776
2026-08-29,wk inc flu prop ed visits,0,2026-08-29,56,quantile,0.35,0.0037333453124583347
2026-08-29,wk inc flu prop ed visits,0,2026-08-29,56,quantile,0.4,0.0037967892262897717
2026-08-29,wk inc flu prop ed visits,0,2026-08-29,56,quantile,0.45,0.0038985681386252097
2026-08-29,wk inc flu prop ed visits,0,2026-08-29,56,quantile,0.5,0.003908755946751412
2026-08-29,wk inc flu prop ed visits,0,2026-08-29,56,quantile,0.55,0.004017379578834098
2026-08-29,wk inc flu prop ed visits,0,2026-08-29,56,quantile,0.6,0.004153700700665303
2026-08-29,wk inc flu prop ed visits,0,2026-08-29,56,quantile,0.65,0.004210647399628065
2026-08-29,wk inc flu prop ed visits,0,2026-08-29,56,quantile,0.7,0.004305152141942103
2026-08-29,wk inc flu prop ed visits,0,2026-08-29,56,quantile,0.75,0.004541426365860957
2026-08-29,wk inc flu prop ed visits,0,2026-08-29,56,quantile,0.8,0.004702917711833576
2026-08-29,wk inc flu prop ed visits,0,2026-08-29,56,quantile,0.85,0.004788201221974053
2026-08-29,wk inc flu prop ed visits,0,2026-08-29,56,quantile,0.9,0.004946075399169743
2026-08-29,wk inc flu prop ed visits,0,2026-08-29,56,quantile,0.95,0.005042438288345499
2026-08-29,wk inc flu prop ed visits,0,2026-08-29,56,quantile,0.975,0.0057493722674883075
2026-08-29,wk inc flu prop ed visits,0,2026-08-29,56,quantile,0.99,0.006581643242586848
2026-08-29,wk inc flu prop ed visits,1,2026-09-05,56,quantile,0.01,0.0011970390004939554
2026-08-29,wk inc flu prop ed visits,1,2026-09-05,56,quantile,0.025,0.001944563317570158
2026-08-29,wk inc flu prop ed visits,1,2026-09-05,56,quantile,0.05,0.002238202928898832
2026-08-29,wk inc flu prop ed visits,1,2026-09-05,56,quantile,0.1,0.0025739373229287875
2026-08-29,wk inc flu prop ed visits,1,2026-09-05,56,quantile,0.15,0.0027761586286226257
2026-08-29,wk inc flu prop ed visits,1,2026-09-05,56,quantile,0.2,0.0030019590596560737
2026-08-29,wk inc flu prop ed visits,1,2026-09-05,56,quantile,0.25,0.003190117009793375
2026-08-29,wk inc flu prop ed visits,1,2026-09-05,56,quantile,0.3,0.003395129549604728
2026-08-29,wk inc flu prop ed visits,1,2026-09-05,56,quantile,0.35,0.0035097194445540213
2026-08-29,wk inc flu prop ed visits,1,2026-09-05,56,quantile,0.4,0.003657471332317061
2026-08-29,wk inc flu prop ed visits,1,2026-09-05,56,quantile,0.45,0.0038166501480552707
2026-08-29,wk inc flu prop ed visits,1,2026-09-05,56,quantile,0.5,0.003909038385409265
2026-08-29,wk inc flu prop ed visits,1,2026-09-05,56,quantile,0.55,0.004056594135229426
2026-08-29,wk inc flu prop ed visits,1,2026-09-05,56,quantile,0.6,0.00422182648596469
2026-08-29,wk inc flu prop ed visits,1,2026-09-05,56,quantile,0.65,0.004334683929173199
2026-08-29,wk inc flu prop ed visits,1,2026-09-05,56,quantile,0.7,0.0044344455708484965
2026-08-29,wk inc flu prop ed visits,1,2026-09-05,56,quantile,0.75,0.004640275963208909
2026-08-29,wk inc flu prop ed visits,1,2026-09-05,56,quantile,0.8,0.004759471636631917
2026-08-29,wk inc flu prop ed visits,1,2026-09-05,56,quantile,0.85,0.0049979545686516325
2026-08-29,wk inc flu prop ed visits,1,2026-09-05,56,quantile,0.9,0.0056677866146060555
2026-08-29,wk inc flu prop ed visits,1,2026-09-05,56,quantile,0.95,0.006033436046096768
2026-08-29,wk inc flu prop ed visits,1,2026-09-05,56,quantile,0.975,0.007001111985417137
2026-08-29,wk inc flu prop ed visits,1,2026-09-05,56,quantile,0.99,0.007323167558485769
2026-08-29,wk inc flu prop ed visits,2,2026-09-12,56,quantile,0.01,9.212284690505356e-4
2026-08-29,wk inc flu prop ed visits,2,2026-09-12,56,quantile,0.025,0.0014389212622921731
2026-08-29,wk inc flu prop ed visits,2,2026-09-12,56,quantile,0.05,0.001824552074624994
2026-08-29,wk inc flu prop ed visits,2,2026-09-12,56,quantile,0.1,0.0022063897785416673
2026-08-29,wk inc flu prop ed visits,2,2026-09-12,56,quantile,0.15,0.0025632084232701325
2026-08-29,wk inc flu prop ed visits,2,2026-09-12,56,quantile,0.2,0.002897357823388288
2026-08-29,wk inc flu prop ed visits,2,2026-09-12,56,quantile,0.25,0.0030968896366707836
2026-08-29,wk inc flu prop ed visits,2,2026-09-12,56,quantile,0.3,0.003327877132859874
2026-08-29,wk inc flu prop ed visits,2,2026-09-12,56,quantile,0.35,0.0034937734920234475
2026-08-29,wk inc flu prop ed visits,2,2026-09-12,56,quantile,0.4,0.0036513804371566777
2026-08-29,wk inc flu prop ed visits,2,2026-09-12,56,quantile,0.45,0.0038050040016552843
2026-08-29,wk inc flu prop ed visits,2,2026-09-12,56,quantile,0.5,0.003927670576166354
2026-08-29,wk inc flu prop ed visits,2,2026-09-12,56,quantile,0.55,0.004156197470002673
2026-08-29,wk inc flu prop ed visits,2,2026-09-12,56,quantile,0.6,0.0042890698153643745
2026-08-29,wk inc flu prop ed visits,2,2026-09-12,56,quantile,0.65,0.004389154614903524
2026-08-29,wk inc flu prop ed visits,2,2026-09-12,56,quantile,0.7,0.004579896608505128
2026-08-29,wk inc flu prop ed visits,2,2026-09-12,56,quantile,0.75,0.004900226428754809
2026-08-29,wk inc flu prop ed visits,2,2026-09-12,56,quantile,0.8,0.00503228102744126
2026-08-29,wk inc flu prop ed visits,2,2026-09-12,56,quantile,0.85,0.005407936156571344
2026-08-29,wk inc flu prop ed visits,2,2026-09-12,56,quantile,0.9,0.006053599627823594
2026-08-29,wk inc flu prop ed visits,2,2026-09-12,56,quantile,0.95,0.00715399538252592
2026-08-29,wk inc flu prop ed visits,2,2026-09-12,56,quantile,0.975,0.008596710236845969
2026-08-29,wk inc flu prop ed visits,2,2026-09-12,56,quantile,0.99,0.010187757831207102
2026-08-29,wk inc flu prop ed visits,3,2026-09-19,56,quantile,0.01,7.558426581890862e-4
2026-08-29,wk inc flu prop ed visits,3,2026-09-19,56,quantile,0.025,0.0010684335634229094
2026-08-29,wk inc flu prop ed visits,3,2026-09-19,56,quantile,0.05,0.001526159662764851
2026-08-29,wk inc flu prop ed visits,3,2026-09-19,56,quantile,0.1,0.0020391674777463084
2026-08-29,wk inc flu prop ed visits,3,2026-09-19,56,quantile,0.15,0.002304189944669154
2026-08-29,wk inc flu prop ed visits,3,2026-09-19,56,quantile,0.2,0.0025951695916648313
2026-08-29,wk inc flu prop ed visits,3,2026-09-19,56,quantile,0.25,0.0028355641807988373
2026-08-29,wk inc flu prop ed visits,3,2026-09-19,56,quantile,0.3,0.0030333337642805764
2026-08-29,wk inc flu prop ed visits,3,2026-09-19,56,quantile,0.35,0.003244037465489244
2026-08-29,wk inc flu prop ed visits,3,2026-09-19,56,quantile,0.4,0.0034509138380352366
2026-08-29,wk inc flu prop ed visits,3,2026-09-19,56,quantile,0.45,0.0036848161587110812
2026-08-29,wk inc flu prop ed visits,3,2026-09-19,56,quantile,0.5,0.0039041417575274946
2026-08-29,wk inc flu prop ed visits,3,2026-09-19,56,quantile,0.55,0.004090250427021508
2026-08-29,wk inc flu prop ed visits,3,2026-09-19,56,quantile,0.6,0.0043042977456630585
2026-08-29,wk inc flu prop ed visits,3,2026-09-19,56,quantile,0.65,0.004548889951422514
2026-08-29,wk inc flu prop ed visits,3,2026-09-19,56,quantile,0.7,0.004881891253120124
2026-08-29,wk inc flu prop ed visits,3,2026-09-19,56,quantile,0.75,0.005258658779994771
2026-08-29,wk inc flu prop ed visits,3,2026-09-19,56,quantile,0.8,0.0058181789673933315
2026-08-29,wk inc flu prop ed visits,3,2026-09-19,56,quantile,0.85,0.006330009168809415
2026-08-29,wk inc flu prop ed visits,3,2026-09-19,56,quantile,0.9,0.00689861703622861
2026-08-29,wk inc flu prop ed visits,3,2026-09-19,56,quantile,0.95,0.008742458002336863
2026-08-29,wk inc flu prop ed visits,3,2026-09-19,56,quantile,0.975,0.00996769103557027
2026-08-29,wk inc flu prop ed visits,3,2026-09-19,56,quantile,0.99,0.010906144393800032
