reference_date,target,horizon,location,output_type,output_type_id,value,target_end_date
2026-10-10,wk inc flu hosp,-1,US,quantile,0.01,2156,2026-10-03
2026-10-10,wk inc flu hosp,-1,US,quantile,0.025,2219,2026-10-03
2026-10-10,wk inc flu hosp,-1,US,quantile,0.05,2366,2026-10-03
2026-10-10,wk inc flu hosp,-1,US,quantile,0.1,2562,2026-10-03
2026-10-10,wk inc flu hosp,-1,US,quantile,0.15,2694,2026-10-03
2026-10-10,wk inc flu hosp,-1,US,quantile,0.2,2799,2026-10-03
2026-10-10,wk inc flu hosp,-1,US,quantile,0.25,2898,2026-10-03
2026-10-10,wk inc flu hosp,-1,US,quantile,0.3,2968,2026-10-03
2026-10-10,wk inc flu hosp,-1,US,quantile,0.35,3043,2026-10-03
2026-10-10,wk inc flu hosp,-1,US,quantile,0.4,3108,2026-10-03
2026-10-10,wk inc flu hosp,-1,US,quantile,0.45,3175,2026-10-03
2026-10-10,wk inc flu hosp,-1,US,quantile,0.5,3248,2026-10-03
2026-10-10,wk inc flu hosp,-1,US,quantile,0.55,3332,2026-10-03
2026-10-10,wk inc flu hosp,-1,US,quantile,0.6,3395,2026-10-03
2026-10-10,wk inc flu hosp,-1,US,quantile,0.65,3486,2026-10-03
2026-10-10,wk inc flu hosp,-1,US,quantile,0.7,3544,2026-10-03
2026-10-10,wk inc flu hosp,-1,US,quantile,0.75,3633,2026-10-03
2026-10-10,wk inc flu hosp,-1,US,quantile,0.8,3745,2026-10-03
2026-10-10,wk inc flu hosp,-1,US,quantile,0.85,3864,2026-10-03
2026-10-10,wk inc flu hosp,-1,US,quantile,0.9,4005,2026-10-03
2026-10-10,wk inc flu hosp,-1,US,quantile,0.95,4242,2026-10-03
2026-10-10,wk inc flu hosp,-1,US,quantile,0.975,4494,2026-10-03
2026-10-10,wk inc flu hosp,-1,US,quantile,0.99,4655,2026-10-03
2026-10-10,wk inc flu hosp,0,US,quantile,0.01,2527,2026-10-10
2026-10-10,wk inc flu hosp,0,US,quantile,0.025,2730,2026-10-10
2026-10-10,wk inc flu hosp,0,US,quantile,0.05,2947,2026-10-10
2026-10-10,wk inc flu hosp,0,US,quantile,0.1,3171,2026-10-10
2026-10-10,wk inc flu hosp,0,US,quantile,0.15,3317,2026-10-10
2026-10-10,wk inc flu hosp,0,US,quantile,0.2,3436,2026-10-10
2026-10-10,wk inc flu hosp,0,US,quantile,0.25,3526,2026-10-10
2026-10-10,wk inc flu hosp,0,US,quantile,0.3,3605,2026-10-10
2026-10-10,wk inc flu hosp,0,US,quantile,0.35,3710,2026-10-10
2026-10-10,wk inc flu hosp,0,US,quantile,0.4,3808,2026-10-10
2026-10-10,wk inc flu hosp,0,US,quantile,0.45,3882,2026-10-10
2026-10-10,wk inc flu hosp,0,US,quantile,0.5,3962,2026-10-10
2026-10-10,wk inc flu hosp,0,US,quantile,0.55,4042,2026-10-10
2026-10-10,wk inc flu hosp,0,US,quantile,0.6,4133,2026-10-10
2026-10-10,wk inc flu hosp,0,US,quantile,0.65,4221,2026-10-10
2026-10-10,wk inc flu hosp,0,US,quantile,0.7,4300,2026-10-10
2026-10-10,wk inc flu hosp,0,US,quantile,0.75,4389,2026-10-10
2026-10-10,wk inc flu hosp,0,US,quantile,0.8,4508,2026-10-10
2026-10-10,wk inc flu hosp,0,US,quantile,0.85,4670,2026-10-10
2026-10-10,wk inc flu hosp,0,US,quantile,0.9,4858,2026-10-10
2026-10-10,wk inc flu hosp,0,US,quantile,0.95,5216,2026-10-10
2026-10-10,wk inc flu hosp,0,US,quantile,0.975,5474,2026-10-10
2026-10-10,wk inc flu hosp,0,US,quantile,0.99,5705,2026-10-10
2026-10-10,wk inc flu hosp,1,US,quantile,0.01,3052,2026-10-17
2026-10-10,wk inc flu hosp,1,US,quantile,0.025,3304,2026-10-17
2026-10-10,wk inc flu hosp,1,US,quantile,0.05,3597,2026-10-17
2026-10-10,wk inc flu hosp,1,US,quantile,0.1,3863,2026-10-17
2026-10-10,wk inc flu hosp,1,US,quantile,0.15,4053,2026-10-17
2026-10-10,wk inc flu hosp,1,US,quantile,0.2,4235,2026-10-17
2026-10-10,wk inc flu hosp,1,US,quantile,0.25,4408,2026-10-17
2026-10-10,wk inc flu hosp,1,US,quantile,0.3,4515,2026-10-17
2026-10-10,wk inc flu hosp,1,US,quantile,0.35,4634,2026-10-17
2026-10-10,wk inc flu hosp,1,US,quantile,0.4,4732,2026-10-17
2026-10-10,wk inc flu hosp,1,US,quantile,0.45,4869,2026-10-17
2026-10-10,wk inc flu hosp,1,US,quantile,0.5,4977,2026-10-17
2026-10-10,wk inc flu hosp,1,US,quantile,0.55,5078,2026-10-17
2026-10-10,wk inc flu hosp,1,US,quantile,0.6,5222,2026-10-17
2026-10-10,wk inc flu hosp,1,US,quantile,0.65,5362,2026-10-17
2026-10-10,wk inc flu hosp,1,US,quantile,0.7,5516,2026-10-17
2026-10-10,wk inc flu hosp,1,US,quantile,0.75,5658,2026-10-17
2026-10-10,wk inc flu hosp,1,US,quantile,0.8,5832,2026-10-17
2026-10-10,wk inc flu hosp,1,US,quantile,0.85,6076,2026-10-17
2026-10-10,wk inc flu hosp,1,US,quantile,0.9,6315,2026-10-17
2026-10-10,wk inc flu hosp,1,US,quantile,0.95,6636,2026-10-17
2026-10-10,wk inc flu hosp,1,US,quantile,0.975,6925,2026-10-17
2026-10-10,wk inc flu hosp,1,US,quantile,0.99,7483,2026-10-17
2026-10-10,wk inc flu hosp,2,US,quantile,0.01,3358,2026-10-24
2026-10-10,wk inc flu hosp,2,US,quantile,0.025,3723,2026-10-24
2026-10-10,wk inc flu hosp,2,US,quantile,0.05,4004,2026-10-24
2026-10-10,wk inc flu hosp,2,US,quantile,0.1,4584,2026-10-24
2026-10-10,wk inc flu hosp,2,US,quantile,0.15,4948,2026-10-24
2026-10-10,wk inc flu hosp,2,US,quantile,0.2,5221,2026-10-24
2026-10-10,wk inc flu hosp,2,US,quantile,0.25,5530,2026-10-24
2026-10-10,wk inc flu hosp,2,US,quantile,0.3,5773,2026-10-24
2026-10-10,wk inc flu hosp,2,US,quantile,0.35,6027,2026-10-24
2026-10-10,wk inc flu hosp,2,US,quantile,0.4,6258,2026-10-24
2026-10-10,wk inc flu hosp,2,US,quantile,0.45,6528,2026-10-24
2026-10-10,wk inc flu hosp,2,US,quantile,0.5,6797,2026-10-24
2026-10-10,wk inc flu hosp,2,US,quantile,0.55,7041,2026-10-24
2026-10-10,wk inc flu hosp,2,US,quantile,0.6,7283,2026-10-24
2026-10-10,wk inc flu hosp,2,US,quantile,0.65,7595,2026-10-24
2026-10-10,wk inc flu hosp,2,US,quantile,0.7,7924,2026-10-24
2026-10-10,wk inc flu hosp,2,US,quantile,0.75,8236,2026-10-24
2026-10-10,wk inc flu hosp,2,US,quantile,0.8,8641,2026-10-24
2026-10-10,wk inc flu hosp,2,US,quantile,0.85,9007,2026-10-24
2026-10-10,wk inc flu hosp,2,US,quantile,0.9,9566,2026-10-24
2026-10-10,wk inc flu hosp,2,US,quantile,0.95,10586,2026-10-24
2026-10-10,wk inc flu hosp,2,US,quantile,0.975,11620,2026-10-24
2026-10-10,wk inc flu hosp,2,US,quantile,0.99,12972,2026-10-24
2026-10-10,wk inc flu hosp,3,US,quantile,0.01,2947,2026-10-31
2026-10-10,wk inc flu hosp,3,US,quantile,0.025,3408,2026-10-31
2026-10-10,wk inc flu hosp,3,US,quantile,0.05,4101,2026-10-31
2026-10-10,wk inc flu hosp,3,US,quantile,0.1,5061,2026-10-31
2026-10-10,wk inc flu hosp,3,US,quantile,0.15,5879,2026-10-31
2026-10-10,wk inc flu hosp,3,US,quantile,0.2,6390,2026-10-31
2026-10-10,wk inc flu hosp,3,US,quantile,0.25,6844,2026-10-31
2026-10-10,wk inc flu hosp,3,US,quantile,0.3,7614,2026-10-31
2026-10-10,wk inc flu hosp,3,US,quantile,0.35,8022,2026-10-31
2026-10-10,wk inc flu hosp,3,US,quantile,0.4,8428,2026-10-31
2026-10-10,wk inc flu hosp,3,US,quantile,0.45,8988,2026-10-31
2026-10-10,wk inc flu hosp,3,US,quantile,0.5,9429,2026-10-31
2026-10-10,wk inc flu hosp,3,US,quantile,0.55,9849,2026-10-31
2026-10-10,wk inc flu hosp,3,US,quantile,0.6,10307,2026-10-31
2026-10-10,wk inc flu hosp,3,US,quantile,0.65,10745,2026-10-31
2026-10-10,wk inc flu hosp,3,US,quantile,0.7,11413,2026-10-31
2026-10-10,wk inc flu hosp,3,US,quantile,0.75,12201,2026-10-31
2026-10-10,wk inc flu hosp,3,US,quantile,0.8,13107,2026-10-31
2026-10-10,wk inc flu hosp,3,US,quantile,0.85,14182,2026-10-31
2026-10-10,wk inc flu hosp,3,US,quantile,0.9,15606,2026-10-31
2026-10-10,wk inc flu hosp,3,US,quantile,0.95,17972,2026-10-31
2026-10-10,wk inc flu hosp,3,US,quantile,0.975,20225,2026-10-31
2026-10-10,wk inc flu hosp,3,US,quantile,0.99,25072,2026-10-31
2026-10-10,wk inc flu hosp,-1,01,quantile,0.01,7,2026-10-03
2026-10-10,wk inc flu hosp,-1,01,quantile,0.025,7,2026-10-03
2026-10-10,wk inc flu hosp,-1,01,quantile,0.05,14,2026-10-03
2026-10-10,wk inc flu hosp,-1,01,quantile,0.1,21,2026-10-03
2026-10-10,wk inc flu hosp,-1,01,quantile,0.15,21,2026-10-03
2026-10-10,wk inc flu hosp,-1,01,quantile,0.2,28,2026-10-03
2026-10-10,wk inc flu hosp,-1,01,quantile,0.25,28,2026-10-03
2026-10-10,wk inc flu hosp,-1,01,quantile,0.3,35,2026-10-03
2026-10-10,wk inc flu hosp,-1,01,quantile,0.35,35,2026-10-03
2026-10-10,wk inc flu hosp,-1,01,quantile,0.4,35,2026-10-03
2026-10-10,wk inc flu hosp,-1,01,quantile,0.45,42,2026-10-03
2026-10-10,wk inc flu hosp,-1,01,quantile,0.5,42,2026-10-03
2026-10-10,wk inc flu hosp,-1,01,quantile,0.55,49,2026-10-03
2026-10-10,wk inc flu hosp,-1,01,quantile,0.6,49,2026-10-03
2026-10-10,wk inc flu hosp,-1,01,quantile,0.65,56,2026-10-03
2026-10-10,wk inc flu hosp,-1,01,quantile,0.7,56,2026-10-03
2026-10-10,wk inc flu hosp,-1,01,quantile,0.75,63,2026-10-03
2026-10-10,wk inc flu hosp,-1,01,quantile,0.8,63,2026-10-03
2026-10-10,wk inc flu hosp,-1,01,quantile,0.85,70,2026-10-03
2026-10-10,wk inc flu hosp,-1,01,quantile,0.9,77,2026-10-03
2026-10-10,wk inc flu hosp,-1,01,quantile,0.95,91,2026-10-03
2026-10-10,wk inc flu hosp,-1,01,quantile,0.975,105,2026-10-03
2026-10-10,wk inc flu hosp,-1,01,quantile,0.99,119,2026-10-03
2026-10-10,wk inc flu hosp,0,01,quantile,0.01,7,2026-10-10
2026-10-10,wk inc flu hosp,0,01,quantile,0.025,14,2026-10-10
2026-10-10,wk inc flu hosp,0,01,quantile,0.05,21,2026-10-10
2026-10-10,wk inc flu hosp,0,01,quantile,0.1,28,2026-10-10
2026-10-10,wk inc flu hosp,0,01,quantile,0.15,28,2026-10-10
2026-10-10,wk inc flu hosp,0,01,quantile,0.2,35,2026-10-10
2026-10-10,wk inc flu hosp,0,01,quantile,0.25,42,2026-10-10
2026-10-10,wk inc flu hosp,0,01,quantile,0.3,42,2026-10-10
2026-10-10,wk inc flu hosp,0,01,quantile,0.35,42,2026-10-10
2026-10-10,wk inc flu hosp,0,01,quantile,0.4,49,2026-10-10
2026-10-10,wk inc flu hosp,0,01,quantile,0.45,49,2026-10-10
2026-10-10,wk inc flu hosp,0,01,quantile,0.5,56,2026-10-10
2026-10-10,wk inc flu hosp,0,01,quantile,0.55,63,2026-10-10
2026-10-10,wk inc flu hosp,0,01,quantile,0.6,63,2026-10-10
2026-10-10,wk inc flu hosp,0,01,quantile,0.65,70,2026-10-10
2026-10-10,wk inc flu hosp,0,01,quantile,0.7,70,2026-10-10
2026-10-10,wk inc flu hosp,0,01,quantile,0.75,77,2026-10-10
2026-10-10,wk inc flu hosp,0,01,quantile,0.8,84,2026-10-10
2026-10-10,wk inc flu hosp,0,01,quantile,0.85,91,2026-10-10
2026-10-10,wk inc flu hosp,0,01,quantile,0.9,98,2026-10-10
2026-10-10,wk inc flu hosp,0,01,quantile,0.95,112,2026-10-10
2026-10-10,wk inc flu hosp,0,01,quantile,0.975,126,2026-10-10
2026-10-10,wk inc flu hosp,0,01,quantile,0.99,140,2026-10-10
2026-10-10,wk inc flu hosp,1,01,quantile,0.01,14,2026-10-17
2026-10-10,wk inc flu hosp,1,01,quantile,0.025,21,2026-10-17
2026-10-10,wk inc flu hosp,1,01,quantile,0.05,28,2026-10-17
2026-10-10,wk inc flu hosp,1,01,quantile,0.1,35,2026-10-17
2026-10-10,wk inc flu hosp,1,01,quantile,0.15,35,2026-10-17
2026-10-10,wk inc flu hosp,1,01,quantile,0.2,42,2026-10-17
2026-10-10,wk inc flu hosp,1,01,quantile,0.25,49,2026-10-17
2026-10-10,wk inc flu hosp,1,01,quantile,0.3,56,2026-10-17
2026-10-10,wk inc flu hosp,1,01,quantile,0.35,56,2026-10-17
2026-10-10,wk inc flu hosp,1,01,quantile,0.4,63,2026-10-17
2026-10-10,wk inc flu hosp,1,01,quantile,0.45,70,2026-10-17
2026-10-10,wk inc flu hosp,1,01,quantile,0.5,70,2026-10-17
2026-10-10,wk inc flu hosp,1,01,quantile,0.55,77,2026-10-17
2026-10-10,wk inc flu hosp,1,01,quantile,0.6,77,2026-10-17
2026-10-10,wk inc flu hosp,1,01,quantile,0.65,84,2026-10-17
2026-10-10,wk inc flu hosp,1,01,quantile,0.7,91,2026-10-17
2026-10-10,wk inc flu hosp,1,01,quantile,0.75,98,2026-10-17
2026-10-10,wk inc flu hosp,1,01,quantile,0.8,105,2026-10-17
2026-10-10,wk inc flu hosp,1,01,quantile,0.85,112,2026-10-17
2026-10-10,wk inc flu hosp,1,01,quantile,0.9,126,2026-10-17
2026-10-10,wk inc flu hosp,1,01,quantile,0.95,147,2026-10-17
2026-10-10,wk inc flu hosp,1,01,quantile,0.975,161,2026-10-17
2026-10-10,wk inc flu hosp,1,01,quantile,0.99,175,2026-10-17
2026-10-10,wk inc flu hosp,2,01,quantile,0.01,14,2026-10-24
2026-10-10,wk inc flu hosp,2,01,quantile,0.025,21,2026-10-24
2026-10-10,wk inc flu hosp,2,01,quantile,0.05,28,2026-10-24
2026-10-10,wk inc flu hosp,2,01,quantile,0.1,42,2026-10-24
2026-10-10,wk inc flu hosp,2,01,quantile,0.15,42,2026-10-24
2026-10-10,wk inc flu hosp,2,01,quantile,0.2,49,2026-10-24
2026-10-10,wk inc flu hosp,2,01,quantile,0.25,56,2026-10-24
2026-10-10,wk inc flu hosp,2,01,quantile,0.3,63,2026-10-24
2026-10-10,wk inc flu hosp,2,01,quantile,0.35,70,2026-10-24
2026-10-10,wk inc flu hosp,2,01,quantile,0.4,70,2026-10-24
2026-10-10,wk inc flu hosp,2,01,quantile,0.45,77,2026-10-24
2026-10-10,wk inc flu hosp,2,01,quantile,0.5,84,2026-10-24
2026-10-10,wk inc flu hosp,2,01,quantile,0.55,84,2026-10-24
2026-10-10,wk inc flu hosp,2,01,quantile,0.6,91,2026-10-24
2026-10-10,wk inc flu hosp,2,01,quantile,0.65,98,2026-10-24
2026-10-10,wk inc flu hosp,2,01,quantile,0.7,105,2026-10-24
2026-10-10,wk inc flu hosp,2,01,quantile,0.75,112,2026-10-24
2026-10-10,wk inc flu hosp,2,01,quantile,0.8,126,2026-10-24
2026-10-10,wk inc flu hosp,2,01,quantile,0.85,140,2026-10-24
2026-10-10,wk inc flu hosp,2,01,quantile,0.9,161,2026-10-24
2026-10-10,wk inc flu hosp,2,01,quantile,0.95,189,2026-10-24
2026-10-10,wk inc flu hosp,2,01,quantile,0.975,217,2026-10-24
2026-10-10,wk inc flu hosp,2,01,quantile,0.99,259,2026-10-24
2026-10-10,wk inc flu hosp,3,01,quantile,0.01,21,2026-10-31
2026-10-10,wk inc flu hosp,3,01,quantile,0.025,21,2026-10-31
2026-10-10,wk inc flu hosp,3,01,quantile,0.05,35,2026-10-31
2026-10-10,wk inc flu hosp,3,01,quantile,0.1,42,2026-10-31
2026-10-10,wk inc flu hosp,3,01,quantile,0.15,49,2026-10-31
2026-10-10,wk inc flu hosp,3,01,quantile,0.2,56,2026-10-31
2026-10-10,wk inc flu hosp,3,01,quantile,0.25,63,2026-10-31
2026-10-10,wk inc flu hosp,3,01,quantile,0.3,70,2026-10-31
2026-10-10,wk inc flu hosp,3,01,quantile,0.35,77,2026-10-31
2026-10-10,wk inc flu hosp,3,01,quantile,0.4,84,2026-10-31
2026-10-10,wk inc flu hosp,3,01,quantile,0.45,91,2026-10-31
2026-10-10,wk inc flu hosp,3,01,quantile,0.5,98,2026-10-31
2026-10-10,wk inc flu hosp,3,01,quantile,0.55,112,2026-10-31
2026-10-10,wk inc flu hosp,3,01,quantile,0.6,119,2026-10-31
2026-10-10,wk inc flu hosp,3,01,quantile,0.65,126,2026-10-31
2026-10-10,wk inc flu hosp,3,01,quantile,0.7,140,2026-10-31
2026-10-10,wk inc flu hosp,3,01,quantile,0.75,149,2026-10-31
2026-10-10,wk inc flu hosp,3,01,quantile,0.8,168,2026-10-31
2026-10-10,wk inc flu hosp,3,01,quantile,0.85,182,2026-10-31
2026-10-10,wk inc flu hosp,3,01,quantile,0.9,203,2026-10-31
2026-10-10,wk inc flu hosp,3,01,quantile,0.95,259,2026-10-31
2026-10-10,wk inc flu hosp,3,01,quantile,0.975,301,2026-10-31
2026-10-10,wk inc flu hosp,3,01,quantile,0.99,343,2026-10-31
2026-10-10,wk inc flu hosp,-1,02,quantile,0.01,0,2026-10-03
2026-10-10,wk inc flu hosp,-1,02,quantile,0.025,0,2026-10-03
2026-10-10,wk inc flu hosp,-1,02,quantile,0.05,0,2026-10-03
2026-10-10,wk inc flu hosp,-1,02,quantile,0.1,0,2026-10-03
2026-10-10,wk inc flu hosp,-1,02,quantile,0.15,0,2026-10-03
2026-10-10,wk inc flu hosp,-1,02,quantile,0.2,0,2026-10-03
2026-10-10,wk inc flu hosp,-1,02,quantile,0.25,7,2026-10-03
2026-10-10,wk inc flu hosp,-1,02,quantile,0.3,7,2026-10-03
2026-10-10,wk inc flu hosp,-1,02,quantile,0.35,7,2026-10-03
2026-10-10,wk inc flu hosp,-1,02,quantile,0.4,7,2026-10-03
2026-10-10,wk inc flu hosp,-1,02,quantile,0.45,7,2026-10-03
2026-10-10,wk inc flu hosp,-1,02,quantile,0.5,14,2026-10-03
2026-10-10,wk inc flu hosp,-1,02,quantile,0.55,14,2026-10-03
2026-10-10,wk inc flu hosp,-1,02,quantile,0.6,14,2026-10-03
2026-10-10,wk inc flu hosp,-1,02,quantile,0.65,14,2026-10-03
2026-10-10,wk inc flu hosp,-1,02,quantile,0.7,14,2026-10-03
2026-10-10,wk inc flu hosp,-1,02,quantile,0.75,21,2026-10-03
2026-10-10,wk inc flu hosp,-1,02,quantile,0.8,21,2026-10-03
2026-10-10,wk inc flu hosp,-1,02,quantile,0.85,21,2026-10-03
2026-10-10,wk inc flu hosp,-1,02,quantile,0.9,28,2026-10-03
2026-10-10,wk inc flu hosp,-1,02,quantile,0.95,35,2026-10-03
2026-10-10,wk inc flu hosp,-1,02,quantile,0.975,35,2026-10-03
2026-10-10,wk inc flu hosp,-1,02,quantile,0.99,42,2026-10-03
2026-10-10,wk inc flu hosp,0,02,quantile,0.01,0,2026-10-10
2026-10-10,wk inc flu hosp,0,02,quantile,0.025,0,2026-10-10
2026-10-10,wk inc flu hosp,0,02,quantile,0.05,0,2026-10-10
2026-10-10,wk inc flu hosp,0,02,quantile,0.1,0,2026-10-10
2026-10-10,wk inc flu hosp,0,02,quantile,0.15,0,2026-10-10
2026-10-10,wk inc flu hosp,0,02,quantile,0.2,7,2026-10-10
2026-10-10,wk inc flu hosp,0,02,quantile,0.25,7,2026-10-10
2026-10-10,wk inc flu hosp,0,02,quantile,0.3,7,2026-10-10
2026-10-10,wk inc flu hosp,0,02,quantile,0.35,7,2026-10-10
2026-10-10,wk inc flu hosp,0,02,quantile,0.4,7,2026-10-10
2026-10-10,wk inc flu hosp,0,02,quantile,0.45,14,2026-10-10
2026-10-10,wk inc flu hosp,0,02,quantile,0.5,14,2026-10-10
2026-10-10,wk inc flu hosp,0,02,quantile,0.55,14,2026-10-10
2026-10-10,wk inc flu hosp,0,02,quantile,0.6,14,2026-10-10
2026-10-10,wk inc flu hosp,0,02,quantile,0.65,21,2026-10-10
2026-10-10,wk inc flu hosp,0,02,quantile,0.7,21,2026-10-10
2026-10-10,wk inc flu hosp,0,02,quantile,0.75,21,2026-10-10
2026-10-10,wk inc flu hosp,0,02,quantile,0.8,28,2026-10-10
2026-10-10,wk inc flu hosp,0,02,quantile,0.85,28,2026-10-10
2026-10-10,wk inc flu hosp,0,02,quantile,0.9,35,2026-10-10
2026-10-10,wk inc flu hosp,0,02,quantile,0.95,35,2026-10-10
2026-10-10,wk inc flu hosp,0,02,quantile,0.975,42,2026-10-10
2026-10-10,wk inc flu hosp,0,02,quantile,0.99,56,2026-10-10
2026-10-10,wk inc flu hosp,1,02,quantile,0.01,0,2026-10-17
2026-10-10,wk inc flu hosp,1,02,quantile,0.025,0,2026-10-17
2026-10-10,wk inc flu hosp,1,02,quantile,0.05,0,2026-10-17
2026-10-10,wk inc flu hosp,1,02,quantile,0.1,0,2026-10-17
2026-10-10,wk inc flu hosp,1,02,quantile,0.15,7,2026-10-17
2026-10-10,wk inc flu hosp,1,02,quantile,0.2,7,2026-10-17
2026-10-10,wk inc flu hosp,1,02,quantile,0.25,7,2026-10-17
2026-10-10,wk inc flu hosp,1,02,quantile,0.3,7,2026-10-17
2026-10-10,wk inc flu hosp,1,02,quantile,0.35,7,2026-10-17
2026-10-10,wk inc flu hosp,1,02,quantile,0.4,14,2026-10-17
2026-10-10,wk inc flu hosp,1,02,quantile,0.45,14,2026-10-17
2026-10-10,wk inc flu hosp,1,02,quantile,0.5,14,2026-10-17
2026-10-10,wk inc flu hosp,1,02,quantile,0.55,14,2026-10-17
2026-10-10,wk inc flu hosp,1,02,quantile,0.6,21,2026-10-17
2026-10-10,wk inc flu hosp,1,02,quantile,0.65,21,2026-10-17
2026-10-10,wk inc flu hosp,1,02,quantile,0.7,21,2026-10-17
2026-10-10,wk inc flu hosp,1,02,quantile,0.75,21,2026-10-17
2026-10-10,wk inc flu hosp,1,02,quantile,0.8,28,2026-10-17
2026-10-10,wk inc flu hosp,1,02,quantile,0.85,28,2026-10-17
2026-10-10,wk inc flu hosp,1,02,quantile,0.9,35,2026-10-17
2026-10-10,wk inc flu hosp,1,02,quantile,0.95,42,2026-10-17
2026-10-10,wk inc flu hosp,1,02,quantile,0.975,56,2026-10-17
2026-10-10,wk inc flu hosp,1,02,quantile,0.99,63,2026-10-17
2026-10-10,wk inc flu hosp,2,02,quantile,0.01,0,2026-10-24
2026-10-10,wk inc flu hosp,2,02,quantile,0.025,0,2026-10-24
2026-10-10,wk inc flu hosp,2,02,quantile,0.05,0,2026-10-24
2026-10-10,wk inc flu hosp,2,02,quantile,0.1,0,2026-10-24
2026-10-10,wk inc flu hosp,2,02,quantile,0.15,7,2026-10-24
2026-10-10,wk inc flu hosp,2,02,quantile,0.2,7,2026-10-24
2026-10-10,wk inc flu hosp,2,02,quantile,0.25,7,2026-10-24
2026-10-10,wk inc flu hosp,2,02,quantile,0.3,12,2026-10-24
2026-10-10,wk inc flu hosp,2,02,quantile,0.35,14,2026-10-24
2026-10-10,wk inc flu hosp,2,02,quantile,0.4,14,2026-10-24
2026-10-10,wk inc flu hosp,2,02,quantile,0.45,14,2026-10-24
2026-10-10,wk inc flu hosp,2,02,quantile,0.5,14,2026-10-24
2026-10-10,wk inc flu hosp,2,02,quantile,0.55,21,2026-10-24
2026-10-10,wk inc flu hosp,2,02,quantile,0.6,21,2026-10-24
2026-10-10,wk inc flu hosp,2,02,quantile,0.65,21,2026-10-24
2026-10-10,wk inc flu hosp,2,02,quantile,0.7,28,2026-10-24
2026-10-10,wk inc flu hosp,2,02,quantile,0.75,28,2026-10-24
2026-10-10,wk inc flu hosp,2,02,quantile,0.8,35,2026-10-24
2026-10-10,wk inc flu hosp,2,02,quantile,0.85,35,2026-10-24
2026-10-10,wk inc flu hosp,2,02,quantile,0.9,43,2026-10-24
2026-10-10,wk inc flu hosp,2,02,quantile,0.95,56,2026-10-24
2026-10-10,wk inc flu hosp,2,02,quantile,0.975,63,2026-10-24
2026-10-10,wk inc flu hosp,2,02,quantile,0.99,77,2026-10-24
2026-10-10,wk inc flu hosp,3,02,quantile,0.01,0,2026-10-31
2026-10-10,wk inc flu hosp,3,02,quantile,0.025,0,2026-10-31
2026-10-10,wk inc flu hosp,3,02,quantile,0.05,0,2026-10-31
2026-10-10,wk inc flu hosp,3,02,quantile,0.1,6,2026-10-31
2026-10-10,wk inc flu hosp,3,02,quantile,0.15,7,2026-10-31
2026-10-10,wk inc flu hosp,3,02,quantile,0.2,7,2026-10-31
2026-10-10,wk inc flu hosp,3,02,quantile,0.25,7,2026-10-31
2026-10-10,wk inc flu hosp,3,02,quantile,0.3,14,2026-10-31
2026-10-10,wk inc flu hosp,3,02,quantile,0.35,14,2026-10-31
2026-10-10,wk inc flu hosp,3,02,quantile,0.4,14,2026-10-31
2026-10-10,wk inc flu hosp,3,02,quantile,0.45,21,2026-10-31
2026-10-10,wk inc flu hosp,3,02,quantile,0.5,21,2026-10-31
2026-10-10,wk inc flu hosp,3,02,quantile,0.55,21,2026-10-31
2026-10-10,wk inc flu hosp,3,02,quantile,0.6,28,2026-10-31
2026-10-10,wk inc flu hosp,3,02,quantile,0.65,28,2026-10-31
2026-10-10,wk inc flu hosp,3,02,quantile,0.7,28,2026-10-31
2026-10-10,wk inc flu hosp,3,02,quantile,0.75,35,2026-10-31
2026-10-10,wk inc flu hosp,3,02,quantile,0.8,42,2026-10-31
2026-10-10,wk inc flu hosp,3,02,quantile,0.85,42,2026-10-31
2026-10-10,wk inc flu hosp,3,02,quantile,0.9,49,2026-10-31
2026-10-10,wk inc flu hosp,3,02,quantile,0.95,63,2026-10-31
2026-10-10,wk inc flu hosp,3,02,quantile,0.975,77,2026-10-31
2026-10-10,wk inc flu hosp,3,02,quantile,0.99,98,2026-10-31
2026-10-10,wk inc flu hosp,-1,04,quantile,0.01,0,2026-10-03
2026-10-10,wk inc flu hosp,-1,04,quantile,0.025,7,2026-10-03
2026-10-10,wk inc flu hosp,-1,04,quantile,0.05,14,2026-10-03
2026-10-10,wk inc flu hosp,-1,04,quantile,0.1,21,2026-10-03
2026-10-10,wk inc flu hosp,-1,04,quantile,0.15,21,2026-10-03
2026-10-10,wk inc flu hosp,-1,04,quantile,0.2,28,2026-10-03
2026-10-10,wk inc flu hosp,-1,04,quantile,0.25,28,2026-10-03
2026-10-10,wk inc flu hosp,-1,04,quantile,0.3,28,2026-10-03
2026-10-10,wk inc flu hosp,-1,04,quantile,0.35,35,2026-10-03
2026-10-10,wk inc flu hosp,-1,04,quantile,0.4,35,2026-10-03
2026-10-10,wk inc flu hosp,-1,04,quantile,0.45,42,2026-10-03
2026-10-10,wk inc flu hosp,-1,04,quantile,0.5,42,2026-10-03
2026-10-10,wk inc flu hosp,-1,04,quantile,0.55,49,2026-10-03
2026-10-10,wk inc flu hosp,-1,04,quantile,0.6,49,2026-10-03
2026-10-10,wk inc flu hosp,-1,04,quantile,0.65,56,2026-10-03
2026-10-10,wk inc flu hosp,-1,04,quantile,0.7,56,2026-10-03
2026-10-10,wk inc flu hosp,-1,04,quantile,0.75,63,2026-10-03
2026-10-10,wk inc flu hosp,-1,04,quantile,0.8,63,2026-10-03
2026-10-10,wk inc flu hosp,-1,04,quantile,0.85,70,2026-10-03
2026-10-10,wk inc flu hosp,-1,04,quantile,0.9,77,2026-10-03
2026-10-10,wk inc flu hosp,-1,04,quantile,0.95,91,2026-10-03
2026-10-10,wk inc flu hosp,-1,04,quantile,0.975,105,2026-10-03
2026-10-10,wk inc flu hosp,-1,04,quantile,0.99,112,2026-10-03
2026-10-10,wk inc flu hosp,0,04,quantile,0.01,7,2026-10-10
2026-10-10,wk inc flu hosp,0,04,quantile,0.025,14,2026-10-10
2026-10-10,wk inc flu hosp,0,04,quantile,0.05,21,2026-10-10
2026-10-10,wk inc flu hosp,0,04,quantile,0.1,28,2026-10-10
2026-10-10,wk inc flu hosp,0,04,quantile,0.15,35,2026-10-10
2026-10-10,wk inc flu hosp,0,04,quantile,0.2,35,2026-10-10
2026-10-10,wk inc flu hosp,0,04,quantile,0.25,42,2026-10-10
2026-10-10,wk inc flu hosp,0,04,quantile,0.3,49,2026-10-10
2026-10-10,wk inc flu hosp,0,04,quantile,0.35,49,2026-10-10
2026-10-10,wk inc flu hosp,0,04,quantile,0.4,56,2026-10-10
2026-10-10,wk inc flu hosp,0,04,quantile,0.45,56,2026-10-10
2026-10-10,wk inc flu hosp,0,04,quantile,0.5,63,2026-10-10
2026-10-10,wk inc flu hosp,0,04,quantile,0.55,66,2026-10-10
2026-10-10,wk inc flu hosp,0,04,quantile,0.6,70,2026-10-10
2026-10-10,wk inc flu hosp,0,04,quantile,0.65,77,2026-10-10
2026-10-10,wk inc flu hosp,0,04,quantile,0.7,84,2026-10-10
2026-10-10,wk inc flu hosp,0,04,quantile,0.75,84,2026-10-10
2026-10-10,wk inc flu hosp,0,04,quantile,0.8,91,2026-10-10
2026-10-10,wk inc flu hosp,0,04,quantile,0.85,105,2026-10-10
2026-10-10,wk inc flu hosp,0,04,quantile,0.9,112,2026-10-10
2026-10-10,wk inc flu hosp,0,04,quantile,0.95,126,2026-10-10
2026-10-10,wk inc flu hosp,0,04,quantile,0.975,140,2026-10-10
2026-10-10,wk inc flu hosp,0,04,quantile,0.99,161,2026-10-10
2026-10-10,wk inc flu hosp,1,04,quantile,0.01,14,2026-10-17
2026-10-10,wk inc flu hosp,1,04,quantile,0.025,21,2026-10-17
2026-10-10,wk inc flu hosp,1,04,quantile,0.05,28,2026-10-17
2026-10-10,wk inc flu hosp,1,04,quantile,0.1,42,2026-10-17
2026-10-10,wk inc flu hosp,1,04,quantile,0.15,49,2026-10-17
2026-10-10,wk inc flu hosp,1,04,quantile,0.2,56,2026-10-17
2026-10-10,wk inc flu hosp,1,04,quantile,0.25,63,2026-10-17
2026-10-10,wk inc flu hosp,1,04,quantile,0.3,63,2026-10-17
2026-10-10,wk inc flu hosp,1,04,quantile,0.35,70,2026-10-17
2026-10-10,wk inc flu hosp,1,04,quantile,0.4,77,2026-10-17
2026-10-10,wk inc flu hosp,1,04,quantile,0.45,77,2026-10-17
2026-10-10,wk inc flu hosp,1,04,quantile,0.5,84,2026-10-17
2026-10-10,wk inc flu hosp,1,04,quantile,0.55,91,2026-10-17
2026-10-10,wk inc flu hosp,1,04,quantile,0.6,98,2026-10-17
2026-10-10,wk inc flu hosp,1,04,quantile,0.65,105,2026-10-17
2026-10-10,wk inc flu hosp,1,04,quantile,0.7,112,2026-10-17
2026-10-10,wk inc flu hosp,1,04,quantile,0.75,126,2026-10-17
2026-10-10,wk inc flu hosp,1,04,quantile,0.8,133,2026-10-17
2026-10-10,wk inc flu hosp,1,04,quantile,0.85,147,2026-10-17
2026-10-10,wk inc flu hosp,1,04,quantile,0.9,168,2026-10-17
2026-10-10,wk inc flu hosp,1,04,quantile,0.95,189,2026-10-17
2026-10-10,wk inc flu hosp,1,04,quantile,0.975,210,2026-10-17
2026-10-10,wk inc flu hosp,1,04,quantile,0.99,245,2026-10-17
2026-10-10,wk inc flu hosp,2,04,quantile,0.01,14,2026-10-24
2026-10-10,wk inc flu hosp,2,04,quantile,0.025,28,2026-10-24
2026-10-10,wk inc flu hosp,2,04,quantile,0.05,42,2026-10-24
2026-10-10,wk inc flu hosp,2,04,quantile,0.1,49,2026-10-24
2026-10-10,wk inc flu hosp,2,04,quantile,0.15,63,2026-10-24
2026-10-10,wk inc flu hosp,2,04,quantile,0.2,70,2026-10-24
2026-10-10,wk inc flu hosp,2,04,quantile,0.25,77,2026-10-24
2026-10-10,wk inc flu hosp,2,04,quantile,0.3,84,2026-10-24
2026-10-10,wk inc flu hosp,2,04,quantile,0.35,98,2026-10-24
2026-10-10,wk inc flu hosp,2,04,quantile,0.4,105,2026-10-24
2026-10-10,wk inc flu hosp,2,04,quantile,0.45,112,2026-10-24
2026-10-10,wk inc flu hosp,2,04,quantile,0.5,119,2026-10-24
2026-10-10,wk inc flu hosp,2,04,quantile,0.55,126,2026-10-24
2026-10-10,wk inc flu hosp,2,04,quantile,0.6,140,2026-10-24
2026-10-10,wk inc flu hosp,2,04,quantile,0.65,154,2026-10-24
2026-10-10,wk inc flu hosp,2,04,quantile,0.7,168,2026-10-24
2026-10-10,wk inc flu hosp,2,04,quantile,0.75,182,2026-10-24
2026-10-10,wk inc flu hosp,2,04,quantile,0.8,196,2026-10-24
2026-10-10,wk inc flu hosp,2,04,quantile,0.85,217,2026-10-24
2026-10-10,wk inc flu hosp,2,04,quantile,0.9,238,2026-10-24
2026-10-10,wk inc flu hosp,2,04,quantile,0.95,294,2026-10-24
2026-10-10,wk inc flu hosp,2,04,quantile,0.975,336,2026-10-24
2026-10-10,wk inc flu hosp,2,04,quantile,0.99,413,2026-10-24
2026-10-10,wk inc flu hosp,3,04,quantile,0.01,28,2026-10-31
2026-10-10,wk inc flu hosp,3,04,quantile,0.025,42,2026-10-31
2026-10-10,wk inc flu hosp,3,04,quantile,0.05,49,2026-10-31
2026-10-10,wk inc flu hosp,3,04,quantile,0.1,70,2026-10-31
2026-10-10,wk inc flu hosp,3,04,quantile,0.15,84,2026-10-31
2026-10-10,wk inc flu hosp,3,04,quantile,0.2,98,2026-10-31
2026-10-10,wk inc flu hosp,3,04,quantile,0.25,110,2026-10-31
2026-10-10,wk inc flu hosp,3,04,quantile,0.3,119,2026-10-31
2026-10-10,wk inc flu hosp,3,04,quantile,0.35,126,2026-10-31
2026-10-10,wk inc flu hosp,3,04,quantile,0.4,140,2026-10-31
2026-10-10,wk inc flu hosp,3,04,quantile,0.45,154,2026-10-31
2026-10-10,wk inc flu hosp,3,04,quantile,0.5,168,2026-10-31
2026-10-10,wk inc flu hosp,3,04,quantile,0.55,189,2026-10-31
2026-10-10,wk inc flu hosp,3,04,quantile,0.6,203,2026-10-31
2026-10-10,wk inc flu hosp,3,04,quantile,0.65,217,2026-10-31
2026-10-10,wk inc flu hosp,3,04,quantile,0.7,245,2026-10-31
2026-10-10,wk inc flu hosp,3,04,quantile,0.75,266,2026-10-31
2026-10-10,wk inc flu hosp,3,04,quantile,0.8,294,2026-10-31
2026-10-10,wk inc flu hosp,3,04,quantile,0.85,323,2026-10-31
2026-10-10,wk inc flu hosp,3,04,quantile,0.9,385,2026-10-31
2026-10-10,wk inc flu hosp,3,04,quantile,0.95,455,2026-10-31
2026-10-10,wk inc flu hosp,3,04,quantile,0.975,554,2026-10-31
2026-10-10,wk inc flu hosp,3,04,quantile,0.99,700,2026-10-31
2026-10-10,wk inc flu hosp,-1,05,quantile,0.01,0,2026-10-03
2026-10-10,wk inc flu hosp,-1,05,quantile,0.025,0,2026-10-03
2026-10-10,wk inc flu hosp,-1,05,quantile,0.05,0,2026-10-03
2026-10-10,wk inc flu hosp,-1,05,quantile,0.1,0,2026-10-03
2026-10-10,wk inc flu hosp,-1,05,quantile,0.15,0,2026-10-03
2026-10-10,wk inc flu hosp,-1,05,quantile,0.2,0,2026-10-03
2026-10-10,wk inc flu hosp,-1,05,quantile,0.25,0,2026-10-03
2026-10-10,wk inc flu hosp,-1,05,quantile,0.3,0,2026-10-03
2026-10-10,wk inc flu hosp,-1,05,quantile,0.35,7,2026-10-03
2026-10-10,wk inc flu hosp,-1,05,quantile,0.4,7,2026-10-03
2026-10-10,wk inc flu hosp,-1,05,quantile,0.45,7,2026-10-03
2026-10-10,wk inc flu hosp,-1,05,quantile,0.5,7,2026-10-03
2026-10-10,wk inc flu hosp,-1,05,quantile,0.55,7,2026-10-03
2026-10-10,wk inc flu hosp,-1,05,quantile,0.6,7,2026-10-03
2026-10-10,wk inc flu hosp,-1,05,quantile,0.65,14,2026-10-03
2026-10-10,wk inc flu hosp,-1,05,quantile,0.7,14,2026-10-03
2026-10-10,wk inc flu hosp,-1,05,quantile,0.75,14,2026-10-03
2026-10-10,wk inc flu hosp,-1,05,quantile,0.8,14,2026-10-03
2026-10-10,wk inc flu hosp,-1,05,quantile,0.85,21,2026-10-03
2026-10-10,wk inc flu hosp,-1,05,quantile,0.9,21,2026-10-03
2026-10-10,wk inc flu hosp,-1,05,quantile,0.95,28,2026-10-03
2026-10-10,wk inc flu hosp,-1,05,quantile,0.975,35,2026-10-03
2026-10-10,wk inc flu hosp,-1,05,quantile,0.99,42,2026-10-03
2026-10-10,wk inc flu hosp,0,05,quantile,0.01,0,2026-10-10
2026-10-10,wk inc flu hosp,0,05,quantile,0.025,0,2026-10-10
2026-10-10,wk inc flu hosp,0,05,quantile,0.05,0,2026-10-10
2026-10-10,wk inc flu hosp,0,05,quantile,0.1,0,2026-10-10
2026-10-10,wk inc flu hosp,0,05,quantile,0.15,0,2026-10-10
2026-10-10,wk inc flu hosp,0,05,quantile,0.2,0,2026-10-10
2026-10-10,wk inc flu hosp,0,05,quantile,0.25,7,2026-10-10
2026-10-10,wk inc flu hosp,0,05,quantile,0.3,7,2026-10-10
2026-10-10,wk inc flu hosp,0,05,quantile,0.35,7,2026-10-10
2026-10-10,wk inc flu hosp,0,05,quantile,0.4,7,2026-10-10
2026-10-10,wk inc flu hosp,0,05,quantile,0.45,7,2026-10-10
2026-10-10,wk inc flu hosp,0,05,quantile,0.5,14,2026-10-10
2026-10-10,wk inc flu hosp,0,05,quantile,0.55,14,2026-10-10
2026-10-10,wk inc flu hosp,0,05,quantile,0.6,14,2026-10-10
2026-10-10,wk inc flu hosp,0,05,quantile,0.65,14,2026-10-10
2026-10-10,wk inc flu hosp,0,05,quantile,0.7,14,2026-10-10
2026-10-10,wk inc flu hosp,0,05,quantile,0.75,21,2026-10-10
2026-10-10,wk inc flu hosp,0,05,quantile,0.8,21,2026-10-10
2026-10-10,wk inc flu hosp,0,05,quantile,0.85,28,2026-10-10
2026-10-10,wk inc flu hosp,0,05,quantile,0.9,28,2026-10-10
2026-10-10,wk inc flu hosp,0,05,quantile,0.95,35,2026-10-10
2026-10-10,wk inc flu hosp,0,05,quantile,0.975,42,2026-10-10
2026-10-10,wk inc flu hosp,0,05,quantile,0.99,56,2026-10-10
2026-10-10,wk inc flu hosp,1,05,quantile,0.01,0,2026-10-17
2026-10-10,wk inc flu hosp,1,05,quantile,0.025,0,2026-10-17
2026-10-10,wk inc flu hosp,1,05,quantile,0.05,0,2026-10-17
2026-10-10,wk inc flu hosp,1,05,quantile,0.1,0,2026-10-17
2026-10-10,wk inc flu hosp,1,05,quantile,0.15,0,2026-10-17
2026-10-10,wk inc flu hosp,1,05,quantile,0.2,7,2026-10-17
2026-10-10,wk inc flu hosp,1,05,quantile,0.25,7,2026-10-17
2026-10-10,wk inc flu hosp,1,05,quantile,0.3,7,2026-10-17
2026-10-10,wk inc flu hosp,1,05,quantile,0.35,7,2026-10-17
2026-10-10,wk inc flu hosp,1,05,quantile,0.4,7,2026-10-17
2026-10-10,wk inc flu hosp,1,05,quantile,0.45,14,2026-10-17
2026-10-10,wk inc flu hosp,1,05,quantile,0.5,14,2026-10-17
2026-10-10,wk inc flu hosp,1,05,quantile,0.55,14,2026-10-17
2026-10-10,wk inc flu hosp,1,05,quantile,0.6,14,2026-10-17
2026-10-10,wk inc flu hosp,1,05,quantile,0.65,21,2026-10-17
2026-10-10,wk inc flu hosp,1,05,quantile,0.7,21,2026-10-17
2026-10-10,wk inc flu hosp,1,05,quantile,0.75,21,2026-10-17
2026-10-10,wk inc flu hosp,1,05,quantile,0.8,28,2026-10-17
2026-10-10,wk inc flu hosp,1,05,quantile,0.85,28,2026-10-17
2026-10-10,wk inc flu hosp,1,05,quantile,0.9,35,2026-10-17
2026-10-10,wk inc flu hosp,1,05,quantile,0.95,42,2026-10-17
2026-10-10,wk inc flu hosp,1,05,quantile,0.975,49,2026-10-17
2026-10-10,wk inc flu hosp,1,05,quantile,0.99,56,2026-10-17
2026-10-10,wk inc flu hosp,2,05,quantile,0.01,0,2026-10-24
2026-10-10,wk inc flu hosp,2,05,quantile,0.025,0,2026-10-24
2026-10-10,wk inc flu hosp,2,05,quantile,0.05,0,2026-10-24
2026-10-10,wk inc flu hosp,2,05,quantile,0.1,0,2026-10-24
2026-10-10,wk inc flu hosp,2,05,quantile,0.15,7,2026-10-24
2026-10-10,wk inc flu hosp,2,05,quantile,0.2,7,2026-10-24
2026-10-10,wk inc flu hosp,2,05,quantile,0.25,7,2026-10-24
2026-10-10,wk inc flu hosp,2,05,quantile,0.3,7,2026-10-24
2026-10-10,wk inc flu hosp,2,05,quantile,0.35,7,2026-10-24
2026-10-10,wk inc flu hosp,2,05,quantile,0.4,14,2026-10-24
2026-10-10,wk inc flu hosp,2,05,quantile,0.45,14,2026-10-24
2026-10-10,wk inc flu hosp,2,05,quantile,0.5,14,2026-10-24
2026-10-10,wk inc flu hosp,2,05,quantile,0.55,21,2026-10-24
2026-10-10,wk inc flu hosp,2,05,quantile,0.6,21,2026-10-24
2026-10-10,wk inc flu hosp,2,05,quantile,0.65,21,2026-10-24
2026-10-10,wk inc flu hosp,2,05,quantile,0.7,28,2026-10-24
2026-10-10,wk inc flu hosp,2,05,quantile,0.75,28,2026-10-24
2026-10-10,wk inc flu hosp,2,05,quantile,0.8,28,2026-10-24
2026-10-10,wk inc flu hosp,2,05,quantile,0.85,35,2026-10-24
2026-10-10,wk inc flu hosp,2,05,quantile,0.9,42,2026-10-24
2026-10-10,wk inc flu hosp,2,05,quantile,0.95,49,2026-10-24
2026-10-10,wk inc flu hosp,2,05,quantile,0.975,63,2026-10-24
2026-10-10,wk inc flu hosp,2,05,quantile,0.99,70,2026-10-24
2026-10-10,wk inc flu hosp,3,05,quantile,0.01,0,2026-10-31
2026-10-10,wk inc flu hosp,3,05,quantile,0.025,0,2026-10-31
2026-10-10,wk inc flu hosp,3,05,quantile,0.05,0,2026-10-31
2026-10-10,wk inc flu hosp,3,05,quantile,0.1,0,2026-10-31
2026-10-10,wk inc flu hosp,3,05,quantile,0.15,7,2026-10-31
2026-10-10,wk inc flu hosp,3,05,quantile,0.2,7,2026-10-31
2026-10-10,wk inc flu hosp,3,05,quantile,0.25,7,2026-10-31
2026-10-10,wk inc flu hosp,3,05,quantile,0.3,14,2026-10-31
2026-10-10,wk inc flu hosp,3,05,quantile,0.35,14,2026-10-31
2026-10-10,wk inc flu hosp,3,05,quantile,0.4,14,2026-10-31
2026-10-10,wk inc flu hosp,3,05,quantile,0.45,14,2026-10-31
2026-10-10,wk inc flu hosp,3,05,quantile,0.5,21,2026-10-31
2026-10-10,wk inc flu hosp,3,05,quantile,0.55,21,2026-10-31
2026-10-10,wk inc flu hosp,3,05,quantile,0.6,21,2026-10-31
2026-10-10,wk inc flu hosp,3,05,quantile,0.65,28,2026-10-31
2026-10-10,wk inc flu hosp,3,05,quantile,0.7,28,2026-10-31
2026-10-10,wk inc flu hosp,3,05,quantile,0.75,35,2026-10-31
2026-10-10,wk inc flu hosp,3,05,quantile,0.8,35,2026-10-31
2026-10-10,wk inc flu hosp,3,05,quantile,0.85,42,2026-10-31
2026-10-10,wk inc flu hosp,3,05,quantile,0.9,49,2026-10-31
2026-10-10,wk inc flu hosp,3,05,quantile,0.95,63,2026-10-31
2026-10-10,wk inc flu hosp,3,05,quantile,0.975,70,2026-10-31
2026-10-10,wk inc flu hosp,3,05,quantile,0.99,91,2026-10-31
2026-10-10,wk inc flu hosp,-1,06,quantile,0.01,287,2026-10-03
2026-10-10,wk inc flu hosp,-1,06,quantile,0.025,308,2026-10-03
2026-10-10,wk inc flu hosp,-1,06,quantile,0.05,336,2026-10-03
2026-10-10,wk inc flu hosp,-1,06,quantile,0.1,364,2026-10-03
2026-10-10,wk inc flu hosp,-1,06,quantile,0.15,392,2026-10-03
2026-10-10,wk inc flu hosp,-1,06,quantile,0.2,406,2026-10-03
2026-10-10,wk inc flu hosp,-1,06,quantile,0.25,420,2026-10-03
2026-10-10,wk inc flu hosp,-1,06,quantile,0.3,434,2026-10-03
2026-10-10,wk inc flu hosp,-1,06,quantile,0.35,441,2026-10-03
2026-10-10,wk inc flu hosp,-1,06,quantile,0.4,462,2026-10-03
2026-10-10,wk inc flu hosp,-1,06,quantile,0.45,476,2026-10-03
2026-10-10,wk inc flu hosp,-1,06,quantile,0.5,490,2026-10-03
2026-10-10,wk inc flu hosp,-1,06,quantile,0.55,511,2026-10-03
2026-10-10,wk inc flu hosp,-1,06,quantile,0.6,525,2026-10-03
2026-10-10,wk inc flu hosp,-1,06,quantile,0.65,546,2026-10-03
2026-10-10,wk inc flu hosp,-1,06,quantile,0.7,560,2026-10-03
2026-10-10,wk inc flu hosp,-1,06,quantile,0.75,574,2026-10-03
2026-10-10,wk inc flu hosp,-1,06,quantile,0.8,595,2026-10-03
2026-10-10,wk inc flu hosp,-1,06,quantile,0.85,616,2026-10-03
2026-10-10,wk inc flu hosp,-1,06,quantile,0.9,644,2026-10-03
2026-10-10,wk inc flu hosp,-1,06,quantile,0.95,693,2026-10-03
2026-10-10,wk inc flu hosp,-1,06,quantile,0.975,735,2026-10-03
2026-10-10,wk inc flu hosp,-1,06,quantile,0.99,770,2026-10-03
2026-10-10,wk inc flu hosp,0,06,quantile,0.01,336,2026-10-10
2026-10-10,wk inc flu hosp,0,06,quantile,0.025,378,2026-10-10
2026-10-10,wk inc flu hosp,0,06,quantile,0.05,413,2026-10-10
2026-10-10,wk inc flu hosp,0,06,quantile,0.1,462,2026-10-10
2026-10-10,wk inc flu hosp,0,06,quantile,0.15,490,2026-10-10
2026-10-10,wk inc flu hosp,0,06,quantile,0.2,511,2026-10-10
2026-10-10,wk inc flu hosp,0,06,quantile,0.25,532,2026-10-10
2026-10-10,wk inc flu hosp,0,06,quantile,0.3,553,2026-10-10
2026-10-10,wk inc flu hosp,0,06,quantile,0.35,574,2026-10-10
2026-10-10,wk inc flu hosp,0,06,quantile,0.4,595,2026-10-10
2026-10-10,wk inc flu hosp,0,06,quantile,0.45,616,2026-10-10
2026-10-10,wk inc flu hosp,0,06,quantile,0.5,630,2026-10-10
2026-10-10,wk inc flu hosp,0,06,quantile,0.55,644,2026-10-10
2026-10-10,wk inc flu hosp,0,06,quantile,0.6,658,2026-10-10
2026-10-10,wk inc flu hosp,0,06,quantile,0.65,679,2026-10-10
2026-10-10,wk inc flu hosp,0,06,quantile,0.7,700,2026-10-10
2026-10-10,wk inc flu hosp,0,06,quantile,0.75,721,2026-10-10
2026-10-10,wk inc flu hosp,0,06,quantile,0.8,749,2026-10-10
2026-10-10,wk inc flu hosp,0,06,quantile,0.85,784,2026-10-10
2026-10-10,wk inc flu hosp,0,06,quantile,0.9,826,2026-10-10
2026-10-10,wk inc flu hosp,0,06,quantile,0.95,889,2026-10-10
2026-10-10,wk inc flu hosp,0,06,quantile,0.975,938,2026-10-10
2026-10-10,wk inc flu hosp,0,06,quantile,0.99,994,2026-10-10
2026-10-10,wk inc flu hosp,1,06,quantile,0.01,434,2026-10-17
2026-10-10,wk inc flu hosp,1,06,quantile,0.025,469,2026-10-17
2026-10-10,wk inc flu hosp,1,06,quantile,0.05,511,2026-10-17
2026-10-10,wk inc flu hosp,1,06,quantile,0.1,567,2026-10-17
2026-10-10,wk inc flu hosp,1,06,quantile,0.15,602,2026-10-17
2026-10-10,wk inc flu hosp,1,06,quantile,0.2,637,2026-10-17
2026-10-10,wk inc flu hosp,1,06,quantile,0.25,665,2026-10-17
2026-10-10,wk inc flu hosp,1,06,quantile,0.3,686,2026-10-17
2026-10-10,wk inc flu hosp,1,06,quantile,0.35,714,2026-10-17
2026-10-10,wk inc flu hosp,1,06,quantile,0.4,735,2026-10-17
2026-10-10,wk inc flu hosp,1,06,quantile,0.45,756,2026-10-17
2026-10-10,wk inc flu hosp,1,06,quantile,0.5,777,2026-10-17
2026-10-10,wk inc flu hosp,1,06,quantile,0.55,808,2026-10-17
2026-10-10,wk inc flu hosp,1,06,quantile,0.6,836,2026-10-17
2026-10-10,wk inc flu hosp,1,06,quantile,0.65,854,2026-10-17
2026-10-10,wk inc flu hosp,1,06,quantile,0.7,882,2026-10-17
2026-10-10,wk inc flu hosp,1,06,quantile,0.75,912,2026-10-17
2026-10-10,wk inc flu hosp,1,06,quantile,0.8,952,2026-10-17
2026-10-10,wk inc flu hosp,1,06,quantile,0.85,980,2026-10-17
2026-10-10,wk inc flu hosp,1,06,quantile,0.9,1043,2026-10-17
2026-10-10,wk inc flu hosp,1,06,quantile,0.95,1113,2026-10-17
2026-10-10,wk inc flu hosp,1,06,quantile,0.975,1190,2026-10-17
2026-10-10,wk inc flu hosp,1,06,quantile,0.99,1260,2026-10-17
2026-10-10,wk inc flu hosp,2,06,quantile,0.01,504,2026-10-24
2026-10-10,wk inc flu hosp,2,06,quantile,0.025,553,2026-10-24
2026-10-10,wk inc flu hosp,2,06,quantile,0.05,609,2026-10-24
2026-10-10,wk inc flu hosp,2,06,quantile,0.1,665,2026-10-24
2026-10-10,wk inc flu hosp,2,06,quantile,0.15,714,2026-10-24
2026-10-10,wk inc flu hosp,2,06,quantile,0.2,756,2026-10-24
2026-10-10,wk inc flu hosp,2,06,quantile,0.25,798,2026-10-24
2026-10-10,wk inc flu hosp,2,06,quantile,0.3,831,2026-10-24
2026-10-10,wk inc flu hosp,2,06,quantile,0.35,861,2026-10-24
2026-10-10,wk inc flu hosp,2,06,quantile,0.4,903,2026-10-24
2026-10-10,wk inc flu hosp,2,06,quantile,0.45,938,2026-10-24
2026-10-10,wk inc flu hosp,2,06,quantile,0.5,973,2026-10-24
2026-10-10,wk inc flu hosp,2,06,quantile,0.55,1001,2026-10-24
2026-10-10,wk inc flu hosp,2,06,quantile,0.6,1029,2026-10-24
2026-10-10,wk inc flu hosp,2,06,quantile,0.65,1071,2026-10-24
2026-10-10,wk inc flu hosp,2,06,quantile,0.7,1106,2026-10-24
2026-10-10,wk inc flu hosp,2,06,quantile,0.75,1162,2026-10-24
2026-10-10,wk inc flu hosp,2,06,quantile,0.8,1225,2026-10-24
2026-10-10,wk inc flu hosp,2,06,quantile,0.85,1295,2026-10-24
2026-10-10,wk inc flu hosp,2,06,quantile,0.9,1386,2026-10-24
2026-10-10,wk inc flu hosp,2,06,quantile,0.95,1491,2026-10-24
2026-10-10,wk inc flu hosp,2,06,quantile,0.975,1631,2026-10-24
2026-10-10,wk inc flu hosp,2,06,quantile,0.99,1827,2026-10-24
2026-10-10,wk inc flu hosp,3,06,quantile,0.01,574,2026-10-31
2026-10-10,wk inc flu hosp,3,06,quantile,0.025,658,2026-10-31
2026-10-10,wk inc flu hosp,3,06,quantile,0.05,735,2026-10-31
2026-10-10,wk inc flu hosp,3,06,quantile,0.1,840,2026-10-31
2026-10-10,wk inc flu hosp,3,06,quantile,0.15,896,2026-10-31
2026-10-10,wk inc flu hosp,3,06,quantile,0.2,938,2026-10-31
2026-10-10,wk inc flu hosp,3,06,quantile,0.25,994,2026-10-31
2026-10-10,wk inc flu hosp,3,06,quantile,0.3,1043,2026-10-31
2026-10-10,wk inc flu hosp,3,06,quantile,0.35,1099,2026-10-31
2026-10-10,wk inc flu hosp,3,06,quantile,0.4,1145,2026-10-31
2026-10-10,wk inc flu hosp,3,06,quantile,0.45,1197,2026-10-31
2026-10-10,wk inc flu hosp,3,06,quantile,0.5,1253,2026-10-31
2026-10-10,wk inc flu hosp,3,06,quantile,0.55,1302,2026-10-31
2026-10-10,wk inc flu hosp,3,06,quantile,0.6,1351,2026-10-31
2026-10-10,wk inc flu hosp,3,06,quantile,0.65,1407,2026-10-31
2026-10-10,wk inc flu hosp,3,06,quantile,0.7,1463,2026-10-31
2026-10-10,wk inc flu hosp,3,06,quantile,0.75,1535,2026-10-31
2026-10-10,wk inc flu hosp,3,06,quantile,0.8,1610,2026-10-31
2026-10-10,wk inc flu hosp,3,06,quantile,0.85,1702,2026-10-31
2026-10-10,wk inc flu hosp,3,06,quantile,0.9,1876,2026-10-31
2026-10-10,wk inc flu hosp,3,06,quantile,0.95,2121,2026-10-31
2026-10-10,wk inc flu hosp,3,06,quantile,0.975,2360,2026-10-31
2026-10-10,wk inc flu hosp,3,06,quantile,0.99,2611,2026-10-31
2026-10-10,wk inc flu hosp,-1,08,quantile,0.01,0,2026-10-03
2026-10-10,wk inc flu hosp,-1,08,quantile,0.025,0,2026-10-03
2026-10-10,wk inc flu hosp,-1,08,quantile,0.05,0,2026-10-03
2026-10-10,wk inc flu hosp,-1,08,quantile,0.1,7,2026-10-03
2026-10-10,wk inc flu hosp,-1,08,quantile,0.15,7,2026-10-03
2026-10-10,wk inc flu hosp,-1,08,quantile,0.2,7,2026-10-03
2026-10-10,wk inc flu hosp,-1,08,quantile,0.25,7,2026-10-03
2026-10-10,wk inc flu hosp,-1,08,quantile,0.3,14,2026-10-03
2026-10-10,wk inc flu hosp,-1,08,quantile,0.35,14,2026-10-03
2026-10-10,wk inc flu hosp,-1,08,quantile,0.4,14,2026-10-03
2026-10-10,wk inc flu hosp,-1,08,quantile,0.45,14,2026-10-03
2026-10-10,wk inc flu hosp,-1,08,quantile,0.5,21,2026-10-03
2026-10-10,wk inc flu hosp,-1,08,quantile,0.55,21,2026-10-03
2026-10-10,wk inc flu hosp,-1,08,quantile,0.6,21,2026-10-03
2026-10-10,wk inc flu hosp,-1,08,quantile,0.65,21,2026-10-03
2026-10-10,wk inc flu hosp,-1,08,quantile,0.7,28,2026-10-03
2026-10-10,wk inc flu hosp,-1,08,quantile,0.75,28,2026-10-03
2026-10-10,wk inc flu hosp,-1,08,quantile,0.8,35,2026-10-03
2026-10-10,wk inc flu hosp,-1,08,quantile,0.85,35,2026-10-03
2026-10-10,wk inc flu hosp,-1,08,quantile,0.9,42,2026-10-03
2026-10-10,wk inc flu hosp,-1,08,quantile,0.95,49,2026-10-03
2026-10-10,wk inc flu hosp,-1,08,quantile,0.975,56,2026-10-03
2026-10-10,wk inc flu hosp,-1,08,quantile,0.99,63,2026-10-03
2026-10-10,wk inc flu hosp,0,08,quantile,0.01,0,2026-10-10
2026-10-10,wk inc flu hosp,0,08,quantile,0.025,0,2026-10-10
2026-10-10,wk inc flu hosp,0,08,quantile,0.05,7,2026-10-10
2026-10-10,wk inc flu hosp,0,08,quantile,0.1,7,2026-10-10
2026-10-10,wk inc flu hosp,0,08,quantile,0.15,7,2026-10-10
2026-10-10,wk inc flu hosp,0,08,quantile,0.2,14,2026-10-10
2026-10-10,wk inc flu hosp,0,08,quantile,0.25,14,2026-10-10
2026-10-10,wk inc flu hosp,0,08,quantile,0.3,14,2026-10-10
2026-10-10,wk inc flu hosp,0,08,quantile,0.35,21,2026-10-10
2026-10-10,wk inc flu hosp,0,08,quantile,0.4,21,2026-10-10
2026-10-10,wk inc flu hosp,0,08,quantile,0.45,21,2026-10-10
2026-10-10,wk inc flu hosp,0,08,quantile,0.5,28,2026-10-10
2026-10-10,wk inc flu hosp,0,08,quantile,0.55,28,2026-10-10
2026-10-10,wk inc flu hosp,0,08,quantile,0.6,35,2026-10-10
2026-10-10,wk inc flu hosp,0,08,quantile,0.65,35,2026-10-10
2026-10-10,wk inc flu hosp,0,08,quantile,0.7,35,2026-10-10
2026-10-10,wk inc flu hosp,0,08,quantile,0.75,42,2026-10-10
2026-10-10,wk inc flu hosp,0,08,quantile,0.8,42,2026-10-10
2026-10-10,wk inc flu hosp,0,08,quantile,0.85,49,2026-10-10
2026-10-10,wk inc flu hosp,0,08,quantile,0.9,56,2026-10-10
2026-10-10,wk inc flu hosp,0,08,quantile,0.95,63,2026-10-10
2026-10-10,wk inc flu hosp,0,08,quantile,0.975,70,2026-10-10
2026-10-10,wk inc flu hosp,0,08,quantile,0.99,84,2026-10-10
2026-10-10,wk inc flu hosp,1,08,quantile,0.01,0,2026-10-17
2026-10-10,wk inc flu hosp,1,08,quantile,0.025,7,2026-10-17
2026-10-10,wk inc flu hosp,1,08,quantile,0.05,7,2026-10-17
2026-10-10,wk inc flu hosp,1,08,quantile,0.1,14,2026-10-17
2026-10-10,wk inc flu hosp,1,08,quantile,0.15,14,2026-10-17
2026-10-10,wk inc flu hosp,1,08,quantile,0.2,21,2026-10-17
2026-10-10,wk inc flu hosp,1,08,quantile,0.25,21,2026-10-17
2026-10-10,wk inc flu hosp,1,08,quantile,0.3,28,2026-10-17
2026-10-10,wk inc flu hosp,1,08,quantile,0.35,28,2026-10-17
2026-10-10,wk inc flu hosp,1,08,quantile,0.4,28,2026-10-17
2026-10-10,wk inc flu hosp,1,08,quantile,0.45,35,2026-10-17
2026-10-10,wk inc flu hosp,1,08,quantile,0.5,35,2026-10-17
2026-10-10,wk inc flu hosp,1,08,quantile,0.55,42,2026-10-17
2026-10-10,wk inc flu hosp,1,08,quantile,0.6,42,2026-10-17
2026-10-10,wk inc flu hosp,1,08,quantile,0.65,49,2026-10-17
2026-10-10,wk inc flu hosp,1,08,quantile,0.7,49,2026-10-17
2026-10-10,wk inc flu hosp,1,08,quantile,0.75,56,2026-10-17
2026-10-10,wk inc flu hosp,1,08,quantile,0.8,56,2026-10-17
2026-10-10,wk inc flu hosp,1,08,quantile,0.85,63,2026-10-17
2026-10-10,wk inc flu hosp,1,08,quantile,0.9,70,2026-10-17
2026-10-10,wk inc flu hosp,1,08,quantile,0.95,91,2026-10-17
2026-10-10,wk inc flu hosp,1,08,quantile,0.975,105,2026-10-17
2026-10-10,wk inc flu hosp,1,08,quantile,0.99,119,2026-10-17
2026-10-10,wk inc flu hosp,2,08,quantile,0.01,0,2026-10-24
2026-10-10,wk inc flu hosp,2,08,quantile,0.025,7,2026-10-24
2026-10-10,wk inc flu hosp,2,08,quantile,0.05,7,2026-10-24
2026-10-10,wk inc flu hosp,2,08,quantile,0.1,14,2026-10-24
2026-10-10,wk inc flu hosp,2,08,quantile,0.15,21,2026-10-24
2026-10-10,wk inc flu hosp,2,08,quantile,0.2,28,2026-10-24
2026-10-10,wk inc flu hosp,2,08,quantile,0.25,28,2026-10-24
2026-10-10,wk inc flu hosp,2,08,quantile,0.3,35,2026-10-24
2026-10-10,wk inc flu hosp,2,08,quantile,0.35,35,2026-10-24
2026-10-10,wk inc flu hosp,2,08,quantile,0.4,42,2026-10-24
2026-10-10,wk inc flu hosp,2,08,quantile,0.45,42,2026-10-24
2026-10-10,wk inc flu hosp,2,08,quantile,0.5,49,2026-10-24
2026-10-10,wk inc flu hosp,2,08,quantile,0.55,56,2026-10-24
2026-10-10,wk inc flu hosp,2,08,quantile,0.6,56,2026-10-24
2026-10-10,wk inc flu hosp,2,08,quantile,0.65,63,2026-10-24
2026-10-10,wk inc flu hosp,2,08,quantile,0.7,70,2026-10-24
2026-10-10,wk inc flu hosp,2,08,quantile,0.75,77,2026-10-24
2026-10-10,wk inc flu hosp,2,08,quantile,0.8,77,2026-10-24
2026-10-10,wk inc flu hosp,2,08,quantile,0.85,84,2026-10-24
2026-10-10,wk inc flu hosp,2,08,quantile,0.9,98,2026-10-24
2026-10-10,wk inc flu hosp,2,08,quantile,0.95,119,2026-10-24
2026-10-10,wk inc flu hosp,2,08,quantile,0.975,133,2026-10-24
2026-10-10,wk inc flu hosp,2,08,quantile,0.99,154,2026-10-24
2026-10-10,wk inc flu hosp,3,08,quantile,0.01,7,2026-10-31
2026-10-10,wk inc flu hosp,3,08,quantile,0.025,14,2026-10-31
2026-10-10,wk inc flu hosp,3,08,quantile,0.05,14,2026-10-31
2026-10-10,wk inc flu hosp,3,08,quantile,0.1,27,2026-10-31
2026-10-10,wk inc flu hosp,3,08,quantile,0.15,28,2026-10-31
2026-10-10,wk inc flu hosp,3,08,quantile,0.2,35,2026-10-31
2026-10-10,wk inc flu hosp,3,08,quantile,0.25,42,2026-10-31
2026-10-10,wk inc flu hosp,3,08,quantile,0.3,49,2026-10-31
2026-10-10,wk inc flu hosp,3,08,quantile,0.35,49,2026-10-31
2026-10-10,wk inc flu hosp,3,08,quantile,0.4,56,2026-10-31
2026-10-10,wk inc flu hosp,3,08,quantile,0.45,63,2026-10-31
2026-10-10,wk inc flu hosp,3,08,quantile,0.5,70,2026-10-31
2026-10-10,wk inc flu hosp,3,08,quantile,0.55,77,2026-10-31
2026-10-10,wk inc flu hosp,3,08,quantile,0.6,84,2026-10-31
2026-10-10,wk inc flu hosp,3,08,quantile,0.65,91,2026-10-31
2026-10-10,wk inc flu hosp,3,08,quantile,0.7,98,2026-10-31
2026-10-10,wk inc flu hosp,3,08,quantile,0.75,105,2026-10-31
2026-10-10,wk inc flu hosp,3,08,quantile,0.8,112,2026-10-31
2026-10-10,wk inc flu hosp,3,08,quantile,0.85,126,2026-10-31
2026-10-10,wk inc flu hosp,3,08,quantile,0.9,140,2026-10-31
2026-10-10,wk inc flu hosp,3,08,quantile,0.95,175,2026-10-31
2026-10-10,wk inc flu hosp,3,08,quantile,0.975,210,2026-10-31
2026-10-10,wk inc flu hosp,3,08,quantile,0.99,231,2026-10-31
2026-10-10,wk inc flu hosp,-1,09,quantile,0.01,0,2026-10-03
2026-10-10,wk inc flu hosp,-1,09,quantile,0.025,0,2026-10-03
2026-10-10,wk inc flu hosp,-1,09,quantile,0.05,0,2026-10-03
2026-10-10,wk inc flu hosp,-1,09,quantile,0.1,0,2026-10-03
2026-10-10,wk inc flu hosp,-1,09,quantile,0.15,0,2026-10-03
2026-10-10,wk inc flu hosp,-1,09,quantile,0.2,0,2026-10-03
2026-10-10,wk inc flu hosp,-1,09,quantile,0.25,0,2026-10-03
2026-10-10,wk inc flu hosp,-1,09,quantile,0.3,0,2026-10-03
2026-10-10,wk inc flu hosp,-1,09,quantile,0.35,0,2026-10-03
2026-10-10,wk inc flu hosp,-1,09,quantile,0.4,0,2026-10-03
2026-10-10,wk inc flu hosp,-1,09,quantile,0.45,7,2026-10-03
2026-10-10,wk inc flu hosp,-1,09,quantile,0.5,7,2026-10-03
2026-10-10,wk inc flu hosp,-1,09,quantile,0.55,7,2026-10-03
2026-10-10,wk inc flu hosp,-1,09,quantile,0.6,7,2026-10-03
2026-10-10,wk inc flu hosp,-1,09,quantile,0.65,7,2026-10-03
2026-10-10,wk inc flu hosp,-1,09,quantile,0.7,7,2026-10-03
2026-10-10,wk inc flu hosp,-1,09,quantile,0.75,7,2026-10-03
2026-10-10,wk inc flu hosp,-1,09,quantile,0.8,14,2026-10-03
2026-10-10,wk inc flu hosp,-1,09,quantile,0.85,14,2026-10-03
2026-10-10,wk inc flu hosp,-1,09,quantile,0.9,14,2026-10-03
2026-10-10,wk inc flu hosp,-1,09,quantile,0.95,21,2026-10-03
2026-10-10,wk inc flu hosp,-1,09,quantile,0.975,28,2026-10-03
2026-10-10,wk inc flu hosp,-1,09,quantile,0.99,28,2026-10-03
2026-10-10,wk inc flu hosp,0,09,quantile,0.01,0,2026-10-10
2026-10-10,wk inc flu hosp,0,09,quantile,0.025,0,2026-10-10
2026-10-10,wk inc flu hosp,0,09,quantile,0.05,0,2026-10-10
2026-10-10,wk inc flu hosp,0,09,quantile,0.1,0,2026-10-10
2026-10-10,wk inc flu hosp,0,09,quantile,0.15,0,2026-10-10
2026-10-10,wk inc flu hosp,0,09,quantile,0.2,0,2026-10-10
2026-10-10,wk inc flu hosp,0,09,quantile,0.25,0,2026-10-10
2026-10-10,wk inc flu hosp,0,09,quantile,0.3,0,2026-10-10
2026-10-10,wk inc flu hosp,0,09,quantile,0.35,7,2026-10-10
2026-10-10,wk inc flu hosp,0,09,quantile,0.4,7,2026-10-10
2026-10-10,wk inc flu hosp,0,09,quantile,0.45,7,2026-10-10
2026-10-10,wk inc flu hosp,0,09,quantile,0.5,7,2026-10-10
2026-10-10,wk inc flu hosp,0,09,quantile,0.55,7,2026-10-10
2026-10-10,wk inc flu hosp,0,09,quantile,0.6,7,2026-10-10
2026-10-10,wk inc flu hosp,0,09,quantile,0.65,14,2026-10-10
2026-10-10,wk inc flu hosp,0,09,quantile,0.7,14,2026-10-10
2026-10-10,wk inc flu hosp,0,09,quantile,0.75,14,2026-10-10
2026-10-10,wk inc flu hosp,0,09,quantile,0.8,14,2026-10-10
2026-10-10,wk inc flu hosp,0,09,quantile,0.85,21,2026-10-10
2026-10-10,wk inc flu hosp,0,09,quantile,0.9,21,2026-10-10
2026-10-10,wk inc flu hosp,0,09,quantile,0.95,35,2026-10-10
2026-10-10,wk inc flu hosp,0,09,quantile,0.975,42,2026-10-10
2026-10-10,wk inc flu hosp,0,09,quantile,0.99,49,2026-10-10
2026-10-10,wk inc flu hosp,1,09,quantile,0.01,0,2026-10-17
2026-10-10,wk inc flu hosp,1,09,quantile,0.025,0,2026-10-17
2026-10-10,wk inc flu hosp,1,09,quantile,0.05,0,2026-10-17
2026-10-10,wk inc flu hosp,1,09,quantile,0.1,0,2026-10-17
2026-10-10,wk inc flu hosp,1,09,quantile,0.15,0,2026-10-17
2026-10-10,wk inc flu hosp,1,09,quantile,0.2,0,2026-10-17
2026-10-10,wk inc flu hosp,1,09,quantile,0.25,7,2026-10-17
2026-10-10,wk inc flu hosp,1,09,quantile,0.3,7,2026-10-17
2026-10-10,wk inc flu hosp,1,09,quantile,0.35,7,2026-10-17
2026-10-10,wk inc flu hosp,1,09,quantile,0.4,7,2026-10-17
2026-10-10,wk inc flu hosp,1,09,quantile,0.45,7,2026-10-17
2026-10-10,wk inc flu hosp,1,09,quantile,0.5,14,2026-10-17
2026-10-10,wk inc flu hosp,1,09,quantile,0.55,14,2026-10-17
2026-10-10,wk inc flu hosp,1,09,quantile,0.6,14,2026-10-17
2026-10-10,wk inc flu hosp,1,09,quantile,0.65,14,2026-10-17
2026-10-10,wk inc flu hosp,1,09,quantile,0.7,21,2026-10-17
2026-10-10,wk inc flu hosp,1,09,quantile,0.75,21,2026-10-17
2026-10-10,wk inc flu hosp,1,09,quantile,0.8,21,2026-10-17
2026-10-10,wk inc flu hosp,1,09,quantile,0.85,28,2026-10-17
2026-10-10,wk inc flu hosp,1,09,quantile,0.9,35,2026-10-17
2026-10-10,wk inc flu hosp,1,09,quantile,0.95,42,2026-10-17
2026-10-10,wk inc flu hosp,1,09,quantile,0.975,49,2026-10-17
2026-10-10,wk inc flu hosp,1,09,quantile,0.99,63,2026-10-17
2026-10-10,wk inc flu hosp,2,09,quantile,0.01,0,2026-10-24
2026-10-10,wk inc flu hosp,2,09,quantile,0.025,0,2026-10-24
2026-10-10,wk inc flu hosp,2,09,quantile,0.05,0,2026-10-24
2026-10-10,wk inc flu hosp,2,09,quantile,0.1,0,2026-10-24
2026-10-10,wk inc flu hosp,2,09,quantile,0.15,0,2026-10-24
2026-10-10,wk inc flu hosp,2,09,quantile,0.2,0,2026-10-24
2026-10-10,wk inc flu hosp,2,09,quantile,0.25,7,2026-10-24
2026-10-10,wk inc flu hosp,2,09,quantile,0.3,7,2026-10-24
2026-10-10,wk inc flu hosp,2,09,quantile,0.35,7,2026-10-24
2026-10-10,wk inc flu hosp,2,09,quantile,0.4,7,2026-10-24
2026-10-10,wk inc flu hosp,2,09,quantile,0.45,14,2026-10-24
2026-10-10,wk inc flu hosp,2,09,quantile,0.5,14,2026-10-24
2026-10-10,wk inc flu hosp,2,09,quantile,0.55,14,2026-10-24
2026-10-10,wk inc flu hosp,2,09,quantile,0.6,21,2026-10-24
2026-10-10,wk inc flu hosp,2,09,quantile,0.65,21,2026-10-24
2026-10-10,wk inc flu hosp,2,09,quantile,0.7,21,2026-10-24
2026-10-10,wk inc flu hosp,2,09,quantile,0.75,28,2026-10-24
2026-10-10,wk inc flu hosp,2,09,quantile,0.8,28,2026-10-24
2026-10-10,wk inc flu hosp,2,09,quantile,0.85,35,2026-10-24
2026-10-10,wk inc flu hosp,2,09,quantile,0.9,42,2026-10-24
2026-10-10,wk inc flu hosp,2,09,quantile,0.95,56,2026-10-24
2026-10-10,wk inc flu hosp,2,09,quantile,0.975,70,2026-10-24
2026-10-10,wk inc flu hosp,2,09,quantile,0.99,91,2026-10-24
2026-10-10,wk inc flu hosp,3,09,quantile,0.01,0,2026-10-31
2026-10-10,wk inc flu hosp,3,09,quantile,0.025,0,2026-10-31
2026-10-10,wk inc flu hosp,3,09,quantile,0.05,0,2026-10-31
2026-10-10,wk inc flu hosp,3,09,quantile,0.1,0,2026-10-31
2026-10-10,wk inc flu hosp,3,09,quantile,0.15,7,2026-10-31
2026-10-10,wk inc flu hosp,3,09,quantile,0.2,7,2026-10-31
2026-10-10,wk inc flu hosp,3,09,quantile,0.25,7,2026-10-31
2026-10-10,wk inc flu hosp,3,09,quantile,0.3,7,2026-10-31
2026-10-10,wk inc flu hosp,3,09,quantile,0.35,14,2026-10-31
2026-10-10,wk inc flu hosp,3,09,quantile,0.4,14,2026-10-31
2026-10-10,wk inc flu hosp,3,09,quantile,0.45,14,2026-10-31
2026-10-10,wk inc flu hosp,3,09,quantile,0.5,21,2026-10-31
2026-10-10,wk inc flu hosp,3,09,quantile,0.55,21,2026-10-31
2026-10-10,wk inc flu hosp,3,09,quantile,0.6,28,2026-10-31
2026-10-10,wk inc flu hosp,3,09,quantile,0.65,28,2026-10-31
2026-10-10,wk inc flu hosp,3,09,quantile,0.7,28,2026-10-31
2026-10-10,wk inc flu hosp,3,09,quantile,0.75,35,2026-10-31
2026-10-10,wk inc flu hosp,3,09,quantile,0.8,42,2026-10-31
2026-10-10,wk inc flu hosp,3,09,quantile,0.85,49,2026-10-31
2026-10-10,wk inc flu hosp,3,09,quantile,0.9,63,2026-10-31
2026-10-10,wk inc flu hosp,3,09,quantile,0.95,77,2026-10-31
2026-10-10,wk inc flu hosp,3,09,quantile,0.975,98,2026-10-31
2026-10-10,wk inc flu hosp,3,09,quantile,0.99,119,2026-10-31
2026-10-10,wk inc flu hosp,-1,10,quantile,0.01,0,2026-10-03
2026-10-10,wk inc flu hosp,-1,10,quantile,0.025,0,2026-10-03
2026-10-10,wk inc flu hosp,-1,10,quantile,0.05,0,2026-10-03
2026-10-10,wk inc flu hosp,-1,10,quantile,0.1,0,2026-10-03
2026-10-10,wk inc flu hosp,-1,10,quantile,0.15,0,2026-10-03
2026-10-10,wk inc flu hosp,-1,10,quantile,0.2,0,2026-10-03
2026-10-10,wk inc flu hosp,-1,10,quantile,0.25,0,2026-10-03
2026-10-10,wk inc flu hosp,-1,10,quantile,0.3,0,2026-10-03
2026-10-10,wk inc flu hosp,-1,10,quantile,0.35,0,2026-10-03
2026-10-10,wk inc flu hosp,-1,10,quantile,0.4,0,2026-10-03
2026-10-10,wk inc flu hosp,-1,10,quantile,0.45,0,2026-10-03
2026-10-10,wk inc flu hosp,-1,10,quantile,0.5,0,2026-10-03
2026-10-10,wk inc flu hosp,-1,10,quantile,0.55,0,2026-10-03
2026-10-10,wk inc flu hosp,-1,10,quantile,0.6,0,2026-10-03
2026-10-10,wk inc flu hosp,-1,10,quantile,0.65,0,2026-10-03
2026-10-10,wk inc flu hosp,-1,10,quantile,0.7,0,2026-10-03
2026-10-10,wk inc flu hosp,-1,10,quantile,0.75,7,2026-10-03
2026-10-10,wk inc flu hosp,-1,10,quantile,0.8,7,2026-10-03
2026-10-10,wk inc flu hosp,-1,10,quantile,0.85,7,2026-10-03
2026-10-10,wk inc flu hosp,-1,10,quantile,0.9,7,2026-10-03
2026-10-10,wk inc flu hosp,-1,10,quantile,0.95,14,2026-10-03
2026-10-10,wk inc flu hosp,-1,10,quantile,0.975,14,2026-10-03
2026-10-10,wk inc flu hosp,-1,10,quantile,0.99,21,2026-10-03
2026-10-10,wk inc flu hosp,0,10,quantile,0.01,0,2026-10-10
2026-10-10,wk inc flu hosp,0,10,quantile,0.025,0,2026-10-10
2026-10-10,wk inc flu hosp,0,10,quantile,0.05,0,2026-10-10
2026-10-10,wk inc flu hosp,0,10,quantile,0.1,0,2026-10-10
2026-10-10,wk inc flu hosp,0,10,quantile,0.15,0,2026-10-10
2026-10-10,wk inc flu hosp,0,10,quantile,0.2,0,2026-10-10
2026-10-10,wk inc flu hosp,0,10,quantile,0.25,0,2026-10-10
2026-10-10,wk inc flu hosp,0,10,quantile,0.3,0,2026-10-10
2026-10-10,wk inc flu hosp,0,10,quantile,0.35,0,2026-10-10
2026-10-10,wk inc flu hosp,0,10,quantile,0.4,0,2026-10-10
2026-10-10,wk inc flu hosp,0,10,quantile,0.45,0,2026-10-10
2026-10-10,wk inc flu hosp,0,10,quantile,0.5,0,2026-10-10
2026-10-10,wk inc flu hosp,0,10,quantile,0.55,0,2026-10-10
2026-10-10,wk inc flu hosp,0,10,quantile,0.6,0,2026-10-10
2026-10-10,wk inc flu hosp,0,10,quantile,0.65,0,2026-10-10
2026-10-10,wk inc flu hosp,0,10,quantile,0.7,7,2026-10-10
2026-10-10,wk inc flu hosp,0,10,quantile,0.75,7,2026-10-10
2026-10-10,wk inc flu hosp,0,10,quantile,0.8,7,2026-10-10
2026-10-10,wk inc flu hosp,0,10,quantile,0.85,7,2026-10-10
2026-10-10,wk inc flu hosp,0,10,quantile,0.9,7,2026-10-10
2026-10-10,wk inc flu hosp,0,10,quantile,0.95,14,2026-10-10
2026-10-10,wk inc flu hosp,0,10,quantile,0.975,14,2026-10-10
2026-10-10,wk inc flu hosp,0,10,quantile,0.99,21,2026-10-10
2026-10-10,wk inc flu hosp,1,10,quantile,0.01,0,2026-10-17
2026-10-10,wk inc flu hosp,1,10,quantile,0.025,0,2026-10-17
2026-10-10,wk inc flu hosp,1,10,quantile,0.05,0,2026-10-17
2026-10-10,wk inc flu hosp,1,10,quantile,0.1,0,2026-10-17
2026-10-10,wk inc flu hosp,1,10,quantile,0.15,0,2026-10-17
2026-10-10,wk inc flu hosp,1,10,quantile,0.2,0,2026-10-17
2026-10-10,wk inc flu hosp,1,10,quantile,0.25,0,2026-10-17
2026-10-10,wk inc flu hosp,1,10,quantile,0.3,0,2026-10-17
2026-10-10,wk inc flu hosp,1,10,quantile,0.35,0,2026-10-17
2026-10-10,wk inc flu hosp,1,10,quantile,0.4,0,2026-10-17
2026-10-10,wk inc flu hosp,1,10,quantile,0.45,0,2026-10-17
2026-10-10,wk inc flu hosp,1,10,quantile,0.5,0,2026-10-17
2026-10-10,wk inc flu hosp,1,10,quantile,0.55,0,2026-10-17
2026-10-10,wk inc flu hosp,1,10,quantile,0.6,7,2026-10-17
2026-10-10,wk inc flu hosp,1,10,quantile,0.65,7,2026-10-17
2026-10-10,wk inc flu hosp,1,10,quantile,0.7,7,2026-10-17
2026-10-10,wk inc flu hosp,1,10,quantile,0.75,7,2026-10-17
2026-10-10,wk inc flu hosp,1,10,quantile,0.8,7,2026-10-17
2026-10-10,wk inc flu hosp,1,10,quantile,0.85,7,2026-10-17
2026-10-10,wk inc flu hosp,1,10,quantile,0.9,14,2026-10-17
2026-10-10,wk inc flu hosp,1,10,quantile,0.95,14,2026-10-17
2026-10-10,wk inc flu hosp,1,10,quantile,0.975,21,2026-10-17
2026-10-10,wk inc flu hosp,1,10,quantile,0.99,28,2026-10-17
2026-10-10,wk inc flu hosp,2,10,quantile,0.01,0,2026-10-24
2026-10-10,wk inc flu hosp,2,10,quantile,0.025,0,2026-10-24
2026-10-10,wk inc flu hosp,2,10,quantile,0.05,0,2026-10-24
2026-10-10,wk inc flu hosp,2,10,quantile,0.1,0,2026-10-24
2026-10-10,wk inc flu hosp,2,10,quantile,0.15,0,2026-10-24
2026-10-10,wk inc flu hosp,2,10,quantile,0.2,0,2026-10-24
2026-10-10,wk inc flu hosp,2,10,quantile,0.25,0,2026-10-24
2026-10-10,wk inc flu hosp,2,10,quantile,0.3,0,2026-10-24
2026-10-10,wk inc flu hosp,2,10,quantile,0.35,0,2026-10-24
2026-10-10,wk inc flu hosp,2,10,quantile,0.4,0,2026-10-24
2026-10-10,wk inc flu hosp,2,10,quantile,0.45,0,2026-10-24
2026-10-10,wk inc flu hosp,2,10,quantile,0.5,0,2026-10-24
2026-10-10,wk inc flu hosp,2,10,quantile,0.55,7,2026-10-24
2026-10-10,wk inc flu hosp,2,10,quantile,0.6,7,2026-10-24
2026-10-10,wk inc flu hosp,2,10,quantile,0.65,7,2026-10-24
2026-10-10,wk inc flu hosp,2,10,quantile,0.7,7,2026-10-24
2026-10-10,wk inc flu hosp,2,10,quantile,0.75,7,2026-10-24
2026-10-10,wk inc flu hosp,2,10,quantile,0.8,7,2026-10-24
2026-10-10,wk inc flu hosp,2,10,quantile,0.85,14,2026-10-24
2026-10-10,wk inc flu hosp,2,10,quantile,0.9,14,2026-10-24
2026-10-10,wk inc flu hosp,2,10,quantile,0.95,21,2026-10-24
2026-10-10,wk inc flu hosp,2,10,quantile,0.975,28,2026-10-24
2026-10-10,wk inc flu hosp,2,10,quantile,0.99,35,2026-10-24
2026-10-10,wk inc flu hosp,3,10,quantile,0.01,0,2026-10-31
2026-10-10,wk inc flu hosp,3,10,quantile,0.025,0,2026-10-31
2026-10-10,wk inc flu hosp,3,10,quantile,0.05,0,2026-10-31
2026-10-10,wk inc flu hosp,3,10,quantile,0.1,0,2026-10-31
2026-10-10,wk inc flu hosp,3,10,quantile,0.15,0,2026-10-31
2026-10-10,wk inc flu hosp,3,10,quantile,0.2,0,2026-10-31
2026-10-10,wk inc flu hosp,3,10,quantile,0.25,0,2026-10-31
2026-10-10,wk inc flu hosp,3,10,quantile,0.3,0,2026-10-31
2026-10-10,wk inc flu hosp,3,10,quantile,0.35,0,2026-10-31
2026-10-10,wk inc flu hosp,3,10,quantile,0.4,0,2026-10-31
2026-10-10,wk inc flu hosp,3,10,quantile,0.45,0,2026-10-31
2026-10-10,wk inc flu hosp,3,10,quantile,0.5,7,2026-10-31
2026-10-10,wk inc flu hosp,3,10,quantile,0.55,7,2026-10-31
2026-10-10,wk inc flu hosp,3,10,quantile,0.6,7,2026-10-31
2026-10-10,wk inc flu hosp,3,10,quantile,0.65,7,2026-10-31
2026-10-10,wk inc flu hosp,3,10,quantile,0.7,7,2026-10-31
2026-10-10,wk inc flu hosp,3,10,quantile,0.75,14,2026-10-31
2026-10-10,wk inc flu hosp,3,10,quantile,0.8,14,2026-10-31
2026-10-10,wk inc flu hosp,3,10,quantile,0.85,14,2026-10-31
2026-10-10,wk inc flu hosp,3,10,quantile,0.9,21,2026-10-31
2026-10-10,wk inc flu hosp,3,10,quantile,0.95,28,2026-10-31
2026-10-10,wk inc flu hosp,3,10,quantile,0.975,35,2026-10-31
2026-10-10,wk inc flu hosp,3,10,quantile,0.99,42,2026-10-31
2026-10-10,wk inc flu hosp,-1,11,quantile,0.01,0,2026-10-03
2026-10-10,wk inc flu hosp,-1,11,quantile,0.025,0,2026-10-03
2026-10-10,wk inc flu hosp,-1,11,quantile,0.05,0,2026-10-03
2026-10-10,wk inc flu hosp,-1,11,quantile,0.1,0,2026-10-03
2026-10-10,wk inc flu hosp,-1,11,quantile,0.15,0,2026-10-03
2026-10-10,wk inc flu hosp,-1,11,quantile,0.2,0,2026-10-03
2026-10-10,wk inc flu hosp,-1,11,quantile,0.25,0,2026-10-03
2026-10-10,wk inc flu hosp,-1,11,quantile,0.3,0,2026-10-03
2026-10-10,wk inc flu hosp,-1,11,quantile,0.35,0,2026-10-03
2026-10-10,wk inc flu hosp,-1,11,quantile,0.4,0,2026-10-03
2026-10-10,wk inc flu hosp,-1,11,quantile,0.45,0,2026-10-03
2026-10-10,wk inc flu hosp,-1,11,quantile,0.5,0,2026-10-03
2026-10-10,wk inc flu hosp,-1,11,quantile,0.55,0,2026-10-03
2026-10-10,wk inc flu hosp,-1,11,quantile,0.6,0,2026-10-03
2026-10-10,wk inc flu hosp,-1,11,quantile,0.65,0,2026-10-03
2026-10-10,wk inc flu hosp,-1,11,quantile,0.7,0,2026-10-03
2026-10-10,wk inc flu hosp,-1,11,quantile,0.75,7,2026-10-03
2026-10-10,wk inc flu hosp,-1,11,quantile,0.8,7,2026-10-03
2026-10-10,wk inc flu hosp,-1,11,quantile,0.85,7,2026-10-03
2026-10-10,wk inc flu hosp,-1,11,quantile,0.9,7,2026-10-03
2026-10-10,wk inc flu hosp,-1,11,quantile,0.95,7,2026-10-03
2026-10-10,wk inc flu hosp,-1,11,quantile,0.975,14,2026-10-03
2026-10-10,wk inc flu hosp,-1,11,quantile,0.99,14,2026-10-03
2026-10-10,wk inc flu hosp,0,11,quantile,0.01,0,2026-10-10
2026-10-10,wk inc flu hosp,0,11,quantile,0.025,0,2026-10-10
2026-10-10,wk inc flu hosp,0,11,quantile,0.05,0,2026-10-10
2026-10-10,wk inc flu hosp,0,11,quantile,0.1,0,2026-10-10
2026-10-10,wk inc flu hosp,0,11,quantile,0.15,0,2026-10-10
2026-10-10,wk inc flu hosp,0,11,quantile,0.2,0,2026-10-10
2026-10-10,wk inc flu hosp,0,11,quantile,0.25,0,2026-10-10
2026-10-10,wk inc flu hosp,0,11,quantile,0.3,0,2026-10-10
2026-10-10,wk inc flu hosp,0,11,quantile,0.35,0,2026-10-10
2026-10-10,wk inc flu hosp,0,11,quantile,0.4,0,2026-10-10
2026-10-10,wk inc flu hosp,0,11,quantile,0.45,0,2026-10-10
2026-10-10,wk inc flu hosp,0,11,quantile,0.5,0,2026-10-10
2026-10-10,wk inc flu hosp,0,11,quantile,0.55,0,2026-10-10
2026-10-10,wk inc flu hosp,0,11,quantile,0.6,0,2026-10-10
2026-10-10,wk inc flu hosp,0,11,quantile,0.65,0,2026-10-10
2026-10-10,wk inc flu hosp,0,11,quantile,0.7,7,2026-10-10
2026-10-10,wk inc flu hosp,0,11,quantile,0.75,7,2026-10-10
2026-10-10,wk inc flu hosp,0,11,quantile,0.8,7,2026-10-10
2026-10-10,wk inc flu hosp,0,11,quantile,0.85,7,2026-10-10
2026-10-10,wk inc flu hosp,0,11,quantile,0.9,7,2026-10-10
2026-10-10,wk inc flu hosp,0,11,quantile,0.95,14,2026-10-10
2026-10-10,wk inc flu hosp,0,11,quantile,0.975,14,2026-10-10
2026-10-10,wk inc flu hosp,0,11,quantile,0.99,21,2026-10-10
2026-10-10,wk inc flu hosp,1,11,quantile,0.01,0,2026-10-17
2026-10-10,wk inc flu hosp,1,11,quantile,0.025,0,2026-10-17
2026-10-10,wk inc flu hosp,1,11,quantile,0.05,0,2026-10-17
2026-10-10,wk inc flu hosp,1,11,quantile,0.1,0,2026-10-17
2026-10-10,wk inc flu hosp,1,11,quantile,0.15,0,2026-10-17
2026-10-10,wk inc flu hosp,1,11,quantile,0.2,0,2026-10-17
2026-10-10,wk inc flu hosp,1,11,quantile,0.25,0,2026-10-17
2026-10-10,wk inc flu hosp,1,11,quantile,0.3,0,2026-10-17
2026-10-10,wk inc flu hosp,1,11,quantile,0.35,0,2026-10-17
2026-10-10,wk inc flu hosp,1,11,quantile,0.4,0,2026-10-17
2026-10-10,wk inc flu hosp,1,11,quantile,0.45,0,2026-10-17
2026-10-10,wk inc flu hosp,1,11,quantile,0.5,0,2026-10-17
2026-10-10,wk inc flu hosp,1,11,quantile,0.55,0,2026-10-17
2026-10-10,wk inc flu hosp,1,11,quantile,0.6,0,2026-10-17
2026-10-10,wk inc flu hosp,1,11,quantile,0.65,7,2026-10-17
2026-10-10,wk inc flu hosp,1,11,quantile,0.7,7,2026-10-17
2026-10-10,wk inc flu hosp,1,11,quantile,0.75,7,2026-10-17
2026-10-10,wk inc flu hosp,1,11,quantile,0.8,7,2026-10-17
2026-10-10,wk inc flu hosp,1,11,quantile,0.85,7,2026-10-17
2026-10-10,wk inc flu hosp,1,11,quantile,0.9,14,2026-10-17
2026-10-10,wk inc flu hosp,1,11,quantile,0.95,14,2026-10-17
2026-10-10,wk inc flu hosp,1,11,quantile,0.975,21,2026-10-17
2026-10-10,wk inc flu hosp,1,11,quantile,0.99,28,2026-10-17
2026-10-10,wk inc flu hosp,2,11,quantile,0.01,0,2026-10-24
2026-10-10,wk inc flu hosp,2,11,quantile,0.025,0,2026-10-24
2026-10-10,wk inc flu hosp,2,11,quantile,0.05,0,2026-10-24
2026-10-10,wk inc flu hosp,2,11,quantile,0.1,0,2026-10-24
2026-10-10,wk inc flu hosp,2,11,quantile,0.15,0,2026-10-24
2026-10-10,wk inc flu hosp,2,11,quantile,0.2,0,2026-10-24
2026-10-10,wk inc flu hosp,2,11,quantile,0.25,0,2026-10-24
2026-10-10,wk inc flu hosp,2,11,quantile,0.3,0,2026-10-24
2026-10-10,wk inc flu hosp,2,11,quantile,0.35,0,2026-10-24
2026-10-10,wk inc flu hosp,2,11,quantile,0.4,0,2026-10-24
2026-10-10,wk inc flu hosp,2,11,quantile,0.45,0,2026-10-24
2026-10-10,wk inc flu hosp,2,11,quantile,0.5,0,2026-10-24
2026-10-10,wk inc flu hosp,2,11,quantile,0.55,0,2026-10-24
2026-10-10,wk inc flu hosp,2,11,quantile,0.6,7,2026-10-24
2026-10-10,wk inc flu hosp,2,11,quantile,0.65,7,2026-10-24
2026-10-10,wk inc flu hosp,2,11,quantile,0.7,7,2026-10-24
2026-10-10,wk inc flu hosp,2,11,quantile,0.75,7,2026-10-24
2026-10-10,wk inc flu hosp,2,11,quantile,0.8,7,2026-10-24
2026-10-10,wk inc flu hosp,2,11,quantile,0.85,14,2026-10-24
2026-10-10,wk inc flu hosp,2,11,quantile,0.9,14,2026-10-24
2026-10-10,wk inc flu hosp,2,11,quantile,0.95,21,2026-10-24
2026-10-10,wk inc flu hosp,2,11,quantile,0.975,28,2026-10-24
2026-10-10,wk inc flu hosp,2,11,quantile,0.99,35,2026-10-24
2026-10-10,wk inc flu hosp,3,11,quantile,0.01,0,2026-10-31
2026-10-10,wk inc flu hosp,3,11,quantile,0.025,0,2026-10-31
2026-10-10,wk inc flu hosp,3,11,quantile,0.05,0,2026-10-31
2026-10-10,wk inc flu hosp,3,11,quantile,0.1,0,2026-10-31
2026-10-10,wk inc flu hosp,3,11,quantile,0.15,0,2026-10-31
2026-10-10,wk inc flu hosp,3,11,quantile,0.2,0,2026-10-31
2026-10-10,wk inc flu hosp,3,11,quantile,0.25,0,2026-10-31
2026-10-10,wk inc flu hosp,3,11,quantile,0.3,0,2026-10-31
2026-10-10,wk inc flu hosp,3,11,quantile,0.35,0,2026-10-31
2026-10-10,wk inc flu hosp,3,11,quantile,0.4,0,2026-10-31
2026-10-10,wk inc flu hosp,3,11,quantile,0.45,0,2026-10-31
2026-10-10,wk inc flu hosp,3,11,quantile,0.5,7,2026-10-31
2026-10-10,wk inc flu hosp,3,11,quantile,0.55,7,2026-10-31
2026-10-10,wk inc flu hosp,3,11,quantile,0.6,7,2026-10-31
2026-10-10,wk inc flu hosp,3,11,quantile,0.65,7,2026-10-31
2026-10-10,wk inc flu hosp,3,11,quantile,0.7,7,2026-10-31
2026-10-10,wk inc flu hosp,3,11,quantile,0.75,7,2026-10-31
2026-10-10,wk inc flu hosp,3,11,quantile,0.8,14,2026-10-31
2026-10-10,wk inc flu hosp,3,11,quantile,0.85,14,2026-10-31
2026-10-10,wk inc flu hosp,3,11,quantile,0.9,14,2026-10-31
2026-10-10,wk inc flu hosp,3,11,quantile,0.95,21,2026-10-31
2026-10-10,wk inc flu hosp,3,11,quantile,0.975,28,2026-10-31
2026-10-10,wk inc flu hosp,3,11,quantile,0.99,42,2026-10-31
2026-10-10,wk inc flu hosp,-1,12,quantile,0.01,322,2026-10-03
2026-10-10,wk inc flu hosp,-1,12,quantile,0.025,343,2026-10-03
2026-10-10,wk inc flu hosp,-1,12,quantile,0.05,364,2026-10-03
2026-10-10,wk inc flu hosp,-1,12,quantile,0.1,399,2026-10-03
2026-10-10,wk inc flu hosp,-1,12,quantile,0.15,413,2026-10-03
2026-10-10,wk inc flu hosp,-1,12,quantile,0.2,434,2026-10-03
2026-10-10,wk inc flu hosp,-1,12,quantile,0.25,448,2026-10-03
2026-10-10,wk inc flu hosp,-1,12,quantile,0.3,462,2026-10-03
2026-10-10,wk inc flu hosp,-1,12,quantile,0.35,476,2026-10-03
2026-10-10,wk inc flu hosp,-1,12,quantile,0.4,490,2026-10-03
2026-10-10,wk inc flu hosp,-1,12,quantile,0.45,511,2026-10-03
2026-10-10,wk inc flu hosp,-1,12,quantile,0.5,525,2026-10-03
2026-10-10,wk inc flu hosp,-1,12,quantile,0.55,539,2026-10-03
2026-10-10,wk inc flu hosp,-1,12,quantile,0.6,553,2026-10-03
2026-10-10,wk inc flu hosp,-1,12,quantile,0.65,567,2026-10-03
2026-10-10,wk inc flu hosp,-1,12,quantile,0.7,581,2026-10-03
2026-10-10,wk inc flu hosp,-1,12,quantile,0.75,595,2026-10-03
2026-10-10,wk inc flu hosp,-1,12,quantile,0.8,616,2026-10-03
2026-10-10,wk inc flu hosp,-1,12,quantile,0.85,644,2026-10-03
2026-10-10,wk inc flu hosp,-1,12,quantile,0.9,672,2026-10-03
2026-10-10,wk inc flu hosp,-1,12,quantile,0.95,728,2026-10-03
2026-10-10,wk inc flu hosp,-1,12,quantile,0.975,770,2026-10-03
2026-10-10,wk inc flu hosp,-1,12,quantile,0.99,812,2026-10-03
2026-10-10,wk inc flu hosp,0,12,quantile,0.01,385,2026-10-10
2026-10-10,wk inc flu hosp,0,12,quantile,0.025,434,2026-10-10
2026-10-10,wk inc flu hosp,0,12,quantile,0.05,469,2026-10-10
2026-10-10,wk inc flu hosp,0,12,quantile,0.1,518,2026-10-10
2026-10-10,wk inc flu hosp,0,12,quantile,0.15,539,2026-10-10
2026-10-10,wk inc flu hosp,0,12,quantile,0.2,567,2026-10-10
2026-10-10,wk inc flu hosp,0,12,quantile,0.25,588,2026-10-10
2026-10-10,wk inc flu hosp,0,12,quantile,0.3,602,2026-10-10
2026-10-10,wk inc flu hosp,0,12,quantile,0.35,623,2026-10-10
2026-10-10,wk inc flu hosp,0,12,quantile,0.4,644,2026-10-10
2026-10-10,wk inc flu hosp,0,12,quantile,0.45,658,2026-10-10
2026-10-10,wk inc flu hosp,0,12,quantile,0.5,679,2026-10-10
2026-10-10,wk inc flu hosp,0,12,quantile,0.55,700,2026-10-10
2026-10-10,wk inc flu hosp,0,12,quantile,0.6,721,2026-10-10
2026-10-10,wk inc flu hosp,0,12,quantile,0.65,742,2026-10-10
2026-10-10,wk inc flu hosp,0,12,quantile,0.7,770,2026-10-10
2026-10-10,wk inc flu hosp,0,12,quantile,0.75,798,2026-10-10
2026-10-10,wk inc flu hosp,0,12,quantile,0.8,833,2026-10-10
2026-10-10,wk inc flu hosp,0,12,quantile,0.85,862,2026-10-10
2026-10-10,wk inc flu hosp,0,12,quantile,0.9,896,2026-10-10
2026-10-10,wk inc flu hosp,0,12,quantile,0.95,967,2026-10-10
2026-10-10,wk inc flu hosp,0,12,quantile,0.975,1036,2026-10-10
2026-10-10,wk inc flu hosp,0,12,quantile,0.99,1155,2026-10-10
2026-10-10,wk inc flu hosp,1,12,quantile,0.01,469,2026-10-17
2026-10-10,wk inc flu hosp,1,12,quantile,0.025,511,2026-10-17
2026-10-10,wk inc flu hosp,1,12,quantile,0.05,574,2026-10-17
2026-10-10,wk inc flu hosp,1,12,quantile,0.1,630,2026-10-17
2026-10-10,wk inc flu hosp,1,12,quantile,0.15,679,2026-10-17
2026-10-10,wk inc flu hosp,1,12,quantile,0.2,721,2026-10-17
2026-10-10,wk inc flu hosp,1,12,quantile,0.25,754,2026-10-17
2026-10-10,wk inc flu hosp,1,12,quantile,0.3,784,2026-10-17
2026-10-10,wk inc flu hosp,1,12,quantile,0.35,812,2026-10-17
2026-10-10,wk inc flu hosp,1,12,quantile,0.4,833,2026-10-17
2026-10-10,wk inc flu hosp,1,12,quantile,0.45,868,2026-10-17
2026-10-10,wk inc flu hosp,1,12,quantile,0.5,903,2026-10-17
2026-10-10,wk inc flu hosp,1,12,quantile,0.55,931,2026-10-17
2026-10-10,wk inc flu hosp,1,12,quantile,0.6,966,2026-10-17
2026-10-10,wk inc flu hosp,1,12,quantile,0.65,1001,2026-10-17
2026-10-10,wk inc flu hosp,1,12,quantile,0.7,1036,2026-10-17
2026-10-10,wk inc flu hosp,1,12,quantile,0.75,1073,2026-10-17
2026-10-10,wk inc flu hosp,1,12,quantile,0.8,1114,2026-10-17
2026-10-10,wk inc flu hosp,1,12,quantile,0.85,1148,2026-10-17
2026-10-10,wk inc flu hosp,1,12,quantile,0.9,1226,2026-10-17
2026-10-10,wk inc flu hosp,1,12,quantile,0.95,1330,2026-10-17
2026-10-10,wk inc flu hosp,1,12,quantile,0.975,1414,2026-10-17
2026-10-10,wk inc flu hosp,1,12,quantile,0.99,1561,2026-10-17
2026-10-10,wk inc flu hosp,2,12,quantile,0.01,518,2026-10-24
2026-10-10,wk inc flu hosp,2,12,quantile,0.025,623,2026-10-24
2026-10-10,wk inc flu hosp,2,12,quantile,0.05,686,2026-10-24
2026-10-10,wk inc flu hosp,2,12,quantile,0.1,777,2026-10-24
2026-10-10,wk inc flu hosp,2,12,quantile,0.15,861,2026-10-24
2026-10-10,wk inc flu hosp,2,12,quantile,0.2,910,2026-10-24
2026-10-10,wk inc flu hosp,2,12,quantile,0.25,959,2026-10-24
2026-10-10,wk inc flu hosp,2,12,quantile,0.3,1001,2026-10-24
2026-10-10,wk inc flu hosp,2,12,quantile,0.35,1062,2026-10-24
2026-10-10,wk inc flu hosp,2,12,quantile,0.4,1099,2026-10-24
2026-10-10,wk inc flu hosp,2,12,quantile,0.45,1148,2026-10-24
2026-10-10,wk inc flu hosp,2,12,quantile,0.5,1190,2026-10-24
2026-10-10,wk inc flu hosp,2,12,quantile,0.55,1249,2026-10-24
2026-10-10,wk inc flu hosp,2,12,quantile,0.6,1302,2026-10-24
2026-10-10,wk inc flu hosp,2,12,quantile,0.65,1365,2026-10-24
2026-10-10,wk inc flu hosp,2,12,quantile,0.7,1407,2026-10-24
2026-10-10,wk inc flu hosp,2,12,quantile,0.75,1463,2026-10-24
2026-10-10,wk inc flu hosp,2,12,quantile,0.8,1540,2026-10-24
2026-10-10,wk inc flu hosp,2,12,quantile,0.85,1638,2026-10-24
2026-10-10,wk inc flu hosp,2,12,quantile,0.9,1764,2026-10-24
2026-10-10,wk inc flu hosp,2,12,quantile,0.95,2016,2026-10-24
2026-10-10,wk inc flu hosp,2,12,quantile,0.975,2233,2026-10-24
2026-10-10,wk inc flu hosp,2,12,quantile,0.99,2408,2026-10-24
2026-10-10,wk inc flu hosp,3,12,quantile,0.01,581,2026-10-31
2026-10-10,wk inc flu hosp,3,12,quantile,0.025,727,2026-10-31
2026-10-10,wk inc flu hosp,3,12,quantile,0.05,819,2026-10-31
2026-10-10,wk inc flu hosp,3,12,quantile,0.1,958,2026-10-31
2026-10-10,wk inc flu hosp,3,12,quantile,0.15,1064,2026-10-31
2026-10-10,wk inc flu hosp,3,12,quantile,0.2,1155,2026-10-31
2026-10-10,wk inc flu hosp,3,12,quantile,0.25,1244,2026-10-31
2026-10-10,wk inc flu hosp,3,12,quantile,0.3,1309,2026-10-31
2026-10-10,wk inc flu hosp,3,12,quantile,0.35,1379,2026-10-31
2026-10-10,wk inc flu hosp,3,12,quantile,0.4,1435,2026-10-31
2026-10-10,wk inc flu hosp,3,12,quantile,0.45,1495,2026-10-31
2026-10-10,wk inc flu hosp,3,12,quantile,0.5,1596,2026-10-31
2026-10-10,wk inc flu hosp,3,12,quantile,0.55,1687,2026-10-31
2026-10-10,wk inc flu hosp,3,12,quantile,0.6,1799,2026-10-31
2026-10-10,wk inc flu hosp,3,12,quantile,0.65,1904,2026-10-31
2026-10-10,wk inc flu hosp,3,12,quantile,0.7,2051,2026-10-31
2026-10-10,wk inc flu hosp,3,12,quantile,0.75,2163,2026-10-31
2026-10-10,wk inc flu hosp,3,12,quantile,0.8,2303,2026-10-31
2026-10-10,wk inc flu hosp,3,12,quantile,0.85,2479,2026-10-31
2026-10-10,wk inc flu hosp,3,12,quantile,0.9,2744,2026-10-31
2026-10-10,wk inc flu hosp,3,12,quantile,0.95,3150,2026-10-31
2026-10-10,wk inc flu hosp,3,12,quantile,0.975,3718,2026-10-31
2026-10-10,wk inc flu hosp,3,12,quantile,0.99,4291,2026-10-31
2026-10-10,wk inc flu hosp,-1,13,quantile,0.01,7,2026-10-03
2026-10-10,wk inc flu hosp,-1,13,quantile,0.025,7,2026-10-03
2026-10-10,wk inc flu hosp,-1,13,quantile,0.05,14,2026-10-03
2026-10-10,wk inc flu hosp,-1,13,quantile,0.1,21,2026-10-03
2026-10-10,wk inc flu hosp,-1,13,quantile,0.15,21,2026-10-03
2026-10-10,wk inc flu hosp,-1,13,quantile,0.2,28,2026-10-03
2026-10-10,wk inc flu hosp,-1,13,quantile,0.25,28,2026-10-03
2026-10-10,wk inc flu hosp,-1,13,quantile,0.3,35,2026-10-03
2026-10-10,wk inc flu hosp,-1,13,quantile,0.35,35,2026-10-03
2026-10-10,wk inc flu hosp,-1,13,quantile,0.4,35,2026-10-03
2026-10-10,wk inc flu hosp,-1,13,quantile,0.45,42,2026-10-03
2026-10-10,wk inc flu hosp,-1,13,quantile,0.5,42,2026-10-03
2026-10-10,wk inc flu hosp,-1,13,quantile,0.55,49,2026-10-03
2026-10-10,wk inc flu hosp,-1,13,quantile,0.6,49,2026-10-03
2026-10-10,wk inc flu hosp,-1,13,quantile,0.65,56,2026-10-03
2026-10-10,wk inc flu hosp,-1,13,quantile,0.7,56,2026-10-03
2026-10-10,wk inc flu hosp,-1,13,quantile,0.75,56,2026-10-03
2026-10-10,wk inc flu hosp,-1,13,quantile,0.8,63,2026-10-03
2026-10-10,wk inc flu hosp,-1,13,quantile,0.85,70,2026-10-03
2026-10-10,wk inc flu hosp,-1,13,quantile,0.9,77,2026-10-03
2026-10-10,wk inc flu hosp,-1,13,quantile,0.95,84,2026-10-03
2026-10-10,wk inc flu hosp,-1,13,quantile,0.975,98,2026-10-03
2026-10-10,wk inc flu hosp,-1,13,quantile,0.99,112,2026-10-03
2026-10-10,wk inc flu hosp,0,13,quantile,0.01,7,2026-10-10
2026-10-10,wk inc flu hosp,0,13,quantile,0.025,14,2026-10-10
2026-10-10,wk inc flu hosp,0,13,quantile,0.05,14,2026-10-10
2026-10-10,wk inc flu hosp,0,13,quantile,0.1,27,2026-10-10
2026-10-10,wk inc flu hosp,0,13,quantile,0.15,28,2026-10-10
2026-10-10,wk inc flu hosp,0,13,quantile,0.2,35,2026-10-10
2026-10-10,wk inc flu hosp,0,13,quantile,0.25,35,2026-10-10
2026-10-10,wk inc flu hosp,0,13,quantile,0.3,42,2026-10-10
2026-10-10,wk inc flu hosp,0,13,quantile,0.35,42,2026-10-10
2026-10-10,wk inc flu hosp,0,13,quantile,0.4,49,2026-10-10
2026-10-10,wk inc flu hosp,0,13,quantile,0.45,49,2026-10-10
2026-10-10,wk inc flu hosp,0,13,quantile,0.5,56,2026-10-10
2026-10-10,wk inc flu hosp,0,13,quantile,0.55,56,2026-10-10
2026-10-10,wk inc flu hosp,0,13,quantile,0.6,63,2026-10-10
2026-10-10,wk inc flu hosp,0,13,quantile,0.65,63,2026-10-10
2026-10-10,wk inc flu hosp,0,13,quantile,0.7,70,2026-10-10
2026-10-10,wk inc flu hosp,0,13,quantile,0.75,77,2026-10-10
2026-10-10,wk inc flu hosp,0,13,quantile,0.8,84,2026-10-10
2026-10-10,wk inc flu hosp,0,13,quantile,0.85,85,2026-10-10
2026-10-10,wk inc flu hosp,0,13,quantile,0.9,98,2026-10-10
2026-10-10,wk inc flu hosp,0,13,quantile,0.95,112,2026-10-10
2026-10-10,wk inc flu hosp,0,13,quantile,0.975,126,2026-10-10
2026-10-10,wk inc flu hosp,0,13,quantile,0.99,147,2026-10-10
2026-10-10,wk inc flu hosp,1,13,quantile,0.01,14,2026-10-17
2026-10-10,wk inc flu hosp,1,13,quantile,0.025,14,2026-10-17
2026-10-10,wk inc flu hosp,1,13,quantile,0.05,21,2026-10-17
2026-10-10,wk inc flu hosp,1,13,quantile,0.1,28,2026-10-17
2026-10-10,wk inc flu hosp,1,13,quantile,0.15,35,2026-10-17
2026-10-10,wk inc flu hosp,1,13,quantile,0.2,42,2026-10-17
2026-10-10,wk inc flu hosp,1,13,quantile,0.25,42,2026-10-17
2026-10-10,wk inc flu hosp,1,13,quantile,0.3,49,2026-10-17
2026-10-10,wk inc flu hosp,1,13,quantile,0.35,49,2026-10-17
2026-10-10,wk inc flu hosp,1,13,quantile,0.4,56,2026-10-17
2026-10-10,wk inc flu hosp,1,13,quantile,0.45,63,2026-10-17
2026-10-10,wk inc flu hosp,1,13,quantile,0.5,63,2026-10-17
2026-10-10,wk inc flu hosp,1,13,quantile,0.55,70,2026-10-17
2026-10-10,wk inc flu hosp,1,13,quantile,0.6,70,2026-10-17
2026-10-10,wk inc flu hosp,1,13,quantile,0.65,77,2026-10-17
2026-10-10,wk inc flu hosp,1,13,quantile,0.7,84,2026-10-17
2026-10-10,wk inc flu hosp,1,13,quantile,0.75,91,2026-10-17
2026-10-10,wk inc flu hosp,1,13,quantile,0.8,98,2026-10-17
2026-10-10,wk inc flu hosp,1,13,quantile,0.85,105,2026-10-17
2026-10-10,wk inc flu hosp,1,13,quantile,0.9,112,2026-10-17
2026-10-10,wk inc flu hosp,1,13,quantile,0.95,133,2026-10-17
2026-10-10,wk inc flu hosp,1,13,quantile,0.975,147,2026-10-17
2026-10-10,wk inc flu hosp,1,13,quantile,0.99,182,2026-10-17
2026-10-10,wk inc flu hosp,2,13,quantile,0.01,14,2026-10-24
2026-10-10,wk inc flu hosp,2,13,quantile,0.025,21,2026-10-24
2026-10-10,wk inc flu hosp,2,13,quantile,0.05,21,2026-10-24
2026-10-10,wk inc flu hosp,2,13,quantile,0.1,34,2026-10-24
2026-10-10,wk inc flu hosp,2,13,quantile,0.15,41,2026-10-24
2026-10-10,wk inc flu hosp,2,13,quantile,0.2,42,2026-10-24
2026-10-10,wk inc flu hosp,2,13,quantile,0.25,49,2026-10-24
2026-10-10,wk inc flu hosp,2,13,quantile,0.3,56,2026-10-24
2026-10-10,wk inc flu hosp,2,13,quantile,0.35,56,2026-10-24
2026-10-10,wk inc flu hosp,2,13,quantile,0.4,63,2026-10-24
2026-10-10,wk inc flu hosp,2,13,quantile,0.45,70,2026-10-24
2026-10-10,wk inc flu hosp,2,13,quantile,0.5,77,2026-10-24
2026-10-10,wk inc flu hosp,2,13,quantile,0.55,77,2026-10-24
2026-10-10,wk inc flu hosp,2,13,quantile,0.6,84,2026-10-24
2026-10-10,wk inc flu hosp,2,13,quantile,0.65,91,2026-10-24
2026-10-10,wk inc flu hosp,2,13,quantile,0.7,98,2026-10-24
2026-10-10,wk inc flu hosp,2,13,quantile,0.75,105,2026-10-24
2026-10-10,wk inc flu hosp,2,13,quantile,0.8,112,2026-10-24
2026-10-10,wk inc flu hosp,2,13,quantile,0.85,126,2026-10-24
2026-10-10,wk inc flu hosp,2,13,quantile,0.9,140,2026-10-24
2026-10-10,wk inc flu hosp,2,13,quantile,0.95,168,2026-10-24
2026-10-10,wk inc flu hosp,2,13,quantile,0.975,196,2026-10-24
2026-10-10,wk inc flu hosp,2,13,quantile,0.99,238,2026-10-24
2026-10-10,wk inc flu hosp,3,13,quantile,0.01,14,2026-10-31
2026-10-10,wk inc flu hosp,3,13,quantile,0.025,21,2026-10-31
2026-10-10,wk inc flu hosp,3,13,quantile,0.05,28,2026-10-31
2026-10-10,wk inc flu hosp,3,13,quantile,0.1,35,2026-10-31
2026-10-10,wk inc flu hosp,3,13,quantile,0.15,42,2026-10-31
2026-10-10,wk inc flu hosp,3,13,quantile,0.2,49,2026-10-31
2026-10-10,wk inc flu hosp,3,13,quantile,0.25,56,2026-10-31
2026-10-10,wk inc flu hosp,3,13,quantile,0.3,63,2026-10-31
2026-10-10,wk inc flu hosp,3,13,quantile,0.35,70,2026-10-31
2026-10-10,wk inc flu hosp,3,13,quantile,0.4,70,2026-10-31
2026-10-10,wk inc flu hosp,3,13,quantile,0.45,77,2026-10-31
2026-10-10,wk inc flu hosp,3,13,quantile,0.5,84,2026-10-31
2026-10-10,wk inc flu hosp,3,13,quantile,0.55,91,2026-10-31
2026-10-10,wk inc flu hosp,3,13,quantile,0.6,98,2026-10-31
2026-10-10,wk inc flu hosp,3,13,quantile,0.65,105,2026-10-31
2026-10-10,wk inc flu hosp,3,13,quantile,0.7,112,2026-10-31
2026-10-10,wk inc flu hosp,3,13,quantile,0.75,126,2026-10-31
2026-10-10,wk inc flu hosp,3,13,quantile,0.8,140,2026-10-31
2026-10-10,wk inc flu hosp,3,13,quantile,0.85,154,2026-10-31
2026-10-10,wk inc flu hosp,3,13,quantile,0.9,169,2026-10-31
2026-10-10,wk inc flu hosp,3,13,quantile,0.95,217,2026-10-31
2026-10-10,wk inc flu hosp,3,13,quantile,0.975,238,2026-10-31
2026-10-10,wk inc flu hosp,3,13,quantile,0.99,287,2026-10-31
2026-10-10,wk inc flu hosp,-1,15,quantile,0.01,0,2026-10-03
2026-10-10,wk inc flu hosp,-1,15,quantile,0.025,0,2026-10-03
2026-10-10,wk inc flu hosp,-1,15,quantile,0.05,7,2026-10-03
2026-10-10,wk inc flu hosp,-1,15,quantile,0.1,7,2026-10-03
2026-10-10,wk inc flu hosp,-1,15,quantile,0.15,14,2026-10-03
2026-10-10,wk inc flu hosp,-1,15,quantile,0.2,14,2026-10-03
2026-10-10,wk inc flu hosp,-1,15,quantile,0.25,21,2026-10-03
2026-10-10,wk inc flu hosp,-1,15,quantile,0.3,21,2026-10-03
2026-10-10,wk inc flu hosp,-1,15,quantile,0.35,21,2026-10-03
2026-10-10,wk inc flu hosp,-1,15,quantile,0.4,21,2026-10-03
2026-10-10,wk inc flu hosp,-1,15,quantile,0.45,28,2026-10-03
2026-10-10,wk inc flu hosp,-1,15,quantile,0.5,28,2026-10-03
2026-10-10,wk inc flu hosp,-1,15,quantile,0.55,28,2026-10-03
2026-10-10,wk inc flu hosp,-1,15,quantile,0.6,35,2026-10-03
2026-10-10,wk inc flu hosp,-1,15,quantile,0.65,35,2026-10-03
2026-10-10,wk inc flu hosp,-1,15,quantile,0.7,35,2026-10-03
2026-10-10,wk inc flu hosp,-1,15,quantile,0.75,42,2026-10-03
2026-10-10,wk inc flu hosp,-1,15,quantile,0.8,42,2026-10-03
2026-10-10,wk inc flu hosp,-1,15,quantile,0.85,49,2026-10-03
2026-10-10,wk inc flu hosp,-1,15,quantile,0.9,56,2026-10-03
2026-10-10,wk inc flu hosp,-1,15,quantile,0.95,63,2026-10-03
2026-10-10,wk inc flu hosp,-1,15,quantile,0.975,70,2026-10-03
2026-10-10,wk inc flu hosp,-1,15,quantile,0.99,77,2026-10-03
2026-10-10,wk inc flu hosp,0,15,quantile,0.01,0,2026-10-10
2026-10-10,wk inc flu hosp,0,15,quantile,0.025,7,2026-10-10
2026-10-10,wk inc flu hosp,0,15,quantile,0.05,7,2026-10-10
2026-10-10,wk inc flu hosp,0,15,quantile,0.1,14,2026-10-10
2026-10-10,wk inc flu hosp,0,15,quantile,0.15,14,2026-10-10
2026-10-10,wk inc flu hosp,0,15,quantile,0.2,21,2026-10-10
2026-10-10,wk inc flu hosp,0,15,quantile,0.25,21,2026-10-10
2026-10-10,wk inc flu hosp,0,15,quantile,0.3,28,2026-10-10
2026-10-10,wk inc flu hosp,0,15,quantile,0.35,28,2026-10-10
2026-10-10,wk inc flu hosp,0,15,quantile,0.4,28,2026-10-10
2026-10-10,wk inc flu hosp,0,15,quantile,0.45,35,2026-10-10
2026-10-10,wk inc flu hosp,0,15,quantile,0.5,35,2026-10-10
2026-10-10,wk inc flu hosp,0,15,quantile,0.55,42,2026-10-10
2026-10-10,wk inc flu hosp,0,15,quantile,0.6,42,2026-10-10
2026-10-10,wk inc flu hosp,0,15,quantile,0.65,49,2026-10-10
2026-10-10,wk inc flu hosp,0,15,quantile,0.7,49,2026-10-10
2026-10-10,wk inc flu hosp,0,15,quantile,0.75,56,2026-10-10
2026-10-10,wk inc flu hosp,0,15,quantile,0.8,56,2026-10-10
2026-10-10,wk inc flu hosp,0,15,quantile,0.85,63,2026-10-10
2026-10-10,wk inc flu hosp,0,15,quantile,0.9,70,2026-10-10
2026-10-10,wk inc flu hosp,0,15,quantile,0.95,84,2026-10-10
2026-10-10,wk inc flu hosp,0,15,quantile,0.975,91,2026-10-10
2026-10-10,wk inc flu hosp,0,15,quantile,0.99,98,2026-10-10
2026-10-10,wk inc flu hosp,1,15,quantile,0.01,7,2026-10-17
2026-10-10,wk inc flu hosp,1,15,quantile,0.025,7,2026-10-17
2026-10-10,wk inc flu hosp,1,15,quantile,0.05,14,2026-10-17
2026-10-10,wk inc flu hosp,1,15,quantile,0.1,14,2026-10-17
2026-10-10,wk inc flu hosp,1,15,quantile,0.15,21,2026-10-17
2026-10-10,wk inc flu hosp,1,15,quantile,0.2,28,2026-10-17
2026-10-10,wk inc flu hosp,1,15,quantile,0.25,28,2026-10-17
2026-10-10,wk inc flu hosp,1,15,quantile,0.3,35,2026-10-17
2026-10-10,wk inc flu hosp,1,15,quantile,0.35,35,2026-10-17
2026-10-10,wk inc flu hosp,1,15,quantile,0.4,35,2026-10-17
2026-10-10,wk inc flu hosp,1,15,quantile,0.45,42,2026-10-17
2026-10-10,wk inc flu hosp,1,15,quantile,0.5,42,2026-10-17
2026-10-10,wk inc flu hosp,1,15,quantile,0.55,49,2026-10-17
2026-10-10,wk inc flu hosp,1,15,quantile,0.6,49,2026-10-17
2026-10-10,wk inc flu hosp,1,15,quantile,0.65,56,2026-10-17
2026-10-10,wk inc flu hosp,1,15,quantile,0.7,56,2026-10-17
2026-10-10,wk inc flu hosp,1,15,quantile,0.75,63,2026-10-17
2026-10-10,wk inc flu hosp,1,15,quantile,0.8,70,2026-10-17
2026-10-10,wk inc flu hosp,1,15,quantile,0.85,77,2026-10-17
2026-10-10,wk inc flu hosp,1,15,quantile,0.9,84,2026-10-17
2026-10-10,wk inc flu hosp,1,15,quantile,0.95,98,2026-10-17
2026-10-10,wk inc flu hosp,1,15,quantile,0.975,112,2026-10-17
2026-10-10,wk inc flu hosp,1,15,quantile,0.99,126,2026-10-17
2026-10-10,wk inc flu hosp,2,15,quantile,0.01,7,2026-10-24
2026-10-10,wk inc flu hosp,2,15,quantile,0.025,7,2026-10-24
2026-10-10,wk inc flu hosp,2,15,quantile,0.05,14,2026-10-24
2026-10-10,wk inc flu hosp,2,15,quantile,0.1,21,2026-10-24
2026-10-10,wk inc flu hosp,2,15,quantile,0.15,28,2026-10-24
2026-10-10,wk inc flu hosp,2,15,quantile,0.2,28,2026-10-24
2026-10-10,wk inc flu hosp,2,15,quantile,0.25,35,2026-10-24
2026-10-10,wk inc flu hosp,2,15,quantile,0.3,35,2026-10-24
2026-10-10,wk inc flu hosp,2,15,quantile,0.35,42,2026-10-24
2026-10-10,wk inc flu hosp,2,15,quantile,0.4,49,2026-10-24
2026-10-10,wk inc flu hosp,2,15,quantile,0.45,49,2026-10-24
2026-10-10,wk inc flu hosp,2,15,quantile,0.5,56,2026-10-24
2026-10-10,wk inc flu hosp,2,15,quantile,0.55,63,2026-10-24
2026-10-10,wk inc flu hosp,2,15,quantile,0.6,63,2026-10-24
2026-10-10,wk inc flu hosp,2,15,quantile,0.65,70,2026-10-24
2026-10-10,wk inc flu hosp,2,15,quantile,0.7,70,2026-10-24
2026-10-10,wk inc flu hosp,2,15,quantile,0.75,77,2026-10-24
2026-10-10,wk inc flu hosp,2,15,quantile,0.8,84,2026-10-24
2026-10-10,wk inc flu hosp,2,15,quantile,0.85,98,2026-10-24
2026-10-10,wk inc flu hosp,2,15,quantile,0.9,105,2026-10-24
2026-10-10,wk inc flu hosp,2,15,quantile,0.95,126,2026-10-24
2026-10-10,wk inc flu hosp,2,15,quantile,0.975,140,2026-10-24
2026-10-10,wk inc flu hosp,2,15,quantile,0.99,175,2026-10-24
2026-10-10,wk inc flu hosp,3,15,quantile,0.01,7,2026-10-31
2026-10-10,wk inc flu hosp,3,15,quantile,0.025,14,2026-10-31
2026-10-10,wk inc flu hosp,3,15,quantile,0.05,14,2026-10-31
2026-10-10,wk inc flu hosp,3,15,quantile,0.1,28,2026-10-31
2026-10-10,wk inc flu hosp,3,15,quantile,0.15,35,2026-10-31
2026-10-10,wk inc flu hosp,3,15,quantile,0.2,35,2026-10-31
2026-10-10,wk inc flu hosp,3,15,quantile,0.25,42,2026-10-31
2026-10-10,wk inc flu hosp,3,15,quantile,0.3,49,2026-10-31
2026-10-10,wk inc flu hosp,3,15,quantile,0.35,49,2026-10-31
2026-10-10,wk inc flu hosp,3,15,quantile,0.4,56,2026-10-31
2026-10-10,wk inc flu hosp,3,15,quantile,0.45,63,2026-10-31
2026-10-10,wk inc flu hosp,3,15,quantile,0.5,63,2026-10-31
2026-10-10,wk inc flu hosp,3,15,quantile,0.55,70,2026-10-31
2026-10-10,wk inc flu hosp,3,15,quantile,0.6,77,2026-10-31
2026-10-10,wk inc flu hosp,3,15,quantile,0.65,84,2026-10-31
2026-10-10,wk inc flu hosp,3,15,quantile,0.7,84,2026-10-31
2026-10-10,wk inc flu hosp,3,15,quantile,0.75,91,2026-10-31
2026-10-10,wk inc flu hosp,3,15,quantile,0.8,98,2026-10-31
2026-10-10,wk inc flu hosp,3,15,quantile,0.85,112,2026-10-31
2026-10-10,wk inc flu hosp,3,15,quantile,0.9,133,2026-10-31
2026-10-10,wk inc flu hosp,3,15,quantile,0.95,161,2026-10-31
2026-10-10,wk inc flu hosp,3,15,quantile,0.975,189,2026-10-31
2026-10-10,wk inc flu hosp,3,15,quantile,0.99,217,2026-10-31
2026-10-10,wk inc flu hosp,-1,16,quantile,0.01,0,2026-10-03
2026-10-10,wk inc flu hosp,-1,16,quantile,0.025,0,2026-10-03
2026-10-10,wk inc flu hosp,-1,16,quantile,0.05,0,2026-10-03
2026-10-10,wk inc flu hosp,-1,16,quantile,0.1,0,2026-10-03
2026-10-10,wk inc flu hosp,-1,16,quantile,0.15,0,2026-10-03
2026-10-10,wk inc flu hosp,-1,16,quantile,0.2,0,2026-10-03
2026-10-10,wk inc flu hosp,-1,16,quantile,0.25,0,2026-10-03
2026-10-10,wk inc flu hosp,-1,16,quantile,0.3,0,2026-10-03
2026-10-10,wk inc flu hosp,-1,16,quantile,0.35,0,2026-10-03
2026-10-10,wk inc flu hosp,-1,16,quantile,0.4,0,2026-10-03
2026-10-10,wk inc flu hosp,-1,16,quantile,0.45,0,2026-10-03
2026-10-10,wk inc flu hosp,-1,16,quantile,0.5,7,2026-10-03
2026-10-10,wk inc flu hosp,-1,16,quantile,0.55,7,2026-10-03
2026-10-10,wk inc flu hosp,-1,16,quantile,0.6,7,2026-10-03
2026-10-10,wk inc flu hosp,-1,16,quantile,0.65,7,2026-10-03
2026-10-10,wk inc flu hosp,-1,16,quantile,0.7,7,2026-10-03
2026-10-10,wk inc flu hosp,-1,16,quantile,0.75,7,2026-10-03
2026-10-10,wk inc flu hosp,-1,16,quantile,0.8,7,2026-10-03
2026-10-10,wk inc flu hosp,-1,16,quantile,0.85,14,2026-10-03
2026-10-10,wk inc flu hosp,-1,16,quantile,0.9,14,2026-10-03
2026-10-10,wk inc flu hosp,-1,16,quantile,0.95,21,2026-10-03
2026-10-10,wk inc flu hosp,-1,16,quantile,0.975,21,2026-10-03
2026-10-10,wk inc flu hosp,-1,16,quantile,0.99,28,2026-10-03
2026-10-10,wk inc flu hosp,0,16,quantile,0.01,0,2026-10-10
2026-10-10,wk inc flu hosp,0,16,quantile,0.025,0,2026-10-10
2026-10-10,wk inc flu hosp,0,16,quantile,0.05,0,2026-10-10
2026-10-10,wk inc flu hosp,0,16,quantile,0.1,0,2026-10-10
2026-10-10,wk inc flu hosp,0,16,quantile,0.15,0,2026-10-10
2026-10-10,wk inc flu hosp,0,16,quantile,0.2,0,2026-10-10
2026-10-10,wk inc flu hosp,0,16,quantile,0.25,0,2026-10-10
2026-10-10,wk inc flu hosp,0,16,quantile,0.3,0,2026-10-10
2026-10-10,wk inc flu hosp,0,16,quantile,0.35,0,2026-10-10
2026-10-10,wk inc flu hosp,0,16,quantile,0.4,0,2026-10-10
2026-10-10,wk inc flu hosp,0,16,quantile,0.45,7,2026-10-10
2026-10-10,wk inc flu hosp,0,16,quantile,0.5,7,2026-10-10
2026-10-10,wk inc flu hosp,0,16,quantile,0.55,7,2026-10-10
2026-10-10,wk inc flu hosp,0,16,quantile,0.6,7,2026-10-10
2026-10-10,wk inc flu hosp,0,16,quantile,0.65,7,2026-10-10
2026-10-10,wk inc flu hosp,0,16,quantile,0.7,7,2026-10-10
2026-10-10,wk inc flu hosp,0,16,quantile,0.75,14,2026-10-10
2026-10-10,wk inc flu hosp,0,16,quantile,0.8,14,2026-10-10
2026-10-10,wk inc flu hosp,0,16,quantile,0.85,14,2026-10-10
2026-10-10,wk inc flu hosp,0,16,quantile,0.9,15,2026-10-10
2026-10-10,wk inc flu hosp,0,16,quantile,0.95,21,2026-10-10
2026-10-10,wk inc flu hosp,0,16,quantile,0.975,28,2026-10-10
2026-10-10,wk inc flu hosp,0,16,quantile,0.99,35,2026-10-10
2026-10-10,wk inc flu hosp,1,16,quantile,0.01,0,2026-10-17
2026-10-10,wk inc flu hosp,1,16,quantile,0.025,0,2026-10-17
2026-10-10,wk inc flu hosp,1,16,quantile,0.05,0,2026-10-17
2026-10-10,wk inc flu hosp,1,16,quantile,0.1,0,2026-10-17
2026-10-10,wk inc flu hosp,1,16,quantile,0.15,0,2026-10-17
2026-10-10,wk inc flu hosp,1,16,quantile,0.2,0,2026-10-17
2026-10-10,wk inc flu hosp,1,16,quantile,0.25,0,2026-10-17
2026-10-10,wk inc flu hosp,1,16,quantile,0.3,7,2026-10-17
2026-10-10,wk inc flu hosp,1,16,quantile,0.35,7,2026-10-17
2026-10-10,wk inc flu hosp,1,16,quantile,0.4,7,2026-10-17
2026-10-10,wk inc flu hosp,1,16,quantile,0.45,7,2026-10-17
2026-10-10,wk inc flu hosp,1,16,quantile,0.5,7,2026-10-17
2026-10-10,wk inc flu hosp,1,16,quantile,0.55,7,2026-10-17
2026-10-10,wk inc flu hosp,1,16,quantile,0.6,7,2026-10-17
2026-10-10,wk inc flu hosp,1,16,quantile,0.65,14,2026-10-17
2026-10-10,wk inc flu hosp,1,16,quantile,0.7,14,2026-10-17
2026-10-10,wk inc flu hosp,1,16,quantile,0.75,14,2026-10-17
2026-10-10,wk inc flu hosp,1,16,quantile,0.8,14,2026-10-17
2026-10-10,wk inc flu hosp,1,16,quantile,0.85,21,2026-10-17
2026-10-10,wk inc flu hosp,1,16,quantile,0.9,21,2026-10-17
2026-10-10,wk inc flu hosp,1,16,quantile,0.95,28,2026-10-17
2026-10-10,wk inc flu hosp,1,16,quantile,0.975,35,2026-10-17
2026-10-10,wk inc flu hosp,1,16,quantile,0.99,42,2026-10-17
2026-10-10,wk inc flu hosp,2,16,quantile,0.01,0,2026-10-24
2026-10-10,wk inc flu hosp,2,16,quantile,0.025,0,2026-10-24
2026-10-10,wk inc flu hosp,2,16,quantile,0.05,0,2026-10-24
2026-10-10,wk inc flu hosp,2,16,quantile,0.1,0,2026-10-24
2026-10-10,wk inc flu hosp,2,16,quantile,0.15,0,2026-10-24
2026-10-10,wk inc flu hosp,2,16,quantile,0.2,0,2026-10-24
2026-10-10,wk inc flu hosp,2,16,quantile,0.25,7,2026-10-24
2026-10-10,wk inc flu hosp,2,16,quantile,0.3,7,2026-10-24
2026-10-10,wk inc flu hosp,2,16,quantile,0.35,7,2026-10-24
2026-10-10,wk inc flu hosp,2,16,quantile,0.4,7,2026-10-24
2026-10-10,wk inc flu hosp,2,16,quantile,0.45,7,2026-10-24
2026-10-10,wk inc flu hosp,2,16,quantile,0.5,7,2026-10-24
2026-10-10,wk inc flu hosp,2,16,quantile,0.55,14,2026-10-24
2026-10-10,wk inc flu hosp,2,16,quantile,0.6,14,2026-10-24
2026-10-10,wk inc flu hosp,2,16,quantile,0.65,14,2026-10-24
2026-10-10,wk inc flu hosp,2,16,quantile,0.7,14,2026-10-24
2026-10-10,wk inc flu hosp,2,16,quantile,0.75,21,2026-10-24
2026-10-10,wk inc flu hosp,2,16,quantile,0.8,21,2026-10-24
2026-10-10,wk inc flu hosp,2,16,quantile,0.85,21,2026-10-24
2026-10-10,wk inc flu hosp,2,16,quantile,0.9,28,2026-10-24
2026-10-10,wk inc flu hosp,2,16,quantile,0.95,35,2026-10-24
2026-10-10,wk inc flu hosp,2,16,quantile,0.975,42,2026-10-24
2026-10-10,wk inc flu hosp,2,16,quantile,0.99,56,2026-10-24
2026-10-10,wk inc flu hosp,3,16,quantile,0.01,0,2026-10-31
2026-10-10,wk inc flu hosp,3,16,quantile,0.025,0,2026-10-31
2026-10-10,wk inc flu hosp,3,16,quantile,0.05,0,2026-10-31
2026-10-10,wk inc flu hosp,3,16,quantile,0.1,0,2026-10-31
2026-10-10,wk inc flu hosp,3,16,quantile,0.15,0,2026-10-31
2026-10-10,wk inc flu hosp,3,16,quantile,0.2,7,2026-10-31
2026-10-10,wk inc flu hosp,3,16,quantile,0.25,7,2026-10-31
2026-10-10,wk inc flu hosp,3,16,quantile,0.3,7,2026-10-31
2026-10-10,wk inc flu hosp,3,16,quantile,0.35,7,2026-10-31
2026-10-10,wk inc flu hosp,3,16,quantile,0.4,7,2026-10-31
2026-10-10,wk inc flu hosp,3,16,quantile,0.45,14,2026-10-31
2026-10-10,wk inc flu hosp,3,16,quantile,0.5,14,2026-10-31
2026-10-10,wk inc flu hosp,3,16,quantile,0.55,14,2026-10-31
2026-10-10,wk inc flu hosp,3,16,quantile,0.6,14,2026-10-31
2026-10-10,wk inc flu hosp,3,16,quantile,0.65,21,2026-10-31
2026-10-10,wk inc flu hosp,3,16,quantile,0.7,21,2026-10-31
2026-10-10,wk inc flu hosp,3,16,quantile,0.75,21,2026-10-31
2026-10-10,wk inc flu hosp,3,16,quantile,0.8,28,2026-10-31
2026-10-10,wk inc flu hosp,3,16,quantile,0.85,28,2026-10-31
2026-10-10,wk inc flu hosp,3,16,quantile,0.9,35,2026-10-31
2026-10-10,wk inc flu hosp,3,16,quantile,0.95,49,2026-10-31
2026-10-10,wk inc flu hosp,3,16,quantile,0.975,56,2026-10-31
2026-10-10,wk inc flu hosp,3,16,quantile,0.99,77,2026-10-31
2026-10-10,wk inc flu hosp,-1,17,quantile,0.01,28,2026-10-03
2026-10-10,wk inc flu hosp,-1,17,quantile,0.025,35,2026-10-03
2026-10-10,wk inc flu hosp,-1,17,quantile,0.05,42,2026-10-03
2026-10-10,wk inc flu hosp,-1,17,quantile,0.1,49,2026-10-03
2026-10-10,wk inc flu hosp,-1,17,quantile,0.15,56,2026-10-03
2026-10-10,wk inc flu hosp,-1,17,quantile,0.2,63,2026-10-03
2026-10-10,wk inc flu hosp,-1,17,quantile,0.25,70,2026-10-03
2026-10-10,wk inc flu hosp,-1,17,quantile,0.3,70,2026-10-03
2026-10-10,wk inc flu hosp,-1,17,quantile,0.35,77,2026-10-03
2026-10-10,wk inc flu hosp,-1,17,quantile,0.4,77,2026-10-03
2026-10-10,wk inc flu hosp,-1,17,quantile,0.45,84,2026-10-03
2026-10-10,wk inc flu hosp,-1,17,quantile,0.5,91,2026-10-03
2026-10-10,wk inc flu hosp,-1,17,quantile,0.55,91,2026-10-03
2026-10-10,wk inc flu hosp,-1,17,quantile,0.6,98,2026-10-03
2026-10-10,wk inc flu hosp,-1,17,quantile,0.65,105,2026-10-03
2026-10-10,wk inc flu hosp,-1,17,quantile,0.7,112,2026-10-03
2026-10-10,wk inc flu hosp,-1,17,quantile,0.75,112,2026-10-03
2026-10-10,wk inc flu hosp,-1,17,quantile,0.8,119,2026-10-03
2026-10-10,wk inc flu hosp,-1,17,quantile,0.85,126,2026-10-03
2026-10-10,wk inc flu hosp,-1,17,quantile,0.9,140,2026-10-03
2026-10-10,wk inc flu hosp,-1,17,quantile,0.95,147,2026-10-03
2026-10-10,wk inc flu hosp,-1,17,quantile,0.975,168,2026-10-03
2026-10-10,wk inc flu hosp,-1,17,quantile,0.99,182,2026-10-03
2026-10-10,wk inc flu hosp,0,17,quantile,0.01,35,2026-10-10
2026-10-10,wk inc flu hosp,0,17,quantile,0.025,42,2026-10-10
2026-10-10,wk inc flu hosp,0,17,quantile,0.05,49,2026-10-10
2026-10-10,wk inc flu hosp,0,17,quantile,0.1,63,2026-10-10
2026-10-10,wk inc flu hosp,0,17,quantile,0.15,70,2026-10-10
2026-10-10,wk inc flu hosp,0,17,quantile,0.2,77,2026-10-10
2026-10-10,wk inc flu hosp,0,17,quantile,0.25,84,2026-10-10
2026-10-10,wk inc flu hosp,0,17,quantile,0.3,84,2026-10-10
2026-10-10,wk inc flu hosp,0,17,quantile,0.35,91,2026-10-10
2026-10-10,wk inc flu hosp,0,17,quantile,0.4,98,2026-10-10
2026-10-10,wk inc flu hosp,0,17,quantile,0.45,98,2026-10-10
2026-10-10,wk inc flu hosp,0,17,quantile,0.5,105,2026-10-10
2026-10-10,wk inc flu hosp,0,17,quantile,0.55,112,2026-10-10
2026-10-10,wk inc flu hosp,0,17,quantile,0.6,112,2026-10-10
2026-10-10,wk inc flu hosp,0,17,quantile,0.65,119,2026-10-10
2026-10-10,wk inc flu hosp,0,17,quantile,0.7,126,2026-10-10
2026-10-10,wk inc flu hosp,0,17,quantile,0.75,133,2026-10-10
2026-10-10,wk inc flu hosp,0,17,quantile,0.8,140,2026-10-10
2026-10-10,wk inc flu hosp,0,17,quantile,0.85,147,2026-10-10
2026-10-10,wk inc flu hosp,0,17,quantile,0.9,161,2026-10-10
2026-10-10,wk inc flu hosp,0,17,quantile,0.95,182,2026-10-10
2026-10-10,wk inc flu hosp,0,17,quantile,0.975,203,2026-10-10
2026-10-10,wk inc flu hosp,0,17,quantile,0.99,217,2026-10-10
2026-10-10,wk inc flu hosp,1,17,quantile,0.01,35,2026-10-17
2026-10-10,wk inc flu hosp,1,17,quantile,0.025,49,2026-10-17
2026-10-10,wk inc flu hosp,1,17,quantile,0.05,56,2026-10-17
2026-10-10,wk inc flu hosp,1,17,quantile,0.1,70,2026-10-17
2026-10-10,wk inc flu hosp,1,17,quantile,0.15,77,2026-10-17
2026-10-10,wk inc flu hosp,1,17,quantile,0.2,84,2026-10-17
2026-10-10,wk inc flu hosp,1,17,quantile,0.25,91,2026-10-17
2026-10-10,wk inc flu hosp,1,17,quantile,0.3,98,2026-10-17
2026-10-10,wk inc flu hosp,1,17,quantile,0.35,98,2026-10-17
2026-10-10,wk inc flu hosp,1,17,quantile,0.4,105,2026-10-17
2026-10-10,wk inc flu hosp,1,17,quantile,0.45,119,2026-10-17
2026-10-10,wk inc flu hosp,1,17,quantile,0.5,119,2026-10-17
2026-10-10,wk inc flu hosp,1,17,quantile,0.55,126,2026-10-17
2026-10-10,wk inc flu hosp,1,17,quantile,0.6,133,2026-10-17
2026-10-10,wk inc flu hosp,1,17,quantile,0.65,140,2026-10-17
2026-10-10,wk inc flu hosp,1,17,quantile,0.7,147,2026-10-17
2026-10-10,wk inc flu hosp,1,17,quantile,0.75,154,2026-10-17
2026-10-10,wk inc flu hosp,1,17,quantile,0.8,168,2026-10-17
2026-10-10,wk inc flu hosp,1,17,quantile,0.85,175,2026-10-17
2026-10-10,wk inc flu hosp,1,17,quantile,0.9,196,2026-10-17
2026-10-10,wk inc flu hosp,1,17,quantile,0.95,224,2026-10-17
2026-10-10,wk inc flu hosp,1,17,quantile,0.975,266,2026-10-17
2026-10-10,wk inc flu hosp,1,17,quantile,0.99,294,2026-10-17
2026-10-10,wk inc flu hosp,2,17,quantile,0.01,42,2026-10-24
2026-10-10,wk inc flu hosp,2,17,quantile,0.025,56,2026-10-24
2026-10-10,wk inc flu hosp,2,17,quantile,0.05,63,2026-10-24
2026-10-10,wk inc flu hosp,2,17,quantile,0.1,77,2026-10-24
2026-10-10,wk inc flu hosp,2,17,quantile,0.15,84,2026-10-24
2026-10-10,wk inc flu hosp,2,17,quantile,0.2,98,2026-10-24
2026-10-10,wk inc flu hosp,2,17,quantile,0.25,105,2026-10-24
2026-10-10,wk inc flu hosp,2,17,quantile,0.3,112,2026-10-24
2026-10-10,wk inc flu hosp,2,17,quantile,0.35,119,2026-10-24
2026-10-10,wk inc flu hosp,2,17,quantile,0.4,126,2026-10-24
2026-10-10,wk inc flu hosp,2,17,quantile,0.45,133,2026-10-24
2026-10-10,wk inc flu hosp,2,17,quantile,0.5,140,2026-10-24
2026-10-10,wk inc flu hosp,2,17,quantile,0.55,147,2026-10-24
2026-10-10,wk inc flu hosp,2,17,quantile,0.6,154,2026-10-24
2026-10-10,wk inc flu hosp,2,17,quantile,0.65,168,2026-10-24
2026-10-10,wk inc flu hosp,2,17,quantile,0.7,175,2026-10-24
2026-10-10,wk inc flu hosp,2,17,quantile,0.75,189,2026-10-24
2026-10-10,wk inc flu hosp,2,17,quantile,0.8,203,2026-10-24
2026-10-10,wk inc flu hosp,2,17,quantile,0.85,217,2026-10-24
2026-10-10,wk inc flu hosp,2,17,quantile,0.9,238,2026-10-24
2026-10-10,wk inc flu hosp,2,17,quantile,0.95,280,2026-10-24
2026-10-10,wk inc flu hosp,2,17,quantile,0.975,301,2026-10-24
2026-10-10,wk inc flu hosp,2,17,quantile,0.99,357,2026-10-24
2026-10-10,wk inc flu hosp,3,17,quantile,0.01,49,2026-10-31
2026-10-10,wk inc flu hosp,3,17,quantile,0.025,56,2026-10-31
2026-10-10,wk inc flu hosp,3,17,quantile,0.05,70,2026-10-31
2026-10-10,wk inc flu hosp,3,17,quantile,0.1,84,2026-10-31
2026-10-10,wk inc flu hosp,3,17,quantile,0.15,98,2026-10-31
2026-10-10,wk inc flu hosp,3,17,quantile,0.2,112,2026-10-31
2026-10-10,wk inc flu hosp,3,17,quantile,0.25,119,2026-10-31
2026-10-10,wk inc flu hosp,3,17,quantile,0.3,126,2026-10-31
2026-10-10,wk inc flu hosp,3,17,quantile,0.35,133,2026-10-31
2026-10-10,wk inc flu hosp,3,17,quantile,0.4,147,2026-10-31
2026-10-10,wk inc flu hosp,3,17,quantile,0.45,154,2026-10-31
2026-10-10,wk inc flu hosp,3,17,quantile,0.5,161,2026-10-31
2026-10-10,wk inc flu hosp,3,17,quantile,0.55,175,2026-10-31
2026-10-10,wk inc flu hosp,3,17,quantile,0.6,189,2026-10-31
2026-10-10,wk inc flu hosp,3,17,quantile,0.65,196,2026-10-31
2026-10-10,wk inc flu hosp,3,17,quantile,0.7,210,2026-10-31
2026-10-10,wk inc flu hosp,3,17,quantile,0.75,224,2026-10-31
2026-10-10,wk inc flu hosp,3,17,quantile,0.8,245,2026-10-31
2026-10-10,wk inc flu hosp,3,17,quantile,0.85,266,2026-10-31
2026-10-10,wk inc flu hosp,3,17,quantile,0.9,294,2026-10-31
2026-10-10,wk inc flu hosp,3,17,quantile,0.95,336,2026-10-31
2026-10-10,wk inc flu hosp,3,17,quantile,0.975,385,2026-10-31
2026-10-10,wk inc flu hosp,3,17,quantile,0.99,455,2026-10-31
2026-10-10,wk inc flu hosp,-1,18,quantile,0.01,7,2026-10-03
2026-10-10,wk inc flu hosp,-1,18,quantile,0.025,7,2026-10-03
2026-10-10,wk inc flu hosp,-1,18,quantile,0.05,14,2026-10-03
2026-10-10,wk inc flu hosp,-1,18,quantile,0.1,21,2026-10-03
2026-10-10,wk inc flu hosp,-1,18,quantile,0.15,21,2026-10-03
2026-10-10,wk inc flu hosp,-1,18,quantile,0.2,28,2026-10-03
2026-10-10,wk inc flu hosp,-1,18,quantile,0.25,28,2026-10-03
2026-10-10,wk inc flu hosp,-1,18,quantile,0.3,28,2026-10-03
2026-10-10,wk inc flu hosp,-1,18,quantile,0.35,35,2026-10-03
2026-10-10,wk inc flu hosp,-1,18,quantile,0.4,35,2026-10-03
2026-10-10,wk inc flu hosp,-1,18,quantile,0.45,42,2026-10-03
2026-10-10,wk inc flu hosp,-1,18,quantile,0.5,42,2026-10-03
2026-10-10,wk inc flu hosp,-1,18,quantile,0.55,42,2026-10-03
2026-10-10,wk inc flu hosp,-1,18,quantile,0.6,49,2026-10-03
2026-10-10,wk inc flu hosp,-1,18,quantile,0.65,49,2026-10-03
2026-10-10,wk inc flu hosp,-1,18,quantile,0.7,56,2026-10-03
2026-10-10,wk inc flu hosp,-1,18,quantile,0.75,56,2026-10-03
2026-10-10,wk inc flu hosp,-1,18,quantile,0.8,63,2026-10-03
2026-10-10,wk inc flu hosp,-1,18,quantile,0.85,63,2026-10-03
2026-10-10,wk inc flu hosp,-1,18,quantile,0.9,70,2026-10-03
2026-10-10,wk inc flu hosp,-1,18,quantile,0.95,84,2026-10-03
2026-10-10,wk inc flu hosp,-1,18,quantile,0.975,98,2026-10-03
2026-10-10,wk inc flu hosp,-1,18,quantile,0.99,112,2026-10-03
2026-10-10,wk inc flu hosp,0,18,quantile,0.01,7,2026-10-10
2026-10-10,wk inc flu hosp,0,18,quantile,0.025,14,2026-10-10
2026-10-10,wk inc flu hosp,0,18,quantile,0.05,21,2026-10-10
2026-10-10,wk inc flu hosp,0,18,quantile,0.1,28,2026-10-10
2026-10-10,wk inc flu hosp,0,18,quantile,0.15,28,2026-10-10
2026-10-10,wk inc flu hosp,0,18,quantile,0.2,35,2026-10-10
2026-10-10,wk inc flu hosp,0,18,quantile,0.25,35,2026-10-10
2026-10-10,wk inc flu hosp,0,18,quantile,0.3,42,2026-10-10
2026-10-10,wk inc flu hosp,0,18,quantile,0.35,42,2026-10-10
2026-10-10,wk inc flu hosp,0,18,quantile,0.4,49,2026-10-10
2026-10-10,wk inc flu hosp,0,18,quantile,0.45,49,2026-10-10
2026-10-10,wk inc flu hosp,0,18,quantile,0.5,56,2026-10-10
2026-10-10,wk inc flu hosp,0,18,quantile,0.55,56,2026-10-10
2026-10-10,wk inc flu hosp,0,18,quantile,0.6,63,2026-10-10
2026-10-10,wk inc flu hosp,0,18,quantile,0.65,63,2026-10-10
2026-10-10,wk inc flu hosp,0,18,quantile,0.7,70,2026-10-10
2026-10-10,wk inc flu hosp,0,18,quantile,0.75,77,2026-10-10
2026-10-10,wk inc flu hosp,0,18,quantile,0.8,84,2026-10-10
2026-10-10,wk inc flu hosp,0,18,quantile,0.85,91,2026-10-10
2026-10-10,wk inc flu hosp,0,18,quantile,0.9,98,2026-10-10
2026-10-10,wk inc flu hosp,0,18,quantile,0.95,112,2026-10-10
2026-10-10,wk inc flu hosp,0,18,quantile,0.975,126,2026-10-10
2026-10-10,wk inc flu hosp,0,18,quantile,0.99,140,2026-10-10
2026-10-10,wk inc flu hosp,1,18,quantile,0.01,21,2026-10-17
2026-10-10,wk inc flu hosp,1,18,quantile,0.025,21,2026-10-17
2026-10-10,wk inc flu hosp,1,18,quantile,0.05,28,2026-10-17
2026-10-10,wk inc flu hosp,1,18,quantile,0.1,35,2026-10-17
2026-10-10,wk inc flu hosp,1,18,quantile,0.15,42,2026-10-17
2026-10-10,wk inc flu hosp,1,18,quantile,0.2,49,2026-10-17
2026-10-10,wk inc flu hosp,1,18,quantile,0.25,56,2026-10-17
2026-10-10,wk inc flu hosp,1,18,quantile,0.3,56,2026-10-17
2026-10-10,wk inc flu hosp,1,18,quantile,0.35,63,2026-10-17
2026-10-10,wk inc flu hosp,1,18,quantile,0.4,63,2026-10-17
2026-10-10,wk inc flu hosp,1,18,quantile,0.45,70,2026-10-17
2026-10-10,wk inc flu hosp,1,18,quantile,0.5,77,2026-10-17
2026-10-10,wk inc flu hosp,1,18,quantile,0.55,77,2026-10-17
2026-10-10,wk inc flu hosp,1,18,quantile,0.6,84,2026-10-17
2026-10-10,wk inc flu hosp,1,18,quantile,0.65,91,2026-10-17
2026-10-10,wk inc flu hosp,1,18,quantile,0.7,98,2026-10-17
2026-10-10,wk inc flu hosp,1,18,quantile,0.75,105,2026-10-17
2026-10-10,wk inc flu hosp,1,18,quantile,0.8,112,2026-10-17
2026-10-10,wk inc flu hosp,1,18,quantile,0.85,119,2026-10-17
2026-10-10,wk inc flu hosp,1,18,quantile,0.9,133,2026-10-17
2026-10-10,wk inc flu hosp,1,18,quantile,0.95,154,2026-10-17
2026-10-10,wk inc flu hosp,1,18,quantile,0.975,168,2026-10-17
2026-10-10,wk inc flu hosp,1,18,quantile,0.99,182,2026-10-17
2026-10-10,wk inc flu hosp,2,18,quantile,0.01,21,2026-10-24
2026-10-10,wk inc flu hosp,2,18,quantile,0.025,28,2026-10-24
2026-10-10,wk inc flu hosp,2,18,quantile,0.05,35,2026-10-24
2026-10-10,wk inc flu hosp,2,18,quantile,0.1,42,2026-10-24
2026-10-10,wk inc flu hosp,2,18,quantile,0.15,56,2026-10-24
2026-10-10,wk inc flu hosp,2,18,quantile,0.2,63,2026-10-24
2026-10-10,wk inc flu hosp,2,18,quantile,0.25,63,2026-10-24
2026-10-10,wk inc flu hosp,2,18,quantile,0.3,70,2026-10-24
2026-10-10,wk inc flu hosp,2,18,quantile,0.35,77,2026-10-24
2026-10-10,wk inc flu hosp,2,18,quantile,0.4,84,2026-10-24
2026-10-10,wk inc flu hosp,2,18,quantile,0.45,91,2026-10-24
2026-10-10,wk inc flu hosp,2,18,quantile,0.5,98,2026-10-24
2026-10-10,wk inc flu hosp,2,18,quantile,0.55,98,2026-10-24
2026-10-10,wk inc flu hosp,2,18,quantile,0.6,105,2026-10-24
2026-10-10,wk inc flu hosp,2,18,quantile,0.65,112,2026-10-24
2026-10-10,wk inc flu hosp,2,18,quantile,0.7,119,2026-10-24
2026-10-10,wk inc flu hosp,2,18,quantile,0.75,126,2026-10-24
2026-10-10,wk inc flu hosp,2,18,quantile,0.8,140,2026-10-24
2026-10-10,wk inc flu hosp,2,18,quantile,0.85,147,2026-10-24
2026-10-10,wk inc flu hosp,2,18,quantile,0.9,168,2026-10-24
2026-10-10,wk inc flu hosp,2,18,quantile,0.95,196,2026-10-24
2026-10-10,wk inc flu hosp,2,18,quantile,0.975,217,2026-10-24
2026-10-10,wk inc flu hosp,2,18,quantile,0.99,252,2026-10-24
2026-10-10,wk inc flu hosp,3,18,quantile,0.01,21,2026-10-31
2026-10-10,wk inc flu hosp,3,18,quantile,0.025,28,2026-10-31
2026-10-10,wk inc flu hosp,3,18,quantile,0.05,42,2026-10-31
2026-10-10,wk inc flu hosp,3,18,quantile,0.1,56,2026-10-31
2026-10-10,wk inc flu hosp,3,18,quantile,0.15,63,2026-10-31
2026-10-10,wk inc flu hosp,3,18,quantile,0.2,70,2026-10-31
2026-10-10,wk inc flu hosp,3,18,quantile,0.25,77,2026-10-31
2026-10-10,wk inc flu hosp,3,18,quantile,0.3,91,2026-10-31
2026-10-10,wk inc flu hosp,3,18,quantile,0.35,98,2026-10-31
2026-10-10,wk inc flu hosp,3,18,quantile,0.4,105,2026-10-31
2026-10-10,wk inc flu hosp,3,18,quantile,0.45,112,2026-10-31
2026-10-10,wk inc flu hosp,3,18,quantile,0.5,116,2026-10-31
2026-10-10,wk inc flu hosp,3,18,quantile,0.55,126,2026-10-31
2026-10-10,wk inc flu hosp,3,18,quantile,0.6,133,2026-10-31
2026-10-10,wk inc flu hosp,3,18,quantile,0.65,140,2026-10-31
2026-10-10,wk inc flu hosp,3,18,quantile,0.7,154,2026-10-31
2026-10-10,wk inc flu hosp,3,18,quantile,0.75,161,2026-10-31
2026-10-10,wk inc flu hosp,3,18,quantile,0.8,182,2026-10-31
2026-10-10,wk inc flu hosp,3,18,quantile,0.85,196,2026-10-31
2026-10-10,wk inc flu hosp,3,18,quantile,0.9,217,2026-10-31
2026-10-10,wk inc flu hosp,3,18,quantile,0.95,259,2026-10-31
2026-10-10,wk inc flu hosp,3,18,quantile,0.975,301,2026-10-31
2026-10-10,wk inc flu hosp,3,18,quantile,0.99,336,2026-10-31
2026-10-10,wk inc flu hosp,-1,19,quantile,0.01,0,2026-10-03
2026-10-10,wk inc flu hosp,-1,19,quantile,0.025,0,2026-10-03
2026-10-10,wk inc flu hosp,-1,19,quantile,0.05,0,2026-10-03
2026-10-10,wk inc flu hosp,-1,19,quantile,0.1,0,2026-10-03
2026-10-10,wk inc flu hosp,-1,19,quantile,0.15,0,2026-10-03
2026-10-10,wk inc flu hosp,-1,19,quantile,0.2,0,2026-10-03
2026-10-10,wk inc flu hosp,-1,19,quantile,0.25,0,2026-10-03
2026-10-10,wk inc flu hosp,-1,19,quantile,0.3,0,2026-10-03
2026-10-10,wk inc flu hosp,-1,19,quantile,0.35,0,2026-10-03
2026-10-10,wk inc flu hosp,-1,19,quantile,0.4,0,2026-10-03
2026-10-10,wk inc flu hosp,-1,19,quantile,0.45,0,2026-10-03
2026-10-10,wk inc flu hosp,-1,19,quantile,0.5,0,2026-10-03
2026-10-10,wk inc flu hosp,-1,19,quantile,0.55,0,2026-10-03
2026-10-10,wk inc flu hosp,-1,19,quantile,0.6,0,2026-10-03
2026-10-10,wk inc flu hosp,-1,19,quantile,0.65,0,2026-10-03
2026-10-10,wk inc flu hosp,-1,19,quantile,0.7,7,2026-10-03
2026-10-10,wk inc flu hosp,-1,19,quantile,0.75,7,2026-10-03
2026-10-10,wk inc flu hosp,-1,19,quantile,0.8,7,2026-10-03
2026-10-10,wk inc flu hosp,-1,19,quantile,0.85,7,2026-10-03
2026-10-10,wk inc flu hosp,-1,19,quantile,0.9,7,2026-10-03
2026-10-10,wk inc flu hosp,-1,19,quantile,0.95,14,2026-10-03
2026-10-10,wk inc flu hosp,-1,19,quantile,0.975,14,2026-10-03
2026-10-10,wk inc flu hosp,-1,19,quantile,0.99,21,2026-10-03
2026-10-10,wk inc flu hosp,0,19,quantile,0.01,0,2026-10-10
2026-10-10,wk inc flu hosp,0,19,quantile,0.025,0,2026-10-10
2026-10-10,wk inc flu hosp,0,19,quantile,0.05,0,2026-10-10
2026-10-10,wk inc flu hosp,0,19,quantile,0.1,0,2026-10-10
2026-10-10,wk inc flu hosp,0,19,quantile,0.15,0,2026-10-10
2026-10-10,wk inc flu hosp,0,19,quantile,0.2,0,2026-10-10
2026-10-10,wk inc flu hosp,0,19,quantile,0.25,0,2026-10-10
2026-10-10,wk inc flu hosp,0,19,quantile,0.3,0,2026-10-10
2026-10-10,wk inc flu hosp,0,19,quantile,0.35,0,2026-10-10
2026-10-10,wk inc flu hosp,0,19,quantile,0.4,0,2026-10-10
2026-10-10,wk inc flu hosp,0,19,quantile,0.45,0,2026-10-10
2026-10-10,wk inc flu hosp,0,19,quantile,0.5,0,2026-10-10
2026-10-10,wk inc flu hosp,0,19,quantile,0.55,0,2026-10-10
2026-10-10,wk inc flu hosp,0,19,quantile,0.6,7,2026-10-10
2026-10-10,wk inc flu hosp,0,19,quantile,0.65,7,2026-10-10
2026-10-10,wk inc flu hosp,0,19,quantile,0.7,7,2026-10-10
2026-10-10,wk inc flu hosp,0,19,quantile,0.75,7,2026-10-10
2026-10-10,wk inc flu hosp,0,19,quantile,0.8,7,2026-10-10
2026-10-10,wk inc flu hosp,0,19,quantile,0.85,7,2026-10-10
2026-10-10,wk inc flu hosp,0,19,quantile,0.9,14,2026-10-10
2026-10-10,wk inc flu hosp,0,19,quantile,0.95,14,2026-10-10
2026-10-10,wk inc flu hosp,0,19,quantile,0.975,21,2026-10-10
2026-10-10,wk inc flu hosp,0,19,quantile,0.99,21,2026-10-10
2026-10-10,wk inc flu hosp,1,19,quantile,0.01,0,2026-10-17
2026-10-10,wk inc flu hosp,1,19,quantile,0.025,0,2026-10-17
2026-10-10,wk inc flu hosp,1,19,quantile,0.05,0,2026-10-17
2026-10-10,wk inc flu hosp,1,19,quantile,0.1,0,2026-10-17
2026-10-10,wk inc flu hosp,1,19,quantile,0.15,0,2026-10-17
2026-10-10,wk inc flu hosp,1,19,quantile,0.2,0,2026-10-17
2026-10-10,wk inc flu hosp,1,19,quantile,0.25,0,2026-10-17
2026-10-10,wk inc flu hosp,1,19,quantile,0.3,0,2026-10-17
2026-10-10,wk inc flu hosp,1,19,quantile,0.35,0,2026-10-17
2026-10-10,wk inc flu hosp,1,19,quantile,0.4,0,2026-10-17
2026-10-10,wk inc flu hosp,1,19,quantile,0.45,0,2026-10-17
2026-10-10,wk inc flu hosp,1,19,quantile,0.5,7,2026-10-17
2026-10-10,wk inc flu hosp,1,19,quantile,0.55,7,2026-10-17
2026-10-10,wk inc flu hosp,1,19,quantile,0.6,7,2026-10-17
2026-10-10,wk inc flu hosp,1,19,quantile,0.65,7,2026-10-17
2026-10-10,wk inc flu hosp,1,19,quantile,0.7,7,2026-10-17
2026-10-10,wk inc flu hosp,1,19,quantile,0.75,7,2026-10-17
2026-10-10,wk inc flu hosp,1,19,quantile,0.8,14,2026-10-17
2026-10-10,wk inc flu hosp,1,19,quantile,0.85,14,2026-10-17
2026-10-10,wk inc flu hosp,1,19,quantile,0.9,14,2026-10-17
2026-10-10,wk inc flu hosp,1,19,quantile,0.95,21,2026-10-17
2026-10-10,wk inc flu hosp,1,19,quantile,0.975,28,2026-10-17
2026-10-10,wk inc flu hosp,1,19,quantile,0.99,35,2026-10-17
2026-10-10,wk inc flu hosp,2,19,quantile,0.01,0,2026-10-24
2026-10-10,wk inc flu hosp,2,19,quantile,0.025,0,2026-10-24
2026-10-10,wk inc flu hosp,2,19,quantile,0.05,0,2026-10-24
2026-10-10,wk inc flu hosp,2,19,quantile,0.1,0,2026-10-24
2026-10-10,wk inc flu hosp,2,19,quantile,0.15,0,2026-10-24
2026-10-10,wk inc flu hosp,2,19,quantile,0.2,0,2026-10-24
2026-10-10,wk inc flu hosp,2,19,quantile,0.25,0,2026-10-24
2026-10-10,wk inc flu hosp,2,19,quantile,0.3,0,2026-10-24
2026-10-10,wk inc flu hosp,2,19,quantile,0.35,0,2026-10-24
2026-10-10,wk inc flu hosp,2,19,quantile,0.4,0,2026-10-24
2026-10-10,wk inc flu hosp,2,19,quantile,0.45,7,2026-10-24
2026-10-10,wk inc flu hosp,2,19,quantile,0.5,7,2026-10-24
2026-10-10,wk inc flu hosp,2,19,quantile,0.55,7,2026-10-24
2026-10-10,wk inc flu hosp,2,19,quantile,0.6,7,2026-10-24
2026-10-10,wk inc flu hosp,2,19,quantile,0.65,7,2026-10-24
2026-10-10,wk inc flu hosp,2,19,quantile,0.7,7,2026-10-24
2026-10-10,wk inc flu hosp,2,19,quantile,0.75,14,2026-10-24
2026-10-10,wk inc flu hosp,2,19,quantile,0.8,14,2026-10-24
2026-10-10,wk inc flu hosp,2,19,quantile,0.85,21,2026-10-24
2026-10-10,wk inc flu hosp,2,19,quantile,0.9,21,2026-10-24
2026-10-10,wk inc flu hosp,2,19,quantile,0.95,28,2026-10-24
2026-10-10,wk inc flu hosp,2,19,quantile,0.975,35,2026-10-24
2026-10-10,wk inc flu hosp,2,19,quantile,0.99,42,2026-10-24
2026-10-10,wk inc flu hosp,3,19,quantile,0.01,0,2026-10-31
2026-10-10,wk inc flu hosp,3,19,quantile,0.025,0,2026-10-31
2026-10-10,wk inc flu hosp,3,19,quantile,0.05,0,2026-10-31
2026-10-10,wk inc flu hosp,3,19,quantile,0.1,0,2026-10-31
2026-10-10,wk inc flu hosp,3,19,quantile,0.15,0,2026-10-31
2026-10-10,wk inc flu hosp,3,19,quantile,0.2,0,2026-10-31
2026-10-10,wk inc flu hosp,3,19,quantile,0.25,0,2026-10-31
2026-10-10,wk inc flu hosp,3,19,quantile,0.3,0,2026-10-31
2026-10-10,wk inc flu hosp,3,19,quantile,0.35,7,2026-10-31
2026-10-10,wk inc flu hosp,3,19,quantile,0.4,7,2026-10-31
2026-10-10,wk inc flu hosp,3,19,quantile,0.45,7,2026-10-31
2026-10-10,wk inc flu hosp,3,19,quantile,0.5,7,2026-10-31
2026-10-10,wk inc flu hosp,3,19,quantile,0.55,7,2026-10-31
2026-10-10,wk inc flu hosp,3,19,quantile,0.6,7,2026-10-31
2026-10-10,wk inc flu hosp,3,19,quantile,0.65,14,2026-10-31
2026-10-10,wk inc flu hosp,3,19,quantile,0.7,14,2026-10-31
2026-10-10,wk inc flu hosp,3,19,quantile,0.75,14,2026-10-31
2026-10-10,wk inc flu hosp,3,19,quantile,0.8,21,2026-10-31
2026-10-10,wk inc flu hosp,3,19,quantile,0.85,21,2026-10-31
2026-10-10,wk inc flu hosp,3,19,quantile,0.9,35,2026-10-31
2026-10-10,wk inc flu hosp,3,19,quantile,0.95,42,2026-10-31
2026-10-10,wk inc flu hosp,3,19,quantile,0.975,56,2026-10-31
2026-10-10,wk inc flu hosp,3,19,quantile,0.99,70,2026-10-31
2026-10-10,wk inc flu hosp,-1,20,quantile,0.01,0,2026-10-03
2026-10-10,wk inc flu hosp,-1,20,quantile,0.025,0,2026-10-03
2026-10-10,wk inc flu hosp,-1,20,quantile,0.05,0,2026-10-03
2026-10-10,wk inc flu hosp,-1,20,quantile,0.1,0,2026-10-03
2026-10-10,wk inc flu hosp,-1,20,quantile,0.15,0,2026-10-03
2026-10-10,wk inc flu hosp,-1,20,quantile,0.2,0,2026-10-03
2026-10-10,wk inc flu hosp,-1,20,quantile,0.25,0,2026-10-03
2026-10-10,wk inc flu hosp,-1,20,quantile,0.3,0,2026-10-03
2026-10-10,wk inc flu hosp,-1,20,quantile,0.35,0,2026-10-03
2026-10-10,wk inc flu hosp,-1,20,quantile,0.4,7,2026-10-03
2026-10-10,wk inc flu hosp,-1,20,quantile,0.45,7,2026-10-03
2026-10-10,wk inc flu hosp,-1,20,quantile,0.5,7,2026-10-03
2026-10-10,wk inc flu hosp,-1,20,quantile,0.55,7,2026-10-03
2026-10-10,wk inc flu hosp,-1,20,quantile,0.6,7,2026-10-03
2026-10-10,wk inc flu hosp,-1,20,quantile,0.65,7,2026-10-03
2026-10-10,wk inc flu hosp,-1,20,quantile,0.7,14,2026-10-03
2026-10-10,wk inc flu hosp,-1,20,quantile,0.75,14,2026-10-03
2026-10-10,wk inc flu hosp,-1,20,quantile,0.8,14,2026-10-03
2026-10-10,wk inc flu hosp,-1,20,quantile,0.85,14,2026-10-03
2026-10-10,wk inc flu hosp,-1,20,quantile,0.9,21,2026-10-03
2026-10-10,wk inc flu hosp,-1,20,quantile,0.95,28,2026-10-03
2026-10-10,wk inc flu hosp,-1,20,quantile,0.975,28,2026-10-03
2026-10-10,wk inc flu hosp,-1,20,quantile,0.99,35,2026-10-03
2026-10-10,wk inc flu hosp,0,20,quantile,0.01,0,2026-10-10
2026-10-10,wk inc flu hosp,0,20,quantile,0.025,0,2026-10-10
2026-10-10,wk inc flu hosp,0,20,quantile,0.05,0,2026-10-10
2026-10-10,wk inc flu hosp,0,20,quantile,0.1,0,2026-10-10
2026-10-10,wk inc flu hosp,0,20,quantile,0.15,0,2026-10-10
2026-10-10,wk inc flu hosp,0,20,quantile,0.2,0,2026-10-10
2026-10-10,wk inc flu hosp,0,20,quantile,0.25,0,2026-10-10
2026-10-10,wk inc flu hosp,0,20,quantile,0.3,7,2026-10-10
2026-10-10,wk inc flu hosp,0,20,quantile,0.35,7,2026-10-10
2026-10-10,wk inc flu hosp,0,20,quantile,0.4,7,2026-10-10
2026-10-10,wk inc flu hosp,0,20,quantile,0.45,7,2026-10-10
2026-10-10,wk inc flu hosp,0,20,quantile,0.5,7,2026-10-10
2026-10-10,wk inc flu hosp,0,20,quantile,0.55,7,2026-10-10
2026-10-10,wk inc flu hosp,0,20,quantile,0.6,14,2026-10-10
2026-10-10,wk inc flu hosp,0,20,quantile,0.65,14,2026-10-10
2026-10-10,wk inc flu hosp,0,20,quantile,0.7,14,2026-10-10
2026-10-10,wk inc flu hosp,0,20,quantile,0.75,14,2026-10-10
2026-10-10,wk inc flu hosp,0,20,quantile,0.8,21,2026-10-10
2026-10-10,wk inc flu hosp,0,20,quantile,0.85,21,2026-10-10
2026-10-10,wk inc flu hosp,0,20,quantile,0.9,21,2026-10-10
2026-10-10,wk inc flu hosp,0,20,quantile,0.95,28,2026-10-10
2026-10-10,wk inc flu hosp,0,20,quantile,0.975,35,2026-10-10
2026-10-10,wk inc flu hosp,0,20,quantile,0.99,42,2026-10-10
2026-10-10,wk inc flu hosp,1,20,quantile,0.01,0,2026-10-17
2026-10-10,wk inc flu hosp,1,20,quantile,0.025,0,2026-10-17
2026-10-10,wk inc flu hosp,1,20,quantile,0.05,0,2026-10-17
2026-10-10,wk inc flu hosp,1,20,quantile,0.1,0,2026-10-17
2026-10-10,wk inc flu hosp,1,20,quantile,0.15,0,2026-10-17
2026-10-10,wk inc flu hosp,1,20,quantile,0.2,0,2026-10-17
2026-10-10,wk inc flu hosp,1,20,quantile,0.25,7,2026-10-17
2026-10-10,wk inc flu hosp,1,20,quantile,0.3,7,2026-10-17
2026-10-10,wk inc flu hosp,1,20,quantile,0.35,7,2026-10-17
2026-10-10,wk inc flu hosp,1,20,quantile,0.4,7,2026-10-17
2026-10-10,wk inc flu hosp,1,20,quantile,0.45,7,2026-10-17
2026-10-10,wk inc flu hosp,1,20,quantile,0.5,7,2026-10-17
2026-10-10,wk inc flu hosp,1,20,quantile,0.55,14,2026-10-17
2026-10-10,wk inc flu hosp,1,20,quantile,0.6,14,2026-10-17
2026-10-10,wk inc flu hosp,1,20,quantile,0.65,14,2026-10-17
2026-10-10,wk inc flu hosp,1,20,quantile,0.7,14,2026-10-17
2026-10-10,wk inc flu hosp,1,20,quantile,0.75,21,2026-10-17
2026-10-10,wk inc flu hosp,1,20,quantile,0.8,21,2026-10-17
2026-10-10,wk inc flu hosp,1,20,quantile,0.85,21,2026-10-17
2026-10-10,wk inc flu hosp,1,20,quantile,0.9,28,2026-10-17
2026-10-10,wk inc flu hosp,1,20,quantile,0.95,35,2026-10-17
2026-10-10,wk inc flu hosp,1,20,quantile,0.975,42,2026-10-17
2026-10-10,wk inc flu hosp,1,20,quantile,0.99,49,2026-10-17
2026-10-10,wk inc flu hosp,2,20,quantile,0.01,0,2026-10-24
2026-10-10,wk inc flu hosp,2,20,quantile,0.025,0,2026-10-24
2026-10-10,wk inc flu hosp,2,20,quantile,0.05,0,2026-10-24
2026-10-10,wk inc flu hosp,2,20,quantile,0.1,0,2026-10-24
2026-10-10,wk inc flu hosp,2,20,quantile,0.15,0,2026-10-24
2026-10-10,wk inc flu hosp,2,20,quantile,0.2,0,2026-10-24
2026-10-10,wk inc flu hosp,2,20,quantile,0.25,7,2026-10-24
2026-10-10,wk inc flu hosp,2,20,quantile,0.3,7,2026-10-24
2026-10-10,wk inc flu hosp,2,20,quantile,0.35,7,2026-10-24
2026-10-10,wk inc flu hosp,2,20,quantile,0.4,7,2026-10-24
2026-10-10,wk inc flu hosp,2,20,quantile,0.45,7,2026-10-24
2026-10-10,wk inc flu hosp,2,20,quantile,0.5,14,2026-10-24
2026-10-10,wk inc flu hosp,2,20,quantile,0.55,14,2026-10-24
2026-10-10,wk inc flu hosp,2,20,quantile,0.6,14,2026-10-24
2026-10-10,wk inc flu hosp,2,20,quantile,0.65,14,2026-10-24
2026-10-10,wk inc flu hosp,2,20,quantile,0.7,21,2026-10-24
2026-10-10,wk inc flu hosp,2,20,quantile,0.75,21,2026-10-24
2026-10-10,wk inc flu hosp,2,20,quantile,0.8,21,2026-10-24
2026-10-10,wk inc flu hosp,2,20,quantile,0.85,28,2026-10-24
2026-10-10,wk inc flu hosp,2,20,quantile,0.9,35,2026-10-24
2026-10-10,wk inc flu hosp,2,20,quantile,0.95,42,2026-10-24
2026-10-10,wk inc flu hosp,2,20,quantile,0.975,49,2026-10-24
2026-10-10,wk inc flu hosp,2,20,quantile,0.99,56,2026-10-24
2026-10-10,wk inc flu hosp,3,20,quantile,0.01,0,2026-10-31
2026-10-10,wk inc flu hosp,3,20,quantile,0.025,0,2026-10-31
2026-10-10,wk inc flu hosp,3,20,quantile,0.05,0,2026-10-31
2026-10-10,wk inc flu hosp,3,20,quantile,0.1,0,2026-10-31
2026-10-10,wk inc flu hosp,3,20,quantile,0.15,0,2026-10-31
2026-10-10,wk inc flu hosp,3,20,quantile,0.2,7,2026-10-31
2026-10-10,wk inc flu hosp,3,20,quantile,0.25,7,2026-10-31
2026-10-10,wk inc flu hosp,3,20,quantile,0.3,7,2026-10-31
2026-10-10,wk inc flu hosp,3,20,quantile,0.35,7,2026-10-31
2026-10-10,wk inc flu hosp,3,20,quantile,0.4,7,2026-10-31
2026-10-10,wk inc flu hosp,3,20,quantile,0.45,14,2026-10-31
2026-10-10,wk inc flu hosp,3,20,quantile,0.5,14,2026-10-31
2026-10-10,wk inc flu hosp,3,20,quantile,0.55,14,2026-10-31
2026-10-10,wk inc flu hosp,3,20,quantile,0.6,14,2026-10-31
2026-10-10,wk inc flu hosp,3,20,quantile,0.65,21,2026-10-31
2026-10-10,wk inc flu hosp,3,20,quantile,0.7,21,2026-10-31
2026-10-10,wk inc flu hosp,3,20,quantile,0.75,28,2026-10-31
2026-10-10,wk inc flu hosp,3,20,quantile,0.8,28,2026-10-31
2026-10-10,wk inc flu hosp,3,20,quantile,0.85,35,2026-10-31
2026-10-10,wk inc flu hosp,3,20,quantile,0.9,36,2026-10-31
2026-10-10,wk inc flu hosp,3,20,quantile,0.95,49,2026-10-31
2026-10-10,wk inc flu hosp,3,20,quantile,0.975,63,2026-10-31
2026-10-10,wk inc flu hosp,3,20,quantile,0.99,84,2026-10-31
2026-10-10,wk inc flu hosp,-1,21,quantile,0.01,0,2026-10-03
2026-10-10,wk inc flu hosp,-1,21,quantile,0.025,7,2026-10-03
2026-10-10,wk inc flu hosp,-1,21,quantile,0.05,7,2026-10-03
2026-10-10,wk inc flu hosp,-1,21,quantile,0.1,14,2026-10-03
2026-10-10,wk inc flu hosp,-1,21,quantile,0.15,14,2026-10-03
2026-10-10,wk inc flu hosp,-1,21,quantile,0.2,21,2026-10-03
2026-10-10,wk inc flu hosp,-1,21,quantile,0.25,21,2026-10-03
2026-10-10,wk inc flu hosp,-1,21,quantile,0.3,28,2026-10-03
2026-10-10,wk inc flu hosp,-1,21,quantile,0.35,28,2026-10-03
2026-10-10,wk inc flu hosp,-1,21,quantile,0.4,28,2026-10-03
2026-10-10,wk inc flu hosp,-1,21,quantile,0.45,35,2026-10-03
2026-10-10,wk inc flu hosp,-1,21,quantile,0.5,35,2026-10-03
2026-10-10,wk inc flu hosp,-1,21,quantile,0.55,42,2026-10-03
2026-10-10,wk inc flu hosp,-1,21,quantile,0.6,42,2026-10-03
2026-10-10,wk inc flu hosp,-1,21,quantile,0.65,42,2026-10-03
2026-10-10,wk inc flu hosp,-1,21,quantile,0.7,49,2026-10-03
2026-10-10,wk inc flu hosp,-1,21,quantile,0.75,49,2026-10-03
2026-10-10,wk inc flu hosp,-1,21,quantile,0.8,56,2026-10-03
2026-10-10,wk inc flu hosp,-1,21,quantile,0.85,63,2026-10-03
2026-10-10,wk inc flu hosp,-1,21,quantile,0.9,70,2026-10-03
2026-10-10,wk inc flu hosp,-1,21,quantile,0.95,77,2026-10-03
2026-10-10,wk inc flu hosp,-1,21,quantile,0.975,91,2026-10-03
2026-10-10,wk inc flu hosp,-1,21,quantile,0.99,105,2026-10-03
2026-10-10,wk inc flu hosp,0,21,quantile,0.01,7,2026-10-10
2026-10-10,wk inc flu hosp,0,21,quantile,0.025,7,2026-10-10
2026-10-10,wk inc flu hosp,0,21,quantile,0.05,14,2026-10-10
2026-10-10,wk inc flu hosp,0,21,quantile,0.1,21,2026-10-10
2026-10-10,wk inc flu hosp,0,21,quantile,0.15,21,2026-10-10
2026-10-10,wk inc flu hosp,0,21,quantile,0.2,28,2026-10-10
2026-10-10,wk inc flu hosp,0,21,quantile,0.25,28,2026-10-10
2026-10-10,wk inc flu hosp,0,21,quantile,0.3,35,2026-10-10
2026-10-10,wk inc flu hosp,0,21,quantile,0.35,35,2026-10-10
2026-10-10,wk inc flu hosp,0,21,quantile,0.4,42,2026-10-10
2026-10-10,wk inc flu hosp,0,21,quantile,0.45,42,2026-10-10
2026-10-10,wk inc flu hosp,0,21,quantile,0.5,49,2026-10-10
2026-10-10,wk inc flu hosp,0,21,quantile,0.55,49,2026-10-10
2026-10-10,wk inc flu hosp,0,21,quantile,0.6,56,2026-10-10
2026-10-10,wk inc flu hosp,0,21,quantile,0.65,56,2026-10-10
2026-10-10,wk inc flu hosp,0,21,quantile,0.7,63,2026-10-10
2026-10-10,wk inc flu hosp,0,21,quantile,0.75,63,2026-10-10
2026-10-10,wk inc flu hosp,0,21,quantile,0.8,70,2026-10-10
2026-10-10,wk inc flu hosp,0,21,quantile,0.85,77,2026-10-10
2026-10-10,wk inc flu hosp,0,21,quantile,0.9,91,2026-10-10
2026-10-10,wk inc flu hosp,0,21,quantile,0.95,105,2026-10-10
2026-10-10,wk inc flu hosp,0,21,quantile,0.975,119,2026-10-10
2026-10-10,wk inc flu hosp,0,21,quantile,0.99,133,2026-10-10
2026-10-10,wk inc flu hosp,1,21,quantile,0.01,7,2026-10-17
2026-10-10,wk inc flu hosp,1,21,quantile,0.025,14,2026-10-17
2026-10-10,wk inc flu hosp,1,21,quantile,0.05,21,2026-10-17
2026-10-10,wk inc flu hosp,1,21,quantile,0.1,21,2026-10-17
2026-10-10,wk inc flu hosp,1,21,quantile,0.15,28,2026-10-17
2026-10-10,wk inc flu hosp,1,21,quantile,0.2,35,2026-10-17
2026-10-10,wk inc flu hosp,1,21,quantile,0.25,35,2026-10-17
2026-10-10,wk inc flu hosp,1,21,quantile,0.3,42,2026-10-17
2026-10-10,wk inc flu hosp,1,21,quantile,0.35,49,2026-10-17
2026-10-10,wk inc flu hosp,1,21,quantile,0.4,49,2026-10-17
2026-10-10,wk inc flu hosp,1,21,quantile,0.45,56,2026-10-17
2026-10-10,wk inc flu hosp,1,21,quantile,0.5,56,2026-10-17
2026-10-10,wk inc flu hosp,1,21,quantile,0.55,63,2026-10-17
2026-10-10,wk inc flu hosp,1,21,quantile,0.6,63,2026-10-17
2026-10-10,wk inc flu hosp,1,21,quantile,0.65,70,2026-10-17
2026-10-10,wk inc flu hosp,1,21,quantile,0.7,77,2026-10-17
2026-10-10,wk inc flu hosp,1,21,quantile,0.75,84,2026-10-17
2026-10-10,wk inc flu hosp,1,21,quantile,0.8,91,2026-10-17
2026-10-10,wk inc flu hosp,1,21,quantile,0.85,105,2026-10-17
2026-10-10,wk inc flu hosp,1,21,quantile,0.9,119,2026-10-17
2026-10-10,wk inc flu hosp,1,21,quantile,0.95,140,2026-10-17
2026-10-10,wk inc flu hosp,1,21,quantile,0.975,161,2026-10-17
2026-10-10,wk inc flu hosp,1,21,quantile,0.99,182,2026-10-17
2026-10-10,wk inc flu hosp,2,21,quantile,0.01,7,2026-10-24
2026-10-10,wk inc flu hosp,2,21,quantile,0.025,14,2026-10-24
2026-10-10,wk inc flu hosp,2,21,quantile,0.05,21,2026-10-24
2026-10-10,wk inc flu hosp,2,21,quantile,0.1,28,2026-10-24
2026-10-10,wk inc flu hosp,2,21,quantile,0.15,28,2026-10-24
2026-10-10,wk inc flu hosp,2,21,quantile,0.2,35,2026-10-24
2026-10-10,wk inc flu hosp,2,21,quantile,0.25,42,2026-10-24
2026-10-10,wk inc flu hosp,2,21,quantile,0.3,42,2026-10-24
2026-10-10,wk inc flu hosp,2,21,quantile,0.35,49,2026-10-24
2026-10-10,wk inc flu hosp,2,21,quantile,0.4,56,2026-10-24
2026-10-10,wk inc flu hosp,2,21,quantile,0.45,56,2026-10-24
2026-10-10,wk inc flu hosp,2,21,quantile,0.5,63,2026-10-24
2026-10-10,wk inc flu hosp,2,21,quantile,0.55,70,2026-10-24
2026-10-10,wk inc flu hosp,2,21,quantile,0.6,77,2026-10-24
2026-10-10,wk inc flu hosp,2,21,quantile,0.65,84,2026-10-24
2026-10-10,wk inc flu hosp,2,21,quantile,0.7,91,2026-10-24
2026-10-10,wk inc flu hosp,2,21,quantile,0.75,98,2026-10-24
2026-10-10,wk inc flu hosp,2,21,quantile,0.8,112,2026-10-24
2026-10-10,wk inc flu hosp,2,21,quantile,0.85,126,2026-10-24
2026-10-10,wk inc flu hosp,2,21,quantile,0.9,147,2026-10-24
2026-10-10,wk inc flu hosp,2,21,quantile,0.95,175,2026-10-24
2026-10-10,wk inc flu hosp,2,21,quantile,0.975,203,2026-10-24
2026-10-10,wk inc flu hosp,2,21,quantile,0.99,231,2026-10-24
2026-10-10,wk inc flu hosp,3,21,quantile,0.01,7,2026-10-31
2026-10-10,wk inc flu hosp,3,21,quantile,0.025,14,2026-10-31
2026-10-10,wk inc flu hosp,3,21,quantile,0.05,14,2026-10-31
2026-10-10,wk inc flu hosp,3,21,quantile,0.1,28,2026-10-31
2026-10-10,wk inc flu hosp,3,21,quantile,0.15,35,2026-10-31
2026-10-10,wk inc flu hosp,3,21,quantile,0.2,42,2026-10-31
2026-10-10,wk inc flu hosp,3,21,quantile,0.25,42,2026-10-31
2026-10-10,wk inc flu hosp,3,21,quantile,0.3,49,2026-10-31
2026-10-10,wk inc flu hosp,3,21,quantile,0.35,56,2026-10-31
2026-10-10,wk inc flu hosp,3,21,quantile,0.4,63,2026-10-31
2026-10-10,wk inc flu hosp,3,21,quantile,0.45,70,2026-10-31
2026-10-10,wk inc flu hosp,3,21,quantile,0.5,77,2026-10-31
2026-10-10,wk inc flu hosp,3,21,quantile,0.55,77,2026-10-31
2026-10-10,wk inc flu hosp,3,21,quantile,0.6,84,2026-10-31
2026-10-10,wk inc flu hosp,3,21,quantile,0.65,98,2026-10-31
2026-10-10,wk inc flu hosp,3,21,quantile,0.7,107,2026-10-31
2026-10-10,wk inc flu hosp,3,21,quantile,0.75,119,2026-10-31
2026-10-10,wk inc flu hosp,3,21,quantile,0.8,133,2026-10-31
2026-10-10,wk inc flu hosp,3,21,quantile,0.85,147,2026-10-31
2026-10-10,wk inc flu hosp,3,21,quantile,0.9,183,2026-10-31
2026-10-10,wk inc flu hosp,3,21,quantile,0.95,231,2026-10-31
2026-10-10,wk inc flu hosp,3,21,quantile,0.975,273,2026-10-31
2026-10-10,wk inc flu hosp,3,21,quantile,0.99,329,2026-10-31
2026-10-10,wk inc flu hosp,-1,22,quantile,0.01,21,2026-10-03
2026-10-10,wk inc flu hosp,-1,22,quantile,0.025,28,2026-10-03
2026-10-10,wk inc flu hosp,-1,22,quantile,0.05,35,2026-10-03
2026-10-10,wk inc flu hosp,-1,22,quantile,0.1,42,2026-10-03
2026-10-10,wk inc flu hosp,-1,22,quantile,0.15,49,2026-10-03
2026-10-10,wk inc flu hosp,-1,22,quantile,0.2,49,2026-10-03
2026-10-10,wk inc flu hosp,-1,22,quantile,0.25,56,2026-10-03
2026-10-10,wk inc flu hosp,-1,22,quantile,0.3,63,2026-10-03
2026-10-10,wk inc flu hosp,-1,22,quantile,0.35,63,2026-10-03
2026-10-10,wk inc flu hosp,-1,22,quantile,0.4,70,2026-10-03
2026-10-10,wk inc flu hosp,-1,22,quantile,0.45,70,2026-10-03
2026-10-10,wk inc flu hosp,-1,22,quantile,0.5,77,2026-10-03
2026-10-10,wk inc flu hosp,-1,22,quantile,0.55,77,2026-10-03
2026-10-10,wk inc flu hosp,-1,22,quantile,0.6,84,2026-10-03
2026-10-10,wk inc flu hosp,-1,22,quantile,0.65,84,2026-10-03
2026-10-10,wk inc flu hosp,-1,22,quantile,0.7,91,2026-10-03
2026-10-10,wk inc flu hosp,-1,22,quantile,0.75,91,2026-10-03
2026-10-10,wk inc flu hosp,-1,22,quantile,0.8,98,2026-10-03
2026-10-10,wk inc flu hosp,-1,22,quantile,0.85,105,2026-10-03
2026-10-10,wk inc flu hosp,-1,22,quantile,0.9,112,2026-10-03
2026-10-10,wk inc flu hosp,-1,22,quantile,0.95,126,2026-10-03
2026-10-10,wk inc flu hosp,-1,22,quantile,0.975,147,2026-10-03
2026-10-10,wk inc flu hosp,-1,22,quantile,0.99,168,2026-10-03
2026-10-10,wk inc flu hosp,0,22,quantile,0.01,21,2026-10-10
2026-10-10,wk inc flu hosp,0,22,quantile,0.025,35,2026-10-10
2026-10-10,wk inc flu hosp,0,22,quantile,0.05,42,2026-10-10
2026-10-10,wk inc flu hosp,0,22,quantile,0.1,56,2026-10-10
2026-10-10,wk inc flu hosp,0,22,quantile,0.15,63,2026-10-10
2026-10-10,wk inc flu hosp,0,22,quantile,0.2,70,2026-10-10
2026-10-10,wk inc flu hosp,0,22,quantile,0.25,77,2026-10-10
2026-10-10,wk inc flu hosp,0,22,quantile,0.3,77,2026-10-10
2026-10-10,wk inc flu hosp,0,22,quantile,0.35,84,2026-10-10
2026-10-10,wk inc flu hosp,0,22,quantile,0.4,91,2026-10-10
2026-10-10,wk inc flu hosp,0,22,quantile,0.45,91,2026-10-10
2026-10-10,wk inc flu hosp,0,22,quantile,0.5,98,2026-10-10
2026-10-10,wk inc flu hosp,0,22,quantile,0.55,98,2026-10-10
2026-10-10,wk inc flu hosp,0,22,quantile,0.6,105,2026-10-10
2026-10-10,wk inc flu hosp,0,22,quantile,0.65,112,2026-10-10
2026-10-10,wk inc flu hosp,0,22,quantile,0.7,119,2026-10-10
2026-10-10,wk inc flu hosp,0,22,quantile,0.75,126,2026-10-10
2026-10-10,wk inc flu hosp,0,22,quantile,0.8,133,2026-10-10
2026-10-10,wk inc flu hosp,0,22,quantile,0.85,140,2026-10-10
2026-10-10,wk inc flu hosp,0,22,quantile,0.9,154,2026-10-10
2026-10-10,wk inc flu hosp,0,22,quantile,0.95,175,2026-10-10
2026-10-10,wk inc flu hosp,0,22,quantile,0.975,203,2026-10-10
2026-10-10,wk inc flu hosp,0,22,quantile,0.99,217,2026-10-10
2026-10-10,wk inc flu hosp,1,22,quantile,0.01,42,2026-10-17
2026-10-10,wk inc flu hosp,1,22,quantile,0.025,49,2026-10-17
2026-10-10,wk inc flu hosp,1,22,quantile,0.05,63,2026-10-17
2026-10-10,wk inc flu hosp,1,22,quantile,0.1,70,2026-10-17
2026-10-10,wk inc flu hosp,1,22,quantile,0.15,77,2026-10-17
2026-10-10,wk inc flu hosp,1,22,quantile,0.2,84,2026-10-17
2026-10-10,wk inc flu hosp,1,22,quantile,0.25,91,2026-10-17
2026-10-10,wk inc flu hosp,1,22,quantile,0.3,98,2026-10-17
2026-10-10,wk inc flu hosp,1,22,quantile,0.35,105,2026-10-17
2026-10-10,wk inc flu hosp,1,22,quantile,0.4,105,2026-10-17
2026-10-10,wk inc flu hosp,1,22,quantile,0.45,112,2026-10-17
2026-10-10,wk inc flu hosp,1,22,quantile,0.5,119,2026-10-17
2026-10-10,wk inc flu hosp,1,22,quantile,0.55,126,2026-10-17
2026-10-10,wk inc flu hosp,1,22,quantile,0.6,133,2026-10-17
2026-10-10,wk inc flu hosp,1,22,quantile,0.65,140,2026-10-17
2026-10-10,wk inc flu hosp,1,22,quantile,0.7,147,2026-10-17
2026-10-10,wk inc flu hosp,1,22,quantile,0.75,161,2026-10-17
2026-10-10,wk inc flu hosp,1,22,quantile,0.8,168,2026-10-17
2026-10-10,wk inc flu hosp,1,22,quantile,0.85,182,2026-10-17
2026-10-10,wk inc flu hosp,1,22,quantile,0.9,196,2026-10-17
2026-10-10,wk inc flu hosp,1,22,quantile,0.95,217,2026-10-17
2026-10-10,wk inc flu hosp,1,22,quantile,0.975,238,2026-10-17
2026-10-10,wk inc flu hosp,1,22,quantile,0.99,280,2026-10-17
2026-10-10,wk inc flu hosp,2,22,quantile,0.01,49,2026-10-24
2026-10-10,wk inc flu hosp,2,22,quantile,0.025,56,2026-10-24
2026-10-10,wk inc flu hosp,2,22,quantile,0.05,70,2026-10-24
2026-10-10,wk inc flu hosp,2,22,quantile,0.1,84,2026-10-24
2026-10-10,wk inc flu hosp,2,22,quantile,0.15,98,2026-10-24
2026-10-10,wk inc flu hosp,2,22,quantile,0.2,105,2026-10-24
2026-10-10,wk inc flu hosp,2,22,quantile,0.25,112,2026-10-24
2026-10-10,wk inc flu hosp,2,22,quantile,0.3,126,2026-10-24
2026-10-10,wk inc flu hosp,2,22,quantile,0.35,131,2026-10-24
2026-10-10,wk inc flu hosp,2,22,quantile,0.4,140,2026-10-24
2026-10-10,wk inc flu hosp,2,22,quantile,0.45,147,2026-10-24
2026-10-10,wk inc flu hosp,2,22,quantile,0.5,154,2026-10-24
2026-10-10,wk inc flu hosp,2,22,quantile,0.55,161,2026-10-24
2026-10-10,wk inc flu hosp,2,22,quantile,0.6,175,2026-10-24
2026-10-10,wk inc flu hosp,2,22,quantile,0.65,182,2026-10-24
2026-10-10,wk inc flu hosp,2,22,quantile,0.7,196,2026-10-24
2026-10-10,wk inc flu hosp,2,22,quantile,0.75,210,2026-10-24
2026-10-10,wk inc flu hosp,2,22,quantile,0.8,224,2026-10-24
2026-10-10,wk inc flu hosp,2,22,quantile,0.85,238,2026-10-24
2026-10-10,wk inc flu hosp,2,22,quantile,0.9,266,2026-10-24
2026-10-10,wk inc flu hosp,2,22,quantile,0.95,301,2026-10-24
2026-10-10,wk inc flu hosp,2,22,quantile,0.975,336,2026-10-24
2026-10-10,wk inc flu hosp,2,22,quantile,0.99,371,2026-10-24
2026-10-10,wk inc flu hosp,3,22,quantile,0.01,56,2026-10-31
2026-10-10,wk inc flu hosp,3,22,quantile,0.025,70,2026-10-31
2026-10-10,wk inc flu hosp,3,22,quantile,0.05,84,2026-10-31
2026-10-10,wk inc flu hosp,3,22,quantile,0.1,105,2026-10-31
2026-10-10,wk inc flu hosp,3,22,quantile,0.15,119,2026-10-31
2026-10-10,wk inc flu hosp,3,22,quantile,0.2,133,2026-10-31
2026-10-10,wk inc flu hosp,3,22,quantile,0.25,147,2026-10-31
2026-10-10,wk inc flu hosp,3,22,quantile,0.3,154,2026-10-31
2026-10-10,wk inc flu hosp,3,22,quantile,0.35,161,2026-10-31
2026-10-10,wk inc flu hosp,3,22,quantile,0.4,175,2026-10-31
2026-10-10,wk inc flu hosp,3,22,quantile,0.45,182,2026-10-31
2026-10-10,wk inc flu hosp,3,22,quantile,0.5,196,2026-10-31
2026-10-10,wk inc flu hosp,3,22,quantile,0.55,210,2026-10-31
2026-10-10,wk inc flu hosp,3,22,quantile,0.6,224,2026-10-31
2026-10-10,wk inc flu hosp,3,22,quantile,0.65,238,2026-10-31
2026-10-10,wk inc flu hosp,3,22,quantile,0.7,252,2026-10-31
2026-10-10,wk inc flu hosp,3,22,quantile,0.75,266,2026-10-31
2026-10-10,wk inc flu hosp,3,22,quantile,0.8,294,2026-10-31
2026-10-10,wk inc flu hosp,3,22,quantile,0.85,322,2026-10-31
2026-10-10,wk inc flu hosp,3,22,quantile,0.9,357,2026-10-31
2026-10-10,wk inc flu hosp,3,22,quantile,0.95,399,2026-10-31
2026-10-10,wk inc flu hosp,3,22,quantile,0.975,448,2026-10-31
2026-10-10,wk inc flu hosp,3,22,quantile,0.99,483,2026-10-31
2026-10-10,wk inc flu hosp,-1,23,quantile,0.01,0,2026-10-03
2026-10-10,wk inc flu hosp,-1,23,quantile,0.025,0,2026-10-03
2026-10-10,wk inc flu hosp,-1,23,quantile,0.05,0,2026-10-03
2026-10-10,wk inc flu hosp,-1,23,quantile,0.1,0,2026-10-03
2026-10-10,wk inc flu hosp,-1,23,quantile,0.15,0,2026-10-03
2026-10-10,wk inc flu hosp,-1,23,quantile,0.2,0,2026-10-03
2026-10-10,wk inc flu hosp,-1,23,quantile,0.25,0,2026-10-03
2026-10-10,wk inc flu hosp,-1,23,quantile,0.3,0,2026-10-03
2026-10-10,wk inc flu hosp,-1,23,quantile,0.35,0,2026-10-03
2026-10-10,wk inc flu hosp,-1,23,quantile,0.4,0,2026-10-03
2026-10-10,wk inc flu hosp,-1,23,quantile,0.45,0,2026-10-03
2026-10-10,wk inc flu hosp,-1,23,quantile,0.5,0,2026-10-03
2026-10-10,wk inc flu hosp,-1,23,quantile,0.55,0,2026-10-03
2026-10-10,wk inc flu hosp,-1,23,quantile,0.6,0,2026-10-03
2026-10-10,wk inc flu hosp,-1,23,quantile,0.65,7,2026-10-03
2026-10-10,wk inc flu hosp,-1,23,quantile,0.7,7,2026-10-03
2026-10-10,wk inc flu hosp,-1,23,quantile,0.75,7,2026-10-03
2026-10-10,wk inc flu hosp,-1,23,quantile,0.8,7,2026-10-03
2026-10-10,wk inc flu hosp,-1,23,quantile,0.85,7,2026-10-03
2026-10-10,wk inc flu hosp,-1,23,quantile,0.9,14,2026-10-03
2026-10-10,wk inc flu hosp,-1,23,quantile,0.95,14,2026-10-03
2026-10-10,wk inc flu hosp,-1,23,quantile,0.975,21,2026-10-03
2026-10-10,wk inc flu hosp,-1,23,quantile,0.99,21,2026-10-03
2026-10-10,wk inc flu hosp,0,23,quantile,0.01,0,2026-10-10
2026-10-10,wk inc flu hosp,0,23,quantile,0.025,0,2026-10-10
2026-10-10,wk inc flu hosp,0,23,quantile,0.05,0,2026-10-10
2026-10-10,wk inc flu hosp,0,23,quantile,0.1,0,2026-10-10
2026-10-10,wk inc flu hosp,0,23,quantile,0.15,0,2026-10-10
2026-10-10,wk inc flu hosp,0,23,quantile,0.2,0,2026-10-10
2026-10-10,wk inc flu hosp,0,23,quantile,0.25,0,2026-10-10
2026-10-10,wk inc flu hosp,0,23,quantile,0.3,0,2026-10-10
2026-10-10,wk inc flu hosp,0,23,quantile,0.35,0,2026-10-10
2026-10-10,wk inc flu hosp,0,23,quantile,0.4,0,2026-10-10
2026-10-10,wk inc flu hosp,0,23,quantile,0.45,0,2026-10-10
2026-10-10,wk inc flu hosp,0,23,quantile,0.5,0,2026-10-10
2026-10-10,wk inc flu hosp,0,23,quantile,0.55,0,2026-10-10
2026-10-10,wk inc flu hosp,0,23,quantile,0.6,7,2026-10-10
2026-10-10,wk inc flu hosp,0,23,quantile,0.65,7,2026-10-10
2026-10-10,wk inc flu hosp,0,23,quantile,0.7,7,2026-10-10
2026-10-10,wk inc flu hosp,0,23,quantile,0.75,7,2026-10-10
2026-10-10,wk inc flu hosp,0,23,quantile,0.8,7,2026-10-10
2026-10-10,wk inc flu hosp,0,23,quantile,0.85,14,2026-10-10
2026-10-10,wk inc flu hosp,0,23,quantile,0.9,14,2026-10-10
2026-10-10,wk inc flu hosp,0,23,quantile,0.95,14,2026-10-10
2026-10-10,wk inc flu hosp,0,23,quantile,0.975,21,2026-10-10
2026-10-10,wk inc flu hosp,0,23,quantile,0.99,28,2026-10-10
2026-10-10,wk inc flu hosp,1,23,quantile,0.01,0,2026-10-17
2026-10-10,wk inc flu hosp,1,23,quantile,0.025,0,2026-10-17
2026-10-10,wk inc flu hosp,1,23,quantile,0.05,0,2026-10-17
2026-10-10,wk inc flu hosp,1,23,quantile,0.1,0,2026-10-17
2026-10-10,wk inc flu hosp,1,23,quantile,0.15,0,2026-10-17
2026-10-10,wk inc flu hosp,1,23,quantile,0.2,0,2026-10-17
2026-10-10,wk inc flu hosp,1,23,quantile,0.25,0,2026-10-17
2026-10-10,wk inc flu hosp,1,23,quantile,0.3,0,2026-10-17
2026-10-10,wk inc flu hosp,1,23,quantile,0.35,0,2026-10-17
2026-10-10,wk inc flu hosp,1,23,quantile,0.4,0,2026-10-17
2026-10-10,wk inc flu hosp,1,23,quantile,0.45,0,2026-10-17
2026-10-10,wk inc flu hosp,1,23,quantile,0.5,7,2026-10-17
2026-10-10,wk inc flu hosp,1,23,quantile,0.55,7,2026-10-17
2026-10-10,wk inc flu hosp,1,23,quantile,0.6,7,2026-10-17
2026-10-10,wk inc flu hosp,1,23,quantile,0.65,7,2026-10-17
2026-10-10,wk inc flu hosp,1,23,quantile,0.7,7,2026-10-17
2026-10-10,wk inc flu hosp,1,23,quantile,0.75,7,2026-10-17
2026-10-10,wk inc flu hosp,1,23,quantile,0.8,14,2026-10-17
2026-10-10,wk inc flu hosp,1,23,quantile,0.85,14,2026-10-17
2026-10-10,wk inc flu hosp,1,23,quantile,0.9,14,2026-10-17
2026-10-10,wk inc flu hosp,1,23,quantile,0.95,21,2026-10-17
2026-10-10,wk inc flu hosp,1,23,quantile,0.975,28,2026-10-17
2026-10-10,wk inc flu hosp,1,23,quantile,0.99,28,2026-10-17
2026-10-10,wk inc flu hosp,2,23,quantile,0.01,0,2026-10-24
2026-10-10,wk inc flu hosp,2,23,quantile,0.025,0,2026-10-24
2026-10-10,wk inc flu hosp,2,23,quantile,0.05,0,2026-10-24
2026-10-10,wk inc flu hosp,2,23,quantile,0.1,0,2026-10-24
2026-10-10,wk inc flu hosp,2,23,quantile,0.15,0,2026-10-24
2026-10-10,wk inc flu hosp,2,23,quantile,0.2,0,2026-10-24
2026-10-10,wk inc flu hosp,2,23,quantile,0.25,0,2026-10-24
2026-10-10,wk inc flu hosp,2,23,quantile,0.3,0,2026-10-24
2026-10-10,wk inc flu hosp,2,23,quantile,0.35,0,2026-10-24
2026-10-10,wk inc flu hosp,2,23,quantile,0.4,0,2026-10-24
2026-10-10,wk inc flu hosp,2,23,quantile,0.45,7,2026-10-24
2026-10-10,wk inc flu hosp,2,23,quantile,0.5,7,2026-10-24
2026-10-10,wk inc flu hosp,2,23,quantile,0.55,7,2026-10-24
2026-10-10,wk inc flu hosp,2,23,quantile,0.6,7,2026-10-24
2026-10-10,wk inc flu hosp,2,23,quantile,0.65,7,2026-10-24
2026-10-10,wk inc flu hosp,2,23,quantile,0.7,7,2026-10-24
2026-10-10,wk inc flu hosp,2,23,quantile,0.75,14,2026-10-24
2026-10-10,wk inc flu hosp,2,23,quantile,0.8,14,2026-10-24
2026-10-10,wk inc flu hosp,2,23,quantile,0.85,14,2026-10-24
2026-10-10,wk inc flu hosp,2,23,quantile,0.9,21,2026-10-24
2026-10-10,wk inc flu hosp,2,23,quantile,0.95,28,2026-10-24
2026-10-10,wk inc flu hosp,2,23,quantile,0.975,28,2026-10-24
2026-10-10,wk inc flu hosp,2,23,quantile,0.99,42,2026-10-24
2026-10-10,wk inc flu hosp,3,23,quantile,0.01,0,2026-10-31
2026-10-10,wk inc flu hosp,3,23,quantile,0.025,0,2026-10-31
2026-10-10,wk inc flu hosp,3,23,quantile,0.05,0,2026-10-31
2026-10-10,wk inc flu hosp,3,23,quantile,0.1,0,2026-10-31
2026-10-10,wk inc flu hosp,3,23,quantile,0.15,0,2026-10-31
2026-10-10,wk inc flu hosp,3,23,quantile,0.2,0,2026-10-31
2026-10-10,wk inc flu hosp,3,23,quantile,0.25,0,2026-10-31
2026-10-10,wk inc flu hosp,3,23,quantile,0.3,0,2026-10-31
2026-10-10,wk inc flu hosp,3,23,quantile,0.35,0,2026-10-31
2026-10-10,wk inc flu hosp,3,23,quantile,0.4,0,2026-10-31
2026-10-10,wk inc flu hosp,3,23,quantile,0.45,7,2026-10-31
2026-10-10,wk inc flu hosp,3,23,quantile,0.5,7,2026-10-31
2026-10-10,wk inc flu hosp,3,23,quantile,0.55,7,2026-10-31
2026-10-10,wk inc flu hosp,3,23,quantile,0.6,7,2026-10-31
2026-10-10,wk inc flu hosp,3,23,quantile,0.65,7,2026-10-31
2026-10-10,wk inc flu hosp,3,23,quantile,0.7,14,2026-10-31
2026-10-10,wk inc flu hosp,3,23,quantile,0.75,14,2026-10-31
2026-10-10,wk inc flu hosp,3,23,quantile,0.8,14,2026-10-31
2026-10-10,wk inc flu hosp,3,23,quantile,0.85,21,2026-10-31
2026-10-10,wk inc flu hosp,3,23,quantile,0.9,21,2026-10-31
2026-10-10,wk inc flu hosp,3,23,quantile,0.95,28,2026-10-31
2026-10-10,wk inc flu hosp,3,23,quantile,0.975,35,2026-10-31
2026-10-10,wk inc flu hosp,3,23,quantile,0.99,42,2026-10-31
2026-10-10,wk inc flu hosp,-1,24,quantile,0.01,0,2026-10-03
2026-10-10,wk inc flu hosp,-1,24,quantile,0.025,0,2026-10-03
2026-10-10,wk inc flu hosp,-1,24,quantile,0.05,0,2026-10-03
2026-10-10,wk inc flu hosp,-1,24,quantile,0.1,0,2026-10-03
2026-10-10,wk inc flu hosp,-1,24,quantile,0.15,0,2026-10-03
2026-10-10,wk inc flu hosp,-1,24,quantile,0.2,7,2026-10-03
2026-10-10,wk inc flu hosp,-1,24,quantile,0.25,7,2026-10-03
2026-10-10,wk inc flu hosp,-1,24,quantile,0.3,7,2026-10-03
2026-10-10,wk inc flu hosp,-1,24,quantile,0.35,7,2026-10-03
2026-10-10,wk inc flu hosp,-1,24,quantile,0.4,7,2026-10-03
2026-10-10,wk inc flu hosp,-1,24,quantile,0.45,14,2026-10-03
2026-10-10,wk inc flu hosp,-1,24,quantile,0.5,14,2026-10-03
2026-10-10,wk inc flu hosp,-1,24,quantile,0.55,14,2026-10-03
2026-10-10,wk inc flu hosp,-1,24,quantile,0.6,14,2026-10-03
2026-10-10,wk inc flu hosp,-1,24,quantile,0.65,21,2026-10-03
2026-10-10,wk inc flu hosp,-1,24,quantile,0.7,21,2026-10-03
2026-10-10,wk inc flu hosp,-1,24,quantile,0.75,21,2026-10-03
2026-10-10,wk inc flu hosp,-1,24,quantile,0.8,28,2026-10-03
2026-10-10,wk inc flu hosp,-1,24,quantile,0.85,28,2026-10-03
2026-10-10,wk inc flu hosp,-1,24,quantile,0.9,35,2026-10-03
2026-10-10,wk inc flu hosp,-1,24,quantile,0.95,42,2026-10-03
2026-10-10,wk inc flu hosp,-1,24,quantile,0.975,49,2026-10-03
2026-10-10,wk inc flu hosp,-1,24,quantile,0.99,56,2026-10-03
2026-10-10,wk inc flu hosp,0,24,quantile,0.01,0,2026-10-10
2026-10-10,wk inc flu hosp,0,24,quantile,0.025,0,2026-10-10
2026-10-10,wk inc flu hosp,0,24,quantile,0.05,0,2026-10-10
2026-10-10,wk inc flu hosp,0,24,quantile,0.1,0,2026-10-10
2026-10-10,wk inc flu hosp,0,24,quantile,0.15,7,2026-10-10
2026-10-10,wk inc flu hosp,0,24,quantile,0.2,7,2026-10-10
2026-10-10,wk inc flu hosp,0,24,quantile,0.25,7,2026-10-10
2026-10-10,wk inc flu hosp,0,24,quantile,0.3,14,2026-10-10
2026-10-10,wk inc flu hosp,0,24,quantile,0.35,14,2026-10-10
2026-10-10,wk inc flu hosp,0,24,quantile,0.4,14,2026-10-10
2026-10-10,wk inc flu hosp,0,24,quantile,0.45,14,2026-10-10
2026-10-10,wk inc flu hosp,0,24,quantile,0.5,21,2026-10-10
2026-10-10,wk inc flu hosp,0,24,quantile,0.55,21,2026-10-10
2026-10-10,wk inc flu hosp,0,24,quantile,0.6,21,2026-10-10
2026-10-10,wk inc flu hosp,0,24,quantile,0.65,28,2026-10-10
2026-10-10,wk inc flu hosp,0,24,quantile,0.7,28,2026-10-10
2026-10-10,wk inc flu hosp,0,24,quantile,0.75,28,2026-10-10
2026-10-10,wk inc flu hosp,0,24,quantile,0.8,35,2026-10-10
2026-10-10,wk inc flu hosp,0,24,quantile,0.85,36,2026-10-10
2026-10-10,wk inc flu hosp,0,24,quantile,0.9,43,2026-10-10
2026-10-10,wk inc flu hosp,0,24,quantile,0.95,56,2026-10-10
2026-10-10,wk inc flu hosp,0,24,quantile,0.975,63,2026-10-10
2026-10-10,wk inc flu hosp,0,24,quantile,0.99,70,2026-10-10
2026-10-10,wk inc flu hosp,1,24,quantile,0.01,0,2026-10-17
2026-10-10,wk inc flu hosp,1,24,quantile,0.025,0,2026-10-17
2026-10-10,wk inc flu hosp,1,24,quantile,0.05,0,2026-10-17
2026-10-10,wk inc flu hosp,1,24,quantile,0.1,7,2026-10-17
2026-10-10,wk inc flu hosp,1,24,quantile,0.15,7,2026-10-17
2026-10-10,wk inc flu hosp,1,24,quantile,0.2,7,2026-10-17
2026-10-10,wk inc flu hosp,1,24,quantile,0.25,14,2026-10-17
2026-10-10,wk inc flu hosp,1,24,quantile,0.3,14,2026-10-17
2026-10-10,wk inc flu hosp,1,24,quantile,0.35,14,2026-10-17
2026-10-10,wk inc flu hosp,1,24,quantile,0.4,21,2026-10-17
2026-10-10,wk inc flu hosp,1,24,quantile,0.45,21,2026-10-17
2026-10-10,wk inc flu hosp,1,24,quantile,0.5,21,2026-10-17
2026-10-10,wk inc flu hosp,1,24,quantile,0.55,28,2026-10-17
2026-10-10,wk inc flu hosp,1,24,quantile,0.6,28,2026-10-17
2026-10-10,wk inc flu hosp,1,24,quantile,0.65,28,2026-10-17
2026-10-10,wk inc flu hosp,1,24,quantile,0.7,35,2026-10-17
2026-10-10,wk inc flu hosp,1,24,quantile,0.75,42,2026-10-17
2026-10-10,wk inc flu hosp,1,24,quantile,0.8,42,2026-10-17
2026-10-10,wk inc flu hosp,1,24,quantile,0.85,49,2026-10-17
2026-10-10,wk inc flu hosp,1,24,quantile,0.9,56,2026-10-17
2026-10-10,wk inc flu hosp,1,24,quantile,0.95,63,2026-10-17
2026-10-10,wk inc flu hosp,1,24,quantile,0.975,77,2026-10-17
2026-10-10,wk inc flu hosp,1,24,quantile,0.99,91,2026-10-17
2026-10-10,wk inc flu hosp,2,24,quantile,0.01,0,2026-10-24
2026-10-10,wk inc flu hosp,2,24,quantile,0.025,0,2026-10-24
2026-10-10,wk inc flu hosp,2,24,quantile,0.05,7,2026-10-24
2026-10-10,wk inc flu hosp,2,24,quantile,0.1,7,2026-10-24
2026-10-10,wk inc flu hosp,2,24,quantile,0.15,14,2026-10-24
2026-10-10,wk inc flu hosp,2,24,quantile,0.2,14,2026-10-24
2026-10-10,wk inc flu hosp,2,24,quantile,0.25,21,2026-10-24
2026-10-10,wk inc flu hosp,2,24,quantile,0.3,21,2026-10-24
2026-10-10,wk inc flu hosp,2,24,quantile,0.35,21,2026-10-24
2026-10-10,wk inc flu hosp,2,24,quantile,0.4,28,2026-10-24
2026-10-10,wk inc flu hosp,2,24,quantile,0.45,28,2026-10-24
2026-10-10,wk inc flu hosp,2,24,quantile,0.5,28,2026-10-24
2026-10-10,wk inc flu hosp,2,24,quantile,0.55,35,2026-10-24
2026-10-10,wk inc flu hosp,2,24,quantile,0.6,35,2026-10-24
2026-10-10,wk inc flu hosp,2,24,quantile,0.65,42,2026-10-24
2026-10-10,wk inc flu hosp,2,24,quantile,0.7,49,2026-10-24
2026-10-10,wk inc flu hosp,2,24,quantile,0.75,49,2026-10-24
2026-10-10,wk inc flu hosp,2,24,quantile,0.8,56,2026-10-24
2026-10-10,wk inc flu hosp,2,24,quantile,0.85,63,2026-10-24
2026-10-10,wk inc flu hosp,2,24,quantile,0.9,70,2026-10-24
2026-10-10,wk inc flu hosp,2,24,quantile,0.95,84,2026-10-24
2026-10-10,wk inc flu hosp,2,24,quantile,0.975,98,2026-10-24
2026-10-10,wk inc flu hosp,2,24,quantile,0.99,119,2026-10-24
2026-10-10,wk inc flu hosp,3,24,quantile,0.01,0,2026-10-31
2026-10-10,wk inc flu hosp,3,24,quantile,0.025,0,2026-10-31
2026-10-10,wk inc flu hosp,3,24,quantile,0.05,7,2026-10-31
2026-10-10,wk inc flu hosp,3,24,quantile,0.1,14,2026-10-31
2026-10-10,wk inc flu hosp,3,24,quantile,0.15,14,2026-10-31
2026-10-10,wk inc flu hosp,3,24,quantile,0.2,21,2026-10-31
2026-10-10,wk inc flu hosp,3,24,quantile,0.25,21,2026-10-31
2026-10-10,wk inc flu hosp,3,24,quantile,0.3,28,2026-10-31
2026-10-10,wk inc flu hosp,3,24,quantile,0.35,28,2026-10-31
2026-10-10,wk inc flu hosp,3,24,quantile,0.4,35,2026-10-31
2026-10-10,wk inc flu hosp,3,24,quantile,0.45,35,2026-10-31
2026-10-10,wk inc flu hosp,3,24,quantile,0.5,42,2026-10-31
2026-10-10,wk inc flu hosp,3,24,quantile,0.55,42,2026-10-31
2026-10-10,wk inc flu hosp,3,24,quantile,0.6,49,2026-10-31
2026-10-10,wk inc flu hosp,3,24,quantile,0.65,56,2026-10-31
2026-10-10,wk inc flu hosp,3,24,quantile,0.7,63,2026-10-31
2026-10-10,wk inc flu hosp,3,24,quantile,0.75,63,2026-10-31
2026-10-10,wk inc flu hosp,3,24,quantile,0.8,70,2026-10-31
2026-10-10,wk inc flu hosp,3,24,quantile,0.85,84,2026-10-31
2026-10-10,wk inc flu hosp,3,24,quantile,0.9,98,2026-10-31
2026-10-10,wk inc flu hosp,3,24,quantile,0.95,126,2026-10-31
2026-10-10,wk inc flu hosp,3,24,quantile,0.975,147,2026-10-31
2026-10-10,wk inc flu hosp,3,24,quantile,0.99,175,2026-10-31
2026-10-10,wk inc flu hosp,-1,25,quantile,0.01,0,2026-10-03
2026-10-10,wk inc flu hosp,-1,25,quantile,0.025,0,2026-10-03
2026-10-10,wk inc flu hosp,-1,25,quantile,0.05,0,2026-10-03
2026-10-10,wk inc flu hosp,-1,25,quantile,0.1,0,2026-10-03
2026-10-10,wk inc flu hosp,-1,25,quantile,0.15,0,2026-10-03
2026-10-10,wk inc flu hosp,-1,25,quantile,0.2,7,2026-10-03
2026-10-10,wk inc flu hosp,-1,25,quantile,0.25,7,2026-10-03
2026-10-10,wk inc flu hosp,-1,25,quantile,0.3,7,2026-10-03
2026-10-10,wk inc flu hosp,-1,25,quantile,0.35,7,2026-10-03
2026-10-10,wk inc flu hosp,-1,25,quantile,0.4,7,2026-10-03
2026-10-10,wk inc flu hosp,-1,25,quantile,0.45,7,2026-10-03
2026-10-10,wk inc flu hosp,-1,25,quantile,0.5,14,2026-10-03
2026-10-10,wk inc flu hosp,-1,25,quantile,0.55,14,2026-10-03
2026-10-10,wk inc flu hosp,-1,25,quantile,0.6,14,2026-10-03
2026-10-10,wk inc flu hosp,-1,25,quantile,0.65,14,2026-10-03
2026-10-10,wk inc flu hosp,-1,25,quantile,0.7,21,2026-10-03
2026-10-10,wk inc flu hosp,-1,25,quantile,0.75,21,2026-10-03
2026-10-10,wk inc flu hosp,-1,25,quantile,0.8,21,2026-10-03
2026-10-10,wk inc flu hosp,-1,25,quantile,0.85,28,2026-10-03
2026-10-10,wk inc flu hosp,-1,25,quantile,0.9,28,2026-10-03
2026-10-10,wk inc flu hosp,-1,25,quantile,0.95,35,2026-10-03
2026-10-10,wk inc flu hosp,-1,25,quantile,0.975,42,2026-10-03
2026-10-10,wk inc flu hosp,-1,25,quantile,0.99,49,2026-10-03
2026-10-10,wk inc flu hosp,0,25,quantile,0.01,0,2026-10-10
2026-10-10,wk inc flu hosp,0,25,quantile,0.025,0,2026-10-10
2026-10-10,wk inc flu hosp,0,25,quantile,0.05,0,2026-10-10
2026-10-10,wk inc flu hosp,0,25,quantile,0.1,0,2026-10-10
2026-10-10,wk inc flu hosp,0,25,quantile,0.15,7,2026-10-10
2026-10-10,wk inc flu hosp,0,25,quantile,0.2,7,2026-10-10
2026-10-10,wk inc flu hosp,0,25,quantile,0.25,7,2026-10-10
2026-10-10,wk inc flu hosp,0,25,quantile,0.3,7,2026-10-10
2026-10-10,wk inc flu hosp,0,25,quantile,0.35,14,2026-10-10
2026-10-10,wk inc flu hosp,0,25,quantile,0.4,14,2026-10-10
2026-10-10,wk inc flu hosp,0,25,quantile,0.45,14,2026-10-10
2026-10-10,wk inc flu hosp,0,25,quantile,0.5,14,2026-10-10
2026-10-10,wk inc flu hosp,0,25,quantile,0.55,14,2026-10-10
2026-10-10,wk inc flu hosp,0,25,quantile,0.6,21,2026-10-10
2026-10-10,wk inc flu hosp,0,25,quantile,0.65,21,2026-10-10
2026-10-10,wk inc flu hosp,0,25,quantile,0.7,21,2026-10-10
2026-10-10,wk inc flu hosp,0,25,quantile,0.75,28,2026-10-10
2026-10-10,wk inc flu hosp,0,25,quantile,0.8,28,2026-10-10
2026-10-10,wk inc flu hosp,0,25,quantile,0.85,29,2026-10-10
2026-10-10,wk inc flu hosp,0,25,quantile,0.9,35,2026-10-10
2026-10-10,wk inc flu hosp,0,25,quantile,0.95,42,2026-10-10
2026-10-10,wk inc flu hosp,0,25,quantile,0.975,49,2026-10-10
2026-10-10,wk inc flu hosp,0,25,quantile,0.99,56,2026-10-10
2026-10-10,wk inc flu hosp,1,25,quantile,0.01,0,2026-10-17
2026-10-10,wk inc flu hosp,1,25,quantile,0.025,0,2026-10-17
2026-10-10,wk inc flu hosp,1,25,quantile,0.05,0,2026-10-17
2026-10-10,wk inc flu hosp,1,25,quantile,0.1,7,2026-10-17
2026-10-10,wk inc flu hosp,1,25,quantile,0.15,7,2026-10-17
2026-10-10,wk inc flu hosp,1,25,quantile,0.2,7,2026-10-17
2026-10-10,wk inc flu hosp,1,25,quantile,0.25,7,2026-10-17
2026-10-10,wk inc flu hosp,1,25,quantile,0.3,14,2026-10-17
2026-10-10,wk inc flu hosp,1,25,quantile,0.35,14,2026-10-17
2026-10-10,wk inc flu hosp,1,25,quantile,0.4,14,2026-10-17
2026-10-10,wk inc flu hosp,1,25,quantile,0.45,14,2026-10-17
2026-10-10,wk inc flu hosp,1,25,quantile,0.5,21,2026-10-17
2026-10-10,wk inc flu hosp,1,25,quantile,0.55,21,2026-10-17
2026-10-10,wk inc flu hosp,1,25,quantile,0.6,21,2026-10-17
2026-10-10,wk inc flu hosp,1,25,quantile,0.65,28,2026-10-17
2026-10-10,wk inc flu hosp,1,25,quantile,0.7,28,2026-10-17
2026-10-10,wk inc flu hosp,1,25,quantile,0.75,35,2026-10-17
2026-10-10,wk inc flu hosp,1,25,quantile,0.8,35,2026-10-17
2026-10-10,wk inc flu hosp,1,25,quantile,0.85,42,2026-10-17
2026-10-10,wk inc flu hosp,1,25,quantile,0.9,49,2026-10-17
2026-10-10,wk inc flu hosp,1,25,quantile,0.95,56,2026-10-17
2026-10-10,wk inc flu hosp,1,25,quantile,0.975,70,2026-10-17
2026-10-10,wk inc flu hosp,1,25,quantile,0.99,84,2026-10-17
2026-10-10,wk inc flu hosp,2,25,quantile,0.01,0,2026-10-24
2026-10-10,wk inc flu hosp,2,25,quantile,0.025,0,2026-10-24
2026-10-10,wk inc flu hosp,2,25,quantile,0.05,0,2026-10-24
2026-10-10,wk inc flu hosp,2,25,quantile,0.1,7,2026-10-24
2026-10-10,wk inc flu hosp,2,25,quantile,0.15,7,2026-10-24
2026-10-10,wk inc flu hosp,2,25,quantile,0.2,14,2026-10-24
2026-10-10,wk inc flu hosp,2,25,quantile,0.25,14,2026-10-24
2026-10-10,wk inc flu hosp,2,25,quantile,0.3,14,2026-10-24
2026-10-10,wk inc flu hosp,2,25,quantile,0.35,21,2026-10-24
2026-10-10,wk inc flu hosp,2,25,quantile,0.4,21,2026-10-24
2026-10-10,wk inc flu hosp,2,25,quantile,0.45,21,2026-10-24
2026-10-10,wk inc flu hosp,2,25,quantile,0.5,28,2026-10-24
2026-10-10,wk inc flu hosp,2,25,quantile,0.55,28,2026-10-24
2026-10-10,wk inc flu hosp,2,25,quantile,0.6,28,2026-10-24
2026-10-10,wk inc flu hosp,2,25,quantile,0.65,35,2026-10-24
2026-10-10,wk inc flu hosp,2,25,quantile,0.7,42,2026-10-24
2026-10-10,wk inc flu hosp,2,25,quantile,0.75,42,2026-10-24
2026-10-10,wk inc flu hosp,2,25,quantile,0.8,49,2026-10-24
2026-10-10,wk inc flu hosp,2,25,quantile,0.85,56,2026-10-24
2026-10-10,wk inc flu hosp,2,25,quantile,0.9,63,2026-10-24
2026-10-10,wk inc flu hosp,2,25,quantile,0.95,77,2026-10-24
2026-10-10,wk inc flu hosp,2,25,quantile,0.975,98,2026-10-24
2026-10-10,wk inc flu hosp,2,25,quantile,0.99,126,2026-10-24
2026-10-10,wk inc flu hosp,3,25,quantile,0.01,0,2026-10-31
2026-10-10,wk inc flu hosp,3,25,quantile,0.025,0,2026-10-31
2026-10-10,wk inc flu hosp,3,25,quantile,0.05,0,2026-10-31
2026-10-10,wk inc flu hosp,3,25,quantile,0.1,7,2026-10-31
2026-10-10,wk inc flu hosp,3,25,quantile,0.15,7,2026-10-31
2026-10-10,wk inc flu hosp,3,25,quantile,0.2,14,2026-10-31
2026-10-10,wk inc flu hosp,3,25,quantile,0.25,14,2026-10-31
2026-10-10,wk inc flu hosp,3,25,quantile,0.3,21,2026-10-31
2026-10-10,wk inc flu hosp,3,25,quantile,0.35,21,2026-10-31
2026-10-10,wk inc flu hosp,3,25,quantile,0.4,28,2026-10-31
2026-10-10,wk inc flu hosp,3,25,quantile,0.45,28,2026-10-31
2026-10-10,wk inc flu hosp,3,25,quantile,0.5,35,2026-10-31
2026-10-10,wk inc flu hosp,3,25,quantile,0.55,35,2026-10-31
2026-10-10,wk inc flu hosp,3,25,quantile,0.6,42,2026-10-31
2026-10-10,wk inc flu hosp,3,25,quantile,0.65,42,2026-10-31
2026-10-10,wk inc flu hosp,3,25,quantile,0.7,49,2026-10-31
2026-10-10,wk inc flu hosp,3,25,quantile,0.75,56,2026-10-31
2026-10-10,wk inc flu hosp,3,25,quantile,0.8,63,2026-10-31
2026-10-10,wk inc flu hosp,3,25,quantile,0.85,70,2026-10-31
2026-10-10,wk inc flu hosp,3,25,quantile,0.9,84,2026-10-31
2026-10-10,wk inc flu hosp,3,25,quantile,0.95,105,2026-10-31
2026-10-10,wk inc flu hosp,3,25,quantile,0.975,140,2026-10-31
2026-10-10,wk inc flu hosp,3,25,quantile,0.99,161,2026-10-31
2026-10-10,wk inc flu hosp,-1,26,quantile,0.01,0,2026-10-03
2026-10-10,wk inc flu hosp,-1,26,quantile,0.025,7,2026-10-03
2026-10-10,wk inc flu hosp,-1,26,quantile,0.05,7,2026-10-03
2026-10-10,wk inc flu hosp,-1,26,quantile,0.1,14,2026-10-03
2026-10-10,wk inc flu hosp,-1,26,quantile,0.15,21,2026-10-03
2026-10-10,wk inc flu hosp,-1,26,quantile,0.2,21,2026-10-03
2026-10-10,wk inc flu hosp,-1,26,quantile,0.25,21,2026-10-03
2026-10-10,wk inc flu hosp,-1,26,quantile,0.3,28,2026-10-03
2026-10-10,wk inc flu hosp,-1,26,quantile,0.35,28,2026-10-03
2026-10-10,wk inc flu hosp,-1,26,quantile,0.4,35,2026-10-03
2026-10-10,wk inc flu hosp,-1,26,quantile,0.45,35,2026-10-03
2026-10-10,wk inc flu hosp,-1,26,quantile,0.5,35,2026-10-03
2026-10-10,wk inc flu hosp,-1,26,quantile,0.55,35,2026-10-03
2026-10-10,wk inc flu hosp,-1,26,quantile,0.6,42,2026-10-03
2026-10-10,wk inc flu hosp,-1,26,quantile,0.65,42,2026-10-03
2026-10-10,wk inc flu hosp,-1,26,quantile,0.7,49,2026-10-03
2026-10-10,wk inc flu hosp,-1,26,quantile,0.75,49,2026-10-03
2026-10-10,wk inc flu hosp,-1,26,quantile,0.8,56,2026-10-03
2026-10-10,wk inc flu hosp,-1,26,quantile,0.85,56,2026-10-03
2026-10-10,wk inc flu hosp,-1,26,quantile,0.9,63,2026-10-03
2026-10-10,wk inc flu hosp,-1,26,quantile,0.95,77,2026-10-03
2026-10-10,wk inc flu hosp,-1,26,quantile,0.975,84,2026-10-03
2026-10-10,wk inc flu hosp,-1,26,quantile,0.99,105,2026-10-03
2026-10-10,wk inc flu hosp,0,26,quantile,0.01,7,2026-10-10
2026-10-10,wk inc flu hosp,0,26,quantile,0.025,14,2026-10-10
2026-10-10,wk inc flu hosp,0,26,quantile,0.05,14,2026-10-10
2026-10-10,wk inc flu hosp,0,26,quantile,0.1,21,2026-10-10
2026-10-10,wk inc flu hosp,0,26,quantile,0.15,28,2026-10-10
2026-10-10,wk inc flu hosp,0,26,quantile,0.2,28,2026-10-10
2026-10-10,wk inc flu hosp,0,26,quantile,0.25,35,2026-10-10
2026-10-10,wk inc flu hosp,0,26,quantile,0.3,35,2026-10-10
2026-10-10,wk inc flu hosp,0,26,quantile,0.35,42,2026-10-10
2026-10-10,wk inc flu hosp,0,26,quantile,0.4,42,2026-10-10
2026-10-10,wk inc flu hosp,0,26,quantile,0.45,42,2026-10-10
2026-10-10,wk inc flu hosp,0,26,quantile,0.5,49,2026-10-10
2026-10-10,wk inc flu hosp,0,26,quantile,0.55,49,2026-10-10
2026-10-10,wk inc flu hosp,0,26,quantile,0.6,56,2026-10-10
2026-10-10,wk inc flu hosp,0,26,quantile,0.65,56,2026-10-10
2026-10-10,wk inc flu hosp,0,26,quantile,0.7,63,2026-10-10
2026-10-10,wk inc flu hosp,0,26,quantile,0.75,70,2026-10-10
2026-10-10,wk inc flu hosp,0,26,quantile,0.8,70,2026-10-10
2026-10-10,wk inc flu hosp,0,26,quantile,0.85,77,2026-10-10
2026-10-10,wk inc flu hosp,0,26,quantile,0.9,84,2026-10-10
2026-10-10,wk inc flu hosp,0,26,quantile,0.95,98,2026-10-10
2026-10-10,wk inc flu hosp,0,26,quantile,0.975,112,2026-10-10
2026-10-10,wk inc flu hosp,0,26,quantile,0.99,126,2026-10-10
2026-10-10,wk inc flu hosp,1,26,quantile,0.01,7,2026-10-17
2026-10-10,wk inc flu hosp,1,26,quantile,0.025,14,2026-10-17
2026-10-10,wk inc flu hosp,1,26,quantile,0.05,21,2026-10-17
2026-10-10,wk inc flu hosp,1,26,quantile,0.1,28,2026-10-17
2026-10-10,wk inc flu hosp,1,26,quantile,0.15,28,2026-10-17
2026-10-10,wk inc flu hosp,1,26,quantile,0.2,35,2026-10-17
2026-10-10,wk inc flu hosp,1,26,quantile,0.25,42,2026-10-17
2026-10-10,wk inc flu hosp,1,26,quantile,0.3,42,2026-10-17
2026-10-10,wk inc flu hosp,1,26,quantile,0.35,49,2026-10-17
2026-10-10,wk inc flu hosp,1,26,quantile,0.4,49,2026-10-17
2026-10-10,wk inc flu hosp,1,26,quantile,0.45,56,2026-10-17
2026-10-10,wk inc flu hosp,1,26,quantile,0.5,63,2026-10-17
2026-10-10,wk inc flu hosp,1,26,quantile,0.55,63,2026-10-17
2026-10-10,wk inc flu hosp,1,26,quantile,0.6,70,2026-10-17
2026-10-10,wk inc flu hosp,1,26,quantile,0.65,77,2026-10-17
2026-10-10,wk inc flu hosp,1,26,quantile,0.7,77,2026-10-17
2026-10-10,wk inc flu hosp,1,26,quantile,0.75,84,2026-10-17
2026-10-10,wk inc flu hosp,1,26,quantile,0.8,91,2026-10-17
2026-10-10,wk inc flu hosp,1,26,quantile,0.85,98,2026-10-17
2026-10-10,wk inc flu hosp,1,26,quantile,0.9,112,2026-10-17
2026-10-10,wk inc flu hosp,1,26,quantile,0.95,126,2026-10-17
2026-10-10,wk inc flu hosp,1,26,quantile,0.975,140,2026-10-17
2026-10-10,wk inc flu hosp,1,26,quantile,0.99,161,2026-10-17
2026-10-10,wk inc flu hosp,2,26,quantile,0.01,14,2026-10-24
2026-10-10,wk inc flu hosp,2,26,quantile,0.025,14,2026-10-24
2026-10-10,wk inc flu hosp,2,26,quantile,0.05,21,2026-10-24
2026-10-10,wk inc flu hosp,2,26,quantile,0.1,28,2026-10-24
2026-10-10,wk inc flu hosp,2,26,quantile,0.15,35,2026-10-24
2026-10-10,wk inc flu hosp,2,26,quantile,0.2,35,2026-10-24
2026-10-10,wk inc flu hosp,2,26,quantile,0.25,42,2026-10-24
2026-10-10,wk inc flu hosp,2,26,quantile,0.3,49,2026-10-24
2026-10-10,wk inc flu hosp,2,26,quantile,0.35,49,2026-10-24
2026-10-10,wk inc flu hosp,2,26,quantile,0.4,56,2026-10-24
2026-10-10,wk inc flu hosp,2,26,quantile,0.45,63,2026-10-24
2026-10-10,wk inc flu hosp,2,26,quantile,0.5,63,2026-10-24
2026-10-10,wk inc flu hosp,2,26,quantile,0.55,70,2026-10-24
2026-10-10,wk inc flu hosp,2,26,quantile,0.6,70,2026-10-24
2026-10-10,wk inc flu hosp,2,26,quantile,0.65,77,2026-10-24
2026-10-10,wk inc flu hosp,2,26,quantile,0.7,84,2026-10-24
2026-10-10,wk inc flu hosp,2,26,quantile,0.75,91,2026-10-24
2026-10-10,wk inc flu hosp,2,26,quantile,0.8,98,2026-10-24
2026-10-10,wk inc flu hosp,2,26,quantile,0.85,112,2026-10-24
2026-10-10,wk inc flu hosp,2,26,quantile,0.9,126,2026-10-24
2026-10-10,wk inc flu hosp,2,26,quantile,0.95,147,2026-10-24
2026-10-10,wk inc flu hosp,2,26,quantile,0.975,168,2026-10-24
2026-10-10,wk inc flu hosp,2,26,quantile,0.99,196,2026-10-24
2026-10-10,wk inc flu hosp,3,26,quantile,0.01,14,2026-10-31
2026-10-10,wk inc flu hosp,3,26,quantile,0.025,14,2026-10-31
2026-10-10,wk inc flu hosp,3,26,quantile,0.05,21,2026-10-31
2026-10-10,wk inc flu hosp,3,26,quantile,0.1,28,2026-10-31
2026-10-10,wk inc flu hosp,3,26,quantile,0.15,35,2026-10-31
2026-10-10,wk inc flu hosp,3,26,quantile,0.2,42,2026-10-31
2026-10-10,wk inc flu hosp,3,26,quantile,0.25,49,2026-10-31
2026-10-10,wk inc flu hosp,3,26,quantile,0.3,49,2026-10-31
2026-10-10,wk inc flu hosp,3,26,quantile,0.35,56,2026-10-31
2026-10-10,wk inc flu hosp,3,26,quantile,0.4,56,2026-10-31
2026-10-10,wk inc flu hosp,3,26,quantile,0.45,63,2026-10-31
2026-10-10,wk inc flu hosp,3,26,quantile,0.5,70,2026-10-31
2026-10-10,wk inc flu hosp,3,26,quantile,0.55,77,2026-10-31
2026-10-10,wk inc flu hosp,3,26,quantile,0.6,84,2026-10-31
2026-10-10,wk inc flu hosp,3,26,quantile,0.65,84,2026-10-31
2026-10-10,wk inc flu hosp,3,26,quantile,0.7,93,2026-10-31
2026-10-10,wk inc flu hosp,3,26,quantile,0.75,105,2026-10-31
2026-10-10,wk inc flu hosp,3,26,quantile,0.8,112,2026-10-31
2026-10-10,wk inc flu hosp,3,26,quantile,0.85,126,2026-10-31
2026-10-10,wk inc flu hosp,3,26,quantile,0.9,140,2026-10-31
2026-10-10,wk inc flu hosp,3,26,quantile,0.95,168,2026-10-31
2026-10-10,wk inc flu hosp,3,26,quantile,0.975,203,2026-10-31
2026-10-10,wk inc flu hosp,3,26,quantile,0.99,245,2026-10-31
2026-10-10,wk inc flu hosp,-1,27,quantile,0.01,0,2026-10-03
2026-10-10,wk inc flu hosp,-1,27,quantile,0.025,0,2026-10-03
2026-10-10,wk inc flu hosp,-1,27,quantile,0.05,0,2026-10-03
2026-10-10,wk inc flu hosp,-1,27,quantile,0.1,0,2026-10-03
2026-10-10,wk inc flu hosp,-1,27,quantile,0.15,0,2026-10-03
2026-10-10,wk inc flu hosp,-1,27,quantile,0.2,0,2026-10-03
2026-10-10,wk inc flu hosp,-1,27,quantile,0.25,7,2026-10-03
2026-10-10,wk inc flu hosp,-1,27,quantile,0.3,7,2026-10-03
2026-10-10,wk inc flu hosp,-1,27,quantile,0.35,7,2026-10-03
2026-10-10,wk inc flu hosp,-1,27,quantile,0.4,7,2026-10-03
2026-10-10,wk inc flu hosp,-1,27,quantile,0.45,7,2026-10-03
2026-10-10,wk inc flu hosp,-1,27,quantile,0.5,7,2026-10-03
2026-10-10,wk inc flu hosp,-1,27,quantile,0.55,14,2026-10-03
2026-10-10,wk inc flu hosp,-1,27,quantile,0.6,14,2026-10-03
2026-10-10,wk inc flu hosp,-1,27,quantile,0.65,14,2026-10-03
2026-10-10,wk inc flu hosp,-1,27,quantile,0.7,14,2026-10-03
2026-10-10,wk inc flu hosp,-1,27,quantile,0.75,21,2026-10-03
2026-10-10,wk inc flu hosp,-1,27,quantile,0.8,21,2026-10-03
2026-10-10,wk inc flu hosp,-1,27,quantile,0.85,21,2026-10-03
2026-10-10,wk inc flu hosp,-1,27,quantile,0.9,28,2026-10-03
2026-10-10,wk inc flu hosp,-1,27,quantile,0.95,35,2026-10-03
2026-10-10,wk inc flu hosp,-1,27,quantile,0.975,42,2026-10-03
2026-10-10,wk inc flu hosp,-1,27,quantile,0.99,49,2026-10-03
2026-10-10,wk inc flu hosp,0,27,quantile,0.01,0,2026-10-10
2026-10-10,wk inc flu hosp,0,27,quantile,0.025,0,2026-10-10
2026-10-10,wk inc flu hosp,0,27,quantile,0.05,0,2026-10-10
2026-10-10,wk inc flu hosp,0,27,quantile,0.1,0,2026-10-10
2026-10-10,wk inc flu hosp,0,27,quantile,0.15,7,2026-10-10
2026-10-10,wk inc flu hosp,0,27,quantile,0.2,7,2026-10-10
2026-10-10,wk inc flu hosp,0,27,quantile,0.25,7,2026-10-10
2026-10-10,wk inc flu hosp,0,27,quantile,0.3,7,2026-10-10
2026-10-10,wk inc flu hosp,0,27,quantile,0.35,14,2026-10-10
2026-10-10,wk inc flu hosp,0,27,quantile,0.4,14,2026-10-10
2026-10-10,wk inc flu hosp,0,27,quantile,0.45,14,2026-10-10
2026-10-10,wk inc flu hosp,0,27,quantile,0.5,14,2026-10-10
2026-10-10,wk inc flu hosp,0,27,quantile,0.55,21,2026-10-10
2026-10-10,wk inc flu hosp,0,27,quantile,0.6,21,2026-10-10
2026-10-10,wk inc flu hosp,0,27,quantile,0.65,21,2026-10-10
2026-10-10,wk inc flu hosp,0,27,quantile,0.7,21,2026-10-10
2026-10-10,wk inc flu hosp,0,27,quantile,0.75,28,2026-10-10
2026-10-10,wk inc flu hosp,0,27,quantile,0.8,28,2026-10-10
2026-10-10,wk inc flu hosp,0,27,quantile,0.85,35,2026-10-10
2026-10-10,wk inc flu hosp,0,27,quantile,0.9,42,2026-10-10
2026-10-10,wk inc flu hosp,0,27,quantile,0.95,49,2026-10-10
2026-10-10,wk inc flu hosp,0,27,quantile,0.975,56,2026-10-10
2026-10-10,wk inc flu hosp,0,27,quantile,0.99,70,2026-10-10
2026-10-10,wk inc flu hosp,1,27,quantile,0.01,0,2026-10-17
2026-10-10,wk inc flu hosp,1,27,quantile,0.025,0,2026-10-17
2026-10-10,wk inc flu hosp,1,27,quantile,0.05,0,2026-10-17
2026-10-10,wk inc flu hosp,1,27,quantile,0.1,7,2026-10-17
2026-10-10,wk inc flu hosp,1,27,quantile,0.15,7,2026-10-17
2026-10-10,wk inc flu hosp,1,27,quantile,0.2,7,2026-10-17
2026-10-10,wk inc flu hosp,1,27,quantile,0.25,14,2026-10-17
2026-10-10,wk inc flu hosp,1,27,quantile,0.3,14,2026-10-17
2026-10-10,wk inc flu hosp,1,27,quantile,0.35,14,2026-10-17
2026-10-10,wk inc flu hosp,1,27,quantile,0.4,21,2026-10-17
2026-10-10,wk inc flu hosp,1,27,quantile,0.45,21,2026-10-17
2026-10-10,wk inc flu hosp,1,27,quantile,0.5,21,2026-10-17
2026-10-10,wk inc flu hosp,1,27,quantile,0.55,28,2026-10-17
2026-10-10,wk inc flu hosp,1,27,quantile,0.6,28,2026-10-17
2026-10-10,wk inc flu hosp,1,27,quantile,0.65,35,2026-10-17
2026-10-10,wk inc flu hosp,1,27,quantile,0.7,35,2026-10-17
2026-10-10,wk inc flu hosp,1,27,quantile,0.75,42,2026-10-17
2026-10-10,wk inc flu hosp,1,27,quantile,0.8,42,2026-10-17
2026-10-10,wk inc flu hosp,1,27,quantile,0.85,49,2026-10-17
2026-10-10,wk inc flu hosp,1,27,quantile,0.9,56,2026-10-17
2026-10-10,wk inc flu hosp,1,27,quantile,0.95,70,2026-10-17
2026-10-10,wk inc flu hosp,1,27,quantile,0.975,84,2026-10-17
2026-10-10,wk inc flu hosp,1,27,quantile,0.99,105,2026-10-17
2026-10-10,wk inc flu hosp,2,27,quantile,0.01,0,2026-10-24
2026-10-10,wk inc flu hosp,2,27,quantile,0.025,0,2026-10-24
2026-10-10,wk inc flu hosp,2,27,quantile,0.05,0,2026-10-24
2026-10-10,wk inc flu hosp,2,27,quantile,0.1,7,2026-10-24
2026-10-10,wk inc flu hosp,2,27,quantile,0.15,7,2026-10-24
2026-10-10,wk inc flu hosp,2,27,quantile,0.2,14,2026-10-24
2026-10-10,wk inc flu hosp,2,27,quantile,0.25,14,2026-10-24
2026-10-10,wk inc flu hosp,2,27,quantile,0.3,21,2026-10-24
2026-10-10,wk inc flu hosp,2,27,quantile,0.35,21,2026-10-24
2026-10-10,wk inc flu hosp,2,27,quantile,0.4,21,2026-10-24
2026-10-10,wk inc flu hosp,2,27,quantile,0.45,28,2026-10-24
2026-10-10,wk inc flu hosp,2,27,quantile,0.5,28,2026-10-24
2026-10-10,wk inc flu hosp,2,27,quantile,0.55,35,2026-10-24
2026-10-10,wk inc flu hosp,2,27,quantile,0.6,42,2026-10-24
2026-10-10,wk inc flu hosp,2,27,quantile,0.65,42,2026-10-24
2026-10-10,wk inc flu hosp,2,27,quantile,0.7,49,2026-10-24
2026-10-10,wk inc flu hosp,2,27,quantile,0.75,56,2026-10-24
2026-10-10,wk inc flu hosp,2,27,quantile,0.8,63,2026-10-24
2026-10-10,wk inc flu hosp,2,27,quantile,0.85,70,2026-10-24
2026-10-10,wk inc flu hosp,2,27,quantile,0.9,84,2026-10-24
2026-10-10,wk inc flu hosp,2,27,quantile,0.95,98,2026-10-24
2026-10-10,wk inc flu hosp,2,27,quantile,0.975,126,2026-10-24
2026-10-10,wk inc flu hosp,2,27,quantile,0.99,161,2026-10-24
2026-10-10,wk inc flu hosp,3,27,quantile,0.01,0,2026-10-31
2026-10-10,wk inc flu hosp,3,27,quantile,0.025,0,2026-10-31
2026-10-10,wk inc flu hosp,3,27,quantile,0.05,7,2026-10-31
2026-10-10,wk inc flu hosp,3,27,quantile,0.1,7,2026-10-31
2026-10-10,wk inc flu hosp,3,27,quantile,0.15,14,2026-10-31
2026-10-10,wk inc flu hosp,3,27,quantile,0.2,14,2026-10-31
2026-10-10,wk inc flu hosp,3,27,quantile,0.25,21,2026-10-31
2026-10-10,wk inc flu hosp,3,27,quantile,0.3,21,2026-10-31
2026-10-10,wk inc flu hosp,3,27,quantile,0.35,28,2026-10-31
2026-10-10,wk inc flu hosp,3,27,quantile,0.4,28,2026-10-31
2026-10-10,wk inc flu hosp,3,27,quantile,0.45,35,2026-10-31
2026-10-10,wk inc flu hosp,3,27,quantile,0.5,35,2026-10-31
2026-10-10,wk inc flu hosp,3,27,quantile,0.55,42,2026-10-31
2026-10-10,wk inc flu hosp,3,27,quantile,0.6,49,2026-10-31
2026-10-10,wk inc flu hosp,3,27,quantile,0.65,56,2026-10-31
2026-10-10,wk inc flu hosp,3,27,quantile,0.7,63,2026-10-31
2026-10-10,wk inc flu hosp,3,27,quantile,0.75,77,2026-10-31
2026-10-10,wk inc flu hosp,3,27,quantile,0.8,84,2026-10-31
2026-10-10,wk inc flu hosp,3,27,quantile,0.85,105,2026-10-31
2026-10-10,wk inc flu hosp,3,27,quantile,0.9,126,2026-10-31
2026-10-10,wk inc flu hosp,3,27,quantile,0.95,175,2026-10-31
2026-10-10,wk inc flu hosp,3,27,quantile,0.975,224,2026-10-31
2026-10-10,wk inc flu hosp,3,27,quantile,0.99,280,2026-10-31
2026-10-10,wk inc flu hosp,-1,28,quantile,0.01,0,2026-10-03
2026-10-10,wk inc flu hosp,-1,28,quantile,0.025,0,2026-10-03
2026-10-10,wk inc flu hosp,-1,28,quantile,0.05,0,2026-10-03
2026-10-10,wk inc flu hosp,-1,28,quantile,0.1,7,2026-10-03
2026-10-10,wk inc flu hosp,-1,28,quantile,0.15,7,2026-10-03
2026-10-10,wk inc flu hosp,-1,28,quantile,0.2,7,2026-10-03
2026-10-10,wk inc flu hosp,-1,28,quantile,0.25,14,2026-10-03
2026-10-10,wk inc flu hosp,-1,28,quantile,0.3,14,2026-10-03
2026-10-10,wk inc flu hosp,-1,28,quantile,0.35,14,2026-10-03
2026-10-10,wk inc flu hosp,-1,28,quantile,0.4,14,2026-10-03
2026-10-10,wk inc flu hosp,-1,28,quantile,0.45,14,2026-10-03
2026-10-10,wk inc flu hosp,-1,28,quantile,0.5,21,2026-10-03
2026-10-10,wk inc flu hosp,-1,28,quantile,0.55,21,2026-10-03
2026-10-10,wk inc flu hosp,-1,28,quantile,0.6,21,2026-10-03
2026-10-10,wk inc flu hosp,-1,28,quantile,0.65,21,2026-10-03
2026-10-10,wk inc flu hosp,-1,28,quantile,0.7,28,2026-10-03
2026-10-10,wk inc flu hosp,-1,28,quantile,0.75,28,2026-10-03
2026-10-10,wk inc flu hosp,-1,28,quantile,0.8,28,2026-10-03
2026-10-10,wk inc flu hosp,-1,28,quantile,0.85,35,2026-10-03
2026-10-10,wk inc flu hosp,-1,28,quantile,0.9,35,2026-10-03
2026-10-10,wk inc flu hosp,-1,28,quantile,0.95,42,2026-10-03
2026-10-10,wk inc flu hosp,-1,28,quantile,0.975,49,2026-10-03
2026-10-10,wk inc flu hosp,-1,28,quantile,0.99,56,2026-10-03
2026-10-10,wk inc flu hosp,0,28,quantile,0.01,0,2026-10-10
2026-10-10,wk inc flu hosp,0,28,quantile,0.025,0,2026-10-10
2026-10-10,wk inc flu hosp,0,28,quantile,0.05,0,2026-10-10
2026-10-10,wk inc flu hosp,0,28,quantile,0.1,7,2026-10-10
2026-10-10,wk inc flu hosp,0,28,quantile,0.15,7,2026-10-10
2026-10-10,wk inc flu hosp,0,28,quantile,0.2,14,2026-10-10
2026-10-10,wk inc flu hosp,0,28,quantile,0.25,14,2026-10-10
2026-10-10,wk inc flu hosp,0,28,quantile,0.3,14,2026-10-10
2026-10-10,wk inc flu hosp,0,28,quantile,0.35,14,2026-10-10
2026-10-10,wk inc flu hosp,0,28,quantile,0.4,14,2026-10-10
2026-10-10,wk inc flu hosp,0,28,quantile,0.45,21,2026-10-10
2026-10-10,wk inc flu hosp,0,28,quantile,0.5,21,2026-10-10
2026-10-10,wk inc flu hosp,0,28,quantile,0.55,21,2026-10-10
2026-10-10,wk inc flu hosp,0,28,quantile,0.6,28,2026-10-10
2026-10-10,wk inc flu hosp,0,28,quantile,0.65,28,2026-10-10
2026-10-10,wk inc flu hosp,0,28,quantile,0.7,28,2026-10-10
2026-10-10,wk inc flu hosp,0,28,quantile,0.75,35,2026-10-10
2026-10-10,wk inc flu hosp,0,28,quantile,0.8,35,2026-10-10
2026-10-10,wk inc flu hosp,0,28,quantile,0.85,35,2026-10-10
2026-10-10,wk inc flu hosp,0,28,quantile,0.9,42,2026-10-10
2026-10-10,wk inc flu hosp,0,28,quantile,0.95,49,2026-10-10
2026-10-10,wk inc flu hosp,0,28,quantile,0.975,56,2026-10-10
2026-10-10,wk inc flu hosp,0,28,quantile,0.99,63,2026-10-10
2026-10-10,wk inc flu hosp,1,28,quantile,0.01,0,2026-10-17
2026-10-10,wk inc flu hosp,1,28,quantile,0.025,0,2026-10-17
2026-10-10,wk inc flu hosp,1,28,quantile,0.05,0,2026-10-17
2026-10-10,wk inc flu hosp,1,28,quantile,0.1,7,2026-10-17
2026-10-10,wk inc flu hosp,1,28,quantile,0.15,7,2026-10-17
2026-10-10,wk inc flu hosp,1,28,quantile,0.2,14,2026-10-17
2026-10-10,wk inc flu hosp,1,28,quantile,0.25,14,2026-10-17
2026-10-10,wk inc flu hosp,1,28,quantile,0.3,14,2026-10-17
2026-10-10,wk inc flu hosp,1,28,quantile,0.35,14,2026-10-17
2026-10-10,wk inc flu hosp,1,28,quantile,0.4,21,2026-10-17
2026-10-10,wk inc flu hosp,1,28,quantile,0.45,21,2026-10-17
2026-10-10,wk inc flu hosp,1,28,quantile,0.5,21,2026-10-17
2026-10-10,wk inc flu hosp,1,28,quantile,0.55,21,2026-10-17
2026-10-10,wk inc flu hosp,1,28,quantile,0.6,28,2026-10-17
2026-10-10,wk inc flu hosp,1,28,quantile,0.65,28,2026-10-17
2026-10-10,wk inc flu hosp,1,28,quantile,0.7,28,2026-10-17
2026-10-10,wk inc flu hosp,1,28,quantile,0.75,35,2026-10-17
2026-10-10,wk inc flu hosp,1,28,quantile,0.8,35,2026-10-17
2026-10-10,wk inc flu hosp,1,28,quantile,0.85,42,2026-10-17
2026-10-10,wk inc flu hosp,1,28,quantile,0.9,42,2026-10-17
2026-10-10,wk inc flu hosp,1,28,quantile,0.95,49,2026-10-17
2026-10-10,wk inc flu hosp,1,28,quantile,0.975,63,2026-10-17
2026-10-10,wk inc flu hosp,1,28,quantile,0.99,70,2026-10-17
2026-10-10,wk inc flu hosp,2,28,quantile,0.01,0,2026-10-24
2026-10-10,wk inc flu hosp,2,28,quantile,0.025,0,2026-10-24
2026-10-10,wk inc flu hosp,2,28,quantile,0.05,7,2026-10-24
2026-10-10,wk inc flu hosp,2,28,quantile,0.1,7,2026-10-24
2026-10-10,wk inc flu hosp,2,28,quantile,0.15,7,2026-10-24
2026-10-10,wk inc flu hosp,2,28,quantile,0.2,14,2026-10-24
2026-10-10,wk inc flu hosp,2,28,quantile,0.25,14,2026-10-24
2026-10-10,wk inc flu hosp,2,28,quantile,0.3,14,2026-10-24
2026-10-10,wk inc flu hosp,2,28,quantile,0.35,14,2026-10-24
2026-10-10,wk inc flu hosp,2,28,quantile,0.4,21,2026-10-24
2026-10-10,wk inc flu hosp,2,28,quantile,0.45,21,2026-10-24
2026-10-10,wk inc flu hosp,2,28,quantile,0.5,21,2026-10-24
2026-10-10,wk inc flu hosp,2,28,quantile,0.55,21,2026-10-24
2026-10-10,wk inc flu hosp,2,28,quantile,0.6,28,2026-10-24
2026-10-10,wk inc flu hosp,2,28,quantile,0.65,28,2026-10-24
2026-10-10,wk inc flu hosp,2,28,quantile,0.7,28,2026-10-24
2026-10-10,wk inc flu hosp,2,28,quantile,0.75,35,2026-10-24
2026-10-10,wk inc flu hosp,2,28,quantile,0.8,35,2026-10-24
2026-10-10,wk inc flu hosp,2,28,quantile,0.85,42,2026-10-24
2026-10-10,wk inc flu hosp,2,28,quantile,0.9,43,2026-10-24
2026-10-10,wk inc flu hosp,2,28,quantile,0.95,56,2026-10-24
2026-10-10,wk inc flu hosp,2,28,quantile,0.975,63,2026-10-24
2026-10-10,wk inc flu hosp,2,28,quantile,0.99,77,2026-10-24
2026-10-10,wk inc flu hosp,3,28,quantile,0.01,0,2026-10-31
2026-10-10,wk inc flu hosp,3,28,quantile,0.025,0,2026-10-31
2026-10-10,wk inc flu hosp,3,28,quantile,0.05,0,2026-10-31
2026-10-10,wk inc flu hosp,3,28,quantile,0.1,7,2026-10-31
2026-10-10,wk inc flu hosp,3,28,quantile,0.15,7,2026-10-31
2026-10-10,wk inc flu hosp,3,28,quantile,0.2,14,2026-10-31
2026-10-10,wk inc flu hosp,3,28,quantile,0.25,14,2026-10-31
2026-10-10,wk inc flu hosp,3,28,quantile,0.3,14,2026-10-31
2026-10-10,wk inc flu hosp,3,28,quantile,0.35,21,2026-10-31
2026-10-10,wk inc flu hosp,3,28,quantile,0.4,21,2026-10-31
2026-10-10,wk inc flu hosp,3,28,quantile,0.45,21,2026-10-31
2026-10-10,wk inc flu hosp,3,28,quantile,0.5,21,2026-10-31
2026-10-10,wk inc flu hosp,3,28,quantile,0.55,28,2026-10-31
2026-10-10,wk inc flu hosp,3,28,quantile,0.6,28,2026-10-31
2026-10-10,wk inc flu hosp,3,28,quantile,0.65,28,2026-10-31
2026-10-10,wk inc flu hosp,3,28,quantile,0.7,35,2026-10-31
2026-10-10,wk inc flu hosp,3,28,quantile,0.75,35,2026-10-31
2026-10-10,wk inc flu hosp,3,28,quantile,0.8,35,2026-10-31
2026-10-10,wk inc flu hosp,3,28,quantile,0.85,42,2026-10-31
2026-10-10,wk inc flu hosp,3,28,quantile,0.9,49,2026-10-31
2026-10-10,wk inc flu hosp,3,28,quantile,0.95,56,2026-10-31
2026-10-10,wk inc flu hosp,3,28,quantile,0.975,63,2026-10-31
2026-10-10,wk inc flu hosp,3,28,quantile,0.99,70,2026-10-31
2026-10-10,wk inc flu hosp,-1,29,quantile,0.01,0,2026-10-03
2026-10-10,wk inc flu hosp,-1,29,quantile,0.025,7,2026-10-03
2026-10-10,wk inc flu hosp,-1,29,quantile,0.05,7,2026-10-03
2026-10-10,wk inc flu hosp,-1,29,quantile,0.1,14,2026-10-03
2026-10-10,wk inc flu hosp,-1,29,quantile,0.15,14,2026-10-03
2026-10-10,wk inc flu hosp,-1,29,quantile,0.2,21,2026-10-03
2026-10-10,wk inc flu hosp,-1,29,quantile,0.25,21,2026-10-03
2026-10-10,wk inc flu hosp,-1,29,quantile,0.3,21,2026-10-03
2026-10-10,wk inc flu hosp,-1,29,quantile,0.35,28,2026-10-03
2026-10-10,wk inc flu hosp,-1,29,quantile,0.4,28,2026-10-03
2026-10-10,wk inc flu hosp,-1,29,quantile,0.45,28,2026-10-03
2026-10-10,wk inc flu hosp,-1,29,quantile,0.5,35,2026-10-03
2026-10-10,wk inc flu hosp,-1,29,quantile,0.55,35,2026-10-03
2026-10-10,wk inc flu hosp,-1,29,quantile,0.6,42,2026-10-03
2026-10-10,wk inc flu hosp,-1,29,quantile,0.65,42,2026-10-03
2026-10-10,wk inc flu hosp,-1,29,quantile,0.7,49,2026-10-03
2026-10-10,wk inc flu hosp,-1,29,quantile,0.75,49,2026-10-03
2026-10-10,wk inc flu hosp,-1,29,quantile,0.8,56,2026-10-03
2026-10-10,wk inc flu hosp,-1,29,quantile,0.85,56,2026-10-03
2026-10-10,wk inc flu hosp,-1,29,quantile,0.9,63,2026-10-03
2026-10-10,wk inc flu hosp,-1,29,quantile,0.95,70,2026-10-03
2026-10-10,wk inc flu hosp,-1,29,quantile,0.975,84,2026-10-03
2026-10-10,wk inc flu hosp,-1,29,quantile,0.99,91,2026-10-03
2026-10-10,wk inc flu hosp,0,29,quantile,0.01,7,2026-10-10
2026-10-10,wk inc flu hosp,0,29,quantile,0.025,7,2026-10-10
2026-10-10,wk inc flu hosp,0,29,quantile,0.05,14,2026-10-10
2026-10-10,wk inc flu hosp,0,29,quantile,0.1,21,2026-10-10
2026-10-10,wk inc flu hosp,0,29,quantile,0.15,21,2026-10-10
2026-10-10,wk inc flu hosp,0,29,quantile,0.2,28,2026-10-10
2026-10-10,wk inc flu hosp,0,29,quantile,0.25,28,2026-10-10
2026-10-10,wk inc flu hosp,0,29,quantile,0.3,28,2026-10-10
2026-10-10,wk inc flu hosp,0,29,quantile,0.35,35,2026-10-10
2026-10-10,wk inc flu hosp,0,29,quantile,0.4,35,2026-10-10
2026-10-10,wk inc flu hosp,0,29,quantile,0.45,42,2026-10-10
2026-10-10,wk inc flu hosp,0,29,quantile,0.5,42,2026-10-10
2026-10-10,wk inc flu hosp,0,29,quantile,0.55,42,2026-10-10
2026-10-10,wk inc flu hosp,0,29,quantile,0.6,49,2026-10-10
2026-10-10,wk inc flu hosp,0,29,quantile,0.65,49,2026-10-10
2026-10-10,wk inc flu hosp,0,29,quantile,0.7,56,2026-10-10
2026-10-10,wk inc flu hosp,0,29,quantile,0.75,56,2026-10-10
2026-10-10,wk inc flu hosp,0,29,quantile,0.8,63,2026-10-10
2026-10-10,wk inc flu hosp,0,29,quantile,0.85,70,2026-10-10
2026-10-10,wk inc flu hosp,0,29,quantile,0.9,77,2026-10-10
2026-10-10,wk inc flu hosp,0,29,quantile,0.95,91,2026-10-10
2026-10-10,wk inc flu hosp,0,29,quantile,0.975,98,2026-10-10
2026-10-10,wk inc flu hosp,0,29,quantile,0.99,112,2026-10-10
2026-10-10,wk inc flu hosp,1,29,quantile,0.01,7,2026-10-17
2026-10-10,wk inc flu hosp,1,29,quantile,0.025,7,2026-10-17
2026-10-10,wk inc flu hosp,1,29,quantile,0.05,14,2026-10-17
2026-10-10,wk inc flu hosp,1,29,quantile,0.1,21,2026-10-17
2026-10-10,wk inc flu hosp,1,29,quantile,0.15,28,2026-10-17
2026-10-10,wk inc flu hosp,1,29,quantile,0.2,28,2026-10-17
2026-10-10,wk inc flu hosp,1,29,quantile,0.25,35,2026-10-17
2026-10-10,wk inc flu hosp,1,29,quantile,0.3,35,2026-10-17
2026-10-10,wk inc flu hosp,1,29,quantile,0.35,42,2026-10-17
2026-10-10,wk inc flu hosp,1,29,quantile,0.4,42,2026-10-17
2026-10-10,wk inc flu hosp,1,29,quantile,0.45,49,2026-10-17
2026-10-10,wk inc flu hosp,1,29,quantile,0.5,49,2026-10-17
2026-10-10,wk inc flu hosp,1,29,quantile,0.55,56,2026-10-17
2026-10-10,wk inc flu hosp,1,29,quantile,0.6,56,2026-10-17
2026-10-10,wk inc flu hosp,1,29,quantile,0.65,63,2026-10-17
2026-10-10,wk inc flu hosp,1,29,quantile,0.7,63,2026-10-17
2026-10-10,wk inc flu hosp,1,29,quantile,0.75,70,2026-10-17
2026-10-10,wk inc flu hosp,1,29,quantile,0.8,70,2026-10-17
2026-10-10,wk inc flu hosp,1,29,quantile,0.85,77,2026-10-17
2026-10-10,wk inc flu hosp,1,29,quantile,0.9,91,2026-10-17
2026-10-10,wk inc flu hosp,1,29,quantile,0.95,105,2026-10-17
2026-10-10,wk inc flu hosp,1,29,quantile,0.975,119,2026-10-17
2026-10-10,wk inc flu hosp,1,29,quantile,0.99,133,2026-10-17
2026-10-10,wk inc flu hosp,2,29,quantile,0.01,7,2026-10-24
2026-10-10,wk inc flu hosp,2,29,quantile,0.025,14,2026-10-24
2026-10-10,wk inc flu hosp,2,29,quantile,0.05,14,2026-10-24
2026-10-10,wk inc flu hosp,2,29,quantile,0.1,21,2026-10-24
2026-10-10,wk inc flu hosp,2,29,quantile,0.15,28,2026-10-24
2026-10-10,wk inc flu hosp,2,29,quantile,0.2,28,2026-10-24
2026-10-10,wk inc flu hosp,2,29,quantile,0.25,35,2026-10-24
2026-10-10,wk inc flu hosp,2,29,quantile,0.3,35,2026-10-24
2026-10-10,wk inc flu hosp,2,29,quantile,0.35,42,2026-10-24
2026-10-10,wk inc flu hosp,2,29,quantile,0.4,42,2026-10-24
2026-10-10,wk inc flu hosp,2,29,quantile,0.45,49,2026-10-24
2026-10-10,wk inc flu hosp,2,29,quantile,0.5,49,2026-10-24
2026-10-10,wk inc flu hosp,2,29,quantile,0.55,56,2026-10-24
2026-10-10,wk inc flu hosp,2,29,quantile,0.6,63,2026-10-24
2026-10-10,wk inc flu hosp,2,29,quantile,0.65,63,2026-10-24
2026-10-10,wk inc flu hosp,2,29,quantile,0.7,70,2026-10-24
2026-10-10,wk inc flu hosp,2,29,quantile,0.75,70,2026-10-24
2026-10-10,wk inc flu hosp,2,29,quantile,0.8,77,2026-10-24
2026-10-10,wk inc flu hosp,2,29,quantile,0.85,91,2026-10-24
2026-10-10,wk inc flu hosp,2,29,quantile,0.9,98,2026-10-24
2026-10-10,wk inc flu hosp,2,29,quantile,0.95,112,2026-10-24
2026-10-10,wk inc flu hosp,2,29,quantile,0.975,126,2026-10-24
2026-10-10,wk inc flu hosp,2,29,quantile,0.99,154,2026-10-24
2026-10-10,wk inc flu hosp,3,29,quantile,0.01,7,2026-10-31
2026-10-10,wk inc flu hosp,3,29,quantile,0.025,7,2026-10-31
2026-10-10,wk inc flu hosp,3,29,quantile,0.05,14,2026-10-31
2026-10-10,wk inc flu hosp,3,29,quantile,0.1,21,2026-10-31
2026-10-10,wk inc flu hosp,3,29,quantile,0.15,21,2026-10-31
2026-10-10,wk inc flu hosp,3,29,quantile,0.2,28,2026-10-31
2026-10-10,wk inc flu hosp,3,29,quantile,0.25,35,2026-10-31
2026-10-10,wk inc flu hosp,3,29,quantile,0.3,35,2026-10-31
2026-10-10,wk inc flu hosp,3,29,quantile,0.35,42,2026-10-31
2026-10-10,wk inc flu hosp,3,29,quantile,0.4,49,2026-10-31
2026-10-10,wk inc flu hosp,3,29,quantile,0.45,49,2026-10-31
2026-10-10,wk inc flu hosp,3,29,quantile,0.5,56,2026-10-31
2026-10-10,wk inc flu hosp,3,29,quantile,0.55,56,2026-10-31
2026-10-10,wk inc flu hosp,3,29,quantile,0.6,63,2026-10-31
2026-10-10,wk inc flu hosp,3,29,quantile,0.65,70,2026-10-31
2026-10-10,wk inc flu hosp,3,29,quantile,0.7,77,2026-10-31
2026-10-10,wk inc flu hosp,3,29,quantile,0.75,84,2026-10-31
2026-10-10,wk inc flu hosp,3,29,quantile,0.8,91,2026-10-31
2026-10-10,wk inc flu hosp,3,29,quantile,0.85,98,2026-10-31
2026-10-10,wk inc flu hosp,3,29,quantile,0.9,112,2026-10-31
2026-10-10,wk inc flu hosp,3,29,quantile,0.95,126,2026-10-31
2026-10-10,wk inc flu hosp,3,29,quantile,0.975,147,2026-10-31
2026-10-10,wk inc flu hosp,3,29,quantile,0.99,182,2026-10-31
2026-10-10,wk inc flu hosp,-1,30,quantile,0.01,0,2026-10-03
2026-10-10,wk inc flu hosp,-1,30,quantile,0.025,0,2026-10-03
2026-10-10,wk inc flu hosp,-1,30,quantile,0.05,0,2026-10-03
2026-10-10,wk inc flu hosp,-1,30,quantile,0.1,0,2026-10-03
2026-10-10,wk inc flu hosp,-1,30,quantile,0.15,0,2026-10-03
2026-10-10,wk inc flu hosp,-1,30,quantile,0.2,0,2026-10-03
2026-10-10,wk inc flu hosp,-1,30,quantile,0.25,0,2026-10-03
2026-10-10,wk inc flu hosp,-1,30,quantile,0.3,0,2026-10-03
2026-10-10,wk inc flu hosp,-1,30,quantile,0.35,0,2026-10-03
2026-10-10,wk inc flu hosp,-1,30,quantile,0.4,0,2026-10-03
2026-10-10,wk inc flu hosp,-1,30,quantile,0.45,0,2026-10-03
2026-10-10,wk inc flu hosp,-1,30,quantile,0.5,0,2026-10-03
2026-10-10,wk inc flu hosp,-1,30,quantile,0.55,0,2026-10-03
2026-10-10,wk inc flu hosp,-1,30,quantile,0.6,0,2026-10-03
2026-10-10,wk inc flu hosp,-1,30,quantile,0.65,7,2026-10-03
2026-10-10,wk inc flu hosp,-1,30,quantile,0.7,7,2026-10-03
2026-10-10,wk inc flu hosp,-1,30,quantile,0.75,7,2026-10-03
2026-10-10,wk inc flu hosp,-1,30,quantile,0.8,7,2026-10-03
2026-10-10,wk inc flu hosp,-1,30,quantile,0.85,7,2026-10-03
2026-10-10,wk inc flu hosp,-1,30,quantile,0.9,7,2026-10-03
2026-10-10,wk inc flu hosp,-1,30,quantile,0.95,14,2026-10-03
2026-10-10,wk inc flu hosp,-1,30,quantile,0.975,14,2026-10-03
2026-10-10,wk inc flu hosp,-1,30,quantile,0.99,21,2026-10-03
2026-10-10,wk inc flu hosp,0,30,quantile,0.01,0,2026-10-10
2026-10-10,wk inc flu hosp,0,30,quantile,0.025,0,2026-10-10
2026-10-10,wk inc flu hosp,0,30,quantile,0.05,0,2026-10-10
2026-10-10,wk inc flu hosp,0,30,quantile,0.1,0,2026-10-10
2026-10-10,wk inc flu hosp,0,30,quantile,0.15,0,2026-10-10
2026-10-10,wk inc flu hosp,0,30,quantile,0.2,0,2026-10-10
2026-10-10,wk inc flu hosp,0,30,quantile,0.25,0,2026-10-10
2026-10-10,wk inc flu hosp,0,30,quantile,0.3,0,2026-10-10
2026-10-10,wk inc flu hosp,0,30,quantile,0.35,0,2026-10-10
2026-10-10,wk inc flu hosp,0,30,quantile,0.4,0,2026-10-10
2026-10-10,wk inc flu hosp,0,30,quantile,0.45,0,2026-10-10
2026-10-10,wk inc flu hosp,0,30,quantile,0.5,0,2026-10-10
2026-10-10,wk inc flu hosp,0,30,quantile,0.55,0,2026-10-10
2026-10-10,wk inc flu hosp,0,30,quantile,0.6,7,2026-10-10
2026-10-10,wk inc flu hosp,0,30,quantile,0.65,7,2026-10-10
2026-10-10,wk inc flu hosp,0,30,quantile,0.7,7,2026-10-10
2026-10-10,wk inc flu hosp,0,30,quantile,0.75,7,2026-10-10
2026-10-10,wk inc flu hosp,0,30,quantile,0.8,7,2026-10-10
2026-10-10,wk inc flu hosp,0,30,quantile,0.85,7,2026-10-10
2026-10-10,wk inc flu hosp,0,30,quantile,0.9,14,2026-10-10
2026-10-10,wk inc flu hosp,0,30,quantile,0.95,14,2026-10-10
2026-10-10,wk inc flu hosp,0,30,quantile,0.975,21,2026-10-10
2026-10-10,wk inc flu hosp,0,30,quantile,0.99,21,2026-10-10
2026-10-10,wk inc flu hosp,1,30,quantile,0.01,0,2026-10-17
2026-10-10,wk inc flu hosp,1,30,quantile,0.025,0,2026-10-17
2026-10-10,wk inc flu hosp,1,30,quantile,0.05,0,2026-10-17
2026-10-10,wk inc flu hosp,1,30,quantile,0.1,0,2026-10-17
2026-10-10,wk inc flu hosp,1,30,quantile,0.15,0,2026-10-17
2026-10-10,wk inc flu hosp,1,30,quantile,0.2,0,2026-10-17
2026-10-10,wk inc flu hosp,1,30,quantile,0.25,0,2026-10-17
2026-10-10,wk inc flu hosp,1,30,quantile,0.3,0,2026-10-17
2026-10-10,wk inc flu hosp,1,30,quantile,0.35,0,2026-10-17
2026-10-10,wk inc flu hosp,1,30,quantile,0.4,0,2026-10-17
2026-10-10,wk inc flu hosp,1,30,quantile,0.45,0,2026-10-17
2026-10-10,wk inc flu hosp,1,30,quantile,0.5,0,2026-10-17
2026-10-10,wk inc flu hosp,1,30,quantile,0.55,7,2026-10-17
2026-10-10,wk inc flu hosp,1,30,quantile,0.6,7,2026-10-17
2026-10-10,wk inc flu hosp,1,30,quantile,0.65,7,2026-10-17
2026-10-10,wk inc flu hosp,1,30,quantile,0.7,7,2026-10-17
2026-10-10,wk inc flu hosp,1,30,quantile,0.75,7,2026-10-17
2026-10-10,wk inc flu hosp,1,30,quantile,0.8,7,2026-10-17
2026-10-10,wk inc flu hosp,1,30,quantile,0.85,14,2026-10-17
2026-10-10,wk inc flu hosp,1,30,quantile,0.9,14,2026-10-17
2026-10-10,wk inc flu hosp,1,30,quantile,0.95,21,2026-10-17
2026-10-10,wk inc flu hosp,1,30,quantile,0.975,21,2026-10-17
2026-10-10,wk inc flu hosp,1,30,quantile,0.99,28,2026-10-17
2026-10-10,wk inc flu hosp,2,30,quantile,0.01,0,2026-10-24
2026-10-10,wk inc flu hosp,2,30,quantile,0.025,0,2026-10-24
2026-10-10,wk inc flu hosp,2,30,quantile,0.05,0,2026-10-24
2026-10-10,wk inc flu hosp,2,30,quantile,0.1,0,2026-10-24
2026-10-10,wk inc flu hosp,2,30,quantile,0.15,0,2026-10-24
2026-10-10,wk inc flu hosp,2,30,quantile,0.2,0,2026-10-24
2026-10-10,wk inc flu hosp,2,30,quantile,0.25,0,2026-10-24
2026-10-10,wk inc flu hosp,2,30,quantile,0.3,0,2026-10-24
2026-10-10,wk inc flu hosp,2,30,quantile,0.35,0,2026-10-24
2026-10-10,wk inc flu hosp,2,30,quantile,0.4,0,2026-10-24
2026-10-10,wk inc flu hosp,2,30,quantile,0.45,0,2026-10-24
2026-10-10,wk inc flu hosp,2,30,quantile,0.5,7,2026-10-24
2026-10-10,wk inc flu hosp,2,30,quantile,0.55,7,2026-10-24
2026-10-10,wk inc flu hosp,2,30,quantile,0.6,7,2026-10-24
2026-10-10,wk inc flu hosp,2,30,quantile,0.65,7,2026-10-24
2026-10-10,wk inc flu hosp,2,30,quantile,0.7,7,2026-10-24
2026-10-10,wk inc flu hosp,2,30,quantile,0.75,7,2026-10-24
2026-10-10,wk inc flu hosp,2,30,quantile,0.8,14,2026-10-24
2026-10-10,wk inc flu hosp,2,30,quantile,0.85,14,2026-10-24
2026-10-10,wk inc flu hosp,2,30,quantile,0.9,14,2026-10-24
2026-10-10,wk inc flu hosp,2,30,quantile,0.95,21,2026-10-24
2026-10-10,wk inc flu hosp,2,30,quantile,0.975,21,2026-10-24
2026-10-10,wk inc flu hosp,2,30,quantile,0.99,28,2026-10-24
2026-10-10,wk inc flu hosp,3,30,quantile,0.01,0,2026-10-31
2026-10-10,wk inc flu hosp,3,30,quantile,0.025,0,2026-10-31
2026-10-10,wk inc flu hosp,3,30,quantile,0.05,0,2026-10-31
2026-10-10,wk inc flu hosp,3,30,quantile,0.1,0,2026-10-31
2026-10-10,wk inc flu hosp,3,30,quantile,0.15,0,2026-10-31
2026-10-10,wk inc flu hosp,3,30,quantile,0.2,0,2026-10-31
2026-10-10,wk inc flu hosp,3,30,quantile,0.25,0,2026-10-31
2026-10-10,wk inc flu hosp,3,30,quantile,0.3,0,2026-10-31
2026-10-10,wk inc flu hosp,3,30,quantile,0.35,0,2026-10-31
2026-10-10,wk inc flu hosp,3,30,quantile,0.4,0,2026-10-31
2026-10-10,wk inc flu hosp,3,30,quantile,0.45,7,2026-10-31
2026-10-10,wk inc flu hosp,3,30,quantile,0.5,7,2026-10-31
2026-10-10,wk inc flu hosp,3,30,quantile,0.55,7,2026-10-31
2026-10-10,wk inc flu hosp,3,30,quantile,0.6,7,2026-10-31
2026-10-10,wk inc flu hosp,3,30,quantile,0.65,7,2026-10-31
2026-10-10,wk inc flu hosp,3,30,quantile,0.7,7,2026-10-31
2026-10-10,wk inc flu hosp,3,30,quantile,0.75,7,2026-10-31
2026-10-10,wk inc flu hosp,3,30,quantile,0.8,14,2026-10-31
2026-10-10,wk inc flu hosp,3,30,quantile,0.85,14,2026-10-31
2026-10-10,wk inc flu hosp,3,30,quantile,0.9,14,2026-10-31
2026-10-10,wk inc flu hosp,3,30,quantile,0.95,21,2026-10-31
2026-10-10,wk inc flu hosp,3,30,quantile,0.975,28,2026-10-31
2026-10-10,wk inc flu hosp,3,30,quantile,0.99,35,2026-10-31
2026-10-10,wk inc flu hosp,-1,31,quantile,0.01,0,2026-10-03
2026-10-10,wk inc flu hosp,-1,31,quantile,0.025,0,2026-10-03
2026-10-10,wk inc flu hosp,-1,31,quantile,0.05,0,2026-10-03
2026-10-10,wk inc flu hosp,-1,31,quantile,0.1,0,2026-10-03
2026-10-10,wk inc flu hosp,-1,31,quantile,0.15,0,2026-10-03
2026-10-10,wk inc flu hosp,-1,31,quantile,0.2,0,2026-10-03
2026-10-10,wk inc flu hosp,-1,31,quantile,0.25,0,2026-10-03
2026-10-10,wk inc flu hosp,-1,31,quantile,0.3,0,2026-10-03
2026-10-10,wk inc flu hosp,-1,31,quantile,0.35,0,2026-10-03
2026-10-10,wk inc flu hosp,-1,31,quantile,0.4,0,2026-10-03
2026-10-10,wk inc flu hosp,-1,31,quantile,0.45,0,2026-10-03
2026-10-10,wk inc flu hosp,-1,31,quantile,0.5,0,2026-10-03
2026-10-10,wk inc flu hosp,-1,31,quantile,0.55,0,2026-10-03
2026-10-10,wk inc flu hosp,-1,31,quantile,0.6,0,2026-10-03
2026-10-10,wk inc flu hosp,-1,31,quantile,0.65,7,2026-10-03
2026-10-10,wk inc flu hosp,-1,31,quantile,0.7,7,2026-10-03
2026-10-10,wk inc flu hosp,-1,31,quantile,0.75,7,2026-10-03
2026-10-10,wk inc flu hosp,-1,31,quantile,0.8,7,2026-10-03
2026-10-10,wk inc flu hosp,-1,31,quantile,0.85,7,2026-10-03
2026-10-10,wk inc flu hosp,-1,31,quantile,0.9,14,2026-10-03
2026-10-10,wk inc flu hosp,-1,31,quantile,0.95,14,2026-10-03
2026-10-10,wk inc flu hosp,-1,31,quantile,0.975,21,2026-10-03
2026-10-10,wk inc flu hosp,-1,31,quantile,0.99,28,2026-10-03
2026-10-10,wk inc flu hosp,0,31,quantile,0.01,0,2026-10-10
2026-10-10,wk inc flu hosp,0,31,quantile,0.025,0,2026-10-10
2026-10-10,wk inc flu hosp,0,31,quantile,0.05,0,2026-10-10
2026-10-10,wk inc flu hosp,0,31,quantile,0.1,0,2026-10-10
2026-10-10,wk inc flu hosp,0,31,quantile,0.15,0,2026-10-10
2026-10-10,wk inc flu hosp,0,31,quantile,0.2,0,2026-10-10
2026-10-10,wk inc flu hosp,0,31,quantile,0.25,0,2026-10-10
2026-10-10,wk inc flu hosp,0,31,quantile,0.3,0,2026-10-10
2026-10-10,wk inc flu hosp,0,31,quantile,0.35,0,2026-10-10
2026-10-10,wk inc flu hosp,0,31,quantile,0.4,0,2026-10-10
2026-10-10,wk inc flu hosp,0,31,quantile,0.45,0,2026-10-10
2026-10-10,wk inc flu hosp,0,31,quantile,0.5,0,2026-10-10
2026-10-10,wk inc flu hosp,0,31,quantile,0.55,7,2026-10-10
2026-10-10,wk inc flu hosp,0,31,quantile,0.6,7,2026-10-10
2026-10-10,wk inc flu hosp,0,31,quantile,0.65,7,2026-10-10
2026-10-10,wk inc flu hosp,0,31,quantile,0.7,7,2026-10-10
2026-10-10,wk inc flu hosp,0,31,quantile,0.75,7,2026-10-10
2026-10-10,wk inc flu hosp,0,31,quantile,0.8,7,2026-10-10
2026-10-10,wk inc flu hosp,0,31,quantile,0.85,14,2026-10-10
2026-10-10,wk inc flu hosp,0,31,quantile,0.9,14,2026-10-10
2026-10-10,wk inc flu hosp,0,31,quantile,0.95,21,2026-10-10
2026-10-10,wk inc flu hosp,0,31,quantile,0.975,21,2026-10-10
2026-10-10,wk inc flu hosp,0,31,quantile,0.99,28,2026-10-10
2026-10-10,wk inc flu hosp,1,31,quantile,0.01,0,2026-10-17
2026-10-10,wk inc flu hosp,1,31,quantile,0.025,0,2026-10-17
2026-10-10,wk inc flu hosp,1,31,quantile,0.05,0,2026-10-17
2026-10-10,wk inc flu hosp,1,31,quantile,0.1,0,2026-10-17
2026-10-10,wk inc flu hosp,1,31,quantile,0.15,0,2026-10-17
2026-10-10,wk inc flu hosp,1,31,quantile,0.2,0,2026-10-17
2026-10-10,wk inc flu hosp,1,31,quantile,0.25,0,2026-10-17
2026-10-10,wk inc flu hosp,1,31,quantile,0.3,0,2026-10-17
2026-10-10,wk inc flu hosp,1,31,quantile,0.35,0,2026-10-17
2026-10-10,wk inc flu hosp,1,31,quantile,0.4,0,2026-10-17
2026-10-10,wk inc flu hosp,1,31,quantile,0.45,0,2026-10-17
2026-10-10,wk inc flu hosp,1,31,quantile,0.5,7,2026-10-17
2026-10-10,wk inc flu hosp,1,31,quantile,0.55,7,2026-10-17
2026-10-10,wk inc flu hosp,1,31,quantile,0.6,7,2026-10-17
2026-10-10,wk inc flu hosp,1,31,quantile,0.65,7,2026-10-17
2026-10-10,wk inc flu hosp,1,31,quantile,0.7,7,2026-10-17
2026-10-10,wk inc flu hosp,1,31,quantile,0.75,7,2026-10-17
2026-10-10,wk inc flu hosp,1,31,quantile,0.8,14,2026-10-17
2026-10-10,wk inc flu hosp,1,31,quantile,0.85,14,2026-10-17
2026-10-10,wk inc flu hosp,1,31,quantile,0.9,14,2026-10-17
2026-10-10,wk inc flu hosp,1,31,quantile,0.95,21,2026-10-17
2026-10-10,wk inc flu hosp,1,31,quantile,0.975,28,2026-10-17
2026-10-10,wk inc flu hosp,1,31,quantile,0.99,42,2026-10-17
2026-10-10,wk inc flu hosp,2,31,quantile,0.01,0,2026-10-24
2026-10-10,wk inc flu hosp,2,31,quantile,0.025,0,2026-10-24
2026-10-10,wk inc flu hosp,2,31,quantile,0.05,0,2026-10-24
2026-10-10,wk inc flu hosp,2,31,quantile,0.1,0,2026-10-24
2026-10-10,wk inc flu hosp,2,31,quantile,0.15,0,2026-10-24
2026-10-10,wk inc flu hosp,2,31,quantile,0.2,0,2026-10-24
2026-10-10,wk inc flu hosp,2,31,quantile,0.25,0,2026-10-24
2026-10-10,wk inc flu hosp,2,31,quantile,0.3,0,2026-10-24
2026-10-10,wk inc flu hosp,2,31,quantile,0.35,0,2026-10-24
2026-10-10,wk inc flu hosp,2,31,quantile,0.4,0,2026-10-24
2026-10-10,wk inc flu hosp,2,31,quantile,0.45,7,2026-10-24
2026-10-10,wk inc flu hosp,2,31,quantile,0.5,7,2026-10-24
2026-10-10,wk inc flu hosp,2,31,quantile,0.55,7,2026-10-24
2026-10-10,wk inc flu hosp,2,31,quantile,0.6,7,2026-10-24
2026-10-10,wk inc flu hosp,2,31,quantile,0.65,7,2026-10-24
2026-10-10,wk inc flu hosp,2,31,quantile,0.7,14,2026-10-24
2026-10-10,wk inc flu hosp,2,31,quantile,0.75,14,2026-10-24
2026-10-10,wk inc flu hosp,2,31,quantile,0.8,14,2026-10-24
2026-10-10,wk inc flu hosp,2,31,quantile,0.85,21,2026-10-24
2026-10-10,wk inc flu hosp,2,31,quantile,0.9,21,2026-10-24
2026-10-10,wk inc flu hosp,2,31,quantile,0.95,35,2026-10-24
2026-10-10,wk inc flu hosp,2,31,quantile,0.975,42,2026-10-24
2026-10-10,wk inc flu hosp,2,31,quantile,0.99,49,2026-10-24
2026-10-10,wk inc flu hosp,3,31,quantile,0.01,0,2026-10-31
2026-10-10,wk inc flu hosp,3,31,quantile,0.025,0,2026-10-31
2026-10-10,wk inc flu hosp,3,31,quantile,0.05,0,2026-10-31
2026-10-10,wk inc flu hosp,3,31,quantile,0.1,0,2026-10-31
2026-10-10,wk inc flu hosp,3,31,quantile,0.15,0,2026-10-31
2026-10-10,wk inc flu hosp,3,31,quantile,0.2,0,2026-10-31
2026-10-10,wk inc flu hosp,3,31,quantile,0.25,0,2026-10-31
2026-10-10,wk inc flu hosp,3,31,quantile,0.3,0,2026-10-31
2026-10-10,wk inc flu hosp,3,31,quantile,0.35,7,2026-10-31
2026-10-10,wk inc flu hosp,3,31,quantile,0.4,7,2026-10-31
2026-10-10,wk inc flu hosp,3,31,quantile,0.45,7,2026-10-31
2026-10-10,wk inc flu hosp,3,31,quantile,0.5,7,2026-10-31
2026-10-10,wk inc flu hosp,3,31,quantile,0.55,7,2026-10-31
2026-10-10,wk inc flu hosp,3,31,quantile,0.6,7,2026-10-31
2026-10-10,wk inc flu hosp,3,31,quantile,0.65,14,2026-10-31
2026-10-10,wk inc flu hosp,3,31,quantile,0.7,14,2026-10-31
2026-10-10,wk inc flu hosp,3,31,quantile,0.75,14,2026-10-31
2026-10-10,wk inc flu hosp,3,31,quantile,0.8,21,2026-10-31
2026-10-10,wk inc flu hosp,3,31,quantile,0.85,21,2026-10-31
2026-10-10,wk inc flu hosp,3,31,quantile,0.9,28,2026-10-31
2026-10-10,wk inc flu hosp,3,31,quantile,0.95,42,2026-10-31
2026-10-10,wk inc flu hosp,3,31,quantile,0.975,49,2026-10-31
2026-10-10,wk inc flu hosp,3,31,quantile,0.99,63,2026-10-31
2026-10-10,wk inc flu hosp,-1,32,quantile,0.01,0,2026-10-03
2026-10-10,wk inc flu hosp,-1,32,quantile,0.025,0,2026-10-03
2026-10-10,wk inc flu hosp,-1,32,quantile,0.05,0,2026-10-03
2026-10-10,wk inc flu hosp,-1,32,quantile,0.1,7,2026-10-03
2026-10-10,wk inc flu hosp,-1,32,quantile,0.15,7,2026-10-03
2026-10-10,wk inc flu hosp,-1,32,quantile,0.2,7,2026-10-03
2026-10-10,wk inc flu hosp,-1,32,quantile,0.25,14,2026-10-03
2026-10-10,wk inc flu hosp,-1,32,quantile,0.3,14,2026-10-03
2026-10-10,wk inc flu hosp,-1,32,quantile,0.35,14,2026-10-03
2026-10-10,wk inc flu hosp,-1,32,quantile,0.4,14,2026-10-03
2026-10-10,wk inc flu hosp,-1,32,quantile,0.45,21,2026-10-03
2026-10-10,wk inc flu hosp,-1,32,quantile,0.5,21,2026-10-03
2026-10-10,wk inc flu hosp,-1,32,quantile,0.55,21,2026-10-03
2026-10-10,wk inc flu hosp,-1,32,quantile,0.6,21,2026-10-03
2026-10-10,wk inc flu hosp,-1,32,quantile,0.65,28,2026-10-03
2026-10-10,wk inc flu hosp,-1,32,quantile,0.7,28,2026-10-03
2026-10-10,wk inc flu hosp,-1,32,quantile,0.75,28,2026-10-03
2026-10-10,wk inc flu hosp,-1,32,quantile,0.8,35,2026-10-03
2026-10-10,wk inc flu hosp,-1,32,quantile,0.85,35,2026-10-03
2026-10-10,wk inc flu hosp,-1,32,quantile,0.9,42,2026-10-03
2026-10-10,wk inc flu hosp,-1,32,quantile,0.95,49,2026-10-03
2026-10-10,wk inc flu hosp,-1,32,quantile,0.975,56,2026-10-03
2026-10-10,wk inc flu hosp,-1,32,quantile,0.99,70,2026-10-03
2026-10-10,wk inc flu hosp,0,32,quantile,0.01,0,2026-10-10
2026-10-10,wk inc flu hosp,0,32,quantile,0.025,0,2026-10-10
2026-10-10,wk inc flu hosp,0,32,quantile,0.05,7,2026-10-10
2026-10-10,wk inc flu hosp,0,32,quantile,0.1,7,2026-10-10
2026-10-10,wk inc flu hosp,0,32,quantile,0.15,14,2026-10-10
2026-10-10,wk inc flu hosp,0,32,quantile,0.2,14,2026-10-10
2026-10-10,wk inc flu hosp,0,32,quantile,0.25,14,2026-10-10
2026-10-10,wk inc flu hosp,0,32,quantile,0.3,21,2026-10-10
2026-10-10,wk inc flu hosp,0,32,quantile,0.35,21,2026-10-10
2026-10-10,wk inc flu hosp,0,32,quantile,0.4,21,2026-10-10
2026-10-10,wk inc flu hosp,0,32,quantile,0.45,28,2026-10-10
2026-10-10,wk inc flu hosp,0,32,quantile,0.5,28,2026-10-10
2026-10-10,wk inc flu hosp,0,32,quantile,0.55,28,2026-10-10
2026-10-10,wk inc flu hosp,0,32,quantile,0.6,35,2026-10-10
2026-10-10,wk inc flu hosp,0,32,quantile,0.65,35,2026-10-10
2026-10-10,wk inc flu hosp,0,32,quantile,0.7,35,2026-10-10
2026-10-10,wk inc flu hosp,0,32,quantile,0.75,42,2026-10-10
2026-10-10,wk inc flu hosp,0,32,quantile,0.8,42,2026-10-10
2026-10-10,wk inc flu hosp,0,32,quantile,0.85,49,2026-10-10
2026-10-10,wk inc flu hosp,0,32,quantile,0.9,56,2026-10-10
2026-10-10,wk inc flu hosp,0,32,quantile,0.95,70,2026-10-10
2026-10-10,wk inc flu hosp,0,32,quantile,0.975,77,2026-10-10
2026-10-10,wk inc flu hosp,0,32,quantile,0.99,98,2026-10-10
2026-10-10,wk inc flu hosp,1,32,quantile,0.01,0,2026-10-17
2026-10-10,wk inc flu hosp,1,32,quantile,0.025,7,2026-10-17
2026-10-10,wk inc flu hosp,1,32,quantile,0.05,7,2026-10-17
2026-10-10,wk inc flu hosp,1,32,quantile,0.1,14,2026-10-17
2026-10-10,wk inc flu hosp,1,32,quantile,0.15,21,2026-10-17
2026-10-10,wk inc flu hosp,1,32,quantile,0.2,21,2026-10-17
2026-10-10,wk inc flu hosp,1,32,quantile,0.25,21,2026-10-17
2026-10-10,wk inc flu hosp,1,32,quantile,0.3,28,2026-10-17
2026-10-10,wk inc flu hosp,1,32,quantile,0.35,28,2026-10-17
2026-10-10,wk inc flu hosp,1,32,quantile,0.4,35,2026-10-17
2026-10-10,wk inc flu hosp,1,32,quantile,0.45,35,2026-10-17
2026-10-10,wk inc flu hosp,1,32,quantile,0.5,42,2026-10-17
2026-10-10,wk inc flu hosp,1,32,quantile,0.55,42,2026-10-17
2026-10-10,wk inc flu hosp,1,32,quantile,0.6,42,2026-10-17
2026-10-10,wk inc flu hosp,1,32,quantile,0.65,49,2026-10-17
2026-10-10,wk inc flu hosp,1,32,quantile,0.7,56,2026-10-17
2026-10-10,wk inc flu hosp,1,32,quantile,0.75,56,2026-10-17
2026-10-10,wk inc flu hosp,1,32,quantile,0.8,63,2026-10-17
2026-10-10,wk inc flu hosp,1,32,quantile,0.85,70,2026-10-17
2026-10-10,wk inc flu hosp,1,32,quantile,0.9,77,2026-10-17
2026-10-10,wk inc flu hosp,1,32,quantile,0.95,91,2026-10-17
2026-10-10,wk inc flu hosp,1,32,quantile,0.975,105,2026-10-17
2026-10-10,wk inc flu hosp,1,32,quantile,0.99,126,2026-10-17
2026-10-10,wk inc flu hosp,2,32,quantile,0.01,7,2026-10-24
2026-10-10,wk inc flu hosp,2,32,quantile,0.025,7,2026-10-24
2026-10-10,wk inc flu hosp,2,32,quantile,0.05,14,2026-10-24
2026-10-10,wk inc flu hosp,2,32,quantile,0.1,21,2026-10-24
2026-10-10,wk inc flu hosp,2,32,quantile,0.15,28,2026-10-24
2026-10-10,wk inc flu hosp,2,32,quantile,0.2,28,2026-10-24
2026-10-10,wk inc flu hosp,2,32,quantile,0.25,35,2026-10-24
2026-10-10,wk inc flu hosp,2,32,quantile,0.3,35,2026-10-24
2026-10-10,wk inc flu hosp,2,32,quantile,0.35,42,2026-10-24
2026-10-10,wk inc flu hosp,2,32,quantile,0.4,42,2026-10-24
2026-10-10,wk inc flu hosp,2,32,quantile,0.45,49,2026-10-24
2026-10-10,wk inc flu hosp,2,32,quantile,0.5,56,2026-10-24
2026-10-10,wk inc flu hosp,2,32,quantile,0.55,56,2026-10-24
2026-10-10,wk inc flu hosp,2,32,quantile,0.6,63,2026-10-24
2026-10-10,wk inc flu hosp,2,32,quantile,0.65,70,2026-10-24
2026-10-10,wk inc flu hosp,2,32,quantile,0.7,77,2026-10-24
2026-10-10,wk inc flu hosp,2,32,quantile,0.75,84,2026-10-24
2026-10-10,wk inc flu hosp,2,32,quantile,0.8,91,2026-10-24
2026-10-10,wk inc flu hosp,2,32,quantile,0.85,98,2026-10-24
2026-10-10,wk inc flu hosp,2,32,quantile,0.9,119,2026-10-24
2026-10-10,wk inc flu hosp,2,32,quantile,0.95,140,2026-10-24
2026-10-10,wk inc flu hosp,2,32,quantile,0.975,161,2026-10-24
2026-10-10,wk inc flu hosp,2,32,quantile,0.99,203,2026-10-24
2026-10-10,wk inc flu hosp,3,32,quantile,0.01,7,2026-10-31
2026-10-10,wk inc flu hosp,3,32,quantile,0.025,14,2026-10-31
2026-10-10,wk inc flu hosp,3,32,quantile,0.05,14,2026-10-31
2026-10-10,wk inc flu hosp,3,32,quantile,0.1,21,2026-10-31
2026-10-10,wk inc flu hosp,3,32,quantile,0.15,35,2026-10-31
2026-10-10,wk inc flu hosp,3,32,quantile,0.2,35,2026-10-31
2026-10-10,wk inc flu hosp,3,32,quantile,0.25,42,2026-10-31
2026-10-10,wk inc flu hosp,3,32,quantile,0.3,49,2026-10-31
2026-10-10,wk inc flu hosp,3,32,quantile,0.35,56,2026-10-31
2026-10-10,wk inc flu hosp,3,32,quantile,0.4,63,2026-10-31
2026-10-10,wk inc flu hosp,3,32,quantile,0.45,70,2026-10-31
2026-10-10,wk inc flu hosp,3,32,quantile,0.5,70,2026-10-31
2026-10-10,wk inc flu hosp,3,32,quantile,0.55,77,2026-10-31
2026-10-10,wk inc flu hosp,3,32,quantile,0.6,91,2026-10-31
2026-10-10,wk inc flu hosp,3,32,quantile,0.65,98,2026-10-31
2026-10-10,wk inc flu hosp,3,32,quantile,0.7,105,2026-10-31
2026-10-10,wk inc flu hosp,3,32,quantile,0.75,119,2026-10-31
2026-10-10,wk inc flu hosp,3,32,quantile,0.8,133,2026-10-31
2026-10-10,wk inc flu hosp,3,32,quantile,0.85,147,2026-10-31
2026-10-10,wk inc flu hosp,3,32,quantile,0.9,168,2026-10-31
2026-10-10,wk inc flu hosp,3,32,quantile,0.95,217,2026-10-31
2026-10-10,wk inc flu hosp,3,32,quantile,0.975,266,2026-10-31
2026-10-10,wk inc flu hosp,3,32,quantile,0.99,315,2026-10-31
2026-10-10,wk inc flu hosp,-1,33,quantile,0.01,0,2026-10-03
2026-10-10,wk inc flu hosp,-1,33,quantile,0.025,0,2026-10-03
2026-10-10,wk inc flu hosp,-1,33,quantile,0.05,0,2026-10-03
2026-10-10,wk inc flu hosp,-1,33,quantile,0.1,0,2026-10-03
2026-10-10,wk inc flu hosp,-1,33,quantile,0.15,0,2026-10-03
2026-10-10,wk inc flu hosp,-1,33,quantile,0.2,0,2026-10-03
2026-10-10,wk inc flu hosp,-1,33,quantile,0.25,0,2026-10-03
2026-10-10,wk inc flu hosp,-1,33,quantile,0.3,0,2026-10-03
2026-10-10,wk inc flu hosp,-1,33,quantile,0.35,0,2026-10-03
2026-10-10,wk inc flu hosp,-1,33,quantile,0.4,0,2026-10-03
2026-10-10,wk inc flu hosp,-1,33,quantile,0.45,0,2026-10-03
2026-10-10,wk inc flu hosp,-1,33,quantile,0.5,0,2026-10-03
2026-10-10,wk inc flu hosp,-1,33,quantile,0.55,0,2026-10-03
2026-10-10,wk inc flu hosp,-1,33,quantile,0.6,0,2026-10-03
2026-10-10,wk inc flu hosp,-1,33,quantile,0.65,0,2026-10-03
2026-10-10,wk inc flu hosp,-1,33,quantile,0.7,7,2026-10-03
2026-10-10,wk inc flu hosp,-1,33,quantile,0.75,7,2026-10-03
2026-10-10,wk inc flu hosp,-1,33,quantile,0.8,7,2026-10-03
2026-10-10,wk inc flu hosp,-1,33,quantile,0.85,7,2026-10-03
2026-10-10,wk inc flu hosp,-1,33,quantile,0.9,7,2026-10-03
2026-10-10,wk inc flu hosp,-1,33,quantile,0.95,14,2026-10-03
2026-10-10,wk inc flu hosp,-1,33,quantile,0.975,14,2026-10-03
2026-10-10,wk inc flu hosp,-1,33,quantile,0.99,21,2026-10-03
2026-10-10,wk inc flu hosp,0,33,quantile,0.01,0,2026-10-10
2026-10-10,wk inc flu hosp,0,33,quantile,0.025,0,2026-10-10
2026-10-10,wk inc flu hosp,0,33,quantile,0.05,0,2026-10-10
2026-10-10,wk inc flu hosp,0,33,quantile,0.1,0,2026-10-10
2026-10-10,wk inc flu hosp,0,33,quantile,0.15,0,2026-10-10
2026-10-10,wk inc flu hosp,0,33,quantile,0.2,0,2026-10-10
2026-10-10,wk inc flu hosp,0,33,quantile,0.25,0,2026-10-10
2026-10-10,wk inc flu hosp,0,33,quantile,0.3,0,2026-10-10
2026-10-10,wk inc flu hosp,0,33,quantile,0.35,0,2026-10-10
2026-10-10,wk inc flu hosp,0,33,quantile,0.4,0,2026-10-10
2026-10-10,wk inc flu hosp,0,33,quantile,0.45,0,2026-10-10
2026-10-10,wk inc flu hosp,0,33,quantile,0.5,0,2026-10-10
2026-10-10,wk inc flu hosp,0,33,quantile,0.55,0,2026-10-10
2026-10-10,wk inc flu hosp,0,33,quantile,0.6,0,2026-10-10
2026-10-10,wk inc flu hosp,0,33,quantile,0.65,7,2026-10-10
2026-10-10,wk inc flu hosp,0,33,quantile,0.7,7,2026-10-10
2026-10-10,wk inc flu hosp,0,33,quantile,0.75,7,2026-10-10
2026-10-10,wk inc flu hosp,0,33,quantile,0.8,7,2026-10-10
2026-10-10,wk inc flu hosp,0,33,quantile,0.85,7,2026-10-10
2026-10-10,wk inc flu hosp,0,33,quantile,0.9,14,2026-10-10
2026-10-10,wk inc flu hosp,0,33,quantile,0.95,14,2026-10-10
2026-10-10,wk inc flu hosp,0,33,quantile,0.975,21,2026-10-10
2026-10-10,wk inc flu hosp,0,33,quantile,0.99,21,2026-10-10
2026-10-10,wk inc flu hosp,1,33,quantile,0.01,0,2026-10-17
2026-10-10,wk inc flu hosp,1,33,quantile,0.025,0,2026-10-17
2026-10-10,wk inc flu hosp,1,33,quantile,0.05,0,2026-10-17
2026-10-10,wk inc flu hosp,1,33,quantile,0.1,0,2026-10-17
2026-10-10,wk inc flu hosp,1,33,quantile,0.15,0,2026-10-17
2026-10-10,wk inc flu hosp,1,33,quantile,0.2,0,2026-10-17
2026-10-10,wk inc flu hosp,1,33,quantile,0.25,0,2026-10-17
2026-10-10,wk inc flu hosp,1,33,quantile,0.3,0,2026-10-17
2026-10-10,wk inc flu hosp,1,33,quantile,0.35,0,2026-10-17
2026-10-10,wk inc flu hosp,1,33,quantile,0.4,0,2026-10-17
2026-10-10,wk inc flu hosp,1,33,quantile,0.45,0,2026-10-17
2026-10-10,wk inc flu hosp,1,33,quantile,0.5,0,2026-10-17
2026-10-10,wk inc flu hosp,1,33,quantile,0.55,0,2026-10-17
2026-10-10,wk inc flu hosp,1,33,quantile,0.6,7,2026-10-17
2026-10-10,wk inc flu hosp,1,33,quantile,0.65,7,2026-10-17
2026-10-10,wk inc flu hosp,1,33,quantile,0.7,7,2026-10-17
2026-10-10,wk inc flu hosp,1,33,quantile,0.75,7,2026-10-17
2026-10-10,wk inc flu hosp,1,33,quantile,0.8,7,2026-10-17
2026-10-10,wk inc flu hosp,1,33,quantile,0.85,7,2026-10-17
2026-10-10,wk inc flu hosp,1,33,quantile,0.9,14,2026-10-17
2026-10-10,wk inc flu hosp,1,33,quantile,0.95,14,2026-10-17
2026-10-10,wk inc flu hosp,1,33,quantile,0.975,21,2026-10-17
2026-10-10,wk inc flu hosp,1,33,quantile,0.99,28,2026-10-17
2026-10-10,wk inc flu hosp,2,33,quantile,0.01,0,2026-10-24
2026-10-10,wk inc flu hosp,2,33,quantile,0.025,0,2026-10-24
2026-10-10,wk inc flu hosp,2,33,quantile,0.05,0,2026-10-24
2026-10-10,wk inc flu hosp,2,33,quantile,0.1,0,2026-10-24
2026-10-10,wk inc flu hosp,2,33,quantile,0.15,0,2026-10-24
2026-10-10,wk inc flu hosp,2,33,quantile,0.2,0,2026-10-24
2026-10-10,wk inc flu hosp,2,33,quantile,0.25,0,2026-10-24
2026-10-10,wk inc flu hosp,2,33,quantile,0.3,0,2026-10-24
2026-10-10,wk inc flu hosp,2,33,quantile,0.35,0,2026-10-24
2026-10-10,wk inc flu hosp,2,33,quantile,0.4,0,2026-10-24
2026-10-10,wk inc flu hosp,2,33,quantile,0.45,0,2026-10-24
2026-10-10,wk inc flu hosp,2,33,quantile,0.5,0,2026-10-24
2026-10-10,wk inc flu hosp,2,33,quantile,0.55,7,2026-10-24
2026-10-10,wk inc flu hosp,2,33,quantile,0.6,7,2026-10-24
2026-10-10,wk inc flu hosp,2,33,quantile,0.65,7,2026-10-24
2026-10-10,wk inc flu hosp,2,33,quantile,0.7,7,2026-10-24
2026-10-10,wk inc flu hosp,2,33,quantile,0.75,7,2026-10-24
2026-10-10,wk inc flu hosp,2,33,quantile,0.8,7,2026-10-24
2026-10-10,wk inc flu hosp,2,33,quantile,0.85,14,2026-10-24
2026-10-10,wk inc flu hosp,2,33,quantile,0.9,14,2026-10-24
2026-10-10,wk inc flu hosp,2,33,quantile,0.95,21,2026-10-24
2026-10-10,wk inc flu hosp,2,33,quantile,0.975,28,2026-10-24
2026-10-10,wk inc flu hosp,2,33,quantile,0.99,35,2026-10-24
2026-10-10,wk inc flu hosp,3,33,quantile,0.01,0,2026-10-31
2026-10-10,wk inc flu hosp,3,33,quantile,0.025,0,2026-10-31
2026-10-10,wk inc flu hosp,3,33,quantile,0.05,0,2026-10-31
2026-10-10,wk inc flu hosp,3,33,quantile,0.1,0,2026-10-31
2026-10-10,wk inc flu hosp,3,33,quantile,0.15,0,2026-10-31
2026-10-10,wk inc flu hosp,3,33,quantile,0.2,0,2026-10-31
2026-10-10,wk inc flu hosp,3,33,quantile,0.25,0,2026-10-31
2026-10-10,wk inc flu hosp,3,33,quantile,0.3,0,2026-10-31
2026-10-10,wk inc flu hosp,3,33,quantile,0.35,0,2026-10-31
2026-10-10,wk inc flu hosp,3,33,quantile,0.4,0,2026-10-31
2026-10-10,wk inc flu hosp,3,33,quantile,0.45,0,2026-10-31
2026-10-10,wk inc flu hosp,3,33,quantile,0.5,7,2026-10-31
2026-10-10,wk inc flu hosp,3,33,quantile,0.55,7,2026-10-31
2026-10-10,wk inc flu hosp,3,33,quantile,0.6,7,2026-10-31
2026-10-10,wk inc flu hosp,3,33,quantile,0.65,7,2026-10-31
2026-10-10,wk inc flu hosp,3,33,quantile,0.7,7,2026-10-31
2026-10-10,wk inc flu hosp,3,33,quantile,0.75,9,2026-10-31
2026-10-10,wk inc flu hosp,3,33,quantile,0.8,14,2026-10-31
2026-10-10,wk inc flu hosp,3,33,quantile,0.85,14,2026-10-31
2026-10-10,wk inc flu hosp,3,33,quantile,0.9,21,2026-10-31
2026-10-10,wk inc flu hosp,3,33,quantile,0.95,28,2026-10-31
2026-10-10,wk inc flu hosp,3,33,quantile,0.975,35,2026-10-31
2026-10-10,wk inc flu hosp,3,33,quantile,0.99,49,2026-10-31
2026-10-10,wk inc flu hosp,-1,34,quantile,0.01,14,2026-10-03
2026-10-10,wk inc flu hosp,-1,34,quantile,0.025,21,2026-10-03
2026-10-10,wk inc flu hosp,-1,34,quantile,0.05,28,2026-10-03
2026-10-10,wk inc flu hosp,-1,34,quantile,0.1,35,2026-10-03
2026-10-10,wk inc flu hosp,-1,34,quantile,0.15,35,2026-10-03
2026-10-10,wk inc flu hosp,-1,34,quantile,0.2,42,2026-10-03
2026-10-10,wk inc flu hosp,-1,34,quantile,0.25,42,2026-10-03
2026-10-10,wk inc flu hosp,-1,34,quantile,0.3,49,2026-10-03
2026-10-10,wk inc flu hosp,-1,34,quantile,0.35,56,2026-10-03
2026-10-10,wk inc flu hosp,-1,34,quantile,0.4,56,2026-10-03
2026-10-10,wk inc flu hosp,-1,34,quantile,0.45,56,2026-10-03
2026-10-10,wk inc flu hosp,-1,34,quantile,0.5,63,2026-10-03
2026-10-10,wk inc flu hosp,-1,34,quantile,0.55,63,2026-10-03
2026-10-10,wk inc flu hosp,-1,34,quantile,0.6,70,2026-10-03
2026-10-10,wk inc flu hosp,-1,34,quantile,0.65,77,2026-10-03
2026-10-10,wk inc flu hosp,-1,34,quantile,0.7,77,2026-10-03
2026-10-10,wk inc flu hosp,-1,34,quantile,0.75,84,2026-10-03
2026-10-10,wk inc flu hosp,-1,34,quantile,0.8,91,2026-10-03
2026-10-10,wk inc flu hosp,-1,34,quantile,0.85,98,2026-10-03
2026-10-10,wk inc flu hosp,-1,34,quantile,0.9,105,2026-10-03
2026-10-10,wk inc flu hosp,-1,34,quantile,0.95,119,2026-10-03
2026-10-10,wk inc flu hosp,-1,34,quantile,0.975,126,2026-10-03
2026-10-10,wk inc flu hosp,-1,34,quantile,0.99,147,2026-10-03
2026-10-10,wk inc flu hosp,0,34,quantile,0.01,21,2026-10-10
2026-10-10,wk inc flu hosp,0,34,quantile,0.025,28,2026-10-10
2026-10-10,wk inc flu hosp,0,34,quantile,0.05,35,2026-10-10
2026-10-10,wk inc flu hosp,0,34,quantile,0.1,42,2026-10-10
2026-10-10,wk inc flu hosp,0,34,quantile,0.15,49,2026-10-10
2026-10-10,wk inc flu hosp,0,34,quantile,0.2,56,2026-10-10
2026-10-10,wk inc flu hosp,0,34,quantile,0.25,63,2026-10-10
2026-10-10,wk inc flu hosp,0,34,quantile,0.3,63,2026-10-10
2026-10-10,wk inc flu hosp,0,34,quantile,0.35,70,2026-10-10
2026-10-10,wk inc flu hosp,0,34,quantile,0.4,77,2026-10-10
2026-10-10,wk inc flu hosp,0,34,quantile,0.45,77,2026-10-10
2026-10-10,wk inc flu hosp,0,34,quantile,0.5,84,2026-10-10
2026-10-10,wk inc flu hosp,0,34,quantile,0.55,91,2026-10-10
2026-10-10,wk inc flu hosp,0,34,quantile,0.6,91,2026-10-10
2026-10-10,wk inc flu hosp,0,34,quantile,0.65,98,2026-10-10
2026-10-10,wk inc flu hosp,0,34,quantile,0.7,105,2026-10-10
2026-10-10,wk inc flu hosp,0,34,quantile,0.75,112,2026-10-10
2026-10-10,wk inc flu hosp,0,34,quantile,0.8,119,2026-10-10
2026-10-10,wk inc flu hosp,0,34,quantile,0.85,126,2026-10-10
2026-10-10,wk inc flu hosp,0,34,quantile,0.9,133,2026-10-10
2026-10-10,wk inc flu hosp,0,34,quantile,0.95,147,2026-10-10
2026-10-10,wk inc flu hosp,0,34,quantile,0.975,161,2026-10-10
2026-10-10,wk inc flu hosp,0,34,quantile,0.99,182,2026-10-10
2026-10-10,wk inc flu hosp,1,34,quantile,0.01,28,2026-10-17
2026-10-10,wk inc flu hosp,1,34,quantile,0.025,35,2026-10-17
2026-10-10,wk inc flu hosp,1,34,quantile,0.05,49,2026-10-17
2026-10-10,wk inc flu hosp,1,34,quantile,0.1,56,2026-10-17
2026-10-10,wk inc flu hosp,1,34,quantile,0.15,70,2026-10-17
2026-10-10,wk inc flu hosp,1,34,quantile,0.2,77,2026-10-17
2026-10-10,wk inc flu hosp,1,34,quantile,0.25,84,2026-10-17
2026-10-10,wk inc flu hosp,1,34,quantile,0.3,84,2026-10-17
2026-10-10,wk inc flu hosp,1,34,quantile,0.35,91,2026-10-17
2026-10-10,wk inc flu hosp,1,34,quantile,0.4,98,2026-10-17
2026-10-10,wk inc flu hosp,1,34,quantile,0.45,105,2026-10-17
2026-10-10,wk inc flu hosp,1,34,quantile,0.5,112,2026-10-17
2026-10-10,wk inc flu hosp,1,34,quantile,0.55,119,2026-10-17
2026-10-10,wk inc flu hosp,1,34,quantile,0.6,119,2026-10-17
2026-10-10,wk inc flu hosp,1,34,quantile,0.65,126,2026-10-17
2026-10-10,wk inc flu hosp,1,34,quantile,0.7,133,2026-10-17
2026-10-10,wk inc flu hosp,1,34,quantile,0.75,147,2026-10-17
2026-10-10,wk inc flu hosp,1,34,quantile,0.8,154,2026-10-17
2026-10-10,wk inc flu hosp,1,34,quantile,0.85,161,2026-10-17
2026-10-10,wk inc flu hosp,1,34,quantile,0.9,175,2026-10-17
2026-10-10,wk inc flu hosp,1,34,quantile,0.95,203,2026-10-17
2026-10-10,wk inc flu hosp,1,34,quantile,0.975,224,2026-10-17
2026-10-10,wk inc flu hosp,1,34,quantile,0.99,259,2026-10-17
2026-10-10,wk inc flu hosp,2,34,quantile,0.01,42,2026-10-24
2026-10-10,wk inc flu hosp,2,34,quantile,0.025,49,2026-10-24
2026-10-10,wk inc flu hosp,2,34,quantile,0.05,63,2026-10-24
2026-10-10,wk inc flu hosp,2,34,quantile,0.1,77,2026-10-24
2026-10-10,wk inc flu hosp,2,34,quantile,0.15,84,2026-10-24
2026-10-10,wk inc flu hosp,2,34,quantile,0.2,98,2026-10-24
2026-10-10,wk inc flu hosp,2,34,quantile,0.25,105,2026-10-24
2026-10-10,wk inc flu hosp,2,34,quantile,0.3,112,2026-10-24
2026-10-10,wk inc flu hosp,2,34,quantile,0.35,119,2026-10-24
2026-10-10,wk inc flu hosp,2,34,quantile,0.4,126,2026-10-24
2026-10-10,wk inc flu hosp,2,34,quantile,0.45,133,2026-10-24
2026-10-10,wk inc flu hosp,2,34,quantile,0.5,147,2026-10-24
2026-10-10,wk inc flu hosp,2,34,quantile,0.55,154,2026-10-24
2026-10-10,wk inc flu hosp,2,34,quantile,0.6,164,2026-10-24
2026-10-10,wk inc flu hosp,2,34,quantile,0.65,175,2026-10-24
2026-10-10,wk inc flu hosp,2,34,quantile,0.7,182,2026-10-24
2026-10-10,wk inc flu hosp,2,34,quantile,0.75,196,2026-10-24
2026-10-10,wk inc flu hosp,2,34,quantile,0.8,210,2026-10-24
2026-10-10,wk inc flu hosp,2,34,quantile,0.85,231,2026-10-24
2026-10-10,wk inc flu hosp,2,34,quantile,0.9,252,2026-10-24
2026-10-10,wk inc flu hosp,2,34,quantile,0.95,287,2026-10-24
2026-10-10,wk inc flu hosp,2,34,quantile,0.975,336,2026-10-24
2026-10-10,wk inc flu hosp,2,34,quantile,0.99,371,2026-10-24
2026-10-10,wk inc flu hosp,3,34,quantile,0.01,49,2026-10-31
2026-10-10,wk inc flu hosp,3,34,quantile,0.025,63,2026-10-31
2026-10-10,wk inc flu hosp,3,34,quantile,0.05,70,2026-10-31
2026-10-10,wk inc flu hosp,3,34,quantile,0.1,91,2026-10-31
2026-10-10,wk inc flu hosp,3,34,quantile,0.15,112,2026-10-31
2026-10-10,wk inc flu hosp,3,34,quantile,0.2,119,2026-10-31
2026-10-10,wk inc flu hosp,3,34,quantile,0.25,133,2026-10-31
2026-10-10,wk inc flu hosp,3,34,quantile,0.3,147,2026-10-31
2026-10-10,wk inc flu hosp,3,34,quantile,0.35,161,2026-10-31
2026-10-10,wk inc flu hosp,3,34,quantile,0.4,168,2026-10-31
2026-10-10,wk inc flu hosp,3,34,quantile,0.45,182,2026-10-31
2026-10-10,wk inc flu hosp,3,34,quantile,0.5,189,2026-10-31
2026-10-10,wk inc flu hosp,3,34,quantile,0.55,203,2026-10-31
2026-10-10,wk inc flu hosp,3,34,quantile,0.6,217,2026-10-31
2026-10-10,wk inc flu hosp,3,34,quantile,0.65,231,2026-10-31
2026-10-10,wk inc flu hosp,3,34,quantile,0.7,245,2026-10-31
2026-10-10,wk inc flu hosp,3,34,quantile,0.75,266,2026-10-31
2026-10-10,wk inc flu hosp,3,34,quantile,0.8,280,2026-10-31
2026-10-10,wk inc flu hosp,3,34,quantile,0.85,302,2026-10-31
2026-10-10,wk inc flu hosp,3,34,quantile,0.9,336,2026-10-31
2026-10-10,wk inc flu hosp,3,34,quantile,0.95,393,2026-10-31
2026-10-10,wk inc flu hosp,3,34,quantile,0.975,483,2026-10-31
2026-10-10,wk inc flu hosp,3,34,quantile,0.99,588,2026-10-31
2026-10-10,wk inc flu hosp,-1,35,quantile,0.01,0,2026-10-03
2026-10-10,wk inc flu hosp,-1,35,quantile,0.025,0,2026-10-03
2026-10-10,wk inc flu hosp,-1,35,quantile,0.05,0,2026-10-03
2026-10-10,wk inc flu hosp,-1,35,quantile,0.1,0,2026-10-03
2026-10-10,wk inc flu hosp,-1,35,quantile,0.15,0,2026-10-03
2026-10-10,wk inc flu hosp,-1,35,quantile,0.2,0,2026-10-03
2026-10-10,wk inc flu hosp,-1,35,quantile,0.25,0,2026-10-03
2026-10-10,wk inc flu hosp,-1,35,quantile,0.3,0,2026-10-03
2026-10-10,wk inc flu hosp,-1,35,quantile,0.35,0,2026-10-03
2026-10-10,wk inc flu hosp,-1,35,quantile,0.4,0,2026-10-03
2026-10-10,wk inc flu hosp,-1,35,quantile,0.45,0,2026-10-03
2026-10-10,wk inc flu hosp,-1,35,quantile,0.5,0,2026-10-03
2026-10-10,wk inc flu hosp,-1,35,quantile,0.55,7,2026-10-03
2026-10-10,wk inc flu hosp,-1,35,quantile,0.6,7,2026-10-03
2026-10-10,wk inc flu hosp,-1,35,quantile,0.65,7,2026-10-03
2026-10-10,wk inc flu hosp,-1,35,quantile,0.7,7,2026-10-03
2026-10-10,wk inc flu hosp,-1,35,quantile,0.75,7,2026-10-03
2026-10-10,wk inc flu hosp,-1,35,quantile,0.8,7,2026-10-03
2026-10-10,wk inc flu hosp,-1,35,quantile,0.85,14,2026-10-03
2026-10-10,wk inc flu hosp,-1,35,quantile,0.9,14,2026-10-03
2026-10-10,wk inc flu hosp,-1,35,quantile,0.95,14,2026-10-03
2026-10-10,wk inc flu hosp,-1,35,quantile,0.975,21,2026-10-03
2026-10-10,wk inc flu hosp,-1,35,quantile,0.99,28,2026-10-03
2026-10-10,wk inc flu hosp,0,35,quantile,0.01,0,2026-10-10
2026-10-10,wk inc flu hosp,0,35,quantile,0.025,0,2026-10-10
2026-10-10,wk inc flu hosp,0,35,quantile,0.05,0,2026-10-10
2026-10-10,wk inc flu hosp,0,35,quantile,0.1,0,2026-10-10
2026-10-10,wk inc flu hosp,0,35,quantile,0.15,0,2026-10-10
2026-10-10,wk inc flu hosp,0,35,quantile,0.2,0,2026-10-10
2026-10-10,wk inc flu hosp,0,35,quantile,0.25,0,2026-10-10
2026-10-10,wk inc flu hosp,0,35,quantile,0.3,0,2026-10-10
2026-10-10,wk inc flu hosp,0,35,quantile,0.35,0,2026-10-10
2026-10-10,wk inc flu hosp,0,35,quantile,0.4,0,2026-10-10
2026-10-10,wk inc flu hosp,0,35,quantile,0.45,7,2026-10-10
2026-10-10,wk inc flu hosp,0,35,quantile,0.5,7,2026-10-10
2026-10-10,wk inc flu hosp,0,35,quantile,0.55,7,2026-10-10
2026-10-10,wk inc flu hosp,0,35,quantile,0.6,7,2026-10-10
2026-10-10,wk inc flu hosp,0,35,quantile,0.65,7,2026-10-10
2026-10-10,wk inc flu hosp,0,35,quantile,0.7,7,2026-10-10
2026-10-10,wk inc flu hosp,0,35,quantile,0.75,7,2026-10-10
2026-10-10,wk inc flu hosp,0,35,quantile,0.8,14,2026-10-10
2026-10-10,wk inc flu hosp,0,35,quantile,0.85,14,2026-10-10
2026-10-10,wk inc flu hosp,0,35,quantile,0.9,14,2026-10-10
2026-10-10,wk inc flu hosp,0,35,quantile,0.95,21,2026-10-10
2026-10-10,wk inc flu hosp,0,35,quantile,0.975,28,2026-10-10
2026-10-10,wk inc flu hosp,0,35,quantile,0.99,28,2026-10-10
2026-10-10,wk inc flu hosp,1,35,quantile,0.01,0,2026-10-17
2026-10-10,wk inc flu hosp,1,35,quantile,0.025,0,2026-10-17
2026-10-10,wk inc flu hosp,1,35,quantile,0.05,0,2026-10-17
2026-10-10,wk inc flu hosp,1,35,quantile,0.1,0,2026-10-17
2026-10-10,wk inc flu hosp,1,35,quantile,0.15,0,2026-10-17
2026-10-10,wk inc flu hosp,1,35,quantile,0.2,0,2026-10-17
2026-10-10,wk inc flu hosp,1,35,quantile,0.25,0,2026-10-17
2026-10-10,wk inc flu hosp,1,35,quantile,0.3,0,2026-10-17
2026-10-10,wk inc flu hosp,1,35,quantile,0.35,0,2026-10-17
2026-10-10,wk inc flu hosp,1,35,quantile,0.4,7,2026-10-17
2026-10-10,wk inc flu hosp,1,35,quantile,0.45,7,2026-10-17
2026-10-10,wk inc flu hosp,1,35,quantile,0.5,7,2026-10-17
2026-10-10,wk inc flu hosp,1,35,quantile,0.55,7,2026-10-17
2026-10-10,wk inc flu hosp,1,35,quantile,0.6,7,2026-10-17
2026-10-10,wk inc flu hosp,1,35,quantile,0.65,7,2026-10-17
2026-10-10,wk inc flu hosp,1,35,quantile,0.7,14,2026-10-17
2026-10-10,wk inc flu hosp,1,35,quantile,0.75,14,2026-10-17
2026-10-10,wk inc flu hosp,1,35,quantile,0.8,14,2026-10-17
2026-10-10,wk inc flu hosp,1,35,quantile,0.85,14,2026-10-17
2026-10-10,wk inc flu hosp,1,35,quantile,0.9,21,2026-10-17
2026-10-10,wk inc flu hosp,1,35,quantile,0.95,28,2026-10-17
2026-10-10,wk inc flu hosp,1,35,quantile,0.975,28,2026-10-17
2026-10-10,wk inc flu hosp,1,35,quantile,0.99,35,2026-10-17
2026-10-10,wk inc flu hosp,2,35,quantile,0.01,0,2026-10-24
2026-10-10,wk inc flu hosp,2,35,quantile,0.025,0,2026-10-24
2026-10-10,wk inc flu hosp,2,35,quantile,0.05,0,2026-10-24
2026-10-10,wk inc flu hosp,2,35,quantile,0.1,0,2026-10-24
2026-10-10,wk inc flu hosp,2,35,quantile,0.15,0,2026-10-24
2026-10-10,wk inc flu hosp,2,35,quantile,0.2,0,2026-10-24
2026-10-10,wk inc flu hosp,2,35,quantile,0.25,0,2026-10-24
2026-10-10,wk inc flu hosp,2,35,quantile,0.3,0,2026-10-24
2026-10-10,wk inc flu hosp,2,35,quantile,0.35,7,2026-10-24
2026-10-10,wk inc flu hosp,2,35,quantile,0.4,7,2026-10-24
2026-10-10,wk inc flu hosp,2,35,quantile,0.45,7,2026-10-24
2026-10-10,wk inc flu hosp,2,35,quantile,0.5,7,2026-10-24
2026-10-10,wk inc flu hosp,2,35,quantile,0.55,7,2026-10-24
2026-10-10,wk inc flu hosp,2,35,quantile,0.6,7,2026-10-24
2026-10-10,wk inc flu hosp,2,35,quantile,0.65,14,2026-10-24
2026-10-10,wk inc flu hosp,2,35,quantile,0.7,14,2026-10-24
2026-10-10,wk inc flu hosp,2,35,quantile,0.75,14,2026-10-24
2026-10-10,wk inc flu hosp,2,35,quantile,0.8,14,2026-10-24
2026-10-10,wk inc flu hosp,2,35,quantile,0.85,21,2026-10-24
2026-10-10,wk inc flu hosp,2,35,quantile,0.9,21,2026-10-24
2026-10-10,wk inc flu hosp,2,35,quantile,0.95,28,2026-10-24
2026-10-10,wk inc flu hosp,2,35,quantile,0.975,35,2026-10-24
2026-10-10,wk inc flu hosp,2,35,quantile,0.99,42,2026-10-24
2026-10-10,wk inc flu hosp,3,35,quantile,0.01,0,2026-10-31
2026-10-10,wk inc flu hosp,3,35,quantile,0.025,0,2026-10-31
2026-10-10,wk inc flu hosp,3,35,quantile,0.05,0,2026-10-31
2026-10-10,wk inc flu hosp,3,35,quantile,0.1,0,2026-10-31
2026-10-10,wk inc flu hosp,3,35,quantile,0.15,0,2026-10-31
2026-10-10,wk inc flu hosp,3,35,quantile,0.2,0,2026-10-31
2026-10-10,wk inc flu hosp,3,35,quantile,0.25,0,2026-10-31
2026-10-10,wk inc flu hosp,3,35,quantile,0.3,7,2026-10-31
2026-10-10,wk inc flu hosp,3,35,quantile,0.35,7,2026-10-31
2026-10-10,wk inc flu hosp,3,35,quantile,0.4,7,2026-10-31
2026-10-10,wk inc flu hosp,3,35,quantile,0.45,7,2026-10-31
2026-10-10,wk inc flu hosp,3,35,quantile,0.5,7,2026-10-31
2026-10-10,wk inc flu hosp,3,35,quantile,0.55,7,2026-10-31
2026-10-10,wk inc flu hosp,3,35,quantile,0.6,14,2026-10-31
2026-10-10,wk inc flu hosp,3,35,quantile,0.65,14,2026-10-31
2026-10-10,wk inc flu hosp,3,35,quantile,0.7,14,2026-10-31
2026-10-10,wk inc flu hosp,3,35,quantile,0.75,21,2026-10-31
2026-10-10,wk inc flu hosp,3,35,quantile,0.8,21,2026-10-31
2026-10-10,wk inc flu hosp,3,35,quantile,0.85,21,2026-10-31
2026-10-10,wk inc flu hosp,3,35,quantile,0.9,28,2026-10-31
2026-10-10,wk inc flu hosp,3,35,quantile,0.95,35,2026-10-31
2026-10-10,wk inc flu hosp,3,35,quantile,0.975,42,2026-10-31
2026-10-10,wk inc flu hosp,3,35,quantile,0.99,56,2026-10-31
2026-10-10,wk inc flu hosp,-1,36,quantile,0.01,56,2026-10-03
2026-10-10,wk inc flu hosp,-1,36,quantile,0.025,63,2026-10-03
2026-10-10,wk inc flu hosp,-1,36,quantile,0.05,77,2026-10-03
2026-10-10,wk inc flu hosp,-1,36,quantile,0.1,91,2026-10-03
2026-10-10,wk inc flu hosp,-1,36,quantile,0.15,98,2026-10-03
2026-10-10,wk inc flu hosp,-1,36,quantile,0.2,105,2026-10-03
2026-10-10,wk inc flu hosp,-1,36,quantile,0.25,105,2026-10-03
2026-10-10,wk inc flu hosp,-1,36,quantile,0.3,112,2026-10-03
2026-10-10,wk inc flu hosp,-1,36,quantile,0.35,119,2026-10-03
2026-10-10,wk inc flu hosp,-1,36,quantile,0.4,126,2026-10-03
2026-10-10,wk inc flu hosp,-1,36,quantile,0.45,133,2026-10-03
2026-10-10,wk inc flu hosp,-1,36,quantile,0.5,140,2026-10-03
2026-10-10,wk inc flu hosp,-1,36,quantile,0.55,147,2026-10-03
2026-10-10,wk inc flu hosp,-1,36,quantile,0.6,147,2026-10-03
2026-10-10,wk inc flu hosp,-1,36,quantile,0.65,154,2026-10-03
2026-10-10,wk inc flu hosp,-1,36,quantile,0.7,168,2026-10-03
2026-10-10,wk inc flu hosp,-1,36,quantile,0.75,175,2026-10-03
2026-10-10,wk inc flu hosp,-1,36,quantile,0.8,182,2026-10-03
2026-10-10,wk inc flu hosp,-1,36,quantile,0.85,189,2026-10-03
2026-10-10,wk inc flu hosp,-1,36,quantile,0.9,204,2026-10-03
2026-10-10,wk inc flu hosp,-1,36,quantile,0.95,231,2026-10-03
2026-10-10,wk inc flu hosp,-1,36,quantile,0.975,252,2026-10-03
2026-10-10,wk inc flu hosp,-1,36,quantile,0.99,273,2026-10-03
2026-10-10,wk inc flu hosp,0,36,quantile,0.01,84,2026-10-10
2026-10-10,wk inc flu hosp,0,36,quantile,0.025,98,2026-10-10
2026-10-10,wk inc flu hosp,0,36,quantile,0.05,112,2026-10-10
2026-10-10,wk inc flu hosp,0,36,quantile,0.1,126,2026-10-10
2026-10-10,wk inc flu hosp,0,36,quantile,0.15,133,2026-10-10
2026-10-10,wk inc flu hosp,0,36,quantile,0.2,147,2026-10-10
2026-10-10,wk inc flu hosp,0,36,quantile,0.25,154,2026-10-10
2026-10-10,wk inc flu hosp,0,36,quantile,0.3,161,2026-10-10
2026-10-10,wk inc flu hosp,0,36,quantile,0.35,175,2026-10-10
2026-10-10,wk inc flu hosp,0,36,quantile,0.4,182,2026-10-10
2026-10-10,wk inc flu hosp,0,36,quantile,0.45,189,2026-10-10
2026-10-10,wk inc flu hosp,0,36,quantile,0.5,196,2026-10-10
2026-10-10,wk inc flu hosp,0,36,quantile,0.55,203,2026-10-10
2026-10-10,wk inc flu hosp,0,36,quantile,0.6,210,2026-10-10
2026-10-10,wk inc flu hosp,0,36,quantile,0.65,217,2026-10-10
2026-10-10,wk inc flu hosp,0,36,quantile,0.7,231,2026-10-10
2026-10-10,wk inc flu hosp,0,36,quantile,0.75,245,2026-10-10
2026-10-10,wk inc flu hosp,0,36,quantile,0.8,252,2026-10-10
2026-10-10,wk inc flu hosp,0,36,quantile,0.85,266,2026-10-10
2026-10-10,wk inc flu hosp,0,36,quantile,0.9,287,2026-10-10
2026-10-10,wk inc flu hosp,0,36,quantile,0.95,322,2026-10-10
2026-10-10,wk inc flu hosp,0,36,quantile,0.975,350,2026-10-10
2026-10-10,wk inc flu hosp,0,36,quantile,0.99,399,2026-10-10
2026-10-10,wk inc flu hosp,1,36,quantile,0.01,98,2026-10-17
2026-10-10,wk inc flu hosp,1,36,quantile,0.025,126,2026-10-17
2026-10-10,wk inc flu hosp,1,36,quantile,0.05,147,2026-10-17
2026-10-10,wk inc flu hosp,1,36,quantile,0.1,168,2026-10-17
2026-10-10,wk inc flu hosp,1,36,quantile,0.15,182,2026-10-17
2026-10-10,wk inc flu hosp,1,36,quantile,0.2,196,2026-10-17
2026-10-10,wk inc flu hosp,1,36,quantile,0.25,217,2026-10-17
2026-10-10,wk inc flu hosp,1,36,quantile,0.3,231,2026-10-17
2026-10-10,wk inc flu hosp,1,36,quantile,0.35,238,2026-10-17
2026-10-10,wk inc flu hosp,1,36,quantile,0.4,252,2026-10-17
2026-10-10,wk inc flu hosp,1,36,quantile,0.45,266,2026-10-17
2026-10-10,wk inc flu hosp,1,36,quantile,0.5,273,2026-10-17
2026-10-10,wk inc flu hosp,1,36,quantile,0.55,287,2026-10-17
2026-10-10,wk inc flu hosp,1,36,quantile,0.6,301,2026-10-17
2026-10-10,wk inc flu hosp,1,36,quantile,0.65,315,2026-10-17
2026-10-10,wk inc flu hosp,1,36,quantile,0.7,329,2026-10-17
2026-10-10,wk inc flu hosp,1,36,quantile,0.75,343,2026-10-17
2026-10-10,wk inc flu hosp,1,36,quantile,0.8,364,2026-10-17
2026-10-10,wk inc flu hosp,1,36,quantile,0.85,385,2026-10-17
2026-10-10,wk inc flu hosp,1,36,quantile,0.9,413,2026-10-17
2026-10-10,wk inc flu hosp,1,36,quantile,0.95,462,2026-10-17
2026-10-10,wk inc flu hosp,1,36,quantile,0.975,497,2026-10-17
2026-10-10,wk inc flu hosp,1,36,quantile,0.99,546,2026-10-17
2026-10-10,wk inc flu hosp,2,36,quantile,0.01,126,2026-10-24
2026-10-10,wk inc flu hosp,2,36,quantile,0.025,154,2026-10-24
2026-10-10,wk inc flu hosp,2,36,quantile,0.05,175,2026-10-24
2026-10-10,wk inc flu hosp,2,36,quantile,0.1,203,2026-10-24
2026-10-10,wk inc flu hosp,2,36,quantile,0.15,231,2026-10-24
2026-10-10,wk inc flu hosp,2,36,quantile,0.2,252,2026-10-24
2026-10-10,wk inc flu hosp,2,36,quantile,0.25,273,2026-10-24
2026-10-10,wk inc flu hosp,2,36,quantile,0.3,287,2026-10-24
2026-10-10,wk inc flu hosp,2,36,quantile,0.35,308,2026-10-24
2026-10-10,wk inc flu hosp,2,36,quantile,0.4,329,2026-10-24
2026-10-10,wk inc flu hosp,2,36,quantile,0.45,343,2026-10-24
2026-10-10,wk inc flu hosp,2,36,quantile,0.5,364,2026-10-24
2026-10-10,wk inc flu hosp,2,36,quantile,0.55,378,2026-10-24
2026-10-10,wk inc flu hosp,2,36,quantile,0.6,399,2026-10-24
2026-10-10,wk inc flu hosp,2,36,quantile,0.65,420,2026-10-24
2026-10-10,wk inc flu hosp,2,36,quantile,0.7,448,2026-10-24
2026-10-10,wk inc flu hosp,2,36,quantile,0.75,469,2026-10-24
2026-10-10,wk inc flu hosp,2,36,quantile,0.8,497,2026-10-24
2026-10-10,wk inc flu hosp,2,36,quantile,0.85,532,2026-10-24
2026-10-10,wk inc flu hosp,2,36,quantile,0.9,581,2026-10-24
2026-10-10,wk inc flu hosp,2,36,quantile,0.95,679,2026-10-24
2026-10-10,wk inc flu hosp,2,36,quantile,0.975,749,2026-10-24
2026-10-10,wk inc flu hosp,2,36,quantile,0.99,833,2026-10-24
2026-10-10,wk inc flu hosp,3,36,quantile,0.01,154,2026-10-31
2026-10-10,wk inc flu hosp,3,36,quantile,0.025,189,2026-10-31
2026-10-10,wk inc flu hosp,3,36,quantile,0.05,231,2026-10-31
2026-10-10,wk inc flu hosp,3,36,quantile,0.1,266,2026-10-31
2026-10-10,wk inc flu hosp,3,36,quantile,0.15,301,2026-10-31
2026-10-10,wk inc flu hosp,3,36,quantile,0.2,329,2026-10-31
2026-10-10,wk inc flu hosp,3,36,quantile,0.25,357,2026-10-31
2026-10-10,wk inc flu hosp,3,36,quantile,0.3,385,2026-10-31
2026-10-10,wk inc flu hosp,3,36,quantile,0.35,406,2026-10-31
2026-10-10,wk inc flu hosp,3,36,quantile,0.4,434,2026-10-31
2026-10-10,wk inc flu hosp,3,36,quantile,0.45,462,2026-10-31
2026-10-10,wk inc flu hosp,3,36,quantile,0.5,483,2026-10-31
2026-10-10,wk inc flu hosp,3,36,quantile,0.55,518,2026-10-31
2026-10-10,wk inc flu hosp,3,36,quantile,0.6,553,2026-10-31
2026-10-10,wk inc flu hosp,3,36,quantile,0.65,581,2026-10-31
2026-10-10,wk inc flu hosp,3,36,quantile,0.7,623,2026-10-31
2026-10-10,wk inc flu hosp,3,36,quantile,0.75,665,2026-10-31
2026-10-10,wk inc flu hosp,3,36,quantile,0.8,707,2026-10-31
2026-10-10,wk inc flu hosp,3,36,quantile,0.85,784,2026-10-31
2026-10-10,wk inc flu hosp,3,36,quantile,0.9,869,2026-10-31
2026-10-10,wk inc flu hosp,3,36,quantile,0.95,994,2026-10-31
2026-10-10,wk inc flu hosp,3,36,quantile,0.975,1169,2026-10-31
2026-10-10,wk inc flu hosp,3,36,quantile,0.99,1295,2026-10-31
2026-10-10,wk inc flu hosp,-1,37,quantile,0.01,7,2026-10-03
2026-10-10,wk inc flu hosp,-1,37,quantile,0.025,14,2026-10-03
2026-10-10,wk inc flu hosp,-1,37,quantile,0.05,21,2026-10-03
2026-10-10,wk inc flu hosp,-1,37,quantile,0.1,28,2026-10-03
2026-10-10,wk inc flu hosp,-1,37,quantile,0.15,35,2026-10-03
2026-10-10,wk inc flu hosp,-1,37,quantile,0.2,35,2026-10-03
2026-10-10,wk inc flu hosp,-1,37,quantile,0.25,42,2026-10-03
2026-10-10,wk inc flu hosp,-1,37,quantile,0.3,42,2026-10-03
2026-10-10,wk inc flu hosp,-1,37,quantile,0.35,49,2026-10-03
2026-10-10,wk inc flu hosp,-1,37,quantile,0.4,49,2026-10-03
2026-10-10,wk inc flu hosp,-1,37,quantile,0.45,56,2026-10-03
2026-10-10,wk inc flu hosp,-1,37,quantile,0.5,56,2026-10-03
2026-10-10,wk inc flu hosp,-1,37,quantile,0.55,63,2026-10-03
2026-10-10,wk inc flu hosp,-1,37,quantile,0.6,63,2026-10-03
2026-10-10,wk inc flu hosp,-1,37,quantile,0.65,70,2026-10-03
2026-10-10,wk inc flu hosp,-1,37,quantile,0.7,70,2026-10-03
2026-10-10,wk inc flu hosp,-1,37,quantile,0.75,77,2026-10-03
2026-10-10,wk inc flu hosp,-1,37,quantile,0.8,84,2026-10-03
2026-10-10,wk inc flu hosp,-1,37,quantile,0.85,84,2026-10-03
2026-10-10,wk inc flu hosp,-1,37,quantile,0.9,91,2026-10-03
2026-10-10,wk inc flu hosp,-1,37,quantile,0.95,105,2026-10-03
2026-10-10,wk inc flu hosp,-1,37,quantile,0.975,119,2026-10-03
2026-10-10,wk inc flu hosp,-1,37,quantile,0.99,133,2026-10-03
2026-10-10,wk inc flu hosp,0,37,quantile,0.01,21,2026-10-10
2026-10-10,wk inc flu hosp,0,37,quantile,0.025,28,2026-10-10
2026-10-10,wk inc flu hosp,0,37,quantile,0.05,35,2026-10-10
2026-10-10,wk inc flu hosp,0,37,quantile,0.1,42,2026-10-10
2026-10-10,wk inc flu hosp,0,37,quantile,0.15,49,2026-10-10
2026-10-10,wk inc flu hosp,0,37,quantile,0.2,56,2026-10-10
2026-10-10,wk inc flu hosp,0,37,quantile,0.25,56,2026-10-10
2026-10-10,wk inc flu hosp,0,37,quantile,0.3,63,2026-10-10
2026-10-10,wk inc flu hosp,0,37,quantile,0.35,70,2026-10-10
2026-10-10,wk inc flu hosp,0,37,quantile,0.4,77,2026-10-10
2026-10-10,wk inc flu hosp,0,37,quantile,0.45,77,2026-10-10
2026-10-10,wk inc flu hosp,0,37,quantile,0.5,84,2026-10-10
2026-10-10,wk inc flu hosp,0,37,quantile,0.55,84,2026-10-10
2026-10-10,wk inc flu hosp,0,37,quantile,0.6,91,2026-10-10
2026-10-10,wk inc flu hosp,0,37,quantile,0.65,98,2026-10-10
2026-10-10,wk inc flu hosp,0,37,quantile,0.7,105,2026-10-10
2026-10-10,wk inc flu hosp,0,37,quantile,0.75,105,2026-10-10
2026-10-10,wk inc flu hosp,0,37,quantile,0.8,119,2026-10-10
2026-10-10,wk inc flu hosp,0,37,quantile,0.85,126,2026-10-10
2026-10-10,wk inc flu hosp,0,37,quantile,0.9,140,2026-10-10
2026-10-10,wk inc flu hosp,0,37,quantile,0.95,161,2026-10-10
2026-10-10,wk inc flu hosp,0,37,quantile,0.975,168,2026-10-10
2026-10-10,wk inc flu hosp,0,37,quantile,0.99,189,2026-10-10
2026-10-10,wk inc flu hosp,1,37,quantile,0.01,28,2026-10-17
2026-10-10,wk inc flu hosp,1,37,quantile,0.025,35,2026-10-17
2026-10-10,wk inc flu hosp,1,37,quantile,0.05,49,2026-10-17
2026-10-10,wk inc flu hosp,1,37,quantile,0.1,56,2026-10-17
2026-10-10,wk inc flu hosp,1,37,quantile,0.15,70,2026-10-17
2026-10-10,wk inc flu hosp,1,37,quantile,0.2,77,2026-10-17
2026-10-10,wk inc flu hosp,1,37,quantile,0.25,84,2026-10-17
2026-10-10,wk inc flu hosp,1,37,quantile,0.3,91,2026-10-17
2026-10-10,wk inc flu hosp,1,37,quantile,0.35,91,2026-10-17
2026-10-10,wk inc flu hosp,1,37,quantile,0.4,98,2026-10-17
2026-10-10,wk inc flu hosp,1,37,quantile,0.45,105,2026-10-17
2026-10-10,wk inc flu hosp,1,37,quantile,0.5,112,2026-10-17
2026-10-10,wk inc flu hosp,1,37,quantile,0.55,119,2026-10-17
2026-10-10,wk inc flu hosp,1,37,quantile,0.6,126,2026-10-17
2026-10-10,wk inc flu hosp,1,37,quantile,0.65,133,2026-10-17
2026-10-10,wk inc flu hosp,1,37,quantile,0.7,140,2026-10-17
2026-10-10,wk inc flu hosp,1,37,quantile,0.75,147,2026-10-17
2026-10-10,wk inc flu hosp,1,37,quantile,0.8,154,2026-10-17
2026-10-10,wk inc flu hosp,1,37,quantile,0.85,168,2026-10-17
2026-10-10,wk inc flu hosp,1,37,quantile,0.9,182,2026-10-17
2026-10-10,wk inc flu hosp,1,37,quantile,0.95,203,2026-10-17
2026-10-10,wk inc flu hosp,1,37,quantile,0.975,224,2026-10-17
2026-10-10,wk inc flu hosp,1,37,quantile,0.99,245,2026-10-17
2026-10-10,wk inc flu hosp,2,37,quantile,0.01,35,2026-10-24
2026-10-10,wk inc flu hosp,2,37,quantile,0.025,42,2026-10-24
2026-10-10,wk inc flu hosp,2,37,quantile,0.05,49,2026-10-24
2026-10-10,wk inc flu hosp,2,37,quantile,0.1,63,2026-10-24
2026-10-10,wk inc flu hosp,2,37,quantile,0.15,70,2026-10-24
2026-10-10,wk inc flu hosp,2,37,quantile,0.2,77,2026-10-24
2026-10-10,wk inc flu hosp,2,37,quantile,0.25,84,2026-10-24
2026-10-10,wk inc flu hosp,2,37,quantile,0.3,91,2026-10-24
2026-10-10,wk inc flu hosp,2,37,quantile,0.35,98,2026-10-24
2026-10-10,wk inc flu hosp,2,37,quantile,0.4,105,2026-10-24
2026-10-10,wk inc flu hosp,2,37,quantile,0.45,112,2026-10-24
2026-10-10,wk inc flu hosp,2,37,quantile,0.5,119,2026-10-24
2026-10-10,wk inc flu hosp,2,37,quantile,0.55,126,2026-10-24
2026-10-10,wk inc flu hosp,2,37,quantile,0.6,133,2026-10-24
2026-10-10,wk inc flu hosp,2,37,quantile,0.65,140,2026-10-24
2026-10-10,wk inc flu hosp,2,37,quantile,0.7,147,2026-10-24
2026-10-10,wk inc flu hosp,2,37,quantile,0.75,156,2026-10-24
2026-10-10,wk inc flu hosp,2,37,quantile,0.8,168,2026-10-24
2026-10-10,wk inc flu hosp,2,37,quantile,0.85,182,2026-10-24
2026-10-10,wk inc flu hosp,2,37,quantile,0.9,203,2026-10-24
2026-10-10,wk inc flu hosp,2,37,quantile,0.95,231,2026-10-24
2026-10-10,wk inc flu hosp,2,37,quantile,0.975,259,2026-10-24
2026-10-10,wk inc flu hosp,2,37,quantile,0.99,308,2026-10-24
2026-10-10,wk inc flu hosp,3,37,quantile,0.01,28,2026-10-31
2026-10-10,wk inc flu hosp,3,37,quantile,0.025,35,2026-10-31
2026-10-10,wk inc flu hosp,3,37,quantile,0.05,49,2026-10-31
2026-10-10,wk inc flu hosp,3,37,quantile,0.1,63,2026-10-31
2026-10-10,wk inc flu hosp,3,37,quantile,0.15,70,2026-10-31
2026-10-10,wk inc flu hosp,3,37,quantile,0.2,84,2026-10-31
2026-10-10,wk inc flu hosp,3,37,quantile,0.25,91,2026-10-31
2026-10-10,wk inc flu hosp,3,37,quantile,0.3,98,2026-10-31
2026-10-10,wk inc flu hosp,3,37,quantile,0.35,105,2026-10-31
2026-10-10,wk inc flu hosp,3,37,quantile,0.4,112,2026-10-31
2026-10-10,wk inc flu hosp,3,37,quantile,0.45,119,2026-10-31
2026-10-10,wk inc flu hosp,3,37,quantile,0.5,133,2026-10-31
2026-10-10,wk inc flu hosp,3,37,quantile,0.55,140,2026-10-31
2026-10-10,wk inc flu hosp,3,37,quantile,0.6,147,2026-10-31
2026-10-10,wk inc flu hosp,3,37,quantile,0.65,154,2026-10-31
2026-10-10,wk inc flu hosp,3,37,quantile,0.7,161,2026-10-31
2026-10-10,wk inc flu hosp,3,37,quantile,0.75,175,2026-10-31
2026-10-10,wk inc flu hosp,3,37,quantile,0.8,189,2026-10-31
2026-10-10,wk inc flu hosp,3,37,quantile,0.85,203,2026-10-31
2026-10-10,wk inc flu hosp,3,37,quantile,0.9,231,2026-10-31
2026-10-10,wk inc flu hosp,3,37,quantile,0.95,266,2026-10-31
2026-10-10,wk inc flu hosp,3,37,quantile,0.975,287,2026-10-31
2026-10-10,wk inc flu hosp,3,37,quantile,0.99,322,2026-10-31
2026-10-10,wk inc flu hosp,-1,38,quantile,0.01,0,2026-10-03
2026-10-10,wk inc flu hosp,-1,38,quantile,0.025,0,2026-10-03
2026-10-10,wk inc flu hosp,-1,38,quantile,0.05,0,2026-10-03
2026-10-10,wk inc flu hosp,-1,38,quantile,0.1,0,2026-10-03
2026-10-10,wk inc flu hosp,-1,38,quantile,0.15,0,2026-10-03
2026-10-10,wk inc flu hosp,-1,38,quantile,0.2,0,2026-10-03
2026-10-10,wk inc flu hosp,-1,38,quantile,0.25,0,2026-10-03
2026-10-10,wk inc flu hosp,-1,38,quantile,0.3,0,2026-10-03
2026-10-10,wk inc flu hosp,-1,38,quantile,0.35,0,2026-10-03
2026-10-10,wk inc flu hosp,-1,38,quantile,0.4,0,2026-10-03
2026-10-10,wk inc flu hosp,-1,38,quantile,0.45,0,2026-10-03
2026-10-10,wk inc flu hosp,-1,38,quantile,0.5,0,2026-10-03
2026-10-10,wk inc flu hosp,-1,38,quantile,0.55,0,2026-10-03
2026-10-10,wk inc flu hosp,-1,38,quantile,0.6,0,2026-10-03
2026-10-10,wk inc flu hosp,-1,38,quantile,0.65,0,2026-10-03
2026-10-10,wk inc flu hosp,-1,38,quantile,0.7,0,2026-10-03
2026-10-10,wk inc flu hosp,-1,38,quantile,0.75,7,2026-10-03
2026-10-10,wk inc flu hosp,-1,38,quantile,0.8,7,2026-10-03
2026-10-10,wk inc flu hosp,-1,38,quantile,0.85,7,2026-10-03
2026-10-10,wk inc flu hosp,-1,38,quantile,0.9,7,2026-10-03
2026-10-10,wk inc flu hosp,-1,38,quantile,0.95,7,2026-10-03
2026-10-10,wk inc flu hosp,-1,38,quantile,0.975,14,2026-10-03
2026-10-10,wk inc flu hosp,-1,38,quantile,0.99,14,2026-10-03
2026-10-10,wk inc flu hosp,0,38,quantile,0.01,0,2026-10-10
2026-10-10,wk inc flu hosp,0,38,quantile,0.025,0,2026-10-10
2026-10-10,wk inc flu hosp,0,38,quantile,0.05,0,2026-10-10
2026-10-10,wk inc flu hosp,0,38,quantile,0.1,0,2026-10-10
2026-10-10,wk inc flu hosp,0,38,quantile,0.15,0,2026-10-10
2026-10-10,wk inc flu hosp,0,38,quantile,0.2,0,2026-10-10
2026-10-10,wk inc flu hosp,0,38,quantile,0.25,0,2026-10-10
2026-10-10,wk inc flu hosp,0,38,quantile,0.3,0,2026-10-10
2026-10-10,wk inc flu hosp,0,38,quantile,0.35,0,2026-10-10
2026-10-10,wk inc flu hosp,0,38,quantile,0.4,0,2026-10-10
2026-10-10,wk inc flu hosp,0,38,quantile,0.45,0,2026-10-10
2026-10-10,wk inc flu hosp,0,38,quantile,0.5,0,2026-10-10
2026-10-10,wk inc flu hosp,0,38,quantile,0.55,0,2026-10-10
2026-10-10,wk inc flu hosp,0,38,quantile,0.6,0,2026-10-10
2026-10-10,wk inc flu hosp,0,38,quantile,0.65,0,2026-10-10
2026-10-10,wk inc flu hosp,0,38,quantile,0.7,7,2026-10-10
2026-10-10,wk inc flu hosp,0,38,quantile,0.75,7,2026-10-10
2026-10-10,wk inc flu hosp,0,38,quantile,0.8,7,2026-10-10
2026-10-10,wk inc flu hosp,0,38,quantile,0.85,7,2026-10-10
2026-10-10,wk inc flu hosp,0,38,quantile,0.9,7,2026-10-10
2026-10-10,wk inc flu hosp,0,38,quantile,0.95,14,2026-10-10
2026-10-10,wk inc flu hosp,0,38,quantile,0.975,14,2026-10-10
2026-10-10,wk inc flu hosp,0,38,quantile,0.99,21,2026-10-10
2026-10-10,wk inc flu hosp,1,38,quantile,0.01,0,2026-10-17
2026-10-10,wk inc flu hosp,1,38,quantile,0.025,0,2026-10-17
2026-10-10,wk inc flu hosp,1,38,quantile,0.05,0,2026-10-17
2026-10-10,wk inc flu hosp,1,38,quantile,0.1,0,2026-10-17
2026-10-10,wk inc flu hosp,1,38,quantile,0.15,0,2026-10-17
2026-10-10,wk inc flu hosp,1,38,quantile,0.2,0,2026-10-17
2026-10-10,wk inc flu hosp,1,38,quantile,0.25,0,2026-10-17
2026-10-10,wk inc flu hosp,1,38,quantile,0.3,0,2026-10-17
2026-10-10,wk inc flu hosp,1,38,quantile,0.35,0,2026-10-17
2026-10-10,wk inc flu hosp,1,38,quantile,0.4,0,2026-10-17
2026-10-10,wk inc flu hosp,1,38,quantile,0.45,0,2026-10-17
2026-10-10,wk inc flu hosp,1,38,quantile,0.5,0,2026-10-17
2026-10-10,wk inc flu hosp,1,38,quantile,0.55,0,2026-10-17
2026-10-10,wk inc flu hosp,1,38,quantile,0.6,0,2026-10-17
2026-10-10,wk inc flu hosp,1,38,quantile,0.65,7,2026-10-17
2026-10-10,wk inc flu hosp,1,38,quantile,0.7,7,2026-10-17
2026-10-10,wk inc flu hosp,1,38,quantile,0.75,7,2026-10-17
2026-10-10,wk inc flu hosp,1,38,quantile,0.8,7,2026-10-17
2026-10-10,wk inc flu hosp,1,38,quantile,0.85,7,2026-10-17
2026-10-10,wk inc flu hosp,1,38,quantile,0.9,14,2026-10-17
2026-10-10,wk inc flu hosp,1,38,quantile,0.95,14,2026-10-17
2026-10-10,wk inc flu hosp,1,38,quantile,0.975,21,2026-10-17
2026-10-10,wk inc flu hosp,1,38,quantile,0.99,21,2026-10-17
2026-10-10,wk inc flu hosp,2,38,quantile,0.01,0,2026-10-24
2026-10-10,wk inc flu hosp,2,38,quantile,0.025,0,2026-10-24
2026-10-10,wk inc flu hosp,2,38,quantile,0.05,0,2026-10-24
2026-10-10,wk inc flu hosp,2,38,quantile,0.1,0,2026-10-24
2026-10-10,wk inc flu hosp,2,38,quantile,0.15,0,2026-10-24
2026-10-10,wk inc flu hosp,2,38,quantile,0.2,0,2026-10-24
2026-10-10,wk inc flu hosp,2,38,quantile,0.25,0,2026-10-24
2026-10-10,wk inc flu hosp,2,38,quantile,0.3,0,2026-10-24
2026-10-10,wk inc flu hosp,2,38,quantile,0.35,0,2026-10-24
2026-10-10,wk inc flu hosp,2,38,quantile,0.4,0,2026-10-24
2026-10-10,wk inc flu hosp,2,38,quantile,0.45,0,2026-10-24
2026-10-10,wk inc flu hosp,2,38,quantile,0.5,0,2026-10-24
2026-10-10,wk inc flu hosp,2,38,quantile,0.55,0,2026-10-24
2026-10-10,wk inc flu hosp,2,38,quantile,0.6,7,2026-10-24
2026-10-10,wk inc flu hosp,2,38,quantile,0.65,7,2026-10-24
2026-10-10,wk inc flu hosp,2,38,quantile,0.7,7,2026-10-24
2026-10-10,wk inc flu hosp,2,38,quantile,0.75,7,2026-10-24
2026-10-10,wk inc flu hosp,2,38,quantile,0.8,7,2026-10-24
2026-10-10,wk inc flu hosp,2,38,quantile,0.85,7,2026-10-24
2026-10-10,wk inc flu hosp,2,38,quantile,0.9,14,2026-10-24
2026-10-10,wk inc flu hosp,2,38,quantile,0.95,14,2026-10-24
2026-10-10,wk inc flu hosp,2,38,quantile,0.975,21,2026-10-24
2026-10-10,wk inc flu hosp,2,38,quantile,0.99,21,2026-10-24
2026-10-10,wk inc flu hosp,3,38,quantile,0.01,0,2026-10-31
2026-10-10,wk inc flu hosp,3,38,quantile,0.025,0,2026-10-31
2026-10-10,wk inc flu hosp,3,38,quantile,0.05,0,2026-10-31
2026-10-10,wk inc flu hosp,3,38,quantile,0.1,0,2026-10-31
2026-10-10,wk inc flu hosp,3,38,quantile,0.15,0,2026-10-31
2026-10-10,wk inc flu hosp,3,38,quantile,0.2,0,2026-10-31
2026-10-10,wk inc flu hosp,3,38,quantile,0.25,0,2026-10-31
2026-10-10,wk inc flu hosp,3,38,quantile,0.3,0,2026-10-31
2026-10-10,wk inc flu hosp,3,38,quantile,0.35,0,2026-10-31
2026-10-10,wk inc flu hosp,3,38,quantile,0.4,0,2026-10-31
2026-10-10,wk inc flu hosp,3,38,quantile,0.45,0,2026-10-31
2026-10-10,wk inc flu hosp,3,38,quantile,0.5,0,2026-10-31
2026-10-10,wk inc flu hosp,3,38,quantile,0.55,7,2026-10-31
2026-10-10,wk inc flu hosp,3,38,quantile,0.6,7,2026-10-31
2026-10-10,wk inc flu hosp,3,38,quantile,0.65,7,2026-10-31
2026-10-10,wk inc flu hosp,3,38,quantile,0.7,7,2026-10-31
2026-10-10,wk inc flu hosp,3,38,quantile,0.75,7,2026-10-31
2026-10-10,wk inc flu hosp,3,38,quantile,0.8,7,2026-10-31
2026-10-10,wk inc flu hosp,3,38,quantile,0.85,14,2026-10-31
2026-10-10,wk inc flu hosp,3,38,quantile,0.9,14,2026-10-31
2026-10-10,wk inc flu hosp,3,38,quantile,0.95,21,2026-10-31
2026-10-10,wk inc flu hosp,3,38,quantile,0.975,21,2026-10-31
2026-10-10,wk inc flu hosp,3,38,quantile,0.99,35,2026-10-31
2026-10-10,wk inc flu hosp,-1,39,quantile,0.01,14,2026-10-03
2026-10-10,wk inc flu hosp,-1,39,quantile,0.025,14,2026-10-03
2026-10-10,wk inc flu hosp,-1,39,quantile,0.05,21,2026-10-03
2026-10-10,wk inc flu hosp,-1,39,quantile,0.1,28,2026-10-03
2026-10-10,wk inc flu hosp,-1,39,quantile,0.15,35,2026-10-03
2026-10-10,wk inc flu hosp,-1,39,quantile,0.2,35,2026-10-03
2026-10-10,wk inc flu hosp,-1,39,quantile,0.25,42,2026-10-03
2026-10-10,wk inc flu hosp,-1,39,quantile,0.3,42,2026-10-03
2026-10-10,wk inc flu hosp,-1,39,quantile,0.35,47,2026-10-03
2026-10-10,wk inc flu hosp,-1,39,quantile,0.4,49,2026-10-03
2026-10-10,wk inc flu hosp,-1,39,quantile,0.45,49,2026-10-03
2026-10-10,wk inc flu hosp,-1,39,quantile,0.5,56,2026-10-03
2026-10-10,wk inc flu hosp,-1,39,quantile,0.55,56,2026-10-03
2026-10-10,wk inc flu hosp,-1,39,quantile,0.6,63,2026-10-03
2026-10-10,wk inc flu hosp,-1,39,quantile,0.65,63,2026-10-03
2026-10-10,wk inc flu hosp,-1,39,quantile,0.7,70,2026-10-03
2026-10-10,wk inc flu hosp,-1,39,quantile,0.75,77,2026-10-03
2026-10-10,wk inc flu hosp,-1,39,quantile,0.8,77,2026-10-03
2026-10-10,wk inc flu hosp,-1,39,quantile,0.85,84,2026-10-03
2026-10-10,wk inc flu hosp,-1,39,quantile,0.9,91,2026-10-03
2026-10-10,wk inc flu hosp,-1,39,quantile,0.95,105,2026-10-03
2026-10-10,wk inc flu hosp,-1,39,quantile,0.975,112,2026-10-03
2026-10-10,wk inc flu hosp,-1,39,quantile,0.99,133,2026-10-03
2026-10-10,wk inc flu hosp,0,39,quantile,0.01,21,2026-10-10
2026-10-10,wk inc flu hosp,0,39,quantile,0.025,28,2026-10-10
2026-10-10,wk inc flu hosp,0,39,quantile,0.05,35,2026-10-10
2026-10-10,wk inc flu hosp,0,39,quantile,0.1,42,2026-10-10
2026-10-10,wk inc flu hosp,0,39,quantile,0.15,49,2026-10-10
2026-10-10,wk inc flu hosp,0,39,quantile,0.2,49,2026-10-10
2026-10-10,wk inc flu hosp,0,39,quantile,0.25,56,2026-10-10
2026-10-10,wk inc flu hosp,0,39,quantile,0.3,63,2026-10-10
2026-10-10,wk inc flu hosp,0,39,quantile,0.35,63,2026-10-10
2026-10-10,wk inc flu hosp,0,39,quantile,0.4,70,2026-10-10
2026-10-10,wk inc flu hosp,0,39,quantile,0.45,77,2026-10-10
2026-10-10,wk inc flu hosp,0,39,quantile,0.5,77,2026-10-10
2026-10-10,wk inc flu hosp,0,39,quantile,0.55,84,2026-10-10
2026-10-10,wk inc flu hosp,0,39,quantile,0.6,91,2026-10-10
2026-10-10,wk inc flu hosp,0,39,quantile,0.65,91,2026-10-10
2026-10-10,wk inc flu hosp,0,39,quantile,0.7,98,2026-10-10
2026-10-10,wk inc flu hosp,0,39,quantile,0.75,105,2026-10-10
2026-10-10,wk inc flu hosp,0,39,quantile,0.8,112,2026-10-10
2026-10-10,wk inc flu hosp,0,39,quantile,0.85,119,2026-10-10
2026-10-10,wk inc flu hosp,0,39,quantile,0.9,126,2026-10-10
2026-10-10,wk inc flu hosp,0,39,quantile,0.95,140,2026-10-10
2026-10-10,wk inc flu hosp,0,39,quantile,0.975,154,2026-10-10
2026-10-10,wk inc flu hosp,0,39,quantile,0.99,175,2026-10-10
2026-10-10,wk inc flu hosp,1,39,quantile,0.01,28,2026-10-17
2026-10-10,wk inc flu hosp,1,39,quantile,0.025,35,2026-10-17
2026-10-10,wk inc flu hosp,1,39,quantile,0.05,42,2026-10-17
2026-10-10,wk inc flu hosp,1,39,quantile,0.1,49,2026-10-17
2026-10-10,wk inc flu hosp,1,39,quantile,0.15,63,2026-10-17
2026-10-10,wk inc flu hosp,1,39,quantile,0.2,70,2026-10-17
2026-10-10,wk inc flu hosp,1,39,quantile,0.25,77,2026-10-17
2026-10-10,wk inc flu hosp,1,39,quantile,0.3,84,2026-10-17
2026-10-10,wk inc flu hosp,1,39,quantile,0.35,91,2026-10-17
2026-10-10,wk inc flu hosp,1,39,quantile,0.4,91,2026-10-17
2026-10-10,wk inc flu hosp,1,39,quantile,0.45,98,2026-10-17
2026-10-10,wk inc flu hosp,1,39,quantile,0.5,105,2026-10-17
2026-10-10,wk inc flu hosp,1,39,quantile,0.55,112,2026-10-17
2026-10-10,wk inc flu hosp,1,39,quantile,0.6,112,2026-10-17
2026-10-10,wk inc flu hosp,1,39,quantile,0.65,119,2026-10-17
2026-10-10,wk inc flu hosp,1,39,quantile,0.7,126,2026-10-17
2026-10-10,wk inc flu hosp,1,39,quantile,0.75,133,2026-10-17
2026-10-10,wk inc flu hosp,1,39,quantile,0.8,141,2026-10-17
2026-10-10,wk inc flu hosp,1,39,quantile,0.85,154,2026-10-17
2026-10-10,wk inc flu hosp,1,39,quantile,0.9,168,2026-10-17
2026-10-10,wk inc flu hosp,1,39,quantile,0.95,196,2026-10-17
2026-10-10,wk inc flu hosp,1,39,quantile,0.975,210,2026-10-17
2026-10-10,wk inc flu hosp,1,39,quantile,0.99,245,2026-10-17
2026-10-10,wk inc flu hosp,2,39,quantile,0.01,28,2026-10-24
2026-10-10,wk inc flu hosp,2,39,quantile,0.025,35,2026-10-24
2026-10-10,wk inc flu hosp,2,39,quantile,0.05,49,2026-10-24
2026-10-10,wk inc flu hosp,2,39,quantile,0.1,56,2026-10-24
2026-10-10,wk inc flu hosp,2,39,quantile,0.15,70,2026-10-24
2026-10-10,wk inc flu hosp,2,39,quantile,0.2,77,2026-10-24
2026-10-10,wk inc flu hosp,2,39,quantile,0.25,84,2026-10-24
2026-10-10,wk inc flu hosp,2,39,quantile,0.3,91,2026-10-24
2026-10-10,wk inc flu hosp,2,39,quantile,0.35,98,2026-10-24
2026-10-10,wk inc flu hosp,2,39,quantile,0.4,102,2026-10-24
2026-10-10,wk inc flu hosp,2,39,quantile,0.45,105,2026-10-24
2026-10-10,wk inc flu hosp,2,39,quantile,0.5,116,2026-10-24
2026-10-10,wk inc flu hosp,2,39,quantile,0.55,126,2026-10-24
2026-10-10,wk inc flu hosp,2,39,quantile,0.6,133,2026-10-24
2026-10-10,wk inc flu hosp,2,39,quantile,0.65,147,2026-10-24
2026-10-10,wk inc flu hosp,2,39,quantile,0.7,147,2026-10-24
2026-10-10,wk inc flu hosp,2,39,quantile,0.75,161,2026-10-24
2026-10-10,wk inc flu hosp,2,39,quantile,0.8,175,2026-10-24
2026-10-10,wk inc flu hosp,2,39,quantile,0.85,189,2026-10-24
2026-10-10,wk inc flu hosp,2,39,quantile,0.9,203,2026-10-24
2026-10-10,wk inc flu hosp,2,39,quantile,0.95,231,2026-10-24
2026-10-10,wk inc flu hosp,2,39,quantile,0.975,259,2026-10-24
2026-10-10,wk inc flu hosp,2,39,quantile,0.99,287,2026-10-24
2026-10-10,wk inc flu hosp,3,39,quantile,0.01,28,2026-10-31
2026-10-10,wk inc flu hosp,3,39,quantile,0.025,42,2026-10-31
2026-10-10,wk inc flu hosp,3,39,quantile,0.05,49,2026-10-31
2026-10-10,wk inc flu hosp,3,39,quantile,0.1,63,2026-10-31
2026-10-10,wk inc flu hosp,3,39,quantile,0.15,70,2026-10-31
2026-10-10,wk inc flu hosp,3,39,quantile,0.2,84,2026-10-31
2026-10-10,wk inc flu hosp,3,39,quantile,0.25,91,2026-10-31
2026-10-10,wk inc flu hosp,3,39,quantile,0.3,98,2026-10-31
2026-10-10,wk inc flu hosp,3,39,quantile,0.35,105,2026-10-31
2026-10-10,wk inc flu hosp,3,39,quantile,0.4,112,2026-10-31
2026-10-10,wk inc flu hosp,3,39,quantile,0.45,126,2026-10-31
2026-10-10,wk inc flu hosp,3,39,quantile,0.5,133,2026-10-31
2026-10-10,wk inc flu hosp,3,39,quantile,0.55,140,2026-10-31
2026-10-10,wk inc flu hosp,3,39,quantile,0.6,154,2026-10-31
2026-10-10,wk inc flu hosp,3,39,quantile,0.65,161,2026-10-31
2026-10-10,wk inc flu hosp,3,39,quantile,0.7,182,2026-10-31
2026-10-10,wk inc flu hosp,3,39,quantile,0.75,189,2026-10-31
2026-10-10,wk inc flu hosp,3,39,quantile,0.8,210,2026-10-31
2026-10-10,wk inc flu hosp,3,39,quantile,0.85,231,2026-10-31
2026-10-10,wk inc flu hosp,3,39,quantile,0.9,252,2026-10-31
2026-10-10,wk inc flu hosp,3,39,quantile,0.95,287,2026-10-31
2026-10-10,wk inc flu hosp,3,39,quantile,0.975,343,2026-10-31
2026-10-10,wk inc flu hosp,3,39,quantile,0.99,413,2026-10-31
2026-10-10,wk inc flu hosp,-1,40,quantile,0.01,0,2026-10-03
2026-10-10,wk inc flu hosp,-1,40,quantile,0.025,0,2026-10-03
2026-10-10,wk inc flu hosp,-1,40,quantile,0.05,0,2026-10-03
2026-10-10,wk inc flu hosp,-1,40,quantile,0.1,0,2026-10-03
2026-10-10,wk inc flu hosp,-1,40,quantile,0.15,7,2026-10-03
2026-10-10,wk inc flu hosp,-1,40,quantile,0.2,7,2026-10-03
2026-10-10,wk inc flu hosp,-1,40,quantile,0.25,7,2026-10-03
2026-10-10,wk inc flu hosp,-1,40,quantile,0.3,7,2026-10-03
2026-10-10,wk inc flu hosp,-1,40,quantile,0.35,14,2026-10-03
2026-10-10,wk inc flu hosp,-1,40,quantile,0.4,14,2026-10-03
2026-10-10,wk inc flu hosp,-1,40,quantile,0.45,14,2026-10-03
2026-10-10,wk inc flu hosp,-1,40,quantile,0.5,14,2026-10-03
2026-10-10,wk inc flu hosp,-1,40,quantile,0.55,14,2026-10-03
2026-10-10,wk inc flu hosp,-1,40,quantile,0.6,21,2026-10-03
2026-10-10,wk inc flu hosp,-1,40,quantile,0.65,21,2026-10-03
2026-10-10,wk inc flu hosp,-1,40,quantile,0.7,21,2026-10-03
2026-10-10,wk inc flu hosp,-1,40,quantile,0.75,28,2026-10-03
2026-10-10,wk inc flu hosp,-1,40,quantile,0.8,28,2026-10-03
2026-10-10,wk inc flu hosp,-1,40,quantile,0.85,35,2026-10-03
2026-10-10,wk inc flu hosp,-1,40,quantile,0.9,35,2026-10-03
2026-10-10,wk inc flu hosp,-1,40,quantile,0.95,42,2026-10-03
2026-10-10,wk inc flu hosp,-1,40,quantile,0.975,49,2026-10-03
2026-10-10,wk inc flu hosp,-1,40,quantile,0.99,56,2026-10-03
2026-10-10,wk inc flu hosp,0,40,quantile,0.01,0,2026-10-10
2026-10-10,wk inc flu hosp,0,40,quantile,0.025,0,2026-10-10
2026-10-10,wk inc flu hosp,0,40,quantile,0.05,0,2026-10-10
2026-10-10,wk inc flu hosp,0,40,quantile,0.1,7,2026-10-10
2026-10-10,wk inc flu hosp,0,40,quantile,0.15,7,2026-10-10
2026-10-10,wk inc flu hosp,0,40,quantile,0.2,7,2026-10-10
2026-10-10,wk inc flu hosp,0,40,quantile,0.25,7,2026-10-10
2026-10-10,wk inc flu hosp,0,40,quantile,0.3,14,2026-10-10
2026-10-10,wk inc flu hosp,0,40,quantile,0.35,14,2026-10-10
2026-10-10,wk inc flu hosp,0,40,quantile,0.4,14,2026-10-10
2026-10-10,wk inc flu hosp,0,40,quantile,0.45,21,2026-10-10
2026-10-10,wk inc flu hosp,0,40,quantile,0.5,21,2026-10-10
2026-10-10,wk inc flu hosp,0,40,quantile,0.55,21,2026-10-10
2026-10-10,wk inc flu hosp,0,40,quantile,0.6,21,2026-10-10
2026-10-10,wk inc flu hosp,0,40,quantile,0.65,28,2026-10-10
2026-10-10,wk inc flu hosp,0,40,quantile,0.7,28,2026-10-10
2026-10-10,wk inc flu hosp,0,40,quantile,0.75,28,2026-10-10
2026-10-10,wk inc flu hosp,0,40,quantile,0.8,35,2026-10-10
2026-10-10,wk inc flu hosp,0,40,quantile,0.85,35,2026-10-10
2026-10-10,wk inc flu hosp,0,40,quantile,0.9,42,2026-10-10
2026-10-10,wk inc flu hosp,0,40,quantile,0.95,49,2026-10-10
2026-10-10,wk inc flu hosp,0,40,quantile,0.975,63,2026-10-10
2026-10-10,wk inc flu hosp,0,40,quantile,0.99,70,2026-10-10
2026-10-10,wk inc flu hosp,1,40,quantile,0.01,0,2026-10-17
2026-10-10,wk inc flu hosp,1,40,quantile,0.025,0,2026-10-17
2026-10-10,wk inc flu hosp,1,40,quantile,0.05,0,2026-10-17
2026-10-10,wk inc flu hosp,1,40,quantile,0.1,7,2026-10-17
2026-10-10,wk inc flu hosp,1,40,quantile,0.15,7,2026-10-17
2026-10-10,wk inc flu hosp,1,40,quantile,0.2,7,2026-10-17
2026-10-10,wk inc flu hosp,1,40,quantile,0.25,14,2026-10-17
2026-10-10,wk inc flu hosp,1,40,quantile,0.3,14,2026-10-17
2026-10-10,wk inc flu hosp,1,40,quantile,0.35,14,2026-10-17
2026-10-10,wk inc flu hosp,1,40,quantile,0.4,21,2026-10-17
2026-10-10,wk inc flu hosp,1,40,quantile,0.45,21,2026-10-17
2026-10-10,wk inc flu hosp,1,40,quantile,0.5,21,2026-10-17
2026-10-10,wk inc flu hosp,1,40,quantile,0.55,28,2026-10-17
2026-10-10,wk inc flu hosp,1,40,quantile,0.6,28,2026-10-17
2026-10-10,wk inc flu hosp,1,40,quantile,0.65,28,2026-10-17
2026-10-10,wk inc flu hosp,1,40,quantile,0.7,35,2026-10-17
2026-10-10,wk inc flu hosp,1,40,quantile,0.75,35,2026-10-17
2026-10-10,wk inc flu hosp,1,40,quantile,0.8,42,2026-10-17
2026-10-10,wk inc flu hosp,1,40,quantile,0.85,42,2026-10-17
2026-10-10,wk inc flu hosp,1,40,quantile,0.9,49,2026-10-17
2026-10-10,wk inc flu hosp,1,40,quantile,0.95,63,2026-10-17
2026-10-10,wk inc flu hosp,1,40,quantile,0.975,70,2026-10-17
2026-10-10,wk inc flu hosp,1,40,quantile,0.99,77,2026-10-17
2026-10-10,wk inc flu hosp,2,40,quantile,0.01,0,2026-10-24
2026-10-10,wk inc flu hosp,2,40,quantile,0.025,0,2026-10-24
2026-10-10,wk inc flu hosp,2,40,quantile,0.05,0,2026-10-24
2026-10-10,wk inc flu hosp,2,40,quantile,0.1,7,2026-10-24
2026-10-10,wk inc flu hosp,2,40,quantile,0.15,7,2026-10-24
2026-10-10,wk inc flu hosp,2,40,quantile,0.2,7,2026-10-24
2026-10-10,wk inc flu hosp,2,40,quantile,0.25,14,2026-10-24
2026-10-10,wk inc flu hosp,2,40,quantile,0.3,14,2026-10-24
2026-10-10,wk inc flu hosp,2,40,quantile,0.35,14,2026-10-24
2026-10-10,wk inc flu hosp,2,40,quantile,0.4,21,2026-10-24
2026-10-10,wk inc flu hosp,2,40,quantile,0.45,21,2026-10-24
2026-10-10,wk inc flu hosp,2,40,quantile,0.5,21,2026-10-24
2026-10-10,wk inc flu hosp,2,40,quantile,0.55,28,2026-10-24
2026-10-10,wk inc flu hosp,2,40,quantile,0.6,28,2026-10-24
2026-10-10,wk inc flu hosp,2,40,quantile,0.65,30,2026-10-24
2026-10-10,wk inc flu hosp,2,40,quantile,0.7,35,2026-10-24
2026-10-10,wk inc flu hosp,2,40,quantile,0.75,37,2026-10-24
2026-10-10,wk inc flu hosp,2,40,quantile,0.8,42,2026-10-24
2026-10-10,wk inc flu hosp,2,40,quantile,0.85,49,2026-10-24
2026-10-10,wk inc flu hosp,2,40,quantile,0.9,56,2026-10-24
2026-10-10,wk inc flu hosp,2,40,quantile,0.95,63,2026-10-24
2026-10-10,wk inc flu hosp,2,40,quantile,0.975,77,2026-10-24
2026-10-10,wk inc flu hosp,2,40,quantile,0.99,98,2026-10-24
2026-10-10,wk inc flu hosp,3,40,quantile,0.01,0,2026-10-31
2026-10-10,wk inc flu hosp,3,40,quantile,0.025,0,2026-10-31
2026-10-10,wk inc flu hosp,3,40,quantile,0.05,0,2026-10-31
2026-10-10,wk inc flu hosp,3,40,quantile,0.1,7,2026-10-31
2026-10-10,wk inc flu hosp,3,40,quantile,0.15,7,2026-10-31
2026-10-10,wk inc flu hosp,3,40,quantile,0.2,7,2026-10-31
2026-10-10,wk inc flu hosp,3,40,quantile,0.25,14,2026-10-31
2026-10-10,wk inc flu hosp,3,40,quantile,0.3,14,2026-10-31
2026-10-10,wk inc flu hosp,3,40,quantile,0.35,14,2026-10-31
2026-10-10,wk inc flu hosp,3,40,quantile,0.4,21,2026-10-31
2026-10-10,wk inc flu hosp,3,40,quantile,0.45,21,2026-10-31
2026-10-10,wk inc flu hosp,3,40,quantile,0.5,28,2026-10-31
2026-10-10,wk inc flu hosp,3,40,quantile,0.55,28,2026-10-31
2026-10-10,wk inc flu hosp,3,40,quantile,0.6,28,2026-10-31
2026-10-10,wk inc flu hosp,3,40,quantile,0.65,35,2026-10-31
2026-10-10,wk inc flu hosp,3,40,quantile,0.7,35,2026-10-31
2026-10-10,wk inc flu hosp,3,40,quantile,0.75,42,2026-10-31
2026-10-10,wk inc flu hosp,3,40,quantile,0.8,49,2026-10-31
2026-10-10,wk inc flu hosp,3,40,quantile,0.85,56,2026-10-31
2026-10-10,wk inc flu hosp,3,40,quantile,0.9,70,2026-10-31
2026-10-10,wk inc flu hosp,3,40,quantile,0.95,84,2026-10-31
2026-10-10,wk inc flu hosp,3,40,quantile,0.975,105,2026-10-31
2026-10-10,wk inc flu hosp,3,40,quantile,0.99,126,2026-10-31
2026-10-10,wk inc flu hosp,-1,41,quantile,0.01,0,2026-10-03
2026-10-10,wk inc flu hosp,-1,41,quantile,0.025,0,2026-10-03
2026-10-10,wk inc flu hosp,-1,41,quantile,0.05,0,2026-10-03
2026-10-10,wk inc flu hosp,-1,41,quantile,0.1,7,2026-10-03
2026-10-10,wk inc flu hosp,-1,41,quantile,0.15,7,2026-10-03
2026-10-10,wk inc flu hosp,-1,41,quantile,0.2,14,2026-10-03
2026-10-10,wk inc flu hosp,-1,41,quantile,0.25,14,2026-10-03
2026-10-10,wk inc flu hosp,-1,41,quantile,0.3,14,2026-10-03
2026-10-10,wk inc flu hosp,-1,41,quantile,0.35,21,2026-10-03
2026-10-10,wk inc flu hosp,-1,41,quantile,0.4,21,2026-10-03
2026-10-10,wk inc flu hosp,-1,41,quantile,0.45,21,2026-10-03
2026-10-10,wk inc flu hosp,-1,41,quantile,0.5,21,2026-10-03
2026-10-10,wk inc flu hosp,-1,41,quantile,0.55,28,2026-10-03
2026-10-10,wk inc flu hosp,-1,41,quantile,0.6,28,2026-10-03
2026-10-10,wk inc flu hosp,-1,41,quantile,0.65,28,2026-10-03
2026-10-10,wk inc flu hosp,-1,41,quantile,0.7,35,2026-10-03
2026-10-10,wk inc flu hosp,-1,41,quantile,0.75,35,2026-10-03
2026-10-10,wk inc flu hosp,-1,41,quantile,0.8,35,2026-10-03
2026-10-10,wk inc flu hosp,-1,41,quantile,0.85,42,2026-10-03
2026-10-10,wk inc flu hosp,-1,41,quantile,0.9,49,2026-10-03
2026-10-10,wk inc flu hosp,-1,41,quantile,0.95,56,2026-10-03
2026-10-10,wk inc flu hosp,-1,41,quantile,0.975,63,2026-10-03
2026-10-10,wk inc flu hosp,-1,41,quantile,0.99,77,2026-10-03
2026-10-10,wk inc flu hosp,0,41,quantile,0.01,0,2026-10-10
2026-10-10,wk inc flu hosp,0,41,quantile,0.025,0,2026-10-10
2026-10-10,wk inc flu hosp,0,41,quantile,0.05,7,2026-10-10
2026-10-10,wk inc flu hosp,0,41,quantile,0.1,7,2026-10-10
2026-10-10,wk inc flu hosp,0,41,quantile,0.15,14,2026-10-10
2026-10-10,wk inc flu hosp,0,41,quantile,0.2,14,2026-10-10
2026-10-10,wk inc flu hosp,0,41,quantile,0.25,21,2026-10-10
2026-10-10,wk inc flu hosp,0,41,quantile,0.3,21,2026-10-10
2026-10-10,wk inc flu hosp,0,41,quantile,0.35,28,2026-10-10
2026-10-10,wk inc flu hosp,0,41,quantile,0.4,28,2026-10-10
2026-10-10,wk inc flu hosp,0,41,quantile,0.45,28,2026-10-10
2026-10-10,wk inc flu hosp,0,41,quantile,0.5,35,2026-10-10
2026-10-10,wk inc flu hosp,0,41,quantile,0.55,35,2026-10-10
2026-10-10,wk inc flu hosp,0,41,quantile,0.6,42,2026-10-10
2026-10-10,wk inc flu hosp,0,41,quantile,0.65,42,2026-10-10
2026-10-10,wk inc flu hosp,0,41,quantile,0.7,42,2026-10-10
2026-10-10,wk inc flu hosp,0,41,quantile,0.75,49,2026-10-10
2026-10-10,wk inc flu hosp,0,41,quantile,0.8,56,2026-10-10
2026-10-10,wk inc flu hosp,0,41,quantile,0.85,56,2026-10-10
2026-10-10,wk inc flu hosp,0,41,quantile,0.9,63,2026-10-10
2026-10-10,wk inc flu hosp,0,41,quantile,0.95,77,2026-10-10
2026-10-10,wk inc flu hosp,0,41,quantile,0.975,91,2026-10-10
2026-10-10,wk inc flu hosp,0,41,quantile,0.99,105,2026-10-10
2026-10-10,wk inc flu hosp,1,41,quantile,0.01,0,2026-10-17
2026-10-10,wk inc flu hosp,1,41,quantile,0.025,7,2026-10-17
2026-10-10,wk inc flu hosp,1,41,quantile,0.05,14,2026-10-17
2026-10-10,wk inc flu hosp,1,41,quantile,0.1,14,2026-10-17
2026-10-10,wk inc flu hosp,1,41,quantile,0.15,21,2026-10-17
2026-10-10,wk inc flu hosp,1,41,quantile,0.2,28,2026-10-17
2026-10-10,wk inc flu hosp,1,41,quantile,0.25,28,2026-10-17
2026-10-10,wk inc flu hosp,1,41,quantile,0.3,35,2026-10-17
2026-10-10,wk inc flu hosp,1,41,quantile,0.35,35,2026-10-17
2026-10-10,wk inc flu hosp,1,41,quantile,0.4,42,2026-10-17
2026-10-10,wk inc flu hosp,1,41,quantile,0.45,42,2026-10-17
2026-10-10,wk inc flu hosp,1,41,quantile,0.5,42,2026-10-17
2026-10-10,wk inc flu hosp,1,41,quantile,0.55,49,2026-10-17
2026-10-10,wk inc flu hosp,1,41,quantile,0.6,56,2026-10-17
2026-10-10,wk inc flu hosp,1,41,quantile,0.65,56,2026-10-17
2026-10-10,wk inc flu hosp,1,41,quantile,0.7,63,2026-10-17
2026-10-10,wk inc flu hosp,1,41,quantile,0.75,63,2026-10-17
2026-10-10,wk inc flu hosp,1,41,quantile,0.8,70,2026-10-17
2026-10-10,wk inc flu hosp,1,41,quantile,0.85,77,2026-10-17
2026-10-10,wk inc flu hosp,1,41,quantile,0.9,91,2026-10-17
2026-10-10,wk inc flu hosp,1,41,quantile,0.95,105,2026-10-17
2026-10-10,wk inc flu hosp,1,41,quantile,0.975,119,2026-10-17
2026-10-10,wk inc flu hosp,1,41,quantile,0.99,147,2026-10-17
2026-10-10,wk inc flu hosp,2,41,quantile,0.01,7,2026-10-24
2026-10-10,wk inc flu hosp,2,41,quantile,0.025,14,2026-10-24
2026-10-10,wk inc flu hosp,2,41,quantile,0.05,14,2026-10-24
2026-10-10,wk inc flu hosp,2,41,quantile,0.1,21,2026-10-24
2026-10-10,wk inc flu hosp,2,41,quantile,0.15,28,2026-10-24
2026-10-10,wk inc flu hosp,2,41,quantile,0.2,28,2026-10-24
2026-10-10,wk inc flu hosp,2,41,quantile,0.25,35,2026-10-24
2026-10-10,wk inc flu hosp,2,41,quantile,0.3,42,2026-10-24
2026-10-10,wk inc flu hosp,2,41,quantile,0.35,42,2026-10-24
2026-10-10,wk inc flu hosp,2,41,quantile,0.4,49,2026-10-24
2026-10-10,wk inc flu hosp,2,41,quantile,0.45,56,2026-10-24
2026-10-10,wk inc flu hosp,2,41,quantile,0.5,56,2026-10-24
2026-10-10,wk inc flu hosp,2,41,quantile,0.55,63,2026-10-24
2026-10-10,wk inc flu hosp,2,41,quantile,0.6,70,2026-10-24
2026-10-10,wk inc flu hosp,2,41,quantile,0.65,77,2026-10-24
2026-10-10,wk inc flu hosp,2,41,quantile,0.7,77,2026-10-24
2026-10-10,wk inc flu hosp,2,41,quantile,0.75,84,2026-10-24
2026-10-10,wk inc flu hosp,2,41,quantile,0.8,98,2026-10-24
2026-10-10,wk inc flu hosp,2,41,quantile,0.85,105,2026-10-24
2026-10-10,wk inc flu hosp,2,41,quantile,0.9,126,2026-10-24
2026-10-10,wk inc flu hosp,2,41,quantile,0.95,154,2026-10-24
2026-10-10,wk inc flu hosp,2,41,quantile,0.975,182,2026-10-24
2026-10-10,wk inc flu hosp,2,41,quantile,0.99,245,2026-10-24
2026-10-10,wk inc flu hosp,3,41,quantile,0.01,7,2026-10-31
2026-10-10,wk inc flu hosp,3,41,quantile,0.025,14,2026-10-31
2026-10-10,wk inc flu hosp,3,41,quantile,0.05,21,2026-10-31
2026-10-10,wk inc flu hosp,3,41,quantile,0.1,28,2026-10-31
2026-10-10,wk inc flu hosp,3,41,quantile,0.15,35,2026-10-31
2026-10-10,wk inc flu hosp,3,41,quantile,0.2,42,2026-10-31
2026-10-10,wk inc flu hosp,3,41,quantile,0.25,42,2026-10-31
2026-10-10,wk inc flu hosp,3,41,quantile,0.3,49,2026-10-31
2026-10-10,wk inc flu hosp,3,41,quantile,0.35,56,2026-10-31
2026-10-10,wk inc flu hosp,3,41,quantile,0.4,63,2026-10-31
2026-10-10,wk inc flu hosp,3,41,quantile,0.45,70,2026-10-31
2026-10-10,wk inc flu hosp,3,41,quantile,0.5,77,2026-10-31
2026-10-10,wk inc flu hosp,3,41,quantile,0.55,84,2026-10-31
2026-10-10,wk inc flu hosp,3,41,quantile,0.6,91,2026-10-31
2026-10-10,wk inc flu hosp,3,41,quantile,0.65,98,2026-10-31
2026-10-10,wk inc flu hosp,3,41,quantile,0.7,105,2026-10-31
2026-10-10,wk inc flu hosp,3,41,quantile,0.75,119,2026-10-31
2026-10-10,wk inc flu hosp,3,41,quantile,0.8,126,2026-10-31
2026-10-10,wk inc flu hosp,3,41,quantile,0.85,147,2026-10-31
2026-10-10,wk inc flu hosp,3,41,quantile,0.9,168,2026-10-31
2026-10-10,wk inc flu hosp,3,41,quantile,0.95,210,2026-10-31
2026-10-10,wk inc flu hosp,3,41,quantile,0.975,252,2026-10-31
2026-10-10,wk inc flu hosp,3,41,quantile,0.99,315,2026-10-31
2026-10-10,wk inc flu hosp,-1,42,quantile,0.01,70,2026-10-03
2026-10-10,wk inc flu hosp,-1,42,quantile,0.025,84,2026-10-03
2026-10-10,wk inc flu hosp,-1,42,quantile,0.05,91,2026-10-03
2026-10-10,wk inc flu hosp,-1,42,quantile,0.1,105,2026-10-03
2026-10-10,wk inc flu hosp,-1,42,quantile,0.15,119,2026-10-03
2026-10-10,wk inc flu hosp,-1,42,quantile,0.2,126,2026-10-03
2026-10-10,wk inc flu hosp,-1,42,quantile,0.25,133,2026-10-03
2026-10-10,wk inc flu hosp,-1,42,quantile,0.3,140,2026-10-03
2026-10-10,wk inc flu hosp,-1,42,quantile,0.35,147,2026-10-03
2026-10-10,wk inc flu hosp,-1,42,quantile,0.4,147,2026-10-03
2026-10-10,wk inc flu hosp,-1,42,quantile,0.45,154,2026-10-03
2026-10-10,wk inc flu hosp,-1,42,quantile,0.5,161,2026-10-03
2026-10-10,wk inc flu hosp,-1,42,quantile,0.55,168,2026-10-03
2026-10-10,wk inc flu hosp,-1,42,quantile,0.6,175,2026-10-03
2026-10-10,wk inc flu hosp,-1,42,quantile,0.65,182,2026-10-03
2026-10-10,wk inc flu hosp,-1,42,quantile,0.7,196,2026-10-03
2026-10-10,wk inc flu hosp,-1,42,quantile,0.75,203,2026-10-03
2026-10-10,wk inc flu hosp,-1,42,quantile,0.8,217,2026-10-03
2026-10-10,wk inc flu hosp,-1,42,quantile,0.85,224,2026-10-03
2026-10-10,wk inc flu hosp,-1,42,quantile,0.9,238,2026-10-03
2026-10-10,wk inc flu hosp,-1,42,quantile,0.95,266,2026-10-03
2026-10-10,wk inc flu hosp,-1,42,quantile,0.975,294,2026-10-03
2026-10-10,wk inc flu hosp,-1,42,quantile,0.99,315,2026-10-03
2026-10-10,wk inc flu hosp,0,42,quantile,0.01,70,2026-10-10
2026-10-10,wk inc flu hosp,0,42,quantile,0.025,84,2026-10-10
2026-10-10,wk inc flu hosp,0,42,quantile,0.05,91,2026-10-10
2026-10-10,wk inc flu hosp,0,42,quantile,0.1,112,2026-10-10
2026-10-10,wk inc flu hosp,0,42,quantile,0.15,126,2026-10-10
2026-10-10,wk inc flu hosp,0,42,quantile,0.2,133,2026-10-10
2026-10-10,wk inc flu hosp,0,42,quantile,0.25,140,2026-10-10
2026-10-10,wk inc flu hosp,0,42,quantile,0.3,147,2026-10-10
2026-10-10,wk inc flu hosp,0,42,quantile,0.35,154,2026-10-10
2026-10-10,wk inc flu hosp,0,42,quantile,0.4,161,2026-10-10
2026-10-10,wk inc flu hosp,0,42,quantile,0.45,168,2026-10-10
2026-10-10,wk inc flu hosp,0,42,quantile,0.5,175,2026-10-10
2026-10-10,wk inc flu hosp,0,42,quantile,0.55,182,2026-10-10
2026-10-10,wk inc flu hosp,0,42,quantile,0.6,189,2026-10-10
2026-10-10,wk inc flu hosp,0,42,quantile,0.65,203,2026-10-10
2026-10-10,wk inc flu hosp,0,42,quantile,0.7,210,2026-10-10
2026-10-10,wk inc flu hosp,0,42,quantile,0.75,224,2026-10-10
2026-10-10,wk inc flu hosp,0,42,quantile,0.8,238,2026-10-10
2026-10-10,wk inc flu hosp,0,42,quantile,0.85,252,2026-10-10
2026-10-10,wk inc flu hosp,0,42,quantile,0.9,266,2026-10-10
2026-10-10,wk inc flu hosp,0,42,quantile,0.95,301,2026-10-10
2026-10-10,wk inc flu hosp,0,42,quantile,0.975,322,2026-10-10
2026-10-10,wk inc flu hosp,0,42,quantile,0.99,357,2026-10-10
2026-10-10,wk inc flu hosp,1,42,quantile,0.01,63,2026-10-17
2026-10-10,wk inc flu hosp,1,42,quantile,0.025,70,2026-10-17
2026-10-10,wk inc flu hosp,1,42,quantile,0.05,91,2026-10-17
2026-10-10,wk inc flu hosp,1,42,quantile,0.1,105,2026-10-17
2026-10-10,wk inc flu hosp,1,42,quantile,0.15,119,2026-10-17
2026-10-10,wk inc flu hosp,1,42,quantile,0.2,133,2026-10-17
2026-10-10,wk inc flu hosp,1,42,quantile,0.25,147,2026-10-17
2026-10-10,wk inc flu hosp,1,42,quantile,0.3,154,2026-10-17
2026-10-10,wk inc flu hosp,1,42,quantile,0.35,161,2026-10-17
2026-10-10,wk inc flu hosp,1,42,quantile,0.4,168,2026-10-17
2026-10-10,wk inc flu hosp,1,42,quantile,0.45,175,2026-10-17
2026-10-10,wk inc flu hosp,1,42,quantile,0.5,182,2026-10-17
2026-10-10,wk inc flu hosp,1,42,quantile,0.55,189,2026-10-17
2026-10-10,wk inc flu hosp,1,42,quantile,0.6,203,2026-10-17
2026-10-10,wk inc flu hosp,1,42,quantile,0.65,210,2026-10-17
2026-10-10,wk inc flu hosp,1,42,quantile,0.7,224,2026-10-17
2026-10-10,wk inc flu hosp,1,42,quantile,0.75,231,2026-10-17
2026-10-10,wk inc flu hosp,1,42,quantile,0.8,252,2026-10-17
2026-10-10,wk inc flu hosp,1,42,quantile,0.85,273,2026-10-17
2026-10-10,wk inc flu hosp,1,42,quantile,0.9,288,2026-10-17
2026-10-10,wk inc flu hosp,1,42,quantile,0.95,322,2026-10-17
2026-10-10,wk inc flu hosp,1,42,quantile,0.975,350,2026-10-17
2026-10-10,wk inc flu hosp,1,42,quantile,0.99,399,2026-10-17
2026-10-10,wk inc flu hosp,2,42,quantile,0.01,49,2026-10-24
2026-10-10,wk inc flu hosp,2,42,quantile,0.025,63,2026-10-24
2026-10-10,wk inc flu hosp,2,42,quantile,0.05,70,2026-10-24
2026-10-10,wk inc flu hosp,2,42,quantile,0.1,91,2026-10-24
2026-10-10,wk inc flu hosp,2,42,quantile,0.15,105,2026-10-24
2026-10-10,wk inc flu hosp,2,42,quantile,0.2,119,2026-10-24
2026-10-10,wk inc flu hosp,2,42,quantile,0.25,126,2026-10-24
2026-10-10,wk inc flu hosp,2,42,quantile,0.3,140,2026-10-24
2026-10-10,wk inc flu hosp,2,42,quantile,0.35,147,2026-10-24
2026-10-10,wk inc flu hosp,2,42,quantile,0.4,154,2026-10-24
2026-10-10,wk inc flu hosp,2,42,quantile,0.45,168,2026-10-24
2026-10-10,wk inc flu hosp,2,42,quantile,0.5,175,2026-10-24
2026-10-10,wk inc flu hosp,2,42,quantile,0.55,182,2026-10-24
2026-10-10,wk inc flu hosp,2,42,quantile,0.6,196,2026-10-24
2026-10-10,wk inc flu hosp,2,42,quantile,0.65,203,2026-10-24
2026-10-10,wk inc flu hosp,2,42,quantile,0.7,217,2026-10-24
2026-10-10,wk inc flu hosp,2,42,quantile,0.75,231,2026-10-24
2026-10-10,wk inc flu hosp,2,42,quantile,0.8,245,2026-10-24
2026-10-10,wk inc flu hosp,2,42,quantile,0.85,267,2026-10-24
2026-10-10,wk inc flu hosp,2,42,quantile,0.9,294,2026-10-24
2026-10-10,wk inc flu hosp,2,42,quantile,0.95,329,2026-10-24
2026-10-10,wk inc flu hosp,2,42,quantile,0.975,392,2026-10-24
2026-10-10,wk inc flu hosp,2,42,quantile,0.99,427,2026-10-24
2026-10-10,wk inc flu hosp,3,42,quantile,0.01,42,2026-10-31
2026-10-10,wk inc flu hosp,3,42,quantile,0.025,56,2026-10-31
2026-10-10,wk inc flu hosp,3,42,quantile,0.05,63,2026-10-31
2026-10-10,wk inc flu hosp,3,42,quantile,0.1,84,2026-10-31
2026-10-10,wk inc flu hosp,3,42,quantile,0.15,98,2026-10-31
2026-10-10,wk inc flu hosp,3,42,quantile,0.2,105,2026-10-31
2026-10-10,wk inc flu hosp,3,42,quantile,0.25,112,2026-10-31
2026-10-10,wk inc flu hosp,3,42,quantile,0.3,126,2026-10-31
2026-10-10,wk inc flu hosp,3,42,quantile,0.35,140,2026-10-31
2026-10-10,wk inc flu hosp,3,42,quantile,0.4,147,2026-10-31
2026-10-10,wk inc flu hosp,3,42,quantile,0.45,154,2026-10-31
2026-10-10,wk inc flu hosp,3,42,quantile,0.5,168,2026-10-31
2026-10-10,wk inc flu hosp,3,42,quantile,0.55,175,2026-10-31
2026-10-10,wk inc flu hosp,3,42,quantile,0.6,189,2026-10-31
2026-10-10,wk inc flu hosp,3,42,quantile,0.65,203,2026-10-31
2026-10-10,wk inc flu hosp,3,42,quantile,0.7,217,2026-10-31
2026-10-10,wk inc flu hosp,3,42,quantile,0.75,231,2026-10-31
2026-10-10,wk inc flu hosp,3,42,quantile,0.8,252,2026-10-31
2026-10-10,wk inc flu hosp,3,42,quantile,0.85,266,2026-10-31
2026-10-10,wk inc flu hosp,3,42,quantile,0.9,301,2026-10-31
2026-10-10,wk inc flu hosp,3,42,quantile,0.95,350,2026-10-31
2026-10-10,wk inc flu hosp,3,42,quantile,0.975,392,2026-10-31
2026-10-10,wk inc flu hosp,3,42,quantile,0.99,455,2026-10-31
2026-10-10,wk inc flu hosp,-1,44,quantile,0.01,0,2026-10-03
2026-10-10,wk inc flu hosp,-1,44,quantile,0.025,0,2026-10-03
2026-10-10,wk inc flu hosp,-1,44,quantile,0.05,0,2026-10-03
2026-10-10,wk inc flu hosp,-1,44,quantile,0.1,0,2026-10-03
2026-10-10,wk inc flu hosp,-1,44,quantile,0.15,0,2026-10-03
2026-10-10,wk inc flu hosp,-1,44,quantile,0.2,0,2026-10-03
2026-10-10,wk inc flu hosp,-1,44,quantile,0.25,0,2026-10-03
2026-10-10,wk inc flu hosp,-1,44,quantile,0.3,0,2026-10-03
2026-10-10,wk inc flu hosp,-1,44,quantile,0.35,0,2026-10-03
2026-10-10,wk inc flu hosp,-1,44,quantile,0.4,0,2026-10-03
2026-10-10,wk inc flu hosp,-1,44,quantile,0.45,0,2026-10-03
2026-10-10,wk inc flu hosp,-1,44,quantile,0.5,0,2026-10-03
2026-10-10,wk inc flu hosp,-1,44,quantile,0.55,0,2026-10-03
2026-10-10,wk inc flu hosp,-1,44,quantile,0.6,0,2026-10-03
2026-10-10,wk inc flu hosp,-1,44,quantile,0.65,7,2026-10-03
2026-10-10,wk inc flu hosp,-1,44,quantile,0.7,7,2026-10-03
2026-10-10,wk inc flu hosp,-1,44,quantile,0.75,7,2026-10-03
2026-10-10,wk inc flu hosp,-1,44,quantile,0.8,7,2026-10-03
2026-10-10,wk inc flu hosp,-1,44,quantile,0.85,7,2026-10-03
2026-10-10,wk inc flu hosp,-1,44,quantile,0.9,8,2026-10-03
2026-10-10,wk inc flu hosp,-1,44,quantile,0.95,14,2026-10-03
2026-10-10,wk inc flu hosp,-1,44,quantile,0.975,14,2026-10-03
2026-10-10,wk inc flu hosp,-1,44,quantile,0.99,21,2026-10-03
2026-10-10,wk inc flu hosp,0,44,quantile,0.01,0,2026-10-10
2026-10-10,wk inc flu hosp,0,44,quantile,0.025,0,2026-10-10
2026-10-10,wk inc flu hosp,0,44,quantile,0.05,0,2026-10-10
2026-10-10,wk inc flu hosp,0,44,quantile,0.1,0,2026-10-10
2026-10-10,wk inc flu hosp,0,44,quantile,0.15,0,2026-10-10
2026-10-10,wk inc flu hosp,0,44,quantile,0.2,0,2026-10-10
2026-10-10,wk inc flu hosp,0,44,quantile,0.25,0,2026-10-10
2026-10-10,wk inc flu hosp,0,44,quantile,0.3,0,2026-10-10
2026-10-10,wk inc flu hosp,0,44,quantile,0.35,0,2026-10-10
2026-10-10,wk inc flu hosp,0,44,quantile,0.4,0,2026-10-10
2026-10-10,wk inc flu hosp,0,44,quantile,0.45,0,2026-10-10
2026-10-10,wk inc flu hosp,0,44,quantile,0.5,0,2026-10-10
2026-10-10,wk inc flu hosp,0,44,quantile,0.55,0,2026-10-10
2026-10-10,wk inc flu hosp,0,44,quantile,0.6,7,2026-10-10
2026-10-10,wk inc flu hosp,0,44,quantile,0.65,7,2026-10-10
2026-10-10,wk inc flu hosp,0,44,quantile,0.7,7,2026-10-10
2026-10-10,wk inc flu hosp,0,44,quantile,0.75,7,2026-10-10
2026-10-10,wk inc flu hosp,0,44,quantile,0.8,7,2026-10-10
2026-10-10,wk inc flu hosp,0,44,quantile,0.85,7,2026-10-10
2026-10-10,wk inc flu hosp,0,44,quantile,0.9,14,2026-10-10
2026-10-10,wk inc flu hosp,0,44,quantile,0.95,14,2026-10-10
2026-10-10,wk inc flu hosp,0,44,quantile,0.975,14,2026-10-10
2026-10-10,wk inc flu hosp,0,44,quantile,0.99,21,2026-10-10
2026-10-10,wk inc flu hosp,1,44,quantile,0.01,0,2026-10-17
2026-10-10,wk inc flu hosp,1,44,quantile,0.025,0,2026-10-17
2026-10-10,wk inc flu hosp,1,44,quantile,0.05,0,2026-10-17
2026-10-10,wk inc flu hosp,1,44,quantile,0.1,0,2026-10-17
2026-10-10,wk inc flu hosp,1,44,quantile,0.15,0,2026-10-17
2026-10-10,wk inc flu hosp,1,44,quantile,0.2,0,2026-10-17
2026-10-10,wk inc flu hosp,1,44,quantile,0.25,0,2026-10-17
2026-10-10,wk inc flu hosp,1,44,quantile,0.3,0,2026-10-17
2026-10-10,wk inc flu hosp,1,44,quantile,0.35,0,2026-10-17
2026-10-10,wk inc flu hosp,1,44,quantile,0.4,0,2026-10-17
2026-10-10,wk inc flu hosp,1,44,quantile,0.45,0,2026-10-17
2026-10-10,wk inc flu hosp,1,44,quantile,0.5,0,2026-10-17
2026-10-10,wk inc flu hosp,1,44,quantile,0.55,0,2026-10-17
2026-10-10,wk inc flu hosp,1,44,quantile,0.6,7,2026-10-17
2026-10-10,wk inc flu hosp,1,44,quantile,0.65,7,2026-10-17
2026-10-10,wk inc flu hosp,1,44,quantile,0.7,7,2026-10-17
2026-10-10,wk inc flu hosp,1,44,quantile,0.75,7,2026-10-17
2026-10-10,wk inc flu hosp,1,44,quantile,0.8,7,2026-10-17
2026-10-10,wk inc flu hosp,1,44,quantile,0.85,14,2026-10-17
2026-10-10,wk inc flu hosp,1,44,quantile,0.9,14,2026-10-17
2026-10-10,wk inc flu hosp,1,44,quantile,0.95,21,2026-10-17
2026-10-10,wk inc flu hosp,1,44,quantile,0.975,21,2026-10-17
2026-10-10,wk inc flu hosp,1,44,quantile,0.99,28,2026-10-17
2026-10-10,wk inc flu hosp,2,44,quantile,0.01,0,2026-10-24
2026-10-10,wk inc flu hosp,2,44,quantile,0.025,0,2026-10-24
2026-10-10,wk inc flu hosp,2,44,quantile,0.05,0,2026-10-24
2026-10-10,wk inc flu hosp,2,44,quantile,0.1,0,2026-10-24
2026-10-10,wk inc flu hosp,2,44,quantile,0.15,0,2026-10-24
2026-10-10,wk inc flu hosp,2,44,quantile,0.2,0,2026-10-24
2026-10-10,wk inc flu hosp,2,44,quantile,0.25,0,2026-10-24
2026-10-10,wk inc flu hosp,2,44,quantile,0.3,0,2026-10-24
2026-10-10,wk inc flu hosp,2,44,quantile,0.35,0,2026-10-24
2026-10-10,wk inc flu hosp,2,44,quantile,0.4,0,2026-10-24
2026-10-10,wk inc flu hosp,2,44,quantile,0.45,0,2026-10-24
2026-10-10,wk inc flu hosp,2,44,quantile,0.5,7,2026-10-24
2026-10-10,wk inc flu hosp,2,44,quantile,0.55,7,2026-10-24
2026-10-10,wk inc flu hosp,2,44,quantile,0.6,7,2026-10-24
2026-10-10,wk inc flu hosp,2,44,quantile,0.65,7,2026-10-24
2026-10-10,wk inc flu hosp,2,44,quantile,0.7,7,2026-10-24
2026-10-10,wk inc flu hosp,2,44,quantile,0.75,7,2026-10-24
2026-10-10,wk inc flu hosp,2,44,quantile,0.8,7,2026-10-24
2026-10-10,wk inc flu hosp,2,44,quantile,0.85,14,2026-10-24
2026-10-10,wk inc flu hosp,2,44,quantile,0.9,14,2026-10-24
2026-10-10,wk inc flu hosp,2,44,quantile,0.95,21,2026-10-24
2026-10-10,wk inc flu hosp,2,44,quantile,0.975,28,2026-10-24
2026-10-10,wk inc flu hosp,2,44,quantile,0.99,35,2026-10-24
2026-10-10,wk inc flu hosp,3,44,quantile,0.01,0,2026-10-31
2026-10-10,wk inc flu hosp,3,44,quantile,0.025,0,2026-10-31
2026-10-10,wk inc flu hosp,3,44,quantile,0.05,0,2026-10-31
2026-10-10,wk inc flu hosp,3,44,quantile,0.1,0,2026-10-31
2026-10-10,wk inc flu hosp,3,44,quantile,0.15,0,2026-10-31
2026-10-10,wk inc flu hosp,3,44,quantile,0.2,0,2026-10-31
2026-10-10,wk inc flu hosp,3,44,quantile,0.25,0,2026-10-31
2026-10-10,wk inc flu hosp,3,44,quantile,0.3,0,2026-10-31
2026-10-10,wk inc flu hosp,3,44,quantile,0.35,0,2026-10-31
2026-10-10,wk inc flu hosp,3,44,quantile,0.4,0,2026-10-31
2026-10-10,wk inc flu hosp,3,44,quantile,0.45,0,2026-10-31
2026-10-10,wk inc flu hosp,3,44,quantile,0.5,7,2026-10-31
2026-10-10,wk inc flu hosp,3,44,quantile,0.55,7,2026-10-31
2026-10-10,wk inc flu hosp,3,44,quantile,0.6,7,2026-10-31
2026-10-10,wk inc flu hosp,3,44,quantile,0.65,7,2026-10-31
2026-10-10,wk inc flu hosp,3,44,quantile,0.7,7,2026-10-31
2026-10-10,wk inc flu hosp,3,44,quantile,0.75,14,2026-10-31
2026-10-10,wk inc flu hosp,3,44,quantile,0.8,14,2026-10-31
2026-10-10,wk inc flu hosp,3,44,quantile,0.85,14,2026-10-31
2026-10-10,wk inc flu hosp,3,44,quantile,0.9,21,2026-10-31
2026-10-10,wk inc flu hosp,3,44,quantile,0.95,28,2026-10-31
2026-10-10,wk inc flu hosp,3,44,quantile,0.975,35,2026-10-31
2026-10-10,wk inc flu hosp,3,44,quantile,0.99,56,2026-10-31
2026-10-10,wk inc flu hosp,-1,45,quantile,0.01,0,2026-10-03
2026-10-10,wk inc flu hosp,-1,45,quantile,0.025,0,2026-10-03
2026-10-10,wk inc flu hosp,-1,45,quantile,0.05,7,2026-10-03
2026-10-10,wk inc flu hosp,-1,45,quantile,0.1,7,2026-10-03
2026-10-10,wk inc flu hosp,-1,45,quantile,0.15,14,2026-10-03
2026-10-10,wk inc flu hosp,-1,45,quantile,0.2,14,2026-10-03
2026-10-10,wk inc flu hosp,-1,45,quantile,0.25,14,2026-10-03
2026-10-10,wk inc flu hosp,-1,45,quantile,0.3,21,2026-10-03
2026-10-10,wk inc flu hosp,-1,45,quantile,0.35,21,2026-10-03
2026-10-10,wk inc flu hosp,-1,45,quantile,0.4,21,2026-10-03
2026-10-10,wk inc flu hosp,-1,45,quantile,0.45,28,2026-10-03
2026-10-10,wk inc flu hosp,-1,45,quantile,0.5,28,2026-10-03
2026-10-10,wk inc flu hosp,-1,45,quantile,0.55,28,2026-10-03
2026-10-10,wk inc flu hosp,-1,45,quantile,0.6,35,2026-10-03
2026-10-10,wk inc flu hosp,-1,45,quantile,0.65,35,2026-10-03
2026-10-10,wk inc flu hosp,-1,45,quantile,0.7,35,2026-10-03
2026-10-10,wk inc flu hosp,-1,45,quantile,0.75,42,2026-10-03
2026-10-10,wk inc flu hosp,-1,45,quantile,0.8,42,2026-10-03
2026-10-10,wk inc flu hosp,-1,45,quantile,0.85,49,2026-10-03
2026-10-10,wk inc flu hosp,-1,45,quantile,0.9,56,2026-10-03
2026-10-10,wk inc flu hosp,-1,45,quantile,0.95,63,2026-10-03
2026-10-10,wk inc flu hosp,-1,45,quantile,0.975,70,2026-10-03
2026-10-10,wk inc flu hosp,-1,45,quantile,0.99,84,2026-10-03
2026-10-10,wk inc flu hosp,0,45,quantile,0.01,0,2026-10-10
2026-10-10,wk inc flu hosp,0,45,quantile,0.025,7,2026-10-10
2026-10-10,wk inc flu hosp,0,45,quantile,0.05,7,2026-10-10
2026-10-10,wk inc flu hosp,0,45,quantile,0.1,14,2026-10-10
2026-10-10,wk inc flu hosp,0,45,quantile,0.15,14,2026-10-10
2026-10-10,wk inc flu hosp,0,45,quantile,0.2,21,2026-10-10
2026-10-10,wk inc flu hosp,0,45,quantile,0.25,21,2026-10-10
2026-10-10,wk inc flu hosp,0,45,quantile,0.3,21,2026-10-10
2026-10-10,wk inc flu hosp,0,45,quantile,0.35,28,2026-10-10
2026-10-10,wk inc flu hosp,0,45,quantile,0.4,28,2026-10-10
2026-10-10,wk inc flu hosp,0,45,quantile,0.45,28,2026-10-10
2026-10-10,wk inc flu hosp,0,45,quantile,0.5,35,2026-10-10
2026-10-10,wk inc flu hosp,0,45,quantile,0.55,35,2026-10-10
2026-10-10,wk inc flu hosp,0,45,quantile,0.6,42,2026-10-10
2026-10-10,wk inc flu hosp,0,45,quantile,0.65,42,2026-10-10
2026-10-10,wk inc flu hosp,0,45,quantile,0.7,49,2026-10-10
2026-10-10,wk inc flu hosp,0,45,quantile,0.75,49,2026-10-10
2026-10-10,wk inc flu hosp,0,45,quantile,0.8,56,2026-10-10
2026-10-10,wk inc flu hosp,0,45,quantile,0.85,63,2026-10-10
2026-10-10,wk inc flu hosp,0,45,quantile,0.9,70,2026-10-10
2026-10-10,wk inc flu hosp,0,45,quantile,0.95,77,2026-10-10
2026-10-10,wk inc flu hosp,0,45,quantile,0.975,91,2026-10-10
2026-10-10,wk inc flu hosp,0,45,quantile,0.99,105,2026-10-10
2026-10-10,wk inc flu hosp,1,45,quantile,0.01,7,2026-10-17
2026-10-10,wk inc flu hosp,1,45,quantile,0.025,7,2026-10-17
2026-10-10,wk inc flu hosp,1,45,quantile,0.05,14,2026-10-17
2026-10-10,wk inc flu hosp,1,45,quantile,0.1,14,2026-10-17
2026-10-10,wk inc flu hosp,1,45,quantile,0.15,21,2026-10-17
2026-10-10,wk inc flu hosp,1,45,quantile,0.2,21,2026-10-17
2026-10-10,wk inc flu hosp,1,45,quantile,0.25,28,2026-10-17
2026-10-10,wk inc flu hosp,1,45,quantile,0.3,28,2026-10-17
2026-10-10,wk inc flu hosp,1,45,quantile,0.35,35,2026-10-17
2026-10-10,wk inc flu hosp,1,45,quantile,0.4,35,2026-10-17
2026-10-10,wk inc flu hosp,1,45,quantile,0.45,42,2026-10-17
2026-10-10,wk inc flu hosp,1,45,quantile,0.5,42,2026-10-17
2026-10-10,wk inc flu hosp,1,45,quantile,0.55,49,2026-10-17
2026-10-10,wk inc flu hosp,1,45,quantile,0.6,49,2026-10-17
2026-10-10,wk inc flu hosp,1,45,quantile,0.65,56,2026-10-17
2026-10-10,wk inc flu hosp,1,45,quantile,0.7,56,2026-10-17
2026-10-10,wk inc flu hosp,1,45,quantile,0.75,63,2026-10-17
2026-10-10,wk inc flu hosp,1,45,quantile,0.8,70,2026-10-17
2026-10-10,wk inc flu hosp,1,45,quantile,0.85,77,2026-10-17
2026-10-10,wk inc flu hosp,1,45,quantile,0.9,84,2026-10-17
2026-10-10,wk inc flu hosp,1,45,quantile,0.95,98,2026-10-17
2026-10-10,wk inc flu hosp,1,45,quantile,0.975,119,2026-10-17
2026-10-10,wk inc flu hosp,1,45,quantile,0.99,133,2026-10-17
2026-10-10,wk inc flu hosp,2,45,quantile,0.01,0,2026-10-24
2026-10-10,wk inc flu hosp,2,45,quantile,0.025,7,2026-10-24
2026-10-10,wk inc flu hosp,2,45,quantile,0.05,14,2026-10-24
2026-10-10,wk inc flu hosp,2,45,quantile,0.1,14,2026-10-24
2026-10-10,wk inc flu hosp,2,45,quantile,0.15,21,2026-10-24
2026-10-10,wk inc flu hosp,2,45,quantile,0.2,21,2026-10-24
2026-10-10,wk inc flu hosp,2,45,quantile,0.25,28,2026-10-24
2026-10-10,wk inc flu hosp,2,45,quantile,0.3,28,2026-10-24
2026-10-10,wk inc flu hosp,2,45,quantile,0.35,35,2026-10-24
2026-10-10,wk inc flu hosp,2,45,quantile,0.4,35,2026-10-24
2026-10-10,wk inc flu hosp,2,45,quantile,0.45,42,2026-10-24
2026-10-10,wk inc flu hosp,2,45,quantile,0.5,42,2026-10-24
2026-10-10,wk inc flu hosp,2,45,quantile,0.55,49,2026-10-24
2026-10-10,wk inc flu hosp,2,45,quantile,0.6,56,2026-10-24
2026-10-10,wk inc flu hosp,2,45,quantile,0.65,56,2026-10-24
2026-10-10,wk inc flu hosp,2,45,quantile,0.7,63,2026-10-24
2026-10-10,wk inc flu hosp,2,45,quantile,0.75,70,2026-10-24
2026-10-10,wk inc flu hosp,2,45,quantile,0.8,77,2026-10-24
2026-10-10,wk inc flu hosp,2,45,quantile,0.85,84,2026-10-24
2026-10-10,wk inc flu hosp,2,45,quantile,0.9,98,2026-10-24
2026-10-10,wk inc flu hosp,2,45,quantile,0.95,112,2026-10-24
2026-10-10,wk inc flu hosp,2,45,quantile,0.975,147,2026-10-24
2026-10-10,wk inc flu hosp,2,45,quantile,0.99,175,2026-10-24
2026-10-10,wk inc flu hosp,3,45,quantile,0.01,0,2026-10-31
2026-10-10,wk inc flu hosp,3,45,quantile,0.025,7,2026-10-31
2026-10-10,wk inc flu hosp,3,45,quantile,0.05,7,2026-10-31
2026-10-10,wk inc flu hosp,3,45,quantile,0.1,14,2026-10-31
2026-10-10,wk inc flu hosp,3,45,quantile,0.15,21,2026-10-31
2026-10-10,wk inc flu hosp,3,45,quantile,0.2,28,2026-10-31
2026-10-10,wk inc flu hosp,3,45,quantile,0.25,28,2026-10-31
2026-10-10,wk inc flu hosp,3,45,quantile,0.3,35,2026-10-31
2026-10-10,wk inc flu hosp,3,45,quantile,0.35,35,2026-10-31
2026-10-10,wk inc flu hosp,3,45,quantile,0.4,42,2026-10-31
2026-10-10,wk inc flu hosp,3,45,quantile,0.45,49,2026-10-31
2026-10-10,wk inc flu hosp,3,45,quantile,0.5,49,2026-10-31
2026-10-10,wk inc flu hosp,3,45,quantile,0.55,56,2026-10-31
2026-10-10,wk inc flu hosp,3,45,quantile,0.6,63,2026-10-31
2026-10-10,wk inc flu hosp,3,45,quantile,0.65,70,2026-10-31
2026-10-10,wk inc flu hosp,3,45,quantile,0.7,77,2026-10-31
2026-10-10,wk inc flu hosp,3,45,quantile,0.75,77,2026-10-31
2026-10-10,wk inc flu hosp,3,45,quantile,0.8,91,2026-10-31
2026-10-10,wk inc flu hosp,3,45,quantile,0.85,105,2026-10-31
2026-10-10,wk inc flu hosp,3,45,quantile,0.9,119,2026-10-31
2026-10-10,wk inc flu hosp,3,45,quantile,0.95,140,2026-10-31
2026-10-10,wk inc flu hosp,3,45,quantile,0.975,168,2026-10-31
2026-10-10,wk inc flu hosp,3,45,quantile,0.99,196,2026-10-31
2026-10-10,wk inc flu hosp,-1,46,quantile,0.01,0,2026-10-03
2026-10-10,wk inc flu hosp,-1,46,quantile,0.025,0,2026-10-03
2026-10-10,wk inc flu hosp,-1,46,quantile,0.05,0,2026-10-03
2026-10-10,wk inc flu hosp,-1,46,quantile,0.1,0,2026-10-03
2026-10-10,wk inc flu hosp,-1,46,quantile,0.15,0,2026-10-03
2026-10-10,wk inc flu hosp,-1,46,quantile,0.2,0,2026-10-03
2026-10-10,wk inc flu hosp,-1,46,quantile,0.25,0,2026-10-03
2026-10-10,wk inc flu hosp,-1,46,quantile,0.3,0,2026-10-03
2026-10-10,wk inc flu hosp,-1,46,quantile,0.35,0,2026-10-03
2026-10-10,wk inc flu hosp,-1,46,quantile,0.4,0,2026-10-03
2026-10-10,wk inc flu hosp,-1,46,quantile,0.45,0,2026-10-03
2026-10-10,wk inc flu hosp,-1,46,quantile,0.5,0,2026-10-03
2026-10-10,wk inc flu hosp,-1,46,quantile,0.55,0,2026-10-03
2026-10-10,wk inc flu hosp,-1,46,quantile,0.6,0,2026-10-03
2026-10-10,wk inc flu hosp,-1,46,quantile,0.65,0,2026-10-03
2026-10-10,wk inc flu hosp,-1,46,quantile,0.7,0,2026-10-03
2026-10-10,wk inc flu hosp,-1,46,quantile,0.75,0,2026-10-03
2026-10-10,wk inc flu hosp,-1,46,quantile,0.8,7,2026-10-03
2026-10-10,wk inc flu hosp,-1,46,quantile,0.85,7,2026-10-03
2026-10-10,wk inc flu hosp,-1,46,quantile,0.9,7,2026-10-03
2026-10-10,wk inc flu hosp,-1,46,quantile,0.95,7,2026-10-03
2026-10-10,wk inc flu hosp,-1,46,quantile,0.975,14,2026-10-03
2026-10-10,wk inc flu hosp,-1,46,quantile,0.99,14,2026-10-03
2026-10-10,wk inc flu hosp,0,46,quantile,0.01,0,2026-10-10
2026-10-10,wk inc flu hosp,0,46,quantile,0.025,0,2026-10-10
2026-10-10,wk inc flu hosp,0,46,quantile,0.05,0,2026-10-10
2026-10-10,wk inc flu hosp,0,46,quantile,0.1,0,2026-10-10
2026-10-10,wk inc flu hosp,0,46,quantile,0.15,0,2026-10-10
2026-10-10,wk inc flu hosp,0,46,quantile,0.2,0,2026-10-10
2026-10-10,wk inc flu hosp,0,46,quantile,0.25,0,2026-10-10
2026-10-10,wk inc flu hosp,0,46,quantile,0.3,0,2026-10-10
2026-10-10,wk inc flu hosp,0,46,quantile,0.35,0,2026-10-10
2026-10-10,wk inc flu hosp,0,46,quantile,0.4,0,2026-10-10
2026-10-10,wk inc flu hosp,0,46,quantile,0.45,0,2026-10-10
2026-10-10,wk inc flu hosp,0,46,quantile,0.5,0,2026-10-10
2026-10-10,wk inc flu hosp,0,46,quantile,0.55,0,2026-10-10
2026-10-10,wk inc flu hosp,0,46,quantile,0.6,0,2026-10-10
2026-10-10,wk inc flu hosp,0,46,quantile,0.65,0,2026-10-10
2026-10-10,wk inc flu hosp,0,46,quantile,0.7,0,2026-10-10
2026-10-10,wk inc flu hosp,0,46,quantile,0.75,7,2026-10-10
2026-10-10,wk inc flu hosp,0,46,quantile,0.8,7,2026-10-10
2026-10-10,wk inc flu hosp,0,46,quantile,0.85,7,2026-10-10
2026-10-10,wk inc flu hosp,0,46,quantile,0.9,7,2026-10-10
2026-10-10,wk inc flu hosp,0,46,quantile,0.95,14,2026-10-10
2026-10-10,wk inc flu hosp,0,46,quantile,0.975,14,2026-10-10
2026-10-10,wk inc flu hosp,0,46,quantile,0.99,21,2026-10-10
2026-10-10,wk inc flu hosp,1,46,quantile,0.01,0,2026-10-17
2026-10-10,wk inc flu hosp,1,46,quantile,0.025,0,2026-10-17
2026-10-10,wk inc flu hosp,1,46,quantile,0.05,0,2026-10-17
2026-10-10,wk inc flu hosp,1,46,quantile,0.1,0,2026-10-17
2026-10-10,wk inc flu hosp,1,46,quantile,0.15,0,2026-10-17
2026-10-10,wk inc flu hosp,1,46,quantile,0.2,0,2026-10-17
2026-10-10,wk inc flu hosp,1,46,quantile,0.25,0,2026-10-17
2026-10-10,wk inc flu hosp,1,46,quantile,0.3,0,2026-10-17
2026-10-10,wk inc flu hosp,1,46,quantile,0.35,0,2026-10-17
2026-10-10,wk inc flu hosp,1,46,quantile,0.4,0,2026-10-17
2026-10-10,wk inc flu hosp,1,46,quantile,0.45,0,2026-10-17
2026-10-10,wk inc flu hosp,1,46,quantile,0.5,0,2026-10-17
2026-10-10,wk inc flu hosp,1,46,quantile,0.55,0,2026-10-17
2026-10-10,wk inc flu hosp,1,46,quantile,0.6,0,2026-10-17
2026-10-10,wk inc flu hosp,1,46,quantile,0.65,0,2026-10-17
2026-10-10,wk inc flu hosp,1,46,quantile,0.7,7,2026-10-17
2026-10-10,wk inc flu hosp,1,46,quantile,0.75,7,2026-10-17
2026-10-10,wk inc flu hosp,1,46,quantile,0.8,7,2026-10-17
2026-10-10,wk inc flu hosp,1,46,quantile,0.85,7,2026-10-17
2026-10-10,wk inc flu hosp,1,46,quantile,0.9,7,2026-10-17
2026-10-10,wk inc flu hosp,1,46,quantile,0.95,14,2026-10-17
2026-10-10,wk inc flu hosp,1,46,quantile,0.975,14,2026-10-17
2026-10-10,wk inc flu hosp,1,46,quantile,0.99,21,2026-10-17
2026-10-10,wk inc flu hosp,2,46,quantile,0.01,0,2026-10-24
2026-10-10,wk inc flu hosp,2,46,quantile,0.025,0,2026-10-24
2026-10-10,wk inc flu hosp,2,46,quantile,0.05,0,2026-10-24
2026-10-10,wk inc flu hosp,2,46,quantile,0.1,0,2026-10-24
2026-10-10,wk inc flu hosp,2,46,quantile,0.15,0,2026-10-24
2026-10-10,wk inc flu hosp,2,46,quantile,0.2,0,2026-10-24
2026-10-10,wk inc flu hosp,2,46,quantile,0.25,0,2026-10-24
2026-10-10,wk inc flu hosp,2,46,quantile,0.3,0,2026-10-24
2026-10-10,wk inc flu hosp,2,46,quantile,0.35,0,2026-10-24
2026-10-10,wk inc flu hosp,2,46,quantile,0.4,0,2026-10-24
2026-10-10,wk inc flu hosp,2,46,quantile,0.45,0,2026-10-24
2026-10-10,wk inc flu hosp,2,46,quantile,0.5,0,2026-10-24
2026-10-10,wk inc flu hosp,2,46,quantile,0.55,0,2026-10-24
2026-10-10,wk inc flu hosp,2,46,quantile,0.6,0,2026-10-24
2026-10-10,wk inc flu hosp,2,46,quantile,0.65,7,2026-10-24
2026-10-10,wk inc flu hosp,2,46,quantile,0.7,7,2026-10-24
2026-10-10,wk inc flu hosp,2,46,quantile,0.75,7,2026-10-24
2026-10-10,wk inc flu hosp,2,46,quantile,0.8,7,2026-10-24
2026-10-10,wk inc flu hosp,2,46,quantile,0.85,7,2026-10-24
2026-10-10,wk inc flu hosp,2,46,quantile,0.9,14,2026-10-24
2026-10-10,wk inc flu hosp,2,46,quantile,0.95,14,2026-10-24
2026-10-10,wk inc flu hosp,2,46,quantile,0.975,21,2026-10-24
2026-10-10,wk inc flu hosp,2,46,quantile,0.99,21,2026-10-24
2026-10-10,wk inc flu hosp,3,46,quantile,0.01,0,2026-10-31
2026-10-10,wk inc flu hosp,3,46,quantile,0.025,0,2026-10-31
2026-10-10,wk inc flu hosp,3,46,quantile,0.05,0,2026-10-31
2026-10-10,wk inc flu hosp,3,46,quantile,0.1,0,2026-10-31
2026-10-10,wk inc flu hosp,3,46,quantile,0.15,0,2026-10-31
2026-10-10,wk inc flu hosp,3,46,quantile,0.2,0,2026-10-31
2026-10-10,wk inc flu hosp,3,46,quantile,0.25,0,2026-10-31
2026-10-10,wk inc flu hosp,3,46,quantile,0.3,0,2026-10-31
2026-10-10,wk inc flu hosp,3,46,quantile,0.35,0,2026-10-31
2026-10-10,wk inc flu hosp,3,46,quantile,0.4,0,2026-10-31
2026-10-10,wk inc flu hosp,3,46,quantile,0.45,0,2026-10-31
2026-10-10,wk inc flu hosp,3,46,quantile,0.5,0,2026-10-31
2026-10-10,wk inc flu hosp,3,46,quantile,0.55,0,2026-10-31
2026-10-10,wk inc flu hosp,3,46,quantile,0.6,0,2026-10-31
2026-10-10,wk inc flu hosp,3,46,quantile,0.65,7,2026-10-31
2026-10-10,wk inc flu hosp,3,46,quantile,0.7,7,2026-10-31
2026-10-10,wk inc flu hosp,3,46,quantile,0.75,7,2026-10-31
2026-10-10,wk inc flu hosp,3,46,quantile,0.8,7,2026-10-31
2026-10-10,wk inc flu hosp,3,46,quantile,0.85,7,2026-10-31
2026-10-10,wk inc flu hosp,3,46,quantile,0.9,14,2026-10-31
2026-10-10,wk inc flu hosp,3,46,quantile,0.95,14,2026-10-31
2026-10-10,wk inc flu hosp,3,46,quantile,0.975,21,2026-10-31
2026-10-10,wk inc flu hosp,3,46,quantile,0.99,28,2026-10-31
2026-10-10,wk inc flu hosp,-1,47,quantile,0.01,14,2026-10-03
2026-10-10,wk inc flu hosp,-1,47,quantile,0.025,21,2026-10-03
2026-10-10,wk inc flu hosp,-1,47,quantile,0.05,28,2026-10-03
2026-10-10,wk inc flu hosp,-1,47,quantile,0.1,35,2026-10-03
2026-10-10,wk inc flu hosp,-1,47,quantile,0.15,35,2026-10-03
2026-10-10,wk inc flu hosp,-1,47,quantile,0.2,42,2026-10-03
2026-10-10,wk inc flu hosp,-1,47,quantile,0.25,49,2026-10-03
2026-10-10,wk inc flu hosp,-1,47,quantile,0.3,49,2026-10-03
2026-10-10,wk inc flu hosp,-1,47,quantile,0.35,49,2026-10-03
2026-10-10,wk inc flu hosp,-1,47,quantile,0.4,56,2026-10-03
2026-10-10,wk inc flu hosp,-1,47,quantile,0.45,56,2026-10-03
2026-10-10,wk inc flu hosp,-1,47,quantile,0.5,63,2026-10-03
2026-10-10,wk inc flu hosp,-1,47,quantile,0.55,63,2026-10-03
2026-10-10,wk inc flu hosp,-1,47,quantile,0.6,70,2026-10-03
2026-10-10,wk inc flu hosp,-1,47,quantile,0.65,70,2026-10-03
2026-10-10,wk inc flu hosp,-1,47,quantile,0.7,77,2026-10-03
2026-10-10,wk inc flu hosp,-1,47,quantile,0.75,84,2026-10-03
2026-10-10,wk inc flu hosp,-1,47,quantile,0.8,84,2026-10-03
2026-10-10,wk inc flu hosp,-1,47,quantile,0.85,91,2026-10-03
2026-10-10,wk inc flu hosp,-1,47,quantile,0.9,98,2026-10-03
2026-10-10,wk inc flu hosp,-1,47,quantile,0.95,112,2026-10-03
2026-10-10,wk inc flu hosp,-1,47,quantile,0.975,126,2026-10-03
2026-10-10,wk inc flu hosp,-1,47,quantile,0.99,140,2026-10-03
2026-10-10,wk inc flu hosp,0,47,quantile,0.01,14,2026-10-10
2026-10-10,wk inc flu hosp,0,47,quantile,0.025,21,2026-10-10
2026-10-10,wk inc flu hosp,0,47,quantile,0.05,35,2026-10-10
2026-10-10,wk inc flu hosp,0,47,quantile,0.1,42,2026-10-10
2026-10-10,wk inc flu hosp,0,47,quantile,0.15,49,2026-10-10
2026-10-10,wk inc flu hosp,0,47,quantile,0.2,49,2026-10-10
2026-10-10,wk inc flu hosp,0,47,quantile,0.25,56,2026-10-10
2026-10-10,wk inc flu hosp,0,47,quantile,0.3,56,2026-10-10
2026-10-10,wk inc flu hosp,0,47,quantile,0.35,63,2026-10-10
2026-10-10,wk inc flu hosp,0,47,quantile,0.4,63,2026-10-10
2026-10-10,wk inc flu hosp,0,47,quantile,0.45,70,2026-10-10
2026-10-10,wk inc flu hosp,0,47,quantile,0.5,77,2026-10-10
2026-10-10,wk inc flu hosp,0,47,quantile,0.55,77,2026-10-10
2026-10-10,wk inc flu hosp,0,47,quantile,0.6,84,2026-10-10
2026-10-10,wk inc flu hosp,0,47,quantile,0.65,84,2026-10-10
2026-10-10,wk inc flu hosp,0,47,quantile,0.7,91,2026-10-10
2026-10-10,wk inc flu hosp,0,47,quantile,0.75,98,2026-10-10
2026-10-10,wk inc flu hosp,0,47,quantile,0.8,105,2026-10-10
2026-10-10,wk inc flu hosp,0,47,quantile,0.85,112,2026-10-10
2026-10-10,wk inc flu hosp,0,47,quantile,0.9,119,2026-10-10
2026-10-10,wk inc flu hosp,0,47,quantile,0.95,140,2026-10-10
2026-10-10,wk inc flu hosp,0,47,quantile,0.975,154,2026-10-10
2026-10-10,wk inc flu hosp,0,47,quantile,0.99,168,2026-10-10
2026-10-10,wk inc flu hosp,1,47,quantile,0.01,21,2026-10-17
2026-10-10,wk inc flu hosp,1,47,quantile,0.025,28,2026-10-17
2026-10-10,wk inc flu hosp,1,47,quantile,0.05,35,2026-10-17
2026-10-10,wk inc flu hosp,1,47,quantile,0.1,42,2026-10-17
2026-10-10,wk inc flu hosp,1,47,quantile,0.15,49,2026-10-17
2026-10-10,wk inc flu hosp,1,47,quantile,0.2,56,2026-10-17
2026-10-10,wk inc flu hosp,1,47,quantile,0.25,63,2026-10-17
2026-10-10,wk inc flu hosp,1,47,quantile,0.3,70,2026-10-17
2026-10-10,wk inc flu hosp,1,47,quantile,0.35,70,2026-10-17
2026-10-10,wk inc flu hosp,1,47,quantile,0.4,77,2026-10-17
2026-10-10,wk inc flu hosp,1,47,quantile,0.45,84,2026-10-17
2026-10-10,wk inc flu hosp,1,47,quantile,0.5,84,2026-10-17
2026-10-10,wk inc flu hosp,1,47,quantile,0.55,91,2026-10-17
2026-10-10,wk inc flu hosp,1,47,quantile,0.6,98,2026-10-17
2026-10-10,wk inc flu hosp,1,47,quantile,0.65,98,2026-10-17
2026-10-10,wk inc flu hosp,1,47,quantile,0.7,105,2026-10-17
2026-10-10,wk inc flu hosp,1,47,quantile,0.75,112,2026-10-17
2026-10-10,wk inc flu hosp,1,47,quantile,0.8,119,2026-10-17
2026-10-10,wk inc flu hosp,1,47,quantile,0.85,133,2026-10-17
2026-10-10,wk inc flu hosp,1,47,quantile,0.9,147,2026-10-17
2026-10-10,wk inc flu hosp,1,47,quantile,0.95,161,2026-10-17
2026-10-10,wk inc flu hosp,1,47,quantile,0.975,182,2026-10-17
2026-10-10,wk inc flu hosp,1,47,quantile,0.99,210,2026-10-17
2026-10-10,wk inc flu hosp,2,47,quantile,0.01,28,2026-10-24
2026-10-10,wk inc flu hosp,2,47,quantile,0.025,28,2026-10-24
2026-10-10,wk inc flu hosp,2,47,quantile,0.05,35,2026-10-24
2026-10-10,wk inc flu hosp,2,47,quantile,0.1,49,2026-10-24
2026-10-10,wk inc flu hosp,2,47,quantile,0.15,56,2026-10-24
2026-10-10,wk inc flu hosp,2,47,quantile,0.2,63,2026-10-24
2026-10-10,wk inc flu hosp,2,47,quantile,0.25,70,2026-10-24
2026-10-10,wk inc flu hosp,2,47,quantile,0.3,77,2026-10-24
2026-10-10,wk inc flu hosp,2,47,quantile,0.35,84,2026-10-24
2026-10-10,wk inc flu hosp,2,47,quantile,0.4,84,2026-10-24
2026-10-10,wk inc flu hosp,2,47,quantile,0.45,98,2026-10-24
2026-10-10,wk inc flu hosp,2,47,quantile,0.5,105,2026-10-24
2026-10-10,wk inc flu hosp,2,47,quantile,0.55,112,2026-10-24
2026-10-10,wk inc flu hosp,2,47,quantile,0.6,119,2026-10-24
2026-10-10,wk inc flu hosp,2,47,quantile,0.65,126,2026-10-24
2026-10-10,wk inc flu hosp,2,47,quantile,0.7,140,2026-10-24
2026-10-10,wk inc flu hosp,2,47,quantile,0.75,147,2026-10-24
2026-10-10,wk inc flu hosp,2,47,quantile,0.8,161,2026-10-24
2026-10-10,wk inc flu hosp,2,47,quantile,0.85,169,2026-10-24
2026-10-10,wk inc flu hosp,2,47,quantile,0.9,196,2026-10-24
2026-10-10,wk inc flu hosp,2,47,quantile,0.95,224,2026-10-24
2026-10-10,wk inc flu hosp,2,47,quantile,0.975,252,2026-10-24
2026-10-10,wk inc flu hosp,2,47,quantile,0.99,301,2026-10-24
2026-10-10,wk inc flu hosp,3,47,quantile,0.01,21,2026-10-31
2026-10-10,wk inc flu hosp,3,47,quantile,0.025,28,2026-10-31
2026-10-10,wk inc flu hosp,3,47,quantile,0.05,42,2026-10-31
2026-10-10,wk inc flu hosp,3,47,quantile,0.1,49,2026-10-31
2026-10-10,wk inc flu hosp,3,47,quantile,0.15,63,2026-10-31
2026-10-10,wk inc flu hosp,3,47,quantile,0.2,70,2026-10-31
2026-10-10,wk inc flu hosp,3,47,quantile,0.25,84,2026-10-31
2026-10-10,wk inc flu hosp,3,47,quantile,0.3,91,2026-10-31
2026-10-10,wk inc flu hosp,3,47,quantile,0.35,98,2026-10-31
2026-10-10,wk inc flu hosp,3,47,quantile,0.4,112,2026-10-31
2026-10-10,wk inc flu hosp,3,47,quantile,0.45,119,2026-10-31
2026-10-10,wk inc flu hosp,3,47,quantile,0.5,126,2026-10-31
2026-10-10,wk inc flu hosp,3,47,quantile,0.55,140,2026-10-31
2026-10-10,wk inc flu hosp,3,47,quantile,0.6,147,2026-10-31
2026-10-10,wk inc flu hosp,3,47,quantile,0.65,156,2026-10-31
2026-10-10,wk inc flu hosp,3,47,quantile,0.7,168,2026-10-31
2026-10-10,wk inc flu hosp,3,47,quantile,0.75,182,2026-10-31
2026-10-10,wk inc flu hosp,3,47,quantile,0.8,196,2026-10-31
2026-10-10,wk inc flu hosp,3,47,quantile,0.85,231,2026-10-31
2026-10-10,wk inc flu hosp,3,47,quantile,0.9,266,2026-10-31
2026-10-10,wk inc flu hosp,3,47,quantile,0.95,308,2026-10-31
2026-10-10,wk inc flu hosp,3,47,quantile,0.975,357,2026-10-31
2026-10-10,wk inc flu hosp,3,47,quantile,0.99,434,2026-10-31
2026-10-10,wk inc flu hosp,-1,48,quantile,0.01,168,2026-10-03
2026-10-10,wk inc flu hosp,-1,48,quantile,0.025,175,2026-10-03
2026-10-10,wk inc flu hosp,-1,48,quantile,0.05,189,2026-10-03
2026-10-10,wk inc flu hosp,-1,48,quantile,0.1,210,2026-10-03
2026-10-10,wk inc flu hosp,-1,48,quantile,0.15,231,2026-10-03
2026-10-10,wk inc flu hosp,-1,48,quantile,0.2,238,2026-10-03
2026-10-10,wk inc flu hosp,-1,48,quantile,0.25,252,2026-10-03
2026-10-10,wk inc flu hosp,-1,48,quantile,0.3,259,2026-10-03
2026-10-10,wk inc flu hosp,-1,48,quantile,0.35,271,2026-10-03
2026-10-10,wk inc flu hosp,-1,48,quantile,0.4,280,2026-10-03
2026-10-10,wk inc flu hosp,-1,48,quantile,0.45,287,2026-10-03
2026-10-10,wk inc flu hosp,-1,48,quantile,0.5,294,2026-10-03
2026-10-10,wk inc flu hosp,-1,48,quantile,0.55,308,2026-10-03
2026-10-10,wk inc flu hosp,-1,48,quantile,0.6,315,2026-10-03
2026-10-10,wk inc flu hosp,-1,48,quantile,0.65,322,2026-10-03
2026-10-10,wk inc flu hosp,-1,48,quantile,0.7,336,2026-10-03
2026-10-10,wk inc flu hosp,-1,48,quantile,0.75,350,2026-10-03
2026-10-10,wk inc flu hosp,-1,48,quantile,0.8,364,2026-10-03
2026-10-10,wk inc flu hosp,-1,48,quantile,0.85,378,2026-10-03
2026-10-10,wk inc flu hosp,-1,48,quantile,0.9,399,2026-10-03
2026-10-10,wk inc flu hosp,-1,48,quantile,0.95,434,2026-10-03
2026-10-10,wk inc flu hosp,-1,48,quantile,0.975,476,2026-10-03
2026-10-10,wk inc flu hosp,-1,48,quantile,0.99,511,2026-10-03
2026-10-10,wk inc flu hosp,0,48,quantile,0.01,175,2026-10-10
2026-10-10,wk inc flu hosp,0,48,quantile,0.025,203,2026-10-10
2026-10-10,wk inc flu hosp,0,48,quantile,0.05,224,2026-10-10
2026-10-10,wk inc flu hosp,0,48,quantile,0.1,245,2026-10-10
2026-10-10,wk inc flu hosp,0,48,quantile,0.15,266,2026-10-10
2026-10-10,wk inc flu hosp,0,48,quantile,0.2,280,2026-10-10
2026-10-10,wk inc flu hosp,0,48,quantile,0.25,294,2026-10-10
2026-10-10,wk inc flu hosp,0,48,quantile,0.3,308,2026-10-10
2026-10-10,wk inc flu hosp,0,48,quantile,0.35,315,2026-10-10
2026-10-10,wk inc flu hosp,0,48,quantile,0.4,322,2026-10-10
2026-10-10,wk inc flu hosp,0,48,quantile,0.45,336,2026-10-10
2026-10-10,wk inc flu hosp,0,48,quantile,0.5,350,2026-10-10
2026-10-10,wk inc flu hosp,0,48,quantile,0.55,364,2026-10-10
2026-10-10,wk inc flu hosp,0,48,quantile,0.6,371,2026-10-10
2026-10-10,wk inc flu hosp,0,48,quantile,0.65,385,2026-10-10
2026-10-10,wk inc flu hosp,0,48,quantile,0.7,399,2026-10-10
2026-10-10,wk inc flu hosp,0,48,quantile,0.75,413,2026-10-10
2026-10-10,wk inc flu hosp,0,48,quantile,0.8,434,2026-10-10
2026-10-10,wk inc flu hosp,0,48,quantile,0.85,455,2026-10-10
2026-10-10,wk inc flu hosp,0,48,quantile,0.9,476,2026-10-10
2026-10-10,wk inc flu hosp,0,48,quantile,0.95,511,2026-10-10
2026-10-10,wk inc flu hosp,0,48,quantile,0.975,532,2026-10-10
2026-10-10,wk inc flu hosp,0,48,quantile,0.99,567,2026-10-10
2026-10-10,wk inc flu hosp,1,48,quantile,0.01,203,2026-10-17
2026-10-10,wk inc flu hosp,1,48,quantile,0.025,217,2026-10-17
2026-10-10,wk inc flu hosp,1,48,quantile,0.05,245,2026-10-17
2026-10-10,wk inc flu hosp,1,48,quantile,0.1,287,2026-10-17
2026-10-10,wk inc flu hosp,1,48,quantile,0.15,308,2026-10-17
2026-10-10,wk inc flu hosp,1,48,quantile,0.2,322,2026-10-17
2026-10-10,wk inc flu hosp,1,48,quantile,0.25,336,2026-10-17
2026-10-10,wk inc flu hosp,1,48,quantile,0.3,357,2026-10-17
2026-10-10,wk inc flu hosp,1,48,quantile,0.35,371,2026-10-17
2026-10-10,wk inc flu hosp,1,48,quantile,0.4,385,2026-10-17
2026-10-10,wk inc flu hosp,1,48,quantile,0.45,399,2026-10-17
2026-10-10,wk inc flu hosp,1,48,quantile,0.5,413,2026-10-17
2026-10-10,wk inc flu hosp,1,48,quantile,0.55,427,2026-10-17
2026-10-10,wk inc flu hosp,1,48,quantile,0.6,441,2026-10-17
2026-10-10,wk inc flu hosp,1,48,quantile,0.65,455,2026-10-17
2026-10-10,wk inc flu hosp,1,48,quantile,0.7,476,2026-10-17
2026-10-10,wk inc flu hosp,1,48,quantile,0.75,490,2026-10-17
2026-10-10,wk inc flu hosp,1,48,quantile,0.8,511,2026-10-17
2026-10-10,wk inc flu hosp,1,48,quantile,0.85,532,2026-10-17
2026-10-10,wk inc flu hosp,1,48,quantile,0.9,574,2026-10-17
2026-10-10,wk inc flu hosp,1,48,quantile,0.95,637,2026-10-17
2026-10-10,wk inc flu hosp,1,48,quantile,0.975,686,2026-10-17
2026-10-10,wk inc flu hosp,1,48,quantile,0.99,749,2026-10-17
2026-10-10,wk inc flu hosp,2,48,quantile,0.01,203,2026-10-24
2026-10-10,wk inc flu hosp,2,48,quantile,0.025,259,2026-10-24
2026-10-10,wk inc flu hosp,2,48,quantile,0.05,287,2026-10-24
2026-10-10,wk inc flu hosp,2,48,quantile,0.1,329,2026-10-24
2026-10-10,wk inc flu hosp,2,48,quantile,0.15,357,2026-10-24
2026-10-10,wk inc flu hosp,2,48,quantile,0.2,378,2026-10-24
2026-10-10,wk inc flu hosp,2,48,quantile,0.25,399,2026-10-24
2026-10-10,wk inc flu hosp,2,48,quantile,0.3,420,2026-10-24
2026-10-10,wk inc flu hosp,2,48,quantile,0.35,441,2026-10-24
2026-10-10,wk inc flu hosp,2,48,quantile,0.4,462,2026-10-24
2026-10-10,wk inc flu hosp,2,48,quantile,0.45,490,2026-10-24
2026-10-10,wk inc flu hosp,2,48,quantile,0.5,504,2026-10-24
2026-10-10,wk inc flu hosp,2,48,quantile,0.55,528,2026-10-24
2026-10-10,wk inc flu hosp,2,48,quantile,0.6,553,2026-10-24
2026-10-10,wk inc flu hosp,2,48,quantile,0.65,588,2026-10-24
2026-10-10,wk inc flu hosp,2,48,quantile,0.7,616,2026-10-24
2026-10-10,wk inc flu hosp,2,48,quantile,0.75,658,2026-10-24
2026-10-10,wk inc flu hosp,2,48,quantile,0.8,707,2026-10-24
2026-10-10,wk inc flu hosp,2,48,quantile,0.85,742,2026-10-24
2026-10-10,wk inc flu hosp,2,48,quantile,0.9,799,2026-10-24
2026-10-10,wk inc flu hosp,2,48,quantile,0.95,903,2026-10-24
2026-10-10,wk inc flu hosp,2,48,quantile,0.975,1008,2026-10-24
2026-10-10,wk inc flu hosp,2,48,quantile,0.99,1106,2026-10-24
2026-10-10,wk inc flu hosp,3,48,quantile,0.01,217,2026-10-31
2026-10-10,wk inc flu hosp,3,48,quantile,0.025,259,2026-10-31
2026-10-10,wk inc flu hosp,3,48,quantile,0.05,294,2026-10-31
2026-10-10,wk inc flu hosp,3,48,quantile,0.1,350,2026-10-31
2026-10-10,wk inc flu hosp,3,48,quantile,0.15,399,2026-10-31
2026-10-10,wk inc flu hosp,3,48,quantile,0.2,427,2026-10-31
2026-10-10,wk inc flu hosp,3,48,quantile,0.25,462,2026-10-31
2026-10-10,wk inc flu hosp,3,48,quantile,0.3,490,2026-10-31
2026-10-10,wk inc flu hosp,3,48,quantile,0.35,532,2026-10-31
2026-10-10,wk inc flu hosp,3,48,quantile,0.4,567,2026-10-31
2026-10-10,wk inc flu hosp,3,48,quantile,0.45,606,2026-10-31
2026-10-10,wk inc flu hosp,3,48,quantile,0.5,651,2026-10-31
2026-10-10,wk inc flu hosp,3,48,quantile,0.55,686,2026-10-31
2026-10-10,wk inc flu hosp,3,48,quantile,0.6,721,2026-10-31
2026-10-10,wk inc flu hosp,3,48,quantile,0.65,770,2026-10-31
2026-10-10,wk inc flu hosp,3,48,quantile,0.7,812,2026-10-31
2026-10-10,wk inc flu hosp,3,48,quantile,0.75,875,2026-10-31
2026-10-10,wk inc flu hosp,3,48,quantile,0.8,924,2026-10-31
2026-10-10,wk inc flu hosp,3,48,quantile,0.85,1001,2026-10-31
2026-10-10,wk inc flu hosp,3,48,quantile,0.9,1169,2026-10-31
2026-10-10,wk inc flu hosp,3,48,quantile,0.95,1359,2026-10-31
2026-10-10,wk inc flu hosp,3,48,quantile,0.975,1513,2026-10-31
2026-10-10,wk inc flu hosp,3,48,quantile,0.99,1841,2026-10-31
2026-10-10,wk inc flu hosp,-1,49,quantile,0.01,0,2026-10-03
2026-10-10,wk inc flu hosp,-1,49,quantile,0.025,0,2026-10-03
2026-10-10,wk inc flu hosp,-1,49,quantile,0.05,0,2026-10-03
2026-10-10,wk inc flu hosp,-1,49,quantile,0.1,7,2026-10-03
2026-10-10,wk inc flu hosp,-1,49,quantile,0.15,7,2026-10-03
2026-10-10,wk inc flu hosp,-1,49,quantile,0.2,7,2026-10-03
2026-10-10,wk inc flu hosp,-1,49,quantile,0.25,7,2026-10-03
2026-10-10,wk inc flu hosp,-1,49,quantile,0.3,14,2026-10-03
2026-10-10,wk inc flu hosp,-1,49,quantile,0.35,14,2026-10-03
2026-10-10,wk inc flu hosp,-1,49,quantile,0.4,14,2026-10-03
2026-10-10,wk inc flu hosp,-1,49,quantile,0.45,14,2026-10-03
2026-10-10,wk inc flu hosp,-1,49,quantile,0.5,21,2026-10-03
2026-10-10,wk inc flu hosp,-1,49,quantile,0.55,21,2026-10-03
2026-10-10,wk inc flu hosp,-1,49,quantile,0.6,21,2026-10-03
2026-10-10,wk inc flu hosp,-1,49,quantile,0.65,28,2026-10-03
2026-10-10,wk inc flu hosp,-1,49,quantile,0.7,28,2026-10-03
2026-10-10,wk inc flu hosp,-1,49,quantile,0.75,28,2026-10-03
2026-10-10,wk inc flu hosp,-1,49,quantile,0.8,35,2026-10-03
2026-10-10,wk inc flu hosp,-1,49,quantile,0.85,35,2026-10-03
2026-10-10,wk inc flu hosp,-1,49,quantile,0.9,42,2026-10-03
2026-10-10,wk inc flu hosp,-1,49,quantile,0.95,49,2026-10-03
2026-10-10,wk inc flu hosp,-1,49,quantile,0.975,56,2026-10-03
2026-10-10,wk inc flu hosp,-1,49,quantile,0.99,63,2026-10-03
2026-10-10,wk inc flu hosp,0,49,quantile,0.01,0,2026-10-10
2026-10-10,wk inc flu hosp,0,49,quantile,0.025,0,2026-10-10
2026-10-10,wk inc flu hosp,0,49,quantile,0.05,0,2026-10-10
2026-10-10,wk inc flu hosp,0,49,quantile,0.1,7,2026-10-10
2026-10-10,wk inc flu hosp,0,49,quantile,0.15,7,2026-10-10
2026-10-10,wk inc flu hosp,0,49,quantile,0.2,7,2026-10-10
2026-10-10,wk inc flu hosp,0,49,quantile,0.25,14,2026-10-10
2026-10-10,wk inc flu hosp,0,49,quantile,0.3,14,2026-10-10
2026-10-10,wk inc flu hosp,0,49,quantile,0.35,14,2026-10-10
2026-10-10,wk inc flu hosp,0,49,quantile,0.4,21,2026-10-10
2026-10-10,wk inc flu hosp,0,49,quantile,0.45,21,2026-10-10
2026-10-10,wk inc flu hosp,0,49,quantile,0.5,21,2026-10-10
2026-10-10,wk inc flu hosp,0,49,quantile,0.55,28,2026-10-10
2026-10-10,wk inc flu hosp,0,49,quantile,0.6,28,2026-10-10
2026-10-10,wk inc flu hosp,0,49,quantile,0.65,28,2026-10-10
2026-10-10,wk inc flu hosp,0,49,quantile,0.7,35,2026-10-10
2026-10-10,wk inc flu hosp,0,49,quantile,0.75,42,2026-10-10
2026-10-10,wk inc flu hosp,0,49,quantile,0.8,42,2026-10-10
2026-10-10,wk inc flu hosp,0,49,quantile,0.85,49,2026-10-10
2026-10-10,wk inc flu hosp,0,49,quantile,0.9,56,2026-10-10
2026-10-10,wk inc flu hosp,0,49,quantile,0.95,70,2026-10-10
2026-10-10,wk inc flu hosp,0,49,quantile,0.975,77,2026-10-10
2026-10-10,wk inc flu hosp,0,49,quantile,0.99,105,2026-10-10
2026-10-10,wk inc flu hosp,1,49,quantile,0.01,0,2026-10-17
2026-10-10,wk inc flu hosp,1,49,quantile,0.025,0,2026-10-17
2026-10-10,wk inc flu hosp,1,49,quantile,0.05,7,2026-10-17
2026-10-10,wk inc flu hosp,1,49,quantile,0.1,7,2026-10-17
2026-10-10,wk inc flu hosp,1,49,quantile,0.15,7,2026-10-17
2026-10-10,wk inc flu hosp,1,49,quantile,0.2,14,2026-10-17
2026-10-10,wk inc flu hosp,1,49,quantile,0.25,14,2026-10-17
2026-10-10,wk inc flu hosp,1,49,quantile,0.3,21,2026-10-17
2026-10-10,wk inc flu hosp,1,49,quantile,0.35,21,2026-10-17
2026-10-10,wk inc flu hosp,1,49,quantile,0.4,21,2026-10-17
2026-10-10,wk inc flu hosp,1,49,quantile,0.45,28,2026-10-17
2026-10-10,wk inc flu hosp,1,49,quantile,0.5,28,2026-10-17
2026-10-10,wk inc flu hosp,1,49,quantile,0.55,35,2026-10-17
2026-10-10,wk inc flu hosp,1,49,quantile,0.6,35,2026-10-17
2026-10-10,wk inc flu hosp,1,49,quantile,0.65,42,2026-10-17
2026-10-10,wk inc flu hosp,1,49,quantile,0.7,49,2026-10-17
2026-10-10,wk inc flu hosp,1,49,quantile,0.75,51,2026-10-17
2026-10-10,wk inc flu hosp,1,49,quantile,0.8,56,2026-10-17
2026-10-10,wk inc flu hosp,1,49,quantile,0.85,70,2026-10-17
2026-10-10,wk inc flu hosp,1,49,quantile,0.9,84,2026-10-17
2026-10-10,wk inc flu hosp,1,49,quantile,0.95,98,2026-10-17
2026-10-10,wk inc flu hosp,1,49,quantile,0.975,119,2026-10-17
2026-10-10,wk inc flu hosp,1,49,quantile,0.99,147,2026-10-17
2026-10-10,wk inc flu hosp,2,49,quantile,0.01,0,2026-10-24
2026-10-10,wk inc flu hosp,2,49,quantile,0.025,0,2026-10-24
2026-10-10,wk inc flu hosp,2,49,quantile,0.05,0,2026-10-24
2026-10-10,wk inc flu hosp,2,49,quantile,0.1,7,2026-10-24
2026-10-10,wk inc flu hosp,2,49,quantile,0.15,14,2026-10-24
2026-10-10,wk inc flu hosp,2,49,quantile,0.2,14,2026-10-24
2026-10-10,wk inc flu hosp,2,49,quantile,0.25,21,2026-10-24
2026-10-10,wk inc flu hosp,2,49,quantile,0.3,21,2026-10-24
2026-10-10,wk inc flu hosp,2,49,quantile,0.35,28,2026-10-24
2026-10-10,wk inc flu hosp,2,49,quantile,0.4,28,2026-10-24
2026-10-10,wk inc flu hosp,2,49,quantile,0.45,35,2026-10-24
2026-10-10,wk inc flu hosp,2,49,quantile,0.5,35,2026-10-24
2026-10-10,wk inc flu hosp,2,49,quantile,0.55,42,2026-10-24
2026-10-10,wk inc flu hosp,2,49,quantile,0.6,49,2026-10-24
2026-10-10,wk inc flu hosp,2,49,quantile,0.65,56,2026-10-24
2026-10-10,wk inc flu hosp,2,49,quantile,0.7,63,2026-10-24
2026-10-10,wk inc flu hosp,2,49,quantile,0.75,70,2026-10-24
2026-10-10,wk inc flu hosp,2,49,quantile,0.8,77,2026-10-24
2026-10-10,wk inc flu hosp,2,49,quantile,0.85,91,2026-10-24
2026-10-10,wk inc flu hosp,2,49,quantile,0.9,105,2026-10-24
2026-10-10,wk inc flu hosp,2,49,quantile,0.95,133,2026-10-24
2026-10-10,wk inc flu hosp,2,49,quantile,0.975,189,2026-10-24
2026-10-10,wk inc flu hosp,2,49,quantile,0.99,224,2026-10-24
2026-10-10,wk inc flu hosp,3,49,quantile,0.01,0,2026-10-31
2026-10-10,wk inc flu hosp,3,49,quantile,0.025,0,2026-10-31
2026-10-10,wk inc flu hosp,3,49,quantile,0.05,7,2026-10-31
2026-10-10,wk inc flu hosp,3,49,quantile,0.1,7,2026-10-31
2026-10-10,wk inc flu hosp,3,49,quantile,0.15,14,2026-10-31
2026-10-10,wk inc flu hosp,3,49,quantile,0.2,21,2026-10-31
2026-10-10,wk inc flu hosp,3,49,quantile,0.25,21,2026-10-31
2026-10-10,wk inc flu hosp,3,49,quantile,0.3,28,2026-10-31
2026-10-10,wk inc flu hosp,3,49,quantile,0.35,28,2026-10-31
2026-10-10,wk inc flu hosp,3,49,quantile,0.4,35,2026-10-31
2026-10-10,wk inc flu hosp,3,49,quantile,0.45,42,2026-10-31
2026-10-10,wk inc flu hosp,3,49,quantile,0.5,49,2026-10-31
2026-10-10,wk inc flu hosp,3,49,quantile,0.55,56,2026-10-31
2026-10-10,wk inc flu hosp,3,49,quantile,0.6,56,2026-10-31
2026-10-10,wk inc flu hosp,3,49,quantile,0.65,70,2026-10-31
2026-10-10,wk inc flu hosp,3,49,quantile,0.7,84,2026-10-31
2026-10-10,wk inc flu hosp,3,49,quantile,0.75,91,2026-10-31
2026-10-10,wk inc flu hosp,3,49,quantile,0.8,105,2026-10-31
2026-10-10,wk inc flu hosp,3,49,quantile,0.85,126,2026-10-31
2026-10-10,wk inc flu hosp,3,49,quantile,0.9,148,2026-10-31
2026-10-10,wk inc flu hosp,3,49,quantile,0.95,196,2026-10-31
2026-10-10,wk inc flu hosp,3,49,quantile,0.975,273,2026-10-31
2026-10-10,wk inc flu hosp,3,49,quantile,0.99,336,2026-10-31
2026-10-10,wk inc flu hosp,-1,50,quantile,0.01,0,2026-10-03
2026-10-10,wk inc flu hosp,-1,50,quantile,0.025,0,2026-10-03
2026-10-10,wk inc flu hosp,-1,50,quantile,0.05,0,2026-10-03
2026-10-10,wk inc flu hosp,-1,50,quantile,0.1,0,2026-10-03
2026-10-10,wk inc flu hosp,-1,50,quantile,0.15,0,2026-10-03
2026-10-10,wk inc flu hosp,-1,50,quantile,0.2,0,2026-10-03
2026-10-10,wk inc flu hosp,-1,50,quantile,0.25,0,2026-10-03
2026-10-10,wk inc flu hosp,-1,50,quantile,0.3,0,2026-10-03
2026-10-10,wk inc flu hosp,-1,50,quantile,0.35,0,2026-10-03
2026-10-10,wk inc flu hosp,-1,50,quantile,0.4,0,2026-10-03
2026-10-10,wk inc flu hosp,-1,50,quantile,0.45,0,2026-10-03
2026-10-10,wk inc flu hosp,-1,50,quantile,0.5,0,2026-10-03
2026-10-10,wk inc flu hosp,-1,50,quantile,0.55,0,2026-10-03
2026-10-10,wk inc flu hosp,-1,50,quantile,0.6,0,2026-10-03
2026-10-10,wk inc flu hosp,-1,50,quantile,0.65,0,2026-10-03
2026-10-10,wk inc flu hosp,-1,50,quantile,0.7,0,2026-10-03
2026-10-10,wk inc flu hosp,-1,50,quantile,0.75,7,2026-10-03
2026-10-10,wk inc flu hosp,-1,50,quantile,0.8,7,2026-10-03
2026-10-10,wk inc flu hosp,-1,50,quantile,0.85,7,2026-10-03
2026-10-10,wk inc flu hosp,-1,50,quantile,0.9,7,2026-10-03
2026-10-10,wk inc flu hosp,-1,50,quantile,0.95,14,2026-10-03
2026-10-10,wk inc flu hosp,-1,50,quantile,0.975,14,2026-10-03
2026-10-10,wk inc flu hosp,-1,50,quantile,0.99,14,2026-10-03
2026-10-10,wk inc flu hosp,0,50,quantile,0.01,0,2026-10-10
2026-10-10,wk inc flu hosp,0,50,quantile,0.025,0,2026-10-10
2026-10-10,wk inc flu hosp,0,50,quantile,0.05,0,2026-10-10
2026-10-10,wk inc flu hosp,0,50,quantile,0.1,0,2026-10-10
2026-10-10,wk inc flu hosp,0,50,quantile,0.15,0,2026-10-10
2026-10-10,wk inc flu hosp,0,50,quantile,0.2,0,2026-10-10
2026-10-10,wk inc flu hosp,0,50,quantile,0.25,0,2026-10-10
2026-10-10,wk inc flu hosp,0,50,quantile,0.3,0,2026-10-10
2026-10-10,wk inc flu hosp,0,50,quantile,0.35,0,2026-10-10
2026-10-10,wk inc flu hosp,0,50,quantile,0.4,0,2026-10-10
2026-10-10,wk inc flu hosp,0,50,quantile,0.45,0,2026-10-10
2026-10-10,wk inc flu hosp,0,50,quantile,0.5,0,2026-10-10
2026-10-10,wk inc flu hosp,0,50,quantile,0.55,0,2026-10-10
2026-10-10,wk inc flu hosp,0,50,quantile,0.6,0,2026-10-10
2026-10-10,wk inc flu hosp,0,50,quantile,0.65,0,2026-10-10
2026-10-10,wk inc flu hosp,0,50,quantile,0.7,7,2026-10-10
2026-10-10,wk inc flu hosp,0,50,quantile,0.75,7,2026-10-10
2026-10-10,wk inc flu hosp,0,50,quantile,0.8,7,2026-10-10
2026-10-10,wk inc flu hosp,0,50,quantile,0.85,7,2026-10-10
2026-10-10,wk inc flu hosp,0,50,quantile,0.9,7,2026-10-10
2026-10-10,wk inc flu hosp,0,50,quantile,0.95,14,2026-10-10
2026-10-10,wk inc flu hosp,0,50,quantile,0.975,14,2026-10-10
2026-10-10,wk inc flu hosp,0,50,quantile,0.99,21,2026-10-10
2026-10-10,wk inc flu hosp,1,50,quantile,0.01,0,2026-10-17
2026-10-10,wk inc flu hosp,1,50,quantile,0.025,0,2026-10-17
2026-10-10,wk inc flu hosp,1,50,quantile,0.05,0,2026-10-17
2026-10-10,wk inc flu hosp,1,50,quantile,0.1,0,2026-10-17
2026-10-10,wk inc flu hosp,1,50,quantile,0.15,0,2026-10-17
2026-10-10,wk inc flu hosp,1,50,quantile,0.2,0,2026-10-17
2026-10-10,wk inc flu hosp,1,50,quantile,0.25,0,2026-10-17
2026-10-10,wk inc flu hosp,1,50,quantile,0.3,0,2026-10-17
2026-10-10,wk inc flu hosp,1,50,quantile,0.35,0,2026-10-17
2026-10-10,wk inc flu hosp,1,50,quantile,0.4,0,2026-10-17
2026-10-10,wk inc flu hosp,1,50,quantile,0.45,0,2026-10-17
2026-10-10,wk inc flu hosp,1,50,quantile,0.5,0,2026-10-17
2026-10-10,wk inc flu hosp,1,50,quantile,0.55,0,2026-10-17
2026-10-10,wk inc flu hosp,1,50,quantile,0.6,0,2026-10-17
2026-10-10,wk inc flu hosp,1,50,quantile,0.65,0,2026-10-17
2026-10-10,wk inc flu hosp,1,50,quantile,0.7,7,2026-10-17
2026-10-10,wk inc flu hosp,1,50,quantile,0.75,7,2026-10-17
2026-10-10,wk inc flu hosp,1,50,quantile,0.8,7,2026-10-17
2026-10-10,wk inc flu hosp,1,50,quantile,0.85,7,2026-10-17
2026-10-10,wk inc flu hosp,1,50,quantile,0.9,7,2026-10-17
2026-10-10,wk inc flu hosp,1,50,quantile,0.95,14,2026-10-17
2026-10-10,wk inc flu hosp,1,50,quantile,0.975,21,2026-10-17
2026-10-10,wk inc flu hosp,1,50,quantile,0.99,21,2026-10-17
2026-10-10,wk inc flu hosp,2,50,quantile,0.01,0,2026-10-24
2026-10-10,wk inc flu hosp,2,50,quantile,0.025,0,2026-10-24
2026-10-10,wk inc flu hosp,2,50,quantile,0.05,0,2026-10-24
2026-10-10,wk inc flu hosp,2,50,quantile,0.1,0,2026-10-24
2026-10-10,wk inc flu hosp,2,50,quantile,0.15,0,2026-10-24
2026-10-10,wk inc flu hosp,2,50,quantile,0.2,0,2026-10-24
2026-10-10,wk inc flu hosp,2,50,quantile,0.25,0,2026-10-24
2026-10-10,wk inc flu hosp,2,50,quantile,0.3,0,2026-10-24
2026-10-10,wk inc flu hosp,2,50,quantile,0.35,0,2026-10-24
2026-10-10,wk inc flu hosp,2,50,quantile,0.4,0,2026-10-24
2026-10-10,wk inc flu hosp,2,50,quantile,0.45,0,2026-10-24
2026-10-10,wk inc flu hosp,2,50,quantile,0.5,0,2026-10-24
2026-10-10,wk inc flu hosp,2,50,quantile,0.55,0,2026-10-24
2026-10-10,wk inc flu hosp,2,50,quantile,0.6,7,2026-10-24
2026-10-10,wk inc flu hosp,2,50,quantile,0.65,7,2026-10-24
2026-10-10,wk inc flu hosp,2,50,quantile,0.7,7,2026-10-24
2026-10-10,wk inc flu hosp,2,50,quantile,0.75,7,2026-10-24
2026-10-10,wk inc flu hosp,2,50,quantile,0.8,7,2026-10-24
2026-10-10,wk inc flu hosp,2,50,quantile,0.85,7,2026-10-24
2026-10-10,wk inc flu hosp,2,50,quantile,0.9,14,2026-10-24
2026-10-10,wk inc flu hosp,2,50,quantile,0.95,14,2026-10-24
2026-10-10,wk inc flu hosp,2,50,quantile,0.975,21,2026-10-24
2026-10-10,wk inc flu hosp,2,50,quantile,0.99,28,2026-10-24
2026-10-10,wk inc flu hosp,3,50,quantile,0.01,0,2026-10-31
2026-10-10,wk inc flu hosp,3,50,quantile,0.025,0,2026-10-31
2026-10-10,wk inc flu hosp,3,50,quantile,0.05,0,2026-10-31
2026-10-10,wk inc flu hosp,3,50,quantile,0.1,0,2026-10-31
2026-10-10,wk inc flu hosp,3,50,quantile,0.15,0,2026-10-31
2026-10-10,wk inc flu hosp,3,50,quantile,0.2,0,2026-10-31
2026-10-10,wk inc flu hosp,3,50,quantile,0.25,0,2026-10-31
2026-10-10,wk inc flu hosp,3,50,quantile,0.3,0,2026-10-31
2026-10-10,wk inc flu hosp,3,50,quantile,0.35,0,2026-10-31
2026-10-10,wk inc flu hosp,3,50,quantile,0.4,0,2026-10-31
2026-10-10,wk inc flu hosp,3,50,quantile,0.45,0,2026-10-31
2026-10-10,wk inc flu hosp,3,50,quantile,0.5,0,2026-10-31
2026-10-10,wk inc flu hosp,3,50,quantile,0.55,0,2026-10-31
2026-10-10,wk inc flu hosp,3,50,quantile,0.6,7,2026-10-31
2026-10-10,wk inc flu hosp,3,50,quantile,0.65,7,2026-10-31
2026-10-10,wk inc flu hosp,3,50,quantile,0.7,7,2026-10-31
2026-10-10,wk inc flu hosp,3,50,quantile,0.75,7,2026-10-31
2026-10-10,wk inc flu hosp,3,50,quantile,0.8,7,2026-10-31
2026-10-10,wk inc flu hosp,3,50,quantile,0.85,14,2026-10-31
2026-10-10,wk inc flu hosp,3,50,quantile,0.9,14,2026-10-31
2026-10-10,wk inc flu hosp,3,50,quantile,0.95,21,2026-10-31
2026-10-10,wk inc flu hosp,3,50,quantile,0.975,21,2026-10-31
2026-10-10,wk inc flu hosp,3,50,quantile,0.99,35,2026-10-31
2026-10-10,wk inc flu hosp,-1,51,quantile,0.01,0,2026-10-03
2026-10-10,wk inc flu hosp,-1,51,quantile,0.025,7,2026-10-03
2026-10-10,wk inc flu hosp,-1,51,quantile,0.05,7,2026-10-03
2026-10-10,wk inc flu hosp,-1,51,quantile,0.1,14,2026-10-03
2026-10-10,wk inc flu hosp,-1,51,quantile,0.15,14,2026-10-03
2026-10-10,wk inc flu hosp,-1,51,quantile,0.2,21,2026-10-03
2026-10-10,wk inc flu hosp,-1,51,quantile,0.25,21,2026-10-03
2026-10-10,wk inc flu hosp,-1,51,quantile,0.3,21,2026-10-03
2026-10-10,wk inc flu hosp,-1,51,quantile,0.35,28,2026-10-03
2026-10-10,wk inc flu hosp,-1,51,quantile,0.4,28,2026-10-03
2026-10-10,wk inc flu hosp,-1,51,quantile,0.45,28,2026-10-03
2026-10-10,wk inc flu hosp,-1,51,quantile,0.5,35,2026-10-03
2026-10-10,wk inc flu hosp,-1,51,quantile,0.55,35,2026-10-03
2026-10-10,wk inc flu hosp,-1,51,quantile,0.6,38,2026-10-03
2026-10-10,wk inc flu hosp,-1,51,quantile,0.65,42,2026-10-03
2026-10-10,wk inc flu hosp,-1,51,quantile,0.7,42,2026-10-03
2026-10-10,wk inc flu hosp,-1,51,quantile,0.75,49,2026-10-03
2026-10-10,wk inc flu hosp,-1,51,quantile,0.8,49,2026-10-03
2026-10-10,wk inc flu hosp,-1,51,quantile,0.85,56,2026-10-03
2026-10-10,wk inc flu hosp,-1,51,quantile,0.9,63,2026-10-03
2026-10-10,wk inc flu hosp,-1,51,quantile,0.95,70,2026-10-03
2026-10-10,wk inc flu hosp,-1,51,quantile,0.975,84,2026-10-03
2026-10-10,wk inc flu hosp,-1,51,quantile,0.99,91,2026-10-03
2026-10-10,wk inc flu hosp,0,51,quantile,0.01,7,2026-10-10
2026-10-10,wk inc flu hosp,0,51,quantile,0.025,7,2026-10-10
2026-10-10,wk inc flu hosp,0,51,quantile,0.05,14,2026-10-10
2026-10-10,wk inc flu hosp,0,51,quantile,0.1,14,2026-10-10
2026-10-10,wk inc flu hosp,0,51,quantile,0.15,21,2026-10-10
2026-10-10,wk inc flu hosp,0,51,quantile,0.2,21,2026-10-10
2026-10-10,wk inc flu hosp,0,51,quantile,0.25,28,2026-10-10
2026-10-10,wk inc flu hosp,0,51,quantile,0.3,28,2026-10-10
2026-10-10,wk inc flu hosp,0,51,quantile,0.35,35,2026-10-10
2026-10-10,wk inc flu hosp,0,51,quantile,0.4,35,2026-10-10
2026-10-10,wk inc flu hosp,0,51,quantile,0.45,35,2026-10-10
2026-10-10,wk inc flu hosp,0,51,quantile,0.5,42,2026-10-10
2026-10-10,wk inc flu hosp,0,51,quantile,0.55,42,2026-10-10
2026-10-10,wk inc flu hosp,0,51,quantile,0.6,49,2026-10-10
2026-10-10,wk inc flu hosp,0,51,quantile,0.65,49,2026-10-10
2026-10-10,wk inc flu hosp,0,51,quantile,0.7,49,2026-10-10
2026-10-10,wk inc flu hosp,0,51,quantile,0.75,56,2026-10-10
2026-10-10,wk inc flu hosp,0,51,quantile,0.8,63,2026-10-10
2026-10-10,wk inc flu hosp,0,51,quantile,0.85,63,2026-10-10
2026-10-10,wk inc flu hosp,0,51,quantile,0.9,70,2026-10-10
2026-10-10,wk inc flu hosp,0,51,quantile,0.95,84,2026-10-10
2026-10-10,wk inc flu hosp,0,51,quantile,0.975,98,2026-10-10
2026-10-10,wk inc flu hosp,0,51,quantile,0.99,112,2026-10-10
2026-10-10,wk inc flu hosp,1,51,quantile,0.01,0,2026-10-17
2026-10-10,wk inc flu hosp,1,51,quantile,0.025,7,2026-10-17
2026-10-10,wk inc flu hosp,1,51,quantile,0.05,14,2026-10-17
2026-10-10,wk inc flu hosp,1,51,quantile,0.1,21,2026-10-17
2026-10-10,wk inc flu hosp,1,51,quantile,0.15,21,2026-10-17
2026-10-10,wk inc flu hosp,1,51,quantile,0.2,28,2026-10-17
2026-10-10,wk inc flu hosp,1,51,quantile,0.25,28,2026-10-17
2026-10-10,wk inc flu hosp,1,51,quantile,0.3,35,2026-10-17
2026-10-10,wk inc flu hosp,1,51,quantile,0.35,35,2026-10-17
2026-10-10,wk inc flu hosp,1,51,quantile,0.4,42,2026-10-17
2026-10-10,wk inc flu hosp,1,51,quantile,0.45,42,2026-10-17
2026-10-10,wk inc flu hosp,1,51,quantile,0.5,42,2026-10-17
2026-10-10,wk inc flu hosp,1,51,quantile,0.55,49,2026-10-17
2026-10-10,wk inc flu hosp,1,51,quantile,0.6,49,2026-10-17
2026-10-10,wk inc flu hosp,1,51,quantile,0.65,56,2026-10-17
2026-10-10,wk inc flu hosp,1,51,quantile,0.7,56,2026-10-17
2026-10-10,wk inc flu hosp,1,51,quantile,0.75,63,2026-10-17
2026-10-10,wk inc flu hosp,1,51,quantile,0.8,63,2026-10-17
2026-10-10,wk inc flu hosp,1,51,quantile,0.85,70,2026-10-17
2026-10-10,wk inc flu hosp,1,51,quantile,0.9,84,2026-10-17
2026-10-10,wk inc flu hosp,1,51,quantile,0.95,98,2026-10-17
2026-10-10,wk inc flu hosp,1,51,quantile,0.975,105,2026-10-17
2026-10-10,wk inc flu hosp,1,51,quantile,0.99,112,2026-10-17
2026-10-10,wk inc flu hosp,2,51,quantile,0.01,7,2026-10-24
2026-10-10,wk inc flu hosp,2,51,quantile,0.025,7,2026-10-24
2026-10-10,wk inc flu hosp,2,51,quantile,0.05,14,2026-10-24
2026-10-10,wk inc flu hosp,2,51,quantile,0.1,21,2026-10-24
2026-10-10,wk inc flu hosp,2,51,quantile,0.15,21,2026-10-24
2026-10-10,wk inc flu hosp,2,51,quantile,0.2,28,2026-10-24
2026-10-10,wk inc flu hosp,2,51,quantile,0.25,28,2026-10-24
2026-10-10,wk inc flu hosp,2,51,quantile,0.3,35,2026-10-24
2026-10-10,wk inc flu hosp,2,51,quantile,0.35,35,2026-10-24
2026-10-10,wk inc flu hosp,2,51,quantile,0.4,42,2026-10-24
2026-10-10,wk inc flu hosp,2,51,quantile,0.45,42,2026-10-24
2026-10-10,wk inc flu hosp,2,51,quantile,0.5,49,2026-10-24
2026-10-10,wk inc flu hosp,2,51,quantile,0.55,49,2026-10-24
2026-10-10,wk inc flu hosp,2,51,quantile,0.6,56,2026-10-24
2026-10-10,wk inc flu hosp,2,51,quantile,0.65,56,2026-10-24
2026-10-10,wk inc flu hosp,2,51,quantile,0.7,63,2026-10-24
2026-10-10,wk inc flu hosp,2,51,quantile,0.75,63,2026-10-24
2026-10-10,wk inc flu hosp,2,51,quantile,0.8,70,2026-10-24
2026-10-10,wk inc flu hosp,2,51,quantile,0.85,77,2026-10-24
2026-10-10,wk inc flu hosp,2,51,quantile,0.9,84,2026-10-24
2026-10-10,wk inc flu hosp,2,51,quantile,0.95,105,2026-10-24
2026-10-10,wk inc flu hosp,2,51,quantile,0.975,119,2026-10-24
2026-10-10,wk inc flu hosp,2,51,quantile,0.99,140,2026-10-24
2026-10-10,wk inc flu hosp,3,51,quantile,0.01,0,2026-10-31
2026-10-10,wk inc flu hosp,3,51,quantile,0.025,7,2026-10-31
2026-10-10,wk inc flu hosp,3,51,quantile,0.05,14,2026-10-31
2026-10-10,wk inc flu hosp,3,51,quantile,0.1,21,2026-10-31
2026-10-10,wk inc flu hosp,3,51,quantile,0.15,21,2026-10-31
2026-10-10,wk inc flu hosp,3,51,quantile,0.2,28,2026-10-31
2026-10-10,wk inc flu hosp,3,51,quantile,0.25,28,2026-10-31
2026-10-10,wk inc flu hosp,3,51,quantile,0.3,35,2026-10-31
2026-10-10,wk inc flu hosp,3,51,quantile,0.35,35,2026-10-31
2026-10-10,wk inc flu hosp,3,51,quantile,0.4,42,2026-10-31
2026-10-10,wk inc flu hosp,3,51,quantile,0.45,42,2026-10-31
2026-10-10,wk inc flu hosp,3,51,quantile,0.5,49,2026-10-31
2026-10-10,wk inc flu hosp,3,51,quantile,0.55,49,2026-10-31
2026-10-10,wk inc flu hosp,3,51,quantile,0.6,56,2026-10-31
2026-10-10,wk inc flu hosp,3,51,quantile,0.65,56,2026-10-31
2026-10-10,wk inc flu hosp,3,51,quantile,0.7,63,2026-10-31
2026-10-10,wk inc flu hosp,3,51,quantile,0.75,70,2026-10-31
2026-10-10,wk inc flu hosp,3,51,quantile,0.8,77,2026-10-31
2026-10-10,wk inc flu hosp,3,51,quantile,0.85,84,2026-10-31
2026-10-10,wk inc flu hosp,3,51,quantile,0.9,91,2026-10-31
2026-10-10,wk inc flu hosp,3,51,quantile,0.95,105,2026-10-31
2026-10-10,wk inc flu hosp,3,51,quantile,0.975,126,2026-10-31
2026-10-10,wk inc flu hosp,3,51,quantile,0.99,147,2026-10-31
2026-10-10,wk inc flu hosp,-1,53,quantile,0.01,49,2026-10-03
2026-10-10,wk inc flu hosp,-1,53,quantile,0.025,63,2026-10-03
2026-10-10,wk inc flu hosp,-1,53,quantile,0.05,70,2026-10-03
2026-10-10,wk inc flu hosp,-1,53,quantile,0.1,77,2026-10-03
2026-10-10,wk inc flu hosp,-1,53,quantile,0.15,84,2026-10-03
2026-10-10,wk inc flu hosp,-1,53,quantile,0.2,91,2026-10-03
2026-10-10,wk inc flu hosp,-1,53,quantile,0.25,98,2026-10-03
2026-10-10,wk inc flu hosp,-1,53,quantile,0.3,105,2026-10-03
2026-10-10,wk inc flu hosp,-1,53,quantile,0.35,105,2026-10-03
2026-10-10,wk inc flu hosp,-1,53,quantile,0.4,112,2026-10-03
2026-10-10,wk inc flu hosp,-1,53,quantile,0.45,119,2026-10-03
2026-10-10,wk inc flu hosp,-1,53,quantile,0.5,126,2026-10-03
2026-10-10,wk inc flu hosp,-1,53,quantile,0.55,133,2026-10-03
2026-10-10,wk inc flu hosp,-1,53,quantile,0.6,140,2026-10-03
2026-10-10,wk inc flu hosp,-1,53,quantile,0.65,147,2026-10-03
2026-10-10,wk inc flu hosp,-1,53,quantile,0.7,154,2026-10-03
2026-10-10,wk inc flu hosp,-1,53,quantile,0.75,156,2026-10-03
2026-10-10,wk inc flu hosp,-1,53,quantile,0.8,168,2026-10-03
2026-10-10,wk inc flu hosp,-1,53,quantile,0.85,175,2026-10-03
2026-10-10,wk inc flu hosp,-1,53,quantile,0.9,189,2026-10-03
2026-10-10,wk inc flu hosp,-1,53,quantile,0.95,210,2026-10-03
2026-10-10,wk inc flu hosp,-1,53,quantile,0.975,231,2026-10-03
2026-10-10,wk inc flu hosp,-1,53,quantile,0.99,245,2026-10-03
2026-10-10,wk inc flu hosp,0,53,quantile,0.01,63,2026-10-10
2026-10-10,wk inc flu hosp,0,53,quantile,0.025,84,2026-10-10
2026-10-10,wk inc flu hosp,0,53,quantile,0.05,98,2026-10-10
2026-10-10,wk inc flu hosp,0,53,quantile,0.1,112,2026-10-10
2026-10-10,wk inc flu hosp,0,53,quantile,0.15,125,2026-10-10
2026-10-10,wk inc flu hosp,0,53,quantile,0.2,133,2026-10-10
2026-10-10,wk inc flu hosp,0,53,quantile,0.25,140,2026-10-10
2026-10-10,wk inc flu hosp,0,53,quantile,0.3,147,2026-10-10
2026-10-10,wk inc flu hosp,0,53,quantile,0.35,154,2026-10-10
2026-10-10,wk inc flu hosp,0,53,quantile,0.4,161,2026-10-10
2026-10-10,wk inc flu hosp,0,53,quantile,0.45,168,2026-10-10
2026-10-10,wk inc flu hosp,0,53,quantile,0.5,175,2026-10-10
2026-10-10,wk inc flu hosp,0,53,quantile,0.55,182,2026-10-10
2026-10-10,wk inc flu hosp,0,53,quantile,0.6,189,2026-10-10
2026-10-10,wk inc flu hosp,0,53,quantile,0.65,196,2026-10-10
2026-10-10,wk inc flu hosp,0,53,quantile,0.7,203,2026-10-10
2026-10-10,wk inc flu hosp,0,53,quantile,0.75,217,2026-10-10
2026-10-10,wk inc flu hosp,0,53,quantile,0.8,231,2026-10-10
2026-10-10,wk inc flu hosp,0,53,quantile,0.85,245,2026-10-10
2026-10-10,wk inc flu hosp,0,53,quantile,0.9,266,2026-10-10
2026-10-10,wk inc flu hosp,0,53,quantile,0.95,294,2026-10-10
2026-10-10,wk inc flu hosp,0,53,quantile,0.975,322,2026-10-10
2026-10-10,wk inc flu hosp,0,53,quantile,0.99,364,2026-10-10
2026-10-10,wk inc flu hosp,1,53,quantile,0.01,84,2026-10-17
2026-10-10,wk inc flu hosp,1,53,quantile,0.025,105,2026-10-17
2026-10-10,wk inc flu hosp,1,53,quantile,0.05,119,2026-10-17
2026-10-10,wk inc flu hosp,1,53,quantile,0.1,147,2026-10-17
2026-10-10,wk inc flu hosp,1,53,quantile,0.15,161,2026-10-17
2026-10-10,wk inc flu hosp,1,53,quantile,0.2,175,2026-10-17
2026-10-10,wk inc flu hosp,1,53,quantile,0.25,189,2026-10-17
2026-10-10,wk inc flu hosp,1,53,quantile,0.3,196,2026-10-17
2026-10-10,wk inc flu hosp,1,53,quantile,0.35,208,2026-10-17
2026-10-10,wk inc flu hosp,1,53,quantile,0.4,217,2026-10-17
2026-10-10,wk inc flu hosp,1,53,quantile,0.45,224,2026-10-17
2026-10-10,wk inc flu hosp,1,53,quantile,0.5,238,2026-10-17
2026-10-10,wk inc flu hosp,1,53,quantile,0.55,245,2026-10-17
2026-10-10,wk inc flu hosp,1,53,quantile,0.6,259,2026-10-17
2026-10-10,wk inc flu hosp,1,53,quantile,0.65,266,2026-10-17
2026-10-10,wk inc flu hosp,1,53,quantile,0.7,280,2026-10-17
2026-10-10,wk inc flu hosp,1,53,quantile,0.75,294,2026-10-17
2026-10-10,wk inc flu hosp,1,53,quantile,0.8,315,2026-10-17
2026-10-10,wk inc flu hosp,1,53,quantile,0.85,336,2026-10-17
2026-10-10,wk inc flu hosp,1,53,quantile,0.9,365,2026-10-17
2026-10-10,wk inc flu hosp,1,53,quantile,0.95,413,2026-10-17
2026-10-10,wk inc flu hosp,1,53,quantile,0.975,455,2026-10-17
2026-10-10,wk inc flu hosp,1,53,quantile,0.99,539,2026-10-17
2026-10-10,wk inc flu hosp,2,53,quantile,0.01,112,2026-10-24
2026-10-10,wk inc flu hosp,2,53,quantile,0.025,133,2026-10-24
2026-10-10,wk inc flu hosp,2,53,quantile,0.05,154,2026-10-24
2026-10-10,wk inc flu hosp,2,53,quantile,0.1,182,2026-10-24
2026-10-10,wk inc flu hosp,2,53,quantile,0.15,209,2026-10-24
2026-10-10,wk inc flu hosp,2,53,quantile,0.2,224,2026-10-24
2026-10-10,wk inc flu hosp,2,53,quantile,0.25,245,2026-10-24
2026-10-10,wk inc flu hosp,2,53,quantile,0.3,259,2026-10-24
2026-10-10,wk inc flu hosp,2,53,quantile,0.35,273,2026-10-24
2026-10-10,wk inc flu hosp,2,53,quantile,0.4,294,2026-10-24
2026-10-10,wk inc flu hosp,2,53,quantile,0.45,308,2026-10-24
2026-10-10,wk inc flu hosp,2,53,quantile,0.5,322,2026-10-24
2026-10-10,wk inc flu hosp,2,53,quantile,0.55,343,2026-10-24
2026-10-10,wk inc flu hosp,2,53,quantile,0.6,353,2026-10-24
2026-10-10,wk inc flu hosp,2,53,quantile,0.65,371,2026-10-24
2026-10-10,wk inc flu hosp,2,53,quantile,0.7,392,2026-10-24
2026-10-10,wk inc flu hosp,2,53,quantile,0.75,413,2026-10-24
2026-10-10,wk inc flu hosp,2,53,quantile,0.8,441,2026-10-24
2026-10-10,wk inc flu hosp,2,53,quantile,0.85,476,2026-10-24
2026-10-10,wk inc flu hosp,2,53,quantile,0.9,518,2026-10-24
2026-10-10,wk inc flu hosp,2,53,quantile,0.95,588,2026-10-24
2026-10-10,wk inc flu hosp,2,53,quantile,0.975,665,2026-10-24
2026-10-10,wk inc flu hosp,2,53,quantile,0.99,756,2026-10-24
2026-10-10,wk inc flu hosp,3,53,quantile,0.01,133,2026-10-31
2026-10-10,wk inc flu hosp,3,53,quantile,0.025,168,2026-10-31
2026-10-10,wk inc flu hosp,3,53,quantile,0.05,189,2026-10-31
2026-10-10,wk inc flu hosp,3,53,quantile,0.1,224,2026-10-31
2026-10-10,wk inc flu hosp,3,53,quantile,0.15,259,2026-10-31
2026-10-10,wk inc flu hosp,3,53,quantile,0.2,287,2026-10-31
2026-10-10,wk inc flu hosp,3,53,quantile,0.25,306,2026-10-31
2026-10-10,wk inc flu hosp,3,53,quantile,0.3,322,2026-10-31
2026-10-10,wk inc flu hosp,3,53,quantile,0.35,343,2026-10-31
2026-10-10,wk inc flu hosp,3,53,quantile,0.4,364,2026-10-31
2026-10-10,wk inc flu hosp,3,53,quantile,0.45,385,2026-10-31
2026-10-10,wk inc flu hosp,3,53,quantile,0.5,413,2026-10-31
2026-10-10,wk inc flu hosp,3,53,quantile,0.55,441,2026-10-31
2026-10-10,wk inc flu hosp,3,53,quantile,0.6,462,2026-10-31
2026-10-10,wk inc flu hosp,3,53,quantile,0.65,485,2026-10-31
2026-10-10,wk inc flu hosp,3,53,quantile,0.7,518,2026-10-31
2026-10-10,wk inc flu hosp,3,53,quantile,0.75,546,2026-10-31
2026-10-10,wk inc flu hosp,3,53,quantile,0.8,588,2026-10-31
2026-10-10,wk inc flu hosp,3,53,quantile,0.85,651,2026-10-31
2026-10-10,wk inc flu hosp,3,53,quantile,0.9,729,2026-10-31
2026-10-10,wk inc flu hosp,3,53,quantile,0.95,861,2026-10-31
2026-10-10,wk inc flu hosp,3,53,quantile,0.975,931,2026-10-31
2026-10-10,wk inc flu hosp,3,53,quantile,0.99,1057,2026-10-31
2026-10-10,wk inc flu hosp,-1,54,quantile,0.01,0,2026-10-03
2026-10-10,wk inc flu hosp,-1,54,quantile,0.025,0,2026-10-03
2026-10-10,wk inc flu hosp,-1,54,quantile,0.05,0,2026-10-03
2026-10-10,wk inc flu hosp,-1,54,quantile,0.1,0,2026-10-03
2026-10-10,wk inc flu hosp,-1,54,quantile,0.15,0,2026-10-03
2026-10-10,wk inc flu hosp,-1,54,quantile,0.2,0,2026-10-03
2026-10-10,wk inc flu hosp,-1,54,quantile,0.25,0,2026-10-03
2026-10-10,wk inc flu hosp,-1,54,quantile,0.3,0,2026-10-03
2026-10-10,wk inc flu hosp,-1,54,quantile,0.35,0,2026-10-03
2026-10-10,wk inc flu hosp,-1,54,quantile,0.4,0,2026-10-03
2026-10-10,wk inc flu hosp,-1,54,quantile,0.45,0,2026-10-03
2026-10-10,wk inc flu hosp,-1,54,quantile,0.5,0,2026-10-03
2026-10-10,wk inc flu hosp,-1,54,quantile,0.55,0,2026-10-03
2026-10-10,wk inc flu hosp,-1,54,quantile,0.6,0,2026-10-03
2026-10-10,wk inc flu hosp,-1,54,quantile,0.65,0,2026-10-03
2026-10-10,wk inc flu hosp,-1,54,quantile,0.7,0,2026-10-03
2026-10-10,wk inc flu hosp,-1,54,quantile,0.75,7,2026-10-03
2026-10-10,wk inc flu hosp,-1,54,quantile,0.8,7,2026-10-03
2026-10-10,wk inc flu hosp,-1,54,quantile,0.85,7,2026-10-03
2026-10-10,wk inc flu hosp,-1,54,quantile,0.9,7,2026-10-03
2026-10-10,wk inc flu hosp,-1,54,quantile,0.95,7,2026-10-03
2026-10-10,wk inc flu hosp,-1,54,quantile,0.975,14,2026-10-03
2026-10-10,wk inc flu hosp,-1,54,quantile,0.99,14,2026-10-03
2026-10-10,wk inc flu hosp,0,54,quantile,0.01,0,2026-10-10
2026-10-10,wk inc flu hosp,0,54,quantile,0.025,0,2026-10-10
2026-10-10,wk inc flu hosp,0,54,quantile,0.05,0,2026-10-10
2026-10-10,wk inc flu hosp,0,54,quantile,0.1,0,2026-10-10
2026-10-10,wk inc flu hosp,0,54,quantile,0.15,0,2026-10-10
2026-10-10,wk inc flu hosp,0,54,quantile,0.2,0,2026-10-10
2026-10-10,wk inc flu hosp,0,54,quantile,0.25,0,2026-10-10
2026-10-10,wk inc flu hosp,0,54,quantile,0.3,0,2026-10-10
2026-10-10,wk inc flu hosp,0,54,quantile,0.35,0,2026-10-10
2026-10-10,wk inc flu hosp,0,54,quantile,0.4,0,2026-10-10
2026-10-10,wk inc flu hosp,0,54,quantile,0.45,0,2026-10-10
2026-10-10,wk inc flu hosp,0,54,quantile,0.5,0,2026-10-10
2026-10-10,wk inc flu hosp,0,54,quantile,0.55,0,2026-10-10
2026-10-10,wk inc flu hosp,0,54,quantile,0.6,0,2026-10-10
2026-10-10,wk inc flu hosp,0,54,quantile,0.65,0,2026-10-10
2026-10-10,wk inc flu hosp,0,54,quantile,0.7,7,2026-10-10
2026-10-10,wk inc flu hosp,0,54,quantile,0.75,7,2026-10-10
2026-10-10,wk inc flu hosp,0,54,quantile,0.8,7,2026-10-10
2026-10-10,wk inc flu hosp,0,54,quantile,0.85,7,2026-10-10
2026-10-10,wk inc flu hosp,0,54,quantile,0.9,7,2026-10-10
2026-10-10,wk inc flu hosp,0,54,quantile,0.95,14,2026-10-10
2026-10-10,wk inc flu hosp,0,54,quantile,0.975,14,2026-10-10
2026-10-10,wk inc flu hosp,0,54,quantile,0.99,21,2026-10-10
2026-10-10,wk inc flu hosp,1,54,quantile,0.01,0,2026-10-17
2026-10-10,wk inc flu hosp,1,54,quantile,0.025,0,2026-10-17
2026-10-10,wk inc flu hosp,1,54,quantile,0.05,0,2026-10-17
2026-10-10,wk inc flu hosp,1,54,quantile,0.1,0,2026-10-17
2026-10-10,wk inc flu hosp,1,54,quantile,0.15,0,2026-10-17
2026-10-10,wk inc flu hosp,1,54,quantile,0.2,0,2026-10-17
2026-10-10,wk inc flu hosp,1,54,quantile,0.25,0,2026-10-17
2026-10-10,wk inc flu hosp,1,54,quantile,0.3,0,2026-10-17
2026-10-10,wk inc flu hosp,1,54,quantile,0.35,0,2026-10-17
2026-10-10,wk inc flu hosp,1,54,quantile,0.4,0,2026-10-17
2026-10-10,wk inc flu hosp,1,54,quantile,0.45,0,2026-10-17
2026-10-10,wk inc flu hosp,1,54,quantile,0.5,0,2026-10-17
2026-10-10,wk inc flu hosp,1,54,quantile,0.55,0,2026-10-17
2026-10-10,wk inc flu hosp,1,54,quantile,0.6,0,2026-10-17
2026-10-10,wk inc flu hosp,1,54,quantile,0.65,7,2026-10-17
2026-10-10,wk inc flu hosp,1,54,quantile,0.7,7,2026-10-17
2026-10-10,wk inc flu hosp,1,54,quantile,0.75,7,2026-10-17
2026-10-10,wk inc flu hosp,1,54,quantile,0.8,7,2026-10-17
2026-10-10,wk inc flu hosp,1,54,quantile,0.85,7,2026-10-17
2026-10-10,wk inc flu hosp,1,54,quantile,0.9,14,2026-10-17
2026-10-10,wk inc flu hosp,1,54,quantile,0.95,14,2026-10-17
2026-10-10,wk inc flu hosp,1,54,quantile,0.975,21,2026-10-17
2026-10-10,wk inc flu hosp,1,54,quantile,0.99,21,2026-10-17
2026-10-10,wk inc flu hosp,2,54,quantile,0.01,0,2026-10-24
2026-10-10,wk inc flu hosp,2,54,quantile,0.025,0,2026-10-24
2026-10-10,wk inc flu hosp,2,54,quantile,0.05,0,2026-10-24
2026-10-10,wk inc flu hosp,2,54,quantile,0.1,0,2026-10-24
2026-10-10,wk inc flu hosp,2,54,quantile,0.15,0,2026-10-24
2026-10-10,wk inc flu hosp,2,54,quantile,0.2,0,2026-10-24
2026-10-10,wk inc flu hosp,2,54,quantile,0.25,0,2026-10-24
2026-10-10,wk inc flu hosp,2,54,quantile,0.3,0,2026-10-24
2026-10-10,wk inc flu hosp,2,54,quantile,0.35,0,2026-10-24
2026-10-10,wk inc flu hosp,2,54,quantile,0.4,0,2026-10-24
2026-10-10,wk inc flu hosp,2,54,quantile,0.45,0,2026-10-24
2026-10-10,wk inc flu hosp,2,54,quantile,0.5,0,2026-10-24
2026-10-10,wk inc flu hosp,2,54,quantile,0.55,7,2026-10-24
2026-10-10,wk inc flu hosp,2,54,quantile,0.6,7,2026-10-24
2026-10-10,wk inc flu hosp,2,54,quantile,0.65,7,2026-10-24
2026-10-10,wk inc flu hosp,2,54,quantile,0.7,7,2026-10-24
2026-10-10,wk inc flu hosp,2,54,quantile,0.75,7,2026-10-24
2026-10-10,wk inc flu hosp,2,54,quantile,0.8,14,2026-10-24
2026-10-10,wk inc flu hosp,2,54,quantile,0.85,14,2026-10-24
2026-10-10,wk inc flu hosp,2,54,quantile,0.9,14,2026-10-24
2026-10-10,wk inc flu hosp,2,54,quantile,0.95,21,2026-10-24
2026-10-10,wk inc flu hosp,2,54,quantile,0.975,28,2026-10-24
2026-10-10,wk inc flu hosp,2,54,quantile,0.99,35,2026-10-24
2026-10-10,wk inc flu hosp,3,54,quantile,0.01,0,2026-10-31
2026-10-10,wk inc flu hosp,3,54,quantile,0.025,0,2026-10-31
2026-10-10,wk inc flu hosp,3,54,quantile,0.05,0,2026-10-31
2026-10-10,wk inc flu hosp,3,54,quantile,0.1,0,2026-10-31
2026-10-10,wk inc flu hosp,3,54,quantile,0.15,0,2026-10-31
2026-10-10,wk inc flu hosp,3,54,quantile,0.2,0,2026-10-31
2026-10-10,wk inc flu hosp,3,54,quantile,0.25,0,2026-10-31
2026-10-10,wk inc flu hosp,3,54,quantile,0.3,0,2026-10-31
2026-10-10,wk inc flu hosp,3,54,quantile,0.35,0,2026-10-31
2026-10-10,wk inc flu hosp,3,54,quantile,0.4,0,2026-10-31
2026-10-10,wk inc flu hosp,3,54,quantile,0.45,7,2026-10-31
2026-10-10,wk inc flu hosp,3,54,quantile,0.5,7,2026-10-31
2026-10-10,wk inc flu hosp,3,54,quantile,0.55,7,2026-10-31
2026-10-10,wk inc flu hosp,3,54,quantile,0.6,7,2026-10-31
2026-10-10,wk inc flu hosp,3,54,quantile,0.65,7,2026-10-31
2026-10-10,wk inc flu hosp,3,54,quantile,0.7,7,2026-10-31
2026-10-10,wk inc flu hosp,3,54,quantile,0.75,14,2026-10-31
2026-10-10,wk inc flu hosp,3,54,quantile,0.8,14,2026-10-31
2026-10-10,wk inc flu hosp,3,54,quantile,0.85,14,2026-10-31
2026-10-10,wk inc flu hosp,3,54,quantile,0.9,21,2026-10-31
2026-10-10,wk inc flu hosp,3,54,quantile,0.95,28,2026-10-31
2026-10-10,wk inc flu hosp,3,54,quantile,0.975,28,2026-10-31
2026-10-10,wk inc flu hosp,3,54,quantile,0.99,42,2026-10-31
2026-10-10,wk inc flu hosp,-1,55,quantile,0.01,0,2026-10-03
2026-10-10,wk inc flu hosp,-1,55,quantile,0.025,0,2026-10-03
2026-10-10,wk inc flu hosp,-1,55,quantile,0.05,0,2026-10-03
2026-10-10,wk inc flu hosp,-1,55,quantile,0.1,7,2026-10-03
2026-10-10,wk inc flu hosp,-1,55,quantile,0.15,7,2026-10-03
2026-10-10,wk inc flu hosp,-1,55,quantile,0.2,7,2026-10-03
2026-10-10,wk inc flu hosp,-1,55,quantile,0.25,14,2026-10-03
2026-10-10,wk inc flu hosp,-1,55,quantile,0.3,14,2026-10-03
2026-10-10,wk inc flu hosp,-1,55,quantile,0.35,14,2026-10-03
2026-10-10,wk inc flu hosp,-1,55,quantile,0.4,21,2026-10-03
2026-10-10,wk inc flu hosp,-1,55,quantile,0.45,21,2026-10-03
2026-10-10,wk inc flu hosp,-1,55,quantile,0.5,21,2026-10-03
2026-10-10,wk inc flu hosp,-1,55,quantile,0.55,28,2026-10-03
2026-10-10,wk inc flu hosp,-1,55,quantile,0.6,28,2026-10-03
2026-10-10,wk inc flu hosp,-1,55,quantile,0.65,28,2026-10-03
2026-10-10,wk inc flu hosp,-1,55,quantile,0.7,35,2026-10-03
2026-10-10,wk inc flu hosp,-1,55,quantile,0.75,35,2026-10-03
2026-10-10,wk inc flu hosp,-1,55,quantile,0.8,42,2026-10-03
2026-10-10,wk inc flu hosp,-1,55,quantile,0.85,42,2026-10-03
2026-10-10,wk inc flu hosp,-1,55,quantile,0.9,49,2026-10-03
2026-10-10,wk inc flu hosp,-1,55,quantile,0.95,56,2026-10-03
2026-10-10,wk inc flu hosp,-1,55,quantile,0.975,63,2026-10-03
2026-10-10,wk inc flu hosp,-1,55,quantile,0.99,77,2026-10-03
2026-10-10,wk inc flu hosp,0,55,quantile,0.01,0,2026-10-10
2026-10-10,wk inc flu hosp,0,55,quantile,0.025,0,2026-10-10
2026-10-10,wk inc flu hosp,0,55,quantile,0.05,7,2026-10-10
2026-10-10,wk inc flu hosp,0,55,quantile,0.1,7,2026-10-10
2026-10-10,wk inc flu hosp,0,55,quantile,0.15,14,2026-10-10
2026-10-10,wk inc flu hosp,0,55,quantile,0.2,14,2026-10-10
2026-10-10,wk inc flu hosp,0,55,quantile,0.25,21,2026-10-10
2026-10-10,wk inc flu hosp,0,55,quantile,0.3,21,2026-10-10
2026-10-10,wk inc flu hosp,0,55,quantile,0.35,28,2026-10-10
2026-10-10,wk inc flu hosp,0,55,quantile,0.4,28,2026-10-10
2026-10-10,wk inc flu hosp,0,55,quantile,0.45,28,2026-10-10
2026-10-10,wk inc flu hosp,0,55,quantile,0.5,35,2026-10-10
2026-10-10,wk inc flu hosp,0,55,quantile,0.55,35,2026-10-10
2026-10-10,wk inc flu hosp,0,55,quantile,0.6,42,2026-10-10
2026-10-10,wk inc flu hosp,0,55,quantile,0.65,42,2026-10-10
2026-10-10,wk inc flu hosp,0,55,quantile,0.7,49,2026-10-10
2026-10-10,wk inc flu hosp,0,55,quantile,0.75,49,2026-10-10
2026-10-10,wk inc flu hosp,0,55,quantile,0.8,56,2026-10-10
2026-10-10,wk inc flu hosp,0,55,quantile,0.85,63,2026-10-10
2026-10-10,wk inc flu hosp,0,55,quantile,0.9,70,2026-10-10
2026-10-10,wk inc flu hosp,0,55,quantile,0.95,84,2026-10-10
2026-10-10,wk inc flu hosp,0,55,quantile,0.975,98,2026-10-10
2026-10-10,wk inc flu hosp,0,55,quantile,0.99,112,2026-10-10
2026-10-10,wk inc flu hosp,1,55,quantile,0.01,0,2026-10-17
2026-10-10,wk inc flu hosp,1,55,quantile,0.025,7,2026-10-17
2026-10-10,wk inc flu hosp,1,55,quantile,0.05,7,2026-10-17
2026-10-10,wk inc flu hosp,1,55,quantile,0.1,21,2026-10-17
2026-10-10,wk inc flu hosp,1,55,quantile,0.15,21,2026-10-17
2026-10-10,wk inc flu hosp,1,55,quantile,0.2,28,2026-10-17
2026-10-10,wk inc flu hosp,1,55,quantile,0.25,28,2026-10-17
2026-10-10,wk inc flu hosp,1,55,quantile,0.3,35,2026-10-17
2026-10-10,wk inc flu hosp,1,55,quantile,0.35,42,2026-10-17
2026-10-10,wk inc flu hosp,1,55,quantile,0.4,42,2026-10-17
2026-10-10,wk inc flu hosp,1,55,quantile,0.45,49,2026-10-17
2026-10-10,wk inc flu hosp,1,55,quantile,0.5,49,2026-10-17
2026-10-10,wk inc flu hosp,1,55,quantile,0.55,56,2026-10-17
2026-10-10,wk inc flu hosp,1,55,quantile,0.6,63,2026-10-17
2026-10-10,wk inc flu hosp,1,55,quantile,0.65,63,2026-10-17
2026-10-10,wk inc flu hosp,1,55,quantile,0.7,70,2026-10-17
2026-10-10,wk inc flu hosp,1,55,quantile,0.75,77,2026-10-17
2026-10-10,wk inc flu hosp,1,55,quantile,0.8,84,2026-10-17
2026-10-10,wk inc flu hosp,1,55,quantile,0.85,98,2026-10-17
2026-10-10,wk inc flu hosp,1,55,quantile,0.9,112,2026-10-17
2026-10-10,wk inc flu hosp,1,55,quantile,0.95,133,2026-10-17
2026-10-10,wk inc flu hosp,1,55,quantile,0.975,154,2026-10-17
2026-10-10,wk inc flu hosp,1,55,quantile,0.99,182,2026-10-17
2026-10-10,wk inc flu hosp,2,55,quantile,0.01,7,2026-10-24
2026-10-10,wk inc flu hosp,2,55,quantile,0.025,7,2026-10-24
2026-10-10,wk inc flu hosp,2,55,quantile,0.05,21,2026-10-24
2026-10-10,wk inc flu hosp,2,55,quantile,0.1,28,2026-10-24
2026-10-10,wk inc flu hosp,2,55,quantile,0.15,35,2026-10-24
2026-10-10,wk inc flu hosp,2,55,quantile,0.2,42,2026-10-24
2026-10-10,wk inc flu hosp,2,55,quantile,0.25,42,2026-10-24
2026-10-10,wk inc flu hosp,2,55,quantile,0.3,56,2026-10-24
2026-10-10,wk inc flu hosp,2,55,quantile,0.35,56,2026-10-24
2026-10-10,wk inc flu hosp,2,55,quantile,0.4,63,2026-10-24
2026-10-10,wk inc flu hosp,2,55,quantile,0.45,70,2026-10-24
2026-10-10,wk inc flu hosp,2,55,quantile,0.5,77,2026-10-24
2026-10-10,wk inc flu hosp,2,55,quantile,0.55,84,2026-10-24
2026-10-10,wk inc flu hosp,2,55,quantile,0.6,91,2026-10-24
2026-10-10,wk inc flu hosp,2,55,quantile,0.65,98,2026-10-24
2026-10-10,wk inc flu hosp,2,55,quantile,0.7,112,2026-10-24
2026-10-10,wk inc flu hosp,2,55,quantile,0.75,119,2026-10-24
2026-10-10,wk inc flu hosp,2,55,quantile,0.8,133,2026-10-24
2026-10-10,wk inc flu hosp,2,55,quantile,0.85,147,2026-10-24
2026-10-10,wk inc flu hosp,2,55,quantile,0.9,161,2026-10-24
2026-10-10,wk inc flu hosp,2,55,quantile,0.95,203,2026-10-24
2026-10-10,wk inc flu hosp,2,55,quantile,0.975,231,2026-10-24
2026-10-10,wk inc flu hosp,2,55,quantile,0.99,273,2026-10-24
2026-10-10,wk inc flu hosp,3,55,quantile,0.01,7,2026-10-31
2026-10-10,wk inc flu hosp,3,55,quantile,0.025,14,2026-10-31
2026-10-10,wk inc flu hosp,3,55,quantile,0.05,21,2026-10-31
2026-10-10,wk inc flu hosp,3,55,quantile,0.1,41,2026-10-31
2026-10-10,wk inc flu hosp,3,55,quantile,0.15,49,2026-10-31
2026-10-10,wk inc flu hosp,3,55,quantile,0.2,56,2026-10-31
2026-10-10,wk inc flu hosp,3,55,quantile,0.25,63,2026-10-31
2026-10-10,wk inc flu hosp,3,55,quantile,0.3,77,2026-10-31
2026-10-10,wk inc flu hosp,3,55,quantile,0.35,84,2026-10-31
2026-10-10,wk inc flu hosp,3,55,quantile,0.4,91,2026-10-31
2026-10-10,wk inc flu hosp,3,55,quantile,0.45,105,2026-10-31
2026-10-10,wk inc flu hosp,3,55,quantile,0.5,112,2026-10-31
2026-10-10,wk inc flu hosp,3,55,quantile,0.55,119,2026-10-31
2026-10-10,wk inc flu hosp,3,55,quantile,0.6,133,2026-10-31
2026-10-10,wk inc flu hosp,3,55,quantile,0.65,147,2026-10-31
2026-10-10,wk inc flu hosp,3,55,quantile,0.7,154,2026-10-31
2026-10-10,wk inc flu hosp,3,55,quantile,0.75,170,2026-10-31
2026-10-10,wk inc flu hosp,3,55,quantile,0.8,189,2026-10-31
2026-10-10,wk inc flu hosp,3,55,quantile,0.85,217,2026-10-31
2026-10-10,wk inc flu hosp,3,55,quantile,0.9,245,2026-10-31
2026-10-10,wk inc flu hosp,3,55,quantile,0.95,301,2026-10-31
2026-10-10,wk inc flu hosp,3,55,quantile,0.975,343,2026-10-31
2026-10-10,wk inc flu hosp,3,55,quantile,0.99,420,2026-10-31
2026-10-10,wk inc flu hosp,-1,56,quantile,0.01,0,2026-10-03
2026-10-10,wk inc flu hosp,-1,56,quantile,0.025,0,2026-10-03
2026-10-10,wk inc flu hosp,-1,56,quantile,0.05,0,2026-10-03
2026-10-10,wk inc flu hosp,-1,56,quantile,0.1,0,2026-10-03
2026-10-10,wk inc flu hosp,-1,56,quantile,0.15,0,2026-10-03
2026-10-10,wk inc flu hosp,-1,56,quantile,0.2,0,2026-10-03
2026-10-10,wk inc flu hosp,-1,56,quantile,0.25,0,2026-10-03
2026-10-10,wk inc flu hosp,-1,56,quantile,0.3,0,2026-10-03
2026-10-10,wk inc flu hosp,-1,56,quantile,0.35,0,2026-10-03
2026-10-10,wk inc flu hosp,-1,56,quantile,0.4,0,2026-10-03
2026-10-10,wk inc flu hosp,-1,56,quantile,0.45,0,2026-10-03
2026-10-10,wk inc flu hosp,-1,56,quantile,0.5,0,2026-10-03
2026-10-10,wk inc flu hosp,-1,56,quantile,0.55,0,2026-10-03
2026-10-10,wk inc flu hosp,-1,56,quantile,0.6,0,2026-10-03
2026-10-10,wk inc flu hosp,-1,56,quantile,0.65,7,2026-10-03
2026-10-10,wk inc flu hosp,-1,56,quantile,0.7,7,2026-10-03
2026-10-10,wk inc flu hosp,-1,56,quantile,0.75,7,2026-10-03
2026-10-10,wk inc flu hosp,-1,56,quantile,0.8,7,2026-10-03
2026-10-10,wk inc flu hosp,-1,56,quantile,0.85,7,2026-10-03
2026-10-10,wk inc flu hosp,-1,56,quantile,0.9,14,2026-10-03
2026-10-10,wk inc flu hosp,-1,56,quantile,0.95,14,2026-10-03
2026-10-10,wk inc flu hosp,-1,56,quantile,0.975,14,2026-10-03
2026-10-10,wk inc flu hosp,-1,56,quantile,0.99,21,2026-10-03
2026-10-10,wk inc flu hosp,0,56,quantile,0.01,0,2026-10-10
2026-10-10,wk inc flu hosp,0,56,quantile,0.025,0,2026-10-10
2026-10-10,wk inc flu hosp,0,56,quantile,0.05,0,2026-10-10
2026-10-10,wk inc flu hosp,0,56,quantile,0.1,0,2026-10-10
2026-10-10,wk inc flu hosp,0,56,quantile,0.15,0,2026-10-10
2026-10-10,wk inc flu hosp,0,56,quantile,0.2,0,2026-10-10
2026-10-10,wk inc flu hosp,0,56,quantile,0.25,0,2026-10-10
2026-10-10,wk inc flu hosp,0,56,quantile,0.3,0,2026-10-10
2026-10-10,wk inc flu hosp,0,56,quantile,0.35,0,2026-10-10
2026-10-10,wk inc flu hosp,0,56,quantile,0.4,0,2026-10-10
2026-10-10,wk inc flu hosp,0,56,quantile,0.45,0,2026-10-10
2026-10-10,wk inc flu hosp,0,56,quantile,0.5,0,2026-10-10
2026-10-10,wk inc flu hosp,0,56,quantile,0.55,0,2026-10-10
2026-10-10,wk inc flu hosp,0,56,quantile,0.6,7,2026-10-10
2026-10-10,wk inc flu hosp,0,56,quantile,0.65,7,2026-10-10
2026-10-10,wk inc flu hosp,0,56,quantile,0.7,7,2026-10-10
2026-10-10,wk inc flu hosp,0,56,quantile,0.75,7,2026-10-10
2026-10-10,wk inc flu hosp,0,56,quantile,0.8,7,2026-10-10
2026-10-10,wk inc flu hosp,0,56,quantile,0.85,14,2026-10-10
2026-10-10,wk inc flu hosp,0,56,quantile,0.9,14,2026-10-10
2026-10-10,wk inc flu hosp,0,56,quantile,0.95,14,2026-10-10
2026-10-10,wk inc flu hosp,0,56,quantile,0.975,21,2026-10-10
2026-10-10,wk inc flu hosp,0,56,quantile,0.99,21,2026-10-10
2026-10-10,wk inc flu hosp,1,56,quantile,0.01,0,2026-10-17
2026-10-10,wk inc flu hosp,1,56,quantile,0.025,0,2026-10-17
2026-10-10,wk inc flu hosp,1,56,quantile,0.05,0,2026-10-17
2026-10-10,wk inc flu hosp,1,56,quantile,0.1,0,2026-10-17
2026-10-10,wk inc flu hosp,1,56,quantile,0.15,0,2026-10-17
2026-10-10,wk inc flu hosp,1,56,quantile,0.2,0,2026-10-17
2026-10-10,wk inc flu hosp,1,56,quantile,0.25,0,2026-10-17
2026-10-10,wk inc flu hosp,1,56,quantile,0.3,0,2026-10-17
2026-10-10,wk inc flu hosp,1,56,quantile,0.35,0,2026-10-17
2026-10-10,wk inc flu hosp,1,56,quantile,0.4,0,2026-10-17
2026-10-10,wk inc flu hosp,1,56,quantile,0.45,0,2026-10-17
2026-10-10,wk inc flu hosp,1,56,quantile,0.5,7,2026-10-17
2026-10-10,wk inc flu hosp,1,56,quantile,0.55,7,2026-10-17
2026-10-10,wk inc flu hosp,1,56,quantile,0.6,7,2026-10-17
2026-10-10,wk inc flu hosp,1,56,quantile,0.65,7,2026-10-17
2026-10-10,wk inc flu hosp,1,56,quantile,0.7,7,2026-10-17
2026-10-10,wk inc flu hosp,1,56,quantile,0.75,7,2026-10-17
2026-10-10,wk inc flu hosp,1,56,quantile,0.8,7,2026-10-17
2026-10-10,wk inc flu hosp,1,56,quantile,0.85,14,2026-10-17
2026-10-10,wk inc flu hosp,1,56,quantile,0.9,14,2026-10-17
2026-10-10,wk inc flu hosp,1,56,quantile,0.95,21,2026-10-17
2026-10-10,wk inc flu hosp,1,56,quantile,0.975,21,2026-10-17
2026-10-10,wk inc flu hosp,1,56,quantile,0.99,28,2026-10-17
2026-10-10,wk inc flu hosp,2,56,quantile,0.01,0,2026-10-24
2026-10-10,wk inc flu hosp,2,56,quantile,0.025,0,2026-10-24
2026-10-10,wk inc flu hosp,2,56,quantile,0.05,0,2026-10-24
2026-10-10,wk inc flu hosp,2,56,quantile,0.1,0,2026-10-24
2026-10-10,wk inc flu hosp,2,56,quantile,0.15,0,2026-10-24
2026-10-10,wk inc flu hosp,2,56,quantile,0.2,0,2026-10-24
2026-10-10,wk inc flu hosp,2,56,quantile,0.25,0,2026-10-24
2026-10-10,wk inc flu hosp,2,56,quantile,0.3,0,2026-10-24
2026-10-10,wk inc flu hosp,2,56,quantile,0.35,0,2026-10-24
2026-10-10,wk inc flu hosp,2,56,quantile,0.4,0,2026-10-24
2026-10-10,wk inc flu hosp,2,56,quantile,0.45,0,2026-10-24
2026-10-10,wk inc flu hosp,2,56,quantile,0.5,7,2026-10-24
2026-10-10,wk inc flu hosp,2,56,quantile,0.55,7,2026-10-24
2026-10-10,wk inc flu hosp,2,56,quantile,0.6,7,2026-10-24
2026-10-10,wk inc flu hosp,2,56,quantile,0.65,7,2026-10-24
2026-10-10,wk inc flu hosp,2,56,quantile,0.7,7,2026-10-24
2026-10-10,wk inc flu hosp,2,56,quantile,0.75,7,2026-10-24
2026-10-10,wk inc flu hosp,2,56,quantile,0.8,14,2026-10-24
2026-10-10,wk inc flu hosp,2,56,quantile,0.85,14,2026-10-24
2026-10-10,wk inc flu hosp,2,56,quantile,0.9,14,2026-10-24
2026-10-10,wk inc flu hosp,2,56,quantile,0.95,21,2026-10-24
2026-10-10,wk inc flu hosp,2,56,quantile,0.975,28,2026-10-24
2026-10-10,wk inc flu hosp,2,56,quantile,0.99,35,2026-10-24
2026-10-10,wk inc flu hosp,3,56,quantile,0.01,0,2026-10-31
2026-10-10,wk inc flu hosp,3,56,quantile,0.025,0,2026-10-31
2026-10-10,wk inc flu hosp,3,56,quantile,0.05,0,2026-10-31
2026-10-10,wk inc flu hosp,3,56,quantile,0.1,0,2026-10-31
2026-10-10,wk inc flu hosp,3,56,quantile,0.15,0,2026-10-31
2026-10-10,wk inc flu hosp,3,56,quantile,0.2,0,2026-10-31
2026-10-10,wk inc flu hosp,3,56,quantile,0.25,0,2026-10-31
2026-10-10,wk inc flu hosp,3,56,quantile,0.3,0,2026-10-31
2026-10-10,wk inc flu hosp,3,56,quantile,0.35,0,2026-10-31
2026-10-10,wk inc flu hosp,3,56,quantile,0.4,0,2026-10-31
2026-10-10,wk inc flu hosp,3,56,quantile,0.45,0,2026-10-31
2026-10-10,wk inc flu hosp,3,56,quantile,0.5,7,2026-10-31
2026-10-10,wk inc flu hosp,3,56,quantile,0.55,7,2026-10-31
2026-10-10,wk inc flu hosp,3,56,quantile,0.6,7,2026-10-31
2026-10-10,wk inc flu hosp,3,56,quantile,0.65,7,2026-10-31
2026-10-10,wk inc flu hosp,3,56,quantile,0.7,7,2026-10-31
2026-10-10,wk inc flu hosp,3,56,quantile,0.75,14,2026-10-31
2026-10-10,wk inc flu hosp,3,56,quantile,0.8,14,2026-10-31
2026-10-10,wk inc flu hosp,3,56,quantile,0.85,14,2026-10-31
2026-10-10,wk inc flu hosp,3,56,quantile,0.9,21,2026-10-31
2026-10-10,wk inc flu hosp,3,56,quantile,0.95,21,2026-10-31
2026-10-10,wk inc flu hosp,3,56,quantile,0.975,28,2026-10-31
2026-10-10,wk inc flu hosp,3,56,quantile,0.99,42,2026-10-31
2026-10-10,wk inc flu hosp,-1,72,quantile,0.01,35,2026-10-03
2026-10-10,wk inc flu hosp,-1,72,quantile,0.025,42,2026-10-03
2026-10-10,wk inc flu hosp,-1,72,quantile,0.05,49,2026-10-03
2026-10-10,wk inc flu hosp,-1,72,quantile,0.1,56,2026-10-03
2026-10-10,wk inc flu hosp,-1,72,quantile,0.15,63,2026-10-03
2026-10-10,wk inc flu hosp,-1,72,quantile,0.2,70,2026-10-03
2026-10-10,wk inc flu hosp,-1,72,quantile,0.25,77,2026-10-03
2026-10-10,wk inc flu hosp,-1,72,quantile,0.3,84,2026-10-03
2026-10-10,wk inc flu hosp,-1,72,quantile,0.35,84,2026-10-03
2026-10-10,wk inc flu hosp,-1,72,quantile,0.4,91,2026-10-03
2026-10-10,wk inc flu hosp,-1,72,quantile,0.45,98,2026-10-03
2026-10-10,wk inc flu hosp,-1,72,quantile,0.5,98,2026-10-03
2026-10-10,wk inc flu hosp,-1,72,quantile,0.55,105,2026-10-03
2026-10-10,wk inc flu hosp,-1,72,quantile,0.6,112,2026-10-03
2026-10-10,wk inc flu hosp,-1,72,quantile,0.65,112,2026-10-03
2026-10-10,wk inc flu hosp,-1,72,quantile,0.7,119,2026-10-03
2026-10-10,wk inc flu hosp,-1,72,quantile,0.75,126,2026-10-03
2026-10-10,wk inc flu hosp,-1,72,quantile,0.8,133,2026-10-03
2026-10-10,wk inc flu hosp,-1,72,quantile,0.85,147,2026-10-03
2026-10-10,wk inc flu hosp,-1,72,quantile,0.9,161,2026-10-03
2026-10-10,wk inc flu hosp,-1,72,quantile,0.95,175,2026-10-03
2026-10-10,wk inc flu hosp,-1,72,quantile,0.975,196,2026-10-03
2026-10-10,wk inc flu hosp,-1,72,quantile,0.99,210,2026-10-03
2026-10-10,wk inc flu hosp,0,72,quantile,0.01,35,2026-10-10
2026-10-10,wk inc flu hosp,0,72,quantile,0.025,42,2026-10-10
2026-10-10,wk inc flu hosp,0,72,quantile,0.05,49,2026-10-10
2026-10-10,wk inc flu hosp,0,72,quantile,0.1,63,2026-10-10
2026-10-10,wk inc flu hosp,0,72,quantile,0.15,70,2026-10-10
2026-10-10,wk inc flu hosp,0,72,quantile,0.2,77,2026-10-10
2026-10-10,wk inc flu hosp,0,72,quantile,0.25,84,2026-10-10
2026-10-10,wk inc flu hosp,0,72,quantile,0.3,91,2026-10-10
2026-10-10,wk inc flu hosp,0,72,quantile,0.35,98,2026-10-10
2026-10-10,wk inc flu hosp,0,72,quantile,0.4,98,2026-10-10
2026-10-10,wk inc flu hosp,0,72,quantile,0.45,105,2026-10-10
2026-10-10,wk inc flu hosp,0,72,quantile,0.5,112,2026-10-10
2026-10-10,wk inc flu hosp,0,72,quantile,0.55,119,2026-10-10
2026-10-10,wk inc flu hosp,0,72,quantile,0.6,126,2026-10-10
2026-10-10,wk inc flu hosp,0,72,quantile,0.65,133,2026-10-10
2026-10-10,wk inc flu hosp,0,72,quantile,0.7,140,2026-10-10
2026-10-10,wk inc flu hosp,0,72,quantile,0.75,147,2026-10-10
2026-10-10,wk inc flu hosp,0,72,quantile,0.8,154,2026-10-10
2026-10-10,wk inc flu hosp,0,72,quantile,0.85,161,2026-10-10
2026-10-10,wk inc flu hosp,0,72,quantile,0.9,175,2026-10-10
2026-10-10,wk inc flu hosp,0,72,quantile,0.95,203,2026-10-10
2026-10-10,wk inc flu hosp,0,72,quantile,0.975,224,2026-10-10
2026-10-10,wk inc flu hosp,0,72,quantile,0.99,252,2026-10-10
2026-10-10,wk inc flu hosp,1,72,quantile,0.01,28,2026-10-17
2026-10-10,wk inc flu hosp,1,72,quantile,0.025,42,2026-10-17
2026-10-10,wk inc flu hosp,1,72,quantile,0.05,49,2026-10-17
2026-10-10,wk inc flu hosp,1,72,quantile,0.1,63,2026-10-17
2026-10-10,wk inc flu hosp,1,72,quantile,0.15,70,2026-10-17
2026-10-10,wk inc flu hosp,1,72,quantile,0.2,77,2026-10-17
2026-10-10,wk inc flu hosp,1,72,quantile,0.25,84,2026-10-17
2026-10-10,wk inc flu hosp,1,72,quantile,0.3,91,2026-10-17
2026-10-10,wk inc flu hosp,1,72,quantile,0.35,105,2026-10-17
2026-10-10,wk inc flu hosp,1,72,quantile,0.4,112,2026-10-17
2026-10-10,wk inc flu hosp,1,72,quantile,0.45,119,2026-10-17
2026-10-10,wk inc flu hosp,1,72,quantile,0.5,126,2026-10-17
2026-10-10,wk inc flu hosp,1,72,quantile,0.55,133,2026-10-17
2026-10-10,wk inc flu hosp,1,72,quantile,0.6,140,2026-10-17
2026-10-10,wk inc flu hosp,1,72,quantile,0.65,147,2026-10-17
2026-10-10,wk inc flu hosp,1,72,quantile,0.7,161,2026-10-17
2026-10-10,wk inc flu hosp,1,72,quantile,0.75,168,2026-10-17
2026-10-10,wk inc flu hosp,1,72,quantile,0.8,182,2026-10-17
2026-10-10,wk inc flu hosp,1,72,quantile,0.85,196,2026-10-17
2026-10-10,wk inc flu hosp,1,72,quantile,0.9,217,2026-10-17
2026-10-10,wk inc flu hosp,1,72,quantile,0.95,259,2026-10-17
2026-10-10,wk inc flu hosp,1,72,quantile,0.975,294,2026-10-17
2026-10-10,wk inc flu hosp,1,72,quantile,0.99,336,2026-10-17
2026-10-10,wk inc flu hosp,2,72,quantile,0.01,28,2026-10-24
2026-10-10,wk inc flu hosp,2,72,quantile,0.025,35,2026-10-24
2026-10-10,wk inc flu hosp,2,72,quantile,0.05,42,2026-10-24
2026-10-10,wk inc flu hosp,2,72,quantile,0.1,56,2026-10-24
2026-10-10,wk inc flu hosp,2,72,quantile,0.15,70,2026-10-24
2026-10-10,wk inc flu hosp,2,72,quantile,0.2,77,2026-10-24
2026-10-10,wk inc flu hosp,2,72,quantile,0.25,84,2026-10-24
2026-10-10,wk inc flu hosp,2,72,quantile,0.3,91,2026-10-24
2026-10-10,wk inc flu hosp,2,72,quantile,0.35,105,2026-10-24
2026-10-10,wk inc flu hosp,2,72,quantile,0.4,112,2026-10-24
2026-10-10,wk inc flu hosp,2,72,quantile,0.45,119,2026-10-24
2026-10-10,wk inc flu hosp,2,72,quantile,0.5,126,2026-10-24
2026-10-10,wk inc flu hosp,2,72,quantile,0.55,133,2026-10-24
2026-10-10,wk inc flu hosp,2,72,quantile,0.6,147,2026-10-24
2026-10-10,wk inc flu hosp,2,72,quantile,0.65,161,2026-10-24
2026-10-10,wk inc flu hosp,2,72,quantile,0.7,175,2026-10-24
2026-10-10,wk inc flu hosp,2,72,quantile,0.75,189,2026-10-24
2026-10-10,wk inc flu hosp,2,72,quantile,0.8,203,2026-10-24
2026-10-10,wk inc flu hosp,2,72,quantile,0.85,224,2026-10-24
2026-10-10,wk inc flu hosp,2,72,quantile,0.9,259,2026-10-24
2026-10-10,wk inc flu hosp,2,72,quantile,0.95,315,2026-10-24
2026-10-10,wk inc flu hosp,2,72,quantile,0.975,364,2026-10-24
2026-10-10,wk inc flu hosp,2,72,quantile,0.99,420,2026-10-24
2026-10-10,wk inc flu hosp,3,72,quantile,0.01,14,2026-10-31
2026-10-10,wk inc flu hosp,3,72,quantile,0.025,28,2026-10-31
2026-10-10,wk inc flu hosp,3,72,quantile,0.05,35,2026-10-31
2026-10-10,wk inc flu hosp,3,72,quantile,0.1,49,2026-10-31
2026-10-10,wk inc flu hosp,3,72,quantile,0.15,63,2026-10-31
2026-10-10,wk inc flu hosp,3,72,quantile,0.2,76,2026-10-31
2026-10-10,wk inc flu hosp,3,72,quantile,0.25,84,2026-10-31
2026-10-10,wk inc flu hosp,3,72,quantile,0.3,91,2026-10-31
2026-10-10,wk inc flu hosp,3,72,quantile,0.35,105,2026-10-31
2026-10-10,wk inc flu hosp,3,72,quantile,0.4,112,2026-10-31
2026-10-10,wk inc flu hosp,3,72,quantile,0.45,119,2026-10-31
2026-10-10,wk inc flu hosp,3,72,quantile,0.5,133,2026-10-31
2026-10-10,wk inc flu hosp,3,72,quantile,0.55,147,2026-10-31
2026-10-10,wk inc flu hosp,3,72,quantile,0.6,161,2026-10-31
2026-10-10,wk inc flu hosp,3,72,quantile,0.65,175,2026-10-31
2026-10-10,wk inc flu hosp,3,72,quantile,0.7,196,2026-10-31
2026-10-10,wk inc flu hosp,3,72,quantile,0.75,217,2026-10-31
2026-10-10,wk inc flu hosp,3,72,quantile,0.8,245,2026-10-31
2026-10-10,wk inc flu hosp,3,72,quantile,0.85,273,2026-10-31
2026-10-10,wk inc flu hosp,3,72,quantile,0.9,323,2026-10-31
2026-10-10,wk inc flu hosp,3,72,quantile,0.95,413,2026-10-31
2026-10-10,wk inc flu hosp,3,72,quantile,0.975,490,2026-10-31
2026-10-10,wk inc flu hosp,3,72,quantile,0.99,588,2026-10-31
