reference_date,target,horizon,target_end_date,location,output_type,output_type_id,value
2026-10-10,wk inc flu hosp,-1,2026-10-03,US,quantile,0.01,2401
2026-10-10,wk inc flu hosp,-1,2026-10-03,US,quantile,0.025,2549
2026-10-10,wk inc flu hosp,-1,2026-10-03,US,quantile,0.05,2690
2026-10-10,wk inc flu hosp,-1,2026-10-03,US,quantile,0.1,2863
2026-10-10,wk inc flu hosp,-1,2026-10-03,US,quantile,0.15,2988
2026-10-10,wk inc flu hosp,-1,2026-10-03,US,quantile,0.2,3081
2026-10-10,wk inc flu hosp,-1,2026-10-03,US,quantile,0.25,3168
2026-10-10,wk inc flu hosp,-1,2026-10-03,US,quantile,0.3,3246
2026-10-10,wk inc flu hosp,-1,2026-10-03,US,quantile,0.35,3323
2026-10-10,wk inc flu hosp,-1,2026-10-03,US,quantile,0.4,3396
2026-10-10,wk inc flu hosp,-1,2026-10-03,US,quantile,0.45,3468
2026-10-10,wk inc flu hosp,-1,2026-10-03,US,quantile,0.5,3539
2026-10-10,wk inc flu hosp,-1,2026-10-03,US,quantile,0.55,3612
2026-10-10,wk inc flu hosp,-1,2026-10-03,US,quantile,0.6,3690
2026-10-10,wk inc flu hosp,-1,2026-10-03,US,quantile,0.65,3774
2026-10-10,wk inc flu hosp,-1,2026-10-03,US,quantile,0.7,3862
2026-10-10,wk inc flu hosp,-1,2026-10-03,US,quantile,0.75,3957
2026-10-10,wk inc flu hosp,-1,2026-10-03,US,quantile,0.8,4069
2026-10-10,wk inc flu hosp,-1,2026-10-03,US,quantile,0.85,4207
2026-10-10,wk inc flu hosp,-1,2026-10-03,US,quantile,0.9,4388
2026-10-10,wk inc flu hosp,-1,2026-10-03,US,quantile,0.95,4679
2026-10-10,wk inc flu hosp,-1,2026-10-03,US,quantile,0.975,4995
2026-10-10,wk inc flu hosp,-1,2026-10-03,US,quantile,0.99,5296
2026-10-10,wk inc flu hosp,0,2026-10-10,US,quantile,0.01,2688
2026-10-10,wk inc flu hosp,0,2026-10-10,US,quantile,0.025,2912
2026-10-10,wk inc flu hosp,0,2026-10-10,US,quantile,0.05,3121
2026-10-10,wk inc flu hosp,0,2026-10-10,US,quantile,0.1,3393
2026-10-10,wk inc flu hosp,0,2026-10-10,US,quantile,0.15,3581
2026-10-10,wk inc flu hosp,0,2026-10-10,US,quantile,0.2,3741
2026-10-10,wk inc flu hosp,0,2026-10-10,US,quantile,0.25,3876
2026-10-10,wk inc flu hosp,0,2026-10-10,US,quantile,0.3,3995
2026-10-10,wk inc flu hosp,0,2026-10-10,US,quantile,0.35,4104
2026-10-10,wk inc flu hosp,0,2026-10-10,US,quantile,0.4,4211
2026-10-10,wk inc flu hosp,0,2026-10-10,US,quantile,0.45,4324
2026-10-10,wk inc flu hosp,0,2026-10-10,US,quantile,0.5,4442
2026-10-10,wk inc flu hosp,0,2026-10-10,US,quantile,0.55,4576
2026-10-10,wk inc flu hosp,0,2026-10-10,US,quantile,0.6,4714
2026-10-10,wk inc flu hosp,0,2026-10-10,US,quantile,0.65,4833
2026-10-10,wk inc flu hosp,0,2026-10-10,US,quantile,0.7,4969
2026-10-10,wk inc flu hosp,0,2026-10-10,US,quantile,0.75,5139
2026-10-10,wk inc flu hosp,0,2026-10-10,US,quantile,0.8,5349
2026-10-10,wk inc flu hosp,0,2026-10-10,US,quantile,0.85,5686
2026-10-10,wk inc flu hosp,0,2026-10-10,US,quantile,0.9,6155
2026-10-10,wk inc flu hosp,0,2026-10-10,US,quantile,0.95,6691
2026-10-10,wk inc flu hosp,0,2026-10-10,US,quantile,0.975,7229
2026-10-10,wk inc flu hosp,0,2026-10-10,US,quantile,0.99,7853
2026-10-10,wk inc flu hosp,1,2026-10-17,US,quantile,0.01,2756
2026-10-10,wk inc flu hosp,1,2026-10-17,US,quantile,0.025,3064
2026-10-10,wk inc flu hosp,1,2026-10-17,US,quantile,0.05,3367
2026-10-10,wk inc flu hosp,1,2026-10-17,US,quantile,0.1,3756
2026-10-10,wk inc flu hosp,1,2026-10-17,US,quantile,0.15,4099
2026-10-10,wk inc flu hosp,1,2026-10-17,US,quantile,0.2,4374
2026-10-10,wk inc flu hosp,1,2026-10-17,US,quantile,0.25,4602
2026-10-10,wk inc flu hosp,1,2026-10-17,US,quantile,0.3,4802
2026-10-10,wk inc flu hosp,1,2026-10-17,US,quantile,0.35,4996
2026-10-10,wk inc flu hosp,1,2026-10-17,US,quantile,0.4,5179
2026-10-10,wk inc flu hosp,1,2026-10-17,US,quantile,0.45,5365
2026-10-10,wk inc flu hosp,1,2026-10-17,US,quantile,0.5,5556
2026-10-10,wk inc flu hosp,1,2026-10-17,US,quantile,0.55,5749
2026-10-10,wk inc flu hosp,1,2026-10-17,US,quantile,0.6,5951
2026-10-10,wk inc flu hosp,1,2026-10-17,US,quantile,0.65,6178
2026-10-10,wk inc flu hosp,1,2026-10-17,US,quantile,0.7,6442
2026-10-10,wk inc flu hosp,1,2026-10-17,US,quantile,0.75,6752
2026-10-10,wk inc flu hosp,1,2026-10-17,US,quantile,0.8,7139
2026-10-10,wk inc flu hosp,1,2026-10-17,US,quantile,0.85,7702
2026-10-10,wk inc flu hosp,1,2026-10-17,US,quantile,0.9,8465
2026-10-10,wk inc flu hosp,1,2026-10-17,US,quantile,0.95,9478
2026-10-10,wk inc flu hosp,1,2026-10-17,US,quantile,0.975,10410
2026-10-10,wk inc flu hosp,1,2026-10-17,US,quantile,0.99,11578
2026-10-10,wk inc flu hosp,2,2026-10-24,US,quantile,0.01,2765
2026-10-10,wk inc flu hosp,2,2026-10-24,US,quantile,0.025,3153
2026-10-10,wk inc flu hosp,2,2026-10-24,US,quantile,0.05,3522
2026-10-10,wk inc flu hosp,2,2026-10-24,US,quantile,0.1,4045
2026-10-10,wk inc flu hosp,2,2026-10-24,US,quantile,0.15,4525
2026-10-10,wk inc flu hosp,2,2026-10-24,US,quantile,0.2,4934
2026-10-10,wk inc flu hosp,2,2026-10-24,US,quantile,0.25,5292
2026-10-10,wk inc flu hosp,2,2026-10-24,US,quantile,0.3,5614
2026-10-10,wk inc flu hosp,2,2026-10-24,US,quantile,0.35,5919
2026-10-10,wk inc flu hosp,2,2026-10-24,US,quantile,0.4,6201
2026-10-10,wk inc flu hosp,2,2026-10-24,US,quantile,0.45,6482
2026-10-10,wk inc flu hosp,2,2026-10-24,US,quantile,0.5,6762
2026-10-10,wk inc flu hosp,2,2026-10-24,US,quantile,0.55,7055
2026-10-10,wk inc flu hosp,2,2026-10-24,US,quantile,0.6,7375
2026-10-10,wk inc flu hosp,2,2026-10-24,US,quantile,0.65,7749
2026-10-10,wk inc flu hosp,2,2026-10-24,US,quantile,0.7,8175
2026-10-10,wk inc flu hosp,2,2026-10-24,US,quantile,0.75,8691
2026-10-10,wk inc flu hosp,2,2026-10-24,US,quantile,0.8,9332
2026-10-10,wk inc flu hosp,2,2026-10-24,US,quantile,0.85,10235
2026-10-10,wk inc flu hosp,2,2026-10-24,US,quantile,0.9,11452
2026-10-10,wk inc flu hosp,2,2026-10-24,US,quantile,0.95,13167
2026-10-10,wk inc flu hosp,2,2026-10-24,US,quantile,0.975,14892
2026-10-10,wk inc flu hosp,2,2026-10-24,US,quantile,0.99,17078
2026-10-10,wk inc flu hosp,3,2026-10-31,US,quantile,0.01,2914
2026-10-10,wk inc flu hosp,3,2026-10-31,US,quantile,0.025,3358
2026-10-10,wk inc flu hosp,3,2026-10-31,US,quantile,0.05,3828
2026-10-10,wk inc flu hosp,3,2026-10-31,US,quantile,0.1,4470
2026-10-10,wk inc flu hosp,3,2026-10-31,US,quantile,0.15,5062
2026-10-10,wk inc flu hosp,3,2026-10-31,US,quantile,0.2,5647
2026-10-10,wk inc flu hosp,3,2026-10-31,US,quantile,0.25,6149
2026-10-10,wk inc flu hosp,3,2026-10-31,US,quantile,0.3,6627
2026-10-10,wk inc flu hosp,3,2026-10-31,US,quantile,0.35,7056
2026-10-10,wk inc flu hosp,3,2026-10-31,US,quantile,0.4,7457
2026-10-10,wk inc flu hosp,3,2026-10-31,US,quantile,0.45,7853
2026-10-10,wk inc flu hosp,3,2026-10-31,US,quantile,0.5,8252
2026-10-10,wk inc flu hosp,3,2026-10-31,US,quantile,0.55,8685
2026-10-10,wk inc flu hosp,3,2026-10-31,US,quantile,0.6,9177
2026-10-10,wk inc flu hosp,3,2026-10-31,US,quantile,0.65,9751
2026-10-10,wk inc flu hosp,3,2026-10-31,US,quantile,0.7,10440
2026-10-10,wk inc flu hosp,3,2026-10-31,US,quantile,0.75,11290
2026-10-10,wk inc flu hosp,3,2026-10-31,US,quantile,0.8,12354
2026-10-10,wk inc flu hosp,3,2026-10-31,US,quantile,0.85,13694
2026-10-10,wk inc flu hosp,3,2026-10-31,US,quantile,0.9,15491
2026-10-10,wk inc flu hosp,3,2026-10-31,US,quantile,0.95,18227
2026-10-10,wk inc flu hosp,3,2026-10-31,US,quantile,0.975,21021
2026-10-10,wk inc flu hosp,3,2026-10-31,US,quantile,0.99,24674
2026-10-10,wk inc flu hosp,-1,2026-10-03,01,quantile,0.01,36
2026-10-10,wk inc flu hosp,-1,2026-10-03,01,quantile,0.025,39
2026-10-10,wk inc flu hosp,-1,2026-10-03,01,quantile,0.05,41
2026-10-10,wk inc flu hosp,-1,2026-10-03,01,quantile,0.1,44
2026-10-10,wk inc flu hosp,-1,2026-10-03,01,quantile,0.15,46
2026-10-10,wk inc flu hosp,-1,2026-10-03,01,quantile,0.2,47
2026-10-10,wk inc flu hosp,-1,2026-10-03,01,quantile,0.25,49
2026-10-10,wk inc flu hosp,-1,2026-10-03,01,quantile,0.3,50
2026-10-10,wk inc flu hosp,-1,2026-10-03,01,quantile,0.35,51
2026-10-10,wk inc flu hosp,-1,2026-10-03,01,quantile,0.4,52
2026-10-10,wk inc flu hosp,-1,2026-10-03,01,quantile,0.45,53
2026-10-10,wk inc flu hosp,-1,2026-10-03,01,quantile,0.5,54
2026-10-10,wk inc flu hosp,-1,2026-10-03,01,quantile,0.55,56
2026-10-10,wk inc flu hosp,-1,2026-10-03,01,quantile,0.6,57
2026-10-10,wk inc flu hosp,-1,2026-10-03,01,quantile,0.65,58
2026-10-10,wk inc flu hosp,-1,2026-10-03,01,quantile,0.7,59
2026-10-10,wk inc flu hosp,-1,2026-10-03,01,quantile,0.75,61
2026-10-10,wk inc flu hosp,-1,2026-10-03,01,quantile,0.8,63
2026-10-10,wk inc flu hosp,-1,2026-10-03,01,quantile,0.85,65
2026-10-10,wk inc flu hosp,-1,2026-10-03,01,quantile,0.9,68
2026-10-10,wk inc flu hosp,-1,2026-10-03,01,quantile,0.95,72
2026-10-10,wk inc flu hosp,-1,2026-10-03,01,quantile,0.975,77
2026-10-10,wk inc flu hosp,-1,2026-10-03,01,quantile,0.99,82
2026-10-10,wk inc flu hosp,0,2026-10-10,01,quantile,0.01,31
2026-10-10,wk inc flu hosp,0,2026-10-10,01,quantile,0.025,35
2026-10-10,wk inc flu hosp,0,2026-10-10,01,quantile,0.05,38
2026-10-10,wk inc flu hosp,0,2026-10-10,01,quantile,0.1,43
2026-10-10,wk inc flu hosp,0,2026-10-10,01,quantile,0.15,46
2026-10-10,wk inc flu hosp,0,2026-10-10,01,quantile,0.2,49
2026-10-10,wk inc flu hosp,0,2026-10-10,01,quantile,0.25,51
2026-10-10,wk inc flu hosp,0,2026-10-10,01,quantile,0.3,54
2026-10-10,wk inc flu hosp,0,2026-10-10,01,quantile,0.35,56
2026-10-10,wk inc flu hosp,0,2026-10-10,01,quantile,0.4,58
2026-10-10,wk inc flu hosp,0,2026-10-10,01,quantile,0.45,60
2026-10-10,wk inc flu hosp,0,2026-10-10,01,quantile,0.5,62
2026-10-10,wk inc flu hosp,0,2026-10-10,01,quantile,0.55,65
2026-10-10,wk inc flu hosp,0,2026-10-10,01,quantile,0.6,67
2026-10-10,wk inc flu hosp,0,2026-10-10,01,quantile,0.65,69
2026-10-10,wk inc flu hosp,0,2026-10-10,01,quantile,0.7,72
2026-10-10,wk inc flu hosp,0,2026-10-10,01,quantile,0.75,75
2026-10-10,wk inc flu hosp,0,2026-10-10,01,quantile,0.8,80
2026-10-10,wk inc flu hosp,0,2026-10-10,01,quantile,0.85,86
2026-10-10,wk inc flu hosp,0,2026-10-10,01,quantile,0.9,94
2026-10-10,wk inc flu hosp,0,2026-10-10,01,quantile,0.95,106
2026-10-10,wk inc flu hosp,0,2026-10-10,01,quantile,0.975,117
2026-10-10,wk inc flu hosp,0,2026-10-10,01,quantile,0.99,130
2026-10-10,wk inc flu hosp,1,2026-10-17,01,quantile,0.01,32
2026-10-10,wk inc flu hosp,1,2026-10-17,01,quantile,0.025,36
2026-10-10,wk inc flu hosp,1,2026-10-17,01,quantile,0.05,40
2026-10-10,wk inc flu hosp,1,2026-10-17,01,quantile,0.1,45
2026-10-10,wk inc flu hosp,1,2026-10-17,01,quantile,0.15,51
2026-10-10,wk inc flu hosp,1,2026-10-17,01,quantile,0.2,55
2026-10-10,wk inc flu hosp,1,2026-10-17,01,quantile,0.25,59
2026-10-10,wk inc flu hosp,1,2026-10-17,01,quantile,0.3,62
2026-10-10,wk inc flu hosp,1,2026-10-17,01,quantile,0.35,66
2026-10-10,wk inc flu hosp,1,2026-10-17,01,quantile,0.4,69
2026-10-10,wk inc flu hosp,1,2026-10-17,01,quantile,0.45,72
2026-10-10,wk inc flu hosp,1,2026-10-17,01,quantile,0.5,75
2026-10-10,wk inc flu hosp,1,2026-10-17,01,quantile,0.55,78
2026-10-10,wk inc flu hosp,1,2026-10-17,01,quantile,0.6,82
2026-10-10,wk inc flu hosp,1,2026-10-17,01,quantile,0.65,87
2026-10-10,wk inc flu hosp,1,2026-10-17,01,quantile,0.7,92
2026-10-10,wk inc flu hosp,1,2026-10-17,01,quantile,0.75,98
2026-10-10,wk inc flu hosp,1,2026-10-17,01,quantile,0.8,105
2026-10-10,wk inc flu hosp,1,2026-10-17,01,quantile,0.85,116
2026-10-10,wk inc flu hosp,1,2026-10-17,01,quantile,0.9,129
2026-10-10,wk inc flu hosp,1,2026-10-17,01,quantile,0.95,151
2026-10-10,wk inc flu hosp,1,2026-10-17,01,quantile,0.975,172
2026-10-10,wk inc flu hosp,1,2026-10-17,01,quantile,0.99,199
2026-10-10,wk inc flu hosp,2,2026-10-24,01,quantile,0.01,31
2026-10-10,wk inc flu hosp,2,2026-10-24,01,quantile,0.025,36
2026-10-10,wk inc flu hosp,2,2026-10-24,01,quantile,0.05,41
2026-10-10,wk inc flu hosp,2,2026-10-24,01,quantile,0.1,47
2026-10-10,wk inc flu hosp,2,2026-10-24,01,quantile,0.15,55
2026-10-10,wk inc flu hosp,2,2026-10-24,01,quantile,0.2,61
2026-10-10,wk inc flu hosp,2,2026-10-24,01,quantile,0.25,66
2026-10-10,wk inc flu hosp,2,2026-10-24,01,quantile,0.3,71
2026-10-10,wk inc flu hosp,2,2026-10-24,01,quantile,0.35,75
2026-10-10,wk inc flu hosp,2,2026-10-24,01,quantile,0.4,80
2026-10-10,wk inc flu hosp,2,2026-10-24,01,quantile,0.45,84
2026-10-10,wk inc flu hosp,2,2026-10-24,01,quantile,0.5,89
2026-10-10,wk inc flu hosp,2,2026-10-24,01,quantile,0.55,94
2026-10-10,wk inc flu hosp,2,2026-10-24,01,quantile,0.6,99
2026-10-10,wk inc flu hosp,2,2026-10-24,01,quantile,0.65,106
2026-10-10,wk inc flu hosp,2,2026-10-24,01,quantile,0.7,114
2026-10-10,wk inc flu hosp,2,2026-10-24,01,quantile,0.75,123
2026-10-10,wk inc flu hosp,2,2026-10-24,01,quantile,0.8,135
2026-10-10,wk inc flu hosp,2,2026-10-24,01,quantile,0.85,152
2026-10-10,wk inc flu hosp,2,2026-10-24,01,quantile,0.9,176
2026-10-10,wk inc flu hosp,2,2026-10-24,01,quantile,0.95,215
2026-10-10,wk inc flu hosp,2,2026-10-24,01,quantile,0.975,254
2026-10-10,wk inc flu hosp,2,2026-10-24,01,quantile,0.99,304
2026-10-10,wk inc flu hosp,3,2026-10-31,01,quantile,0.01,30
2026-10-10,wk inc flu hosp,3,2026-10-31,01,quantile,0.025,36
2026-10-10,wk inc flu hosp,3,2026-10-31,01,quantile,0.05,41
2026-10-10,wk inc flu hosp,3,2026-10-31,01,quantile,0.1,49
2026-10-10,wk inc flu hosp,3,2026-10-31,01,quantile,0.15,57
2026-10-10,wk inc flu hosp,3,2026-10-31,01,quantile,0.2,65
2026-10-10,wk inc flu hosp,3,2026-10-31,01,quantile,0.25,72
2026-10-10,wk inc flu hosp,3,2026-10-31,01,quantile,0.3,79
2026-10-10,wk inc flu hosp,3,2026-10-31,01,quantile,0.35,85
2026-10-10,wk inc flu hosp,3,2026-10-31,01,quantile,0.4,92
2026-10-10,wk inc flu hosp,3,2026-10-31,01,quantile,0.45,98
2026-10-10,wk inc flu hosp,3,2026-10-31,01,quantile,0.5,104
2026-10-10,wk inc flu hosp,3,2026-10-31,01,quantile,0.55,111
2026-10-10,wk inc flu hosp,3,2026-10-31,01,quantile,0.6,119
2026-10-10,wk inc flu hosp,3,2026-10-31,01,quantile,0.65,128
2026-10-10,wk inc flu hosp,3,2026-10-31,01,quantile,0.7,140
2026-10-10,wk inc flu hosp,3,2026-10-31,01,quantile,0.75,155
2026-10-10,wk inc flu hosp,3,2026-10-31,01,quantile,0.8,173
2026-10-10,wk inc flu hosp,3,2026-10-31,01,quantile,0.85,198
2026-10-10,wk inc flu hosp,3,2026-10-31,01,quantile,0.9,234
2026-10-10,wk inc flu hosp,3,2026-10-31,01,quantile,0.95,300
2026-10-10,wk inc flu hosp,3,2026-10-31,01,quantile,0.975,366
2026-10-10,wk inc flu hosp,3,2026-10-31,01,quantile,0.99,453
2026-10-10,wk inc flu hosp,-1,2026-10-03,02,quantile,0.01,16
2026-10-10,wk inc flu hosp,-1,2026-10-03,02,quantile,0.025,17
2026-10-10,wk inc flu hosp,-1,2026-10-03,02,quantile,0.05,18
2026-10-10,wk inc flu hosp,-1,2026-10-03,02,quantile,0.1,19
2026-10-10,wk inc flu hosp,-1,2026-10-03,02,quantile,0.15,20
2026-10-10,wk inc flu hosp,-1,2026-10-03,02,quantile,0.2,21
2026-10-10,wk inc flu hosp,-1,2026-10-03,02,quantile,0.25,21
2026-10-10,wk inc flu hosp,-1,2026-10-03,02,quantile,0.3,22
2026-10-10,wk inc flu hosp,-1,2026-10-03,02,quantile,0.35,22
2026-10-10,wk inc flu hosp,-1,2026-10-03,02,quantile,0.4,23
2026-10-10,wk inc flu hosp,-1,2026-10-03,02,quantile,0.45,23
2026-10-10,wk inc flu hosp,-1,2026-10-03,02,quantile,0.5,24
2026-10-10,wk inc flu hosp,-1,2026-10-03,02,quantile,0.55,24
2026-10-10,wk inc flu hosp,-1,2026-10-03,02,quantile,0.6,25
2026-10-10,wk inc flu hosp,-1,2026-10-03,02,quantile,0.65,26
2026-10-10,wk inc flu hosp,-1,2026-10-03,02,quantile,0.7,26
2026-10-10,wk inc flu hosp,-1,2026-10-03,02,quantile,0.75,27
2026-10-10,wk inc flu hosp,-1,2026-10-03,02,quantile,0.8,28
2026-10-10,wk inc flu hosp,-1,2026-10-03,02,quantile,0.85,29
2026-10-10,wk inc flu hosp,-1,2026-10-03,02,quantile,0.9,30
2026-10-10,wk inc flu hosp,-1,2026-10-03,02,quantile,0.95,32
2026-10-10,wk inc flu hosp,-1,2026-10-03,02,quantile,0.975,34
2026-10-10,wk inc flu hosp,-1,2026-10-03,02,quantile,0.99,37
2026-10-10,wk inc flu hosp,0,2026-10-10,02,quantile,0.01,11
2026-10-10,wk inc flu hosp,0,2026-10-10,02,quantile,0.025,13
2026-10-10,wk inc flu hosp,0,2026-10-10,02,quantile,0.05,14
2026-10-10,wk inc flu hosp,0,2026-10-10,02,quantile,0.1,16
2026-10-10,wk inc flu hosp,0,2026-10-10,02,quantile,0.15,18
2026-10-10,wk inc flu hosp,0,2026-10-10,02,quantile,0.2,19
2026-10-10,wk inc flu hosp,0,2026-10-10,02,quantile,0.25,20
2026-10-10,wk inc flu hosp,0,2026-10-10,02,quantile,0.3,21
2026-10-10,wk inc flu hosp,0,2026-10-10,02,quantile,0.35,22
2026-10-10,wk inc flu hosp,0,2026-10-10,02,quantile,0.4,23
2026-10-10,wk inc flu hosp,0,2026-10-10,02,quantile,0.45,24
2026-10-10,wk inc flu hosp,0,2026-10-10,02,quantile,0.5,25
2026-10-10,wk inc flu hosp,0,2026-10-10,02,quantile,0.55,26
2026-10-10,wk inc flu hosp,0,2026-10-10,02,quantile,0.6,27
2026-10-10,wk inc flu hosp,0,2026-10-10,02,quantile,0.65,28
2026-10-10,wk inc flu hosp,0,2026-10-10,02,quantile,0.7,30
2026-10-10,wk inc flu hosp,0,2026-10-10,02,quantile,0.75,31
2026-10-10,wk inc flu hosp,0,2026-10-10,02,quantile,0.8,33
2026-10-10,wk inc flu hosp,0,2026-10-10,02,quantile,0.85,36
2026-10-10,wk inc flu hosp,0,2026-10-10,02,quantile,0.9,39
2026-10-10,wk inc flu hosp,0,2026-10-10,02,quantile,0.95,45
2026-10-10,wk inc flu hosp,0,2026-10-10,02,quantile,0.975,50
2026-10-10,wk inc flu hosp,0,2026-10-10,02,quantile,0.99,58
2026-10-10,wk inc flu hosp,1,2026-10-17,02,quantile,0.01,10
2026-10-10,wk inc flu hosp,1,2026-10-17,02,quantile,0.025,12
2026-10-10,wk inc flu hosp,1,2026-10-17,02,quantile,0.05,14
2026-10-10,wk inc flu hosp,1,2026-10-17,02,quantile,0.1,16
2026-10-10,wk inc flu hosp,1,2026-10-17,02,quantile,0.15,17
2026-10-10,wk inc flu hosp,1,2026-10-17,02,quantile,0.2,19
2026-10-10,wk inc flu hosp,1,2026-10-17,02,quantile,0.25,20
2026-10-10,wk inc flu hosp,1,2026-10-17,02,quantile,0.3,21
2026-10-10,wk inc flu hosp,1,2026-10-17,02,quantile,0.35,23
2026-10-10,wk inc flu hosp,1,2026-10-17,02,quantile,0.4,24
2026-10-10,wk inc flu hosp,1,2026-10-17,02,quantile,0.45,25
2026-10-10,wk inc flu hosp,1,2026-10-17,02,quantile,0.5,27
2026-10-10,wk inc flu hosp,1,2026-10-17,02,quantile,0.55,28
2026-10-10,wk inc flu hosp,1,2026-10-17,02,quantile,0.6,29
2026-10-10,wk inc flu hosp,1,2026-10-17,02,quantile,0.65,31
2026-10-10,wk inc flu hosp,1,2026-10-17,02,quantile,0.7,33
2026-10-10,wk inc flu hosp,1,2026-10-17,02,quantile,0.75,35
2026-10-10,wk inc flu hosp,1,2026-10-17,02,quantile,0.8,38
2026-10-10,wk inc flu hosp,1,2026-10-17,02,quantile,0.85,42
2026-10-10,wk inc flu hosp,1,2026-10-17,02,quantile,0.9,46
2026-10-10,wk inc flu hosp,1,2026-10-17,02,quantile,0.95,54
2026-10-10,wk inc flu hosp,1,2026-10-17,02,quantile,0.975,62
2026-10-10,wk inc flu hosp,1,2026-10-17,02,quantile,0.99,73
2026-10-10,wk inc flu hosp,2,2026-10-24,02,quantile,0.01,9
2026-10-10,wk inc flu hosp,2,2026-10-24,02,quantile,0.025,11
2026-10-10,wk inc flu hosp,2,2026-10-24,02,quantile,0.05,12
2026-10-10,wk inc flu hosp,2,2026-10-24,02,quantile,0.1,14
2026-10-10,wk inc flu hosp,2,2026-10-24,02,quantile,0.15,16
2026-10-10,wk inc flu hosp,2,2026-10-24,02,quantile,0.2,18
2026-10-10,wk inc flu hosp,2,2026-10-24,02,quantile,0.25,19
2026-10-10,wk inc flu hosp,2,2026-10-24,02,quantile,0.3,21
2026-10-10,wk inc flu hosp,2,2026-10-24,02,quantile,0.35,23
2026-10-10,wk inc flu hosp,2,2026-10-24,02,quantile,0.4,24
2026-10-10,wk inc flu hosp,2,2026-10-24,02,quantile,0.45,26
2026-10-10,wk inc flu hosp,2,2026-10-24,02,quantile,0.5,27
2026-10-10,wk inc flu hosp,2,2026-10-24,02,quantile,0.55,29
2026-10-10,wk inc flu hosp,2,2026-10-24,02,quantile,0.6,31
2026-10-10,wk inc flu hosp,2,2026-10-24,02,quantile,0.65,34
2026-10-10,wk inc flu hosp,2,2026-10-24,02,quantile,0.7,36
2026-10-10,wk inc flu hosp,2,2026-10-24,02,quantile,0.75,39
2026-10-10,wk inc flu hosp,2,2026-10-24,02,quantile,0.8,43
2026-10-10,wk inc flu hosp,2,2026-10-24,02,quantile,0.85,47
2026-10-10,wk inc flu hosp,2,2026-10-24,02,quantile,0.9,53
2026-10-10,wk inc flu hosp,2,2026-10-24,02,quantile,0.95,64
2026-10-10,wk inc flu hosp,2,2026-10-24,02,quantile,0.975,76
2026-10-10,wk inc flu hosp,2,2026-10-24,02,quantile,0.99,93
2026-10-10,wk inc flu hosp,3,2026-10-31,02,quantile,0.01,7
2026-10-10,wk inc flu hosp,3,2026-10-31,02,quantile,0.025,9
2026-10-10,wk inc flu hosp,3,2026-10-31,02,quantile,0.05,10
2026-10-10,wk inc flu hosp,3,2026-10-31,02,quantile,0.1,13
2026-10-10,wk inc flu hosp,3,2026-10-31,02,quantile,0.15,15
2026-10-10,wk inc flu hosp,3,2026-10-31,02,quantile,0.2,17
2026-10-10,wk inc flu hosp,3,2026-10-31,02,quantile,0.25,18
2026-10-10,wk inc flu hosp,3,2026-10-31,02,quantile,0.3,20
2026-10-10,wk inc flu hosp,3,2026-10-31,02,quantile,0.35,22
2026-10-10,wk inc flu hosp,3,2026-10-31,02,quantile,0.4,23
2026-10-10,wk inc flu hosp,3,2026-10-31,02,quantile,0.45,25
2026-10-10,wk inc flu hosp,3,2026-10-31,02,quantile,0.5,27
2026-10-10,wk inc flu hosp,3,2026-10-31,02,quantile,0.55,29
2026-10-10,wk inc flu hosp,3,2026-10-31,02,quantile,0.6,31
2026-10-10,wk inc flu hosp,3,2026-10-31,02,quantile,0.65,34
2026-10-10,wk inc flu hosp,3,2026-10-31,02,quantile,0.7,37
2026-10-10,wk inc flu hosp,3,2026-10-31,02,quantile,0.75,41
2026-10-10,wk inc flu hosp,3,2026-10-31,02,quantile,0.8,45
2026-10-10,wk inc flu hosp,3,2026-10-31,02,quantile,0.85,50
2026-10-10,wk inc flu hosp,3,2026-10-31,02,quantile,0.9,57
2026-10-10,wk inc flu hosp,3,2026-10-31,02,quantile,0.95,71
2026-10-10,wk inc flu hosp,3,2026-10-31,02,quantile,0.975,85
2026-10-10,wk inc flu hosp,3,2026-10-31,02,quantile,0.99,106
2026-10-10,wk inc flu hosp,-1,2026-10-03,04,quantile,0.01,40
2026-10-10,wk inc flu hosp,-1,2026-10-03,04,quantile,0.025,43
2026-10-10,wk inc flu hosp,-1,2026-10-03,04,quantile,0.05,46
2026-10-10,wk inc flu hosp,-1,2026-10-03,04,quantile,0.1,49
2026-10-10,wk inc flu hosp,-1,2026-10-03,04,quantile,0.15,51
2026-10-10,wk inc flu hosp,-1,2026-10-03,04,quantile,0.2,53
2026-10-10,wk inc flu hosp,-1,2026-10-03,04,quantile,0.25,55
2026-10-10,wk inc flu hosp,-1,2026-10-03,04,quantile,0.3,57
2026-10-10,wk inc flu hosp,-1,2026-10-03,04,quantile,0.35,58
2026-10-10,wk inc flu hosp,-1,2026-10-03,04,quantile,0.4,60
2026-10-10,wk inc flu hosp,-1,2026-10-03,04,quantile,0.45,61
2026-10-10,wk inc flu hosp,-1,2026-10-03,04,quantile,0.5,62
2026-10-10,wk inc flu hosp,-1,2026-10-03,04,quantile,0.55,64
2026-10-10,wk inc flu hosp,-1,2026-10-03,04,quantile,0.6,66
2026-10-10,wk inc flu hosp,-1,2026-10-03,04,quantile,0.65,67
2026-10-10,wk inc flu hosp,-1,2026-10-03,04,quantile,0.7,69
2026-10-10,wk inc flu hosp,-1,2026-10-03,04,quantile,0.75,71
2026-10-10,wk inc flu hosp,-1,2026-10-03,04,quantile,0.8,73
2026-10-10,wk inc flu hosp,-1,2026-10-03,04,quantile,0.85,76
2026-10-10,wk inc flu hosp,-1,2026-10-03,04,quantile,0.9,80
2026-10-10,wk inc flu hosp,-1,2026-10-03,04,quantile,0.95,86
2026-10-10,wk inc flu hosp,-1,2026-10-03,04,quantile,0.975,92
2026-10-10,wk inc flu hosp,-1,2026-10-03,04,quantile,0.99,100
2026-10-10,wk inc flu hosp,0,2026-10-10,04,quantile,0.01,36
2026-10-10,wk inc flu hosp,0,2026-10-10,04,quantile,0.025,40
2026-10-10,wk inc flu hosp,0,2026-10-10,04,quantile,0.05,45
2026-10-10,wk inc flu hosp,0,2026-10-10,04,quantile,0.1,50
2026-10-10,wk inc flu hosp,0,2026-10-10,04,quantile,0.15,54
2026-10-10,wk inc flu hosp,0,2026-10-10,04,quantile,0.2,58
2026-10-10,wk inc flu hosp,0,2026-10-10,04,quantile,0.25,61
2026-10-10,wk inc flu hosp,0,2026-10-10,04,quantile,0.3,64
2026-10-10,wk inc flu hosp,0,2026-10-10,04,quantile,0.35,67
2026-10-10,wk inc flu hosp,0,2026-10-10,04,quantile,0.4,70
2026-10-10,wk inc flu hosp,0,2026-10-10,04,quantile,0.45,73
2026-10-10,wk inc flu hosp,0,2026-10-10,04,quantile,0.5,75
2026-10-10,wk inc flu hosp,0,2026-10-10,04,quantile,0.55,78
2026-10-10,wk inc flu hosp,0,2026-10-10,04,quantile,0.6,82
2026-10-10,wk inc flu hosp,0,2026-10-10,04,quantile,0.65,85
2026-10-10,wk inc flu hosp,0,2026-10-10,04,quantile,0.7,89
2026-10-10,wk inc flu hosp,0,2026-10-10,04,quantile,0.75,94
2026-10-10,wk inc flu hosp,0,2026-10-10,04,quantile,0.8,100
2026-10-10,wk inc flu hosp,0,2026-10-10,04,quantile,0.85,109
2026-10-10,wk inc flu hosp,0,2026-10-10,04,quantile,0.9,120
2026-10-10,wk inc flu hosp,0,2026-10-10,04,quantile,0.95,136
2026-10-10,wk inc flu hosp,0,2026-10-10,04,quantile,0.975,152
2026-10-10,wk inc flu hosp,0,2026-10-10,04,quantile,0.99,172
2026-10-10,wk inc flu hosp,1,2026-10-17,04,quantile,0.01,38
2026-10-10,wk inc flu hosp,1,2026-10-17,04,quantile,0.025,44
2026-10-10,wk inc flu hosp,1,2026-10-17,04,quantile,0.05,50
2026-10-10,wk inc flu hosp,1,2026-10-17,04,quantile,0.1,57
2026-10-10,wk inc flu hosp,1,2026-10-17,04,quantile,0.15,62
2026-10-10,wk inc flu hosp,1,2026-10-17,04,quantile,0.2,67
2026-10-10,wk inc flu hosp,1,2026-10-17,04,quantile,0.25,71
2026-10-10,wk inc flu hosp,1,2026-10-17,04,quantile,0.3,75
2026-10-10,wk inc flu hosp,1,2026-10-17,04,quantile,0.35,79
2026-10-10,wk inc flu hosp,1,2026-10-17,04,quantile,0.4,84
2026-10-10,wk inc flu hosp,1,2026-10-17,04,quantile,0.45,88
2026-10-10,wk inc flu hosp,1,2026-10-17,04,quantile,0.5,92
2026-10-10,wk inc flu hosp,1,2026-10-17,04,quantile,0.55,97
2026-10-10,wk inc flu hosp,1,2026-10-17,04,quantile,0.6,102
2026-10-10,wk inc flu hosp,1,2026-10-17,04,quantile,0.65,108
2026-10-10,wk inc flu hosp,1,2026-10-17,04,quantile,0.7,115
2026-10-10,wk inc flu hosp,1,2026-10-17,04,quantile,0.75,123
2026-10-10,wk inc flu hosp,1,2026-10-17,04,quantile,0.8,133
2026-10-10,wk inc flu hosp,1,2026-10-17,04,quantile,0.85,148
2026-10-10,wk inc flu hosp,1,2026-10-17,04,quantile,0.9,168
2026-10-10,wk inc flu hosp,1,2026-10-17,04,quantile,0.95,197
2026-10-10,wk inc flu hosp,1,2026-10-17,04,quantile,0.975,226
2026-10-10,wk inc flu hosp,1,2026-10-17,04,quantile,0.99,267
2026-10-10,wk inc flu hosp,2,2026-10-24,04,quantile,0.01,43
2026-10-10,wk inc flu hosp,2,2026-10-24,04,quantile,0.025,50
2026-10-10,wk inc flu hosp,2,2026-10-24,04,quantile,0.05,57
2026-10-10,wk inc flu hosp,2,2026-10-24,04,quantile,0.1,67
2026-10-10,wk inc flu hosp,2,2026-10-24,04,quantile,0.15,74
2026-10-10,wk inc flu hosp,2,2026-10-24,04,quantile,0.2,81
2026-10-10,wk inc flu hosp,2,2026-10-24,04,quantile,0.25,87
2026-10-10,wk inc flu hosp,2,2026-10-24,04,quantile,0.3,93
2026-10-10,wk inc flu hosp,2,2026-10-24,04,quantile,0.35,100
2026-10-10,wk inc flu hosp,2,2026-10-24,04,quantile,0.4,106
2026-10-10,wk inc flu hosp,2,2026-10-24,04,quantile,0.45,113
2026-10-10,wk inc flu hosp,2,2026-10-24,04,quantile,0.5,119
2026-10-10,wk inc flu hosp,2,2026-10-24,04,quantile,0.55,127
2026-10-10,wk inc flu hosp,2,2026-10-24,04,quantile,0.6,135
2026-10-10,wk inc flu hosp,2,2026-10-24,04,quantile,0.65,144
2026-10-10,wk inc flu hosp,2,2026-10-24,04,quantile,0.7,155
2026-10-10,wk inc flu hosp,2,2026-10-24,04,quantile,0.75,168
2026-10-10,wk inc flu hosp,2,2026-10-24,04,quantile,0.8,185
2026-10-10,wk inc flu hosp,2,2026-10-24,04,quantile,0.85,207
2026-10-10,wk inc flu hosp,2,2026-10-24,04,quantile,0.9,238
2026-10-10,wk inc flu hosp,2,2026-10-24,04,quantile,0.95,288
2026-10-10,wk inc flu hosp,2,2026-10-24,04,quantile,0.975,342
2026-10-10,wk inc flu hosp,2,2026-10-24,04,quantile,0.99,422
2026-10-10,wk inc flu hosp,3,2026-10-31,04,quantile,0.01,48
2026-10-10,wk inc flu hosp,3,2026-10-31,04,quantile,0.025,56
2026-10-10,wk inc flu hosp,3,2026-10-31,04,quantile,0.05,65
2026-10-10,wk inc flu hosp,3,2026-10-31,04,quantile,0.1,77
2026-10-10,wk inc flu hosp,3,2026-10-31,04,quantile,0.15,87
2026-10-10,wk inc flu hosp,3,2026-10-31,04,quantile,0.2,97
2026-10-10,wk inc flu hosp,3,2026-10-31,04,quantile,0.25,105
2026-10-10,wk inc flu hosp,3,2026-10-31,04,quantile,0.3,113
2026-10-10,wk inc flu hosp,3,2026-10-31,04,quantile,0.35,121
2026-10-10,wk inc flu hosp,3,2026-10-31,04,quantile,0.4,130
2026-10-10,wk inc flu hosp,3,2026-10-31,04,quantile,0.45,139
2026-10-10,wk inc flu hosp,3,2026-10-31,04,quantile,0.5,149
2026-10-10,wk inc flu hosp,3,2026-10-31,04,quantile,0.55,160
2026-10-10,wk inc flu hosp,3,2026-10-31,04,quantile,0.6,172
2026-10-10,wk inc flu hosp,3,2026-10-31,04,quantile,0.65,186
2026-10-10,wk inc flu hosp,3,2026-10-31,04,quantile,0.7,203
2026-10-10,wk inc flu hosp,3,2026-10-31,04,quantile,0.75,222
2026-10-10,wk inc flu hosp,3,2026-10-31,04,quantile,0.8,247
2026-10-10,wk inc flu hosp,3,2026-10-31,04,quantile,0.85,280
2026-10-10,wk inc flu hosp,3,2026-10-31,04,quantile,0.9,328
2026-10-10,wk inc flu hosp,3,2026-10-31,04,quantile,0.95,415
2026-10-10,wk inc flu hosp,3,2026-10-31,04,quantile,0.975,513
2026-10-10,wk inc flu hosp,3,2026-10-31,04,quantile,0.99,661
2026-10-10,wk inc flu hosp,-1,2026-10-03,05,quantile,0.01,12
2026-10-10,wk inc flu hosp,-1,2026-10-03,05,quantile,0.025,13
2026-10-10,wk inc flu hosp,-1,2026-10-03,05,quantile,0.05,13
2026-10-10,wk inc flu hosp,-1,2026-10-03,05,quantile,0.1,14
2026-10-10,wk inc flu hosp,-1,2026-10-03,05,quantile,0.15,15
2026-10-10,wk inc flu hosp,-1,2026-10-03,05,quantile,0.2,16
2026-10-10,wk inc flu hosp,-1,2026-10-03,05,quantile,0.25,16
2026-10-10,wk inc flu hosp,-1,2026-10-03,05,quantile,0.3,17
2026-10-10,wk inc flu hosp,-1,2026-10-03,05,quantile,0.35,17
2026-10-10,wk inc flu hosp,-1,2026-10-03,05,quantile,0.4,17
2026-10-10,wk inc flu hosp,-1,2026-10-03,05,quantile,0.45,18
2026-10-10,wk inc flu hosp,-1,2026-10-03,05,quantile,0.5,18
2026-10-10,wk inc flu hosp,-1,2026-10-03,05,quantile,0.55,19
2026-10-10,wk inc flu hosp,-1,2026-10-03,05,quantile,0.6,19
2026-10-10,wk inc flu hosp,-1,2026-10-03,05,quantile,0.65,19
2026-10-10,wk inc flu hosp,-1,2026-10-03,05,quantile,0.7,20
2026-10-10,wk inc flu hosp,-1,2026-10-03,05,quantile,0.75,21
2026-10-10,wk inc flu hosp,-1,2026-10-03,05,quantile,0.8,21
2026-10-10,wk inc flu hosp,-1,2026-10-03,05,quantile,0.85,22
2026-10-10,wk inc flu hosp,-1,2026-10-03,05,quantile,0.9,23
2026-10-10,wk inc flu hosp,-1,2026-10-03,05,quantile,0.95,24
2026-10-10,wk inc flu hosp,-1,2026-10-03,05,quantile,0.975,26
2026-10-10,wk inc flu hosp,-1,2026-10-03,05,quantile,0.99,28
2026-10-10,wk inc flu hosp,0,2026-10-10,05,quantile,0.01,11
2026-10-10,wk inc flu hosp,0,2026-10-10,05,quantile,0.025,12
2026-10-10,wk inc flu hosp,0,2026-10-10,05,quantile,0.05,13
2026-10-10,wk inc flu hosp,0,2026-10-10,05,quantile,0.1,14
2026-10-10,wk inc flu hosp,0,2026-10-10,05,quantile,0.15,16
2026-10-10,wk inc flu hosp,0,2026-10-10,05,quantile,0.2,17
2026-10-10,wk inc flu hosp,0,2026-10-10,05,quantile,0.25,18
2026-10-10,wk inc flu hosp,0,2026-10-10,05,quantile,0.3,19
2026-10-10,wk inc flu hosp,0,2026-10-10,05,quantile,0.35,20
2026-10-10,wk inc flu hosp,0,2026-10-10,05,quantile,0.4,21
2026-10-10,wk inc flu hosp,0,2026-10-10,05,quantile,0.45,21
2026-10-10,wk inc flu hosp,0,2026-10-10,05,quantile,0.5,22
2026-10-10,wk inc flu hosp,0,2026-10-10,05,quantile,0.55,23
2026-10-10,wk inc flu hosp,0,2026-10-10,05,quantile,0.6,24
2026-10-10,wk inc flu hosp,0,2026-10-10,05,quantile,0.65,25
2026-10-10,wk inc flu hosp,0,2026-10-10,05,quantile,0.7,26
2026-10-10,wk inc flu hosp,0,2026-10-10,05,quantile,0.75,27
2026-10-10,wk inc flu hosp,0,2026-10-10,05,quantile,0.8,28
2026-10-10,wk inc flu hosp,0,2026-10-10,05,quantile,0.85,30
2026-10-10,wk inc flu hosp,0,2026-10-10,05,quantile,0.9,33
2026-10-10,wk inc flu hosp,0,2026-10-10,05,quantile,0.95,37
2026-10-10,wk inc flu hosp,0,2026-10-10,05,quantile,0.975,41
2026-10-10,wk inc flu hosp,0,2026-10-10,05,quantile,0.99,46
2026-10-10,wk inc flu hosp,1,2026-10-17,05,quantile,0.01,12
2026-10-10,wk inc flu hosp,1,2026-10-17,05,quantile,0.025,14
2026-10-10,wk inc flu hosp,1,2026-10-17,05,quantile,0.05,15
2026-10-10,wk inc flu hosp,1,2026-10-17,05,quantile,0.1,17
2026-10-10,wk inc flu hosp,1,2026-10-17,05,quantile,0.15,19
2026-10-10,wk inc flu hosp,1,2026-10-17,05,quantile,0.2,21
2026-10-10,wk inc flu hosp,1,2026-10-17,05,quantile,0.25,22
2026-10-10,wk inc flu hosp,1,2026-10-17,05,quantile,0.3,23
2026-10-10,wk inc flu hosp,1,2026-10-17,05,quantile,0.35,25
2026-10-10,wk inc flu hosp,1,2026-10-17,05,quantile,0.4,26
2026-10-10,wk inc flu hosp,1,2026-10-17,05,quantile,0.45,27
2026-10-10,wk inc flu hosp,1,2026-10-17,05,quantile,0.5,28
2026-10-10,wk inc flu hosp,1,2026-10-17,05,quantile,0.55,29
2026-10-10,wk inc flu hosp,1,2026-10-17,05,quantile,0.6,31
2026-10-10,wk inc flu hosp,1,2026-10-17,05,quantile,0.65,32
2026-10-10,wk inc flu hosp,1,2026-10-17,05,quantile,0.7,34
2026-10-10,wk inc flu hosp,1,2026-10-17,05,quantile,0.75,36
2026-10-10,wk inc flu hosp,1,2026-10-17,05,quantile,0.8,39
2026-10-10,wk inc flu hosp,1,2026-10-17,05,quantile,0.85,43
2026-10-10,wk inc flu hosp,1,2026-10-17,05,quantile,0.9,49
2026-10-10,wk inc flu hosp,1,2026-10-17,05,quantile,0.95,57
2026-10-10,wk inc flu hosp,1,2026-10-17,05,quantile,0.975,66
2026-10-10,wk inc flu hosp,1,2026-10-17,05,quantile,0.99,77
2026-10-10,wk inc flu hosp,2,2026-10-24,05,quantile,0.01,14
2026-10-10,wk inc flu hosp,2,2026-10-24,05,quantile,0.025,16
2026-10-10,wk inc flu hosp,2,2026-10-24,05,quantile,0.05,18
2026-10-10,wk inc flu hosp,2,2026-10-24,05,quantile,0.1,21
2026-10-10,wk inc flu hosp,2,2026-10-24,05,quantile,0.15,24
2026-10-10,wk inc flu hosp,2,2026-10-24,05,quantile,0.2,26
2026-10-10,wk inc flu hosp,2,2026-10-24,05,quantile,0.25,28
2026-10-10,wk inc flu hosp,2,2026-10-24,05,quantile,0.3,29
2026-10-10,wk inc flu hosp,2,2026-10-24,05,quantile,0.35,31
2026-10-10,wk inc flu hosp,2,2026-10-24,05,quantile,0.4,33
2026-10-10,wk inc flu hosp,2,2026-10-24,05,quantile,0.45,35
2026-10-10,wk inc flu hosp,2,2026-10-24,05,quantile,0.5,37
2026-10-10,wk inc flu hosp,2,2026-10-24,05,quantile,0.55,39
2026-10-10,wk inc flu hosp,2,2026-10-24,05,quantile,0.6,41
2026-10-10,wk inc flu hosp,2,2026-10-24,05,quantile,0.65,44
2026-10-10,wk inc flu hosp,2,2026-10-24,05,quantile,0.7,47
2026-10-10,wk inc flu hosp,2,2026-10-24,05,quantile,0.75,50
2026-10-10,wk inc flu hosp,2,2026-10-24,05,quantile,0.8,55
2026-10-10,wk inc flu hosp,2,2026-10-24,05,quantile,0.85,61
2026-10-10,wk inc flu hosp,2,2026-10-24,05,quantile,0.9,71
2026-10-10,wk inc flu hosp,2,2026-10-24,05,quantile,0.95,87
2026-10-10,wk inc flu hosp,2,2026-10-24,05,quantile,0.975,104
2026-10-10,wk inc flu hosp,2,2026-10-24,05,quantile,0.99,126
2026-10-10,wk inc flu hosp,3,2026-10-31,05,quantile,0.01,16
2026-10-10,wk inc flu hosp,3,2026-10-31,05,quantile,0.025,19
2026-10-10,wk inc flu hosp,3,2026-10-31,05,quantile,0.05,21
2026-10-10,wk inc flu hosp,3,2026-10-31,05,quantile,0.1,25
2026-10-10,wk inc flu hosp,3,2026-10-31,05,quantile,0.15,28
2026-10-10,wk inc flu hosp,3,2026-10-31,05,quantile,0.2,31
2026-10-10,wk inc flu hosp,3,2026-10-31,05,quantile,0.25,34
2026-10-10,wk inc flu hosp,3,2026-10-31,05,quantile,0.3,36
2026-10-10,wk inc flu hosp,3,2026-10-31,05,quantile,0.35,39
2026-10-10,wk inc flu hosp,3,2026-10-31,05,quantile,0.4,41
2026-10-10,wk inc flu hosp,3,2026-10-31,05,quantile,0.45,44
2026-10-10,wk inc flu hosp,3,2026-10-31,05,quantile,0.5,47
2026-10-10,wk inc flu hosp,3,2026-10-31,05,quantile,0.55,50
2026-10-10,wk inc flu hosp,3,2026-10-31,05,quantile,0.6,53
2026-10-10,wk inc flu hosp,3,2026-10-31,05,quantile,0.65,57
2026-10-10,wk inc flu hosp,3,2026-10-31,05,quantile,0.7,61
2026-10-10,wk inc flu hosp,3,2026-10-31,05,quantile,0.75,66
2026-10-10,wk inc flu hosp,3,2026-10-31,05,quantile,0.8,72
2026-10-10,wk inc flu hosp,3,2026-10-31,05,quantile,0.85,82
2026-10-10,wk inc flu hosp,3,2026-10-31,05,quantile,0.9,97
2026-10-10,wk inc flu hosp,3,2026-10-31,05,quantile,0.95,124
2026-10-10,wk inc flu hosp,3,2026-10-31,05,quantile,0.975,152
2026-10-10,wk inc flu hosp,3,2026-10-31,05,quantile,0.99,189
2026-10-10,wk inc flu hosp,-1,2026-10-03,06,quantile,0.01,328
2026-10-10,wk inc flu hosp,-1,2026-10-03,06,quantile,0.025,350
2026-10-10,wk inc flu hosp,-1,2026-10-03,06,quantile,0.05,371
2026-10-10,wk inc flu hosp,-1,2026-10-03,06,quantile,0.1,394
2026-10-10,wk inc flu hosp,-1,2026-10-03,06,quantile,0.15,410
2026-10-10,wk inc flu hosp,-1,2026-10-03,06,quantile,0.2,424
2026-10-10,wk inc flu hosp,-1,2026-10-03,06,quantile,0.25,436
2026-10-10,wk inc flu hosp,-1,2026-10-03,06,quantile,0.3,446
2026-10-10,wk inc flu hosp,-1,2026-10-03,06,quantile,0.35,456
2026-10-10,wk inc flu hosp,-1,2026-10-03,06,quantile,0.4,467
2026-10-10,wk inc flu hosp,-1,2026-10-03,06,quantile,0.45,477
2026-10-10,wk inc flu hosp,-1,2026-10-03,06,quantile,0.5,487
2026-10-10,wk inc flu hosp,-1,2026-10-03,06,quantile,0.55,497
2026-10-10,wk inc flu hosp,-1,2026-10-03,06,quantile,0.6,508
2026-10-10,wk inc flu hosp,-1,2026-10-03,06,quantile,0.65,519
2026-10-10,wk inc flu hosp,-1,2026-10-03,06,quantile,0.7,531
2026-10-10,wk inc flu hosp,-1,2026-10-03,06,quantile,0.75,545
2026-10-10,wk inc flu hosp,-1,2026-10-03,06,quantile,0.8,560
2026-10-10,wk inc flu hosp,-1,2026-10-03,06,quantile,0.85,579
2026-10-10,wk inc flu hosp,-1,2026-10-03,06,quantile,0.9,603
2026-10-10,wk inc flu hosp,-1,2026-10-03,06,quantile,0.95,642
2026-10-10,wk inc flu hosp,-1,2026-10-03,06,quantile,0.975,687
2026-10-10,wk inc flu hosp,-1,2026-10-03,06,quantile,0.99,724
2026-10-10,wk inc flu hosp,0,2026-10-10,06,quantile,0.01,313
2026-10-10,wk inc flu hosp,0,2026-10-10,06,quantile,0.025,346
2026-10-10,wk inc flu hosp,0,2026-10-10,06,quantile,0.05,373
2026-10-10,wk inc flu hosp,0,2026-10-10,06,quantile,0.1,408
2026-10-10,wk inc flu hosp,0,2026-10-10,06,quantile,0.15,434
2026-10-10,wk inc flu hosp,0,2026-10-10,06,quantile,0.2,457
2026-10-10,wk inc flu hosp,0,2026-10-10,06,quantile,0.25,477
2026-10-10,wk inc flu hosp,0,2026-10-10,06,quantile,0.3,493
2026-10-10,wk inc flu hosp,0,2026-10-10,06,quantile,0.35,509
2026-10-10,wk inc flu hosp,0,2026-10-10,06,quantile,0.4,524
2026-10-10,wk inc flu hosp,0,2026-10-10,06,quantile,0.45,539
2026-10-10,wk inc flu hosp,0,2026-10-10,06,quantile,0.5,556
2026-10-10,wk inc flu hosp,0,2026-10-10,06,quantile,0.55,573
2026-10-10,wk inc flu hosp,0,2026-10-10,06,quantile,0.6,591
2026-10-10,wk inc flu hosp,0,2026-10-10,06,quantile,0.65,607
2026-10-10,wk inc flu hosp,0,2026-10-10,06,quantile,0.7,626
2026-10-10,wk inc flu hosp,0,2026-10-10,06,quantile,0.75,647
2026-10-10,wk inc flu hosp,0,2026-10-10,06,quantile,0.8,675
2026-10-10,wk inc flu hosp,0,2026-10-10,06,quantile,0.85,722
2026-10-10,wk inc flu hosp,0,2026-10-10,06,quantile,0.9,788
2026-10-10,wk inc flu hosp,0,2026-10-10,06,quantile,0.95,866
2026-10-10,wk inc flu hosp,0,2026-10-10,06,quantile,0.975,934
2026-10-10,wk inc flu hosp,0,2026-10-10,06,quantile,0.99,1028
2026-10-10,wk inc flu hosp,1,2026-10-17,06,quantile,0.01,321
2026-10-10,wk inc flu hosp,1,2026-10-17,06,quantile,0.025,359
2026-10-10,wk inc flu hosp,1,2026-10-17,06,quantile,0.05,397
2026-10-10,wk inc flu hosp,1,2026-10-17,06,quantile,0.1,441
2026-10-10,wk inc flu hosp,1,2026-10-17,06,quantile,0.15,476
2026-10-10,wk inc flu hosp,1,2026-10-17,06,quantile,0.2,505
2026-10-10,wk inc flu hosp,1,2026-10-17,06,quantile,0.25,531
2026-10-10,wk inc flu hosp,1,2026-10-17,06,quantile,0.3,555
2026-10-10,wk inc flu hosp,1,2026-10-17,06,quantile,0.35,578
2026-10-10,wk inc flu hosp,1,2026-10-17,06,quantile,0.4,600
2026-10-10,wk inc flu hosp,1,2026-10-17,06,quantile,0.45,620
2026-10-10,wk inc flu hosp,1,2026-10-17,06,quantile,0.5,643
2026-10-10,wk inc flu hosp,1,2026-10-17,06,quantile,0.55,667
2026-10-10,wk inc flu hosp,1,2026-10-17,06,quantile,0.6,693
2026-10-10,wk inc flu hosp,1,2026-10-17,06,quantile,0.65,724
2026-10-10,wk inc flu hosp,1,2026-10-17,06,quantile,0.7,759
2026-10-10,wk inc flu hosp,1,2026-10-17,06,quantile,0.75,804
2026-10-10,wk inc flu hosp,1,2026-10-17,06,quantile,0.8,859
2026-10-10,wk inc flu hosp,1,2026-10-17,06,quantile,0.85,934
2026-10-10,wk inc flu hosp,1,2026-10-17,06,quantile,0.9,1036
2026-10-10,wk inc flu hosp,1,2026-10-17,06,quantile,0.95,1166
2026-10-10,wk inc flu hosp,1,2026-10-17,06,quantile,0.975,1297
2026-10-10,wk inc flu hosp,1,2026-10-17,06,quantile,0.99,1468
2026-10-10,wk inc flu hosp,2,2026-10-24,06,quantile,0.01,308
2026-10-10,wk inc flu hosp,2,2026-10-24,06,quantile,0.025,345
2026-10-10,wk inc flu hosp,2,2026-10-24,06,quantile,0.05,390
2026-10-10,wk inc flu hosp,2,2026-10-24,06,quantile,0.1,449
2026-10-10,wk inc flu hosp,2,2026-10-24,06,quantile,0.15,494
2026-10-10,wk inc flu hosp,2,2026-10-24,06,quantile,0.2,534
2026-10-10,wk inc flu hosp,2,2026-10-24,06,quantile,0.25,570
2026-10-10,wk inc flu hosp,2,2026-10-24,06,quantile,0.3,603
2026-10-10,wk inc flu hosp,2,2026-10-24,06,quantile,0.35,637
2026-10-10,wk inc flu hosp,2,2026-10-24,06,quantile,0.4,671
2026-10-10,wk inc flu hosp,2,2026-10-24,06,quantile,0.45,704
2026-10-10,wk inc flu hosp,2,2026-10-24,06,quantile,0.5,738
2026-10-10,wk inc flu hosp,2,2026-10-24,06,quantile,0.55,776
2026-10-10,wk inc flu hosp,2,2026-10-24,06,quantile,0.6,819
2026-10-10,wk inc flu hosp,2,2026-10-24,06,quantile,0.65,870
2026-10-10,wk inc flu hosp,2,2026-10-24,06,quantile,0.7,927
2026-10-10,wk inc flu hosp,2,2026-10-24,06,quantile,0.75,998
2026-10-10,wk inc flu hosp,2,2026-10-24,06,quantile,0.8,1084
2026-10-10,wk inc flu hosp,2,2026-10-24,06,quantile,0.85,1203
2026-10-10,wk inc flu hosp,2,2026-10-24,06,quantile,0.9,1351
2026-10-10,wk inc flu hosp,2,2026-10-24,06,quantile,0.95,1598
2026-10-10,wk inc flu hosp,2,2026-10-24,06,quantile,0.975,1843
2026-10-10,wk inc flu hosp,2,2026-10-24,06,quantile,0.99,2171
2026-10-10,wk inc flu hosp,3,2026-10-31,06,quantile,0.01,284
2026-10-10,wk inc flu hosp,3,2026-10-31,06,quantile,0.025,333
2026-10-10,wk inc flu hosp,3,2026-10-31,06,quantile,0.05,379
2026-10-10,wk inc flu hosp,3,2026-10-31,06,quantile,0.1,445
2026-10-10,wk inc flu hosp,3,2026-10-31,06,quantile,0.15,501
2026-10-10,wk inc flu hosp,3,2026-10-31,06,quantile,0.2,551
2026-10-10,wk inc flu hosp,3,2026-10-31,06,quantile,0.25,596
2026-10-10,wk inc flu hosp,3,2026-10-31,06,quantile,0.3,638
2026-10-10,wk inc flu hosp,3,2026-10-31,06,quantile,0.35,677
2026-10-10,wk inc flu hosp,3,2026-10-31,06,quantile,0.4,720
2026-10-10,wk inc flu hosp,3,2026-10-31,06,quantile,0.45,761
2026-10-10,wk inc flu hosp,3,2026-10-31,06,quantile,0.5,807
2026-10-10,wk inc flu hosp,3,2026-10-31,06,quantile,0.55,855
2026-10-10,wk inc flu hosp,3,2026-10-31,06,quantile,0.6,911
2026-10-10,wk inc flu hosp,3,2026-10-31,06,quantile,0.65,980
2026-10-10,wk inc flu hosp,3,2026-10-31,06,quantile,0.7,1066
2026-10-10,wk inc flu hosp,3,2026-10-31,06,quantile,0.75,1171
2026-10-10,wk inc flu hosp,3,2026-10-31,06,quantile,0.8,1298
2026-10-10,wk inc flu hosp,3,2026-10-31,06,quantile,0.85,1460
2026-10-10,wk inc flu hosp,3,2026-10-31,06,quantile,0.9,1666
2026-10-10,wk inc flu hosp,3,2026-10-31,06,quantile,0.95,2040
2026-10-10,wk inc flu hosp,3,2026-10-31,06,quantile,0.975,2429
2026-10-10,wk inc flu hosp,3,2026-10-31,06,quantile,0.99,2963
2026-10-10,wk inc flu hosp,-1,2026-10-03,08,quantile,0.01,26
2026-10-10,wk inc flu hosp,-1,2026-10-03,08,quantile,0.025,28
2026-10-10,wk inc flu hosp,-1,2026-10-03,08,quantile,0.05,30
2026-10-10,wk inc flu hosp,-1,2026-10-03,08,quantile,0.1,32
2026-10-10,wk inc flu hosp,-1,2026-10-03,08,quantile,0.15,34
2026-10-10,wk inc flu hosp,-1,2026-10-03,08,quantile,0.2,35
2026-10-10,wk inc flu hosp,-1,2026-10-03,08,quantile,0.25,36
2026-10-10,wk inc flu hosp,-1,2026-10-03,08,quantile,0.3,37
2026-10-10,wk inc flu hosp,-1,2026-10-03,08,quantile,0.35,38
2026-10-10,wk inc flu hosp,-1,2026-10-03,08,quantile,0.4,39
2026-10-10,wk inc flu hosp,-1,2026-10-03,08,quantile,0.45,40
2026-10-10,wk inc flu hosp,-1,2026-10-03,08,quantile,0.5,40
2026-10-10,wk inc flu hosp,-1,2026-10-03,08,quantile,0.55,41
2026-10-10,wk inc flu hosp,-1,2026-10-03,08,quantile,0.6,42
2026-10-10,wk inc flu hosp,-1,2026-10-03,08,quantile,0.65,43
2026-10-10,wk inc flu hosp,-1,2026-10-03,08,quantile,0.7,44
2026-10-10,wk inc flu hosp,-1,2026-10-03,08,quantile,0.75,46
2026-10-10,wk inc flu hosp,-1,2026-10-03,08,quantile,0.8,47
2026-10-10,wk inc flu hosp,-1,2026-10-03,08,quantile,0.85,49
2026-10-10,wk inc flu hosp,-1,2026-10-03,08,quantile,0.9,51
2026-10-10,wk inc flu hosp,-1,2026-10-03,08,quantile,0.95,55
2026-10-10,wk inc flu hosp,-1,2026-10-03,08,quantile,0.975,58
2026-10-10,wk inc flu hosp,-1,2026-10-03,08,quantile,0.99,63
2026-10-10,wk inc flu hosp,0,2026-10-10,08,quantile,0.01,21
2026-10-10,wk inc flu hosp,0,2026-10-10,08,quantile,0.025,24
2026-10-10,wk inc flu hosp,0,2026-10-10,08,quantile,0.05,26
2026-10-10,wk inc flu hosp,0,2026-10-10,08,quantile,0.1,30
2026-10-10,wk inc flu hosp,0,2026-10-10,08,quantile,0.15,32
2026-10-10,wk inc flu hosp,0,2026-10-10,08,quantile,0.2,35
2026-10-10,wk inc flu hosp,0,2026-10-10,08,quantile,0.25,37
2026-10-10,wk inc flu hosp,0,2026-10-10,08,quantile,0.3,38
2026-10-10,wk inc flu hosp,0,2026-10-10,08,quantile,0.35,40
2026-10-10,wk inc flu hosp,0,2026-10-10,08,quantile,0.4,42
2026-10-10,wk inc flu hosp,0,2026-10-10,08,quantile,0.45,43
2026-10-10,wk inc flu hosp,0,2026-10-10,08,quantile,0.5,45
2026-10-10,wk inc flu hosp,0,2026-10-10,08,quantile,0.55,47
2026-10-10,wk inc flu hosp,0,2026-10-10,08,quantile,0.6,49
2026-10-10,wk inc flu hosp,0,2026-10-10,08,quantile,0.65,51
2026-10-10,wk inc flu hosp,0,2026-10-10,08,quantile,0.7,53
2026-10-10,wk inc flu hosp,0,2026-10-10,08,quantile,0.75,55
2026-10-10,wk inc flu hosp,0,2026-10-10,08,quantile,0.8,58
2026-10-10,wk inc flu hosp,0,2026-10-10,08,quantile,0.85,62
2026-10-10,wk inc flu hosp,0,2026-10-10,08,quantile,0.9,69
2026-10-10,wk inc flu hosp,0,2026-10-10,08,quantile,0.95,78
2026-10-10,wk inc flu hosp,0,2026-10-10,08,quantile,0.975,87
2026-10-10,wk inc flu hosp,0,2026-10-10,08,quantile,0.99,98
2026-10-10,wk inc flu hosp,1,2026-10-17,08,quantile,0.01,22
2026-10-10,wk inc flu hosp,1,2026-10-17,08,quantile,0.025,26
2026-10-10,wk inc flu hosp,1,2026-10-17,08,quantile,0.05,29
2026-10-10,wk inc flu hosp,1,2026-10-17,08,quantile,0.1,33
2026-10-10,wk inc flu hosp,1,2026-10-17,08,quantile,0.15,36
2026-10-10,wk inc flu hosp,1,2026-10-17,08,quantile,0.2,39
2026-10-10,wk inc flu hosp,1,2026-10-17,08,quantile,0.25,41
2026-10-10,wk inc flu hosp,1,2026-10-17,08,quantile,0.3,44
2026-10-10,wk inc flu hosp,1,2026-10-17,08,quantile,0.35,46
2026-10-10,wk inc flu hosp,1,2026-10-17,08,quantile,0.4,48
2026-10-10,wk inc flu hosp,1,2026-10-17,08,quantile,0.45,50
2026-10-10,wk inc flu hosp,1,2026-10-17,08,quantile,0.5,52
2026-10-10,wk inc flu hosp,1,2026-10-17,08,quantile,0.55,55
2026-10-10,wk inc flu hosp,1,2026-10-17,08,quantile,0.6,57
2026-10-10,wk inc flu hosp,1,2026-10-17,08,quantile,0.65,60
2026-10-10,wk inc flu hosp,1,2026-10-17,08,quantile,0.7,64
2026-10-10,wk inc flu hosp,1,2026-10-17,08,quantile,0.75,67
2026-10-10,wk inc flu hosp,1,2026-10-17,08,quantile,0.8,72
2026-10-10,wk inc flu hosp,1,2026-10-17,08,quantile,0.85,79
2026-10-10,wk inc flu hosp,1,2026-10-17,08,quantile,0.9,89
2026-10-10,wk inc flu hosp,1,2026-10-17,08,quantile,0.95,103
2026-10-10,wk inc flu hosp,1,2026-10-17,08,quantile,0.975,117
2026-10-10,wk inc flu hosp,1,2026-10-17,08,quantile,0.99,136
2026-10-10,wk inc flu hosp,2,2026-10-24,08,quantile,0.01,22
2026-10-10,wk inc flu hosp,2,2026-10-24,08,quantile,0.025,26
2026-10-10,wk inc flu hosp,2,2026-10-24,08,quantile,0.05,29
2026-10-10,wk inc flu hosp,2,2026-10-24,08,quantile,0.1,34
2026-10-10,wk inc flu hosp,2,2026-10-24,08,quantile,0.15,38
2026-10-10,wk inc flu hosp,2,2026-10-24,08,quantile,0.2,42
2026-10-10,wk inc flu hosp,2,2026-10-24,08,quantile,0.25,46
2026-10-10,wk inc flu hosp,2,2026-10-24,08,quantile,0.3,49
2026-10-10,wk inc flu hosp,2,2026-10-24,08,quantile,0.35,52
2026-10-10,wk inc flu hosp,2,2026-10-24,08,quantile,0.4,56
2026-10-10,wk inc flu hosp,2,2026-10-24,08,quantile,0.45,59
2026-10-10,wk inc flu hosp,2,2026-10-24,08,quantile,0.5,62
2026-10-10,wk inc flu hosp,2,2026-10-24,08,quantile,0.55,65
2026-10-10,wk inc flu hosp,2,2026-10-24,08,quantile,0.6,69
2026-10-10,wk inc flu hosp,2,2026-10-24,08,quantile,0.65,74
2026-10-10,wk inc flu hosp,2,2026-10-24,08,quantile,0.7,79
2026-10-10,wk inc flu hosp,2,2026-10-24,08,quantile,0.75,85
2026-10-10,wk inc flu hosp,2,2026-10-24,08,quantile,0.8,93
2026-10-10,wk inc flu hosp,2,2026-10-24,08,quantile,0.85,104
2026-10-10,wk inc flu hosp,2,2026-10-24,08,quantile,0.9,120
2026-10-10,wk inc flu hosp,2,2026-10-24,08,quantile,0.95,145
2026-10-10,wk inc flu hosp,2,2026-10-24,08,quantile,0.975,171
2026-10-10,wk inc flu hosp,2,2026-10-24,08,quantile,0.99,209
2026-10-10,wk inc flu hosp,3,2026-10-31,08,quantile,0.01,22
2026-10-10,wk inc flu hosp,3,2026-10-31,08,quantile,0.025,26
2026-10-10,wk inc flu hosp,3,2026-10-31,08,quantile,0.05,30
2026-10-10,wk inc flu hosp,3,2026-10-31,08,quantile,0.1,36
2026-10-10,wk inc flu hosp,3,2026-10-31,08,quantile,0.15,42
2026-10-10,wk inc flu hosp,3,2026-10-31,08,quantile,0.2,47
2026-10-10,wk inc flu hosp,3,2026-10-31,08,quantile,0.25,51
2026-10-10,wk inc flu hosp,3,2026-10-31,08,quantile,0.3,56
2026-10-10,wk inc flu hosp,3,2026-10-31,08,quantile,0.35,60
2026-10-10,wk inc flu hosp,3,2026-10-31,08,quantile,0.4,65
2026-10-10,wk inc flu hosp,3,2026-10-31,08,quantile,0.45,69
2026-10-10,wk inc flu hosp,3,2026-10-31,08,quantile,0.5,74
2026-10-10,wk inc flu hosp,3,2026-10-31,08,quantile,0.55,78
2026-10-10,wk inc flu hosp,3,2026-10-31,08,quantile,0.6,83
2026-10-10,wk inc flu hosp,3,2026-10-31,08,quantile,0.65,89
2026-10-10,wk inc flu hosp,3,2026-10-31,08,quantile,0.7,97
2026-10-10,wk inc flu hosp,3,2026-10-31,08,quantile,0.75,106
2026-10-10,wk inc flu hosp,3,2026-10-31,08,quantile,0.8,118
2026-10-10,wk inc flu hosp,3,2026-10-31,08,quantile,0.85,133
2026-10-10,wk inc flu hosp,3,2026-10-31,08,quantile,0.9,154
2026-10-10,wk inc flu hosp,3,2026-10-31,08,quantile,0.95,192
2026-10-10,wk inc flu hosp,3,2026-10-31,08,quantile,0.975,232
2026-10-10,wk inc flu hosp,3,2026-10-31,08,quantile,0.99,292
2026-10-10,wk inc flu hosp,-1,2026-10-03,09,quantile,0.01,13
2026-10-10,wk inc flu hosp,-1,2026-10-03,09,quantile,0.025,14
2026-10-10,wk inc flu hosp,-1,2026-10-03,09,quantile,0.05,15
2026-10-10,wk inc flu hosp,-1,2026-10-03,09,quantile,0.1,16
2026-10-10,wk inc flu hosp,-1,2026-10-03,09,quantile,0.15,17
2026-10-10,wk inc flu hosp,-1,2026-10-03,09,quantile,0.2,18
2026-10-10,wk inc flu hosp,-1,2026-10-03,09,quantile,0.25,19
2026-10-10,wk inc flu hosp,-1,2026-10-03,09,quantile,0.3,19
2026-10-10,wk inc flu hosp,-1,2026-10-03,09,quantile,0.35,20
2026-10-10,wk inc flu hosp,-1,2026-10-03,09,quantile,0.4,20
2026-10-10,wk inc flu hosp,-1,2026-10-03,09,quantile,0.45,21
2026-10-10,wk inc flu hosp,-1,2026-10-03,09,quantile,0.5,21
2026-10-10,wk inc flu hosp,-1,2026-10-03,09,quantile,0.55,22
2026-10-10,wk inc flu hosp,-1,2026-10-03,09,quantile,0.6,22
2026-10-10,wk inc flu hosp,-1,2026-10-03,09,quantile,0.65,23
2026-10-10,wk inc flu hosp,-1,2026-10-03,09,quantile,0.7,24
2026-10-10,wk inc flu hosp,-1,2026-10-03,09,quantile,0.75,24
2026-10-10,wk inc flu hosp,-1,2026-10-03,09,quantile,0.8,25
2026-10-10,wk inc flu hosp,-1,2026-10-03,09,quantile,0.85,26
2026-10-10,wk inc flu hosp,-1,2026-10-03,09,quantile,0.9,28
2026-10-10,wk inc flu hosp,-1,2026-10-03,09,quantile,0.95,30
2026-10-10,wk inc flu hosp,-1,2026-10-03,09,quantile,0.975,32
2026-10-10,wk inc flu hosp,-1,2026-10-03,09,quantile,0.99,35
2026-10-10,wk inc flu hosp,0,2026-10-10,09,quantile,0.01,12
2026-10-10,wk inc flu hosp,0,2026-10-10,09,quantile,0.025,13
2026-10-10,wk inc flu hosp,0,2026-10-10,09,quantile,0.05,15
2026-10-10,wk inc flu hosp,0,2026-10-10,09,quantile,0.1,17
2026-10-10,wk inc flu hosp,0,2026-10-10,09,quantile,0.15,19
2026-10-10,wk inc flu hosp,0,2026-10-10,09,quantile,0.2,21
2026-10-10,wk inc flu hosp,0,2026-10-10,09,quantile,0.25,22
2026-10-10,wk inc flu hosp,0,2026-10-10,09,quantile,0.3,23
2026-10-10,wk inc flu hosp,0,2026-10-10,09,quantile,0.35,24
2026-10-10,wk inc flu hosp,0,2026-10-10,09,quantile,0.4,25
2026-10-10,wk inc flu hosp,0,2026-10-10,09,quantile,0.45,26
2026-10-10,wk inc flu hosp,0,2026-10-10,09,quantile,0.5,27
2026-10-10,wk inc flu hosp,0,2026-10-10,09,quantile,0.55,28
2026-10-10,wk inc flu hosp,0,2026-10-10,09,quantile,0.6,30
2026-10-10,wk inc flu hosp,0,2026-10-10,09,quantile,0.65,31
2026-10-10,wk inc flu hosp,0,2026-10-10,09,quantile,0.7,33
2026-10-10,wk inc flu hosp,0,2026-10-10,09,quantile,0.75,34
2026-10-10,wk inc flu hosp,0,2026-10-10,09,quantile,0.8,37
2026-10-10,wk inc flu hosp,0,2026-10-10,09,quantile,0.85,40
2026-10-10,wk inc flu hosp,0,2026-10-10,09,quantile,0.9,44
2026-10-10,wk inc flu hosp,0,2026-10-10,09,quantile,0.95,50
2026-10-10,wk inc flu hosp,0,2026-10-10,09,quantile,0.975,57
2026-10-10,wk inc flu hosp,0,2026-10-10,09,quantile,0.99,65
2026-10-10,wk inc flu hosp,1,2026-10-17,09,quantile,0.01,14
2026-10-10,wk inc flu hosp,1,2026-10-17,09,quantile,0.025,16
2026-10-10,wk inc flu hosp,1,2026-10-17,09,quantile,0.05,18
2026-10-10,wk inc flu hosp,1,2026-10-17,09,quantile,0.1,21
2026-10-10,wk inc flu hosp,1,2026-10-17,09,quantile,0.15,23
2026-10-10,wk inc flu hosp,1,2026-10-17,09,quantile,0.2,25
2026-10-10,wk inc flu hosp,1,2026-10-17,09,quantile,0.25,27
2026-10-10,wk inc flu hosp,1,2026-10-17,09,quantile,0.3,28
2026-10-10,wk inc flu hosp,1,2026-10-17,09,quantile,0.35,30
2026-10-10,wk inc flu hosp,1,2026-10-17,09,quantile,0.4,32
2026-10-10,wk inc flu hosp,1,2026-10-17,09,quantile,0.45,34
2026-10-10,wk inc flu hosp,1,2026-10-17,09,quantile,0.5,35
2026-10-10,wk inc flu hosp,1,2026-10-17,09,quantile,0.55,37
2026-10-10,wk inc flu hosp,1,2026-10-17,09,quantile,0.6,39
2026-10-10,wk inc flu hosp,1,2026-10-17,09,quantile,0.65,42
2026-10-10,wk inc flu hosp,1,2026-10-17,09,quantile,0.7,45
2026-10-10,wk inc flu hosp,1,2026-10-17,09,quantile,0.75,49
2026-10-10,wk inc flu hosp,1,2026-10-17,09,quantile,0.8,53
2026-10-10,wk inc flu hosp,1,2026-10-17,09,quantile,0.85,60
2026-10-10,wk inc flu hosp,1,2026-10-17,09,quantile,0.9,68
2026-10-10,wk inc flu hosp,1,2026-10-17,09,quantile,0.95,82
2026-10-10,wk inc flu hosp,1,2026-10-17,09,quantile,0.975,95
2026-10-10,wk inc flu hosp,1,2026-10-17,09,quantile,0.99,112
2026-10-10,wk inc flu hosp,2,2026-10-24,09,quantile,0.01,16
2026-10-10,wk inc flu hosp,2,2026-10-24,09,quantile,0.025,18
2026-10-10,wk inc flu hosp,2,2026-10-24,09,quantile,0.05,21
2026-10-10,wk inc flu hosp,2,2026-10-24,09,quantile,0.1,25
2026-10-10,wk inc flu hosp,2,2026-10-24,09,quantile,0.15,28
2026-10-10,wk inc flu hosp,2,2026-10-24,09,quantile,0.2,31
2026-10-10,wk inc flu hosp,2,2026-10-24,09,quantile,0.25,34
2026-10-10,wk inc flu hosp,2,2026-10-24,09,quantile,0.3,36
2026-10-10,wk inc flu hosp,2,2026-10-24,09,quantile,0.35,39
2026-10-10,wk inc flu hosp,2,2026-10-24,09,quantile,0.4,42
2026-10-10,wk inc flu hosp,2,2026-10-24,09,quantile,0.45,45
2026-10-10,wk inc flu hosp,2,2026-10-24,09,quantile,0.5,48
2026-10-10,wk inc flu hosp,2,2026-10-24,09,quantile,0.55,51
2026-10-10,wk inc flu hosp,2,2026-10-24,09,quantile,0.6,55
2026-10-10,wk inc flu hosp,2,2026-10-24,09,quantile,0.65,60
2026-10-10,wk inc flu hosp,2,2026-10-24,09,quantile,0.7,65
2026-10-10,wk inc flu hosp,2,2026-10-24,09,quantile,0.75,72
2026-10-10,wk inc flu hosp,2,2026-10-24,09,quantile,0.8,80
2026-10-10,wk inc flu hosp,2,2026-10-24,09,quantile,0.85,92
2026-10-10,wk inc flu hosp,2,2026-10-24,09,quantile,0.9,108
2026-10-10,wk inc flu hosp,2,2026-10-24,09,quantile,0.95,136
2026-10-10,wk inc flu hosp,2,2026-10-24,09,quantile,0.975,163
2026-10-10,wk inc flu hosp,2,2026-10-24,09,quantile,0.99,197
2026-10-10,wk inc flu hosp,3,2026-10-31,09,quantile,0.01,18
2026-10-10,wk inc flu hosp,3,2026-10-31,09,quantile,0.025,22
2026-10-10,wk inc flu hosp,3,2026-10-31,09,quantile,0.05,25
2026-10-10,wk inc flu hosp,3,2026-10-31,09,quantile,0.1,30
2026-10-10,wk inc flu hosp,3,2026-10-31,09,quantile,0.15,34
2026-10-10,wk inc flu hosp,3,2026-10-31,09,quantile,0.2,38
2026-10-10,wk inc flu hosp,3,2026-10-31,09,quantile,0.25,42
2026-10-10,wk inc flu hosp,3,2026-10-31,09,quantile,0.3,46
2026-10-10,wk inc flu hosp,3,2026-10-31,09,quantile,0.35,50
2026-10-10,wk inc flu hosp,3,2026-10-31,09,quantile,0.4,54
2026-10-10,wk inc flu hosp,3,2026-10-31,09,quantile,0.45,58
2026-10-10,wk inc flu hosp,3,2026-10-31,09,quantile,0.5,62
2026-10-10,wk inc flu hosp,3,2026-10-31,09,quantile,0.55,67
2026-10-10,wk inc flu hosp,3,2026-10-31,09,quantile,0.6,72
2026-10-10,wk inc flu hosp,3,2026-10-31,09,quantile,0.65,79
2026-10-10,wk inc flu hosp,3,2026-10-31,09,quantile,0.7,88
2026-10-10,wk inc flu hosp,3,2026-10-31,09,quantile,0.75,98
2026-10-10,wk inc flu hosp,3,2026-10-31,09,quantile,0.8,111
2026-10-10,wk inc flu hosp,3,2026-10-31,09,quantile,0.85,130
2026-10-10,wk inc flu hosp,3,2026-10-31,09,quantile,0.9,155
2026-10-10,wk inc flu hosp,3,2026-10-31,09,quantile,0.95,202
2026-10-10,wk inc flu hosp,3,2026-10-31,09,quantile,0.975,250
2026-10-10,wk inc flu hosp,3,2026-10-31,09,quantile,0.99,310
2026-10-10,wk inc flu hosp,-1,2026-10-03,10,quantile,0.01,5
2026-10-10,wk inc flu hosp,-1,2026-10-03,10,quantile,0.025,6
2026-10-10,wk inc flu hosp,-1,2026-10-03,10,quantile,0.05,6
2026-10-10,wk inc flu hosp,-1,2026-10-03,10,quantile,0.1,7
2026-10-10,wk inc flu hosp,-1,2026-10-03,10,quantile,0.15,7
2026-10-10,wk inc flu hosp,-1,2026-10-03,10,quantile,0.2,7
2026-10-10,wk inc flu hosp,-1,2026-10-03,10,quantile,0.25,8
2026-10-10,wk inc flu hosp,-1,2026-10-03,10,quantile,0.3,8
2026-10-10,wk inc flu hosp,-1,2026-10-03,10,quantile,0.35,8
2026-10-10,wk inc flu hosp,-1,2026-10-03,10,quantile,0.4,9
2026-10-10,wk inc flu hosp,-1,2026-10-03,10,quantile,0.45,9
2026-10-10,wk inc flu hosp,-1,2026-10-03,10,quantile,0.5,9
2026-10-10,wk inc flu hosp,-1,2026-10-03,10,quantile,0.55,10
2026-10-10,wk inc flu hosp,-1,2026-10-03,10,quantile,0.6,10
2026-10-10,wk inc flu hosp,-1,2026-10-03,10,quantile,0.65,10
2026-10-10,wk inc flu hosp,-1,2026-10-03,10,quantile,0.7,11
2026-10-10,wk inc flu hosp,-1,2026-10-03,10,quantile,0.75,11
2026-10-10,wk inc flu hosp,-1,2026-10-03,10,quantile,0.8,12
2026-10-10,wk inc flu hosp,-1,2026-10-03,10,quantile,0.85,12
2026-10-10,wk inc flu hosp,-1,2026-10-03,10,quantile,0.9,13
2026-10-10,wk inc flu hosp,-1,2026-10-03,10,quantile,0.95,14
2026-10-10,wk inc flu hosp,-1,2026-10-03,10,quantile,0.975,16
2026-10-10,wk inc flu hosp,-1,2026-10-03,10,quantile,0.99,18
2026-10-10,wk inc flu hosp,0,2026-10-10,10,quantile,0.01,3
2026-10-10,wk inc flu hosp,0,2026-10-10,10,quantile,0.025,4
2026-10-10,wk inc flu hosp,0,2026-10-10,10,quantile,0.05,4
2026-10-10,wk inc flu hosp,0,2026-10-10,10,quantile,0.1,5
2026-10-10,wk inc flu hosp,0,2026-10-10,10,quantile,0.15,6
2026-10-10,wk inc flu hosp,0,2026-10-10,10,quantile,0.2,7
2026-10-10,wk inc flu hosp,0,2026-10-10,10,quantile,0.25,8
2026-10-10,wk inc flu hosp,0,2026-10-10,10,quantile,0.3,9
2026-10-10,wk inc flu hosp,0,2026-10-10,10,quantile,0.35,10
2026-10-10,wk inc flu hosp,0,2026-10-10,10,quantile,0.4,10
2026-10-10,wk inc flu hosp,0,2026-10-10,10,quantile,0.45,11
2026-10-10,wk inc flu hosp,0,2026-10-10,10,quantile,0.5,12
2026-10-10,wk inc flu hosp,0,2026-10-10,10,quantile,0.55,13
2026-10-10,wk inc flu hosp,0,2026-10-10,10,quantile,0.6,13
2026-10-10,wk inc flu hosp,0,2026-10-10,10,quantile,0.65,14
2026-10-10,wk inc flu hosp,0,2026-10-10,10,quantile,0.7,15
2026-10-10,wk inc flu hosp,0,2026-10-10,10,quantile,0.75,17
2026-10-10,wk inc flu hosp,0,2026-10-10,10,quantile,0.8,18
2026-10-10,wk inc flu hosp,0,2026-10-10,10,quantile,0.85,20
2026-10-10,wk inc flu hosp,0,2026-10-10,10,quantile,0.9,23
2026-10-10,wk inc flu hosp,0,2026-10-10,10,quantile,0.95,28
2026-10-10,wk inc flu hosp,0,2026-10-10,10,quantile,0.975,34
2026-10-10,wk inc flu hosp,0,2026-10-10,10,quantile,0.99,42
2026-10-10,wk inc flu hosp,1,2026-10-17,10,quantile,0.01,5
2026-10-10,wk inc flu hosp,1,2026-10-17,10,quantile,0.025,6
2026-10-10,wk inc flu hosp,1,2026-10-17,10,quantile,0.05,7
2026-10-10,wk inc flu hosp,1,2026-10-17,10,quantile,0.1,9
2026-10-10,wk inc flu hosp,1,2026-10-17,10,quantile,0.15,10
2026-10-10,wk inc flu hosp,1,2026-10-17,10,quantile,0.2,12
2026-10-10,wk inc flu hosp,1,2026-10-17,10,quantile,0.25,13
2026-10-10,wk inc flu hosp,1,2026-10-17,10,quantile,0.3,14
2026-10-10,wk inc flu hosp,1,2026-10-17,10,quantile,0.35,16
2026-10-10,wk inc flu hosp,1,2026-10-17,10,quantile,0.4,17
2026-10-10,wk inc flu hosp,1,2026-10-17,10,quantile,0.45,18
2026-10-10,wk inc flu hosp,1,2026-10-17,10,quantile,0.5,20
2026-10-10,wk inc flu hosp,1,2026-10-17,10,quantile,0.55,21
2026-10-10,wk inc flu hosp,1,2026-10-17,10,quantile,0.6,23
2026-10-10,wk inc flu hosp,1,2026-10-17,10,quantile,0.65,24
2026-10-10,wk inc flu hosp,1,2026-10-17,10,quantile,0.7,26
2026-10-10,wk inc flu hosp,1,2026-10-17,10,quantile,0.75,29
2026-10-10,wk inc flu hosp,1,2026-10-17,10,quantile,0.8,32
2026-10-10,wk inc flu hosp,1,2026-10-17,10,quantile,0.85,35
2026-10-10,wk inc flu hosp,1,2026-10-17,10,quantile,0.9,40
2026-10-10,wk inc flu hosp,1,2026-10-17,10,quantile,0.95,50
2026-10-10,wk inc flu hosp,1,2026-10-17,10,quantile,0.975,59
2026-10-10,wk inc flu hosp,1,2026-10-17,10,quantile,0.99,73
2026-10-10,wk inc flu hosp,2,2026-10-24,10,quantile,0.01,8
2026-10-10,wk inc flu hosp,2,2026-10-24,10,quantile,0.025,9
2026-10-10,wk inc flu hosp,2,2026-10-24,10,quantile,0.05,11
2026-10-10,wk inc flu hosp,2,2026-10-24,10,quantile,0.1,14
2026-10-10,wk inc flu hosp,2,2026-10-24,10,quantile,0.15,17
2026-10-10,wk inc flu hosp,2,2026-10-24,10,quantile,0.2,19
2026-10-10,wk inc flu hosp,2,2026-10-24,10,quantile,0.25,21
2026-10-10,wk inc flu hosp,2,2026-10-24,10,quantile,0.3,24
2026-10-10,wk inc flu hosp,2,2026-10-24,10,quantile,0.35,26
2026-10-10,wk inc flu hosp,2,2026-10-24,10,quantile,0.4,28
2026-10-10,wk inc flu hosp,2,2026-10-24,10,quantile,0.45,31
2026-10-10,wk inc flu hosp,2,2026-10-24,10,quantile,0.5,33
2026-10-10,wk inc flu hosp,2,2026-10-24,10,quantile,0.55,36
2026-10-10,wk inc flu hosp,2,2026-10-24,10,quantile,0.6,39
2026-10-10,wk inc flu hosp,2,2026-10-24,10,quantile,0.65,43
2026-10-10,wk inc flu hosp,2,2026-10-24,10,quantile,0.7,47
2026-10-10,wk inc flu hosp,2,2026-10-24,10,quantile,0.75,52
2026-10-10,wk inc flu hosp,2,2026-10-24,10,quantile,0.8,57
2026-10-10,wk inc flu hosp,2,2026-10-24,10,quantile,0.85,64
2026-10-10,wk inc flu hosp,2,2026-10-24,10,quantile,0.9,75
2026-10-10,wk inc flu hosp,2,2026-10-24,10,quantile,0.95,92
2026-10-10,wk inc flu hosp,2,2026-10-24,10,quantile,0.975,110
2026-10-10,wk inc flu hosp,2,2026-10-24,10,quantile,0.99,135
2026-10-10,wk inc flu hosp,3,2026-10-31,10,quantile,0.01,11
2026-10-10,wk inc flu hosp,3,2026-10-31,10,quantile,0.025,14
2026-10-10,wk inc flu hosp,3,2026-10-31,10,quantile,0.05,16
2026-10-10,wk inc flu hosp,3,2026-10-31,10,quantile,0.1,21
2026-10-10,wk inc flu hosp,3,2026-10-31,10,quantile,0.15,25
2026-10-10,wk inc flu hosp,3,2026-10-31,10,quantile,0.2,29
2026-10-10,wk inc flu hosp,3,2026-10-31,10,quantile,0.25,33
2026-10-10,wk inc flu hosp,3,2026-10-31,10,quantile,0.3,37
2026-10-10,wk inc flu hosp,3,2026-10-31,10,quantile,0.35,41
2026-10-10,wk inc flu hosp,3,2026-10-31,10,quantile,0.4,45
2026-10-10,wk inc flu hosp,3,2026-10-31,10,quantile,0.45,49
2026-10-10,wk inc flu hosp,3,2026-10-31,10,quantile,0.5,54
2026-10-10,wk inc flu hosp,3,2026-10-31,10,quantile,0.55,59
2026-10-10,wk inc flu hosp,3,2026-10-31,10,quantile,0.6,64
2026-10-10,wk inc flu hosp,3,2026-10-31,10,quantile,0.65,70
2026-10-10,wk inc flu hosp,3,2026-10-31,10,quantile,0.7,77
2026-10-10,wk inc flu hosp,3,2026-10-31,10,quantile,0.75,85
2026-10-10,wk inc flu hosp,3,2026-10-31,10,quantile,0.8,95
2026-10-10,wk inc flu hosp,3,2026-10-31,10,quantile,0.85,107
2026-10-10,wk inc flu hosp,3,2026-10-31,10,quantile,0.9,123
2026-10-10,wk inc flu hosp,3,2026-10-31,10,quantile,0.95,152
2026-10-10,wk inc flu hosp,3,2026-10-31,10,quantile,0.975,181
2026-10-10,wk inc flu hosp,3,2026-10-31,10,quantile,0.99,226
2026-10-10,wk inc flu hosp,-1,2026-10-03,11,quantile,0.01,1
2026-10-10,wk inc flu hosp,-1,2026-10-03,11,quantile,0.025,1
2026-10-10,wk inc flu hosp,-1,2026-10-03,11,quantile,0.05,2
2026-10-10,wk inc flu hosp,-1,2026-10-03,11,quantile,0.1,2
2026-10-10,wk inc flu hosp,-1,2026-10-03,11,quantile,0.15,2
2026-10-10,wk inc flu hosp,-1,2026-10-03,11,quantile,0.2,2
2026-10-10,wk inc flu hosp,-1,2026-10-03,11,quantile,0.25,2
2026-10-10,wk inc flu hosp,-1,2026-10-03,11,quantile,0.3,2
2026-10-10,wk inc flu hosp,-1,2026-10-03,11,quantile,0.35,2
2026-10-10,wk inc flu hosp,-1,2026-10-03,11,quantile,0.4,2
2026-10-10,wk inc flu hosp,-1,2026-10-03,11,quantile,0.45,2
2026-10-10,wk inc flu hosp,-1,2026-10-03,11,quantile,0.5,2
2026-10-10,wk inc flu hosp,-1,2026-10-03,11,quantile,0.55,2
2026-10-10,wk inc flu hosp,-1,2026-10-03,11,quantile,0.6,2
2026-10-10,wk inc flu hosp,-1,2026-10-03,11,quantile,0.65,3
2026-10-10,wk inc flu hosp,-1,2026-10-03,11,quantile,0.7,3
2026-10-10,wk inc flu hosp,-1,2026-10-03,11,quantile,0.75,3
2026-10-10,wk inc flu hosp,-1,2026-10-03,11,quantile,0.8,3
2026-10-10,wk inc flu hosp,-1,2026-10-03,11,quantile,0.85,3
2026-10-10,wk inc flu hosp,-1,2026-10-03,11,quantile,0.9,3
2026-10-10,wk inc flu hosp,-1,2026-10-03,11,quantile,0.95,3
2026-10-10,wk inc flu hosp,-1,2026-10-03,11,quantile,0.975,4
2026-10-10,wk inc flu hosp,-1,2026-10-03,11,quantile,0.99,4
2026-10-10,wk inc flu hosp,0,2026-10-10,11,quantile,0.01,1
2026-10-10,wk inc flu hosp,0,2026-10-10,11,quantile,0.025,1
2026-10-10,wk inc flu hosp,0,2026-10-10,11,quantile,0.05,1
2026-10-10,wk inc flu hosp,0,2026-10-10,11,quantile,0.1,1
2026-10-10,wk inc flu hosp,0,2026-10-10,11,quantile,0.15,2
2026-10-10,wk inc flu hosp,0,2026-10-10,11,quantile,0.2,2
2026-10-10,wk inc flu hosp,0,2026-10-10,11,quantile,0.25,2
2026-10-10,wk inc flu hosp,0,2026-10-10,11,quantile,0.3,2
2026-10-10,wk inc flu hosp,0,2026-10-10,11,quantile,0.35,2
2026-10-10,wk inc flu hosp,0,2026-10-10,11,quantile,0.4,2
2026-10-10,wk inc flu hosp,0,2026-10-10,11,quantile,0.45,2
2026-10-10,wk inc flu hosp,0,2026-10-10,11,quantile,0.5,2
2026-10-10,wk inc flu hosp,0,2026-10-10,11,quantile,0.55,3
2026-10-10,wk inc flu hosp,0,2026-10-10,11,quantile,0.6,3
2026-10-10,wk inc flu hosp,0,2026-10-10,11,quantile,0.65,3
2026-10-10,wk inc flu hosp,0,2026-10-10,11,quantile,0.7,3
2026-10-10,wk inc flu hosp,0,2026-10-10,11,quantile,0.75,3
2026-10-10,wk inc flu hosp,0,2026-10-10,11,quantile,0.8,4
2026-10-10,wk inc flu hosp,0,2026-10-10,11,quantile,0.85,4
2026-10-10,wk inc flu hosp,0,2026-10-10,11,quantile,0.9,5
2026-10-10,wk inc flu hosp,0,2026-10-10,11,quantile,0.95,5
2026-10-10,wk inc flu hosp,0,2026-10-10,11,quantile,0.975,6
2026-10-10,wk inc flu hosp,0,2026-10-10,11,quantile,0.99,7
2026-10-10,wk inc flu hosp,1,2026-10-17,11,quantile,0.01,1
2026-10-10,wk inc flu hosp,1,2026-10-17,11,quantile,0.025,1
2026-10-10,wk inc flu hosp,1,2026-10-17,11,quantile,0.05,1
2026-10-10,wk inc flu hosp,1,2026-10-17,11,quantile,0.1,1
2026-10-10,wk inc flu hosp,1,2026-10-17,11,quantile,0.15,1
2026-10-10,wk inc flu hosp,1,2026-10-17,11,quantile,0.2,2
2026-10-10,wk inc flu hosp,1,2026-10-17,11,quantile,0.25,2
2026-10-10,wk inc flu hosp,1,2026-10-17,11,quantile,0.3,2
2026-10-10,wk inc flu hosp,1,2026-10-17,11,quantile,0.35,2
2026-10-10,wk inc flu hosp,1,2026-10-17,11,quantile,0.4,2
2026-10-10,wk inc flu hosp,1,2026-10-17,11,quantile,0.45,3
2026-10-10,wk inc flu hosp,1,2026-10-17,11,quantile,0.5,3
2026-10-10,wk inc flu hosp,1,2026-10-17,11,quantile,0.55,3
2026-10-10,wk inc flu hosp,1,2026-10-17,11,quantile,0.6,3
2026-10-10,wk inc flu hosp,1,2026-10-17,11,quantile,0.65,3
2026-10-10,wk inc flu hosp,1,2026-10-17,11,quantile,0.7,4
2026-10-10,wk inc flu hosp,1,2026-10-17,11,quantile,0.75,4
2026-10-10,wk inc flu hosp,1,2026-10-17,11,quantile,0.8,4
2026-10-10,wk inc flu hosp,1,2026-10-17,11,quantile,0.85,5
2026-10-10,wk inc flu hosp,1,2026-10-17,11,quantile,0.9,6
2026-10-10,wk inc flu hosp,1,2026-10-17,11,quantile,0.95,7
2026-10-10,wk inc flu hosp,1,2026-10-17,11,quantile,0.975,9
2026-10-10,wk inc flu hosp,1,2026-10-17,11,quantile,0.99,11
2026-10-10,wk inc flu hosp,2,2026-10-24,11,quantile,0.01,1
2026-10-10,wk inc flu hosp,2,2026-10-24,11,quantile,0.025,1
2026-10-10,wk inc flu hosp,2,2026-10-24,11,quantile,0.05,1
2026-10-10,wk inc flu hosp,2,2026-10-24,11,quantile,0.1,1
2026-10-10,wk inc flu hosp,2,2026-10-24,11,quantile,0.15,2
2026-10-10,wk inc flu hosp,2,2026-10-24,11,quantile,0.2,2
2026-10-10,wk inc flu hosp,2,2026-10-24,11,quantile,0.25,2
2026-10-10,wk inc flu hosp,2,2026-10-24,11,quantile,0.3,2
2026-10-10,wk inc flu hosp,2,2026-10-24,11,quantile,0.35,3
2026-10-10,wk inc flu hosp,2,2026-10-24,11,quantile,0.4,3
2026-10-10,wk inc flu hosp,2,2026-10-24,11,quantile,0.45,3
2026-10-10,wk inc flu hosp,2,2026-10-24,11,quantile,0.5,3
2026-10-10,wk inc flu hosp,2,2026-10-24,11,quantile,0.55,3
2026-10-10,wk inc flu hosp,2,2026-10-24,11,quantile,0.6,4
2026-10-10,wk inc flu hosp,2,2026-10-24,11,quantile,0.65,4
2026-10-10,wk inc flu hosp,2,2026-10-24,11,quantile,0.7,4
2026-10-10,wk inc flu hosp,2,2026-10-24,11,quantile,0.75,5
2026-10-10,wk inc flu hosp,2,2026-10-24,11,quantile,0.8,5
2026-10-10,wk inc flu hosp,2,2026-10-24,11,quantile,0.85,6
2026-10-10,wk inc flu hosp,2,2026-10-24,11,quantile,0.9,7
2026-10-10,wk inc flu hosp,2,2026-10-24,11,quantile,0.95,9
2026-10-10,wk inc flu hosp,2,2026-10-24,11,quantile,0.975,11
2026-10-10,wk inc flu hosp,2,2026-10-24,11,quantile,0.99,14
2026-10-10,wk inc flu hosp,3,2026-10-31,11,quantile,0.01,1
2026-10-10,wk inc flu hosp,3,2026-10-31,11,quantile,0.025,1
2026-10-10,wk inc flu hosp,3,2026-10-31,11,quantile,0.05,1
2026-10-10,wk inc flu hosp,3,2026-10-31,11,quantile,0.1,1
2026-10-10,wk inc flu hosp,3,2026-10-31,11,quantile,0.15,1
2026-10-10,wk inc flu hosp,3,2026-10-31,11,quantile,0.2,2
2026-10-10,wk inc flu hosp,3,2026-10-31,11,quantile,0.25,2
2026-10-10,wk inc flu hosp,3,2026-10-31,11,quantile,0.3,2
2026-10-10,wk inc flu hosp,3,2026-10-31,11,quantile,0.35,3
2026-10-10,wk inc flu hosp,3,2026-10-31,11,quantile,0.4,3
2026-10-10,wk inc flu hosp,3,2026-10-31,11,quantile,0.45,3
2026-10-10,wk inc flu hosp,3,2026-10-31,11,quantile,0.5,4
2026-10-10,wk inc flu hosp,3,2026-10-31,11,quantile,0.55,4
2026-10-10,wk inc flu hosp,3,2026-10-31,11,quantile,0.6,4
2026-10-10,wk inc flu hosp,3,2026-10-31,11,quantile,0.65,5
2026-10-10,wk inc flu hosp,3,2026-10-31,11,quantile,0.7,5
2026-10-10,wk inc flu hosp,3,2026-10-31,11,quantile,0.75,6
2026-10-10,wk inc flu hosp,3,2026-10-31,11,quantile,0.8,7
2026-10-10,wk inc flu hosp,3,2026-10-31,11,quantile,0.85,8
2026-10-10,wk inc flu hosp,3,2026-10-31,11,quantile,0.9,9
2026-10-10,wk inc flu hosp,3,2026-10-31,11,quantile,0.95,12
2026-10-10,wk inc flu hosp,3,2026-10-31,11,quantile,0.975,16
2026-10-10,wk inc flu hosp,3,2026-10-31,11,quantile,0.99,21
2026-10-10,wk inc flu hosp,-1,2026-10-03,12,quantile,0.01,409
2026-10-10,wk inc flu hosp,-1,2026-10-03,12,quantile,0.025,433
2026-10-10,wk inc flu hosp,-1,2026-10-03,12,quantile,0.05,460
2026-10-10,wk inc flu hosp,-1,2026-10-03,12,quantile,0.1,489
2026-10-10,wk inc flu hosp,-1,2026-10-03,12,quantile,0.15,510
2026-10-10,wk inc flu hosp,-1,2026-10-03,12,quantile,0.2,527
2026-10-10,wk inc flu hosp,-1,2026-10-03,12,quantile,0.25,541
2026-10-10,wk inc flu hosp,-1,2026-10-03,12,quantile,0.3,554
2026-10-10,wk inc flu hosp,-1,2026-10-03,12,quantile,0.35,567
2026-10-10,wk inc flu hosp,-1,2026-10-03,12,quantile,0.4,580
2026-10-10,wk inc flu hosp,-1,2026-10-03,12,quantile,0.45,592
2026-10-10,wk inc flu hosp,-1,2026-10-03,12,quantile,0.5,605
2026-10-10,wk inc flu hosp,-1,2026-10-03,12,quantile,0.55,617
2026-10-10,wk inc flu hosp,-1,2026-10-03,12,quantile,0.6,630
2026-10-10,wk inc flu hosp,-1,2026-10-03,12,quantile,0.65,644
2026-10-10,wk inc flu hosp,-1,2026-10-03,12,quantile,0.7,660
2026-10-10,wk inc flu hosp,-1,2026-10-03,12,quantile,0.75,677
2026-10-10,wk inc flu hosp,-1,2026-10-03,12,quantile,0.8,695
2026-10-10,wk inc flu hosp,-1,2026-10-03,12,quantile,0.85,718
2026-10-10,wk inc flu hosp,-1,2026-10-03,12,quantile,0.9,749
2026-10-10,wk inc flu hosp,-1,2026-10-03,12,quantile,0.95,800
2026-10-10,wk inc flu hosp,-1,2026-10-03,12,quantile,0.975,846
2026-10-10,wk inc flu hosp,-1,2026-10-03,12,quantile,0.99,907
2026-10-10,wk inc flu hosp,0,2026-10-10,12,quantile,0.01,397
2026-10-10,wk inc flu hosp,0,2026-10-10,12,quantile,0.025,435
2026-10-10,wk inc flu hosp,0,2026-10-10,12,quantile,0.05,470
2026-10-10,wk inc flu hosp,0,2026-10-10,12,quantile,0.1,516
2026-10-10,wk inc flu hosp,0,2026-10-10,12,quantile,0.15,552
2026-10-10,wk inc flu hosp,0,2026-10-10,12,quantile,0.2,582
2026-10-10,wk inc flu hosp,0,2026-10-10,12,quantile,0.25,608
2026-10-10,wk inc flu hosp,0,2026-10-10,12,quantile,0.3,631
2026-10-10,wk inc flu hosp,0,2026-10-10,12,quantile,0.35,652
2026-10-10,wk inc flu hosp,0,2026-10-10,12,quantile,0.4,673
2026-10-10,wk inc flu hosp,0,2026-10-10,12,quantile,0.45,694
2026-10-10,wk inc flu hosp,0,2026-10-10,12,quantile,0.5,714
2026-10-10,wk inc flu hosp,0,2026-10-10,12,quantile,0.55,737
2026-10-10,wk inc flu hosp,0,2026-10-10,12,quantile,0.6,761
2026-10-10,wk inc flu hosp,0,2026-10-10,12,quantile,0.65,785
2026-10-10,wk inc flu hosp,0,2026-10-10,12,quantile,0.7,812
2026-10-10,wk inc flu hosp,0,2026-10-10,12,quantile,0.75,844
2026-10-10,wk inc flu hosp,0,2026-10-10,12,quantile,0.8,885
2026-10-10,wk inc flu hosp,0,2026-10-10,12,quantile,0.85,940
2026-10-10,wk inc flu hosp,0,2026-10-10,12,quantile,0.9,1016
2026-10-10,wk inc flu hosp,0,2026-10-10,12,quantile,0.95,1118
2026-10-10,wk inc flu hosp,0,2026-10-10,12,quantile,0.975,1220
2026-10-10,wk inc flu hosp,0,2026-10-10,12,quantile,0.99,1337
2026-10-10,wk inc flu hosp,1,2026-10-17,12,quantile,0.01,370
2026-10-10,wk inc flu hosp,1,2026-10-17,12,quantile,0.025,423
2026-10-10,wk inc flu hosp,1,2026-10-17,12,quantile,0.05,477
2026-10-10,wk inc flu hosp,1,2026-10-17,12,quantile,0.1,545
2026-10-10,wk inc flu hosp,1,2026-10-17,12,quantile,0.15,596
2026-10-10,wk inc flu hosp,1,2026-10-17,12,quantile,0.2,637
2026-10-10,wk inc flu hosp,1,2026-10-17,12,quantile,0.25,673
2026-10-10,wk inc flu hosp,1,2026-10-17,12,quantile,0.3,707
2026-10-10,wk inc flu hosp,1,2026-10-17,12,quantile,0.35,739
2026-10-10,wk inc flu hosp,1,2026-10-17,12,quantile,0.4,771
2026-10-10,wk inc flu hosp,1,2026-10-17,12,quantile,0.45,802
2026-10-10,wk inc flu hosp,1,2026-10-17,12,quantile,0.5,834
2026-10-10,wk inc flu hosp,1,2026-10-17,12,quantile,0.55,868
2026-10-10,wk inc flu hosp,1,2026-10-17,12,quantile,0.6,905
2026-10-10,wk inc flu hosp,1,2026-10-17,12,quantile,0.65,948
2026-10-10,wk inc flu hosp,1,2026-10-17,12,quantile,0.7,1000
2026-10-10,wk inc flu hosp,1,2026-10-17,12,quantile,0.75,1057
2026-10-10,wk inc flu hosp,1,2026-10-17,12,quantile,0.8,1129
2026-10-10,wk inc flu hosp,1,2026-10-17,12,quantile,0.85,1218
2026-10-10,wk inc flu hosp,1,2026-10-17,12,quantile,0.9,1332
2026-10-10,wk inc flu hosp,1,2026-10-17,12,quantile,0.95,1512
2026-10-10,wk inc flu hosp,1,2026-10-17,12,quantile,0.975,1683
2026-10-10,wk inc flu hosp,1,2026-10-17,12,quantile,0.99,1909
2026-10-10,wk inc flu hosp,2,2026-10-24,12,quantile,0.01,324
2026-10-10,wk inc flu hosp,2,2026-10-24,12,quantile,0.025,380
2026-10-10,wk inc flu hosp,2,2026-10-24,12,quantile,0.05,450
2026-10-10,wk inc flu hosp,2,2026-10-24,12,quantile,0.1,567
2026-10-10,wk inc flu hosp,2,2026-10-24,12,quantile,0.15,636
2026-10-10,wk inc flu hosp,2,2026-10-24,12,quantile,0.2,692
2026-10-10,wk inc flu hosp,2,2026-10-24,12,quantile,0.25,738
2026-10-10,wk inc flu hosp,2,2026-10-24,12,quantile,0.3,783
2026-10-10,wk inc flu hosp,2,2026-10-24,12,quantile,0.35,826
2026-10-10,wk inc flu hosp,2,2026-10-24,12,quantile,0.4,867
2026-10-10,wk inc flu hosp,2,2026-10-24,12,quantile,0.45,907
2026-10-10,wk inc flu hosp,2,2026-10-24,12,quantile,0.5,948
2026-10-10,wk inc flu hosp,2,2026-10-24,12,quantile,0.55,992
2026-10-10,wk inc flu hosp,2,2026-10-24,12,quantile,0.6,1042
2026-10-10,wk inc flu hosp,2,2026-10-24,12,quantile,0.65,1100
2026-10-10,wk inc flu hosp,2,2026-10-24,12,quantile,0.7,1173
2026-10-10,wk inc flu hosp,2,2026-10-24,12,quantile,0.75,1252
2026-10-10,wk inc flu hosp,2,2026-10-24,12,quantile,0.8,1352
2026-10-10,wk inc flu hosp,2,2026-10-24,12,quantile,0.85,1484
2026-10-10,wk inc flu hosp,2,2026-10-24,12,quantile,0.9,1659
2026-10-10,wk inc flu hosp,2,2026-10-24,12,quantile,0.95,1918
2026-10-10,wk inc flu hosp,2,2026-10-24,12,quantile,0.975,2178
2026-10-10,wk inc flu hosp,2,2026-10-24,12,quantile,0.99,2509
2026-10-10,wk inc flu hosp,3,2026-10-31,12,quantile,0.01,241
2026-10-10,wk inc flu hosp,3,2026-10-31,12,quantile,0.025,289
2026-10-10,wk inc flu hosp,3,2026-10-31,12,quantile,0.05,349
2026-10-10,wk inc flu hosp,3,2026-10-31,12,quantile,0.1,492
2026-10-10,wk inc flu hosp,3,2026-10-31,12,quantile,0.15,597
2026-10-10,wk inc flu hosp,3,2026-10-31,12,quantile,0.2,680
2026-10-10,wk inc flu hosp,3,2026-10-31,12,quantile,0.25,751
2026-10-10,wk inc flu hosp,3,2026-10-31,12,quantile,0.3,814
2026-10-10,wk inc flu hosp,3,2026-10-31,12,quantile,0.35,872
2026-10-10,wk inc flu hosp,3,2026-10-31,12,quantile,0.4,930
2026-10-10,wk inc flu hosp,3,2026-10-31,12,quantile,0.45,987
2026-10-10,wk inc flu hosp,3,2026-10-31,12,quantile,0.5,1045
2026-10-10,wk inc flu hosp,3,2026-10-31,12,quantile,0.55,1105
2026-10-10,wk inc flu hosp,3,2026-10-31,12,quantile,0.6,1170
2026-10-10,wk inc flu hosp,3,2026-10-31,12,quantile,0.65,1250
2026-10-10,wk inc flu hosp,3,2026-10-31,12,quantile,0.7,1342
2026-10-10,wk inc flu hosp,3,2026-10-31,12,quantile,0.75,1451
2026-10-10,wk inc flu hosp,3,2026-10-31,12,quantile,0.8,1587
2026-10-10,wk inc flu hosp,3,2026-10-31,12,quantile,0.85,1758
2026-10-10,wk inc flu hosp,3,2026-10-31,12,quantile,0.9,1984
2026-10-10,wk inc flu hosp,3,2026-10-31,12,quantile,0.95,2369
2026-10-10,wk inc flu hosp,3,2026-10-31,12,quantile,0.975,2780
2026-10-10,wk inc flu hosp,3,2026-10-31,12,quantile,0.99,3319
2026-10-10,wk inc flu hosp,-1,2026-10-03,13,quantile,0.01,35
2026-10-10,wk inc flu hosp,-1,2026-10-03,13,quantile,0.025,37
2026-10-10,wk inc flu hosp,-1,2026-10-03,13,quantile,0.05,40
2026-10-10,wk inc flu hosp,-1,2026-10-03,13,quantile,0.1,42
2026-10-10,wk inc flu hosp,-1,2026-10-03,13,quantile,0.15,44
2026-10-10,wk inc flu hosp,-1,2026-10-03,13,quantile,0.2,46
2026-10-10,wk inc flu hosp,-1,2026-10-03,13,quantile,0.25,47
2026-10-10,wk inc flu hosp,-1,2026-10-03,13,quantile,0.3,48
2026-10-10,wk inc flu hosp,-1,2026-10-03,13,quantile,0.35,49
2026-10-10,wk inc flu hosp,-1,2026-10-03,13,quantile,0.4,50
2026-10-10,wk inc flu hosp,-1,2026-10-03,13,quantile,0.45,51
2026-10-10,wk inc flu hosp,-1,2026-10-03,13,quantile,0.5,53
2026-10-10,wk inc flu hosp,-1,2026-10-03,13,quantile,0.55,54
2026-10-10,wk inc flu hosp,-1,2026-10-03,13,quantile,0.6,55
2026-10-10,wk inc flu hosp,-1,2026-10-03,13,quantile,0.65,56
2026-10-10,wk inc flu hosp,-1,2026-10-03,13,quantile,0.7,57
2026-10-10,wk inc flu hosp,-1,2026-10-03,13,quantile,0.75,59
2026-10-10,wk inc flu hosp,-1,2026-10-03,13,quantile,0.8,61
2026-10-10,wk inc flu hosp,-1,2026-10-03,13,quantile,0.85,63
2026-10-10,wk inc flu hosp,-1,2026-10-03,13,quantile,0.9,65
2026-10-10,wk inc flu hosp,-1,2026-10-03,13,quantile,0.95,70
2026-10-10,wk inc flu hosp,-1,2026-10-03,13,quantile,0.975,74
2026-10-10,wk inc flu hosp,-1,2026-10-03,13,quantile,0.99,79
2026-10-10,wk inc flu hosp,0,2026-10-10,13,quantile,0.01,29
2026-10-10,wk inc flu hosp,0,2026-10-10,13,quantile,0.025,32
2026-10-10,wk inc flu hosp,0,2026-10-10,13,quantile,0.05,35
2026-10-10,wk inc flu hosp,0,2026-10-10,13,quantile,0.1,39
2026-10-10,wk inc flu hosp,0,2026-10-10,13,quantile,0.15,43
2026-10-10,wk inc flu hosp,0,2026-10-10,13,quantile,0.2,45
2026-10-10,wk inc flu hosp,0,2026-10-10,13,quantile,0.25,48
2026-10-10,wk inc flu hosp,0,2026-10-10,13,quantile,0.3,51
2026-10-10,wk inc flu hosp,0,2026-10-10,13,quantile,0.35,53
2026-10-10,wk inc flu hosp,0,2026-10-10,13,quantile,0.4,55
2026-10-10,wk inc flu hosp,0,2026-10-10,13,quantile,0.45,58
2026-10-10,wk inc flu hosp,0,2026-10-10,13,quantile,0.5,60
2026-10-10,wk inc flu hosp,0,2026-10-10,13,quantile,0.55,63
2026-10-10,wk inc flu hosp,0,2026-10-10,13,quantile,0.6,66
2026-10-10,wk inc flu hosp,0,2026-10-10,13,quantile,0.65,69
2026-10-10,wk inc flu hosp,0,2026-10-10,13,quantile,0.7,72
2026-10-10,wk inc flu hosp,0,2026-10-10,13,quantile,0.75,75
2026-10-10,wk inc flu hosp,0,2026-10-10,13,quantile,0.8,80
2026-10-10,wk inc flu hosp,0,2026-10-10,13,quantile,0.85,87
2026-10-10,wk inc flu hosp,0,2026-10-10,13,quantile,0.9,98
2026-10-10,wk inc flu hosp,0,2026-10-10,13,quantile,0.95,112
2026-10-10,wk inc flu hosp,0,2026-10-10,13,quantile,0.975,127
2026-10-10,wk inc flu hosp,0,2026-10-10,13,quantile,0.99,147
2026-10-10,wk inc flu hosp,1,2026-10-17,13,quantile,0.01,30
2026-10-10,wk inc flu hosp,1,2026-10-17,13,quantile,0.025,34
2026-10-10,wk inc flu hosp,1,2026-10-17,13,quantile,0.05,38
2026-10-10,wk inc flu hosp,1,2026-10-17,13,quantile,0.1,43
2026-10-10,wk inc flu hosp,1,2026-10-17,13,quantile,0.15,48
2026-10-10,wk inc flu hosp,1,2026-10-17,13,quantile,0.2,53
2026-10-10,wk inc flu hosp,1,2026-10-17,13,quantile,0.25,57
2026-10-10,wk inc flu hosp,1,2026-10-17,13,quantile,0.3,60
2026-10-10,wk inc flu hosp,1,2026-10-17,13,quantile,0.35,64
2026-10-10,wk inc flu hosp,1,2026-10-17,13,quantile,0.4,67
2026-10-10,wk inc flu hosp,1,2026-10-17,13,quantile,0.45,71
2026-10-10,wk inc flu hosp,1,2026-10-17,13,quantile,0.5,74
2026-10-10,wk inc flu hosp,1,2026-10-17,13,quantile,0.55,78
2026-10-10,wk inc flu hosp,1,2026-10-17,13,quantile,0.6,82
2026-10-10,wk inc flu hosp,1,2026-10-17,13,quantile,0.65,87
2026-10-10,wk inc flu hosp,1,2026-10-17,13,quantile,0.7,93
2026-10-10,wk inc flu hosp,1,2026-10-17,13,quantile,0.75,100
2026-10-10,wk inc flu hosp,1,2026-10-17,13,quantile,0.8,109
2026-10-10,wk inc flu hosp,1,2026-10-17,13,quantile,0.85,122
2026-10-10,wk inc flu hosp,1,2026-10-17,13,quantile,0.9,141
2026-10-10,wk inc flu hosp,1,2026-10-17,13,quantile,0.95,172
2026-10-10,wk inc flu hosp,1,2026-10-17,13,quantile,0.975,203
2026-10-10,wk inc flu hosp,1,2026-10-17,13,quantile,0.99,247
2026-10-10,wk inc flu hosp,2,2026-10-24,13,quantile,0.01,32
2026-10-10,wk inc flu hosp,2,2026-10-24,13,quantile,0.025,36
2026-10-10,wk inc flu hosp,2,2026-10-24,13,quantile,0.05,41
2026-10-10,wk inc flu hosp,2,2026-10-24,13,quantile,0.1,46
2026-10-10,wk inc flu hosp,2,2026-10-24,13,quantile,0.15,54
2026-10-10,wk inc flu hosp,2,2026-10-24,13,quantile,0.2,60
2026-10-10,wk inc flu hosp,2,2026-10-24,13,quantile,0.25,66
2026-10-10,wk inc flu hosp,2,2026-10-24,13,quantile,0.3,72
2026-10-10,wk inc flu hosp,2,2026-10-24,13,quantile,0.35,77
2026-10-10,wk inc flu hosp,2,2026-10-24,13,quantile,0.4,82
2026-10-10,wk inc flu hosp,2,2026-10-24,13,quantile,0.45,87
2026-10-10,wk inc flu hosp,2,2026-10-24,13,quantile,0.5,92
2026-10-10,wk inc flu hosp,2,2026-10-24,13,quantile,0.55,98
2026-10-10,wk inc flu hosp,2,2026-10-24,13,quantile,0.6,105
2026-10-10,wk inc flu hosp,2,2026-10-24,13,quantile,0.65,113
2026-10-10,wk inc flu hosp,2,2026-10-24,13,quantile,0.7,123
2026-10-10,wk inc flu hosp,2,2026-10-24,13,quantile,0.75,134
2026-10-10,wk inc flu hosp,2,2026-10-24,13,quantile,0.8,150
2026-10-10,wk inc flu hosp,2,2026-10-24,13,quantile,0.85,176
2026-10-10,wk inc flu hosp,2,2026-10-24,13,quantile,0.9,214
2026-10-10,wk inc flu hosp,2,2026-10-24,13,quantile,0.95,282
2026-10-10,wk inc flu hosp,2,2026-10-24,13,quantile,0.975,361
2026-10-10,wk inc flu hosp,2,2026-10-24,13,quantile,0.99,481
2026-10-10,wk inc flu hosp,3,2026-10-31,13,quantile,0.01,35
2026-10-10,wk inc flu hosp,3,2026-10-31,13,quantile,0.025,40
2026-10-10,wk inc flu hosp,3,2026-10-31,13,quantile,0.05,45
2026-10-10,wk inc flu hosp,3,2026-10-31,13,quantile,0.1,53
2026-10-10,wk inc flu hosp,3,2026-10-31,13,quantile,0.15,62
2026-10-10,wk inc flu hosp,3,2026-10-31,13,quantile,0.2,71
2026-10-10,wk inc flu hosp,3,2026-10-31,13,quantile,0.25,79
2026-10-10,wk inc flu hosp,3,2026-10-31,13,quantile,0.3,87
2026-10-10,wk inc flu hosp,3,2026-10-31,13,quantile,0.35,95
2026-10-10,wk inc flu hosp,3,2026-10-31,13,quantile,0.4,102
2026-10-10,wk inc flu hosp,3,2026-10-31,13,quantile,0.45,110
2026-10-10,wk inc flu hosp,3,2026-10-31,13,quantile,0.5,118
2026-10-10,wk inc flu hosp,3,2026-10-31,13,quantile,0.55,127
2026-10-10,wk inc flu hosp,3,2026-10-31,13,quantile,0.6,136
2026-10-10,wk inc flu hosp,3,2026-10-31,13,quantile,0.65,148
2026-10-10,wk inc flu hosp,3,2026-10-31,13,quantile,0.7,163
2026-10-10,wk inc flu hosp,3,2026-10-31,13,quantile,0.75,182
2026-10-10,wk inc flu hosp,3,2026-10-31,13,quantile,0.8,210
2026-10-10,wk inc flu hosp,3,2026-10-31,13,quantile,0.85,251
2026-10-10,wk inc flu hosp,3,2026-10-31,13,quantile,0.9,309
2026-10-10,wk inc flu hosp,3,2026-10-31,13,quantile,0.95,425
2026-10-10,wk inc flu hosp,3,2026-10-31,13,quantile,0.975,567
2026-10-10,wk inc flu hosp,3,2026-10-31,13,quantile,0.99,784
2026-10-10,wk inc flu hosp,-1,2026-10-03,15,quantile,0.01,46
2026-10-10,wk inc flu hosp,-1,2026-10-03,15,quantile,0.025,49
2026-10-10,wk inc flu hosp,-1,2026-10-03,15,quantile,0.05,51
2026-10-10,wk inc flu hosp,-1,2026-10-03,15,quantile,0.1,55
2026-10-10,wk inc flu hosp,-1,2026-10-03,15,quantile,0.15,57
2026-10-10,wk inc flu hosp,-1,2026-10-03,15,quantile,0.2,59
2026-10-10,wk inc flu hosp,-1,2026-10-03,15,quantile,0.25,61
2026-10-10,wk inc flu hosp,-1,2026-10-03,15,quantile,0.3,62
2026-10-10,wk inc flu hosp,-1,2026-10-03,15,quantile,0.35,64
2026-10-10,wk inc flu hosp,-1,2026-10-03,15,quantile,0.4,65
2026-10-10,wk inc flu hosp,-1,2026-10-03,15,quantile,0.45,67
2026-10-10,wk inc flu hosp,-1,2026-10-03,15,quantile,0.5,68
2026-10-10,wk inc flu hosp,-1,2026-10-03,15,quantile,0.55,70
2026-10-10,wk inc flu hosp,-1,2026-10-03,15,quantile,0.6,71
2026-10-10,wk inc flu hosp,-1,2026-10-03,15,quantile,0.65,73
2026-10-10,wk inc flu hosp,-1,2026-10-03,15,quantile,0.7,75
2026-10-10,wk inc flu hosp,-1,2026-10-03,15,quantile,0.75,76
2026-10-10,wk inc flu hosp,-1,2026-10-03,15,quantile,0.8,79
2026-10-10,wk inc flu hosp,-1,2026-10-03,15,quantile,0.85,81
2026-10-10,wk inc flu hosp,-1,2026-10-03,15,quantile,0.9,85
2026-10-10,wk inc flu hosp,-1,2026-10-03,15,quantile,0.95,91
2026-10-10,wk inc flu hosp,-1,2026-10-03,15,quantile,0.975,96
2026-10-10,wk inc flu hosp,-1,2026-10-03,15,quantile,0.99,104
2026-10-10,wk inc flu hosp,0,2026-10-10,15,quantile,0.01,42
2026-10-10,wk inc flu hosp,0,2026-10-10,15,quantile,0.025,48
2026-10-10,wk inc flu hosp,0,2026-10-10,15,quantile,0.05,53
2026-10-10,wk inc flu hosp,0,2026-10-10,15,quantile,0.1,60
2026-10-10,wk inc flu hosp,0,2026-10-10,15,quantile,0.15,65
2026-10-10,wk inc flu hosp,0,2026-10-10,15,quantile,0.2,69
2026-10-10,wk inc flu hosp,0,2026-10-10,15,quantile,0.25,73
2026-10-10,wk inc flu hosp,0,2026-10-10,15,quantile,0.3,76
2026-10-10,wk inc flu hosp,0,2026-10-10,15,quantile,0.35,79
2026-10-10,wk inc flu hosp,0,2026-10-10,15,quantile,0.4,82
2026-10-10,wk inc flu hosp,0,2026-10-10,15,quantile,0.45,86
2026-10-10,wk inc flu hosp,0,2026-10-10,15,quantile,0.5,89
2026-10-10,wk inc flu hosp,0,2026-10-10,15,quantile,0.55,93
2026-10-10,wk inc flu hosp,0,2026-10-10,15,quantile,0.6,97
2026-10-10,wk inc flu hosp,0,2026-10-10,15,quantile,0.65,102
2026-10-10,wk inc flu hosp,0,2026-10-10,15,quantile,0.7,107
2026-10-10,wk inc flu hosp,0,2026-10-10,15,quantile,0.75,113
2026-10-10,wk inc flu hosp,0,2026-10-10,15,quantile,0.8,121
2026-10-10,wk inc flu hosp,0,2026-10-10,15,quantile,0.85,131
2026-10-10,wk inc flu hosp,0,2026-10-10,15,quantile,0.9,145
2026-10-10,wk inc flu hosp,0,2026-10-10,15,quantile,0.95,166
2026-10-10,wk inc flu hosp,0,2026-10-10,15,quantile,0.975,186
2026-10-10,wk inc flu hosp,0,2026-10-10,15,quantile,0.99,213
2026-10-10,wk inc flu hosp,1,2026-10-17,15,quantile,0.01,49
2026-10-10,wk inc flu hosp,1,2026-10-17,15,quantile,0.025,57
2026-10-10,wk inc flu hosp,1,2026-10-17,15,quantile,0.05,63
2026-10-10,wk inc flu hosp,1,2026-10-17,15,quantile,0.1,72
2026-10-10,wk inc flu hosp,1,2026-10-17,15,quantile,0.15,80
2026-10-10,wk inc flu hosp,1,2026-10-17,15,quantile,0.2,87
2026-10-10,wk inc flu hosp,1,2026-10-17,15,quantile,0.25,93
2026-10-10,wk inc flu hosp,1,2026-10-17,15,quantile,0.3,99
2026-10-10,wk inc flu hosp,1,2026-10-17,15,quantile,0.35,104
2026-10-10,wk inc flu hosp,1,2026-10-17,15,quantile,0.4,110
2026-10-10,wk inc flu hosp,1,2026-10-17,15,quantile,0.45,116
2026-10-10,wk inc flu hosp,1,2026-10-17,15,quantile,0.5,122
2026-10-10,wk inc flu hosp,1,2026-10-17,15,quantile,0.55,129
2026-10-10,wk inc flu hosp,1,2026-10-17,15,quantile,0.6,136
2026-10-10,wk inc flu hosp,1,2026-10-17,15,quantile,0.65,145
2026-10-10,wk inc flu hosp,1,2026-10-17,15,quantile,0.7,155
2026-10-10,wk inc flu hosp,1,2026-10-17,15,quantile,0.75,167
2026-10-10,wk inc flu hosp,1,2026-10-17,15,quantile,0.8,182
2026-10-10,wk inc flu hosp,1,2026-10-17,15,quantile,0.85,202
2026-10-10,wk inc flu hosp,1,2026-10-17,15,quantile,0.9,227
2026-10-10,wk inc flu hosp,1,2026-10-17,15,quantile,0.95,271
2026-10-10,wk inc flu hosp,1,2026-10-17,15,quantile,0.975,316
2026-10-10,wk inc flu hosp,1,2026-10-17,15,quantile,0.99,376
2026-10-10,wk inc flu hosp,2,2026-10-24,15,quantile,0.01,42
2026-10-10,wk inc flu hosp,2,2026-10-24,15,quantile,0.025,56
2026-10-10,wk inc flu hosp,2,2026-10-24,15,quantile,0.05,69
2026-10-10,wk inc flu hosp,2,2026-10-24,15,quantile,0.1,82
2026-10-10,wk inc flu hosp,2,2026-10-24,15,quantile,0.15,92
2026-10-10,wk inc flu hosp,2,2026-10-24,15,quantile,0.2,102
2026-10-10,wk inc flu hosp,2,2026-10-24,15,quantile,0.25,110
2026-10-10,wk inc flu hosp,2,2026-10-24,15,quantile,0.3,119
2026-10-10,wk inc flu hosp,2,2026-10-24,15,quantile,0.35,127
2026-10-10,wk inc flu hosp,2,2026-10-24,15,quantile,0.4,136
2026-10-10,wk inc flu hosp,2,2026-10-24,15,quantile,0.45,145
2026-10-10,wk inc flu hosp,2,2026-10-24,15,quantile,0.5,154
2026-10-10,wk inc flu hosp,2,2026-10-24,15,quantile,0.55,165
2026-10-10,wk inc flu hosp,2,2026-10-24,15,quantile,0.6,176
2026-10-10,wk inc flu hosp,2,2026-10-24,15,quantile,0.65,189
2026-10-10,wk inc flu hosp,2,2026-10-24,15,quantile,0.7,203
2026-10-10,wk inc flu hosp,2,2026-10-24,15,quantile,0.75,221
2026-10-10,wk inc flu hosp,2,2026-10-24,15,quantile,0.8,243
2026-10-10,wk inc flu hosp,2,2026-10-24,15,quantile,0.85,272
2026-10-10,wk inc flu hosp,2,2026-10-24,15,quantile,0.9,312
2026-10-10,wk inc flu hosp,2,2026-10-24,15,quantile,0.95,381
2026-10-10,wk inc flu hosp,2,2026-10-24,15,quantile,0.975,450
2026-10-10,wk inc flu hosp,2,2026-10-24,15,quantile,0.99,542
2026-10-10,wk inc flu hosp,3,2026-10-31,15,quantile,0.01,23
2026-10-10,wk inc flu hosp,3,2026-10-31,15,quantile,0.025,32
2026-10-10,wk inc flu hosp,3,2026-10-31,15,quantile,0.05,44
2026-10-10,wk inc flu hosp,3,2026-10-31,15,quantile,0.1,77
2026-10-10,wk inc flu hosp,3,2026-10-31,15,quantile,0.15,95
2026-10-10,wk inc flu hosp,3,2026-10-31,15,quantile,0.2,107
2026-10-10,wk inc flu hosp,3,2026-10-31,15,quantile,0.25,119
2026-10-10,wk inc flu hosp,3,2026-10-31,15,quantile,0.3,128
2026-10-10,wk inc flu hosp,3,2026-10-31,15,quantile,0.35,137
2026-10-10,wk inc flu hosp,3,2026-10-31,15,quantile,0.4,147
2026-10-10,wk inc flu hosp,3,2026-10-31,15,quantile,0.45,157
2026-10-10,wk inc flu hosp,3,2026-10-31,15,quantile,0.5,168
2026-10-10,wk inc flu hosp,3,2026-10-31,15,quantile,0.55,179
2026-10-10,wk inc flu hosp,3,2026-10-31,15,quantile,0.6,193
2026-10-10,wk inc flu hosp,3,2026-10-31,15,quantile,0.65,208
2026-10-10,wk inc flu hosp,3,2026-10-31,15,quantile,0.7,226
2026-10-10,wk inc flu hosp,3,2026-10-31,15,quantile,0.75,248
2026-10-10,wk inc flu hosp,3,2026-10-31,15,quantile,0.8,272
2026-10-10,wk inc flu hosp,3,2026-10-31,15,quantile,0.85,304
2026-10-10,wk inc flu hosp,3,2026-10-31,15,quantile,0.9,346
2026-10-10,wk inc flu hosp,3,2026-10-31,15,quantile,0.95,421
2026-10-10,wk inc flu hosp,3,2026-10-31,15,quantile,0.975,499
2026-10-10,wk inc flu hosp,3,2026-10-31,15,quantile,0.99,605
2026-10-10,wk inc flu hosp,-1,2026-10-03,16,quantile,0.01,11
2026-10-10,wk inc flu hosp,-1,2026-10-03,16,quantile,0.025,11
2026-10-10,wk inc flu hosp,-1,2026-10-03,16,quantile,0.05,12
2026-10-10,wk inc flu hosp,-1,2026-10-03,16,quantile,0.1,13
2026-10-10,wk inc flu hosp,-1,2026-10-03,16,quantile,0.15,14
2026-10-10,wk inc flu hosp,-1,2026-10-03,16,quantile,0.2,14
2026-10-10,wk inc flu hosp,-1,2026-10-03,16,quantile,0.25,14
2026-10-10,wk inc flu hosp,-1,2026-10-03,16,quantile,0.3,15
2026-10-10,wk inc flu hosp,-1,2026-10-03,16,quantile,0.35,15
2026-10-10,wk inc flu hosp,-1,2026-10-03,16,quantile,0.4,16
2026-10-10,wk inc flu hosp,-1,2026-10-03,16,quantile,0.45,16
2026-10-10,wk inc flu hosp,-1,2026-10-03,16,quantile,0.5,16
2026-10-10,wk inc flu hosp,-1,2026-10-03,16,quantile,0.55,17
2026-10-10,wk inc flu hosp,-1,2026-10-03,16,quantile,0.6,17
2026-10-10,wk inc flu hosp,-1,2026-10-03,16,quantile,0.65,17
2026-10-10,wk inc flu hosp,-1,2026-10-03,16,quantile,0.7,18
2026-10-10,wk inc flu hosp,-1,2026-10-03,16,quantile,0.75,18
2026-10-10,wk inc flu hosp,-1,2026-10-03,16,quantile,0.8,19
2026-10-10,wk inc flu hosp,-1,2026-10-03,16,quantile,0.85,19
2026-10-10,wk inc flu hosp,-1,2026-10-03,16,quantile,0.9,20
2026-10-10,wk inc flu hosp,-1,2026-10-03,16,quantile,0.95,22
2026-10-10,wk inc flu hosp,-1,2026-10-03,16,quantile,0.975,23
2026-10-10,wk inc flu hosp,-1,2026-10-03,16,quantile,0.99,25
2026-10-10,wk inc flu hosp,0,2026-10-10,16,quantile,0.01,8
2026-10-10,wk inc flu hosp,0,2026-10-10,16,quantile,0.025,9
2026-10-10,wk inc flu hosp,0,2026-10-10,16,quantile,0.05,10
2026-10-10,wk inc flu hosp,0,2026-10-10,16,quantile,0.1,11
2026-10-10,wk inc flu hosp,0,2026-10-10,16,quantile,0.15,12
2026-10-10,wk inc flu hosp,0,2026-10-10,16,quantile,0.2,13
2026-10-10,wk inc flu hosp,0,2026-10-10,16,quantile,0.25,14
2026-10-10,wk inc flu hosp,0,2026-10-10,16,quantile,0.3,15
2026-10-10,wk inc flu hosp,0,2026-10-10,16,quantile,0.35,15
2026-10-10,wk inc flu hosp,0,2026-10-10,16,quantile,0.4,16
2026-10-10,wk inc flu hosp,0,2026-10-10,16,quantile,0.45,16
2026-10-10,wk inc flu hosp,0,2026-10-10,16,quantile,0.5,17
2026-10-10,wk inc flu hosp,0,2026-10-10,16,quantile,0.55,18
2026-10-10,wk inc flu hosp,0,2026-10-10,16,quantile,0.6,18
2026-10-10,wk inc flu hosp,0,2026-10-10,16,quantile,0.65,19
2026-10-10,wk inc flu hosp,0,2026-10-10,16,quantile,0.7,20
2026-10-10,wk inc flu hosp,0,2026-10-10,16,quantile,0.75,20
2026-10-10,wk inc flu hosp,0,2026-10-10,16,quantile,0.8,22
2026-10-10,wk inc flu hosp,0,2026-10-10,16,quantile,0.85,23
2026-10-10,wk inc flu hosp,0,2026-10-10,16,quantile,0.9,25
2026-10-10,wk inc flu hosp,0,2026-10-10,16,quantile,0.95,28
2026-10-10,wk inc flu hosp,0,2026-10-10,16,quantile,0.975,31
2026-10-10,wk inc flu hosp,0,2026-10-10,16,quantile,0.99,34
2026-10-10,wk inc flu hosp,1,2026-10-17,16,quantile,0.01,8
2026-10-10,wk inc flu hosp,1,2026-10-17,16,quantile,0.025,9
2026-10-10,wk inc flu hosp,1,2026-10-17,16,quantile,0.05,11
2026-10-10,wk inc flu hosp,1,2026-10-17,16,quantile,0.1,12
2026-10-10,wk inc flu hosp,1,2026-10-17,16,quantile,0.15,13
2026-10-10,wk inc flu hosp,1,2026-10-17,16,quantile,0.2,14
2026-10-10,wk inc flu hosp,1,2026-10-17,16,quantile,0.25,15
2026-10-10,wk inc flu hosp,1,2026-10-17,16,quantile,0.3,16
2026-10-10,wk inc flu hosp,1,2026-10-17,16,quantile,0.35,17
2026-10-10,wk inc flu hosp,1,2026-10-17,16,quantile,0.4,18
2026-10-10,wk inc flu hosp,1,2026-10-17,16,quantile,0.45,19
2026-10-10,wk inc flu hosp,1,2026-10-17,16,quantile,0.5,19
2026-10-10,wk inc flu hosp,1,2026-10-17,16,quantile,0.55,20
2026-10-10,wk inc flu hosp,1,2026-10-17,16,quantile,0.6,21
2026-10-10,wk inc flu hosp,1,2026-10-17,16,quantile,0.65,22
2026-10-10,wk inc flu hosp,1,2026-10-17,16,quantile,0.7,23
2026-10-10,wk inc flu hosp,1,2026-10-17,16,quantile,0.75,24
2026-10-10,wk inc flu hosp,1,2026-10-17,16,quantile,0.8,26
2026-10-10,wk inc flu hosp,1,2026-10-17,16,quantile,0.85,28
2026-10-10,wk inc flu hosp,1,2026-10-17,16,quantile,0.9,31
2026-10-10,wk inc flu hosp,1,2026-10-17,16,quantile,0.95,36
2026-10-10,wk inc flu hosp,1,2026-10-17,16,quantile,0.975,40
2026-10-10,wk inc flu hosp,1,2026-10-17,16,quantile,0.99,46
2026-10-10,wk inc flu hosp,2,2026-10-24,16,quantile,0.01,8
2026-10-10,wk inc flu hosp,2,2026-10-24,16,quantile,0.025,10
2026-10-10,wk inc flu hosp,2,2026-10-24,16,quantile,0.05,11
2026-10-10,wk inc flu hosp,2,2026-10-24,16,quantile,0.1,13
2026-10-10,wk inc flu hosp,2,2026-10-24,16,quantile,0.15,14
2026-10-10,wk inc flu hosp,2,2026-10-24,16,quantile,0.2,16
2026-10-10,wk inc flu hosp,2,2026-10-24,16,quantile,0.25,17
2026-10-10,wk inc flu hosp,2,2026-10-24,16,quantile,0.3,18
2026-10-10,wk inc flu hosp,2,2026-10-24,16,quantile,0.35,19
2026-10-10,wk inc flu hosp,2,2026-10-24,16,quantile,0.4,20
2026-10-10,wk inc flu hosp,2,2026-10-24,16,quantile,0.45,21
2026-10-10,wk inc flu hosp,2,2026-10-24,16,quantile,0.5,22
2026-10-10,wk inc flu hosp,2,2026-10-24,16,quantile,0.55,23
2026-10-10,wk inc flu hosp,2,2026-10-24,16,quantile,0.6,24
2026-10-10,wk inc flu hosp,2,2026-10-24,16,quantile,0.65,26
2026-10-10,wk inc flu hosp,2,2026-10-24,16,quantile,0.7,27
2026-10-10,wk inc flu hosp,2,2026-10-24,16,quantile,0.75,29
2026-10-10,wk inc flu hosp,2,2026-10-24,16,quantile,0.8,32
2026-10-10,wk inc flu hosp,2,2026-10-24,16,quantile,0.85,35
2026-10-10,wk inc flu hosp,2,2026-10-24,16,quantile,0.9,39
2026-10-10,wk inc flu hosp,2,2026-10-24,16,quantile,0.95,46
2026-10-10,wk inc flu hosp,2,2026-10-24,16,quantile,0.975,52
2026-10-10,wk inc flu hosp,2,2026-10-24,16,quantile,0.99,60
2026-10-10,wk inc flu hosp,3,2026-10-31,16,quantile,0.01,8
2026-10-10,wk inc flu hosp,3,2026-10-31,16,quantile,0.025,9
2026-10-10,wk inc flu hosp,3,2026-10-31,16,quantile,0.05,10
2026-10-10,wk inc flu hosp,3,2026-10-31,16,quantile,0.1,12
2026-10-10,wk inc flu hosp,3,2026-10-31,16,quantile,0.15,14
2026-10-10,wk inc flu hosp,3,2026-10-31,16,quantile,0.2,16
2026-10-10,wk inc flu hosp,3,2026-10-31,16,quantile,0.25,18
2026-10-10,wk inc flu hosp,3,2026-10-31,16,quantile,0.3,19
2026-10-10,wk inc flu hosp,3,2026-10-31,16,quantile,0.35,21
2026-10-10,wk inc flu hosp,3,2026-10-31,16,quantile,0.4,22
2026-10-10,wk inc flu hosp,3,2026-10-31,16,quantile,0.45,24
2026-10-10,wk inc flu hosp,3,2026-10-31,16,quantile,0.5,25
2026-10-10,wk inc flu hosp,3,2026-10-31,16,quantile,0.55,27
2026-10-10,wk inc flu hosp,3,2026-10-31,16,quantile,0.6,29
2026-10-10,wk inc flu hosp,3,2026-10-31,16,quantile,0.65,31
2026-10-10,wk inc flu hosp,3,2026-10-31,16,quantile,0.7,33
2026-10-10,wk inc flu hosp,3,2026-10-31,16,quantile,0.75,36
2026-10-10,wk inc flu hosp,3,2026-10-31,16,quantile,0.8,39
2026-10-10,wk inc flu hosp,3,2026-10-31,16,quantile,0.85,44
2026-10-10,wk inc flu hosp,3,2026-10-31,16,quantile,0.9,50
2026-10-10,wk inc flu hosp,3,2026-10-31,16,quantile,0.95,60
2026-10-10,wk inc flu hosp,3,2026-10-31,16,quantile,0.975,70
2026-10-10,wk inc flu hosp,3,2026-10-31,16,quantile,0.99,84
2026-10-10,wk inc flu hosp,-1,2026-10-03,17,quantile,0.01,49
2026-10-10,wk inc flu hosp,-1,2026-10-03,17,quantile,0.025,52
2026-10-10,wk inc flu hosp,-1,2026-10-03,17,quantile,0.05,55
2026-10-10,wk inc flu hosp,-1,2026-10-03,17,quantile,0.1,59
2026-10-10,wk inc flu hosp,-1,2026-10-03,17,quantile,0.15,61
2026-10-10,wk inc flu hosp,-1,2026-10-03,17,quantile,0.2,63
2026-10-10,wk inc flu hosp,-1,2026-10-03,17,quantile,0.25,65
2026-10-10,wk inc flu hosp,-1,2026-10-03,17,quantile,0.3,67
2026-10-10,wk inc flu hosp,-1,2026-10-03,17,quantile,0.35,69
2026-10-10,wk inc flu hosp,-1,2026-10-03,17,quantile,0.4,70
2026-10-10,wk inc flu hosp,-1,2026-10-03,17,quantile,0.45,72
2026-10-10,wk inc flu hosp,-1,2026-10-03,17,quantile,0.5,73
2026-10-10,wk inc flu hosp,-1,2026-10-03,17,quantile,0.55,75
2026-10-10,wk inc flu hosp,-1,2026-10-03,17,quantile,0.6,76
2026-10-10,wk inc flu hosp,-1,2026-10-03,17,quantile,0.65,78
2026-10-10,wk inc flu hosp,-1,2026-10-03,17,quantile,0.7,80
2026-10-10,wk inc flu hosp,-1,2026-10-03,17,quantile,0.75,82
2026-10-10,wk inc flu hosp,-1,2026-10-03,17,quantile,0.8,84
2026-10-10,wk inc flu hosp,-1,2026-10-03,17,quantile,0.85,87
2026-10-10,wk inc flu hosp,-1,2026-10-03,17,quantile,0.9,91
2026-10-10,wk inc flu hosp,-1,2026-10-03,17,quantile,0.95,97
2026-10-10,wk inc flu hosp,-1,2026-10-03,17,quantile,0.975,103
2026-10-10,wk inc flu hosp,-1,2026-10-03,17,quantile,0.99,110
2026-10-10,wk inc flu hosp,0,2026-10-10,17,quantile,0.01,38
2026-10-10,wk inc flu hosp,0,2026-10-10,17,quantile,0.025,42
2026-10-10,wk inc flu hosp,0,2026-10-10,17,quantile,0.05,46
2026-10-10,wk inc flu hosp,0,2026-10-10,17,quantile,0.1,51
2026-10-10,wk inc flu hosp,0,2026-10-10,17,quantile,0.15,56
2026-10-10,wk inc flu hosp,0,2026-10-10,17,quantile,0.2,61
2026-10-10,wk inc flu hosp,0,2026-10-10,17,quantile,0.25,64
2026-10-10,wk inc flu hosp,0,2026-10-10,17,quantile,0.3,68
2026-10-10,wk inc flu hosp,0,2026-10-10,17,quantile,0.35,71
2026-10-10,wk inc flu hosp,0,2026-10-10,17,quantile,0.4,74
2026-10-10,wk inc flu hosp,0,2026-10-10,17,quantile,0.45,76
2026-10-10,wk inc flu hosp,0,2026-10-10,17,quantile,0.5,79
2026-10-10,wk inc flu hosp,0,2026-10-10,17,quantile,0.55,82
2026-10-10,wk inc flu hosp,0,2026-10-10,17,quantile,0.6,86
2026-10-10,wk inc flu hosp,0,2026-10-10,17,quantile,0.65,89
2026-10-10,wk inc flu hosp,0,2026-10-10,17,quantile,0.7,93
2026-10-10,wk inc flu hosp,0,2026-10-10,17,quantile,0.75,98
2026-10-10,wk inc flu hosp,0,2026-10-10,17,quantile,0.8,104
2026-10-10,wk inc flu hosp,0,2026-10-10,17,quantile,0.85,112
2026-10-10,wk inc flu hosp,0,2026-10-10,17,quantile,0.9,124
2026-10-10,wk inc flu hosp,0,2026-10-10,17,quantile,0.95,143
2026-10-10,wk inc flu hosp,0,2026-10-10,17,quantile,0.975,162
2026-10-10,wk inc flu hosp,0,2026-10-10,17,quantile,0.99,189
2026-10-10,wk inc flu hosp,1,2026-10-17,17,quantile,0.01,37
2026-10-10,wk inc flu hosp,1,2026-10-17,17,quantile,0.025,41
2026-10-10,wk inc flu hosp,1,2026-10-17,17,quantile,0.05,46
2026-10-10,wk inc flu hosp,1,2026-10-17,17,quantile,0.1,52
2026-10-10,wk inc flu hosp,1,2026-10-17,17,quantile,0.15,57
2026-10-10,wk inc flu hosp,1,2026-10-17,17,quantile,0.2,62
2026-10-10,wk inc flu hosp,1,2026-10-17,17,quantile,0.25,66
2026-10-10,wk inc flu hosp,1,2026-10-17,17,quantile,0.3,70
2026-10-10,wk inc flu hosp,1,2026-10-17,17,quantile,0.35,74
2026-10-10,wk inc flu hosp,1,2026-10-17,17,quantile,0.4,77
2026-10-10,wk inc flu hosp,1,2026-10-17,17,quantile,0.45,81
2026-10-10,wk inc flu hosp,1,2026-10-17,17,quantile,0.5,85
2026-10-10,wk inc flu hosp,1,2026-10-17,17,quantile,0.55,89
2026-10-10,wk inc flu hosp,1,2026-10-17,17,quantile,0.6,93
2026-10-10,wk inc flu hosp,1,2026-10-17,17,quantile,0.65,98
2026-10-10,wk inc flu hosp,1,2026-10-17,17,quantile,0.7,104
2026-10-10,wk inc flu hosp,1,2026-10-17,17,quantile,0.75,111
2026-10-10,wk inc flu hosp,1,2026-10-17,17,quantile,0.8,119
2026-10-10,wk inc flu hosp,1,2026-10-17,17,quantile,0.85,132
2026-10-10,wk inc flu hosp,1,2026-10-17,17,quantile,0.9,150
2026-10-10,wk inc flu hosp,1,2026-10-17,17,quantile,0.95,178
2026-10-10,wk inc flu hosp,1,2026-10-17,17,quantile,0.975,209
2026-10-10,wk inc flu hosp,1,2026-10-17,17,quantile,0.99,252
2026-10-10,wk inc flu hosp,2,2026-10-24,17,quantile,0.01,36
2026-10-10,wk inc flu hosp,2,2026-10-24,17,quantile,0.025,42
2026-10-10,wk inc flu hosp,2,2026-10-24,17,quantile,0.05,47
2026-10-10,wk inc flu hosp,2,2026-10-24,17,quantile,0.1,54
2026-10-10,wk inc flu hosp,2,2026-10-24,17,quantile,0.15,60
2026-10-10,wk inc flu hosp,2,2026-10-24,17,quantile,0.2,65
2026-10-10,wk inc flu hosp,2,2026-10-24,17,quantile,0.25,70
2026-10-10,wk inc flu hosp,2,2026-10-24,17,quantile,0.3,75
2026-10-10,wk inc flu hosp,2,2026-10-24,17,quantile,0.35,81
2026-10-10,wk inc flu hosp,2,2026-10-24,17,quantile,0.4,86
2026-10-10,wk inc flu hosp,2,2026-10-24,17,quantile,0.45,91
2026-10-10,wk inc flu hosp,2,2026-10-24,17,quantile,0.5,95
2026-10-10,wk inc flu hosp,2,2026-10-24,17,quantile,0.55,101
2026-10-10,wk inc flu hosp,2,2026-10-24,17,quantile,0.6,107
2026-10-10,wk inc flu hosp,2,2026-10-24,17,quantile,0.65,114
2026-10-10,wk inc flu hosp,2,2026-10-24,17,quantile,0.7,122
2026-10-10,wk inc flu hosp,2,2026-10-24,17,quantile,0.75,132
2026-10-10,wk inc flu hosp,2,2026-10-24,17,quantile,0.8,144
2026-10-10,wk inc flu hosp,2,2026-10-24,17,quantile,0.85,162
2026-10-10,wk inc flu hosp,2,2026-10-24,17,quantile,0.9,187
2026-10-10,wk inc flu hosp,2,2026-10-24,17,quantile,0.95,229
2026-10-10,wk inc flu hosp,2,2026-10-24,17,quantile,0.975,273
2026-10-10,wk inc flu hosp,2,2026-10-24,17,quantile,0.99,339
2026-10-10,wk inc flu hosp,3,2026-10-31,17,quantile,0.01,33
2026-10-10,wk inc flu hosp,3,2026-10-31,17,quantile,0.025,39
2026-10-10,wk inc flu hosp,3,2026-10-31,17,quantile,0.05,44
2026-10-10,wk inc flu hosp,3,2026-10-31,17,quantile,0.1,53
2026-10-10,wk inc flu hosp,3,2026-10-31,17,quantile,0.15,60
2026-10-10,wk inc flu hosp,3,2026-10-31,17,quantile,0.2,66
2026-10-10,wk inc flu hosp,3,2026-10-31,17,quantile,0.25,73
2026-10-10,wk inc flu hosp,3,2026-10-31,17,quantile,0.3,79
2026-10-10,wk inc flu hosp,3,2026-10-31,17,quantile,0.35,86
2026-10-10,wk inc flu hosp,3,2026-10-31,17,quantile,0.4,93
2026-10-10,wk inc flu hosp,3,2026-10-31,17,quantile,0.45,99
2026-10-10,wk inc flu hosp,3,2026-10-31,17,quantile,0.5,107
2026-10-10,wk inc flu hosp,3,2026-10-31,17,quantile,0.55,115
2026-10-10,wk inc flu hosp,3,2026-10-31,17,quantile,0.6,123
2026-10-10,wk inc flu hosp,3,2026-10-31,17,quantile,0.65,132
2026-10-10,wk inc flu hosp,3,2026-10-31,17,quantile,0.7,143
2026-10-10,wk inc flu hosp,3,2026-10-31,17,quantile,0.75,156
2026-10-10,wk inc flu hosp,3,2026-10-31,17,quantile,0.8,172
2026-10-10,wk inc flu hosp,3,2026-10-31,17,quantile,0.85,197
2026-10-10,wk inc flu hosp,3,2026-10-31,17,quantile,0.9,231
2026-10-10,wk inc flu hosp,3,2026-10-31,17,quantile,0.95,296
2026-10-10,wk inc flu hosp,3,2026-10-31,17,quantile,0.975,364
2026-10-10,wk inc flu hosp,3,2026-10-31,17,quantile,0.99,462
2026-10-10,wk inc flu hosp,-1,2026-10-03,18,quantile,0.01,42
2026-10-10,wk inc flu hosp,-1,2026-10-03,18,quantile,0.025,45
2026-10-10,wk inc flu hosp,-1,2026-10-03,18,quantile,0.05,47
2026-10-10,wk inc flu hosp,-1,2026-10-03,18,quantile,0.1,50
2026-10-10,wk inc flu hosp,-1,2026-10-03,18,quantile,0.15,52
2026-10-10,wk inc flu hosp,-1,2026-10-03,18,quantile,0.2,54
2026-10-10,wk inc flu hosp,-1,2026-10-03,18,quantile,0.25,56
2026-10-10,wk inc flu hosp,-1,2026-10-03,18,quantile,0.3,57
2026-10-10,wk inc flu hosp,-1,2026-10-03,18,quantile,0.35,59
2026-10-10,wk inc flu hosp,-1,2026-10-03,18,quantile,0.4,60
2026-10-10,wk inc flu hosp,-1,2026-10-03,18,quantile,0.45,61
2026-10-10,wk inc flu hosp,-1,2026-10-03,18,quantile,0.5,63
2026-10-10,wk inc flu hosp,-1,2026-10-03,18,quantile,0.55,64
2026-10-10,wk inc flu hosp,-1,2026-10-03,18,quantile,0.6,65
2026-10-10,wk inc flu hosp,-1,2026-10-03,18,quantile,0.65,67
2026-10-10,wk inc flu hosp,-1,2026-10-03,18,quantile,0.7,68
2026-10-10,wk inc flu hosp,-1,2026-10-03,18,quantile,0.75,70
2026-10-10,wk inc flu hosp,-1,2026-10-03,18,quantile,0.8,72
2026-10-10,wk inc flu hosp,-1,2026-10-03,18,quantile,0.85,75
2026-10-10,wk inc flu hosp,-1,2026-10-03,18,quantile,0.9,78
2026-10-10,wk inc flu hosp,-1,2026-10-03,18,quantile,0.95,83
2026-10-10,wk inc flu hosp,-1,2026-10-03,18,quantile,0.975,88
2026-10-10,wk inc flu hosp,-1,2026-10-03,18,quantile,0.99,95
2026-10-10,wk inc flu hosp,0,2026-10-10,18,quantile,0.01,39
2026-10-10,wk inc flu hosp,0,2026-10-10,18,quantile,0.025,44
2026-10-10,wk inc flu hosp,0,2026-10-10,18,quantile,0.05,48
2026-10-10,wk inc flu hosp,0,2026-10-10,18,quantile,0.1,53
2026-10-10,wk inc flu hosp,0,2026-10-10,18,quantile,0.15,57
2026-10-10,wk inc flu hosp,0,2026-10-10,18,quantile,0.2,61
2026-10-10,wk inc flu hosp,0,2026-10-10,18,quantile,0.25,64
2026-10-10,wk inc flu hosp,0,2026-10-10,18,quantile,0.3,67
2026-10-10,wk inc flu hosp,0,2026-10-10,18,quantile,0.35,70
2026-10-10,wk inc flu hosp,0,2026-10-10,18,quantile,0.4,73
2026-10-10,wk inc flu hosp,0,2026-10-10,18,quantile,0.45,75
2026-10-10,wk inc flu hosp,0,2026-10-10,18,quantile,0.5,78
2026-10-10,wk inc flu hosp,0,2026-10-10,18,quantile,0.55,81
2026-10-10,wk inc flu hosp,0,2026-10-10,18,quantile,0.6,84
2026-10-10,wk inc flu hosp,0,2026-10-10,18,quantile,0.65,87
2026-10-10,wk inc flu hosp,0,2026-10-10,18,quantile,0.7,91
2026-10-10,wk inc flu hosp,0,2026-10-10,18,quantile,0.75,95
2026-10-10,wk inc flu hosp,0,2026-10-10,18,quantile,0.8,100
2026-10-10,wk inc flu hosp,0,2026-10-10,18,quantile,0.85,108
2026-10-10,wk inc flu hosp,0,2026-10-10,18,quantile,0.9,119
2026-10-10,wk inc flu hosp,0,2026-10-10,18,quantile,0.95,133
2026-10-10,wk inc flu hosp,0,2026-10-10,18,quantile,0.975,147
2026-10-10,wk inc flu hosp,0,2026-10-10,18,quantile,0.99,167
2026-10-10,wk inc flu hosp,1,2026-10-17,18,quantile,0.01,44
2026-10-10,wk inc flu hosp,1,2026-10-17,18,quantile,0.025,49
2026-10-10,wk inc flu hosp,1,2026-10-17,18,quantile,0.05,55
2026-10-10,wk inc flu hosp,1,2026-10-17,18,quantile,0.1,61
2026-10-10,wk inc flu hosp,1,2026-10-17,18,quantile,0.15,67
2026-10-10,wk inc flu hosp,1,2026-10-17,18,quantile,0.2,71
2026-10-10,wk inc flu hosp,1,2026-10-17,18,quantile,0.25,76
2026-10-10,wk inc flu hosp,1,2026-10-17,18,quantile,0.3,80
2026-10-10,wk inc flu hosp,1,2026-10-17,18,quantile,0.35,84
2026-10-10,wk inc flu hosp,1,2026-10-17,18,quantile,0.4,87
2026-10-10,wk inc flu hosp,1,2026-10-17,18,quantile,0.45,91
2026-10-10,wk inc flu hosp,1,2026-10-17,18,quantile,0.5,95
2026-10-10,wk inc flu hosp,1,2026-10-17,18,quantile,0.55,100
2026-10-10,wk inc flu hosp,1,2026-10-17,18,quantile,0.6,104
2026-10-10,wk inc flu hosp,1,2026-10-17,18,quantile,0.65,110
2026-10-10,wk inc flu hosp,1,2026-10-17,18,quantile,0.7,116
2026-10-10,wk inc flu hosp,1,2026-10-17,18,quantile,0.75,124
2026-10-10,wk inc flu hosp,1,2026-10-17,18,quantile,0.8,133
2026-10-10,wk inc flu hosp,1,2026-10-17,18,quantile,0.85,146
2026-10-10,wk inc flu hosp,1,2026-10-17,18,quantile,0.9,166
2026-10-10,wk inc flu hosp,1,2026-10-17,18,quantile,0.95,195
2026-10-10,wk inc flu hosp,1,2026-10-17,18,quantile,0.975,223
2026-10-10,wk inc flu hosp,1,2026-10-17,18,quantile,0.99,255
2026-10-10,wk inc flu hosp,2,2026-10-24,18,quantile,0.01,49
2026-10-10,wk inc flu hosp,2,2026-10-24,18,quantile,0.025,56
2026-10-10,wk inc flu hosp,2,2026-10-24,18,quantile,0.05,62
2026-10-10,wk inc flu hosp,2,2026-10-24,18,quantile,0.1,71
2026-10-10,wk inc flu hosp,2,2026-10-24,18,quantile,0.15,78
2026-10-10,wk inc flu hosp,2,2026-10-24,18,quantile,0.2,84
2026-10-10,wk inc flu hosp,2,2026-10-24,18,quantile,0.25,89
2026-10-10,wk inc flu hosp,2,2026-10-24,18,quantile,0.3,95
2026-10-10,wk inc flu hosp,2,2026-10-24,18,quantile,0.35,101
2026-10-10,wk inc flu hosp,2,2026-10-24,18,quantile,0.4,107
2026-10-10,wk inc flu hosp,2,2026-10-24,18,quantile,0.45,113
2026-10-10,wk inc flu hosp,2,2026-10-24,18,quantile,0.5,119
2026-10-10,wk inc flu hosp,2,2026-10-24,18,quantile,0.55,125
2026-10-10,wk inc flu hosp,2,2026-10-24,18,quantile,0.6,133
2026-10-10,wk inc flu hosp,2,2026-10-24,18,quantile,0.65,141
2026-10-10,wk inc flu hosp,2,2026-10-24,18,quantile,0.7,151
2026-10-10,wk inc flu hosp,2,2026-10-24,18,quantile,0.75,162
2026-10-10,wk inc flu hosp,2,2026-10-24,18,quantile,0.8,177
2026-10-10,wk inc flu hosp,2,2026-10-24,18,quantile,0.85,197
2026-10-10,wk inc flu hosp,2,2026-10-24,18,quantile,0.9,228
2026-10-10,wk inc flu hosp,2,2026-10-24,18,quantile,0.95,285
2026-10-10,wk inc flu hosp,2,2026-10-24,18,quantile,0.975,336
2026-10-10,wk inc flu hosp,2,2026-10-24,18,quantile,0.99,395
2026-10-10,wk inc flu hosp,3,2026-10-31,18,quantile,0.01,52
2026-10-10,wk inc flu hosp,3,2026-10-31,18,quantile,0.025,60
2026-10-10,wk inc flu hosp,3,2026-10-31,18,quantile,0.05,67
2026-10-10,wk inc flu hosp,3,2026-10-31,18,quantile,0.1,78
2026-10-10,wk inc flu hosp,3,2026-10-31,18,quantile,0.15,87
2026-10-10,wk inc flu hosp,3,2026-10-31,18,quantile,0.2,95
2026-10-10,wk inc flu hosp,3,2026-10-31,18,quantile,0.25,103
2026-10-10,wk inc flu hosp,3,2026-10-31,18,quantile,0.3,111
2026-10-10,wk inc flu hosp,3,2026-10-31,18,quantile,0.35,119
2026-10-10,wk inc flu hosp,3,2026-10-31,18,quantile,0.4,128
2026-10-10,wk inc flu hosp,3,2026-10-31,18,quantile,0.45,136
2026-10-10,wk inc flu hosp,3,2026-10-31,18,quantile,0.5,144
2026-10-10,wk inc flu hosp,3,2026-10-31,18,quantile,0.55,154
2026-10-10,wk inc flu hosp,3,2026-10-31,18,quantile,0.6,164
2026-10-10,wk inc flu hosp,3,2026-10-31,18,quantile,0.65,176
2026-10-10,wk inc flu hosp,3,2026-10-31,18,quantile,0.7,188
2026-10-10,wk inc flu hosp,3,2026-10-31,18,quantile,0.75,205
2026-10-10,wk inc flu hosp,3,2026-10-31,18,quantile,0.8,226
2026-10-10,wk inc flu hosp,3,2026-10-31,18,quantile,0.85,257
2026-10-10,wk inc flu hosp,3,2026-10-31,18,quantile,0.9,303
2026-10-10,wk inc flu hosp,3,2026-10-31,18,quantile,0.95,414
2026-10-10,wk inc flu hosp,3,2026-10-31,18,quantile,0.975,501
2026-10-10,wk inc flu hosp,3,2026-10-31,18,quantile,0.99,596
2026-10-10,wk inc flu hosp,-1,2026-10-03,19,quantile,0.01,10
2026-10-10,wk inc flu hosp,-1,2026-10-03,19,quantile,0.025,11
2026-10-10,wk inc flu hosp,-1,2026-10-03,19,quantile,0.05,12
2026-10-10,wk inc flu hosp,-1,2026-10-03,19,quantile,0.1,13
2026-10-10,wk inc flu hosp,-1,2026-10-03,19,quantile,0.15,13
2026-10-10,wk inc flu hosp,-1,2026-10-03,19,quantile,0.2,14
2026-10-10,wk inc flu hosp,-1,2026-10-03,19,quantile,0.25,14
2026-10-10,wk inc flu hosp,-1,2026-10-03,19,quantile,0.3,15
2026-10-10,wk inc flu hosp,-1,2026-10-03,19,quantile,0.35,15
2026-10-10,wk inc flu hosp,-1,2026-10-03,19,quantile,0.4,15
2026-10-10,wk inc flu hosp,-1,2026-10-03,19,quantile,0.45,16
2026-10-10,wk inc flu hosp,-1,2026-10-03,19,quantile,0.5,16
2026-10-10,wk inc flu hosp,-1,2026-10-03,19,quantile,0.55,16
2026-10-10,wk inc flu hosp,-1,2026-10-03,19,quantile,0.6,17
2026-10-10,wk inc flu hosp,-1,2026-10-03,19,quantile,0.65,17
2026-10-10,wk inc flu hosp,-1,2026-10-03,19,quantile,0.7,18
2026-10-10,wk inc flu hosp,-1,2026-10-03,19,quantile,0.75,18
2026-10-10,wk inc flu hosp,-1,2026-10-03,19,quantile,0.8,19
2026-10-10,wk inc flu hosp,-1,2026-10-03,19,quantile,0.85,19
2026-10-10,wk inc flu hosp,-1,2026-10-03,19,quantile,0.9,20
2026-10-10,wk inc flu hosp,-1,2026-10-03,19,quantile,0.95,22
2026-10-10,wk inc flu hosp,-1,2026-10-03,19,quantile,0.975,23
2026-10-10,wk inc flu hosp,-1,2026-10-03,19,quantile,0.99,25
2026-10-10,wk inc flu hosp,0,2026-10-10,19,quantile,0.01,7
2026-10-10,wk inc flu hosp,0,2026-10-10,19,quantile,0.025,8
2026-10-10,wk inc flu hosp,0,2026-10-10,19,quantile,0.05,9
2026-10-10,wk inc flu hosp,0,2026-10-10,19,quantile,0.1,10
2026-10-10,wk inc flu hosp,0,2026-10-10,19,quantile,0.15,12
2026-10-10,wk inc flu hosp,0,2026-10-10,19,quantile,0.2,13
2026-10-10,wk inc flu hosp,0,2026-10-10,19,quantile,0.25,14
2026-10-10,wk inc flu hosp,0,2026-10-10,19,quantile,0.3,15
2026-10-10,wk inc flu hosp,0,2026-10-10,19,quantile,0.35,16
2026-10-10,wk inc flu hosp,0,2026-10-10,19,quantile,0.4,17
2026-10-10,wk inc flu hosp,0,2026-10-10,19,quantile,0.45,18
2026-10-10,wk inc flu hosp,0,2026-10-10,19,quantile,0.5,18
2026-10-10,wk inc flu hosp,0,2026-10-10,19,quantile,0.55,19
2026-10-10,wk inc flu hosp,0,2026-10-10,19,quantile,0.6,20
2026-10-10,wk inc flu hosp,0,2026-10-10,19,quantile,0.65,21
2026-10-10,wk inc flu hosp,0,2026-10-10,19,quantile,0.7,22
2026-10-10,wk inc flu hosp,0,2026-10-10,19,quantile,0.75,23
2026-10-10,wk inc flu hosp,0,2026-10-10,19,quantile,0.8,25
2026-10-10,wk inc flu hosp,0,2026-10-10,19,quantile,0.85,27
2026-10-10,wk inc flu hosp,0,2026-10-10,19,quantile,0.9,30
2026-10-10,wk inc flu hosp,0,2026-10-10,19,quantile,0.95,35
2026-10-10,wk inc flu hosp,0,2026-10-10,19,quantile,0.975,40
2026-10-10,wk inc flu hosp,0,2026-10-10,19,quantile,0.99,47
2026-10-10,wk inc flu hosp,1,2026-10-17,19,quantile,0.01,7
2026-10-10,wk inc flu hosp,1,2026-10-17,19,quantile,0.025,8
2026-10-10,wk inc flu hosp,1,2026-10-17,19,quantile,0.05,9
2026-10-10,wk inc flu hosp,1,2026-10-17,19,quantile,0.1,11
2026-10-10,wk inc flu hosp,1,2026-10-17,19,quantile,0.15,13
2026-10-10,wk inc flu hosp,1,2026-10-17,19,quantile,0.2,14
2026-10-10,wk inc flu hosp,1,2026-10-17,19,quantile,0.25,15
2026-10-10,wk inc flu hosp,1,2026-10-17,19,quantile,0.3,16
2026-10-10,wk inc flu hosp,1,2026-10-17,19,quantile,0.35,18
2026-10-10,wk inc flu hosp,1,2026-10-17,19,quantile,0.4,19
2026-10-10,wk inc flu hosp,1,2026-10-17,19,quantile,0.45,20
2026-10-10,wk inc flu hosp,1,2026-10-17,19,quantile,0.5,21
2026-10-10,wk inc flu hosp,1,2026-10-17,19,quantile,0.55,22
2026-10-10,wk inc flu hosp,1,2026-10-17,19,quantile,0.6,23
2026-10-10,wk inc flu hosp,1,2026-10-17,19,quantile,0.65,24
2026-10-10,wk inc flu hosp,1,2026-10-17,19,quantile,0.7,26
2026-10-10,wk inc flu hosp,1,2026-10-17,19,quantile,0.75,28
2026-10-10,wk inc flu hosp,1,2026-10-17,19,quantile,0.8,30
2026-10-10,wk inc flu hosp,1,2026-10-17,19,quantile,0.85,34
2026-10-10,wk inc flu hosp,1,2026-10-17,19,quantile,0.9,39
2026-10-10,wk inc flu hosp,1,2026-10-17,19,quantile,0.95,48
2026-10-10,wk inc flu hosp,1,2026-10-17,19,quantile,0.975,58
2026-10-10,wk inc flu hosp,1,2026-10-17,19,quantile,0.99,71
2026-10-10,wk inc flu hosp,2,2026-10-24,19,quantile,0.01,8
2026-10-10,wk inc flu hosp,2,2026-10-24,19,quantile,0.025,10
2026-10-10,wk inc flu hosp,2,2026-10-24,19,quantile,0.05,11
2026-10-10,wk inc flu hosp,2,2026-10-24,19,quantile,0.1,13
2026-10-10,wk inc flu hosp,2,2026-10-24,19,quantile,0.15,15
2026-10-10,wk inc flu hosp,2,2026-10-24,19,quantile,0.2,17
2026-10-10,wk inc flu hosp,2,2026-10-24,19,quantile,0.25,18
2026-10-10,wk inc flu hosp,2,2026-10-24,19,quantile,0.3,20
2026-10-10,wk inc flu hosp,2,2026-10-24,19,quantile,0.35,21
2026-10-10,wk inc flu hosp,2,2026-10-24,19,quantile,0.4,23
2026-10-10,wk inc flu hosp,2,2026-10-24,19,quantile,0.45,24
2026-10-10,wk inc flu hosp,2,2026-10-24,19,quantile,0.5,25
2026-10-10,wk inc flu hosp,2,2026-10-24,19,quantile,0.55,27
2026-10-10,wk inc flu hosp,2,2026-10-24,19,quantile,0.6,28
2026-10-10,wk inc flu hosp,2,2026-10-24,19,quantile,0.65,30
2026-10-10,wk inc flu hosp,2,2026-10-24,19,quantile,0.7,33
2026-10-10,wk inc flu hosp,2,2026-10-24,19,quantile,0.75,36
2026-10-10,wk inc flu hosp,2,2026-10-24,19,quantile,0.8,40
2026-10-10,wk inc flu hosp,2,2026-10-24,19,quantile,0.85,45
2026-10-10,wk inc flu hosp,2,2026-10-24,19,quantile,0.9,53
2026-10-10,wk inc flu hosp,2,2026-10-24,19,quantile,0.95,67
2026-10-10,wk inc flu hosp,2,2026-10-24,19,quantile,0.975,84
2026-10-10,wk inc flu hosp,2,2026-10-24,19,quantile,0.99,106
2026-10-10,wk inc flu hosp,3,2026-10-31,19,quantile,0.01,9
2026-10-10,wk inc flu hosp,3,2026-10-31,19,quantile,0.025,10
2026-10-10,wk inc flu hosp,3,2026-10-31,19,quantile,0.05,12
2026-10-10,wk inc flu hosp,3,2026-10-31,19,quantile,0.1,15
2026-10-10,wk inc flu hosp,3,2026-10-31,19,quantile,0.15,17
2026-10-10,wk inc flu hosp,3,2026-10-31,19,quantile,0.2,19
2026-10-10,wk inc flu hosp,3,2026-10-31,19,quantile,0.25,22
2026-10-10,wk inc flu hosp,3,2026-10-31,19,quantile,0.3,24
2026-10-10,wk inc flu hosp,3,2026-10-31,19,quantile,0.35,25
2026-10-10,wk inc flu hosp,3,2026-10-31,19,quantile,0.4,27
2026-10-10,wk inc flu hosp,3,2026-10-31,19,quantile,0.45,29
2026-10-10,wk inc flu hosp,3,2026-10-31,19,quantile,0.5,31
2026-10-10,wk inc flu hosp,3,2026-10-31,19,quantile,0.55,33
2026-10-10,wk inc flu hosp,3,2026-10-31,19,quantile,0.6,36
2026-10-10,wk inc flu hosp,3,2026-10-31,19,quantile,0.65,38
2026-10-10,wk inc flu hosp,3,2026-10-31,19,quantile,0.7,42
2026-10-10,wk inc flu hosp,3,2026-10-31,19,quantile,0.75,46
2026-10-10,wk inc flu hosp,3,2026-10-31,19,quantile,0.8,51
2026-10-10,wk inc flu hosp,3,2026-10-31,19,quantile,0.85,59
2026-10-10,wk inc flu hosp,3,2026-10-31,19,quantile,0.9,70
2026-10-10,wk inc flu hosp,3,2026-10-31,19,quantile,0.95,92
2026-10-10,wk inc flu hosp,3,2026-10-31,19,quantile,0.975,122
2026-10-10,wk inc flu hosp,3,2026-10-31,19,quantile,0.99,161
2026-10-10,wk inc flu hosp,-1,2026-10-03,20,quantile,0.01,8
2026-10-10,wk inc flu hosp,-1,2026-10-03,20,quantile,0.025,9
2026-10-10,wk inc flu hosp,-1,2026-10-03,20,quantile,0.05,9
2026-10-10,wk inc flu hosp,-1,2026-10-03,20,quantile,0.1,10
2026-10-10,wk inc flu hosp,-1,2026-10-03,20,quantile,0.15,10
2026-10-10,wk inc flu hosp,-1,2026-10-03,20,quantile,0.2,11
2026-10-10,wk inc flu hosp,-1,2026-10-03,20,quantile,0.25,11
2026-10-10,wk inc flu hosp,-1,2026-10-03,20,quantile,0.3,11
2026-10-10,wk inc flu hosp,-1,2026-10-03,20,quantile,0.35,12
2026-10-10,wk inc flu hosp,-1,2026-10-03,20,quantile,0.4,12
2026-10-10,wk inc flu hosp,-1,2026-10-03,20,quantile,0.45,12
2026-10-10,wk inc flu hosp,-1,2026-10-03,20,quantile,0.5,13
2026-10-10,wk inc flu hosp,-1,2026-10-03,20,quantile,0.55,13
2026-10-10,wk inc flu hosp,-1,2026-10-03,20,quantile,0.6,13
2026-10-10,wk inc flu hosp,-1,2026-10-03,20,quantile,0.65,14
2026-10-10,wk inc flu hosp,-1,2026-10-03,20,quantile,0.7,14
2026-10-10,wk inc flu hosp,-1,2026-10-03,20,quantile,0.75,15
2026-10-10,wk inc flu hosp,-1,2026-10-03,20,quantile,0.8,15
2026-10-10,wk inc flu hosp,-1,2026-10-03,20,quantile,0.85,16
2026-10-10,wk inc flu hosp,-1,2026-10-03,20,quantile,0.9,16
2026-10-10,wk inc flu hosp,-1,2026-10-03,20,quantile,0.95,18
2026-10-10,wk inc flu hosp,-1,2026-10-03,20,quantile,0.975,19
2026-10-10,wk inc flu hosp,-1,2026-10-03,20,quantile,0.99,21
2026-10-10,wk inc flu hosp,0,2026-10-10,20,quantile,0.01,6
2026-10-10,wk inc flu hosp,0,2026-10-10,20,quantile,0.025,7
2026-10-10,wk inc flu hosp,0,2026-10-10,20,quantile,0.05,8
2026-10-10,wk inc flu hosp,0,2026-10-10,20,quantile,0.1,9
2026-10-10,wk inc flu hosp,0,2026-10-10,20,quantile,0.15,10
2026-10-10,wk inc flu hosp,0,2026-10-10,20,quantile,0.2,11
2026-10-10,wk inc flu hosp,0,2026-10-10,20,quantile,0.25,12
2026-10-10,wk inc flu hosp,0,2026-10-10,20,quantile,0.3,13
2026-10-10,wk inc flu hosp,0,2026-10-10,20,quantile,0.35,13
2026-10-10,wk inc flu hosp,0,2026-10-10,20,quantile,0.4,14
2026-10-10,wk inc flu hosp,0,2026-10-10,20,quantile,0.45,14
2026-10-10,wk inc flu hosp,0,2026-10-10,20,quantile,0.5,15
2026-10-10,wk inc flu hosp,0,2026-10-10,20,quantile,0.55,15
2026-10-10,wk inc flu hosp,0,2026-10-10,20,quantile,0.6,16
2026-10-10,wk inc flu hosp,0,2026-10-10,20,quantile,0.65,17
2026-10-10,wk inc flu hosp,0,2026-10-10,20,quantile,0.7,18
2026-10-10,wk inc flu hosp,0,2026-10-10,20,quantile,0.75,19
2026-10-10,wk inc flu hosp,0,2026-10-10,20,quantile,0.8,20
2026-10-10,wk inc flu hosp,0,2026-10-10,20,quantile,0.85,21
2026-10-10,wk inc flu hosp,0,2026-10-10,20,quantile,0.9,24
2026-10-10,wk inc flu hosp,0,2026-10-10,20,quantile,0.95,27
2026-10-10,wk inc flu hosp,0,2026-10-10,20,quantile,0.975,30
2026-10-10,wk inc flu hosp,0,2026-10-10,20,quantile,0.99,35
2026-10-10,wk inc flu hosp,1,2026-10-17,20,quantile,0.01,7
2026-10-10,wk inc flu hosp,1,2026-10-17,20,quantile,0.025,9
2026-10-10,wk inc flu hosp,1,2026-10-17,20,quantile,0.05,10
2026-10-10,wk inc flu hosp,1,2026-10-17,20,quantile,0.1,11
2026-10-10,wk inc flu hosp,1,2026-10-17,20,quantile,0.15,12
2026-10-10,wk inc flu hosp,1,2026-10-17,20,quantile,0.2,14
2026-10-10,wk inc flu hosp,1,2026-10-17,20,quantile,0.25,15
2026-10-10,wk inc flu hosp,1,2026-10-17,20,quantile,0.3,16
2026-10-10,wk inc flu hosp,1,2026-10-17,20,quantile,0.35,16
2026-10-10,wk inc flu hosp,1,2026-10-17,20,quantile,0.4,17
2026-10-10,wk inc flu hosp,1,2026-10-17,20,quantile,0.45,18
2026-10-10,wk inc flu hosp,1,2026-10-17,20,quantile,0.5,19
2026-10-10,wk inc flu hosp,1,2026-10-17,20,quantile,0.55,20
2026-10-10,wk inc flu hosp,1,2026-10-17,20,quantile,0.6,21
2026-10-10,wk inc flu hosp,1,2026-10-17,20,quantile,0.65,22
2026-10-10,wk inc flu hosp,1,2026-10-17,20,quantile,0.7,23
2026-10-10,wk inc flu hosp,1,2026-10-17,20,quantile,0.75,25
2026-10-10,wk inc flu hosp,1,2026-10-17,20,quantile,0.8,28
2026-10-10,wk inc flu hosp,1,2026-10-17,20,quantile,0.85,31
2026-10-10,wk inc flu hosp,1,2026-10-17,20,quantile,0.9,35
2026-10-10,wk inc flu hosp,1,2026-10-17,20,quantile,0.95,42
2026-10-10,wk inc flu hosp,1,2026-10-17,20,quantile,0.975,48
2026-10-10,wk inc flu hosp,1,2026-10-17,20,quantile,0.99,56
2026-10-10,wk inc flu hosp,2,2026-10-24,20,quantile,0.01,9
2026-10-10,wk inc flu hosp,2,2026-10-24,20,quantile,0.025,10
2026-10-10,wk inc flu hosp,2,2026-10-24,20,quantile,0.05,12
2026-10-10,wk inc flu hosp,2,2026-10-24,20,quantile,0.1,14
2026-10-10,wk inc flu hosp,2,2026-10-24,20,quantile,0.15,15
2026-10-10,wk inc flu hosp,2,2026-10-24,20,quantile,0.2,17
2026-10-10,wk inc flu hosp,2,2026-10-24,20,quantile,0.25,18
2026-10-10,wk inc flu hosp,2,2026-10-24,20,quantile,0.3,20
2026-10-10,wk inc flu hosp,2,2026-10-24,20,quantile,0.35,21
2026-10-10,wk inc flu hosp,2,2026-10-24,20,quantile,0.4,22
2026-10-10,wk inc flu hosp,2,2026-10-24,20,quantile,0.45,24
2026-10-10,wk inc flu hosp,2,2026-10-24,20,quantile,0.5,25
2026-10-10,wk inc flu hosp,2,2026-10-24,20,quantile,0.55,26
2026-10-10,wk inc flu hosp,2,2026-10-24,20,quantile,0.6,28
2026-10-10,wk inc flu hosp,2,2026-10-24,20,quantile,0.65,30
2026-10-10,wk inc flu hosp,2,2026-10-24,20,quantile,0.7,32
2026-10-10,wk inc flu hosp,2,2026-10-24,20,quantile,0.75,35
2026-10-10,wk inc flu hosp,2,2026-10-24,20,quantile,0.8,40
2026-10-10,wk inc flu hosp,2,2026-10-24,20,quantile,0.85,45
2026-10-10,wk inc flu hosp,2,2026-10-24,20,quantile,0.9,54
2026-10-10,wk inc flu hosp,2,2026-10-24,20,quantile,0.95,65
2026-10-10,wk inc flu hosp,2,2026-10-24,20,quantile,0.975,76
2026-10-10,wk inc flu hosp,2,2026-10-24,20,quantile,0.99,89
2026-10-10,wk inc flu hosp,3,2026-10-31,20,quantile,0.01,9
2026-10-10,wk inc flu hosp,3,2026-10-31,20,quantile,0.025,11
2026-10-10,wk inc flu hosp,3,2026-10-31,20,quantile,0.05,13
2026-10-10,wk inc flu hosp,3,2026-10-31,20,quantile,0.1,16
2026-10-10,wk inc flu hosp,3,2026-10-31,20,quantile,0.15,18
2026-10-10,wk inc flu hosp,3,2026-10-31,20,quantile,0.2,20
2026-10-10,wk inc flu hosp,3,2026-10-31,20,quantile,0.25,22
2026-10-10,wk inc flu hosp,3,2026-10-31,20,quantile,0.3,24
2026-10-10,wk inc flu hosp,3,2026-10-31,20,quantile,0.35,26
2026-10-10,wk inc flu hosp,3,2026-10-31,20,quantile,0.4,28
2026-10-10,wk inc flu hosp,3,2026-10-31,20,quantile,0.45,30
2026-10-10,wk inc flu hosp,3,2026-10-31,20,quantile,0.5,32
2026-10-10,wk inc flu hosp,3,2026-10-31,20,quantile,0.55,34
2026-10-10,wk inc flu hosp,3,2026-10-31,20,quantile,0.6,37
2026-10-10,wk inc flu hosp,3,2026-10-31,20,quantile,0.65,40
2026-10-10,wk inc flu hosp,3,2026-10-31,20,quantile,0.7,44
2026-10-10,wk inc flu hosp,3,2026-10-31,20,quantile,0.75,49
2026-10-10,wk inc flu hosp,3,2026-10-31,20,quantile,0.8,55
2026-10-10,wk inc flu hosp,3,2026-10-31,20,quantile,0.85,64
2026-10-10,wk inc flu hosp,3,2026-10-31,20,quantile,0.9,77
2026-10-10,wk inc flu hosp,3,2026-10-31,20,quantile,0.95,97
2026-10-10,wk inc flu hosp,3,2026-10-31,20,quantile,0.975,114
2026-10-10,wk inc flu hosp,3,2026-10-31,20,quantile,0.99,136
2026-10-10,wk inc flu hosp,-1,2026-10-03,21,quantile,0.01,29
2026-10-10,wk inc flu hosp,-1,2026-10-03,21,quantile,0.025,32
2026-10-10,wk inc flu hosp,-1,2026-10-03,21,quantile,0.05,34
2026-10-10,wk inc flu hosp,-1,2026-10-03,21,quantile,0.1,36
2026-10-10,wk inc flu hosp,-1,2026-10-03,21,quantile,0.15,38
2026-10-10,wk inc flu hosp,-1,2026-10-03,21,quantile,0.2,40
2026-10-10,wk inc flu hosp,-1,2026-10-03,21,quantile,0.25,41
2026-10-10,wk inc flu hosp,-1,2026-10-03,21,quantile,0.3,43
2026-10-10,wk inc flu hosp,-1,2026-10-03,21,quantile,0.35,44
2026-10-10,wk inc flu hosp,-1,2026-10-03,21,quantile,0.4,45
2026-10-10,wk inc flu hosp,-1,2026-10-03,21,quantile,0.45,47
2026-10-10,wk inc flu hosp,-1,2026-10-03,21,quantile,0.5,48
2026-10-10,wk inc flu hosp,-1,2026-10-03,21,quantile,0.55,49
2026-10-10,wk inc flu hosp,-1,2026-10-03,21,quantile,0.6,51
2026-10-10,wk inc flu hosp,-1,2026-10-03,21,quantile,0.65,52
2026-10-10,wk inc flu hosp,-1,2026-10-03,21,quantile,0.7,54
2026-10-10,wk inc flu hosp,-1,2026-10-03,21,quantile,0.75,56
2026-10-10,wk inc flu hosp,-1,2026-10-03,21,quantile,0.8,58
2026-10-10,wk inc flu hosp,-1,2026-10-03,21,quantile,0.85,60
2026-10-10,wk inc flu hosp,-1,2026-10-03,21,quantile,0.9,64
2026-10-10,wk inc flu hosp,-1,2026-10-03,21,quantile,0.95,70
2026-10-10,wk inc flu hosp,-1,2026-10-03,21,quantile,0.975,76
2026-10-10,wk inc flu hosp,-1,2026-10-03,21,quantile,0.99,83
2026-10-10,wk inc flu hosp,0,2026-10-10,21,quantile,0.01,27
2026-10-10,wk inc flu hosp,0,2026-10-10,21,quantile,0.025,30
2026-10-10,wk inc flu hosp,0,2026-10-10,21,quantile,0.05,34
2026-10-10,wk inc flu hosp,0,2026-10-10,21,quantile,0.1,39
2026-10-10,wk inc flu hosp,0,2026-10-10,21,quantile,0.15,43
2026-10-10,wk inc flu hosp,0,2026-10-10,21,quantile,0.2,47
2026-10-10,wk inc flu hosp,0,2026-10-10,21,quantile,0.25,50
2026-10-10,wk inc flu hosp,0,2026-10-10,21,quantile,0.3,52
2026-10-10,wk inc flu hosp,0,2026-10-10,21,quantile,0.35,55
2026-10-10,wk inc flu hosp,0,2026-10-10,21,quantile,0.4,57
2026-10-10,wk inc flu hosp,0,2026-10-10,21,quantile,0.45,60
2026-10-10,wk inc flu hosp,0,2026-10-10,21,quantile,0.5,62
2026-10-10,wk inc flu hosp,0,2026-10-10,21,quantile,0.55,65
2026-10-10,wk inc flu hosp,0,2026-10-10,21,quantile,0.6,68
2026-10-10,wk inc flu hosp,0,2026-10-10,21,quantile,0.65,71
2026-10-10,wk inc flu hosp,0,2026-10-10,21,quantile,0.7,74
2026-10-10,wk inc flu hosp,0,2026-10-10,21,quantile,0.75,78
2026-10-10,wk inc flu hosp,0,2026-10-10,21,quantile,0.8,83
2026-10-10,wk inc flu hosp,0,2026-10-10,21,quantile,0.85,90
2026-10-10,wk inc flu hosp,0,2026-10-10,21,quantile,0.9,99
2026-10-10,wk inc flu hosp,0,2026-10-10,21,quantile,0.95,113
2026-10-10,wk inc flu hosp,0,2026-10-10,21,quantile,0.975,127
2026-10-10,wk inc flu hosp,0,2026-10-10,21,quantile,0.99,146
2026-10-10,wk inc flu hosp,1,2026-10-17,21,quantile,0.01,31
2026-10-10,wk inc flu hosp,1,2026-10-17,21,quantile,0.025,36
2026-10-10,wk inc flu hosp,1,2026-10-17,21,quantile,0.05,40
2026-10-10,wk inc flu hosp,1,2026-10-17,21,quantile,0.1,47
2026-10-10,wk inc flu hosp,1,2026-10-17,21,quantile,0.15,52
2026-10-10,wk inc flu hosp,1,2026-10-17,21,quantile,0.2,56
2026-10-10,wk inc flu hosp,1,2026-10-17,21,quantile,0.25,61
2026-10-10,wk inc flu hosp,1,2026-10-17,21,quantile,0.3,64
2026-10-10,wk inc flu hosp,1,2026-10-17,21,quantile,0.35,68
2026-10-10,wk inc flu hosp,1,2026-10-17,21,quantile,0.4,72
2026-10-10,wk inc flu hosp,1,2026-10-17,21,quantile,0.45,75
2026-10-10,wk inc flu hosp,1,2026-10-17,21,quantile,0.5,79
2026-10-10,wk inc flu hosp,1,2026-10-17,21,quantile,0.55,83
2026-10-10,wk inc flu hosp,1,2026-10-17,21,quantile,0.6,87
2026-10-10,wk inc flu hosp,1,2026-10-17,21,quantile,0.65,92
2026-10-10,wk inc flu hosp,1,2026-10-17,21,quantile,0.7,98
2026-10-10,wk inc flu hosp,1,2026-10-17,21,quantile,0.75,104
2026-10-10,wk inc flu hosp,1,2026-10-17,21,quantile,0.8,113
2026-10-10,wk inc flu hosp,1,2026-10-17,21,quantile,0.85,124
2026-10-10,wk inc flu hosp,1,2026-10-17,21,quantile,0.9,138
2026-10-10,wk inc flu hosp,1,2026-10-17,21,quantile,0.95,161
2026-10-10,wk inc flu hosp,1,2026-10-17,21,quantile,0.975,182
2026-10-10,wk inc flu hosp,1,2026-10-17,21,quantile,0.99,213
2026-10-10,wk inc flu hosp,2,2026-10-24,21,quantile,0.01,36
2026-10-10,wk inc flu hosp,2,2026-10-24,21,quantile,0.025,42
2026-10-10,wk inc flu hosp,2,2026-10-24,21,quantile,0.05,49
2026-10-10,wk inc flu hosp,2,2026-10-24,21,quantile,0.1,57
2026-10-10,wk inc flu hosp,2,2026-10-24,21,quantile,0.15,64
2026-10-10,wk inc flu hosp,2,2026-10-24,21,quantile,0.2,70
2026-10-10,wk inc flu hosp,2,2026-10-24,21,quantile,0.25,76
2026-10-10,wk inc flu hosp,2,2026-10-24,21,quantile,0.3,82
2026-10-10,wk inc flu hosp,2,2026-10-24,21,quantile,0.35,87
2026-10-10,wk inc flu hosp,2,2026-10-24,21,quantile,0.4,93
2026-10-10,wk inc flu hosp,2,2026-10-24,21,quantile,0.45,99
2026-10-10,wk inc flu hosp,2,2026-10-24,21,quantile,0.5,105
2026-10-10,wk inc flu hosp,2,2026-10-24,21,quantile,0.55,111
2026-10-10,wk inc flu hosp,2,2026-10-24,21,quantile,0.6,118
2026-10-10,wk inc flu hosp,2,2026-10-24,21,quantile,0.65,126
2026-10-10,wk inc flu hosp,2,2026-10-24,21,quantile,0.7,135
2026-10-10,wk inc flu hosp,2,2026-10-24,21,quantile,0.75,145
2026-10-10,wk inc flu hosp,2,2026-10-24,21,quantile,0.8,158
2026-10-10,wk inc flu hosp,2,2026-10-24,21,quantile,0.85,175
2026-10-10,wk inc flu hosp,2,2026-10-24,21,quantile,0.9,199
2026-10-10,wk inc flu hosp,2,2026-10-24,21,quantile,0.95,237
2026-10-10,wk inc flu hosp,2,2026-10-24,21,quantile,0.975,277
2026-10-10,wk inc flu hosp,2,2026-10-24,21,quantile,0.99,325
2026-10-10,wk inc flu hosp,3,2026-10-31,21,quantile,0.01,41
2026-10-10,wk inc flu hosp,3,2026-10-31,21,quantile,0.025,48
2026-10-10,wk inc flu hosp,3,2026-10-31,21,quantile,0.05,56
2026-10-10,wk inc flu hosp,3,2026-10-31,21,quantile,0.1,67
2026-10-10,wk inc flu hosp,3,2026-10-31,21,quantile,0.15,76
2026-10-10,wk inc flu hosp,3,2026-10-31,21,quantile,0.2,83
2026-10-10,wk inc flu hosp,3,2026-10-31,21,quantile,0.25,91
2026-10-10,wk inc flu hosp,3,2026-10-31,21,quantile,0.3,99
2026-10-10,wk inc flu hosp,3,2026-10-31,21,quantile,0.35,106
2026-10-10,wk inc flu hosp,3,2026-10-31,21,quantile,0.4,114
2026-10-10,wk inc flu hosp,3,2026-10-31,21,quantile,0.45,121
2026-10-10,wk inc flu hosp,3,2026-10-31,21,quantile,0.5,130
2026-10-10,wk inc flu hosp,3,2026-10-31,21,quantile,0.55,139
2026-10-10,wk inc flu hosp,3,2026-10-31,21,quantile,0.6,149
2026-10-10,wk inc flu hosp,3,2026-10-31,21,quantile,0.65,160
2026-10-10,wk inc flu hosp,3,2026-10-31,21,quantile,0.7,173
2026-10-10,wk inc flu hosp,3,2026-10-31,21,quantile,0.75,188
2026-10-10,wk inc flu hosp,3,2026-10-31,21,quantile,0.8,206
2026-10-10,wk inc flu hosp,3,2026-10-31,21,quantile,0.85,232
2026-10-10,wk inc flu hosp,3,2026-10-31,21,quantile,0.9,268
2026-10-10,wk inc flu hosp,3,2026-10-31,21,quantile,0.95,332
2026-10-10,wk inc flu hosp,3,2026-10-31,21,quantile,0.975,398
2026-10-10,wk inc flu hosp,3,2026-10-31,21,quantile,0.99,481
2026-10-10,wk inc flu hosp,-1,2026-10-03,22,quantile,0.01,73
2026-10-10,wk inc flu hosp,-1,2026-10-03,22,quantile,0.025,78
2026-10-10,wk inc flu hosp,-1,2026-10-03,22,quantile,0.05,82
2026-10-10,wk inc flu hosp,-1,2026-10-03,22,quantile,0.1,88
2026-10-10,wk inc flu hosp,-1,2026-10-03,22,quantile,0.15,91
2026-10-10,wk inc flu hosp,-1,2026-10-03,22,quantile,0.2,94
2026-10-10,wk inc flu hosp,-1,2026-10-03,22,quantile,0.25,97
2026-10-10,wk inc flu hosp,-1,2026-10-03,22,quantile,0.3,99
2026-10-10,wk inc flu hosp,-1,2026-10-03,22,quantile,0.35,102
2026-10-10,wk inc flu hosp,-1,2026-10-03,22,quantile,0.4,104
2026-10-10,wk inc flu hosp,-1,2026-10-03,22,quantile,0.45,106
2026-10-10,wk inc flu hosp,-1,2026-10-03,22,quantile,0.5,109
2026-10-10,wk inc flu hosp,-1,2026-10-03,22,quantile,0.55,111
2026-10-10,wk inc flu hosp,-1,2026-10-03,22,quantile,0.6,113
2026-10-10,wk inc flu hosp,-1,2026-10-03,22,quantile,0.65,116
2026-10-10,wk inc flu hosp,-1,2026-10-03,22,quantile,0.7,118
2026-10-10,wk inc flu hosp,-1,2026-10-03,22,quantile,0.75,121
2026-10-10,wk inc flu hosp,-1,2026-10-03,22,quantile,0.8,125
2026-10-10,wk inc flu hosp,-1,2026-10-03,22,quantile,0.85,129
2026-10-10,wk inc flu hosp,-1,2026-10-03,22,quantile,0.9,135
2026-10-10,wk inc flu hosp,-1,2026-10-03,22,quantile,0.95,144
2026-10-10,wk inc flu hosp,-1,2026-10-03,22,quantile,0.975,153
2026-10-10,wk inc flu hosp,-1,2026-10-03,22,quantile,0.99,162
2026-10-10,wk inc flu hosp,0,2026-10-10,22,quantile,0.01,69
2026-10-10,wk inc flu hosp,0,2026-10-10,22,quantile,0.025,77
2026-10-10,wk inc flu hosp,0,2026-10-10,22,quantile,0.05,85
2026-10-10,wk inc flu hosp,0,2026-10-10,22,quantile,0.1,95
2026-10-10,wk inc flu hosp,0,2026-10-10,22,quantile,0.15,103
2026-10-10,wk inc flu hosp,0,2026-10-10,22,quantile,0.2,110
2026-10-10,wk inc flu hosp,0,2026-10-10,22,quantile,0.25,116
2026-10-10,wk inc flu hosp,0,2026-10-10,22,quantile,0.3,122
2026-10-10,wk inc flu hosp,0,2026-10-10,22,quantile,0.35,127
2026-10-10,wk inc flu hosp,0,2026-10-10,22,quantile,0.4,132
2026-10-10,wk inc flu hosp,0,2026-10-10,22,quantile,0.45,137
2026-10-10,wk inc flu hosp,0,2026-10-10,22,quantile,0.5,142
2026-10-10,wk inc flu hosp,0,2026-10-10,22,quantile,0.55,147
2026-10-10,wk inc flu hosp,0,2026-10-10,22,quantile,0.6,153
2026-10-10,wk inc flu hosp,0,2026-10-10,22,quantile,0.65,159
2026-10-10,wk inc flu hosp,0,2026-10-10,22,quantile,0.7,167
2026-10-10,wk inc flu hosp,0,2026-10-10,22,quantile,0.75,175
2026-10-10,wk inc flu hosp,0,2026-10-10,22,quantile,0.8,185
2026-10-10,wk inc flu hosp,0,2026-10-10,22,quantile,0.85,200
2026-10-10,wk inc flu hosp,0,2026-10-10,22,quantile,0.9,219
2026-10-10,wk inc flu hosp,0,2026-10-10,22,quantile,0.95,248
2026-10-10,wk inc flu hosp,0,2026-10-10,22,quantile,0.975,277
2026-10-10,wk inc flu hosp,0,2026-10-10,22,quantile,0.99,314
2026-10-10,wk inc flu hosp,1,2026-10-17,22,quantile,0.01,83
2026-10-10,wk inc flu hosp,1,2026-10-17,22,quantile,0.025,94
2026-10-10,wk inc flu hosp,1,2026-10-17,22,quantile,0.05,104
2026-10-10,wk inc flu hosp,1,2026-10-17,22,quantile,0.1,118
2026-10-10,wk inc flu hosp,1,2026-10-17,22,quantile,0.15,129
2026-10-10,wk inc flu hosp,1,2026-10-17,22,quantile,0.2,139
2026-10-10,wk inc flu hosp,1,2026-10-17,22,quantile,0.25,148
2026-10-10,wk inc flu hosp,1,2026-10-17,22,quantile,0.3,156
2026-10-10,wk inc flu hosp,1,2026-10-17,22,quantile,0.35,164
2026-10-10,wk inc flu hosp,1,2026-10-17,22,quantile,0.4,172
2026-10-10,wk inc flu hosp,1,2026-10-17,22,quantile,0.45,180
2026-10-10,wk inc flu hosp,1,2026-10-17,22,quantile,0.5,188
2026-10-10,wk inc flu hosp,1,2026-10-17,22,quantile,0.55,197
2026-10-10,wk inc flu hosp,1,2026-10-17,22,quantile,0.6,207
2026-10-10,wk inc flu hosp,1,2026-10-17,22,quantile,0.65,219
2026-10-10,wk inc flu hosp,1,2026-10-17,22,quantile,0.7,233
2026-10-10,wk inc flu hosp,1,2026-10-17,22,quantile,0.75,250
2026-10-10,wk inc flu hosp,1,2026-10-17,22,quantile,0.8,270
2026-10-10,wk inc flu hosp,1,2026-10-17,22,quantile,0.85,296
2026-10-10,wk inc flu hosp,1,2026-10-17,22,quantile,0.9,330
2026-10-10,wk inc flu hosp,1,2026-10-17,22,quantile,0.95,389
2026-10-10,wk inc flu hosp,1,2026-10-17,22,quantile,0.975,447
2026-10-10,wk inc flu hosp,1,2026-10-17,22,quantile,0.99,526
2026-10-10,wk inc flu hosp,2,2026-10-24,22,quantile,0.01,92
2026-10-10,wk inc flu hosp,2,2026-10-24,22,quantile,0.025,104
2026-10-10,wk inc flu hosp,2,2026-10-24,22,quantile,0.05,118
2026-10-10,wk inc flu hosp,2,2026-10-24,22,quantile,0.1,136
2026-10-10,wk inc flu hosp,2,2026-10-24,22,quantile,0.15,153
2026-10-10,wk inc flu hosp,2,2026-10-24,22,quantile,0.2,167
2026-10-10,wk inc flu hosp,2,2026-10-24,22,quantile,0.25,179
2026-10-10,wk inc flu hosp,2,2026-10-24,22,quantile,0.3,191
2026-10-10,wk inc flu hosp,2,2026-10-24,22,quantile,0.35,203
2026-10-10,wk inc flu hosp,2,2026-10-24,22,quantile,0.4,215
2026-10-10,wk inc flu hosp,2,2026-10-24,22,quantile,0.45,227
2026-10-10,wk inc flu hosp,2,2026-10-24,22,quantile,0.5,240
2026-10-10,wk inc flu hosp,2,2026-10-24,22,quantile,0.55,254
2026-10-10,wk inc flu hosp,2,2026-10-24,22,quantile,0.6,270
2026-10-10,wk inc flu hosp,2,2026-10-24,22,quantile,0.65,288
2026-10-10,wk inc flu hosp,2,2026-10-24,22,quantile,0.7,310
2026-10-10,wk inc flu hosp,2,2026-10-24,22,quantile,0.75,336
2026-10-10,wk inc flu hosp,2,2026-10-24,22,quantile,0.8,367
2026-10-10,wk inc flu hosp,2,2026-10-24,22,quantile,0.85,409
2026-10-10,wk inc flu hosp,2,2026-10-24,22,quantile,0.9,469
2026-10-10,wk inc flu hosp,2,2026-10-24,22,quantile,0.95,575
2026-10-10,wk inc flu hosp,2,2026-10-24,22,quantile,0.975,684
2026-10-10,wk inc flu hosp,2,2026-10-24,22,quantile,0.99,826
2026-10-10,wk inc flu hosp,3,2026-10-31,22,quantile,0.01,78
2026-10-10,wk inc flu hosp,3,2026-10-31,22,quantile,0.025,94
2026-10-10,wk inc flu hosp,3,2026-10-31,22,quantile,0.05,116
2026-10-10,wk inc flu hosp,3,2026-10-31,22,quantile,0.1,145
2026-10-10,wk inc flu hosp,3,2026-10-31,22,quantile,0.15,167
2026-10-10,wk inc flu hosp,3,2026-10-31,22,quantile,0.2,186
2026-10-10,wk inc flu hosp,3,2026-10-31,22,quantile,0.25,203
2026-10-10,wk inc flu hosp,3,2026-10-31,22,quantile,0.3,218
2026-10-10,wk inc flu hosp,3,2026-10-31,22,quantile,0.35,234
2026-10-10,wk inc flu hosp,3,2026-10-31,22,quantile,0.4,250
2026-10-10,wk inc flu hosp,3,2026-10-31,22,quantile,0.45,266
2026-10-10,wk inc flu hosp,3,2026-10-31,22,quantile,0.5,283
2026-10-10,wk inc flu hosp,3,2026-10-31,22,quantile,0.55,301
2026-10-10,wk inc flu hosp,3,2026-10-31,22,quantile,0.6,321
2026-10-10,wk inc flu hosp,3,2026-10-31,22,quantile,0.65,346
2026-10-10,wk inc flu hosp,3,2026-10-31,22,quantile,0.7,376
2026-10-10,wk inc flu hosp,3,2026-10-31,22,quantile,0.75,412
2026-10-10,wk inc flu hosp,3,2026-10-31,22,quantile,0.8,455
2026-10-10,wk inc flu hosp,3,2026-10-31,22,quantile,0.85,512
2026-10-10,wk inc flu hosp,3,2026-10-31,22,quantile,0.9,592
2026-10-10,wk inc flu hosp,3,2026-10-31,22,quantile,0.95,748
2026-10-10,wk inc flu hosp,3,2026-10-31,22,quantile,0.975,906
2026-10-10,wk inc flu hosp,3,2026-10-31,22,quantile,0.99,1101
2026-10-10,wk inc flu hosp,-1,2026-10-03,23,quantile,0.01,8
2026-10-10,wk inc flu hosp,-1,2026-10-03,23,quantile,0.025,9
2026-10-10,wk inc flu hosp,-1,2026-10-03,23,quantile,0.05,10
2026-10-10,wk inc flu hosp,-1,2026-10-03,23,quantile,0.1,11
2026-10-10,wk inc flu hosp,-1,2026-10-03,23,quantile,0.15,12
2026-10-10,wk inc flu hosp,-1,2026-10-03,23,quantile,0.2,12
2026-10-10,wk inc flu hosp,-1,2026-10-03,23,quantile,0.25,13
2026-10-10,wk inc flu hosp,-1,2026-10-03,23,quantile,0.3,13
2026-10-10,wk inc flu hosp,-1,2026-10-03,23,quantile,0.35,14
2026-10-10,wk inc flu hosp,-1,2026-10-03,23,quantile,0.4,14
2026-10-10,wk inc flu hosp,-1,2026-10-03,23,quantile,0.45,14
2026-10-10,wk inc flu hosp,-1,2026-10-03,23,quantile,0.5,15
2026-10-10,wk inc flu hosp,-1,2026-10-03,23,quantile,0.55,15
2026-10-10,wk inc flu hosp,-1,2026-10-03,23,quantile,0.6,16
2026-10-10,wk inc flu hosp,-1,2026-10-03,23,quantile,0.65,16
2026-10-10,wk inc flu hosp,-1,2026-10-03,23,quantile,0.7,17
2026-10-10,wk inc flu hosp,-1,2026-10-03,23,quantile,0.75,18
2026-10-10,wk inc flu hosp,-1,2026-10-03,23,quantile,0.8,18
2026-10-10,wk inc flu hosp,-1,2026-10-03,23,quantile,0.85,19
2026-10-10,wk inc flu hosp,-1,2026-10-03,23,quantile,0.9,21
2026-10-10,wk inc flu hosp,-1,2026-10-03,23,quantile,0.95,23
2026-10-10,wk inc flu hosp,-1,2026-10-03,23,quantile,0.975,25
2026-10-10,wk inc flu hosp,-1,2026-10-03,23,quantile,0.99,28
2026-10-10,wk inc flu hosp,0,2026-10-10,23,quantile,0.01,6
2026-10-10,wk inc flu hosp,0,2026-10-10,23,quantile,0.025,8
2026-10-10,wk inc flu hosp,0,2026-10-10,23,quantile,0.05,9
2026-10-10,wk inc flu hosp,0,2026-10-10,23,quantile,0.1,10
2026-10-10,wk inc flu hosp,0,2026-10-10,23,quantile,0.15,12
2026-10-10,wk inc flu hosp,0,2026-10-10,23,quantile,0.2,13
2026-10-10,wk inc flu hosp,0,2026-10-10,23,quantile,0.25,14
2026-10-10,wk inc flu hosp,0,2026-10-10,23,quantile,0.3,15
2026-10-10,wk inc flu hosp,0,2026-10-10,23,quantile,0.35,16
2026-10-10,wk inc flu hosp,0,2026-10-10,23,quantile,0.4,17
2026-10-10,wk inc flu hosp,0,2026-10-10,23,quantile,0.45,18
2026-10-10,wk inc flu hosp,0,2026-10-10,23,quantile,0.5,19
2026-10-10,wk inc flu hosp,0,2026-10-10,23,quantile,0.55,20
2026-10-10,wk inc flu hosp,0,2026-10-10,23,quantile,0.6,21
2026-10-10,wk inc flu hosp,0,2026-10-10,23,quantile,0.65,22
2026-10-10,wk inc flu hosp,0,2026-10-10,23,quantile,0.7,23
2026-10-10,wk inc flu hosp,0,2026-10-10,23,quantile,0.75,25
2026-10-10,wk inc flu hosp,0,2026-10-10,23,quantile,0.8,27
2026-10-10,wk inc flu hosp,0,2026-10-10,23,quantile,0.85,30
2026-10-10,wk inc flu hosp,0,2026-10-10,23,quantile,0.9,33
2026-10-10,wk inc flu hosp,0,2026-10-10,23,quantile,0.95,39
2026-10-10,wk inc flu hosp,0,2026-10-10,23,quantile,0.975,45
2026-10-10,wk inc flu hosp,0,2026-10-10,23,quantile,0.99,53
2026-10-10,wk inc flu hosp,1,2026-10-17,23,quantile,0.01,8
2026-10-10,wk inc flu hosp,1,2026-10-17,23,quantile,0.025,9
2026-10-10,wk inc flu hosp,1,2026-10-17,23,quantile,0.05,11
2026-10-10,wk inc flu hosp,1,2026-10-17,23,quantile,0.1,13
2026-10-10,wk inc flu hosp,1,2026-10-17,23,quantile,0.15,14
2026-10-10,wk inc flu hosp,1,2026-10-17,23,quantile,0.2,16
2026-10-10,wk inc flu hosp,1,2026-10-17,23,quantile,0.25,17
2026-10-10,wk inc flu hosp,1,2026-10-17,23,quantile,0.3,19
2026-10-10,wk inc flu hosp,1,2026-10-17,23,quantile,0.35,20
2026-10-10,wk inc flu hosp,1,2026-10-17,23,quantile,0.4,21
2026-10-10,wk inc flu hosp,1,2026-10-17,23,quantile,0.45,23
2026-10-10,wk inc flu hosp,1,2026-10-17,23,quantile,0.5,24
2026-10-10,wk inc flu hosp,1,2026-10-17,23,quantile,0.55,25
2026-10-10,wk inc flu hosp,1,2026-10-17,23,quantile,0.6,27
2026-10-10,wk inc flu hosp,1,2026-10-17,23,quantile,0.65,29
2026-10-10,wk inc flu hosp,1,2026-10-17,23,quantile,0.7,32
2026-10-10,wk inc flu hosp,1,2026-10-17,23,quantile,0.75,34
2026-10-10,wk inc flu hosp,1,2026-10-17,23,quantile,0.8,38
2026-10-10,wk inc flu hosp,1,2026-10-17,23,quantile,0.85,43
2026-10-10,wk inc flu hosp,1,2026-10-17,23,quantile,0.9,50
2026-10-10,wk inc flu hosp,1,2026-10-17,23,quantile,0.95,61
2026-10-10,wk inc flu hosp,1,2026-10-17,23,quantile,0.975,73
2026-10-10,wk inc flu hosp,1,2026-10-17,23,quantile,0.99,88
2026-10-10,wk inc flu hosp,2,2026-10-24,23,quantile,0.01,8
2026-10-10,wk inc flu hosp,2,2026-10-24,23,quantile,0.025,10
2026-10-10,wk inc flu hosp,2,2026-10-24,23,quantile,0.05,12
2026-10-10,wk inc flu hosp,2,2026-10-24,23,quantile,0.1,15
2026-10-10,wk inc flu hosp,2,2026-10-24,23,quantile,0.15,17
2026-10-10,wk inc flu hosp,2,2026-10-24,23,quantile,0.2,19
2026-10-10,wk inc flu hosp,2,2026-10-24,23,quantile,0.25,21
2026-10-10,wk inc flu hosp,2,2026-10-24,23,quantile,0.3,23
2026-10-10,wk inc flu hosp,2,2026-10-24,23,quantile,0.35,25
2026-10-10,wk inc flu hosp,2,2026-10-24,23,quantile,0.4,27
2026-10-10,wk inc flu hosp,2,2026-10-24,23,quantile,0.45,29
2026-10-10,wk inc flu hosp,2,2026-10-24,23,quantile,0.5,31
2026-10-10,wk inc flu hosp,2,2026-10-24,23,quantile,0.55,33
2026-10-10,wk inc flu hosp,2,2026-10-24,23,quantile,0.6,36
2026-10-10,wk inc flu hosp,2,2026-10-24,23,quantile,0.65,39
2026-10-10,wk inc flu hosp,2,2026-10-24,23,quantile,0.7,43
2026-10-10,wk inc flu hosp,2,2026-10-24,23,quantile,0.75,48
2026-10-10,wk inc flu hosp,2,2026-10-24,23,quantile,0.8,54
2026-10-10,wk inc flu hosp,2,2026-10-24,23,quantile,0.85,63
2026-10-10,wk inc flu hosp,2,2026-10-24,23,quantile,0.9,75
2026-10-10,wk inc flu hosp,2,2026-10-24,23,quantile,0.95,98
2026-10-10,wk inc flu hosp,2,2026-10-24,23,quantile,0.975,121
2026-10-10,wk inc flu hosp,2,2026-10-24,23,quantile,0.99,150
2026-10-10,wk inc flu hosp,3,2026-10-31,23,quantile,0.01,9
2026-10-10,wk inc flu hosp,3,2026-10-31,23,quantile,0.025,11
2026-10-10,wk inc flu hosp,3,2026-10-31,23,quantile,0.05,13
2026-10-10,wk inc flu hosp,3,2026-10-31,23,quantile,0.1,16
2026-10-10,wk inc flu hosp,3,2026-10-31,23,quantile,0.15,19
2026-10-10,wk inc flu hosp,3,2026-10-31,23,quantile,0.2,22
2026-10-10,wk inc flu hosp,3,2026-10-31,23,quantile,0.25,24
2026-10-10,wk inc flu hosp,3,2026-10-31,23,quantile,0.3,27
2026-10-10,wk inc flu hosp,3,2026-10-31,23,quantile,0.35,29
2026-10-10,wk inc flu hosp,3,2026-10-31,23,quantile,0.4,32
2026-10-10,wk inc flu hosp,3,2026-10-31,23,quantile,0.45,35
2026-10-10,wk inc flu hosp,3,2026-10-31,23,quantile,0.5,38
2026-10-10,wk inc flu hosp,3,2026-10-31,23,quantile,0.55,41
2026-10-10,wk inc flu hosp,3,2026-10-31,23,quantile,0.6,45
2026-10-10,wk inc flu hosp,3,2026-10-31,23,quantile,0.65,50
2026-10-10,wk inc flu hosp,3,2026-10-31,23,quantile,0.7,55
2026-10-10,wk inc flu hosp,3,2026-10-31,23,quantile,0.75,62
2026-10-10,wk inc flu hosp,3,2026-10-31,23,quantile,0.8,70
2026-10-10,wk inc flu hosp,3,2026-10-31,23,quantile,0.85,83
2026-10-10,wk inc flu hosp,3,2026-10-31,23,quantile,0.9,102
2026-10-10,wk inc flu hosp,3,2026-10-31,23,quantile,0.95,138
2026-10-10,wk inc flu hosp,3,2026-10-31,23,quantile,0.975,174
2026-10-10,wk inc flu hosp,3,2026-10-31,23,quantile,0.99,220
2026-10-10,wk inc flu hosp,-1,2026-10-03,24,quantile,0.01,13
2026-10-10,wk inc flu hosp,-1,2026-10-03,24,quantile,0.025,14
2026-10-10,wk inc flu hosp,-1,2026-10-03,24,quantile,0.05,15
2026-10-10,wk inc flu hosp,-1,2026-10-03,24,quantile,0.1,16
2026-10-10,wk inc flu hosp,-1,2026-10-03,24,quantile,0.15,17
2026-10-10,wk inc flu hosp,-1,2026-10-03,24,quantile,0.2,18
2026-10-10,wk inc flu hosp,-1,2026-10-03,24,quantile,0.25,18
2026-10-10,wk inc flu hosp,-1,2026-10-03,24,quantile,0.3,19
2026-10-10,wk inc flu hosp,-1,2026-10-03,24,quantile,0.35,19
2026-10-10,wk inc flu hosp,-1,2026-10-03,24,quantile,0.4,20
2026-10-10,wk inc flu hosp,-1,2026-10-03,24,quantile,0.45,20
2026-10-10,wk inc flu hosp,-1,2026-10-03,24,quantile,0.5,21
2026-10-10,wk inc flu hosp,-1,2026-10-03,24,quantile,0.55,21
2026-10-10,wk inc flu hosp,-1,2026-10-03,24,quantile,0.6,22
2026-10-10,wk inc flu hosp,-1,2026-10-03,24,quantile,0.65,22
2026-10-10,wk inc flu hosp,-1,2026-10-03,24,quantile,0.7,23
2026-10-10,wk inc flu hosp,-1,2026-10-03,24,quantile,0.75,23
2026-10-10,wk inc flu hosp,-1,2026-10-03,24,quantile,0.8,24
2026-10-10,wk inc flu hosp,-1,2026-10-03,24,quantile,0.85,25
2026-10-10,wk inc flu hosp,-1,2026-10-03,24,quantile,0.9,26
2026-10-10,wk inc flu hosp,-1,2026-10-03,24,quantile,0.95,28
2026-10-10,wk inc flu hosp,-1,2026-10-03,24,quantile,0.975,30
2026-10-10,wk inc flu hosp,-1,2026-10-03,24,quantile,0.99,32
2026-10-10,wk inc flu hosp,0,2026-10-10,24,quantile,0.01,9
2026-10-10,wk inc flu hosp,0,2026-10-10,24,quantile,0.025,11
2026-10-10,wk inc flu hosp,0,2026-10-10,24,quantile,0.05,12
2026-10-10,wk inc flu hosp,0,2026-10-10,24,quantile,0.1,13
2026-10-10,wk inc flu hosp,0,2026-10-10,24,quantile,0.15,15
2026-10-10,wk inc flu hosp,0,2026-10-10,24,quantile,0.2,17
2026-10-10,wk inc flu hosp,0,2026-10-10,24,quantile,0.25,18
2026-10-10,wk inc flu hosp,0,2026-10-10,24,quantile,0.3,19
2026-10-10,wk inc flu hosp,0,2026-10-10,24,quantile,0.35,20
2026-10-10,wk inc flu hosp,0,2026-10-10,24,quantile,0.4,21
2026-10-10,wk inc flu hosp,0,2026-10-10,24,quantile,0.45,21
2026-10-10,wk inc flu hosp,0,2026-10-10,24,quantile,0.5,22
2026-10-10,wk inc flu hosp,0,2026-10-10,24,quantile,0.55,23
2026-10-10,wk inc flu hosp,0,2026-10-10,24,quantile,0.6,24
2026-10-10,wk inc flu hosp,0,2026-10-10,24,quantile,0.65,25
2026-10-10,wk inc flu hosp,0,2026-10-10,24,quantile,0.7,27
2026-10-10,wk inc flu hosp,0,2026-10-10,24,quantile,0.75,28
2026-10-10,wk inc flu hosp,0,2026-10-10,24,quantile,0.8,30
2026-10-10,wk inc flu hosp,0,2026-10-10,24,quantile,0.85,32
2026-10-10,wk inc flu hosp,0,2026-10-10,24,quantile,0.9,36
2026-10-10,wk inc flu hosp,0,2026-10-10,24,quantile,0.95,42
2026-10-10,wk inc flu hosp,0,2026-10-10,24,quantile,0.975,48
2026-10-10,wk inc flu hosp,0,2026-10-10,24,quantile,0.99,56
2026-10-10,wk inc flu hosp,1,2026-10-17,24,quantile,0.01,8
2026-10-10,wk inc flu hosp,1,2026-10-17,24,quantile,0.025,10
2026-10-10,wk inc flu hosp,1,2026-10-17,24,quantile,0.05,11
2026-10-10,wk inc flu hosp,1,2026-10-17,24,quantile,0.1,13
2026-10-10,wk inc flu hosp,1,2026-10-17,24,quantile,0.15,15
2026-10-10,wk inc flu hosp,1,2026-10-17,24,quantile,0.2,16
2026-10-10,wk inc flu hosp,1,2026-10-17,24,quantile,0.25,18
2026-10-10,wk inc flu hosp,1,2026-10-17,24,quantile,0.3,19
2026-10-10,wk inc flu hosp,1,2026-10-17,24,quantile,0.35,20
2026-10-10,wk inc flu hosp,1,2026-10-17,24,quantile,0.4,21
2026-10-10,wk inc flu hosp,1,2026-10-17,24,quantile,0.45,23
2026-10-10,wk inc flu hosp,1,2026-10-17,24,quantile,0.5,24
2026-10-10,wk inc flu hosp,1,2026-10-17,24,quantile,0.55,25
2026-10-10,wk inc flu hosp,1,2026-10-17,24,quantile,0.6,26
2026-10-10,wk inc flu hosp,1,2026-10-17,24,quantile,0.65,28
2026-10-10,wk inc flu hosp,1,2026-10-17,24,quantile,0.7,30
2026-10-10,wk inc flu hosp,1,2026-10-17,24,quantile,0.75,32
2026-10-10,wk inc flu hosp,1,2026-10-17,24,quantile,0.8,35
2026-10-10,wk inc flu hosp,1,2026-10-17,24,quantile,0.85,39
2026-10-10,wk inc flu hosp,1,2026-10-17,24,quantile,0.9,44
2026-10-10,wk inc flu hosp,1,2026-10-17,24,quantile,0.95,54
2026-10-10,wk inc flu hosp,1,2026-10-17,24,quantile,0.975,64
2026-10-10,wk inc flu hosp,1,2026-10-17,24,quantile,0.99,79
2026-10-10,wk inc flu hosp,2,2026-10-24,24,quantile,0.01,8
2026-10-10,wk inc flu hosp,2,2026-10-24,24,quantile,0.025,9
2026-10-10,wk inc flu hosp,2,2026-10-24,24,quantile,0.05,11
2026-10-10,wk inc flu hosp,2,2026-10-24,24,quantile,0.1,13
2026-10-10,wk inc flu hosp,2,2026-10-24,24,quantile,0.15,15
2026-10-10,wk inc flu hosp,2,2026-10-24,24,quantile,0.2,17
2026-10-10,wk inc flu hosp,2,2026-10-24,24,quantile,0.25,19
2026-10-10,wk inc flu hosp,2,2026-10-24,24,quantile,0.3,21
2026-10-10,wk inc flu hosp,2,2026-10-24,24,quantile,0.35,23
2026-10-10,wk inc flu hosp,2,2026-10-24,24,quantile,0.4,24
2026-10-10,wk inc flu hosp,2,2026-10-24,24,quantile,0.45,26
2026-10-10,wk inc flu hosp,2,2026-10-24,24,quantile,0.5,27
2026-10-10,wk inc flu hosp,2,2026-10-24,24,quantile,0.55,29
2026-10-10,wk inc flu hosp,2,2026-10-24,24,quantile,0.6,31
2026-10-10,wk inc flu hosp,2,2026-10-24,24,quantile,0.65,33
2026-10-10,wk inc flu hosp,2,2026-10-24,24,quantile,0.7,36
2026-10-10,wk inc flu hosp,2,2026-10-24,24,quantile,0.75,38
2026-10-10,wk inc flu hosp,2,2026-10-24,24,quantile,0.8,42
2026-10-10,wk inc flu hosp,2,2026-10-24,24,quantile,0.85,48
2026-10-10,wk inc flu hosp,2,2026-10-24,24,quantile,0.9,56
2026-10-10,wk inc flu hosp,2,2026-10-24,24,quantile,0.95,70
2026-10-10,wk inc flu hosp,2,2026-10-24,24,quantile,0.975,86
2026-10-10,wk inc flu hosp,2,2026-10-24,24,quantile,0.99,110
2026-10-10,wk inc flu hosp,3,2026-10-31,24,quantile,0.01,6
2026-10-10,wk inc flu hosp,3,2026-10-31,24,quantile,0.025,8
2026-10-10,wk inc flu hosp,3,2026-10-31,24,quantile,0.05,10
2026-10-10,wk inc flu hosp,3,2026-10-31,24,quantile,0.1,12
2026-10-10,wk inc flu hosp,3,2026-10-31,24,quantile,0.15,15
2026-10-10,wk inc flu hosp,3,2026-10-31,24,quantile,0.2,18
2026-10-10,wk inc flu hosp,3,2026-10-31,24,quantile,0.25,20
2026-10-10,wk inc flu hosp,3,2026-10-31,24,quantile,0.3,23
2026-10-10,wk inc flu hosp,3,2026-10-31,24,quantile,0.35,25
2026-10-10,wk inc flu hosp,3,2026-10-31,24,quantile,0.4,27
2026-10-10,wk inc flu hosp,3,2026-10-31,24,quantile,0.45,30
2026-10-10,wk inc flu hosp,3,2026-10-31,24,quantile,0.5,32
2026-10-10,wk inc flu hosp,3,2026-10-31,24,quantile,0.55,34
2026-10-10,wk inc flu hosp,3,2026-10-31,24,quantile,0.6,37
2026-10-10,wk inc flu hosp,3,2026-10-31,24,quantile,0.65,40
2026-10-10,wk inc flu hosp,3,2026-10-31,24,quantile,0.7,44
2026-10-10,wk inc flu hosp,3,2026-10-31,24,quantile,0.75,48
2026-10-10,wk inc flu hosp,3,2026-10-31,24,quantile,0.8,54
2026-10-10,wk inc flu hosp,3,2026-10-31,24,quantile,0.85,62
2026-10-10,wk inc flu hosp,3,2026-10-31,24,quantile,0.9,73
2026-10-10,wk inc flu hosp,3,2026-10-31,24,quantile,0.95,96
2026-10-10,wk inc flu hosp,3,2026-10-31,24,quantile,0.975,122
2026-10-10,wk inc flu hosp,3,2026-10-31,24,quantile,0.99,162
2026-10-10,wk inc flu hosp,-1,2026-10-03,25,quantile,0.01,10
2026-10-10,wk inc flu hosp,-1,2026-10-03,25,quantile,0.025,11
2026-10-10,wk inc flu hosp,-1,2026-10-03,25,quantile,0.05,12
2026-10-10,wk inc flu hosp,-1,2026-10-03,25,quantile,0.1,13
2026-10-10,wk inc flu hosp,-1,2026-10-03,25,quantile,0.15,14
2026-10-10,wk inc flu hosp,-1,2026-10-03,25,quantile,0.2,15
2026-10-10,wk inc flu hosp,-1,2026-10-03,25,quantile,0.25,16
2026-10-10,wk inc flu hosp,-1,2026-10-03,25,quantile,0.3,16
2026-10-10,wk inc flu hosp,-1,2026-10-03,25,quantile,0.35,17
2026-10-10,wk inc flu hosp,-1,2026-10-03,25,quantile,0.4,17
2026-10-10,wk inc flu hosp,-1,2026-10-03,25,quantile,0.45,18
2026-10-10,wk inc flu hosp,-1,2026-10-03,25,quantile,0.5,19
2026-10-10,wk inc flu hosp,-1,2026-10-03,25,quantile,0.55,19
2026-10-10,wk inc flu hosp,-1,2026-10-03,25,quantile,0.6,20
2026-10-10,wk inc flu hosp,-1,2026-10-03,25,quantile,0.65,21
2026-10-10,wk inc flu hosp,-1,2026-10-03,25,quantile,0.7,22
2026-10-10,wk inc flu hosp,-1,2026-10-03,25,quantile,0.75,23
2026-10-10,wk inc flu hosp,-1,2026-10-03,25,quantile,0.8,24
2026-10-10,wk inc flu hosp,-1,2026-10-03,25,quantile,0.85,25
2026-10-10,wk inc flu hosp,-1,2026-10-03,25,quantile,0.9,28
2026-10-10,wk inc flu hosp,-1,2026-10-03,25,quantile,0.95,31
2026-10-10,wk inc flu hosp,-1,2026-10-03,25,quantile,0.975,35
2026-10-10,wk inc flu hosp,-1,2026-10-03,25,quantile,0.99,40
2026-10-10,wk inc flu hosp,0,2026-10-10,25,quantile,0.01,8
2026-10-10,wk inc flu hosp,0,2026-10-10,25,quantile,0.025,10
2026-10-10,wk inc flu hosp,0,2026-10-10,25,quantile,0.05,11
2026-10-10,wk inc flu hosp,0,2026-10-10,25,quantile,0.1,13
2026-10-10,wk inc flu hosp,0,2026-10-10,25,quantile,0.15,15
2026-10-10,wk inc flu hosp,0,2026-10-10,25,quantile,0.2,17
2026-10-10,wk inc flu hosp,0,2026-10-10,25,quantile,0.25,19
2026-10-10,wk inc flu hosp,0,2026-10-10,25,quantile,0.3,20
2026-10-10,wk inc flu hosp,0,2026-10-10,25,quantile,0.35,21
2026-10-10,wk inc flu hosp,0,2026-10-10,25,quantile,0.4,22
2026-10-10,wk inc flu hosp,0,2026-10-10,25,quantile,0.45,23
2026-10-10,wk inc flu hosp,0,2026-10-10,25,quantile,0.5,24
2026-10-10,wk inc flu hosp,0,2026-10-10,25,quantile,0.55,26
2026-10-10,wk inc flu hosp,0,2026-10-10,25,quantile,0.6,27
2026-10-10,wk inc flu hosp,0,2026-10-10,25,quantile,0.65,28
2026-10-10,wk inc flu hosp,0,2026-10-10,25,quantile,0.7,30
2026-10-10,wk inc flu hosp,0,2026-10-10,25,quantile,0.75,32
2026-10-10,wk inc flu hosp,0,2026-10-10,25,quantile,0.8,34
2026-10-10,wk inc flu hosp,0,2026-10-10,25,quantile,0.85,38
2026-10-10,wk inc flu hosp,0,2026-10-10,25,quantile,0.9,43
2026-10-10,wk inc flu hosp,0,2026-10-10,25,quantile,0.95,51
2026-10-10,wk inc flu hosp,0,2026-10-10,25,quantile,0.975,59
2026-10-10,wk inc flu hosp,0,2026-10-10,25,quantile,0.99,70
2026-10-10,wk inc flu hosp,1,2026-10-17,25,quantile,0.01,8
2026-10-10,wk inc flu hosp,1,2026-10-17,25,quantile,0.025,10
2026-10-10,wk inc flu hosp,1,2026-10-17,25,quantile,0.05,12
2026-10-10,wk inc flu hosp,1,2026-10-17,25,quantile,0.1,15
2026-10-10,wk inc flu hosp,1,2026-10-17,25,quantile,0.15,17
2026-10-10,wk inc flu hosp,1,2026-10-17,25,quantile,0.2,19
2026-10-10,wk inc flu hosp,1,2026-10-17,25,quantile,0.25,21
2026-10-10,wk inc flu hosp,1,2026-10-17,25,quantile,0.3,23
2026-10-10,wk inc flu hosp,1,2026-10-17,25,quantile,0.35,25
2026-10-10,wk inc flu hosp,1,2026-10-17,25,quantile,0.4,27
2026-10-10,wk inc flu hosp,1,2026-10-17,25,quantile,0.45,28
2026-10-10,wk inc flu hosp,1,2026-10-17,25,quantile,0.5,30
2026-10-10,wk inc flu hosp,1,2026-10-17,25,quantile,0.55,32
2026-10-10,wk inc flu hosp,1,2026-10-17,25,quantile,0.6,34
2026-10-10,wk inc flu hosp,1,2026-10-17,25,quantile,0.65,36
2026-10-10,wk inc flu hosp,1,2026-10-17,25,quantile,0.7,39
2026-10-10,wk inc flu hosp,1,2026-10-17,25,quantile,0.75,43
2026-10-10,wk inc flu hosp,1,2026-10-17,25,quantile,0.8,48
2026-10-10,wk inc flu hosp,1,2026-10-17,25,quantile,0.85,54
2026-10-10,wk inc flu hosp,1,2026-10-17,25,quantile,0.9,64
2026-10-10,wk inc flu hosp,1,2026-10-17,25,quantile,0.95,80
2026-10-10,wk inc flu hosp,1,2026-10-17,25,quantile,0.975,96
2026-10-10,wk inc flu hosp,1,2026-10-17,25,quantile,0.99,120
2026-10-10,wk inc flu hosp,2,2026-10-24,25,quantile,0.01,8
2026-10-10,wk inc flu hosp,2,2026-10-24,25,quantile,0.025,10
2026-10-10,wk inc flu hosp,2,2026-10-24,25,quantile,0.05,12
2026-10-10,wk inc flu hosp,2,2026-10-24,25,quantile,0.1,15
2026-10-10,wk inc flu hosp,2,2026-10-24,25,quantile,0.15,19
2026-10-10,wk inc flu hosp,2,2026-10-24,25,quantile,0.2,22
2026-10-10,wk inc flu hosp,2,2026-10-24,25,quantile,0.25,24
2026-10-10,wk inc flu hosp,2,2026-10-24,25,quantile,0.3,27
2026-10-10,wk inc flu hosp,2,2026-10-24,25,quantile,0.35,30
2026-10-10,wk inc flu hosp,2,2026-10-24,25,quantile,0.4,33
2026-10-10,wk inc flu hosp,2,2026-10-24,25,quantile,0.45,35
2026-10-10,wk inc flu hosp,2,2026-10-24,25,quantile,0.5,38
2026-10-10,wk inc flu hosp,2,2026-10-24,25,quantile,0.55,41
2026-10-10,wk inc flu hosp,2,2026-10-24,25,quantile,0.6,44
2026-10-10,wk inc flu hosp,2,2026-10-24,25,quantile,0.65,48
2026-10-10,wk inc flu hosp,2,2026-10-24,25,quantile,0.7,53
2026-10-10,wk inc flu hosp,2,2026-10-24,25,quantile,0.75,59
2026-10-10,wk inc flu hosp,2,2026-10-24,25,quantile,0.8,66
2026-10-10,wk inc flu hosp,2,2026-10-24,25,quantile,0.85,78
2026-10-10,wk inc flu hosp,2,2026-10-24,25,quantile,0.9,94
2026-10-10,wk inc flu hosp,2,2026-10-24,25,quantile,0.95,123
2026-10-10,wk inc flu hosp,2,2026-10-24,25,quantile,0.975,155
2026-10-10,wk inc flu hosp,2,2026-10-24,25,quantile,0.99,205
2026-10-10,wk inc flu hosp,3,2026-10-31,25,quantile,0.01,8
2026-10-10,wk inc flu hosp,3,2026-10-31,25,quantile,0.025,11
2026-10-10,wk inc flu hosp,3,2026-10-31,25,quantile,0.05,13
2026-10-10,wk inc flu hosp,3,2026-10-31,25,quantile,0.1,17
2026-10-10,wk inc flu hosp,3,2026-10-31,25,quantile,0.15,22
2026-10-10,wk inc flu hosp,3,2026-10-31,25,quantile,0.2,25
2026-10-10,wk inc flu hosp,3,2026-10-31,25,quantile,0.25,29
2026-10-10,wk inc flu hosp,3,2026-10-31,25,quantile,0.3,33
2026-10-10,wk inc flu hosp,3,2026-10-31,25,quantile,0.35,36
2026-10-10,wk inc flu hosp,3,2026-10-31,25,quantile,0.4,40
2026-10-10,wk inc flu hosp,3,2026-10-31,25,quantile,0.45,44
2026-10-10,wk inc flu hosp,3,2026-10-31,25,quantile,0.5,48
2026-10-10,wk inc flu hosp,3,2026-10-31,25,quantile,0.55,53
2026-10-10,wk inc flu hosp,3,2026-10-31,25,quantile,0.6,58
2026-10-10,wk inc flu hosp,3,2026-10-31,25,quantile,0.65,64
2026-10-10,wk inc flu hosp,3,2026-10-31,25,quantile,0.7,71
2026-10-10,wk inc flu hosp,3,2026-10-31,25,quantile,0.75,79
2026-10-10,wk inc flu hosp,3,2026-10-31,25,quantile,0.8,91
2026-10-10,wk inc flu hosp,3,2026-10-31,25,quantile,0.85,108
2026-10-10,wk inc flu hosp,3,2026-10-31,25,quantile,0.9,133
2026-10-10,wk inc flu hosp,3,2026-10-31,25,quantile,0.95,178
2026-10-10,wk inc flu hosp,3,2026-10-31,25,quantile,0.975,228
2026-10-10,wk inc flu hosp,3,2026-10-31,25,quantile,0.99,302
2026-10-10,wk inc flu hosp,-1,2026-10-03,26,quantile,0.01,30
2026-10-10,wk inc flu hosp,-1,2026-10-03,26,quantile,0.025,32
2026-10-10,wk inc flu hosp,-1,2026-10-03,26,quantile,0.05,34
2026-10-10,wk inc flu hosp,-1,2026-10-03,26,quantile,0.1,36
2026-10-10,wk inc flu hosp,-1,2026-10-03,26,quantile,0.15,38
2026-10-10,wk inc flu hosp,-1,2026-10-03,26,quantile,0.2,39
2026-10-10,wk inc flu hosp,-1,2026-10-03,26,quantile,0.25,40
2026-10-10,wk inc flu hosp,-1,2026-10-03,26,quantile,0.3,41
2026-10-10,wk inc flu hosp,-1,2026-10-03,26,quantile,0.35,42
2026-10-10,wk inc flu hosp,-1,2026-10-03,26,quantile,0.4,43
2026-10-10,wk inc flu hosp,-1,2026-10-03,26,quantile,0.45,44
2026-10-10,wk inc flu hosp,-1,2026-10-03,26,quantile,0.5,45
2026-10-10,wk inc flu hosp,-1,2026-10-03,26,quantile,0.55,46
2026-10-10,wk inc flu hosp,-1,2026-10-03,26,quantile,0.6,47
2026-10-10,wk inc flu hosp,-1,2026-10-03,26,quantile,0.65,48
2026-10-10,wk inc flu hosp,-1,2026-10-03,26,quantile,0.7,50
2026-10-10,wk inc flu hosp,-1,2026-10-03,26,quantile,0.75,51
2026-10-10,wk inc flu hosp,-1,2026-10-03,26,quantile,0.8,52
2026-10-10,wk inc flu hosp,-1,2026-10-03,26,quantile,0.85,54
2026-10-10,wk inc flu hosp,-1,2026-10-03,26,quantile,0.9,57
2026-10-10,wk inc flu hosp,-1,2026-10-03,26,quantile,0.95,60
2026-10-10,wk inc flu hosp,-1,2026-10-03,26,quantile,0.975,65
2026-10-10,wk inc flu hosp,-1,2026-10-03,26,quantile,0.99,68
2026-10-10,wk inc flu hosp,0,2026-10-10,26,quantile,0.01,26
2026-10-10,wk inc flu hosp,0,2026-10-10,26,quantile,0.025,28
2026-10-10,wk inc flu hosp,0,2026-10-10,26,quantile,0.05,31
2026-10-10,wk inc flu hosp,0,2026-10-10,26,quantile,0.1,34
2026-10-10,wk inc flu hosp,0,2026-10-10,26,quantile,0.15,38
2026-10-10,wk inc flu hosp,0,2026-10-10,26,quantile,0.2,41
2026-10-10,wk inc flu hosp,0,2026-10-10,26,quantile,0.25,43
2026-10-10,wk inc flu hosp,0,2026-10-10,26,quantile,0.3,45
2026-10-10,wk inc flu hosp,0,2026-10-10,26,quantile,0.35,47
2026-10-10,wk inc flu hosp,0,2026-10-10,26,quantile,0.4,48
2026-10-10,wk inc flu hosp,0,2026-10-10,26,quantile,0.45,50
2026-10-10,wk inc flu hosp,0,2026-10-10,26,quantile,0.5,51
2026-10-10,wk inc flu hosp,0,2026-10-10,26,quantile,0.55,53
2026-10-10,wk inc flu hosp,0,2026-10-10,26,quantile,0.6,55
2026-10-10,wk inc flu hosp,0,2026-10-10,26,quantile,0.65,56
2026-10-10,wk inc flu hosp,0,2026-10-10,26,quantile,0.7,58
2026-10-10,wk inc flu hosp,0,2026-10-10,26,quantile,0.75,61
2026-10-10,wk inc flu hosp,0,2026-10-10,26,quantile,0.8,64
2026-10-10,wk inc flu hosp,0,2026-10-10,26,quantile,0.85,68
2026-10-10,wk inc flu hosp,0,2026-10-10,26,quantile,0.9,74
2026-10-10,wk inc flu hosp,0,2026-10-10,26,quantile,0.95,82
2026-10-10,wk inc flu hosp,0,2026-10-10,26,quantile,0.975,90
2026-10-10,wk inc flu hosp,0,2026-10-10,26,quantile,0.99,101
2026-10-10,wk inc flu hosp,1,2026-10-17,26,quantile,0.01,24
2026-10-10,wk inc flu hosp,1,2026-10-17,26,quantile,0.025,28
2026-10-10,wk inc flu hosp,1,2026-10-17,26,quantile,0.05,31
2026-10-10,wk inc flu hosp,1,2026-10-17,26,quantile,0.1,35
2026-10-10,wk inc flu hosp,1,2026-10-17,26,quantile,0.15,39
2026-10-10,wk inc flu hosp,1,2026-10-17,26,quantile,0.2,43
2026-10-10,wk inc flu hosp,1,2026-10-17,26,quantile,0.25,46
2026-10-10,wk inc flu hosp,1,2026-10-17,26,quantile,0.3,48
2026-10-10,wk inc flu hosp,1,2026-10-17,26,quantile,0.35,51
2026-10-10,wk inc flu hosp,1,2026-10-17,26,quantile,0.4,53
2026-10-10,wk inc flu hosp,1,2026-10-17,26,quantile,0.45,55
2026-10-10,wk inc flu hosp,1,2026-10-17,26,quantile,0.5,57
2026-10-10,wk inc flu hosp,1,2026-10-17,26,quantile,0.55,59
2026-10-10,wk inc flu hosp,1,2026-10-17,26,quantile,0.6,61
2026-10-10,wk inc flu hosp,1,2026-10-17,26,quantile,0.65,64
2026-10-10,wk inc flu hosp,1,2026-10-17,26,quantile,0.7,67
2026-10-10,wk inc flu hosp,1,2026-10-17,26,quantile,0.75,70
2026-10-10,wk inc flu hosp,1,2026-10-17,26,quantile,0.8,75
2026-10-10,wk inc flu hosp,1,2026-10-17,26,quantile,0.85,82
2026-10-10,wk inc flu hosp,1,2026-10-17,26,quantile,0.9,91
2026-10-10,wk inc flu hosp,1,2026-10-17,26,quantile,0.95,104
2026-10-10,wk inc flu hosp,1,2026-10-17,26,quantile,0.975,116
2026-10-10,wk inc flu hosp,1,2026-10-17,26,quantile,0.99,130
2026-10-10,wk inc flu hosp,2,2026-10-24,26,quantile,0.01,23
2026-10-10,wk inc flu hosp,2,2026-10-24,26,quantile,0.025,27
2026-10-10,wk inc flu hosp,2,2026-10-24,26,quantile,0.05,31
2026-10-10,wk inc flu hosp,2,2026-10-24,26,quantile,0.1,36
2026-10-10,wk inc flu hosp,2,2026-10-24,26,quantile,0.15,41
2026-10-10,wk inc flu hosp,2,2026-10-24,26,quantile,0.2,46
2026-10-10,wk inc flu hosp,2,2026-10-24,26,quantile,0.25,50
2026-10-10,wk inc flu hosp,2,2026-10-24,26,quantile,0.3,54
2026-10-10,wk inc flu hosp,2,2026-10-24,26,quantile,0.35,58
2026-10-10,wk inc flu hosp,2,2026-10-24,26,quantile,0.4,62
2026-10-10,wk inc flu hosp,2,2026-10-24,26,quantile,0.45,65
2026-10-10,wk inc flu hosp,2,2026-10-24,26,quantile,0.5,68
2026-10-10,wk inc flu hosp,2,2026-10-24,26,quantile,0.55,71
2026-10-10,wk inc flu hosp,2,2026-10-24,26,quantile,0.6,74
2026-10-10,wk inc flu hosp,2,2026-10-24,26,quantile,0.65,78
2026-10-10,wk inc flu hosp,2,2026-10-24,26,quantile,0.7,82
2026-10-10,wk inc flu hosp,2,2026-10-24,26,quantile,0.75,88
2026-10-10,wk inc flu hosp,2,2026-10-24,26,quantile,0.8,94
2026-10-10,wk inc flu hosp,2,2026-10-24,26,quantile,0.85,105
2026-10-10,wk inc flu hosp,2,2026-10-24,26,quantile,0.9,118
2026-10-10,wk inc flu hosp,2,2026-10-24,26,quantile,0.95,138
2026-10-10,wk inc flu hosp,2,2026-10-24,26,quantile,0.975,158
2026-10-10,wk inc flu hosp,2,2026-10-24,26,quantile,0.99,185
2026-10-10,wk inc flu hosp,3,2026-10-31,26,quantile,0.01,20
2026-10-10,wk inc flu hosp,3,2026-10-31,26,quantile,0.025,24
2026-10-10,wk inc flu hosp,3,2026-10-31,26,quantile,0.05,29
2026-10-10,wk inc flu hosp,3,2026-10-31,26,quantile,0.1,35
2026-10-10,wk inc flu hosp,3,2026-10-31,26,quantile,0.15,42
2026-10-10,wk inc flu hosp,3,2026-10-31,26,quantile,0.2,48
2026-10-10,wk inc flu hosp,3,2026-10-31,26,quantile,0.25,54
2026-10-10,wk inc flu hosp,3,2026-10-31,26,quantile,0.3,59
2026-10-10,wk inc flu hosp,3,2026-10-31,26,quantile,0.35,64
2026-10-10,wk inc flu hosp,3,2026-10-31,26,quantile,0.4,69
2026-10-10,wk inc flu hosp,3,2026-10-31,26,quantile,0.45,74
2026-10-10,wk inc flu hosp,3,2026-10-31,26,quantile,0.5,78
2026-10-10,wk inc flu hosp,3,2026-10-31,26,quantile,0.55,83
2026-10-10,wk inc flu hosp,3,2026-10-31,26,quantile,0.6,88
2026-10-10,wk inc flu hosp,3,2026-10-31,26,quantile,0.65,93
2026-10-10,wk inc flu hosp,3,2026-10-31,26,quantile,0.7,99
2026-10-10,wk inc flu hosp,3,2026-10-31,26,quantile,0.75,107
2026-10-10,wk inc flu hosp,3,2026-10-31,26,quantile,0.8,116
2026-10-10,wk inc flu hosp,3,2026-10-31,26,quantile,0.85,129
2026-10-10,wk inc flu hosp,3,2026-10-31,26,quantile,0.9,149
2026-10-10,wk inc flu hosp,3,2026-10-31,26,quantile,0.95,179
2026-10-10,wk inc flu hosp,3,2026-10-31,26,quantile,0.975,209
2026-10-10,wk inc flu hosp,3,2026-10-31,26,quantile,0.99,252
2026-10-10,wk inc flu hosp,-1,2026-10-03,27,quantile,0.01,20
2026-10-10,wk inc flu hosp,-1,2026-10-03,27,quantile,0.025,21
2026-10-10,wk inc flu hosp,-1,2026-10-03,27,quantile,0.05,23
2026-10-10,wk inc flu hosp,-1,2026-10-03,27,quantile,0.1,24
2026-10-10,wk inc flu hosp,-1,2026-10-03,27,quantile,0.15,25
2026-10-10,wk inc flu hosp,-1,2026-10-03,27,quantile,0.2,26
2026-10-10,wk inc flu hosp,-1,2026-10-03,27,quantile,0.25,27
2026-10-10,wk inc flu hosp,-1,2026-10-03,27,quantile,0.3,28
2026-10-10,wk inc flu hosp,-1,2026-10-03,27,quantile,0.35,28
2026-10-10,wk inc flu hosp,-1,2026-10-03,27,quantile,0.4,29
2026-10-10,wk inc flu hosp,-1,2026-10-03,27,quantile,0.45,30
2026-10-10,wk inc flu hosp,-1,2026-10-03,27,quantile,0.5,30
2026-10-10,wk inc flu hosp,-1,2026-10-03,27,quantile,0.55,31
2026-10-10,wk inc flu hosp,-1,2026-10-03,27,quantile,0.6,32
2026-10-10,wk inc flu hosp,-1,2026-10-03,27,quantile,0.65,32
2026-10-10,wk inc flu hosp,-1,2026-10-03,27,quantile,0.7,33
2026-10-10,wk inc flu hosp,-1,2026-10-03,27,quantile,0.75,34
2026-10-10,wk inc flu hosp,-1,2026-10-03,27,quantile,0.8,35
2026-10-10,wk inc flu hosp,-1,2026-10-03,27,quantile,0.85,36
2026-10-10,wk inc flu hosp,-1,2026-10-03,27,quantile,0.9,38
2026-10-10,wk inc flu hosp,-1,2026-10-03,27,quantile,0.95,40
2026-10-10,wk inc flu hosp,-1,2026-10-03,27,quantile,0.975,43
2026-10-10,wk inc flu hosp,-1,2026-10-03,27,quantile,0.99,46
2026-10-10,wk inc flu hosp,0,2026-10-10,27,quantile,0.01,15
2026-10-10,wk inc flu hosp,0,2026-10-10,27,quantile,0.025,17
2026-10-10,wk inc flu hosp,0,2026-10-10,27,quantile,0.05,18
2026-10-10,wk inc flu hosp,0,2026-10-10,27,quantile,0.1,20
2026-10-10,wk inc flu hosp,0,2026-10-10,27,quantile,0.15,23
2026-10-10,wk inc flu hosp,0,2026-10-10,27,quantile,0.2,25
2026-10-10,wk inc flu hosp,0,2026-10-10,27,quantile,0.25,26
2026-10-10,wk inc flu hosp,0,2026-10-10,27,quantile,0.3,28
2026-10-10,wk inc flu hosp,0,2026-10-10,27,quantile,0.35,29
2026-10-10,wk inc flu hosp,0,2026-10-10,27,quantile,0.4,30
2026-10-10,wk inc flu hosp,0,2026-10-10,27,quantile,0.45,32
2026-10-10,wk inc flu hosp,0,2026-10-10,27,quantile,0.5,33
2026-10-10,wk inc flu hosp,0,2026-10-10,27,quantile,0.55,34
2026-10-10,wk inc flu hosp,0,2026-10-10,27,quantile,0.6,36
2026-10-10,wk inc flu hosp,0,2026-10-10,27,quantile,0.65,37
2026-10-10,wk inc flu hosp,0,2026-10-10,27,quantile,0.7,39
2026-10-10,wk inc flu hosp,0,2026-10-10,27,quantile,0.75,41
2026-10-10,wk inc flu hosp,0,2026-10-10,27,quantile,0.8,44
2026-10-10,wk inc flu hosp,0,2026-10-10,27,quantile,0.85,48
2026-10-10,wk inc flu hosp,0,2026-10-10,27,quantile,0.9,53
2026-10-10,wk inc flu hosp,0,2026-10-10,27,quantile,0.95,62
2026-10-10,wk inc flu hosp,0,2026-10-10,27,quantile,0.975,72
2026-10-10,wk inc flu hosp,0,2026-10-10,27,quantile,0.99,86
2026-10-10,wk inc flu hosp,1,2026-10-17,27,quantile,0.01,15
2026-10-10,wk inc flu hosp,1,2026-10-17,27,quantile,0.025,17
2026-10-10,wk inc flu hosp,1,2026-10-17,27,quantile,0.05,19
2026-10-10,wk inc flu hosp,1,2026-10-17,27,quantile,0.1,21
2026-10-10,wk inc flu hosp,1,2026-10-17,27,quantile,0.15,24
2026-10-10,wk inc flu hosp,1,2026-10-17,27,quantile,0.2,26
2026-10-10,wk inc flu hosp,1,2026-10-17,27,quantile,0.25,28
2026-10-10,wk inc flu hosp,1,2026-10-17,27,quantile,0.3,30
2026-10-10,wk inc flu hosp,1,2026-10-17,27,quantile,0.35,32
2026-10-10,wk inc flu hosp,1,2026-10-17,27,quantile,0.4,34
2026-10-10,wk inc flu hosp,1,2026-10-17,27,quantile,0.45,36
2026-10-10,wk inc flu hosp,1,2026-10-17,27,quantile,0.5,38
2026-10-10,wk inc flu hosp,1,2026-10-17,27,quantile,0.55,40
2026-10-10,wk inc flu hosp,1,2026-10-17,27,quantile,0.6,42
2026-10-10,wk inc flu hosp,1,2026-10-17,27,quantile,0.65,44
2026-10-10,wk inc flu hosp,1,2026-10-17,27,quantile,0.7,47
2026-10-10,wk inc flu hosp,1,2026-10-17,27,quantile,0.75,50
2026-10-10,wk inc flu hosp,1,2026-10-17,27,quantile,0.8,54
2026-10-10,wk inc flu hosp,1,2026-10-17,27,quantile,0.85,60
2026-10-10,wk inc flu hosp,1,2026-10-17,27,quantile,0.9,67
2026-10-10,wk inc flu hosp,1,2026-10-17,27,quantile,0.95,86
2026-10-10,wk inc flu hosp,1,2026-10-17,27,quantile,0.975,109
2026-10-10,wk inc flu hosp,1,2026-10-17,27,quantile,0.99,150
2026-10-10,wk inc flu hosp,2,2026-10-24,27,quantile,0.01,16
2026-10-10,wk inc flu hosp,2,2026-10-24,27,quantile,0.025,18
2026-10-10,wk inc flu hosp,2,2026-10-24,27,quantile,0.05,20
2026-10-10,wk inc flu hosp,2,2026-10-24,27,quantile,0.1,23
2026-10-10,wk inc flu hosp,2,2026-10-24,27,quantile,0.15,26
2026-10-10,wk inc flu hosp,2,2026-10-24,27,quantile,0.2,29
2026-10-10,wk inc flu hosp,2,2026-10-24,27,quantile,0.25,31
2026-10-10,wk inc flu hosp,2,2026-10-24,27,quantile,0.3,35
2026-10-10,wk inc flu hosp,2,2026-10-24,27,quantile,0.35,37
2026-10-10,wk inc flu hosp,2,2026-10-24,27,quantile,0.4,40
2026-10-10,wk inc flu hosp,2,2026-10-24,27,quantile,0.45,42
2026-10-10,wk inc flu hosp,2,2026-10-24,27,quantile,0.5,45
2026-10-10,wk inc flu hosp,2,2026-10-24,27,quantile,0.55,47
2026-10-10,wk inc flu hosp,2,2026-10-24,27,quantile,0.6,50
2026-10-10,wk inc flu hosp,2,2026-10-24,27,quantile,0.65,54
2026-10-10,wk inc flu hosp,2,2026-10-24,27,quantile,0.7,58
2026-10-10,wk inc flu hosp,2,2026-10-24,27,quantile,0.75,62
2026-10-10,wk inc flu hosp,2,2026-10-24,27,quantile,0.8,68
2026-10-10,wk inc flu hosp,2,2026-10-24,27,quantile,0.85,75
2026-10-10,wk inc flu hosp,2,2026-10-24,27,quantile,0.9,86
2026-10-10,wk inc flu hosp,2,2026-10-24,27,quantile,0.95,114
2026-10-10,wk inc flu hosp,2,2026-10-24,27,quantile,0.975,147
2026-10-10,wk inc flu hosp,2,2026-10-24,27,quantile,0.99,209
2026-10-10,wk inc flu hosp,3,2026-10-31,27,quantile,0.01,17
2026-10-10,wk inc flu hosp,3,2026-10-31,27,quantile,0.025,19
2026-10-10,wk inc flu hosp,3,2026-10-31,27,quantile,0.05,22
2026-10-10,wk inc flu hosp,3,2026-10-31,27,quantile,0.1,25
2026-10-10,wk inc flu hosp,3,2026-10-31,27,quantile,0.15,29
2026-10-10,wk inc flu hosp,3,2026-10-31,27,quantile,0.2,32
2026-10-10,wk inc flu hosp,3,2026-10-31,27,quantile,0.25,36
2026-10-10,wk inc flu hosp,3,2026-10-31,27,quantile,0.3,40
2026-10-10,wk inc flu hosp,3,2026-10-31,27,quantile,0.35,44
2026-10-10,wk inc flu hosp,3,2026-10-31,27,quantile,0.4,47
2026-10-10,wk inc flu hosp,3,2026-10-31,27,quantile,0.45,51
2026-10-10,wk inc flu hosp,3,2026-10-31,27,quantile,0.5,55
2026-10-10,wk inc flu hosp,3,2026-10-31,27,quantile,0.55,59
2026-10-10,wk inc flu hosp,3,2026-10-31,27,quantile,0.6,64
2026-10-10,wk inc flu hosp,3,2026-10-31,27,quantile,0.65,69
2026-10-10,wk inc flu hosp,3,2026-10-31,27,quantile,0.7,74
2026-10-10,wk inc flu hosp,3,2026-10-31,27,quantile,0.75,80
2026-10-10,wk inc flu hosp,3,2026-10-31,27,quantile,0.8,88
2026-10-10,wk inc flu hosp,3,2026-10-31,27,quantile,0.85,99
2026-10-10,wk inc flu hosp,3,2026-10-31,27,quantile,0.9,114
2026-10-10,wk inc flu hosp,3,2026-10-31,27,quantile,0.95,154
2026-10-10,wk inc flu hosp,3,2026-10-31,27,quantile,0.975,202
2026-10-10,wk inc flu hosp,3,2026-10-31,27,quantile,0.99,292
2026-10-10,wk inc flu hosp,-1,2026-10-03,28,quantile,0.01,15
2026-10-10,wk inc flu hosp,-1,2026-10-03,28,quantile,0.025,16
2026-10-10,wk inc flu hosp,-1,2026-10-03,28,quantile,0.05,17
2026-10-10,wk inc flu hosp,-1,2026-10-03,28,quantile,0.1,18
2026-10-10,wk inc flu hosp,-1,2026-10-03,28,quantile,0.15,18
2026-10-10,wk inc flu hosp,-1,2026-10-03,28,quantile,0.2,19
2026-10-10,wk inc flu hosp,-1,2026-10-03,28,quantile,0.25,20
2026-10-10,wk inc flu hosp,-1,2026-10-03,28,quantile,0.3,20
2026-10-10,wk inc flu hosp,-1,2026-10-03,28,quantile,0.35,21
2026-10-10,wk inc flu hosp,-1,2026-10-03,28,quantile,0.4,21
2026-10-10,wk inc flu hosp,-1,2026-10-03,28,quantile,0.45,22
2026-10-10,wk inc flu hosp,-1,2026-10-03,28,quantile,0.5,22
2026-10-10,wk inc flu hosp,-1,2026-10-03,28,quantile,0.55,23
2026-10-10,wk inc flu hosp,-1,2026-10-03,28,quantile,0.6,23
2026-10-10,wk inc flu hosp,-1,2026-10-03,28,quantile,0.65,24
2026-10-10,wk inc flu hosp,-1,2026-10-03,28,quantile,0.7,24
2026-10-10,wk inc flu hosp,-1,2026-10-03,28,quantile,0.75,25
2026-10-10,wk inc flu hosp,-1,2026-10-03,28,quantile,0.8,26
2026-10-10,wk inc flu hosp,-1,2026-10-03,28,quantile,0.85,26
2026-10-10,wk inc flu hosp,-1,2026-10-03,28,quantile,0.9,28
2026-10-10,wk inc flu hosp,-1,2026-10-03,28,quantile,0.95,29
2026-10-10,wk inc flu hosp,-1,2026-10-03,28,quantile,0.975,32
2026-10-10,wk inc flu hosp,-1,2026-10-03,28,quantile,0.99,34
2026-10-10,wk inc flu hosp,0,2026-10-10,28,quantile,0.01,12
2026-10-10,wk inc flu hosp,0,2026-10-10,28,quantile,0.025,13
2026-10-10,wk inc flu hosp,0,2026-10-10,28,quantile,0.05,14
2026-10-10,wk inc flu hosp,0,2026-10-10,28,quantile,0.1,16
2026-10-10,wk inc flu hosp,0,2026-10-10,28,quantile,0.15,17
2026-10-10,wk inc flu hosp,0,2026-10-10,28,quantile,0.2,19
2026-10-10,wk inc flu hosp,0,2026-10-10,28,quantile,0.25,19
2026-10-10,wk inc flu hosp,0,2026-10-10,28,quantile,0.3,20
2026-10-10,wk inc flu hosp,0,2026-10-10,28,quantile,0.35,21
2026-10-10,wk inc flu hosp,0,2026-10-10,28,quantile,0.4,22
2026-10-10,wk inc flu hosp,0,2026-10-10,28,quantile,0.45,23
2026-10-10,wk inc flu hosp,0,2026-10-10,28,quantile,0.5,24
2026-10-10,wk inc flu hosp,0,2026-10-10,28,quantile,0.55,24
2026-10-10,wk inc flu hosp,0,2026-10-10,28,quantile,0.6,25
2026-10-10,wk inc flu hosp,0,2026-10-10,28,quantile,0.65,26
2026-10-10,wk inc flu hosp,0,2026-10-10,28,quantile,0.7,27
2026-10-10,wk inc flu hosp,0,2026-10-10,28,quantile,0.75,28
2026-10-10,wk inc flu hosp,0,2026-10-10,28,quantile,0.8,30
2026-10-10,wk inc flu hosp,0,2026-10-10,28,quantile,0.85,32
2026-10-10,wk inc flu hosp,0,2026-10-10,28,quantile,0.9,34
2026-10-10,wk inc flu hosp,0,2026-10-10,28,quantile,0.95,38
2026-10-10,wk inc flu hosp,0,2026-10-10,28,quantile,0.975,42
2026-10-10,wk inc flu hosp,0,2026-10-10,28,quantile,0.99,47
2026-10-10,wk inc flu hosp,1,2026-10-17,28,quantile,0.01,12
2026-10-10,wk inc flu hosp,1,2026-10-17,28,quantile,0.025,13
2026-10-10,wk inc flu hosp,1,2026-10-17,28,quantile,0.05,15
2026-10-10,wk inc flu hosp,1,2026-10-17,28,quantile,0.1,17
2026-10-10,wk inc flu hosp,1,2026-10-17,28,quantile,0.15,18
2026-10-10,wk inc flu hosp,1,2026-10-17,28,quantile,0.2,20
2026-10-10,wk inc flu hosp,1,2026-10-17,28,quantile,0.25,21
2026-10-10,wk inc flu hosp,1,2026-10-17,28,quantile,0.3,22
2026-10-10,wk inc flu hosp,1,2026-10-17,28,quantile,0.35,23
2026-10-10,wk inc flu hosp,1,2026-10-17,28,quantile,0.4,24
2026-10-10,wk inc flu hosp,1,2026-10-17,28,quantile,0.45,25
2026-10-10,wk inc flu hosp,1,2026-10-17,28,quantile,0.5,26
2026-10-10,wk inc flu hosp,1,2026-10-17,28,quantile,0.55,28
2026-10-10,wk inc flu hosp,1,2026-10-17,28,quantile,0.6,29
2026-10-10,wk inc flu hosp,1,2026-10-17,28,quantile,0.65,30
2026-10-10,wk inc flu hosp,1,2026-10-17,28,quantile,0.7,32
2026-10-10,wk inc flu hosp,1,2026-10-17,28,quantile,0.75,33
2026-10-10,wk inc flu hosp,1,2026-10-17,28,quantile,0.8,35
2026-10-10,wk inc flu hosp,1,2026-10-17,28,quantile,0.85,38
2026-10-10,wk inc flu hosp,1,2026-10-17,28,quantile,0.9,42
2026-10-10,wk inc flu hosp,1,2026-10-17,28,quantile,0.95,48
2026-10-10,wk inc flu hosp,1,2026-10-17,28,quantile,0.975,54
2026-10-10,wk inc flu hosp,1,2026-10-17,28,quantile,0.99,61
2026-10-10,wk inc flu hosp,2,2026-10-24,28,quantile,0.01,11
2026-10-10,wk inc flu hosp,2,2026-10-24,28,quantile,0.025,13
2026-10-10,wk inc flu hosp,2,2026-10-24,28,quantile,0.05,15
2026-10-10,wk inc flu hosp,2,2026-10-24,28,quantile,0.1,17
2026-10-10,wk inc flu hosp,2,2026-10-24,28,quantile,0.15,19
2026-10-10,wk inc flu hosp,2,2026-10-24,28,quantile,0.2,21
2026-10-10,wk inc flu hosp,2,2026-10-24,28,quantile,0.25,23
2026-10-10,wk inc flu hosp,2,2026-10-24,28,quantile,0.3,24
2026-10-10,wk inc flu hosp,2,2026-10-24,28,quantile,0.35,26
2026-10-10,wk inc flu hosp,2,2026-10-24,28,quantile,0.4,27
2026-10-10,wk inc flu hosp,2,2026-10-24,28,quantile,0.45,29
2026-10-10,wk inc flu hosp,2,2026-10-24,28,quantile,0.5,30
2026-10-10,wk inc flu hosp,2,2026-10-24,28,quantile,0.55,32
2026-10-10,wk inc flu hosp,2,2026-10-24,28,quantile,0.6,34
2026-10-10,wk inc flu hosp,2,2026-10-24,28,quantile,0.65,36
2026-10-10,wk inc flu hosp,2,2026-10-24,28,quantile,0.7,38
2026-10-10,wk inc flu hosp,2,2026-10-24,28,quantile,0.75,41
2026-10-10,wk inc flu hosp,2,2026-10-24,28,quantile,0.8,44
2026-10-10,wk inc flu hosp,2,2026-10-24,28,quantile,0.85,48
2026-10-10,wk inc flu hosp,2,2026-10-24,28,quantile,0.9,54
2026-10-10,wk inc flu hosp,2,2026-10-24,28,quantile,0.95,62
2026-10-10,wk inc flu hosp,2,2026-10-24,28,quantile,0.975,70
2026-10-10,wk inc flu hosp,2,2026-10-24,28,quantile,0.99,80
2026-10-10,wk inc flu hosp,3,2026-10-31,28,quantile,0.01,10
2026-10-10,wk inc flu hosp,3,2026-10-31,28,quantile,0.025,12
2026-10-10,wk inc flu hosp,3,2026-10-31,28,quantile,0.05,14
2026-10-10,wk inc flu hosp,3,2026-10-31,28,quantile,0.1,17
2026-10-10,wk inc flu hosp,3,2026-10-31,28,quantile,0.15,19
2026-10-10,wk inc flu hosp,3,2026-10-31,28,quantile,0.2,22
2026-10-10,wk inc flu hosp,3,2026-10-31,28,quantile,0.25,24
2026-10-10,wk inc flu hosp,3,2026-10-31,28,quantile,0.3,26
2026-10-10,wk inc flu hosp,3,2026-10-31,28,quantile,0.35,28
2026-10-10,wk inc flu hosp,3,2026-10-31,28,quantile,0.4,30
2026-10-10,wk inc flu hosp,3,2026-10-31,28,quantile,0.45,32
2026-10-10,wk inc flu hosp,3,2026-10-31,28,quantile,0.5,34
2026-10-10,wk inc flu hosp,3,2026-10-31,28,quantile,0.55,37
2026-10-10,wk inc flu hosp,3,2026-10-31,28,quantile,0.6,40
2026-10-10,wk inc flu hosp,3,2026-10-31,28,quantile,0.65,43
2026-10-10,wk inc flu hosp,3,2026-10-31,28,quantile,0.7,46
2026-10-10,wk inc flu hosp,3,2026-10-31,28,quantile,0.75,50
2026-10-10,wk inc flu hosp,3,2026-10-31,28,quantile,0.8,55
2026-10-10,wk inc flu hosp,3,2026-10-31,28,quantile,0.85,62
2026-10-10,wk inc flu hosp,3,2026-10-31,28,quantile,0.9,70
2026-10-10,wk inc flu hosp,3,2026-10-31,28,quantile,0.95,82
2026-10-10,wk inc flu hosp,3,2026-10-31,28,quantile,0.975,94
2026-10-10,wk inc flu hosp,3,2026-10-31,28,quantile,0.99,110
2026-10-10,wk inc flu hosp,-1,2026-10-03,29,quantile,0.01,24
2026-10-10,wk inc flu hosp,-1,2026-10-03,29,quantile,0.025,25
2026-10-10,wk inc flu hosp,-1,2026-10-03,29,quantile,0.05,27
2026-10-10,wk inc flu hosp,-1,2026-10-03,29,quantile,0.1,29
2026-10-10,wk inc flu hosp,-1,2026-10-03,29,quantile,0.15,30
2026-10-10,wk inc flu hosp,-1,2026-10-03,29,quantile,0.2,31
2026-10-10,wk inc flu hosp,-1,2026-10-03,29,quantile,0.25,32
2026-10-10,wk inc flu hosp,-1,2026-10-03,29,quantile,0.3,33
2026-10-10,wk inc flu hosp,-1,2026-10-03,29,quantile,0.35,33
2026-10-10,wk inc flu hosp,-1,2026-10-03,29,quantile,0.4,34
2026-10-10,wk inc flu hosp,-1,2026-10-03,29,quantile,0.45,35
2026-10-10,wk inc flu hosp,-1,2026-10-03,29,quantile,0.5,36
2026-10-10,wk inc flu hosp,-1,2026-10-03,29,quantile,0.55,37
2026-10-10,wk inc flu hosp,-1,2026-10-03,29,quantile,0.6,37
2026-10-10,wk inc flu hosp,-1,2026-10-03,29,quantile,0.65,38
2026-10-10,wk inc flu hosp,-1,2026-10-03,29,quantile,0.7,39
2026-10-10,wk inc flu hosp,-1,2026-10-03,29,quantile,0.75,40
2026-10-10,wk inc flu hosp,-1,2026-10-03,29,quantile,0.8,41
2026-10-10,wk inc flu hosp,-1,2026-10-03,29,quantile,0.85,43
2026-10-10,wk inc flu hosp,-1,2026-10-03,29,quantile,0.9,45
2026-10-10,wk inc flu hosp,-1,2026-10-03,29,quantile,0.95,48
2026-10-10,wk inc flu hosp,-1,2026-10-03,29,quantile,0.975,51
2026-10-10,wk inc flu hosp,-1,2026-10-03,29,quantile,0.99,54
2026-10-10,wk inc flu hosp,0,2026-10-10,29,quantile,0.01,18
2026-10-10,wk inc flu hosp,0,2026-10-10,29,quantile,0.025,20
2026-10-10,wk inc flu hosp,0,2026-10-10,29,quantile,0.05,22
2026-10-10,wk inc flu hosp,0,2026-10-10,29,quantile,0.1,24
2026-10-10,wk inc flu hosp,0,2026-10-10,29,quantile,0.15,27
2026-10-10,wk inc flu hosp,0,2026-10-10,29,quantile,0.2,29
2026-10-10,wk inc flu hosp,0,2026-10-10,29,quantile,0.25,31
2026-10-10,wk inc flu hosp,0,2026-10-10,29,quantile,0.3,32
2026-10-10,wk inc flu hosp,0,2026-10-10,29,quantile,0.35,34
2026-10-10,wk inc flu hosp,0,2026-10-10,29,quantile,0.4,35
2026-10-10,wk inc flu hosp,0,2026-10-10,29,quantile,0.45,36
2026-10-10,wk inc flu hosp,0,2026-10-10,29,quantile,0.5,37
2026-10-10,wk inc flu hosp,0,2026-10-10,29,quantile,0.55,39
2026-10-10,wk inc flu hosp,0,2026-10-10,29,quantile,0.6,40
2026-10-10,wk inc flu hosp,0,2026-10-10,29,quantile,0.65,41
2026-10-10,wk inc flu hosp,0,2026-10-10,29,quantile,0.7,43
2026-10-10,wk inc flu hosp,0,2026-10-10,29,quantile,0.75,45
2026-10-10,wk inc flu hosp,0,2026-10-10,29,quantile,0.8,48
2026-10-10,wk inc flu hosp,0,2026-10-10,29,quantile,0.85,51
2026-10-10,wk inc flu hosp,0,2026-10-10,29,quantile,0.9,55
2026-10-10,wk inc flu hosp,0,2026-10-10,29,quantile,0.95,63
2026-10-10,wk inc flu hosp,0,2026-10-10,29,quantile,0.975,71
2026-10-10,wk inc flu hosp,0,2026-10-10,29,quantile,0.99,82
2026-10-10,wk inc flu hosp,1,2026-10-17,29,quantile,0.01,18
2026-10-10,wk inc flu hosp,1,2026-10-17,29,quantile,0.025,20
2026-10-10,wk inc flu hosp,1,2026-10-17,29,quantile,0.05,22
2026-10-10,wk inc flu hosp,1,2026-10-17,29,quantile,0.1,25
2026-10-10,wk inc flu hosp,1,2026-10-17,29,quantile,0.15,28
2026-10-10,wk inc flu hosp,1,2026-10-17,29,quantile,0.2,30
2026-10-10,wk inc flu hosp,1,2026-10-17,29,quantile,0.25,33
2026-10-10,wk inc flu hosp,1,2026-10-17,29,quantile,0.3,34
2026-10-10,wk inc flu hosp,1,2026-10-17,29,quantile,0.35,36
2026-10-10,wk inc flu hosp,1,2026-10-17,29,quantile,0.4,38
2026-10-10,wk inc flu hosp,1,2026-10-17,29,quantile,0.45,39
2026-10-10,wk inc flu hosp,1,2026-10-17,29,quantile,0.5,41
2026-10-10,wk inc flu hosp,1,2026-10-17,29,quantile,0.55,42
2026-10-10,wk inc flu hosp,1,2026-10-17,29,quantile,0.6,44
2026-10-10,wk inc flu hosp,1,2026-10-17,29,quantile,0.65,46
2026-10-10,wk inc flu hosp,1,2026-10-17,29,quantile,0.7,48
2026-10-10,wk inc flu hosp,1,2026-10-17,29,quantile,0.75,51
2026-10-10,wk inc flu hosp,1,2026-10-17,29,quantile,0.8,54
2026-10-10,wk inc flu hosp,1,2026-10-17,29,quantile,0.85,59
2026-10-10,wk inc flu hosp,1,2026-10-17,29,quantile,0.9,66
2026-10-10,wk inc flu hosp,1,2026-10-17,29,quantile,0.95,76
2026-10-10,wk inc flu hosp,1,2026-10-17,29,quantile,0.975,86
2026-10-10,wk inc flu hosp,1,2026-10-17,29,quantile,0.99,99
2026-10-10,wk inc flu hosp,2,2026-10-24,29,quantile,0.01,18
2026-10-10,wk inc flu hosp,2,2026-10-24,29,quantile,0.025,21
2026-10-10,wk inc flu hosp,2,2026-10-24,29,quantile,0.05,24
2026-10-10,wk inc flu hosp,2,2026-10-24,29,quantile,0.1,27
2026-10-10,wk inc flu hosp,2,2026-10-24,29,quantile,0.15,30
2026-10-10,wk inc flu hosp,2,2026-10-24,29,quantile,0.2,32
2026-10-10,wk inc flu hosp,2,2026-10-24,29,quantile,0.25,35
2026-10-10,wk inc flu hosp,2,2026-10-24,29,quantile,0.3,37
2026-10-10,wk inc flu hosp,2,2026-10-24,29,quantile,0.35,40
2026-10-10,wk inc flu hosp,2,2026-10-24,29,quantile,0.4,42
2026-10-10,wk inc flu hosp,2,2026-10-24,29,quantile,0.45,44
2026-10-10,wk inc flu hosp,2,2026-10-24,29,quantile,0.5,46
2026-10-10,wk inc flu hosp,2,2026-10-24,29,quantile,0.55,48
2026-10-10,wk inc flu hosp,2,2026-10-24,29,quantile,0.6,50
2026-10-10,wk inc flu hosp,2,2026-10-24,29,quantile,0.65,53
2026-10-10,wk inc flu hosp,2,2026-10-24,29,quantile,0.7,56
2026-10-10,wk inc flu hosp,2,2026-10-24,29,quantile,0.75,60
2026-10-10,wk inc flu hosp,2,2026-10-24,29,quantile,0.8,65
2026-10-10,wk inc flu hosp,2,2026-10-24,29,quantile,0.85,71
2026-10-10,wk inc flu hosp,2,2026-10-24,29,quantile,0.9,80
2026-10-10,wk inc flu hosp,2,2026-10-24,29,quantile,0.95,93
2026-10-10,wk inc flu hosp,2,2026-10-24,29,quantile,0.975,106
2026-10-10,wk inc flu hosp,2,2026-10-24,29,quantile,0.99,123
2026-10-10,wk inc flu hosp,3,2026-10-31,29,quantile,0.01,17
2026-10-10,wk inc flu hosp,3,2026-10-31,29,quantile,0.025,20
2026-10-10,wk inc flu hosp,3,2026-10-31,29,quantile,0.05,23
2026-10-10,wk inc flu hosp,3,2026-10-31,29,quantile,0.1,27
2026-10-10,wk inc flu hosp,3,2026-10-31,29,quantile,0.15,30
2026-10-10,wk inc flu hosp,3,2026-10-31,29,quantile,0.2,34
2026-10-10,wk inc flu hosp,3,2026-10-31,29,quantile,0.25,37
2026-10-10,wk inc flu hosp,3,2026-10-31,29,quantile,0.3,40
2026-10-10,wk inc flu hosp,3,2026-10-31,29,quantile,0.35,43
2026-10-10,wk inc flu hosp,3,2026-10-31,29,quantile,0.4,46
2026-10-10,wk inc flu hosp,3,2026-10-31,29,quantile,0.45,49
2026-10-10,wk inc flu hosp,3,2026-10-31,29,quantile,0.5,52
2026-10-10,wk inc flu hosp,3,2026-10-31,29,quantile,0.55,55
2026-10-10,wk inc flu hosp,3,2026-10-31,29,quantile,0.6,58
2026-10-10,wk inc flu hosp,3,2026-10-31,29,quantile,0.65,62
2026-10-10,wk inc flu hosp,3,2026-10-31,29,quantile,0.7,66
2026-10-10,wk inc flu hosp,3,2026-10-31,29,quantile,0.75,72
2026-10-10,wk inc flu hosp,3,2026-10-31,29,quantile,0.8,79
2026-10-10,wk inc flu hosp,3,2026-10-31,29,quantile,0.85,88
2026-10-10,wk inc flu hosp,3,2026-10-31,29,quantile,0.9,102
2026-10-10,wk inc flu hosp,3,2026-10-31,29,quantile,0.95,121
2026-10-10,wk inc flu hosp,3,2026-10-31,29,quantile,0.975,141
2026-10-10,wk inc flu hosp,3,2026-10-31,29,quantile,0.99,168
2026-10-10,wk inc flu hosp,-1,2026-10-03,30,quantile,0.01,8
2026-10-10,wk inc flu hosp,-1,2026-10-03,30,quantile,0.025,9
2026-10-10,wk inc flu hosp,-1,2026-10-03,30,quantile,0.05,10
2026-10-10,wk inc flu hosp,-1,2026-10-03,30,quantile,0.1,11
2026-10-10,wk inc flu hosp,-1,2026-10-03,30,quantile,0.15,12
2026-10-10,wk inc flu hosp,-1,2026-10-03,30,quantile,0.2,13
2026-10-10,wk inc flu hosp,-1,2026-10-03,30,quantile,0.25,14
2026-10-10,wk inc flu hosp,-1,2026-10-03,30,quantile,0.3,14
2026-10-10,wk inc flu hosp,-1,2026-10-03,30,quantile,0.35,15
2026-10-10,wk inc flu hosp,-1,2026-10-03,30,quantile,0.4,16
2026-10-10,wk inc flu hosp,-1,2026-10-03,30,quantile,0.45,16
2026-10-10,wk inc flu hosp,-1,2026-10-03,30,quantile,0.5,17
2026-10-10,wk inc flu hosp,-1,2026-10-03,30,quantile,0.55,18
2026-10-10,wk inc flu hosp,-1,2026-10-03,30,quantile,0.6,18
2026-10-10,wk inc flu hosp,-1,2026-10-03,30,quantile,0.65,19
2026-10-10,wk inc flu hosp,-1,2026-10-03,30,quantile,0.7,20
2026-10-10,wk inc flu hosp,-1,2026-10-03,30,quantile,0.75,21
2026-10-10,wk inc flu hosp,-1,2026-10-03,30,quantile,0.8,22
2026-10-10,wk inc flu hosp,-1,2026-10-03,30,quantile,0.85,24
2026-10-10,wk inc flu hosp,-1,2026-10-03,30,quantile,0.9,26
2026-10-10,wk inc flu hosp,-1,2026-10-03,30,quantile,0.95,30
2026-10-10,wk inc flu hosp,-1,2026-10-03,30,quantile,0.975,34
2026-10-10,wk inc flu hosp,-1,2026-10-03,30,quantile,0.99,41
2026-10-10,wk inc flu hosp,0,2026-10-10,30,quantile,0.01,5
2026-10-10,wk inc flu hosp,0,2026-10-10,30,quantile,0.025,6
2026-10-10,wk inc flu hosp,0,2026-10-10,30,quantile,0.05,7
2026-10-10,wk inc flu hosp,0,2026-10-10,30,quantile,0.1,9
2026-10-10,wk inc flu hosp,0,2026-10-10,30,quantile,0.15,10
2026-10-10,wk inc flu hosp,0,2026-10-10,30,quantile,0.2,12
2026-10-10,wk inc flu hosp,0,2026-10-10,30,quantile,0.25,13
2026-10-10,wk inc flu hosp,0,2026-10-10,30,quantile,0.3,14
2026-10-10,wk inc flu hosp,0,2026-10-10,30,quantile,0.35,15
2026-10-10,wk inc flu hosp,0,2026-10-10,30,quantile,0.4,16
2026-10-10,wk inc flu hosp,0,2026-10-10,30,quantile,0.45,17
2026-10-10,wk inc flu hosp,0,2026-10-10,30,quantile,0.5,18
2026-10-10,wk inc flu hosp,0,2026-10-10,30,quantile,0.55,19
2026-10-10,wk inc flu hosp,0,2026-10-10,30,quantile,0.6,20
2026-10-10,wk inc flu hosp,0,2026-10-10,30,quantile,0.65,22
2026-10-10,wk inc flu hosp,0,2026-10-10,30,quantile,0.7,23
2026-10-10,wk inc flu hosp,0,2026-10-10,30,quantile,0.75,25
2026-10-10,wk inc flu hosp,0,2026-10-10,30,quantile,0.8,27
2026-10-10,wk inc flu hosp,0,2026-10-10,30,quantile,0.85,31
2026-10-10,wk inc flu hosp,0,2026-10-10,30,quantile,0.9,35
2026-10-10,wk inc flu hosp,0,2026-10-10,30,quantile,0.95,43
2026-10-10,wk inc flu hosp,0,2026-10-10,30,quantile,0.975,52
2026-10-10,wk inc flu hosp,0,2026-10-10,30,quantile,0.99,63
2026-10-10,wk inc flu hosp,1,2026-10-17,30,quantile,0.01,4
2026-10-10,wk inc flu hosp,1,2026-10-17,30,quantile,0.025,5
2026-10-10,wk inc flu hosp,1,2026-10-17,30,quantile,0.05,7
2026-10-10,wk inc flu hosp,1,2026-10-17,30,quantile,0.1,9
2026-10-10,wk inc flu hosp,1,2026-10-17,30,quantile,0.15,10
2026-10-10,wk inc flu hosp,1,2026-10-17,30,quantile,0.2,12
2026-10-10,wk inc flu hosp,1,2026-10-17,30,quantile,0.25,13
2026-10-10,wk inc flu hosp,1,2026-10-17,30,quantile,0.3,14
2026-10-10,wk inc flu hosp,1,2026-10-17,30,quantile,0.35,16
2026-10-10,wk inc flu hosp,1,2026-10-17,30,quantile,0.4,17
2026-10-10,wk inc flu hosp,1,2026-10-17,30,quantile,0.45,18
2026-10-10,wk inc flu hosp,1,2026-10-17,30,quantile,0.5,19
2026-10-10,wk inc flu hosp,1,2026-10-17,30,quantile,0.55,20
2026-10-10,wk inc flu hosp,1,2026-10-17,30,quantile,0.6,22
2026-10-10,wk inc flu hosp,1,2026-10-17,30,quantile,0.65,24
2026-10-10,wk inc flu hosp,1,2026-10-17,30,quantile,0.7,26
2026-10-10,wk inc flu hosp,1,2026-10-17,30,quantile,0.75,29
2026-10-10,wk inc flu hosp,1,2026-10-17,30,quantile,0.8,33
2026-10-10,wk inc flu hosp,1,2026-10-17,30,quantile,0.85,37
2026-10-10,wk inc flu hosp,1,2026-10-17,30,quantile,0.9,43
2026-10-10,wk inc flu hosp,1,2026-10-17,30,quantile,0.95,55
2026-10-10,wk inc flu hosp,1,2026-10-17,30,quantile,0.975,67
2026-10-10,wk inc flu hosp,1,2026-10-17,30,quantile,0.99,84
2026-10-10,wk inc flu hosp,2,2026-10-24,30,quantile,0.01,4
2026-10-10,wk inc flu hosp,2,2026-10-24,30,quantile,0.025,5
2026-10-10,wk inc flu hosp,2,2026-10-24,30,quantile,0.05,6
2026-10-10,wk inc flu hosp,2,2026-10-24,30,quantile,0.1,8
2026-10-10,wk inc flu hosp,2,2026-10-24,30,quantile,0.15,10
2026-10-10,wk inc flu hosp,2,2026-10-24,30,quantile,0.2,12
2026-10-10,wk inc flu hosp,2,2026-10-24,30,quantile,0.25,14
2026-10-10,wk inc flu hosp,2,2026-10-24,30,quantile,0.3,15
2026-10-10,wk inc flu hosp,2,2026-10-24,30,quantile,0.35,17
2026-10-10,wk inc flu hosp,2,2026-10-24,30,quantile,0.4,18
2026-10-10,wk inc flu hosp,2,2026-10-24,30,quantile,0.45,19
2026-10-10,wk inc flu hosp,2,2026-10-24,30,quantile,0.5,21
2026-10-10,wk inc flu hosp,2,2026-10-24,30,quantile,0.55,22
2026-10-10,wk inc flu hosp,2,2026-10-24,30,quantile,0.6,24
2026-10-10,wk inc flu hosp,2,2026-10-24,30,quantile,0.65,27
2026-10-10,wk inc flu hosp,2,2026-10-24,30,quantile,0.7,30
2026-10-10,wk inc flu hosp,2,2026-10-24,30,quantile,0.75,34
2026-10-10,wk inc flu hosp,2,2026-10-24,30,quantile,0.8,38
2026-10-10,wk inc flu hosp,2,2026-10-24,30,quantile,0.85,45
2026-10-10,wk inc flu hosp,2,2026-10-24,30,quantile,0.9,54
2026-10-10,wk inc flu hosp,2,2026-10-24,30,quantile,0.95,70
2026-10-10,wk inc flu hosp,2,2026-10-24,30,quantile,0.975,89
2026-10-10,wk inc flu hosp,2,2026-10-24,30,quantile,0.99,116
2026-10-10,wk inc flu hosp,3,2026-10-31,30,quantile,0.01,4
2026-10-10,wk inc flu hosp,3,2026-10-31,30,quantile,0.025,5
2026-10-10,wk inc flu hosp,3,2026-10-31,30,quantile,0.05,6
2026-10-10,wk inc flu hosp,3,2026-10-31,30,quantile,0.1,8
2026-10-10,wk inc flu hosp,3,2026-10-31,30,quantile,0.15,10
2026-10-10,wk inc flu hosp,3,2026-10-31,30,quantile,0.2,13
2026-10-10,wk inc flu hosp,3,2026-10-31,30,quantile,0.25,14
2026-10-10,wk inc flu hosp,3,2026-10-31,30,quantile,0.3,16
2026-10-10,wk inc flu hosp,3,2026-10-31,30,quantile,0.35,18
2026-10-10,wk inc flu hosp,3,2026-10-31,30,quantile,0.4,20
2026-10-10,wk inc flu hosp,3,2026-10-31,30,quantile,0.45,21
2026-10-10,wk inc flu hosp,3,2026-10-31,30,quantile,0.5,23
2026-10-10,wk inc flu hosp,3,2026-10-31,30,quantile,0.55,25
2026-10-10,wk inc flu hosp,3,2026-10-31,30,quantile,0.6,27
2026-10-10,wk inc flu hosp,3,2026-10-31,30,quantile,0.65,30
2026-10-10,wk inc flu hosp,3,2026-10-31,30,quantile,0.7,35
2026-10-10,wk inc flu hosp,3,2026-10-31,30,quantile,0.75,40
2026-10-10,wk inc flu hosp,3,2026-10-31,30,quantile,0.8,46
2026-10-10,wk inc flu hosp,3,2026-10-31,30,quantile,0.85,55
2026-10-10,wk inc flu hosp,3,2026-10-31,30,quantile,0.9,66
2026-10-10,wk inc flu hosp,3,2026-10-31,30,quantile,0.95,90
2026-10-10,wk inc flu hosp,3,2026-10-31,30,quantile,0.975,117
2026-10-10,wk inc flu hosp,3,2026-10-31,30,quantile,0.99,159
2026-10-10,wk inc flu hosp,-1,2026-10-03,31,quantile,0.01,8
2026-10-10,wk inc flu hosp,-1,2026-10-03,31,quantile,0.025,8
2026-10-10,wk inc flu hosp,-1,2026-10-03,31,quantile,0.05,9
2026-10-10,wk inc flu hosp,-1,2026-10-03,31,quantile,0.1,11
2026-10-10,wk inc flu hosp,-1,2026-10-03,31,quantile,0.15,12
2026-10-10,wk inc flu hosp,-1,2026-10-03,31,quantile,0.2,13
2026-10-10,wk inc flu hosp,-1,2026-10-03,31,quantile,0.25,13
2026-10-10,wk inc flu hosp,-1,2026-10-03,31,quantile,0.3,14
2026-10-10,wk inc flu hosp,-1,2026-10-03,31,quantile,0.35,15
2026-10-10,wk inc flu hosp,-1,2026-10-03,31,quantile,0.4,16
2026-10-10,wk inc flu hosp,-1,2026-10-03,31,quantile,0.45,17
2026-10-10,wk inc flu hosp,-1,2026-10-03,31,quantile,0.5,18
2026-10-10,wk inc flu hosp,-1,2026-10-03,31,quantile,0.55,19
2026-10-10,wk inc flu hosp,-1,2026-10-03,31,quantile,0.6,21
2026-10-10,wk inc flu hosp,-1,2026-10-03,31,quantile,0.65,22
2026-10-10,wk inc flu hosp,-1,2026-10-03,31,quantile,0.7,24
2026-10-10,wk inc flu hosp,-1,2026-10-03,31,quantile,0.75,26
2026-10-10,wk inc flu hosp,-1,2026-10-03,31,quantile,0.8,28
2026-10-10,wk inc flu hosp,-1,2026-10-03,31,quantile,0.85,32
2026-10-10,wk inc flu hosp,-1,2026-10-03,31,quantile,0.9,37
2026-10-10,wk inc flu hosp,-1,2026-10-03,31,quantile,0.95,48
2026-10-10,wk inc flu hosp,-1,2026-10-03,31,quantile,0.975,60
2026-10-10,wk inc flu hosp,-1,2026-10-03,31,quantile,0.99,84
2026-10-10,wk inc flu hosp,0,2026-10-10,31,quantile,0.01,3
2026-10-10,wk inc flu hosp,0,2026-10-10,31,quantile,0.025,4
2026-10-10,wk inc flu hosp,0,2026-10-10,31,quantile,0.05,5
2026-10-10,wk inc flu hosp,0,2026-10-10,31,quantile,0.1,8
2026-10-10,wk inc flu hosp,0,2026-10-10,31,quantile,0.15,10
2026-10-10,wk inc flu hosp,0,2026-10-10,31,quantile,0.2,12
2026-10-10,wk inc flu hosp,0,2026-10-10,31,quantile,0.25,14
2026-10-10,wk inc flu hosp,0,2026-10-10,31,quantile,0.3,16
2026-10-10,wk inc flu hosp,0,2026-10-10,31,quantile,0.35,18
2026-10-10,wk inc flu hosp,0,2026-10-10,31,quantile,0.4,20
2026-10-10,wk inc flu hosp,0,2026-10-10,31,quantile,0.45,23
2026-10-10,wk inc flu hosp,0,2026-10-10,31,quantile,0.5,25
2026-10-10,wk inc flu hosp,0,2026-10-10,31,quantile,0.55,27
2026-10-10,wk inc flu hosp,0,2026-10-10,31,quantile,0.6,30
2026-10-10,wk inc flu hosp,0,2026-10-10,31,quantile,0.65,33
2026-10-10,wk inc flu hosp,0,2026-10-10,31,quantile,0.7,37
2026-10-10,wk inc flu hosp,0,2026-10-10,31,quantile,0.75,42
2026-10-10,wk inc flu hosp,0,2026-10-10,31,quantile,0.8,47
2026-10-10,wk inc flu hosp,0,2026-10-10,31,quantile,0.85,56
2026-10-10,wk inc flu hosp,0,2026-10-10,31,quantile,0.9,68
2026-10-10,wk inc flu hosp,0,2026-10-10,31,quantile,0.95,92
2026-10-10,wk inc flu hosp,0,2026-10-10,31,quantile,0.975,130
2026-10-10,wk inc flu hosp,0,2026-10-10,31,quantile,0.99,166
2026-10-10,wk inc flu hosp,1,2026-10-17,31,quantile,0.01,4
2026-10-10,wk inc flu hosp,1,2026-10-17,31,quantile,0.025,6
2026-10-10,wk inc flu hosp,1,2026-10-17,31,quantile,0.05,8
2026-10-10,wk inc flu hosp,1,2026-10-17,31,quantile,0.1,12
2026-10-10,wk inc flu hosp,1,2026-10-17,31,quantile,0.15,16
2026-10-10,wk inc flu hosp,1,2026-10-17,31,quantile,0.2,19
2026-10-10,wk inc flu hosp,1,2026-10-17,31,quantile,0.25,22
2026-10-10,wk inc flu hosp,1,2026-10-17,31,quantile,0.3,26
2026-10-10,wk inc flu hosp,1,2026-10-17,31,quantile,0.35,29
2026-10-10,wk inc flu hosp,1,2026-10-17,31,quantile,0.4,33
2026-10-10,wk inc flu hosp,1,2026-10-17,31,quantile,0.45,37
2026-10-10,wk inc flu hosp,1,2026-10-17,31,quantile,0.5,41
2026-10-10,wk inc flu hosp,1,2026-10-17,31,quantile,0.55,46
2026-10-10,wk inc flu hosp,1,2026-10-17,31,quantile,0.6,51
2026-10-10,wk inc flu hosp,1,2026-10-17,31,quantile,0.65,58
2026-10-10,wk inc flu hosp,1,2026-10-17,31,quantile,0.7,65
2026-10-10,wk inc flu hosp,1,2026-10-17,31,quantile,0.75,74
2026-10-10,wk inc flu hosp,1,2026-10-17,31,quantile,0.8,86
2026-10-10,wk inc flu hosp,1,2026-10-17,31,quantile,0.85,103
2026-10-10,wk inc flu hosp,1,2026-10-17,31,quantile,0.9,128
2026-10-10,wk inc flu hosp,1,2026-10-17,31,quantile,0.95,184
2026-10-10,wk inc flu hosp,1,2026-10-17,31,quantile,0.975,245
2026-10-10,wk inc flu hosp,1,2026-10-17,31,quantile,0.99,338
2026-10-10,wk inc flu hosp,2,2026-10-24,31,quantile,0.01,6
2026-10-10,wk inc flu hosp,2,2026-10-24,31,quantile,0.025,9
2026-10-10,wk inc flu hosp,2,2026-10-24,31,quantile,0.05,13
2026-10-10,wk inc flu hosp,2,2026-10-24,31,quantile,0.1,18
2026-10-10,wk inc flu hosp,2,2026-10-24,31,quantile,0.15,24
2026-10-10,wk inc flu hosp,2,2026-10-24,31,quantile,0.2,30
2026-10-10,wk inc flu hosp,2,2026-10-24,31,quantile,0.25,35
2026-10-10,wk inc flu hosp,2,2026-10-24,31,quantile,0.3,41
2026-10-10,wk inc flu hosp,2,2026-10-24,31,quantile,0.35,47
2026-10-10,wk inc flu hosp,2,2026-10-24,31,quantile,0.4,53
2026-10-10,wk inc flu hosp,2,2026-10-24,31,quantile,0.45,60
2026-10-10,wk inc flu hosp,2,2026-10-24,31,quantile,0.5,68
2026-10-10,wk inc flu hosp,2,2026-10-24,31,quantile,0.55,76
2026-10-10,wk inc flu hosp,2,2026-10-24,31,quantile,0.6,86
2026-10-10,wk inc flu hosp,2,2026-10-24,31,quantile,0.65,98
2026-10-10,wk inc flu hosp,2,2026-10-24,31,quantile,0.7,112
2026-10-10,wk inc flu hosp,2,2026-10-24,31,quantile,0.75,130
2026-10-10,wk inc flu hosp,2,2026-10-24,31,quantile,0.8,153
2026-10-10,wk inc flu hosp,2,2026-10-24,31,quantile,0.85,186
2026-10-10,wk inc flu hosp,2,2026-10-24,31,quantile,0.9,238
2026-10-10,wk inc flu hosp,2,2026-10-24,31,quantile,0.95,345
2026-10-10,wk inc flu hosp,2,2026-10-24,31,quantile,0.975,466
2026-10-10,wk inc flu hosp,2,2026-10-24,31,quantile,0.99,674
2026-10-10,wk inc flu hosp,3,2026-10-31,31,quantile,0.01,9
2026-10-10,wk inc flu hosp,3,2026-10-31,31,quantile,0.025,12
2026-10-10,wk inc flu hosp,3,2026-10-31,31,quantile,0.05,17
2026-10-10,wk inc flu hosp,3,2026-10-31,31,quantile,0.1,25
2026-10-10,wk inc flu hosp,3,2026-10-31,31,quantile,0.15,33
2026-10-10,wk inc flu hosp,3,2026-10-31,31,quantile,0.2,40
2026-10-10,wk inc flu hosp,3,2026-10-31,31,quantile,0.25,48
2026-10-10,wk inc flu hosp,3,2026-10-31,31,quantile,0.3,57
2026-10-10,wk inc flu hosp,3,2026-10-31,31,quantile,0.35,65
2026-10-10,wk inc flu hosp,3,2026-10-31,31,quantile,0.4,74
2026-10-10,wk inc flu hosp,3,2026-10-31,31,quantile,0.45,85
2026-10-10,wk inc flu hosp,3,2026-10-31,31,quantile,0.5,96
2026-10-10,wk inc flu hosp,3,2026-10-31,31,quantile,0.55,110
2026-10-10,wk inc flu hosp,3,2026-10-31,31,quantile,0.6,125
2026-10-10,wk inc flu hosp,3,2026-10-31,31,quantile,0.65,144
2026-10-10,wk inc flu hosp,3,2026-10-31,31,quantile,0.7,167
2026-10-10,wk inc flu hosp,3,2026-10-31,31,quantile,0.75,196
2026-10-10,wk inc flu hosp,3,2026-10-31,31,quantile,0.8,234
2026-10-10,wk inc flu hosp,3,2026-10-31,31,quantile,0.85,289
2026-10-10,wk inc flu hosp,3,2026-10-31,31,quantile,0.9,373
2026-10-10,wk inc flu hosp,3,2026-10-31,31,quantile,0.95,562
2026-10-10,wk inc flu hosp,3,2026-10-31,31,quantile,0.975,752
2026-10-10,wk inc flu hosp,3,2026-10-31,31,quantile,0.99,1121
2026-10-10,wk inc flu hosp,-1,2026-10-03,32,quantile,0.01,29
2026-10-10,wk inc flu hosp,-1,2026-10-03,32,quantile,0.025,31
2026-10-10,wk inc flu hosp,-1,2026-10-03,32,quantile,0.05,33
2026-10-10,wk inc flu hosp,-1,2026-10-03,32,quantile,0.1,35
2026-10-10,wk inc flu hosp,-1,2026-10-03,32,quantile,0.15,36
2026-10-10,wk inc flu hosp,-1,2026-10-03,32,quantile,0.2,38
2026-10-10,wk inc flu hosp,-1,2026-10-03,32,quantile,0.25,39
2026-10-10,wk inc flu hosp,-1,2026-10-03,32,quantile,0.3,40
2026-10-10,wk inc flu hosp,-1,2026-10-03,32,quantile,0.35,41
2026-10-10,wk inc flu hosp,-1,2026-10-03,32,quantile,0.4,41
2026-10-10,wk inc flu hosp,-1,2026-10-03,32,quantile,0.45,42
2026-10-10,wk inc flu hosp,-1,2026-10-03,32,quantile,0.5,43
2026-10-10,wk inc flu hosp,-1,2026-10-03,32,quantile,0.55,44
2026-10-10,wk inc flu hosp,-1,2026-10-03,32,quantile,0.6,45
2026-10-10,wk inc flu hosp,-1,2026-10-03,32,quantile,0.65,46
2026-10-10,wk inc flu hosp,-1,2026-10-03,32,quantile,0.7,47
2026-10-10,wk inc flu hosp,-1,2026-10-03,32,quantile,0.75,48
2026-10-10,wk inc flu hosp,-1,2026-10-03,32,quantile,0.8,50
2026-10-10,wk inc flu hosp,-1,2026-10-03,32,quantile,0.85,51
2026-10-10,wk inc flu hosp,-1,2026-10-03,32,quantile,0.9,54
2026-10-10,wk inc flu hosp,-1,2026-10-03,32,quantile,0.95,57
2026-10-10,wk inc flu hosp,-1,2026-10-03,32,quantile,0.975,61
2026-10-10,wk inc flu hosp,-1,2026-10-03,32,quantile,0.99,66
2026-10-10,wk inc flu hosp,0,2026-10-10,32,quantile,0.01,25
2026-10-10,wk inc flu hosp,0,2026-10-10,32,quantile,0.025,28
2026-10-10,wk inc flu hosp,0,2026-10-10,32,quantile,0.05,31
2026-10-10,wk inc flu hosp,0,2026-10-10,32,quantile,0.1,34
2026-10-10,wk inc flu hosp,0,2026-10-10,32,quantile,0.15,37
2026-10-10,wk inc flu hosp,0,2026-10-10,32,quantile,0.2,39
2026-10-10,wk inc flu hosp,0,2026-10-10,32,quantile,0.25,41
2026-10-10,wk inc flu hosp,0,2026-10-10,32,quantile,0.3,43
2026-10-10,wk inc flu hosp,0,2026-10-10,32,quantile,0.35,44
2026-10-10,wk inc flu hosp,0,2026-10-10,32,quantile,0.4,46
2026-10-10,wk inc flu hosp,0,2026-10-10,32,quantile,0.45,47
2026-10-10,wk inc flu hosp,0,2026-10-10,32,quantile,0.5,49
2026-10-10,wk inc flu hosp,0,2026-10-10,32,quantile,0.55,50
2026-10-10,wk inc flu hosp,0,2026-10-10,32,quantile,0.6,52
2026-10-10,wk inc flu hosp,0,2026-10-10,32,quantile,0.65,54
2026-10-10,wk inc flu hosp,0,2026-10-10,32,quantile,0.7,56
2026-10-10,wk inc flu hosp,0,2026-10-10,32,quantile,0.75,58
2026-10-10,wk inc flu hosp,0,2026-10-10,32,quantile,0.8,61
2026-10-10,wk inc flu hosp,0,2026-10-10,32,quantile,0.85,66
2026-10-10,wk inc flu hosp,0,2026-10-10,32,quantile,0.9,72
2026-10-10,wk inc flu hosp,0,2026-10-10,32,quantile,0.95,80
2026-10-10,wk inc flu hosp,0,2026-10-10,32,quantile,0.975,88
2026-10-10,wk inc flu hosp,0,2026-10-10,32,quantile,0.99,98
2026-10-10,wk inc flu hosp,1,2026-10-17,32,quantile,0.01,25
2026-10-10,wk inc flu hosp,1,2026-10-17,32,quantile,0.025,28
2026-10-10,wk inc flu hosp,1,2026-10-17,32,quantile,0.05,31
2026-10-10,wk inc flu hosp,1,2026-10-17,32,quantile,0.1,36
2026-10-10,wk inc flu hosp,1,2026-10-17,32,quantile,0.15,39
2026-10-10,wk inc flu hosp,1,2026-10-17,32,quantile,0.2,42
2026-10-10,wk inc flu hosp,1,2026-10-17,32,quantile,0.25,44
2026-10-10,wk inc flu hosp,1,2026-10-17,32,quantile,0.3,47
2026-10-10,wk inc flu hosp,1,2026-10-17,32,quantile,0.35,49
2026-10-10,wk inc flu hosp,1,2026-10-17,32,quantile,0.4,51
2026-10-10,wk inc flu hosp,1,2026-10-17,32,quantile,0.45,53
2026-10-10,wk inc flu hosp,1,2026-10-17,32,quantile,0.5,55
2026-10-10,wk inc flu hosp,1,2026-10-17,32,quantile,0.55,58
2026-10-10,wk inc flu hosp,1,2026-10-17,32,quantile,0.6,60
2026-10-10,wk inc flu hosp,1,2026-10-17,32,quantile,0.65,63
2026-10-10,wk inc flu hosp,1,2026-10-17,32,quantile,0.7,67
2026-10-10,wk inc flu hosp,1,2026-10-17,32,quantile,0.75,71
2026-10-10,wk inc flu hosp,1,2026-10-17,32,quantile,0.8,76
2026-10-10,wk inc flu hosp,1,2026-10-17,32,quantile,0.85,83
2026-10-10,wk inc flu hosp,1,2026-10-17,32,quantile,0.9,92
2026-10-10,wk inc flu hosp,1,2026-10-17,32,quantile,0.95,106
2026-10-10,wk inc flu hosp,1,2026-10-17,32,quantile,0.975,119
2026-10-10,wk inc flu hosp,1,2026-10-17,32,quantile,0.99,137
2026-10-10,wk inc flu hosp,2,2026-10-24,32,quantile,0.01,24
2026-10-10,wk inc flu hosp,2,2026-10-24,32,quantile,0.025,27
2026-10-10,wk inc flu hosp,2,2026-10-24,32,quantile,0.05,31
2026-10-10,wk inc flu hosp,2,2026-10-24,32,quantile,0.1,36
2026-10-10,wk inc flu hosp,2,2026-10-24,32,quantile,0.15,40
2026-10-10,wk inc flu hosp,2,2026-10-24,32,quantile,0.2,43
2026-10-10,wk inc flu hosp,2,2026-10-24,32,quantile,0.25,46
2026-10-10,wk inc flu hosp,2,2026-10-24,32,quantile,0.3,49
2026-10-10,wk inc flu hosp,2,2026-10-24,32,quantile,0.35,52
2026-10-10,wk inc flu hosp,2,2026-10-24,32,quantile,0.4,55
2026-10-10,wk inc flu hosp,2,2026-10-24,32,quantile,0.45,58
2026-10-10,wk inc flu hosp,2,2026-10-24,32,quantile,0.5,61
2026-10-10,wk inc flu hosp,2,2026-10-24,32,quantile,0.55,64
2026-10-10,wk inc flu hosp,2,2026-10-24,32,quantile,0.6,68
2026-10-10,wk inc flu hosp,2,2026-10-24,32,quantile,0.65,72
2026-10-10,wk inc flu hosp,2,2026-10-24,32,quantile,0.7,77
2026-10-10,wk inc flu hosp,2,2026-10-24,32,quantile,0.75,83
2026-10-10,wk inc flu hosp,2,2026-10-24,32,quantile,0.8,90
2026-10-10,wk inc flu hosp,2,2026-10-24,32,quantile,0.85,100
2026-10-10,wk inc flu hosp,2,2026-10-24,32,quantile,0.9,114
2026-10-10,wk inc flu hosp,2,2026-10-24,32,quantile,0.95,135
2026-10-10,wk inc flu hosp,2,2026-10-24,32,quantile,0.975,157
2026-10-10,wk inc flu hosp,2,2026-10-24,32,quantile,0.99,188
2026-10-10,wk inc flu hosp,3,2026-10-31,32,quantile,0.01,22
2026-10-10,wk inc flu hosp,3,2026-10-31,32,quantile,0.025,25
2026-10-10,wk inc flu hosp,3,2026-10-31,32,quantile,0.05,29
2026-10-10,wk inc flu hosp,3,2026-10-31,32,quantile,0.1,35
2026-10-10,wk inc flu hosp,3,2026-10-31,32,quantile,0.15,40
2026-10-10,wk inc flu hosp,3,2026-10-31,32,quantile,0.2,44
2026-10-10,wk inc flu hosp,3,2026-10-31,32,quantile,0.25,48
2026-10-10,wk inc flu hosp,3,2026-10-31,32,quantile,0.3,51
2026-10-10,wk inc flu hosp,3,2026-10-31,32,quantile,0.35,55
2026-10-10,wk inc flu hosp,3,2026-10-31,32,quantile,0.4,58
2026-10-10,wk inc flu hosp,3,2026-10-31,32,quantile,0.45,62
2026-10-10,wk inc flu hosp,3,2026-10-31,32,quantile,0.5,66
2026-10-10,wk inc flu hosp,3,2026-10-31,32,quantile,0.55,69
2026-10-10,wk inc flu hosp,3,2026-10-31,32,quantile,0.6,74
2026-10-10,wk inc flu hosp,3,2026-10-31,32,quantile,0.65,79
2026-10-10,wk inc flu hosp,3,2026-10-31,32,quantile,0.7,86
2026-10-10,wk inc flu hosp,3,2026-10-31,32,quantile,0.75,95
2026-10-10,wk inc flu hosp,3,2026-10-31,32,quantile,0.8,105
2026-10-10,wk inc flu hosp,3,2026-10-31,32,quantile,0.85,119
2026-10-10,wk inc flu hosp,3,2026-10-31,32,quantile,0.9,136
2026-10-10,wk inc flu hosp,3,2026-10-31,32,quantile,0.95,166
2026-10-10,wk inc flu hosp,3,2026-10-31,32,quantile,0.975,199
2026-10-10,wk inc flu hosp,3,2026-10-31,32,quantile,0.99,248
2026-10-10,wk inc flu hosp,-1,2026-10-03,33,quantile,0.01,6
2026-10-10,wk inc flu hosp,-1,2026-10-03,33,quantile,0.025,6
2026-10-10,wk inc flu hosp,-1,2026-10-03,33,quantile,0.05,7
2026-10-10,wk inc flu hosp,-1,2026-10-03,33,quantile,0.1,7
2026-10-10,wk inc flu hosp,-1,2026-10-03,33,quantile,0.15,8
2026-10-10,wk inc flu hosp,-1,2026-10-03,33,quantile,0.2,8
2026-10-10,wk inc flu hosp,-1,2026-10-03,33,quantile,0.25,8
2026-10-10,wk inc flu hosp,-1,2026-10-03,33,quantile,0.3,9
2026-10-10,wk inc flu hosp,-1,2026-10-03,33,quantile,0.35,9
2026-10-10,wk inc flu hosp,-1,2026-10-03,33,quantile,0.4,9
2026-10-10,wk inc flu hosp,-1,2026-10-03,33,quantile,0.45,9
2026-10-10,wk inc flu hosp,-1,2026-10-03,33,quantile,0.5,9
2026-10-10,wk inc flu hosp,-1,2026-10-03,33,quantile,0.55,10
2026-10-10,wk inc flu hosp,-1,2026-10-03,33,quantile,0.6,10
2026-10-10,wk inc flu hosp,-1,2026-10-03,33,quantile,0.65,10
2026-10-10,wk inc flu hosp,-1,2026-10-03,33,quantile,0.7,10
2026-10-10,wk inc flu hosp,-1,2026-10-03,33,quantile,0.75,11
2026-10-10,wk inc flu hosp,-1,2026-10-03,33,quantile,0.8,11
2026-10-10,wk inc flu hosp,-1,2026-10-03,33,quantile,0.85,12
2026-10-10,wk inc flu hosp,-1,2026-10-03,33,quantile,0.9,12
2026-10-10,wk inc flu hosp,-1,2026-10-03,33,quantile,0.95,13
2026-10-10,wk inc flu hosp,-1,2026-10-03,33,quantile,0.975,14
2026-10-10,wk inc flu hosp,-1,2026-10-03,33,quantile,0.99,15
2026-10-10,wk inc flu hosp,0,2026-10-10,33,quantile,0.01,4
2026-10-10,wk inc flu hosp,0,2026-10-10,33,quantile,0.025,5
2026-10-10,wk inc flu hosp,0,2026-10-10,33,quantile,0.05,6
2026-10-10,wk inc flu hosp,0,2026-10-10,33,quantile,0.1,6
2026-10-10,wk inc flu hosp,0,2026-10-10,33,quantile,0.15,7
2026-10-10,wk inc flu hosp,0,2026-10-10,33,quantile,0.2,8
2026-10-10,wk inc flu hosp,0,2026-10-10,33,quantile,0.25,9
2026-10-10,wk inc flu hosp,0,2026-10-10,33,quantile,0.3,9
2026-10-10,wk inc flu hosp,0,2026-10-10,33,quantile,0.35,10
2026-10-10,wk inc flu hosp,0,2026-10-10,33,quantile,0.4,11
2026-10-10,wk inc flu hosp,0,2026-10-10,33,quantile,0.45,11
2026-10-10,wk inc flu hosp,0,2026-10-10,33,quantile,0.5,12
2026-10-10,wk inc flu hosp,0,2026-10-10,33,quantile,0.55,12
2026-10-10,wk inc flu hosp,0,2026-10-10,33,quantile,0.6,13
2026-10-10,wk inc flu hosp,0,2026-10-10,33,quantile,0.65,13
2026-10-10,wk inc flu hosp,0,2026-10-10,33,quantile,0.7,14
2026-10-10,wk inc flu hosp,0,2026-10-10,33,quantile,0.75,15
2026-10-10,wk inc flu hosp,0,2026-10-10,33,quantile,0.8,16
2026-10-10,wk inc flu hosp,0,2026-10-10,33,quantile,0.85,17
2026-10-10,wk inc flu hosp,0,2026-10-10,33,quantile,0.9,19
2026-10-10,wk inc flu hosp,0,2026-10-10,33,quantile,0.95,23
2026-10-10,wk inc flu hosp,0,2026-10-10,33,quantile,0.975,28
2026-10-10,wk inc flu hosp,0,2026-10-10,33,quantile,0.99,34
2026-10-10,wk inc flu hosp,1,2026-10-17,33,quantile,0.01,6
2026-10-10,wk inc flu hosp,1,2026-10-17,33,quantile,0.025,7
2026-10-10,wk inc flu hosp,1,2026-10-17,33,quantile,0.05,8
2026-10-10,wk inc flu hosp,1,2026-10-17,33,quantile,0.1,9
2026-10-10,wk inc flu hosp,1,2026-10-17,33,quantile,0.15,10
2026-10-10,wk inc flu hosp,1,2026-10-17,33,quantile,0.2,11
2026-10-10,wk inc flu hosp,1,2026-10-17,33,quantile,0.25,11
2026-10-10,wk inc flu hosp,1,2026-10-17,33,quantile,0.3,12
2026-10-10,wk inc flu hosp,1,2026-10-17,33,quantile,0.35,13
2026-10-10,wk inc flu hosp,1,2026-10-17,33,quantile,0.4,14
2026-10-10,wk inc flu hosp,1,2026-10-17,33,quantile,0.45,15
2026-10-10,wk inc flu hosp,1,2026-10-17,33,quantile,0.5,16
2026-10-10,wk inc flu hosp,1,2026-10-17,33,quantile,0.55,16
2026-10-10,wk inc flu hosp,1,2026-10-17,33,quantile,0.6,17
2026-10-10,wk inc flu hosp,1,2026-10-17,33,quantile,0.65,18
2026-10-10,wk inc flu hosp,1,2026-10-17,33,quantile,0.7,20
2026-10-10,wk inc flu hosp,1,2026-10-17,33,quantile,0.75,21
2026-10-10,wk inc flu hosp,1,2026-10-17,33,quantile,0.8,23
2026-10-10,wk inc flu hosp,1,2026-10-17,33,quantile,0.85,25
2026-10-10,wk inc flu hosp,1,2026-10-17,33,quantile,0.9,29
2026-10-10,wk inc flu hosp,1,2026-10-17,33,quantile,0.95,35
2026-10-10,wk inc flu hosp,1,2026-10-17,33,quantile,0.975,42
2026-10-10,wk inc flu hosp,1,2026-10-17,33,quantile,0.99,52
2026-10-10,wk inc flu hosp,2,2026-10-24,33,quantile,0.01,8
2026-10-10,wk inc flu hosp,2,2026-10-24,33,quantile,0.025,9
2026-10-10,wk inc flu hosp,2,2026-10-24,33,quantile,0.05,10
2026-10-10,wk inc flu hosp,2,2026-10-24,33,quantile,0.1,12
2026-10-10,wk inc flu hosp,2,2026-10-24,33,quantile,0.15,13
2026-10-10,wk inc flu hosp,2,2026-10-24,33,quantile,0.2,15
2026-10-10,wk inc flu hosp,2,2026-10-24,33,quantile,0.25,16
2026-10-10,wk inc flu hosp,2,2026-10-24,33,quantile,0.3,17
2026-10-10,wk inc flu hosp,2,2026-10-24,33,quantile,0.35,18
2026-10-10,wk inc flu hosp,2,2026-10-24,33,quantile,0.4,20
2026-10-10,wk inc flu hosp,2,2026-10-24,33,quantile,0.45,21
2026-10-10,wk inc flu hosp,2,2026-10-24,33,quantile,0.5,22
2026-10-10,wk inc flu hosp,2,2026-10-24,33,quantile,0.55,23
2026-10-10,wk inc flu hosp,2,2026-10-24,33,quantile,0.6,25
2026-10-10,wk inc flu hosp,2,2026-10-24,33,quantile,0.65,27
2026-10-10,wk inc flu hosp,2,2026-10-24,33,quantile,0.7,29
2026-10-10,wk inc flu hosp,2,2026-10-24,33,quantile,0.75,31
2026-10-10,wk inc flu hosp,2,2026-10-24,33,quantile,0.8,34
2026-10-10,wk inc flu hosp,2,2026-10-24,33,quantile,0.85,38
2026-10-10,wk inc flu hosp,2,2026-10-24,33,quantile,0.9,44
2026-10-10,wk inc flu hosp,2,2026-10-24,33,quantile,0.95,55
2026-10-10,wk inc flu hosp,2,2026-10-24,33,quantile,0.975,66
2026-10-10,wk inc flu hosp,2,2026-10-24,33,quantile,0.99,82
2026-10-10,wk inc flu hosp,3,2026-10-31,33,quantile,0.01,9
2026-10-10,wk inc flu hosp,3,2026-10-31,33,quantile,0.025,11
2026-10-10,wk inc flu hosp,3,2026-10-31,33,quantile,0.05,13
2026-10-10,wk inc flu hosp,3,2026-10-31,33,quantile,0.1,15
2026-10-10,wk inc flu hosp,3,2026-10-31,33,quantile,0.15,17
2026-10-10,wk inc flu hosp,3,2026-10-31,33,quantile,0.2,19
2026-10-10,wk inc flu hosp,3,2026-10-31,33,quantile,0.25,21
2026-10-10,wk inc flu hosp,3,2026-10-31,33,quantile,0.3,23
2026-10-10,wk inc flu hosp,3,2026-10-31,33,quantile,0.35,25
2026-10-10,wk inc flu hosp,3,2026-10-31,33,quantile,0.4,26
2026-10-10,wk inc flu hosp,3,2026-10-31,33,quantile,0.45,28
2026-10-10,wk inc flu hosp,3,2026-10-31,33,quantile,0.5,30
2026-10-10,wk inc flu hosp,3,2026-10-31,33,quantile,0.55,32
2026-10-10,wk inc flu hosp,3,2026-10-31,33,quantile,0.6,34
2026-10-10,wk inc flu hosp,3,2026-10-31,33,quantile,0.65,37
2026-10-10,wk inc flu hosp,3,2026-10-31,33,quantile,0.7,40
2026-10-10,wk inc flu hosp,3,2026-10-31,33,quantile,0.75,44
2026-10-10,wk inc flu hosp,3,2026-10-31,33,quantile,0.8,48
2026-10-10,wk inc flu hosp,3,2026-10-31,33,quantile,0.85,55
2026-10-10,wk inc flu hosp,3,2026-10-31,33,quantile,0.9,64
2026-10-10,wk inc flu hosp,3,2026-10-31,33,quantile,0.95,80
2026-10-10,wk inc flu hosp,3,2026-10-31,33,quantile,0.975,98
2026-10-10,wk inc flu hosp,3,2026-10-31,33,quantile,0.99,124
2026-10-10,wk inc flu hosp,-1,2026-10-03,34,quantile,0.01,51
2026-10-10,wk inc flu hosp,-1,2026-10-03,34,quantile,0.025,54
2026-10-10,wk inc flu hosp,-1,2026-10-03,34,quantile,0.05,58
2026-10-10,wk inc flu hosp,-1,2026-10-03,34,quantile,0.1,62
2026-10-10,wk inc flu hosp,-1,2026-10-03,34,quantile,0.15,64
2026-10-10,wk inc flu hosp,-1,2026-10-03,34,quantile,0.2,67
2026-10-10,wk inc flu hosp,-1,2026-10-03,34,quantile,0.25,69
2026-10-10,wk inc flu hosp,-1,2026-10-03,34,quantile,0.3,71
2026-10-10,wk inc flu hosp,-1,2026-10-03,34,quantile,0.35,72
2026-10-10,wk inc flu hosp,-1,2026-10-03,34,quantile,0.4,74
2026-10-10,wk inc flu hosp,-1,2026-10-03,34,quantile,0.45,76
2026-10-10,wk inc flu hosp,-1,2026-10-03,34,quantile,0.5,78
2026-10-10,wk inc flu hosp,-1,2026-10-03,34,quantile,0.55,79
2026-10-10,wk inc flu hosp,-1,2026-10-03,34,quantile,0.6,81
2026-10-10,wk inc flu hosp,-1,2026-10-03,34,quantile,0.65,83
2026-10-10,wk inc flu hosp,-1,2026-10-03,34,quantile,0.7,86
2026-10-10,wk inc flu hosp,-1,2026-10-03,34,quantile,0.75,88
2026-10-10,wk inc flu hosp,-1,2026-10-03,34,quantile,0.8,91
2026-10-10,wk inc flu hosp,-1,2026-10-03,34,quantile,0.85,94
2026-10-10,wk inc flu hosp,-1,2026-10-03,34,quantile,0.9,98
2026-10-10,wk inc flu hosp,-1,2026-10-03,34,quantile,0.95,106
2026-10-10,wk inc flu hosp,-1,2026-10-03,34,quantile,0.975,114
2026-10-10,wk inc flu hosp,-1,2026-10-03,34,quantile,0.99,122
2026-10-10,wk inc flu hosp,0,2026-10-10,34,quantile,0.01,40
2026-10-10,wk inc flu hosp,0,2026-10-10,34,quantile,0.025,46
2026-10-10,wk inc flu hosp,0,2026-10-10,34,quantile,0.05,50
2026-10-10,wk inc flu hosp,0,2026-10-10,34,quantile,0.1,57
2026-10-10,wk inc flu hosp,0,2026-10-10,34,quantile,0.15,62
2026-10-10,wk inc flu hosp,0,2026-10-10,34,quantile,0.2,67
2026-10-10,wk inc flu hosp,0,2026-10-10,34,quantile,0.25,70
2026-10-10,wk inc flu hosp,0,2026-10-10,34,quantile,0.3,74
2026-10-10,wk inc flu hosp,0,2026-10-10,34,quantile,0.35,77
2026-10-10,wk inc flu hosp,0,2026-10-10,34,quantile,0.4,80
2026-10-10,wk inc flu hosp,0,2026-10-10,34,quantile,0.45,83
2026-10-10,wk inc flu hosp,0,2026-10-10,34,quantile,0.5,85
2026-10-10,wk inc flu hosp,0,2026-10-10,34,quantile,0.55,88
2026-10-10,wk inc flu hosp,0,2026-10-10,34,quantile,0.6,92
2026-10-10,wk inc flu hosp,0,2026-10-10,34,quantile,0.65,95
2026-10-10,wk inc flu hosp,0,2026-10-10,34,quantile,0.7,100
2026-10-10,wk inc flu hosp,0,2026-10-10,34,quantile,0.75,104
2026-10-10,wk inc flu hosp,0,2026-10-10,34,quantile,0.8,110
2026-10-10,wk inc flu hosp,0,2026-10-10,34,quantile,0.85,118
2026-10-10,wk inc flu hosp,0,2026-10-10,34,quantile,0.9,128
2026-10-10,wk inc flu hosp,0,2026-10-10,34,quantile,0.95,145
2026-10-10,wk inc flu hosp,0,2026-10-10,34,quantile,0.975,159
2026-10-10,wk inc flu hosp,0,2026-10-10,34,quantile,0.99,180
2026-10-10,wk inc flu hosp,1,2026-10-17,34,quantile,0.01,37
2026-10-10,wk inc flu hosp,1,2026-10-17,34,quantile,0.025,44
2026-10-10,wk inc flu hosp,1,2026-10-17,34,quantile,0.05,49
2026-10-10,wk inc flu hosp,1,2026-10-17,34,quantile,0.1,56
2026-10-10,wk inc flu hosp,1,2026-10-17,34,quantile,0.15,62
2026-10-10,wk inc flu hosp,1,2026-10-17,34,quantile,0.2,67
2026-10-10,wk inc flu hosp,1,2026-10-17,34,quantile,0.25,72
2026-10-10,wk inc flu hosp,1,2026-10-17,34,quantile,0.3,76
2026-10-10,wk inc flu hosp,1,2026-10-17,34,quantile,0.35,80
2026-10-10,wk inc flu hosp,1,2026-10-17,34,quantile,0.4,84
2026-10-10,wk inc flu hosp,1,2026-10-17,34,quantile,0.45,88
2026-10-10,wk inc flu hosp,1,2026-10-17,34,quantile,0.5,92
2026-10-10,wk inc flu hosp,1,2026-10-17,34,quantile,0.55,96
2026-10-10,wk inc flu hosp,1,2026-10-17,34,quantile,0.6,100
2026-10-10,wk inc flu hosp,1,2026-10-17,34,quantile,0.65,105
2026-10-10,wk inc flu hosp,1,2026-10-17,34,quantile,0.7,111
2026-10-10,wk inc flu hosp,1,2026-10-17,34,quantile,0.75,118
2026-10-10,wk inc flu hosp,1,2026-10-17,34,quantile,0.8,127
2026-10-10,wk inc flu hosp,1,2026-10-17,34,quantile,0.85,139
2026-10-10,wk inc flu hosp,1,2026-10-17,34,quantile,0.9,155
2026-10-10,wk inc flu hosp,1,2026-10-17,34,quantile,0.95,180
2026-10-10,wk inc flu hosp,1,2026-10-17,34,quantile,0.975,205
2026-10-10,wk inc flu hosp,1,2026-10-17,34,quantile,0.99,236
2026-10-10,wk inc flu hosp,2,2026-10-24,34,quantile,0.01,36
2026-10-10,wk inc flu hosp,2,2026-10-24,34,quantile,0.025,42
2026-10-10,wk inc flu hosp,2,2026-10-24,34,quantile,0.05,47
2026-10-10,wk inc flu hosp,2,2026-10-24,34,quantile,0.1,55
2026-10-10,wk inc flu hosp,2,2026-10-24,34,quantile,0.15,62
2026-10-10,wk inc flu hosp,2,2026-10-24,34,quantile,0.2,68
2026-10-10,wk inc flu hosp,2,2026-10-24,34,quantile,0.25,74
2026-10-10,wk inc flu hosp,2,2026-10-24,34,quantile,0.3,80
2026-10-10,wk inc flu hosp,2,2026-10-24,34,quantile,0.35,85
2026-10-10,wk inc flu hosp,2,2026-10-24,34,quantile,0.4,91
2026-10-10,wk inc flu hosp,2,2026-10-24,34,quantile,0.45,96
2026-10-10,wk inc flu hosp,2,2026-10-24,34,quantile,0.5,101
2026-10-10,wk inc flu hosp,2,2026-10-24,34,quantile,0.55,107
2026-10-10,wk inc flu hosp,2,2026-10-24,34,quantile,0.6,114
2026-10-10,wk inc flu hosp,2,2026-10-24,34,quantile,0.65,121
2026-10-10,wk inc flu hosp,2,2026-10-24,34,quantile,0.7,130
2026-10-10,wk inc flu hosp,2,2026-10-24,34,quantile,0.75,139
2026-10-10,wk inc flu hosp,2,2026-10-24,34,quantile,0.8,152
2026-10-10,wk inc flu hosp,2,2026-10-24,34,quantile,0.85,168
2026-10-10,wk inc flu hosp,2,2026-10-24,34,quantile,0.9,191
2026-10-10,wk inc flu hosp,2,2026-10-24,34,quantile,0.95,229
2026-10-10,wk inc flu hosp,2,2026-10-24,34,quantile,0.975,268
2026-10-10,wk inc flu hosp,2,2026-10-24,34,quantile,0.99,325
2026-10-10,wk inc flu hosp,3,2026-10-31,34,quantile,0.01,34
2026-10-10,wk inc flu hosp,3,2026-10-31,34,quantile,0.025,39
2026-10-10,wk inc flu hosp,3,2026-10-31,34,quantile,0.05,46
2026-10-10,wk inc flu hosp,3,2026-10-31,34,quantile,0.1,54
2026-10-10,wk inc flu hosp,3,2026-10-31,34,quantile,0.15,63
2026-10-10,wk inc flu hosp,3,2026-10-31,34,quantile,0.2,71
2026-10-10,wk inc flu hosp,3,2026-10-31,34,quantile,0.25,78
2026-10-10,wk inc flu hosp,3,2026-10-31,34,quantile,0.3,85
2026-10-10,wk inc flu hosp,3,2026-10-31,34,quantile,0.35,91
2026-10-10,wk inc flu hosp,3,2026-10-31,34,quantile,0.4,98
2026-10-10,wk inc flu hosp,3,2026-10-31,34,quantile,0.45,104
2026-10-10,wk inc flu hosp,3,2026-10-31,34,quantile,0.5,112
2026-10-10,wk inc flu hosp,3,2026-10-31,34,quantile,0.55,120
2026-10-10,wk inc flu hosp,3,2026-10-31,34,quantile,0.6,128
2026-10-10,wk inc flu hosp,3,2026-10-31,34,quantile,0.65,139
2026-10-10,wk inc flu hosp,3,2026-10-31,34,quantile,0.7,150
2026-10-10,wk inc flu hosp,3,2026-10-31,34,quantile,0.75,164
2026-10-10,wk inc flu hosp,3,2026-10-31,34,quantile,0.8,181
2026-10-10,wk inc flu hosp,3,2026-10-31,34,quantile,0.85,204
2026-10-10,wk inc flu hosp,3,2026-10-31,34,quantile,0.9,234
2026-10-10,wk inc flu hosp,3,2026-10-31,34,quantile,0.95,289
2026-10-10,wk inc flu hosp,3,2026-10-31,34,quantile,0.975,347
2026-10-10,wk inc flu hosp,3,2026-10-31,34,quantile,0.99,432
2026-10-10,wk inc flu hosp,-1,2026-10-03,35,quantile,0.01,6
2026-10-10,wk inc flu hosp,-1,2026-10-03,35,quantile,0.025,7
2026-10-10,wk inc flu hosp,-1,2026-10-03,35,quantile,0.05,7
2026-10-10,wk inc flu hosp,-1,2026-10-03,35,quantile,0.1,8
2026-10-10,wk inc flu hosp,-1,2026-10-03,35,quantile,0.15,8
2026-10-10,wk inc flu hosp,-1,2026-10-03,35,quantile,0.2,9
2026-10-10,wk inc flu hosp,-1,2026-10-03,35,quantile,0.25,9
2026-10-10,wk inc flu hosp,-1,2026-10-03,35,quantile,0.3,9
2026-10-10,wk inc flu hosp,-1,2026-10-03,35,quantile,0.35,9
2026-10-10,wk inc flu hosp,-1,2026-10-03,35,quantile,0.4,9
2026-10-10,wk inc flu hosp,-1,2026-10-03,35,quantile,0.45,10
2026-10-10,wk inc flu hosp,-1,2026-10-03,35,quantile,0.5,10
2026-10-10,wk inc flu hosp,-1,2026-10-03,35,quantile,0.55,10
2026-10-10,wk inc flu hosp,-1,2026-10-03,35,quantile,0.6,10
2026-10-10,wk inc flu hosp,-1,2026-10-03,35,quantile,0.65,11
2026-10-10,wk inc flu hosp,-1,2026-10-03,35,quantile,0.7,11
2026-10-10,wk inc flu hosp,-1,2026-10-03,35,quantile,0.75,11
2026-10-10,wk inc flu hosp,-1,2026-10-03,35,quantile,0.8,12
2026-10-10,wk inc flu hosp,-1,2026-10-03,35,quantile,0.85,12
2026-10-10,wk inc flu hosp,-1,2026-10-03,35,quantile,0.9,13
2026-10-10,wk inc flu hosp,-1,2026-10-03,35,quantile,0.95,14
2026-10-10,wk inc flu hosp,-1,2026-10-03,35,quantile,0.975,14
2026-10-10,wk inc flu hosp,-1,2026-10-03,35,quantile,0.99,15
2026-10-10,wk inc flu hosp,0,2026-10-10,35,quantile,0.01,5
2026-10-10,wk inc flu hosp,0,2026-10-10,35,quantile,0.025,6
2026-10-10,wk inc flu hosp,0,2026-10-10,35,quantile,0.05,6
2026-10-10,wk inc flu hosp,0,2026-10-10,35,quantile,0.1,7
2026-10-10,wk inc flu hosp,0,2026-10-10,35,quantile,0.15,8
2026-10-10,wk inc flu hosp,0,2026-10-10,35,quantile,0.2,8
2026-10-10,wk inc flu hosp,0,2026-10-10,35,quantile,0.25,8
2026-10-10,wk inc flu hosp,0,2026-10-10,35,quantile,0.3,9
2026-10-10,wk inc flu hosp,0,2026-10-10,35,quantile,0.35,9
2026-10-10,wk inc flu hosp,0,2026-10-10,35,quantile,0.4,9
2026-10-10,wk inc flu hosp,0,2026-10-10,35,quantile,0.45,10
2026-10-10,wk inc flu hosp,0,2026-10-10,35,quantile,0.5,10
2026-10-10,wk inc flu hosp,0,2026-10-10,35,quantile,0.55,10
2026-10-10,wk inc flu hosp,0,2026-10-10,35,quantile,0.6,11
2026-10-10,wk inc flu hosp,0,2026-10-10,35,quantile,0.65,11
2026-10-10,wk inc flu hosp,0,2026-10-10,35,quantile,0.7,12
2026-10-10,wk inc flu hosp,0,2026-10-10,35,quantile,0.75,12
2026-10-10,wk inc flu hosp,0,2026-10-10,35,quantile,0.8,13
2026-10-10,wk inc flu hosp,0,2026-10-10,35,quantile,0.85,14
2026-10-10,wk inc flu hosp,0,2026-10-10,35,quantile,0.9,15
2026-10-10,wk inc flu hosp,0,2026-10-10,35,quantile,0.95,17
2026-10-10,wk inc flu hosp,0,2026-10-10,35,quantile,0.975,19
2026-10-10,wk inc flu hosp,0,2026-10-10,35,quantile,0.99,21
2026-10-10,wk inc flu hosp,1,2026-10-17,35,quantile,0.01,5
2026-10-10,wk inc flu hosp,1,2026-10-17,35,quantile,0.025,6
2026-10-10,wk inc flu hosp,1,2026-10-17,35,quantile,0.05,6
2026-10-10,wk inc flu hosp,1,2026-10-17,35,quantile,0.1,7
2026-10-10,wk inc flu hosp,1,2026-10-17,35,quantile,0.15,8
2026-10-10,wk inc flu hosp,1,2026-10-17,35,quantile,0.2,9
2026-10-10,wk inc flu hosp,1,2026-10-17,35,quantile,0.25,9
2026-10-10,wk inc flu hosp,1,2026-10-17,35,quantile,0.3,10
2026-10-10,wk inc flu hosp,1,2026-10-17,35,quantile,0.35,11
2026-10-10,wk inc flu hosp,1,2026-10-17,35,quantile,0.4,11
2026-10-10,wk inc flu hosp,1,2026-10-17,35,quantile,0.45,11
2026-10-10,wk inc flu hosp,1,2026-10-17,35,quantile,0.5,12
2026-10-10,wk inc flu hosp,1,2026-10-17,35,quantile,0.55,12
2026-10-10,wk inc flu hosp,1,2026-10-17,35,quantile,0.6,13
2026-10-10,wk inc flu hosp,1,2026-10-17,35,quantile,0.65,14
2026-10-10,wk inc flu hosp,1,2026-10-17,35,quantile,0.7,15
2026-10-10,wk inc flu hosp,1,2026-10-17,35,quantile,0.75,16
2026-10-10,wk inc flu hosp,1,2026-10-17,35,quantile,0.8,17
2026-10-10,wk inc flu hosp,1,2026-10-17,35,quantile,0.85,19
2026-10-10,wk inc flu hosp,1,2026-10-17,35,quantile,0.9,22
2026-10-10,wk inc flu hosp,1,2026-10-17,35,quantile,0.95,25
2026-10-10,wk inc flu hosp,1,2026-10-17,35,quantile,0.975,29
2026-10-10,wk inc flu hosp,1,2026-10-17,35,quantile,0.99,33
2026-10-10,wk inc flu hosp,2,2026-10-24,35,quantile,0.01,4
2026-10-10,wk inc flu hosp,2,2026-10-24,35,quantile,0.025,5
2026-10-10,wk inc flu hosp,2,2026-10-24,35,quantile,0.05,6
2026-10-10,wk inc flu hosp,2,2026-10-24,35,quantile,0.1,7
2026-10-10,wk inc flu hosp,2,2026-10-24,35,quantile,0.15,8
2026-10-10,wk inc flu hosp,2,2026-10-24,35,quantile,0.2,9
2026-10-10,wk inc flu hosp,2,2026-10-24,35,quantile,0.25,10
2026-10-10,wk inc flu hosp,2,2026-10-24,35,quantile,0.3,11
2026-10-10,wk inc flu hosp,2,2026-10-24,35,quantile,0.35,12
2026-10-10,wk inc flu hosp,2,2026-10-24,35,quantile,0.4,12
2026-10-10,wk inc flu hosp,2,2026-10-24,35,quantile,0.45,13
2026-10-10,wk inc flu hosp,2,2026-10-24,35,quantile,0.5,14
2026-10-10,wk inc flu hosp,2,2026-10-24,35,quantile,0.55,15
2026-10-10,wk inc flu hosp,2,2026-10-24,35,quantile,0.6,16
2026-10-10,wk inc flu hosp,2,2026-10-24,35,quantile,0.65,17
2026-10-10,wk inc flu hosp,2,2026-10-24,35,quantile,0.7,19
2026-10-10,wk inc flu hosp,2,2026-10-24,35,quantile,0.75,20
2026-10-10,wk inc flu hosp,2,2026-10-24,35,quantile,0.8,22
2026-10-10,wk inc flu hosp,2,2026-10-24,35,quantile,0.85,25
2026-10-10,wk inc flu hosp,2,2026-10-24,35,quantile,0.9,29
2026-10-10,wk inc flu hosp,2,2026-10-24,35,quantile,0.95,36
2026-10-10,wk inc flu hosp,2,2026-10-24,35,quantile,0.975,42
2026-10-10,wk inc flu hosp,2,2026-10-24,35,quantile,0.99,52
2026-10-10,wk inc flu hosp,3,2026-10-31,35,quantile,0.01,4
2026-10-10,wk inc flu hosp,3,2026-10-31,35,quantile,0.025,4
2026-10-10,wk inc flu hosp,3,2026-10-31,35,quantile,0.05,5
2026-10-10,wk inc flu hosp,3,2026-10-31,35,quantile,0.1,6
2026-10-10,wk inc flu hosp,3,2026-10-31,35,quantile,0.15,8
2026-10-10,wk inc flu hosp,3,2026-10-31,35,quantile,0.2,9
2026-10-10,wk inc flu hosp,3,2026-10-31,35,quantile,0.25,10
2026-10-10,wk inc flu hosp,3,2026-10-31,35,quantile,0.3,11
2026-10-10,wk inc flu hosp,3,2026-10-31,35,quantile,0.35,12
2026-10-10,wk inc flu hosp,3,2026-10-31,35,quantile,0.4,13
2026-10-10,wk inc flu hosp,3,2026-10-31,35,quantile,0.45,14
2026-10-10,wk inc flu hosp,3,2026-10-31,35,quantile,0.5,15
2026-10-10,wk inc flu hosp,3,2026-10-31,35,quantile,0.55,17
2026-10-10,wk inc flu hosp,3,2026-10-31,35,quantile,0.6,18
2026-10-10,wk inc flu hosp,3,2026-10-31,35,quantile,0.65,20
2026-10-10,wk inc flu hosp,3,2026-10-31,35,quantile,0.7,22
2026-10-10,wk inc flu hosp,3,2026-10-31,35,quantile,0.75,24
2026-10-10,wk inc flu hosp,3,2026-10-31,35,quantile,0.8,27
2026-10-10,wk inc flu hosp,3,2026-10-31,35,quantile,0.85,31
2026-10-10,wk inc flu hosp,3,2026-10-31,35,quantile,0.9,37
2026-10-10,wk inc flu hosp,3,2026-10-31,35,quantile,0.95,48
2026-10-10,wk inc flu hosp,3,2026-10-31,35,quantile,0.975,60
2026-10-10,wk inc flu hosp,3,2026-10-31,35,quantile,0.99,78
2026-10-10,wk inc flu hosp,-1,2026-10-03,36,quantile,0.01,101
2026-10-10,wk inc flu hosp,-1,2026-10-03,36,quantile,0.025,106
2026-10-10,wk inc flu hosp,-1,2026-10-03,36,quantile,0.05,113
2026-10-10,wk inc flu hosp,-1,2026-10-03,36,quantile,0.1,120
2026-10-10,wk inc flu hosp,-1,2026-10-03,36,quantile,0.15,125
2026-10-10,wk inc flu hosp,-1,2026-10-03,36,quantile,0.2,129
2026-10-10,wk inc flu hosp,-1,2026-10-03,36,quantile,0.25,133
2026-10-10,wk inc flu hosp,-1,2026-10-03,36,quantile,0.3,136
2026-10-10,wk inc flu hosp,-1,2026-10-03,36,quantile,0.35,139
2026-10-10,wk inc flu hosp,-1,2026-10-03,36,quantile,0.4,142
2026-10-10,wk inc flu hosp,-1,2026-10-03,36,quantile,0.45,146
2026-10-10,wk inc flu hosp,-1,2026-10-03,36,quantile,0.5,149
2026-10-10,wk inc flu hosp,-1,2026-10-03,36,quantile,0.55,152
2026-10-10,wk inc flu hosp,-1,2026-10-03,36,quantile,0.6,155
2026-10-10,wk inc flu hosp,-1,2026-10-03,36,quantile,0.65,159
2026-10-10,wk inc flu hosp,-1,2026-10-03,36,quantile,0.7,163
2026-10-10,wk inc flu hosp,-1,2026-10-03,36,quantile,0.75,167
2026-10-10,wk inc flu hosp,-1,2026-10-03,36,quantile,0.8,172
2026-10-10,wk inc flu hosp,-1,2026-10-03,36,quantile,0.85,178
2026-10-10,wk inc flu hosp,-1,2026-10-03,36,quantile,0.9,186
2026-10-10,wk inc flu hosp,-1,2026-10-03,36,quantile,0.95,198
2026-10-10,wk inc flu hosp,-1,2026-10-03,36,quantile,0.975,209
2026-10-10,wk inc flu hosp,-1,2026-10-03,36,quantile,0.99,226
2026-10-10,wk inc flu hosp,0,2026-10-10,36,quantile,0.01,101
2026-10-10,wk inc flu hosp,0,2026-10-10,36,quantile,0.025,111
2026-10-10,wk inc flu hosp,0,2026-10-10,36,quantile,0.05,123
2026-10-10,wk inc flu hosp,0,2026-10-10,36,quantile,0.1,136
2026-10-10,wk inc flu hosp,0,2026-10-10,36,quantile,0.15,149
2026-10-10,wk inc flu hosp,0,2026-10-10,36,quantile,0.2,159
2026-10-10,wk inc flu hosp,0,2026-10-10,36,quantile,0.25,168
2026-10-10,wk inc flu hosp,0,2026-10-10,36,quantile,0.3,175
2026-10-10,wk inc flu hosp,0,2026-10-10,36,quantile,0.35,182
2026-10-10,wk inc flu hosp,0,2026-10-10,36,quantile,0.4,188
2026-10-10,wk inc flu hosp,0,2026-10-10,36,quantile,0.45,194
2026-10-10,wk inc flu hosp,0,2026-10-10,36,quantile,0.5,200
2026-10-10,wk inc flu hosp,0,2026-10-10,36,quantile,0.55,208
2026-10-10,wk inc flu hosp,0,2026-10-10,36,quantile,0.6,216
2026-10-10,wk inc flu hosp,0,2026-10-10,36,quantile,0.65,223
2026-10-10,wk inc flu hosp,0,2026-10-10,36,quantile,0.7,232
2026-10-10,wk inc flu hosp,0,2026-10-10,36,quantile,0.75,242
2026-10-10,wk inc flu hosp,0,2026-10-10,36,quantile,0.8,255
2026-10-10,wk inc flu hosp,0,2026-10-10,36,quantile,0.85,274
2026-10-10,wk inc flu hosp,0,2026-10-10,36,quantile,0.9,301
2026-10-10,wk inc flu hosp,0,2026-10-10,36,quantile,0.95,338
2026-10-10,wk inc flu hosp,0,2026-10-10,36,quantile,0.975,371
2026-10-10,wk inc flu hosp,0,2026-10-10,36,quantile,0.99,417
2026-10-10,wk inc flu hosp,1,2026-10-17,36,quantile,0.01,103
2026-10-10,wk inc flu hosp,1,2026-10-17,36,quantile,0.025,117
2026-10-10,wk inc flu hosp,1,2026-10-17,36,quantile,0.05,130
2026-10-10,wk inc flu hosp,1,2026-10-17,36,quantile,0.1,149
2026-10-10,wk inc flu hosp,1,2026-10-17,36,quantile,0.15,166
2026-10-10,wk inc flu hosp,1,2026-10-17,36,quantile,0.2,180
2026-10-10,wk inc flu hosp,1,2026-10-17,36,quantile,0.25,192
2026-10-10,wk inc flu hosp,1,2026-10-17,36,quantile,0.3,203
2026-10-10,wk inc flu hosp,1,2026-10-17,36,quantile,0.35,213
2026-10-10,wk inc flu hosp,1,2026-10-17,36,quantile,0.4,223
2026-10-10,wk inc flu hosp,1,2026-10-17,36,quantile,0.45,233
2026-10-10,wk inc flu hosp,1,2026-10-17,36,quantile,0.5,243
2026-10-10,wk inc flu hosp,1,2026-10-17,36,quantile,0.55,253
2026-10-10,wk inc flu hosp,1,2026-10-17,36,quantile,0.6,264
2026-10-10,wk inc flu hosp,1,2026-10-17,36,quantile,0.65,277
2026-10-10,wk inc flu hosp,1,2026-10-17,36,quantile,0.7,292
2026-10-10,wk inc flu hosp,1,2026-10-17,36,quantile,0.75,309
2026-10-10,wk inc flu hosp,1,2026-10-17,36,quantile,0.8,331
2026-10-10,wk inc flu hosp,1,2026-10-17,36,quantile,0.85,364
2026-10-10,wk inc flu hosp,1,2026-10-17,36,quantile,0.9,407
2026-10-10,wk inc flu hosp,1,2026-10-17,36,quantile,0.95,473
2026-10-10,wk inc flu hosp,1,2026-10-17,36,quantile,0.975,538
2026-10-10,wk inc flu hosp,1,2026-10-17,36,quantile,0.99,627
2026-10-10,wk inc flu hosp,2,2026-10-24,36,quantile,0.01,103
2026-10-10,wk inc flu hosp,2,2026-10-24,36,quantile,0.025,119
2026-10-10,wk inc flu hosp,2,2026-10-24,36,quantile,0.05,137
2026-10-10,wk inc flu hosp,2,2026-10-24,36,quantile,0.1,159
2026-10-10,wk inc flu hosp,2,2026-10-24,36,quantile,0.15,183
2026-10-10,wk inc flu hosp,2,2026-10-24,36,quantile,0.2,202
2026-10-10,wk inc flu hosp,2,2026-10-24,36,quantile,0.25,219
2026-10-10,wk inc flu hosp,2,2026-10-24,36,quantile,0.3,235
2026-10-10,wk inc flu hosp,2,2026-10-24,36,quantile,0.35,250
2026-10-10,wk inc flu hosp,2,2026-10-24,36,quantile,0.4,265
2026-10-10,wk inc flu hosp,2,2026-10-24,36,quantile,0.45,279
2026-10-10,wk inc flu hosp,2,2026-10-24,36,quantile,0.5,293
2026-10-10,wk inc flu hosp,2,2026-10-24,36,quantile,0.55,308
2026-10-10,wk inc flu hosp,2,2026-10-24,36,quantile,0.6,324
2026-10-10,wk inc flu hosp,2,2026-10-24,36,quantile,0.65,343
2026-10-10,wk inc flu hosp,2,2026-10-24,36,quantile,0.7,365
2026-10-10,wk inc flu hosp,2,2026-10-24,36,quantile,0.75,390
2026-10-10,wk inc flu hosp,2,2026-10-24,36,quantile,0.8,421
2026-10-10,wk inc flu hosp,2,2026-10-24,36,quantile,0.85,468
2026-10-10,wk inc flu hosp,2,2026-10-24,36,quantile,0.9,533
2026-10-10,wk inc flu hosp,2,2026-10-24,36,quantile,0.95,639
2026-10-10,wk inc flu hosp,2,2026-10-24,36,quantile,0.975,753
2026-10-10,wk inc flu hosp,2,2026-10-24,36,quantile,0.99,907
2026-10-10,wk inc flu hosp,3,2026-10-31,36,quantile,0.01,101
2026-10-10,wk inc flu hosp,3,2026-10-31,36,quantile,0.025,120
2026-10-10,wk inc flu hosp,3,2026-10-31,36,quantile,0.05,141
2026-10-10,wk inc flu hosp,3,2026-10-31,36,quantile,0.1,169
2026-10-10,wk inc flu hosp,3,2026-10-31,36,quantile,0.15,198
2026-10-10,wk inc flu hosp,3,2026-10-31,36,quantile,0.2,222
2026-10-10,wk inc flu hosp,3,2026-10-31,36,quantile,0.25,245
2026-10-10,wk inc flu hosp,3,2026-10-31,36,quantile,0.3,267
2026-10-10,wk inc flu hosp,3,2026-10-31,36,quantile,0.35,287
2026-10-10,wk inc flu hosp,3,2026-10-31,36,quantile,0.4,306
2026-10-10,wk inc flu hosp,3,2026-10-31,36,quantile,0.45,326
2026-10-10,wk inc flu hosp,3,2026-10-31,36,quantile,0.5,346
2026-10-10,wk inc flu hosp,3,2026-10-31,36,quantile,0.55,368
2026-10-10,wk inc flu hosp,3,2026-10-31,36,quantile,0.6,390
2026-10-10,wk inc flu hosp,3,2026-10-31,36,quantile,0.65,416
2026-10-10,wk inc flu hosp,3,2026-10-31,36,quantile,0.7,446
2026-10-10,wk inc flu hosp,3,2026-10-31,36,quantile,0.75,480
2026-10-10,wk inc flu hosp,3,2026-10-31,36,quantile,0.8,526
2026-10-10,wk inc flu hosp,3,2026-10-31,36,quantile,0.85,587
2026-10-10,wk inc flu hosp,3,2026-10-31,36,quantile,0.9,678
2026-10-10,wk inc flu hosp,3,2026-10-31,36,quantile,0.95,833
2026-10-10,wk inc flu hosp,3,2026-10-31,36,quantile,0.975,1004
2026-10-10,wk inc flu hosp,3,2026-10-31,36,quantile,0.99,1240
2026-10-10,wk inc flu hosp,-1,2026-10-03,37,quantile,0.01,56
2026-10-10,wk inc flu hosp,-1,2026-10-03,37,quantile,0.025,60
2026-10-10,wk inc flu hosp,-1,2026-10-03,37,quantile,0.05,63
2026-10-10,wk inc flu hosp,-1,2026-10-03,37,quantile,0.1,67
2026-10-10,wk inc flu hosp,-1,2026-10-03,37,quantile,0.15,70
2026-10-10,wk inc flu hosp,-1,2026-10-03,37,quantile,0.2,73
2026-10-10,wk inc flu hosp,-1,2026-10-03,37,quantile,0.25,75
2026-10-10,wk inc flu hosp,-1,2026-10-03,37,quantile,0.3,77
2026-10-10,wk inc flu hosp,-1,2026-10-03,37,quantile,0.35,78
2026-10-10,wk inc flu hosp,-1,2026-10-03,37,quantile,0.4,80
2026-10-10,wk inc flu hosp,-1,2026-10-03,37,quantile,0.45,82
2026-10-10,wk inc flu hosp,-1,2026-10-03,37,quantile,0.5,84
2026-10-10,wk inc flu hosp,-1,2026-10-03,37,quantile,0.55,86
2026-10-10,wk inc flu hosp,-1,2026-10-03,37,quantile,0.6,87
2026-10-10,wk inc flu hosp,-1,2026-10-03,37,quantile,0.65,89
2026-10-10,wk inc flu hosp,-1,2026-10-03,37,quantile,0.7,92
2026-10-10,wk inc flu hosp,-1,2026-10-03,37,quantile,0.75,94
2026-10-10,wk inc flu hosp,-1,2026-10-03,37,quantile,0.8,97
2026-10-10,wk inc flu hosp,-1,2026-10-03,37,quantile,0.85,100
2026-10-10,wk inc flu hosp,-1,2026-10-03,37,quantile,0.9,104
2026-10-10,wk inc flu hosp,-1,2026-10-03,37,quantile,0.95,112
2026-10-10,wk inc flu hosp,-1,2026-10-03,37,quantile,0.975,119
2026-10-10,wk inc flu hosp,-1,2026-10-03,37,quantile,0.99,126
2026-10-10,wk inc flu hosp,0,2026-10-10,37,quantile,0.01,51
2026-10-10,wk inc flu hosp,0,2026-10-10,37,quantile,0.025,57
2026-10-10,wk inc flu hosp,0,2026-10-10,37,quantile,0.05,63
2026-10-10,wk inc flu hosp,0,2026-10-10,37,quantile,0.1,71
2026-10-10,wk inc flu hosp,0,2026-10-10,37,quantile,0.15,77
2026-10-10,wk inc flu hosp,0,2026-10-10,37,quantile,0.2,83
2026-10-10,wk inc flu hosp,0,2026-10-10,37,quantile,0.25,89
2026-10-10,wk inc flu hosp,0,2026-10-10,37,quantile,0.3,94
2026-10-10,wk inc flu hosp,0,2026-10-10,37,quantile,0.35,99
2026-10-10,wk inc flu hosp,0,2026-10-10,37,quantile,0.4,104
2026-10-10,wk inc flu hosp,0,2026-10-10,37,quantile,0.45,109
2026-10-10,wk inc flu hosp,0,2026-10-10,37,quantile,0.5,114
2026-10-10,wk inc flu hosp,0,2026-10-10,37,quantile,0.55,120
2026-10-10,wk inc flu hosp,0,2026-10-10,37,quantile,0.6,126
2026-10-10,wk inc flu hosp,0,2026-10-10,37,quantile,0.65,131
2026-10-10,wk inc flu hosp,0,2026-10-10,37,quantile,0.7,137
2026-10-10,wk inc flu hosp,0,2026-10-10,37,quantile,0.75,144
2026-10-10,wk inc flu hosp,0,2026-10-10,37,quantile,0.8,153
2026-10-10,wk inc flu hosp,0,2026-10-10,37,quantile,0.85,167
2026-10-10,wk inc flu hosp,0,2026-10-10,37,quantile,0.9,187
2026-10-10,wk inc flu hosp,0,2026-10-10,37,quantile,0.95,219
2026-10-10,wk inc flu hosp,0,2026-10-10,37,quantile,0.975,252
2026-10-10,wk inc flu hosp,0,2026-10-10,37,quantile,0.99,298
2026-10-10,wk inc flu hosp,1,2026-10-17,37,quantile,0.01,57
2026-10-10,wk inc flu hosp,1,2026-10-17,37,quantile,0.025,64
2026-10-10,wk inc flu hosp,1,2026-10-17,37,quantile,0.05,71
2026-10-10,wk inc flu hosp,1,2026-10-17,37,quantile,0.1,81
2026-10-10,wk inc flu hosp,1,2026-10-17,37,quantile,0.15,91
2026-10-10,wk inc flu hosp,1,2026-10-17,37,quantile,0.2,100
2026-10-10,wk inc flu hosp,1,2026-10-17,37,quantile,0.25,108
2026-10-10,wk inc flu hosp,1,2026-10-17,37,quantile,0.3,116
2026-10-10,wk inc flu hosp,1,2026-10-17,37,quantile,0.35,123
2026-10-10,wk inc flu hosp,1,2026-10-17,37,quantile,0.4,131
2026-10-10,wk inc flu hosp,1,2026-10-17,37,quantile,0.45,138
2026-10-10,wk inc flu hosp,1,2026-10-17,37,quantile,0.5,146
2026-10-10,wk inc flu hosp,1,2026-10-17,37,quantile,0.55,154
2026-10-10,wk inc flu hosp,1,2026-10-17,37,quantile,0.6,162
2026-10-10,wk inc flu hosp,1,2026-10-17,37,quantile,0.65,172
2026-10-10,wk inc flu hosp,1,2026-10-17,37,quantile,0.7,183
2026-10-10,wk inc flu hosp,1,2026-10-17,37,quantile,0.75,196
2026-10-10,wk inc flu hosp,1,2026-10-17,37,quantile,0.8,213
2026-10-10,wk inc flu hosp,1,2026-10-17,37,quantile,0.85,236
2026-10-10,wk inc flu hosp,1,2026-10-17,37,quantile,0.9,269
2026-10-10,wk inc flu hosp,1,2026-10-17,37,quantile,0.95,346
2026-10-10,wk inc flu hosp,1,2026-10-17,37,quantile,0.975,444
2026-10-10,wk inc flu hosp,1,2026-10-17,37,quantile,0.99,620
2026-10-10,wk inc flu hosp,2,2026-10-24,37,quantile,0.01,62
2026-10-10,wk inc flu hosp,2,2026-10-24,37,quantile,0.025,72
2026-10-10,wk inc flu hosp,2,2026-10-24,37,quantile,0.05,81
2026-10-10,wk inc flu hosp,2,2026-10-24,37,quantile,0.1,94
2026-10-10,wk inc flu hosp,2,2026-10-24,37,quantile,0.15,106
2026-10-10,wk inc flu hosp,2,2026-10-24,37,quantile,0.2,117
2026-10-10,wk inc flu hosp,2,2026-10-24,37,quantile,0.25,129
2026-10-10,wk inc flu hosp,2,2026-10-24,37,quantile,0.3,140
2026-10-10,wk inc flu hosp,2,2026-10-24,37,quantile,0.35,151
2026-10-10,wk inc flu hosp,2,2026-10-24,37,quantile,0.4,162
2026-10-10,wk inc flu hosp,2,2026-10-24,37,quantile,0.45,172
2026-10-10,wk inc flu hosp,2,2026-10-24,37,quantile,0.5,183
2026-10-10,wk inc flu hosp,2,2026-10-24,37,quantile,0.55,195
2026-10-10,wk inc flu hosp,2,2026-10-24,37,quantile,0.6,208
2026-10-10,wk inc flu hosp,2,2026-10-24,37,quantile,0.65,224
2026-10-10,wk inc flu hosp,2,2026-10-24,37,quantile,0.7,242
2026-10-10,wk inc flu hosp,2,2026-10-24,37,quantile,0.75,263
2026-10-10,wk inc flu hosp,2,2026-10-24,37,quantile,0.8,290
2026-10-10,wk inc flu hosp,2,2026-10-24,37,quantile,0.85,332
2026-10-10,wk inc flu hosp,2,2026-10-24,37,quantile,0.9,392
2026-10-10,wk inc flu hosp,2,2026-10-24,37,quantile,0.95,514
2026-10-10,wk inc flu hosp,2,2026-10-24,37,quantile,0.975,665
2026-10-10,wk inc flu hosp,2,2026-10-24,37,quantile,0.99,933
2026-10-10,wk inc flu hosp,3,2026-10-31,37,quantile,0.01,68
2026-10-10,wk inc flu hosp,3,2026-10-31,37,quantile,0.025,80
2026-10-10,wk inc flu hosp,3,2026-10-31,37,quantile,0.05,92
2026-10-10,wk inc flu hosp,3,2026-10-31,37,quantile,0.1,109
2026-10-10,wk inc flu hosp,3,2026-10-31,37,quantile,0.15,125
2026-10-10,wk inc flu hosp,3,2026-10-31,37,quantile,0.2,140
2026-10-10,wk inc flu hosp,3,2026-10-31,37,quantile,0.25,156
2026-10-10,wk inc flu hosp,3,2026-10-31,37,quantile,0.3,171
2026-10-10,wk inc flu hosp,3,2026-10-31,37,quantile,0.35,186
2026-10-10,wk inc flu hosp,3,2026-10-31,37,quantile,0.4,200
2026-10-10,wk inc flu hosp,3,2026-10-31,37,quantile,0.45,214
2026-10-10,wk inc flu hosp,3,2026-10-31,37,quantile,0.5,229
2026-10-10,wk inc flu hosp,3,2026-10-31,37,quantile,0.55,245
2026-10-10,wk inc flu hosp,3,2026-10-31,37,quantile,0.6,263
2026-10-10,wk inc flu hosp,3,2026-10-31,37,quantile,0.65,285
2026-10-10,wk inc flu hosp,3,2026-10-31,37,quantile,0.7,313
2026-10-10,wk inc flu hosp,3,2026-10-31,37,quantile,0.75,348
2026-10-10,wk inc flu hosp,3,2026-10-31,37,quantile,0.8,393
2026-10-10,wk inc flu hosp,3,2026-10-31,37,quantile,0.85,458
2026-10-10,wk inc flu hosp,3,2026-10-31,37,quantile,0.9,545
2026-10-10,wk inc flu hosp,3,2026-10-31,37,quantile,0.95,727
2026-10-10,wk inc flu hosp,3,2026-10-31,37,quantile,0.975,955
2026-10-10,wk inc flu hosp,3,2026-10-31,37,quantile,0.99,1359
2026-10-10,wk inc flu hosp,-1,2026-10-03,38,quantile,0.01,3
2026-10-10,wk inc flu hosp,-1,2026-10-03,38,quantile,0.025,3
2026-10-10,wk inc flu hosp,-1,2026-10-03,38,quantile,0.05,3
2026-10-10,wk inc flu hosp,-1,2026-10-03,38,quantile,0.1,3
2026-10-10,wk inc flu hosp,-1,2026-10-03,38,quantile,0.15,4
2026-10-10,wk inc flu hosp,-1,2026-10-03,38,quantile,0.2,4
2026-10-10,wk inc flu hosp,-1,2026-10-03,38,quantile,0.25,4
2026-10-10,wk inc flu hosp,-1,2026-10-03,38,quantile,0.3,4
2026-10-10,wk inc flu hosp,-1,2026-10-03,38,quantile,0.35,4
2026-10-10,wk inc flu hosp,-1,2026-10-03,38,quantile,0.4,4
2026-10-10,wk inc flu hosp,-1,2026-10-03,38,quantile,0.45,4
2026-10-10,wk inc flu hosp,-1,2026-10-03,38,quantile,0.5,4
2026-10-10,wk inc flu hosp,-1,2026-10-03,38,quantile,0.55,5
2026-10-10,wk inc flu hosp,-1,2026-10-03,38,quantile,0.6,5
2026-10-10,wk inc flu hosp,-1,2026-10-03,38,quantile,0.65,5
2026-10-10,wk inc flu hosp,-1,2026-10-03,38,quantile,0.7,5
2026-10-10,wk inc flu hosp,-1,2026-10-03,38,quantile,0.75,5
2026-10-10,wk inc flu hosp,-1,2026-10-03,38,quantile,0.8,5
2026-10-10,wk inc flu hosp,-1,2026-10-03,38,quantile,0.85,6
2026-10-10,wk inc flu hosp,-1,2026-10-03,38,quantile,0.9,6
2026-10-10,wk inc flu hosp,-1,2026-10-03,38,quantile,0.95,6
2026-10-10,wk inc flu hosp,-1,2026-10-03,38,quantile,0.975,7
2026-10-10,wk inc flu hosp,-1,2026-10-03,38,quantile,0.99,7
2026-10-10,wk inc flu hosp,0,2026-10-10,38,quantile,0.01,2
2026-10-10,wk inc flu hosp,0,2026-10-10,38,quantile,0.025,2
2026-10-10,wk inc flu hosp,0,2026-10-10,38,quantile,0.05,2
2026-10-10,wk inc flu hosp,0,2026-10-10,38,quantile,0.1,3
2026-10-10,wk inc flu hosp,0,2026-10-10,38,quantile,0.15,3
2026-10-10,wk inc flu hosp,0,2026-10-10,38,quantile,0.2,3
2026-10-10,wk inc flu hosp,0,2026-10-10,38,quantile,0.25,4
2026-10-10,wk inc flu hosp,0,2026-10-10,38,quantile,0.3,4
2026-10-10,wk inc flu hosp,0,2026-10-10,38,quantile,0.35,4
2026-10-10,wk inc flu hosp,0,2026-10-10,38,quantile,0.4,4
2026-10-10,wk inc flu hosp,0,2026-10-10,38,quantile,0.45,4
2026-10-10,wk inc flu hosp,0,2026-10-10,38,quantile,0.5,5
2026-10-10,wk inc flu hosp,0,2026-10-10,38,quantile,0.55,5
2026-10-10,wk inc flu hosp,0,2026-10-10,38,quantile,0.6,5
2026-10-10,wk inc flu hosp,0,2026-10-10,38,quantile,0.65,5
2026-10-10,wk inc flu hosp,0,2026-10-10,38,quantile,0.7,5
2026-10-10,wk inc flu hosp,0,2026-10-10,38,quantile,0.75,6
2026-10-10,wk inc flu hosp,0,2026-10-10,38,quantile,0.8,6
2026-10-10,wk inc flu hosp,0,2026-10-10,38,quantile,0.85,6
2026-10-10,wk inc flu hosp,0,2026-10-10,38,quantile,0.9,7
2026-10-10,wk inc flu hosp,0,2026-10-10,38,quantile,0.95,8
2026-10-10,wk inc flu hosp,0,2026-10-10,38,quantile,0.975,9
2026-10-10,wk inc flu hosp,0,2026-10-10,38,quantile,0.99,11
2026-10-10,wk inc flu hosp,1,2026-10-17,38,quantile,0.01,2
2026-10-10,wk inc flu hosp,1,2026-10-17,38,quantile,0.025,2
2026-10-10,wk inc flu hosp,1,2026-10-17,38,quantile,0.05,2
2026-10-10,wk inc flu hosp,1,2026-10-17,38,quantile,0.1,3
2026-10-10,wk inc flu hosp,1,2026-10-17,38,quantile,0.15,3
2026-10-10,wk inc flu hosp,1,2026-10-17,38,quantile,0.2,3
2026-10-10,wk inc flu hosp,1,2026-10-17,38,quantile,0.25,4
2026-10-10,wk inc flu hosp,1,2026-10-17,38,quantile,0.3,4
2026-10-10,wk inc flu hosp,1,2026-10-17,38,quantile,0.35,4
2026-10-10,wk inc flu hosp,1,2026-10-17,38,quantile,0.4,4
2026-10-10,wk inc flu hosp,1,2026-10-17,38,quantile,0.45,4
2026-10-10,wk inc flu hosp,1,2026-10-17,38,quantile,0.5,5
2026-10-10,wk inc flu hosp,1,2026-10-17,38,quantile,0.55,5
2026-10-10,wk inc flu hosp,1,2026-10-17,38,quantile,0.6,5
2026-10-10,wk inc flu hosp,1,2026-10-17,38,quantile,0.65,6
2026-10-10,wk inc flu hosp,1,2026-10-17,38,quantile,0.7,6
2026-10-10,wk inc flu hosp,1,2026-10-17,38,quantile,0.75,6
2026-10-10,wk inc flu hosp,1,2026-10-17,38,quantile,0.8,7
2026-10-10,wk inc flu hosp,1,2026-10-17,38,quantile,0.85,7
2026-10-10,wk inc flu hosp,1,2026-10-17,38,quantile,0.9,8
2026-10-10,wk inc flu hosp,1,2026-10-17,38,quantile,0.95,10
2026-10-10,wk inc flu hosp,1,2026-10-17,38,quantile,0.975,11
2026-10-10,wk inc flu hosp,1,2026-10-17,38,quantile,0.99,13
2026-10-10,wk inc flu hosp,2,2026-10-24,38,quantile,0.01,2
2026-10-10,wk inc flu hosp,2,2026-10-24,38,quantile,0.025,2
2026-10-10,wk inc flu hosp,2,2026-10-24,38,quantile,0.05,2
2026-10-10,wk inc flu hosp,2,2026-10-24,38,quantile,0.1,3
2026-10-10,wk inc flu hosp,2,2026-10-24,38,quantile,0.15,3
2026-10-10,wk inc flu hosp,2,2026-10-24,38,quantile,0.2,3
2026-10-10,wk inc flu hosp,2,2026-10-24,38,quantile,0.25,4
2026-10-10,wk inc flu hosp,2,2026-10-24,38,quantile,0.3,4
2026-10-10,wk inc flu hosp,2,2026-10-24,38,quantile,0.35,4
2026-10-10,wk inc flu hosp,2,2026-10-24,38,quantile,0.4,5
2026-10-10,wk inc flu hosp,2,2026-10-24,38,quantile,0.45,5
2026-10-10,wk inc flu hosp,2,2026-10-24,38,quantile,0.5,5
2026-10-10,wk inc flu hosp,2,2026-10-24,38,quantile,0.55,5
2026-10-10,wk inc flu hosp,2,2026-10-24,38,quantile,0.6,6
2026-10-10,wk inc flu hosp,2,2026-10-24,38,quantile,0.65,6
2026-10-10,wk inc flu hosp,2,2026-10-24,38,quantile,0.7,7
2026-10-10,wk inc flu hosp,2,2026-10-24,38,quantile,0.75,7
2026-10-10,wk inc flu hosp,2,2026-10-24,38,quantile,0.8,8
2026-10-10,wk inc flu hosp,2,2026-10-24,38,quantile,0.85,9
2026-10-10,wk inc flu hosp,2,2026-10-24,38,quantile,0.9,10
2026-10-10,wk inc flu hosp,2,2026-10-24,38,quantile,0.95,12
2026-10-10,wk inc flu hosp,2,2026-10-24,38,quantile,0.975,14
2026-10-10,wk inc flu hosp,2,2026-10-24,38,quantile,0.99,17
2026-10-10,wk inc flu hosp,3,2026-10-31,38,quantile,0.01,1
2026-10-10,wk inc flu hosp,3,2026-10-31,38,quantile,0.025,2
2026-10-10,wk inc flu hosp,3,2026-10-31,38,quantile,0.05,2
2026-10-10,wk inc flu hosp,3,2026-10-31,38,quantile,0.1,2
2026-10-10,wk inc flu hosp,3,2026-10-31,38,quantile,0.15,3
2026-10-10,wk inc flu hosp,3,2026-10-31,38,quantile,0.2,3
2026-10-10,wk inc flu hosp,3,2026-10-31,38,quantile,0.25,4
2026-10-10,wk inc flu hosp,3,2026-10-31,38,quantile,0.3,4
2026-10-10,wk inc flu hosp,3,2026-10-31,38,quantile,0.35,5
2026-10-10,wk inc flu hosp,3,2026-10-31,38,quantile,0.4,5
2026-10-10,wk inc flu hosp,3,2026-10-31,38,quantile,0.45,5
2026-10-10,wk inc flu hosp,3,2026-10-31,38,quantile,0.5,6
2026-10-10,wk inc flu hosp,3,2026-10-31,38,quantile,0.55,6
2026-10-10,wk inc flu hosp,3,2026-10-31,38,quantile,0.6,6
2026-10-10,wk inc flu hosp,3,2026-10-31,38,quantile,0.65,7
2026-10-10,wk inc flu hosp,3,2026-10-31,38,quantile,0.7,8
2026-10-10,wk inc flu hosp,3,2026-10-31,38,quantile,0.75,8
2026-10-10,wk inc flu hosp,3,2026-10-31,38,quantile,0.8,9
2026-10-10,wk inc flu hosp,3,2026-10-31,38,quantile,0.85,10
2026-10-10,wk inc flu hosp,3,2026-10-31,38,quantile,0.9,12
2026-10-10,wk inc flu hosp,3,2026-10-31,38,quantile,0.95,15
2026-10-10,wk inc flu hosp,3,2026-10-31,38,quantile,0.975,18
2026-10-10,wk inc flu hosp,3,2026-10-31,38,quantile,0.99,22
2026-10-10,wk inc flu hosp,-1,2026-10-03,39,quantile,0.01,50
2026-10-10,wk inc flu hosp,-1,2026-10-03,39,quantile,0.025,54
2026-10-10,wk inc flu hosp,-1,2026-10-03,39,quantile,0.05,56
2026-10-10,wk inc flu hosp,-1,2026-10-03,39,quantile,0.1,60
2026-10-10,wk inc flu hosp,-1,2026-10-03,39,quantile,0.15,63
2026-10-10,wk inc flu hosp,-1,2026-10-03,39,quantile,0.2,65
2026-10-10,wk inc flu hosp,-1,2026-10-03,39,quantile,0.25,67
2026-10-10,wk inc flu hosp,-1,2026-10-03,39,quantile,0.3,69
2026-10-10,wk inc flu hosp,-1,2026-10-03,39,quantile,0.35,70
2026-10-10,wk inc flu hosp,-1,2026-10-03,39,quantile,0.4,72
2026-10-10,wk inc flu hosp,-1,2026-10-03,39,quantile,0.45,73
2026-10-10,wk inc flu hosp,-1,2026-10-03,39,quantile,0.5,75
2026-10-10,wk inc flu hosp,-1,2026-10-03,39,quantile,0.55,77
2026-10-10,wk inc flu hosp,-1,2026-10-03,39,quantile,0.6,78
2026-10-10,wk inc flu hosp,-1,2026-10-03,39,quantile,0.65,80
2026-10-10,wk inc flu hosp,-1,2026-10-03,39,quantile,0.7,82
2026-10-10,wk inc flu hosp,-1,2026-10-03,39,quantile,0.75,84
2026-10-10,wk inc flu hosp,-1,2026-10-03,39,quantile,0.8,87
2026-10-10,wk inc flu hosp,-1,2026-10-03,39,quantile,0.85,90
2026-10-10,wk inc flu hosp,-1,2026-10-03,39,quantile,0.9,94
2026-10-10,wk inc flu hosp,-1,2026-10-03,39,quantile,0.95,100
2026-10-10,wk inc flu hosp,-1,2026-10-03,39,quantile,0.975,106
2026-10-10,wk inc flu hosp,-1,2026-10-03,39,quantile,0.99,114
2026-10-10,wk inc flu hosp,0,2026-10-10,39,quantile,0.01,41
2026-10-10,wk inc flu hosp,0,2026-10-10,39,quantile,0.025,47
2026-10-10,wk inc flu hosp,0,2026-10-10,39,quantile,0.05,52
2026-10-10,wk inc flu hosp,0,2026-10-10,39,quantile,0.1,58
2026-10-10,wk inc flu hosp,0,2026-10-10,39,quantile,0.15,65
2026-10-10,wk inc flu hosp,0,2026-10-10,39,quantile,0.2,70
2026-10-10,wk inc flu hosp,0,2026-10-10,39,quantile,0.25,75
2026-10-10,wk inc flu hosp,0,2026-10-10,39,quantile,0.3,78
2026-10-10,wk inc flu hosp,0,2026-10-10,39,quantile,0.35,83
2026-10-10,wk inc flu hosp,0,2026-10-10,39,quantile,0.4,87
2026-10-10,wk inc flu hosp,0,2026-10-10,39,quantile,0.45,90
2026-10-10,wk inc flu hosp,0,2026-10-10,39,quantile,0.5,94
2026-10-10,wk inc flu hosp,0,2026-10-10,39,quantile,0.55,98
2026-10-10,wk inc flu hosp,0,2026-10-10,39,quantile,0.6,102
2026-10-10,wk inc flu hosp,0,2026-10-10,39,quantile,0.65,106
2026-10-10,wk inc flu hosp,0,2026-10-10,39,quantile,0.7,110
2026-10-10,wk inc flu hosp,0,2026-10-10,39,quantile,0.75,114
2026-10-10,wk inc flu hosp,0,2026-10-10,39,quantile,0.8,121
2026-10-10,wk inc flu hosp,0,2026-10-10,39,quantile,0.85,133
2026-10-10,wk inc flu hosp,0,2026-10-10,39,quantile,0.9,152
2026-10-10,wk inc flu hosp,0,2026-10-10,39,quantile,0.95,174
2026-10-10,wk inc flu hosp,0,2026-10-10,39,quantile,0.975,196
2026-10-10,wk inc flu hosp,0,2026-10-10,39,quantile,0.99,226
2026-10-10,wk inc flu hosp,1,2026-10-17,39,quantile,0.01,47
2026-10-10,wk inc flu hosp,1,2026-10-17,39,quantile,0.025,54
2026-10-10,wk inc flu hosp,1,2026-10-17,39,quantile,0.05,60
2026-10-10,wk inc flu hosp,1,2026-10-17,39,quantile,0.1,69
2026-10-10,wk inc flu hosp,1,2026-10-17,39,quantile,0.15,78
2026-10-10,wk inc flu hosp,1,2026-10-17,39,quantile,0.2,85
2026-10-10,wk inc flu hosp,1,2026-10-17,39,quantile,0.25,91
2026-10-10,wk inc flu hosp,1,2026-10-17,39,quantile,0.3,97
2026-10-10,wk inc flu hosp,1,2026-10-17,39,quantile,0.35,103
2026-10-10,wk inc flu hosp,1,2026-10-17,39,quantile,0.4,108
2026-10-10,wk inc flu hosp,1,2026-10-17,39,quantile,0.45,114
2026-10-10,wk inc flu hosp,1,2026-10-17,39,quantile,0.5,119
2026-10-10,wk inc flu hosp,1,2026-10-17,39,quantile,0.55,124
2026-10-10,wk inc flu hosp,1,2026-10-17,39,quantile,0.6,130
2026-10-10,wk inc flu hosp,1,2026-10-17,39,quantile,0.65,137
2026-10-10,wk inc flu hosp,1,2026-10-17,39,quantile,0.7,145
2026-10-10,wk inc flu hosp,1,2026-10-17,39,quantile,0.75,155
2026-10-10,wk inc flu hosp,1,2026-10-17,39,quantile,0.8,168
2026-10-10,wk inc flu hosp,1,2026-10-17,39,quantile,0.85,188
2026-10-10,wk inc flu hosp,1,2026-10-17,39,quantile,0.9,218
2026-10-10,wk inc flu hosp,1,2026-10-17,39,quantile,0.95,259
2026-10-10,wk inc flu hosp,1,2026-10-17,39,quantile,0.975,301
2026-10-10,wk inc flu hosp,1,2026-10-17,39,quantile,0.99,356
2026-10-10,wk inc flu hosp,2,2026-10-24,39,quantile,0.01,51
2026-10-10,wk inc flu hosp,2,2026-10-24,39,quantile,0.025,59
2026-10-10,wk inc flu hosp,2,2026-10-24,39,quantile,0.05,67
2026-10-10,wk inc flu hosp,2,2026-10-24,39,quantile,0.1,78
2026-10-10,wk inc flu hosp,2,2026-10-24,39,quantile,0.15,89
2026-10-10,wk inc flu hosp,2,2026-10-24,39,quantile,0.2,99
2026-10-10,wk inc flu hosp,2,2026-10-24,39,quantile,0.25,108
2026-10-10,wk inc flu hosp,2,2026-10-24,39,quantile,0.3,116
2026-10-10,wk inc flu hosp,2,2026-10-24,39,quantile,0.35,125
2026-10-10,wk inc flu hosp,2,2026-10-24,39,quantile,0.4,133
2026-10-10,wk inc flu hosp,2,2026-10-24,39,quantile,0.45,141
2026-10-10,wk inc flu hosp,2,2026-10-24,39,quantile,0.5,148
2026-10-10,wk inc flu hosp,2,2026-10-24,39,quantile,0.55,157
2026-10-10,wk inc flu hosp,2,2026-10-24,39,quantile,0.6,167
2026-10-10,wk inc flu hosp,2,2026-10-24,39,quantile,0.65,179
2026-10-10,wk inc flu hosp,2,2026-10-24,39,quantile,0.7,193
2026-10-10,wk inc flu hosp,2,2026-10-24,39,quantile,0.75,211
2026-10-10,wk inc flu hosp,2,2026-10-24,39,quantile,0.8,233
2026-10-10,wk inc flu hosp,2,2026-10-24,39,quantile,0.85,269
2026-10-10,wk inc flu hosp,2,2026-10-24,39,quantile,0.9,321
2026-10-10,wk inc flu hosp,2,2026-10-24,39,quantile,0.95,405
2026-10-10,wk inc flu hosp,2,2026-10-24,39,quantile,0.975,494
2026-10-10,wk inc flu hosp,2,2026-10-24,39,quantile,0.99,627
2026-10-10,wk inc flu hosp,3,2026-10-31,39,quantile,0.01,54
2026-10-10,wk inc flu hosp,3,2026-10-31,39,quantile,0.025,64
2026-10-10,wk inc flu hosp,3,2026-10-31,39,quantile,0.05,74
2026-10-10,wk inc flu hosp,3,2026-10-31,39,quantile,0.1,88
2026-10-10,wk inc flu hosp,3,2026-10-31,39,quantile,0.15,102
2026-10-10,wk inc flu hosp,3,2026-10-31,39,quantile,0.2,115
2026-10-10,wk inc flu hosp,3,2026-10-31,39,quantile,0.25,128
2026-10-10,wk inc flu hosp,3,2026-10-31,39,quantile,0.3,139
2026-10-10,wk inc flu hosp,3,2026-10-31,39,quantile,0.35,151
2026-10-10,wk inc flu hosp,3,2026-10-31,39,quantile,0.4,163
2026-10-10,wk inc flu hosp,3,2026-10-31,39,quantile,0.45,175
2026-10-10,wk inc flu hosp,3,2026-10-31,39,quantile,0.5,187
2026-10-10,wk inc flu hosp,3,2026-10-31,39,quantile,0.55,199
2026-10-10,wk inc flu hosp,3,2026-10-31,39,quantile,0.6,214
2026-10-10,wk inc flu hosp,3,2026-10-31,39,quantile,0.65,233
2026-10-10,wk inc flu hosp,3,2026-10-31,39,quantile,0.7,256
2026-10-10,wk inc flu hosp,3,2026-10-31,39,quantile,0.75,285
2026-10-10,wk inc flu hosp,3,2026-10-31,39,quantile,0.8,322
2026-10-10,wk inc flu hosp,3,2026-10-31,39,quantile,0.85,377
2026-10-10,wk inc flu hosp,3,2026-10-31,39,quantile,0.9,456
2026-10-10,wk inc flu hosp,3,2026-10-31,39,quantile,0.95,603
2026-10-10,wk inc flu hosp,3,2026-10-31,39,quantile,0.975,770
2026-10-10,wk inc flu hosp,3,2026-10-31,39,quantile,0.99,1029
2026-10-10,wk inc flu hosp,-1,2026-10-03,40,quantile,0.01,16
2026-10-10,wk inc flu hosp,-1,2026-10-03,40,quantile,0.025,17
2026-10-10,wk inc flu hosp,-1,2026-10-03,40,quantile,0.05,18
2026-10-10,wk inc flu hosp,-1,2026-10-03,40,quantile,0.1,19
2026-10-10,wk inc flu hosp,-1,2026-10-03,40,quantile,0.15,20
2026-10-10,wk inc flu hosp,-1,2026-10-03,40,quantile,0.2,21
2026-10-10,wk inc flu hosp,-1,2026-10-03,40,quantile,0.25,21
2026-10-10,wk inc flu hosp,-1,2026-10-03,40,quantile,0.3,22
2026-10-10,wk inc flu hosp,-1,2026-10-03,40,quantile,0.35,23
2026-10-10,wk inc flu hosp,-1,2026-10-03,40,quantile,0.4,23
2026-10-10,wk inc flu hosp,-1,2026-10-03,40,quantile,0.45,24
2026-10-10,wk inc flu hosp,-1,2026-10-03,40,quantile,0.5,24
2026-10-10,wk inc flu hosp,-1,2026-10-03,40,quantile,0.55,25
2026-10-10,wk inc flu hosp,-1,2026-10-03,40,quantile,0.6,26
2026-10-10,wk inc flu hosp,-1,2026-10-03,40,quantile,0.65,26
2026-10-10,wk inc flu hosp,-1,2026-10-03,40,quantile,0.7,27
2026-10-10,wk inc flu hosp,-1,2026-10-03,40,quantile,0.75,28
2026-10-10,wk inc flu hosp,-1,2026-10-03,40,quantile,0.8,28
2026-10-10,wk inc flu hosp,-1,2026-10-03,40,quantile,0.85,30
2026-10-10,wk inc flu hosp,-1,2026-10-03,40,quantile,0.9,31
2026-10-10,wk inc flu hosp,-1,2026-10-03,40,quantile,0.95,33
2026-10-10,wk inc flu hosp,-1,2026-10-03,40,quantile,0.975,35
2026-10-10,wk inc flu hosp,-1,2026-10-03,40,quantile,0.99,38
2026-10-10,wk inc flu hosp,0,2026-10-10,40,quantile,0.01,13
2026-10-10,wk inc flu hosp,0,2026-10-10,40,quantile,0.025,14
2026-10-10,wk inc flu hosp,0,2026-10-10,40,quantile,0.05,16
2026-10-10,wk inc flu hosp,0,2026-10-10,40,quantile,0.1,18
2026-10-10,wk inc flu hosp,0,2026-10-10,40,quantile,0.15,20
2026-10-10,wk inc flu hosp,0,2026-10-10,40,quantile,0.2,22
2026-10-10,wk inc flu hosp,0,2026-10-10,40,quantile,0.25,23
2026-10-10,wk inc flu hosp,0,2026-10-10,40,quantile,0.3,25
2026-10-10,wk inc flu hosp,0,2026-10-10,40,quantile,0.35,26
2026-10-10,wk inc flu hosp,0,2026-10-10,40,quantile,0.4,27
2026-10-10,wk inc flu hosp,0,2026-10-10,40,quantile,0.45,28
2026-10-10,wk inc flu hosp,0,2026-10-10,40,quantile,0.5,30
2026-10-10,wk inc flu hosp,0,2026-10-10,40,quantile,0.55,31
2026-10-10,wk inc flu hosp,0,2026-10-10,40,quantile,0.6,32
2026-10-10,wk inc flu hosp,0,2026-10-10,40,quantile,0.65,34
2026-10-10,wk inc flu hosp,0,2026-10-10,40,quantile,0.7,35
2026-10-10,wk inc flu hosp,0,2026-10-10,40,quantile,0.75,37
2026-10-10,wk inc flu hosp,0,2026-10-10,40,quantile,0.8,40
2026-10-10,wk inc flu hosp,0,2026-10-10,40,quantile,0.85,43
2026-10-10,wk inc flu hosp,0,2026-10-10,40,quantile,0.9,47
2026-10-10,wk inc flu hosp,0,2026-10-10,40,quantile,0.95,54
2026-10-10,wk inc flu hosp,0,2026-10-10,40,quantile,0.975,61
2026-10-10,wk inc flu hosp,0,2026-10-10,40,quantile,0.99,70
2026-10-10,wk inc flu hosp,1,2026-10-17,40,quantile,0.01,15
2026-10-10,wk inc flu hosp,1,2026-10-17,40,quantile,0.025,18
2026-10-10,wk inc flu hosp,1,2026-10-17,40,quantile,0.05,20
2026-10-10,wk inc flu hosp,1,2026-10-17,40,quantile,0.1,23
2026-10-10,wk inc flu hosp,1,2026-10-17,40,quantile,0.15,25
2026-10-10,wk inc flu hosp,1,2026-10-17,40,quantile,0.2,27
2026-10-10,wk inc flu hosp,1,2026-10-17,40,quantile,0.25,29
2026-10-10,wk inc flu hosp,1,2026-10-17,40,quantile,0.3,31
2026-10-10,wk inc flu hosp,1,2026-10-17,40,quantile,0.35,33
2026-10-10,wk inc flu hosp,1,2026-10-17,40,quantile,0.4,35
2026-10-10,wk inc flu hosp,1,2026-10-17,40,quantile,0.45,36
2026-10-10,wk inc flu hosp,1,2026-10-17,40,quantile,0.5,38
2026-10-10,wk inc flu hosp,1,2026-10-17,40,quantile,0.55,40
2026-10-10,wk inc flu hosp,1,2026-10-17,40,quantile,0.6,43
2026-10-10,wk inc flu hosp,1,2026-10-17,40,quantile,0.65,45
2026-10-10,wk inc flu hosp,1,2026-10-17,40,quantile,0.7,49
2026-10-10,wk inc flu hosp,1,2026-10-17,40,quantile,0.75,52
2026-10-10,wk inc flu hosp,1,2026-10-17,40,quantile,0.8,57
2026-10-10,wk inc flu hosp,1,2026-10-17,40,quantile,0.85,63
2026-10-10,wk inc flu hosp,1,2026-10-17,40,quantile,0.9,72
2026-10-10,wk inc flu hosp,1,2026-10-17,40,quantile,0.95,84
2026-10-10,wk inc flu hosp,1,2026-10-17,40,quantile,0.975,96
2026-10-10,wk inc flu hosp,1,2026-10-17,40,quantile,0.99,111
2026-10-10,wk inc flu hosp,2,2026-10-24,40,quantile,0.01,20
2026-10-10,wk inc flu hosp,2,2026-10-24,40,quantile,0.025,22
2026-10-10,wk inc flu hosp,2,2026-10-24,40,quantile,0.05,25
2026-10-10,wk inc flu hosp,2,2026-10-24,40,quantile,0.1,29
2026-10-10,wk inc flu hosp,2,2026-10-24,40,quantile,0.15,32
2026-10-10,wk inc flu hosp,2,2026-10-24,40,quantile,0.2,35
2026-10-10,wk inc flu hosp,2,2026-10-24,40,quantile,0.25,38
2026-10-10,wk inc flu hosp,2,2026-10-24,40,quantile,0.3,41
2026-10-10,wk inc flu hosp,2,2026-10-24,40,quantile,0.35,43
2026-10-10,wk inc flu hosp,2,2026-10-24,40,quantile,0.4,46
2026-10-10,wk inc flu hosp,2,2026-10-24,40,quantile,0.45,49
2026-10-10,wk inc flu hosp,2,2026-10-24,40,quantile,0.5,52
2026-10-10,wk inc flu hosp,2,2026-10-24,40,quantile,0.55,56
2026-10-10,wk inc flu hosp,2,2026-10-24,40,quantile,0.6,60
2026-10-10,wk inc flu hosp,2,2026-10-24,40,quantile,0.65,65
2026-10-10,wk inc flu hosp,2,2026-10-24,40,quantile,0.7,71
2026-10-10,wk inc flu hosp,2,2026-10-24,40,quantile,0.75,78
2026-10-10,wk inc flu hosp,2,2026-10-24,40,quantile,0.8,87
2026-10-10,wk inc flu hosp,2,2026-10-24,40,quantile,0.85,98
2026-10-10,wk inc flu hosp,2,2026-10-24,40,quantile,0.9,112
2026-10-10,wk inc flu hosp,2,2026-10-24,40,quantile,0.95,132
2026-10-10,wk inc flu hosp,2,2026-10-24,40,quantile,0.975,152
2026-10-10,wk inc flu hosp,2,2026-10-24,40,quantile,0.99,178
2026-10-10,wk inc flu hosp,3,2026-10-31,40,quantile,0.01,22
2026-10-10,wk inc flu hosp,3,2026-10-31,40,quantile,0.025,26
2026-10-10,wk inc flu hosp,3,2026-10-31,40,quantile,0.05,30
2026-10-10,wk inc flu hosp,3,2026-10-31,40,quantile,0.1,35
2026-10-10,wk inc flu hosp,3,2026-10-31,40,quantile,0.15,39
2026-10-10,wk inc flu hosp,3,2026-10-31,40,quantile,0.2,44
2026-10-10,wk inc flu hosp,3,2026-10-31,40,quantile,0.25,48
2026-10-10,wk inc flu hosp,3,2026-10-31,40,quantile,0.3,51
2026-10-10,wk inc flu hosp,3,2026-10-31,40,quantile,0.35,55
2026-10-10,wk inc flu hosp,3,2026-10-31,40,quantile,0.4,59
2026-10-10,wk inc flu hosp,3,2026-10-31,40,quantile,0.45,64
2026-10-10,wk inc flu hosp,3,2026-10-31,40,quantile,0.5,69
2026-10-10,wk inc flu hosp,3,2026-10-31,40,quantile,0.55,75
2026-10-10,wk inc flu hosp,3,2026-10-31,40,quantile,0.6,82
2026-10-10,wk inc flu hosp,3,2026-10-31,40,quantile,0.65,90
2026-10-10,wk inc flu hosp,3,2026-10-31,40,quantile,0.7,100
2026-10-10,wk inc flu hosp,3,2026-10-31,40,quantile,0.75,113
2026-10-10,wk inc flu hosp,3,2026-10-31,40,quantile,0.8,127
2026-10-10,wk inc flu hosp,3,2026-10-31,40,quantile,0.85,145
2026-10-10,wk inc flu hosp,3,2026-10-31,40,quantile,0.9,167
2026-10-10,wk inc flu hosp,3,2026-10-31,40,quantile,0.95,199
2026-10-10,wk inc flu hosp,3,2026-10-31,40,quantile,0.975,231
2026-10-10,wk inc flu hosp,3,2026-10-31,40,quantile,0.99,274
2026-10-10,wk inc flu hosp,-1,2026-10-03,41,quantile,0.01,26
2026-10-10,wk inc flu hosp,-1,2026-10-03,41,quantile,0.025,28
2026-10-10,wk inc flu hosp,-1,2026-10-03,41,quantile,0.05,29
2026-10-10,wk inc flu hosp,-1,2026-10-03,41,quantile,0.1,31
2026-10-10,wk inc flu hosp,-1,2026-10-03,41,quantile,0.15,33
2026-10-10,wk inc flu hosp,-1,2026-10-03,41,quantile,0.2,34
2026-10-10,wk inc flu hosp,-1,2026-10-03,41,quantile,0.25,35
2026-10-10,wk inc flu hosp,-1,2026-10-03,41,quantile,0.3,36
2026-10-10,wk inc flu hosp,-1,2026-10-03,41,quantile,0.35,36
2026-10-10,wk inc flu hosp,-1,2026-10-03,41,quantile,0.4,37
2026-10-10,wk inc flu hosp,-1,2026-10-03,41,quantile,0.45,38
2026-10-10,wk inc flu hosp,-1,2026-10-03,41,quantile,0.5,39
2026-10-10,wk inc flu hosp,-1,2026-10-03,41,quantile,0.55,40
2026-10-10,wk inc flu hosp,-1,2026-10-03,41,quantile,0.6,41
2026-10-10,wk inc flu hosp,-1,2026-10-03,41,quantile,0.65,42
2026-10-10,wk inc flu hosp,-1,2026-10-03,41,quantile,0.7,43
2026-10-10,wk inc flu hosp,-1,2026-10-03,41,quantile,0.75,44
2026-10-10,wk inc flu hosp,-1,2026-10-03,41,quantile,0.8,45
2026-10-10,wk inc flu hosp,-1,2026-10-03,41,quantile,0.85,47
2026-10-10,wk inc flu hosp,-1,2026-10-03,41,quantile,0.9,49
2026-10-10,wk inc flu hosp,-1,2026-10-03,41,quantile,0.95,52
2026-10-10,wk inc flu hosp,-1,2026-10-03,41,quantile,0.975,55
2026-10-10,wk inc flu hosp,-1,2026-10-03,41,quantile,0.99,59
2026-10-10,wk inc flu hosp,0,2026-10-10,41,quantile,0.01,22
2026-10-10,wk inc flu hosp,0,2026-10-10,41,quantile,0.025,24
2026-10-10,wk inc flu hosp,0,2026-10-10,41,quantile,0.05,26
2026-10-10,wk inc flu hosp,0,2026-10-10,41,quantile,0.1,29
2026-10-10,wk inc flu hosp,0,2026-10-10,41,quantile,0.15,31
2026-10-10,wk inc flu hosp,0,2026-10-10,41,quantile,0.2,33
2026-10-10,wk inc flu hosp,0,2026-10-10,41,quantile,0.25,34
2026-10-10,wk inc flu hosp,0,2026-10-10,41,quantile,0.3,36
2026-10-10,wk inc flu hosp,0,2026-10-10,41,quantile,0.35,37
2026-10-10,wk inc flu hosp,0,2026-10-10,41,quantile,0.4,39
2026-10-10,wk inc flu hosp,0,2026-10-10,41,quantile,0.45,40
2026-10-10,wk inc flu hosp,0,2026-10-10,41,quantile,0.5,41
2026-10-10,wk inc flu hosp,0,2026-10-10,41,quantile,0.55,42
2026-10-10,wk inc flu hosp,0,2026-10-10,41,quantile,0.6,44
2026-10-10,wk inc flu hosp,0,2026-10-10,41,quantile,0.65,45
2026-10-10,wk inc flu hosp,0,2026-10-10,41,quantile,0.7,47
2026-10-10,wk inc flu hosp,0,2026-10-10,41,quantile,0.75,49
2026-10-10,wk inc flu hosp,0,2026-10-10,41,quantile,0.8,51
2026-10-10,wk inc flu hosp,0,2026-10-10,41,quantile,0.85,55
2026-10-10,wk inc flu hosp,0,2026-10-10,41,quantile,0.9,60
2026-10-10,wk inc flu hosp,0,2026-10-10,41,quantile,0.95,66
2026-10-10,wk inc flu hosp,0,2026-10-10,41,quantile,0.975,72
2026-10-10,wk inc flu hosp,0,2026-10-10,41,quantile,0.99,80
2026-10-10,wk inc flu hosp,1,2026-10-17,41,quantile,0.01,20
2026-10-10,wk inc flu hosp,1,2026-10-17,41,quantile,0.025,23
2026-10-10,wk inc flu hosp,1,2026-10-17,41,quantile,0.05,26
2026-10-10,wk inc flu hosp,1,2026-10-17,41,quantile,0.1,29
2026-10-10,wk inc flu hosp,1,2026-10-17,41,quantile,0.15,32
2026-10-10,wk inc flu hosp,1,2026-10-17,41,quantile,0.2,34
2026-10-10,wk inc flu hosp,1,2026-10-17,41,quantile,0.25,36
2026-10-10,wk inc flu hosp,1,2026-10-17,41,quantile,0.3,38
2026-10-10,wk inc flu hosp,1,2026-10-17,41,quantile,0.35,40
2026-10-10,wk inc flu hosp,1,2026-10-17,41,quantile,0.4,42
2026-10-10,wk inc flu hosp,1,2026-10-17,41,quantile,0.45,44
2026-10-10,wk inc flu hosp,1,2026-10-17,41,quantile,0.5,45
2026-10-10,wk inc flu hosp,1,2026-10-17,41,quantile,0.55,47
2026-10-10,wk inc flu hosp,1,2026-10-17,41,quantile,0.6,49
2026-10-10,wk inc flu hosp,1,2026-10-17,41,quantile,0.65,51
2026-10-10,wk inc flu hosp,1,2026-10-17,41,quantile,0.7,54
2026-10-10,wk inc flu hosp,1,2026-10-17,41,quantile,0.75,57
2026-10-10,wk inc flu hosp,1,2026-10-17,41,quantile,0.8,60
2026-10-10,wk inc flu hosp,1,2026-10-17,41,quantile,0.85,66
2026-10-10,wk inc flu hosp,1,2026-10-17,41,quantile,0.9,73
2026-10-10,wk inc flu hosp,1,2026-10-17,41,quantile,0.95,82
2026-10-10,wk inc flu hosp,1,2026-10-17,41,quantile,0.975,92
2026-10-10,wk inc flu hosp,1,2026-10-17,41,quantile,0.99,104
2026-10-10,wk inc flu hosp,2,2026-10-24,41,quantile,0.01,19
2026-10-10,wk inc flu hosp,2,2026-10-24,41,quantile,0.025,22
2026-10-10,wk inc flu hosp,2,2026-10-24,41,quantile,0.05,24
2026-10-10,wk inc flu hosp,2,2026-10-24,41,quantile,0.1,29
2026-10-10,wk inc flu hosp,2,2026-10-24,41,quantile,0.15,32
2026-10-10,wk inc flu hosp,2,2026-10-24,41,quantile,0.2,35
2026-10-10,wk inc flu hosp,2,2026-10-24,41,quantile,0.25,37
2026-10-10,wk inc flu hosp,2,2026-10-24,41,quantile,0.3,40
2026-10-10,wk inc flu hosp,2,2026-10-24,41,quantile,0.35,42
2026-10-10,wk inc flu hosp,2,2026-10-24,41,quantile,0.4,45
2026-10-10,wk inc flu hosp,2,2026-10-24,41,quantile,0.45,47
2026-10-10,wk inc flu hosp,2,2026-10-24,41,quantile,0.5,50
2026-10-10,wk inc flu hosp,2,2026-10-24,41,quantile,0.55,52
2026-10-10,wk inc flu hosp,2,2026-10-24,41,quantile,0.6,55
2026-10-10,wk inc flu hosp,2,2026-10-24,41,quantile,0.65,58
2026-10-10,wk inc flu hosp,2,2026-10-24,41,quantile,0.7,61
2026-10-10,wk inc flu hosp,2,2026-10-24,41,quantile,0.75,66
2026-10-10,wk inc flu hosp,2,2026-10-24,41,quantile,0.8,71
2026-10-10,wk inc flu hosp,2,2026-10-24,41,quantile,0.85,78
2026-10-10,wk inc flu hosp,2,2026-10-24,41,quantile,0.9,87
2026-10-10,wk inc flu hosp,2,2026-10-24,41,quantile,0.95,102
2026-10-10,wk inc flu hosp,2,2026-10-24,41,quantile,0.975,116
2026-10-10,wk inc flu hosp,2,2026-10-24,41,quantile,0.99,135
2026-10-10,wk inc flu hosp,3,2026-10-31,41,quantile,0.01,16
2026-10-10,wk inc flu hosp,3,2026-10-31,41,quantile,0.025,19
2026-10-10,wk inc flu hosp,3,2026-10-31,41,quantile,0.05,22
2026-10-10,wk inc flu hosp,3,2026-10-31,41,quantile,0.1,27
2026-10-10,wk inc flu hosp,3,2026-10-31,41,quantile,0.15,31
2026-10-10,wk inc flu hosp,3,2026-10-31,41,quantile,0.2,35
2026-10-10,wk inc flu hosp,3,2026-10-31,41,quantile,0.25,38
2026-10-10,wk inc flu hosp,3,2026-10-31,41,quantile,0.3,41
2026-10-10,wk inc flu hosp,3,2026-10-31,41,quantile,0.35,44
2026-10-10,wk inc flu hosp,3,2026-10-31,41,quantile,0.4,48
2026-10-10,wk inc flu hosp,3,2026-10-31,41,quantile,0.45,51
2026-10-10,wk inc flu hosp,3,2026-10-31,41,quantile,0.5,54
2026-10-10,wk inc flu hosp,3,2026-10-31,41,quantile,0.55,58
2026-10-10,wk inc flu hosp,3,2026-10-31,41,quantile,0.6,62
2026-10-10,wk inc flu hosp,3,2026-10-31,41,quantile,0.65,66
2026-10-10,wk inc flu hosp,3,2026-10-31,41,quantile,0.7,71
2026-10-10,wk inc flu hosp,3,2026-10-31,41,quantile,0.75,77
2026-10-10,wk inc flu hosp,3,2026-10-31,41,quantile,0.8,84
2026-10-10,wk inc flu hosp,3,2026-10-31,41,quantile,0.85,94
2026-10-10,wk inc flu hosp,3,2026-10-31,41,quantile,0.9,107
2026-10-10,wk inc flu hosp,3,2026-10-31,41,quantile,0.95,129
2026-10-10,wk inc flu hosp,3,2026-10-31,41,quantile,0.975,151
2026-10-10,wk inc flu hosp,3,2026-10-31,41,quantile,0.99,181
2026-10-10,wk inc flu hosp,-1,2026-10-03,42,quantile,0.01,117
2026-10-10,wk inc flu hosp,-1,2026-10-03,42,quantile,0.025,124
2026-10-10,wk inc flu hosp,-1,2026-10-03,42,quantile,0.05,131
2026-10-10,wk inc flu hosp,-1,2026-10-03,42,quantile,0.1,140
2026-10-10,wk inc flu hosp,-1,2026-10-03,42,quantile,0.15,146
2026-10-10,wk inc flu hosp,-1,2026-10-03,42,quantile,0.2,151
2026-10-10,wk inc flu hosp,-1,2026-10-03,42,quantile,0.25,155
2026-10-10,wk inc flu hosp,-1,2026-10-03,42,quantile,0.3,159
2026-10-10,wk inc flu hosp,-1,2026-10-03,42,quantile,0.35,163
2026-10-10,wk inc flu hosp,-1,2026-10-03,42,quantile,0.4,166
2026-10-10,wk inc flu hosp,-1,2026-10-03,42,quantile,0.45,170
2026-10-10,wk inc flu hosp,-1,2026-10-03,42,quantile,0.5,174
2026-10-10,wk inc flu hosp,-1,2026-10-03,42,quantile,0.55,178
2026-10-10,wk inc flu hosp,-1,2026-10-03,42,quantile,0.6,181
2026-10-10,wk inc flu hosp,-1,2026-10-03,42,quantile,0.65,186
2026-10-10,wk inc flu hosp,-1,2026-10-03,42,quantile,0.7,190
2026-10-10,wk inc flu hosp,-1,2026-10-03,42,quantile,0.75,195
2026-10-10,wk inc flu hosp,-1,2026-10-03,42,quantile,0.8,201
2026-10-10,wk inc flu hosp,-1,2026-10-03,42,quantile,0.85,208
2026-10-10,wk inc flu hosp,-1,2026-10-03,42,quantile,0.9,217
2026-10-10,wk inc flu hosp,-1,2026-10-03,42,quantile,0.95,232
2026-10-10,wk inc flu hosp,-1,2026-10-03,42,quantile,0.975,245
2026-10-10,wk inc flu hosp,-1,2026-10-03,42,quantile,0.99,263
2026-10-10,wk inc flu hosp,0,2026-10-10,42,quantile,0.01,117
2026-10-10,wk inc flu hosp,0,2026-10-10,42,quantile,0.025,126
2026-10-10,wk inc flu hosp,0,2026-10-10,42,quantile,0.05,135
2026-10-10,wk inc flu hosp,0,2026-10-10,42,quantile,0.1,146
2026-10-10,wk inc flu hosp,0,2026-10-10,42,quantile,0.15,154
2026-10-10,wk inc flu hosp,0,2026-10-10,42,quantile,0.2,161
2026-10-10,wk inc flu hosp,0,2026-10-10,42,quantile,0.25,167
2026-10-10,wk inc flu hosp,0,2026-10-10,42,quantile,0.3,172
2026-10-10,wk inc flu hosp,0,2026-10-10,42,quantile,0.35,177
2026-10-10,wk inc flu hosp,0,2026-10-10,42,quantile,0.4,182
2026-10-10,wk inc flu hosp,0,2026-10-10,42,quantile,0.45,185
2026-10-10,wk inc flu hosp,0,2026-10-10,42,quantile,0.5,189
2026-10-10,wk inc flu hosp,0,2026-10-10,42,quantile,0.55,194
2026-10-10,wk inc flu hosp,0,2026-10-10,42,quantile,0.6,200
2026-10-10,wk inc flu hosp,0,2026-10-10,42,quantile,0.65,205
2026-10-10,wk inc flu hosp,0,2026-10-10,42,quantile,0.7,211
2026-10-10,wk inc flu hosp,0,2026-10-10,42,quantile,0.75,218
2026-10-10,wk inc flu hosp,0,2026-10-10,42,quantile,0.8,226
2026-10-10,wk inc flu hosp,0,2026-10-10,42,quantile,0.85,237
2026-10-10,wk inc flu hosp,0,2026-10-10,42,quantile,0.9,252
2026-10-10,wk inc flu hosp,0,2026-10-10,42,quantile,0.95,272
2026-10-10,wk inc flu hosp,0,2026-10-10,42,quantile,0.975,292
2026-10-10,wk inc flu hosp,0,2026-10-10,42,quantile,0.99,314
2026-10-10,wk inc flu hosp,1,2026-10-17,42,quantile,0.01,111
2026-10-10,wk inc flu hosp,1,2026-10-17,42,quantile,0.025,123
2026-10-10,wk inc flu hosp,1,2026-10-17,42,quantile,0.05,133
2026-10-10,wk inc flu hosp,1,2026-10-17,42,quantile,0.1,147
2026-10-10,wk inc flu hosp,1,2026-10-17,42,quantile,0.15,157
2026-10-10,wk inc flu hosp,1,2026-10-17,42,quantile,0.2,165
2026-10-10,wk inc flu hosp,1,2026-10-17,42,quantile,0.25,173
2026-10-10,wk inc flu hosp,1,2026-10-17,42,quantile,0.3,179
2026-10-10,wk inc flu hosp,1,2026-10-17,42,quantile,0.35,185
2026-10-10,wk inc flu hosp,1,2026-10-17,42,quantile,0.4,192
2026-10-10,wk inc flu hosp,1,2026-10-17,42,quantile,0.45,198
2026-10-10,wk inc flu hosp,1,2026-10-17,42,quantile,0.5,204
2026-10-10,wk inc flu hosp,1,2026-10-17,42,quantile,0.55,210
2026-10-10,wk inc flu hosp,1,2026-10-17,42,quantile,0.6,217
2026-10-10,wk inc flu hosp,1,2026-10-17,42,quantile,0.65,225
2026-10-10,wk inc flu hosp,1,2026-10-17,42,quantile,0.7,233
2026-10-10,wk inc flu hosp,1,2026-10-17,42,quantile,0.75,243
2026-10-10,wk inc flu hosp,1,2026-10-17,42,quantile,0.8,255
2026-10-10,wk inc flu hosp,1,2026-10-17,42,quantile,0.85,273
2026-10-10,wk inc flu hosp,1,2026-10-17,42,quantile,0.9,297
2026-10-10,wk inc flu hosp,1,2026-10-17,42,quantile,0.95,327
2026-10-10,wk inc flu hosp,1,2026-10-17,42,quantile,0.975,356
2026-10-10,wk inc flu hosp,1,2026-10-17,42,quantile,0.99,388
2026-10-10,wk inc flu hosp,2,2026-10-24,42,quantile,0.01,102
2026-10-10,wk inc flu hosp,2,2026-10-24,42,quantile,0.025,114
2026-10-10,wk inc flu hosp,2,2026-10-24,42,quantile,0.05,126
2026-10-10,wk inc flu hosp,2,2026-10-24,42,quantile,0.1,143
2026-10-10,wk inc flu hosp,2,2026-10-24,42,quantile,0.15,154
2026-10-10,wk inc flu hosp,2,2026-10-24,42,quantile,0.2,165
2026-10-10,wk inc flu hosp,2,2026-10-24,42,quantile,0.25,174
2026-10-10,wk inc flu hosp,2,2026-10-24,42,quantile,0.3,184
2026-10-10,wk inc flu hosp,2,2026-10-24,42,quantile,0.35,193
2026-10-10,wk inc flu hosp,2,2026-10-24,42,quantile,0.4,202
2026-10-10,wk inc flu hosp,2,2026-10-24,42,quantile,0.45,210
2026-10-10,wk inc flu hosp,2,2026-10-24,42,quantile,0.5,218
2026-10-10,wk inc flu hosp,2,2026-10-24,42,quantile,0.55,227
2026-10-10,wk inc flu hosp,2,2026-10-24,42,quantile,0.6,237
2026-10-10,wk inc flu hosp,2,2026-10-24,42,quantile,0.65,248
2026-10-10,wk inc flu hosp,2,2026-10-24,42,quantile,0.7,260
2026-10-10,wk inc flu hosp,2,2026-10-24,42,quantile,0.75,274
2026-10-10,wk inc flu hosp,2,2026-10-24,42,quantile,0.8,291
2026-10-10,wk inc flu hosp,2,2026-10-24,42,quantile,0.85,316
2026-10-10,wk inc flu hosp,2,2026-10-24,42,quantile,0.9,348
2026-10-10,wk inc flu hosp,2,2026-10-24,42,quantile,0.95,393
2026-10-10,wk inc flu hosp,2,2026-10-24,42,quantile,0.975,437
2026-10-10,wk inc flu hosp,2,2026-10-24,42,quantile,0.99,496
2026-10-10,wk inc flu hosp,3,2026-10-31,42,quantile,0.01,92
2026-10-10,wk inc flu hosp,3,2026-10-31,42,quantile,0.025,105
2026-10-10,wk inc flu hosp,3,2026-10-31,42,quantile,0.05,119
2026-10-10,wk inc flu hosp,3,2026-10-31,42,quantile,0.1,138
2026-10-10,wk inc flu hosp,3,2026-10-31,42,quantile,0.15,153
2026-10-10,wk inc flu hosp,3,2026-10-31,42,quantile,0.2,166
2026-10-10,wk inc flu hosp,3,2026-10-31,42,quantile,0.25,178
2026-10-10,wk inc flu hosp,3,2026-10-31,42,quantile,0.3,190
2026-10-10,wk inc flu hosp,3,2026-10-31,42,quantile,0.35,201
2026-10-10,wk inc flu hosp,3,2026-10-31,42,quantile,0.4,211
2026-10-10,wk inc flu hosp,3,2026-10-31,42,quantile,0.45,223
2026-10-10,wk inc flu hosp,3,2026-10-31,42,quantile,0.5,235
2026-10-10,wk inc flu hosp,3,2026-10-31,42,quantile,0.55,247
2026-10-10,wk inc flu hosp,3,2026-10-31,42,quantile,0.6,261
2026-10-10,wk inc flu hosp,3,2026-10-31,42,quantile,0.65,276
2026-10-10,wk inc flu hosp,3,2026-10-31,42,quantile,0.7,291
2026-10-10,wk inc flu hosp,3,2026-10-31,42,quantile,0.75,310
2026-10-10,wk inc flu hosp,3,2026-10-31,42,quantile,0.8,335
2026-10-10,wk inc flu hosp,3,2026-10-31,42,quantile,0.85,369
2026-10-10,wk inc flu hosp,3,2026-10-31,42,quantile,0.9,415
2026-10-10,wk inc flu hosp,3,2026-10-31,42,quantile,0.95,482
2026-10-10,wk inc flu hosp,3,2026-10-31,42,quantile,0.975,548
2026-10-10,wk inc flu hosp,3,2026-10-31,42,quantile,0.99,631
2026-10-10,wk inc flu hosp,-1,2026-10-03,44,quantile,0.01,4
2026-10-10,wk inc flu hosp,-1,2026-10-03,44,quantile,0.025,5
2026-10-10,wk inc flu hosp,-1,2026-10-03,44,quantile,0.05,5
2026-10-10,wk inc flu hosp,-1,2026-10-03,44,quantile,0.1,5
2026-10-10,wk inc flu hosp,-1,2026-10-03,44,quantile,0.15,6
2026-10-10,wk inc flu hosp,-1,2026-10-03,44,quantile,0.2,6
2026-10-10,wk inc flu hosp,-1,2026-10-03,44,quantile,0.25,6
2026-10-10,wk inc flu hosp,-1,2026-10-03,44,quantile,0.3,6
2026-10-10,wk inc flu hosp,-1,2026-10-03,44,quantile,0.35,7
2026-10-10,wk inc flu hosp,-1,2026-10-03,44,quantile,0.4,7
2026-10-10,wk inc flu hosp,-1,2026-10-03,44,quantile,0.45,7
2026-10-10,wk inc flu hosp,-1,2026-10-03,44,quantile,0.5,7
2026-10-10,wk inc flu hosp,-1,2026-10-03,44,quantile,0.55,8
2026-10-10,wk inc flu hosp,-1,2026-10-03,44,quantile,0.6,8
2026-10-10,wk inc flu hosp,-1,2026-10-03,44,quantile,0.65,8
2026-10-10,wk inc flu hosp,-1,2026-10-03,44,quantile,0.7,8
2026-10-10,wk inc flu hosp,-1,2026-10-03,44,quantile,0.75,9
2026-10-10,wk inc flu hosp,-1,2026-10-03,44,quantile,0.8,9
2026-10-10,wk inc flu hosp,-1,2026-10-03,44,quantile,0.85,9
2026-10-10,wk inc flu hosp,-1,2026-10-03,44,quantile,0.9,10
2026-10-10,wk inc flu hosp,-1,2026-10-03,44,quantile,0.95,11
2026-10-10,wk inc flu hosp,-1,2026-10-03,44,quantile,0.975,12
2026-10-10,wk inc flu hosp,-1,2026-10-03,44,quantile,0.99,13
2026-10-10,wk inc flu hosp,0,2026-10-10,44,quantile,0.01,3
2026-10-10,wk inc flu hosp,0,2026-10-10,44,quantile,0.025,4
2026-10-10,wk inc flu hosp,0,2026-10-10,44,quantile,0.05,4
2026-10-10,wk inc flu hosp,0,2026-10-10,44,quantile,0.1,5
2026-10-10,wk inc flu hosp,0,2026-10-10,44,quantile,0.15,6
2026-10-10,wk inc flu hosp,0,2026-10-10,44,quantile,0.2,6
2026-10-10,wk inc flu hosp,0,2026-10-10,44,quantile,0.25,7
2026-10-10,wk inc flu hosp,0,2026-10-10,44,quantile,0.3,8
2026-10-10,wk inc flu hosp,0,2026-10-10,44,quantile,0.35,8
2026-10-10,wk inc flu hosp,0,2026-10-10,44,quantile,0.4,9
2026-10-10,wk inc flu hosp,0,2026-10-10,44,quantile,0.45,9
2026-10-10,wk inc flu hosp,0,2026-10-10,44,quantile,0.5,9
2026-10-10,wk inc flu hosp,0,2026-10-10,44,quantile,0.55,10
2026-10-10,wk inc flu hosp,0,2026-10-10,44,quantile,0.6,11
2026-10-10,wk inc flu hosp,0,2026-10-10,44,quantile,0.65,11
2026-10-10,wk inc flu hosp,0,2026-10-10,44,quantile,0.7,12
2026-10-10,wk inc flu hosp,0,2026-10-10,44,quantile,0.75,12
2026-10-10,wk inc flu hosp,0,2026-10-10,44,quantile,0.8,13
2026-10-10,wk inc flu hosp,0,2026-10-10,44,quantile,0.85,14
2026-10-10,wk inc flu hosp,0,2026-10-10,44,quantile,0.9,16
2026-10-10,wk inc flu hosp,0,2026-10-10,44,quantile,0.95,19
2026-10-10,wk inc flu hosp,0,2026-10-10,44,quantile,0.975,22
2026-10-10,wk inc flu hosp,0,2026-10-10,44,quantile,0.99,26
2026-10-10,wk inc flu hosp,1,2026-10-17,44,quantile,0.01,4
2026-10-10,wk inc flu hosp,1,2026-10-17,44,quantile,0.025,5
2026-10-10,wk inc flu hosp,1,2026-10-17,44,quantile,0.05,6
2026-10-10,wk inc flu hosp,1,2026-10-17,44,quantile,0.1,7
2026-10-10,wk inc flu hosp,1,2026-10-17,44,quantile,0.15,8
2026-10-10,wk inc flu hosp,1,2026-10-17,44,quantile,0.2,9
2026-10-10,wk inc flu hosp,1,2026-10-17,44,quantile,0.25,9
2026-10-10,wk inc flu hosp,1,2026-10-17,44,quantile,0.3,10
2026-10-10,wk inc flu hosp,1,2026-10-17,44,quantile,0.35,11
2026-10-10,wk inc flu hosp,1,2026-10-17,44,quantile,0.4,12
2026-10-10,wk inc flu hosp,1,2026-10-17,44,quantile,0.45,12
2026-10-10,wk inc flu hosp,1,2026-10-17,44,quantile,0.5,13
2026-10-10,wk inc flu hosp,1,2026-10-17,44,quantile,0.55,14
2026-10-10,wk inc flu hosp,1,2026-10-17,44,quantile,0.6,15
2026-10-10,wk inc flu hosp,1,2026-10-17,44,quantile,0.65,16
2026-10-10,wk inc flu hosp,1,2026-10-17,44,quantile,0.7,17
2026-10-10,wk inc flu hosp,1,2026-10-17,44,quantile,0.75,18
2026-10-10,wk inc flu hosp,1,2026-10-17,44,quantile,0.8,20
2026-10-10,wk inc flu hosp,1,2026-10-17,44,quantile,0.85,22
2026-10-10,wk inc flu hosp,1,2026-10-17,44,quantile,0.9,25
2026-10-10,wk inc flu hosp,1,2026-10-17,44,quantile,0.95,30
2026-10-10,wk inc flu hosp,1,2026-10-17,44,quantile,0.975,35
2026-10-10,wk inc flu hosp,1,2026-10-17,44,quantile,0.99,43
2026-10-10,wk inc flu hosp,2,2026-10-24,44,quantile,0.01,5
2026-10-10,wk inc flu hosp,2,2026-10-24,44,quantile,0.025,6
2026-10-10,wk inc flu hosp,2,2026-10-24,44,quantile,0.05,7
2026-10-10,wk inc flu hosp,2,2026-10-24,44,quantile,0.1,9
2026-10-10,wk inc flu hosp,2,2026-10-24,44,quantile,0.15,10
2026-10-10,wk inc flu hosp,2,2026-10-24,44,quantile,0.2,11
2026-10-10,wk inc flu hosp,2,2026-10-24,44,quantile,0.25,13
2026-10-10,wk inc flu hosp,2,2026-10-24,44,quantile,0.3,14
2026-10-10,wk inc flu hosp,2,2026-10-24,44,quantile,0.35,15
2026-10-10,wk inc flu hosp,2,2026-10-24,44,quantile,0.4,16
2026-10-10,wk inc flu hosp,2,2026-10-24,44,quantile,0.45,17
2026-10-10,wk inc flu hosp,2,2026-10-24,44,quantile,0.5,18
2026-10-10,wk inc flu hosp,2,2026-10-24,44,quantile,0.55,20
2026-10-10,wk inc flu hosp,2,2026-10-24,44,quantile,0.6,21
2026-10-10,wk inc flu hosp,2,2026-10-24,44,quantile,0.65,23
2026-10-10,wk inc flu hosp,2,2026-10-24,44,quantile,0.7,25
2026-10-10,wk inc flu hosp,2,2026-10-24,44,quantile,0.75,27
2026-10-10,wk inc flu hosp,2,2026-10-24,44,quantile,0.8,29
2026-10-10,wk inc flu hosp,2,2026-10-24,44,quantile,0.85,33
2026-10-10,wk inc flu hosp,2,2026-10-24,44,quantile,0.9,38
2026-10-10,wk inc flu hosp,2,2026-10-24,44,quantile,0.95,46
2026-10-10,wk inc flu hosp,2,2026-10-24,44,quantile,0.975,55
2026-10-10,wk inc flu hosp,2,2026-10-24,44,quantile,0.99,67
2026-10-10,wk inc flu hosp,3,2026-10-31,44,quantile,0.01,7
2026-10-10,wk inc flu hosp,3,2026-10-31,44,quantile,0.025,8
2026-10-10,wk inc flu hosp,3,2026-10-31,44,quantile,0.05,9
2026-10-10,wk inc flu hosp,3,2026-10-31,44,quantile,0.1,11
2026-10-10,wk inc flu hosp,3,2026-10-31,44,quantile,0.15,13
2026-10-10,wk inc flu hosp,3,2026-10-31,44,quantile,0.2,15
2026-10-10,wk inc flu hosp,3,2026-10-31,44,quantile,0.25,17
2026-10-10,wk inc flu hosp,3,2026-10-31,44,quantile,0.3,18
2026-10-10,wk inc flu hosp,3,2026-10-31,44,quantile,0.35,20
2026-10-10,wk inc flu hosp,3,2026-10-31,44,quantile,0.4,22
2026-10-10,wk inc flu hosp,3,2026-10-31,44,quantile,0.45,23
2026-10-10,wk inc flu hosp,3,2026-10-31,44,quantile,0.5,25
2026-10-10,wk inc flu hosp,3,2026-10-31,44,quantile,0.55,27
2026-10-10,wk inc flu hosp,3,2026-10-31,44,quantile,0.6,30
2026-10-10,wk inc flu hosp,3,2026-10-31,44,quantile,0.65,32
2026-10-10,wk inc flu hosp,3,2026-10-31,44,quantile,0.7,35
2026-10-10,wk inc flu hosp,3,2026-10-31,44,quantile,0.75,38
2026-10-10,wk inc flu hosp,3,2026-10-31,44,quantile,0.8,42
2026-10-10,wk inc flu hosp,3,2026-10-31,44,quantile,0.85,47
2026-10-10,wk inc flu hosp,3,2026-10-31,44,quantile,0.9,54
2026-10-10,wk inc flu hosp,3,2026-10-31,44,quantile,0.95,67
2026-10-10,wk inc flu hosp,3,2026-10-31,44,quantile,0.975,80
2026-10-10,wk inc flu hosp,3,2026-10-31,44,quantile,0.99,98
2026-10-10,wk inc flu hosp,-1,2026-10-03,45,quantile,0.01,26
2026-10-10,wk inc flu hosp,-1,2026-10-03,45,quantile,0.025,28
2026-10-10,wk inc flu hosp,-1,2026-10-03,45,quantile,0.05,30
2026-10-10,wk inc flu hosp,-1,2026-10-03,45,quantile,0.1,32
2026-10-10,wk inc flu hosp,-1,2026-10-03,45,quantile,0.15,33
2026-10-10,wk inc flu hosp,-1,2026-10-03,45,quantile,0.2,34
2026-10-10,wk inc flu hosp,-1,2026-10-03,45,quantile,0.25,35
2026-10-10,wk inc flu hosp,-1,2026-10-03,45,quantile,0.3,36
2026-10-10,wk inc flu hosp,-1,2026-10-03,45,quantile,0.35,37
2026-10-10,wk inc flu hosp,-1,2026-10-03,45,quantile,0.4,38
2026-10-10,wk inc flu hosp,-1,2026-10-03,45,quantile,0.45,39
2026-10-10,wk inc flu hosp,-1,2026-10-03,45,quantile,0.5,39
2026-10-10,wk inc flu hosp,-1,2026-10-03,45,quantile,0.55,40
2026-10-10,wk inc flu hosp,-1,2026-10-03,45,quantile,0.6,41
2026-10-10,wk inc flu hosp,-1,2026-10-03,45,quantile,0.65,42
2026-10-10,wk inc flu hosp,-1,2026-10-03,45,quantile,0.7,43
2026-10-10,wk inc flu hosp,-1,2026-10-03,45,quantile,0.75,44
2026-10-10,wk inc flu hosp,-1,2026-10-03,45,quantile,0.8,46
2026-10-10,wk inc flu hosp,-1,2026-10-03,45,quantile,0.85,47
2026-10-10,wk inc flu hosp,-1,2026-10-03,45,quantile,0.9,49
2026-10-10,wk inc flu hosp,-1,2026-10-03,45,quantile,0.95,53
2026-10-10,wk inc flu hosp,-1,2026-10-03,45,quantile,0.975,55
2026-10-10,wk inc flu hosp,-1,2026-10-03,45,quantile,0.99,60
2026-10-10,wk inc flu hosp,0,2026-10-10,45,quantile,0.01,21
2026-10-10,wk inc flu hosp,0,2026-10-10,45,quantile,0.025,23
2026-10-10,wk inc flu hosp,0,2026-10-10,45,quantile,0.05,26
2026-10-10,wk inc flu hosp,0,2026-10-10,45,quantile,0.1,29
2026-10-10,wk inc flu hosp,0,2026-10-10,45,quantile,0.15,31
2026-10-10,wk inc flu hosp,0,2026-10-10,45,quantile,0.2,34
2026-10-10,wk inc flu hosp,0,2026-10-10,45,quantile,0.25,36
2026-10-10,wk inc flu hosp,0,2026-10-10,45,quantile,0.3,37
2026-10-10,wk inc flu hosp,0,2026-10-10,45,quantile,0.35,39
2026-10-10,wk inc flu hosp,0,2026-10-10,45,quantile,0.4,41
2026-10-10,wk inc flu hosp,0,2026-10-10,45,quantile,0.45,43
2026-10-10,wk inc flu hosp,0,2026-10-10,45,quantile,0.5,44
2026-10-10,wk inc flu hosp,0,2026-10-10,45,quantile,0.55,46
2026-10-10,wk inc flu hosp,0,2026-10-10,45,quantile,0.6,48
2026-10-10,wk inc flu hosp,0,2026-10-10,45,quantile,0.65,50
2026-10-10,wk inc flu hosp,0,2026-10-10,45,quantile,0.7,52
2026-10-10,wk inc flu hosp,0,2026-10-10,45,quantile,0.75,55
2026-10-10,wk inc flu hosp,0,2026-10-10,45,quantile,0.8,58
2026-10-10,wk inc flu hosp,0,2026-10-10,45,quantile,0.85,62
2026-10-10,wk inc flu hosp,0,2026-10-10,45,quantile,0.9,69
2026-10-10,wk inc flu hosp,0,2026-10-10,45,quantile,0.95,78
2026-10-10,wk inc flu hosp,0,2026-10-10,45,quantile,0.975,88
2026-10-10,wk inc flu hosp,0,2026-10-10,45,quantile,0.99,100
2026-10-10,wk inc flu hosp,1,2026-10-17,45,quantile,0.01,20
2026-10-10,wk inc flu hosp,1,2026-10-17,45,quantile,0.025,23
2026-10-10,wk inc flu hosp,1,2026-10-17,45,quantile,0.05,26
2026-10-10,wk inc flu hosp,1,2026-10-17,45,quantile,0.1,30
2026-10-10,wk inc flu hosp,1,2026-10-17,45,quantile,0.15,33
2026-10-10,wk inc flu hosp,1,2026-10-17,45,quantile,0.2,36
2026-10-10,wk inc flu hosp,1,2026-10-17,45,quantile,0.25,38
2026-10-10,wk inc flu hosp,1,2026-10-17,45,quantile,0.3,41
2026-10-10,wk inc flu hosp,1,2026-10-17,45,quantile,0.35,43
2026-10-10,wk inc flu hosp,1,2026-10-17,45,quantile,0.4,45
2026-10-10,wk inc flu hosp,1,2026-10-17,45,quantile,0.45,48
2026-10-10,wk inc flu hosp,1,2026-10-17,45,quantile,0.5,50
2026-10-10,wk inc flu hosp,1,2026-10-17,45,quantile,0.55,53
2026-10-10,wk inc flu hosp,1,2026-10-17,45,quantile,0.6,56
2026-10-10,wk inc flu hosp,1,2026-10-17,45,quantile,0.65,59
2026-10-10,wk inc flu hosp,1,2026-10-17,45,quantile,0.7,63
2026-10-10,wk inc flu hosp,1,2026-10-17,45,quantile,0.75,67
2026-10-10,wk inc flu hosp,1,2026-10-17,45,quantile,0.8,71
2026-10-10,wk inc flu hosp,1,2026-10-17,45,quantile,0.85,79
2026-10-10,wk inc flu hosp,1,2026-10-17,45,quantile,0.9,88
2026-10-10,wk inc flu hosp,1,2026-10-17,45,quantile,0.95,104
2026-10-10,wk inc flu hosp,1,2026-10-17,45,quantile,0.975,119
2026-10-10,wk inc flu hosp,1,2026-10-17,45,quantile,0.99,143
2026-10-10,wk inc flu hosp,2,2026-10-24,45,quantile,0.01,19
2026-10-10,wk inc flu hosp,2,2026-10-24,45,quantile,0.025,22
2026-10-10,wk inc flu hosp,2,2026-10-24,45,quantile,0.05,25
2026-10-10,wk inc flu hosp,2,2026-10-24,45,quantile,0.1,29
2026-10-10,wk inc flu hosp,2,2026-10-24,45,quantile,0.15,34
2026-10-10,wk inc flu hosp,2,2026-10-24,45,quantile,0.2,37
2026-10-10,wk inc flu hosp,2,2026-10-24,45,quantile,0.25,41
2026-10-10,wk inc flu hosp,2,2026-10-24,45,quantile,0.3,44
2026-10-10,wk inc flu hosp,2,2026-10-24,45,quantile,0.35,47
2026-10-10,wk inc flu hosp,2,2026-10-24,45,quantile,0.4,51
2026-10-10,wk inc flu hosp,2,2026-10-24,45,quantile,0.45,54
2026-10-10,wk inc flu hosp,2,2026-10-24,45,quantile,0.5,57
2026-10-10,wk inc flu hosp,2,2026-10-24,45,quantile,0.55,61
2026-10-10,wk inc flu hosp,2,2026-10-24,45,quantile,0.6,65
2026-10-10,wk inc flu hosp,2,2026-10-24,45,quantile,0.65,70
2026-10-10,wk inc flu hosp,2,2026-10-24,45,quantile,0.7,75
2026-10-10,wk inc flu hosp,2,2026-10-24,45,quantile,0.75,81
2026-10-10,wk inc flu hosp,2,2026-10-24,45,quantile,0.8,89
2026-10-10,wk inc flu hosp,2,2026-10-24,45,quantile,0.85,100
2026-10-10,wk inc flu hosp,2,2026-10-24,45,quantile,0.9,116
2026-10-10,wk inc flu hosp,2,2026-10-24,45,quantile,0.95,141
2026-10-10,wk inc flu hosp,2,2026-10-24,45,quantile,0.975,168
2026-10-10,wk inc flu hosp,2,2026-10-24,45,quantile,0.99,206
2026-10-10,wk inc flu hosp,3,2026-10-31,45,quantile,0.01,18
2026-10-10,wk inc flu hosp,3,2026-10-31,45,quantile,0.025,21
2026-10-10,wk inc flu hosp,3,2026-10-31,45,quantile,0.05,24
2026-10-10,wk inc flu hosp,3,2026-10-31,45,quantile,0.1,29
2026-10-10,wk inc flu hosp,3,2026-10-31,45,quantile,0.15,34
2026-10-10,wk inc flu hosp,3,2026-10-31,45,quantile,0.2,39
2026-10-10,wk inc flu hosp,3,2026-10-31,45,quantile,0.25,43
2026-10-10,wk inc flu hosp,3,2026-10-31,45,quantile,0.3,48
2026-10-10,wk inc flu hosp,3,2026-10-31,45,quantile,0.35,52
2026-10-10,wk inc flu hosp,3,2026-10-31,45,quantile,0.4,56
2026-10-10,wk inc flu hosp,3,2026-10-31,45,quantile,0.45,61
2026-10-10,wk inc flu hosp,3,2026-10-31,45,quantile,0.5,66
2026-10-10,wk inc flu hosp,3,2026-10-31,45,quantile,0.55,71
2026-10-10,wk inc flu hosp,3,2026-10-31,45,quantile,0.6,76
2026-10-10,wk inc flu hosp,3,2026-10-31,45,quantile,0.65,82
2026-10-10,wk inc flu hosp,3,2026-10-31,45,quantile,0.7,90
2026-10-10,wk inc flu hosp,3,2026-10-31,45,quantile,0.75,100
2026-10-10,wk inc flu hosp,3,2026-10-31,45,quantile,0.8,113
2026-10-10,wk inc flu hosp,3,2026-10-31,45,quantile,0.85,130
2026-10-10,wk inc flu hosp,3,2026-10-31,45,quantile,0.9,151
2026-10-10,wk inc flu hosp,3,2026-10-31,45,quantile,0.95,192
2026-10-10,wk inc flu hosp,3,2026-10-31,45,quantile,0.975,236
2026-10-10,wk inc flu hosp,3,2026-10-31,45,quantile,0.99,301
2026-10-10,wk inc flu hosp,-1,2026-10-03,46,quantile,0.01,2
2026-10-10,wk inc flu hosp,-1,2026-10-03,46,quantile,0.025,2
2026-10-10,wk inc flu hosp,-1,2026-10-03,46,quantile,0.05,3
2026-10-10,wk inc flu hosp,-1,2026-10-03,46,quantile,0.1,3
2026-10-10,wk inc flu hosp,-1,2026-10-03,46,quantile,0.15,3
2026-10-10,wk inc flu hosp,-1,2026-10-03,46,quantile,0.2,3
2026-10-10,wk inc flu hosp,-1,2026-10-03,46,quantile,0.25,4
2026-10-10,wk inc flu hosp,-1,2026-10-03,46,quantile,0.3,4
2026-10-10,wk inc flu hosp,-1,2026-10-03,46,quantile,0.35,4
2026-10-10,wk inc flu hosp,-1,2026-10-03,46,quantile,0.4,4
2026-10-10,wk inc flu hosp,-1,2026-10-03,46,quantile,0.45,4
2026-10-10,wk inc flu hosp,-1,2026-10-03,46,quantile,0.5,4
2026-10-10,wk inc flu hosp,-1,2026-10-03,46,quantile,0.55,4
2026-10-10,wk inc flu hosp,-1,2026-10-03,46,quantile,0.6,5
2026-10-10,wk inc flu hosp,-1,2026-10-03,46,quantile,0.65,5
2026-10-10,wk inc flu hosp,-1,2026-10-03,46,quantile,0.7,5
2026-10-10,wk inc flu hosp,-1,2026-10-03,46,quantile,0.75,5
2026-10-10,wk inc flu hosp,-1,2026-10-03,46,quantile,0.8,5
2026-10-10,wk inc flu hosp,-1,2026-10-03,46,quantile,0.85,6
2026-10-10,wk inc flu hosp,-1,2026-10-03,46,quantile,0.9,6
2026-10-10,wk inc flu hosp,-1,2026-10-03,46,quantile,0.95,7
2026-10-10,wk inc flu hosp,-1,2026-10-03,46,quantile,0.975,7
2026-10-10,wk inc flu hosp,-1,2026-10-03,46,quantile,0.99,8
2026-10-10,wk inc flu hosp,0,2026-10-10,46,quantile,0.01,1
2026-10-10,wk inc flu hosp,0,2026-10-10,46,quantile,0.025,2
2026-10-10,wk inc flu hosp,0,2026-10-10,46,quantile,0.05,2
2026-10-10,wk inc flu hosp,0,2026-10-10,46,quantile,0.1,2
2026-10-10,wk inc flu hosp,0,2026-10-10,46,quantile,0.15,3
2026-10-10,wk inc flu hosp,0,2026-10-10,46,quantile,0.2,3
2026-10-10,wk inc flu hosp,0,2026-10-10,46,quantile,0.25,4
2026-10-10,wk inc flu hosp,0,2026-10-10,46,quantile,0.3,4
2026-10-10,wk inc flu hosp,0,2026-10-10,46,quantile,0.35,4
2026-10-10,wk inc flu hosp,0,2026-10-10,46,quantile,0.4,4
2026-10-10,wk inc flu hosp,0,2026-10-10,46,quantile,0.45,5
2026-10-10,wk inc flu hosp,0,2026-10-10,46,quantile,0.5,5
2026-10-10,wk inc flu hosp,0,2026-10-10,46,quantile,0.55,5
2026-10-10,wk inc flu hosp,0,2026-10-10,46,quantile,0.6,5
2026-10-10,wk inc flu hosp,0,2026-10-10,46,quantile,0.65,6
2026-10-10,wk inc flu hosp,0,2026-10-10,46,quantile,0.7,6
2026-10-10,wk inc flu hosp,0,2026-10-10,46,quantile,0.75,6
2026-10-10,wk inc flu hosp,0,2026-10-10,46,quantile,0.8,7
2026-10-10,wk inc flu hosp,0,2026-10-10,46,quantile,0.85,8
2026-10-10,wk inc flu hosp,0,2026-10-10,46,quantile,0.9,9
2026-10-10,wk inc flu hosp,0,2026-10-10,46,quantile,0.95,10
2026-10-10,wk inc flu hosp,0,2026-10-10,46,quantile,0.975,12
2026-10-10,wk inc flu hosp,0,2026-10-10,46,quantile,0.99,14
2026-10-10,wk inc flu hosp,1,2026-10-17,46,quantile,0.01,1
2026-10-10,wk inc flu hosp,1,2026-10-17,46,quantile,0.025,2
2026-10-10,wk inc flu hosp,1,2026-10-17,46,quantile,0.05,2
2026-10-10,wk inc flu hosp,1,2026-10-17,46,quantile,0.1,3
2026-10-10,wk inc flu hosp,1,2026-10-17,46,quantile,0.15,3
2026-10-10,wk inc flu hosp,1,2026-10-17,46,quantile,0.2,4
2026-10-10,wk inc flu hosp,1,2026-10-17,46,quantile,0.25,4
2026-10-10,wk inc flu hosp,1,2026-10-17,46,quantile,0.3,4
2026-10-10,wk inc flu hosp,1,2026-10-17,46,quantile,0.35,5
2026-10-10,wk inc flu hosp,1,2026-10-17,46,quantile,0.4,5
2026-10-10,wk inc flu hosp,1,2026-10-17,46,quantile,0.45,5
2026-10-10,wk inc flu hosp,1,2026-10-17,46,quantile,0.5,6
2026-10-10,wk inc flu hosp,1,2026-10-17,46,quantile,0.55,6
2026-10-10,wk inc flu hosp,1,2026-10-17,46,quantile,0.6,7
2026-10-10,wk inc flu hosp,1,2026-10-17,46,quantile,0.65,7
2026-10-10,wk inc flu hosp,1,2026-10-17,46,quantile,0.7,8
2026-10-10,wk inc flu hosp,1,2026-10-17,46,quantile,0.75,8
2026-10-10,wk inc flu hosp,1,2026-10-17,46,quantile,0.8,9
2026-10-10,wk inc flu hosp,1,2026-10-17,46,quantile,0.85,11
2026-10-10,wk inc flu hosp,1,2026-10-17,46,quantile,0.9,12
2026-10-10,wk inc flu hosp,1,2026-10-17,46,quantile,0.95,15
2026-10-10,wk inc flu hosp,1,2026-10-17,46,quantile,0.975,18
2026-10-10,wk inc flu hosp,1,2026-10-17,46,quantile,0.99,23
2026-10-10,wk inc flu hosp,2,2026-10-24,46,quantile,0.01,1
2026-10-10,wk inc flu hosp,2,2026-10-24,46,quantile,0.025,2
2026-10-10,wk inc flu hosp,2,2026-10-24,46,quantile,0.05,2
2026-10-10,wk inc flu hosp,2,2026-10-24,46,quantile,0.1,3
2026-10-10,wk inc flu hosp,2,2026-10-24,46,quantile,0.15,4
2026-10-10,wk inc flu hosp,2,2026-10-24,46,quantile,0.2,4
2026-10-10,wk inc flu hosp,2,2026-10-24,46,quantile,0.25,5
2026-10-10,wk inc flu hosp,2,2026-10-24,46,quantile,0.3,5
2026-10-10,wk inc flu hosp,2,2026-10-24,46,quantile,0.35,6
2026-10-10,wk inc flu hosp,2,2026-10-24,46,quantile,0.4,6
2026-10-10,wk inc flu hosp,2,2026-10-24,46,quantile,0.45,7
2026-10-10,wk inc flu hosp,2,2026-10-24,46,quantile,0.5,7
2026-10-10,wk inc flu hosp,2,2026-10-24,46,quantile,0.55,8
2026-10-10,wk inc flu hosp,2,2026-10-24,46,quantile,0.6,8
2026-10-10,wk inc flu hosp,2,2026-10-24,46,quantile,0.65,9
2026-10-10,wk inc flu hosp,2,2026-10-24,46,quantile,0.7,10
2026-10-10,wk inc flu hosp,2,2026-10-24,46,quantile,0.75,11
2026-10-10,wk inc flu hosp,2,2026-10-24,46,quantile,0.8,13
2026-10-10,wk inc flu hosp,2,2026-10-24,46,quantile,0.85,15
2026-10-10,wk inc flu hosp,2,2026-10-24,46,quantile,0.9,18
2026-10-10,wk inc flu hosp,2,2026-10-24,46,quantile,0.95,23
2026-10-10,wk inc flu hosp,2,2026-10-24,46,quantile,0.975,29
2026-10-10,wk inc flu hosp,2,2026-10-24,46,quantile,0.99,36
2026-10-10,wk inc flu hosp,3,2026-10-31,46,quantile,0.01,1
2026-10-10,wk inc flu hosp,3,2026-10-31,46,quantile,0.025,2
2026-10-10,wk inc flu hosp,3,2026-10-31,46,quantile,0.05,3
2026-10-10,wk inc flu hosp,3,2026-10-31,46,quantile,0.1,3
2026-10-10,wk inc flu hosp,3,2026-10-31,46,quantile,0.15,4
2026-10-10,wk inc flu hosp,3,2026-10-31,46,quantile,0.2,5
2026-10-10,wk inc flu hosp,3,2026-10-31,46,quantile,0.25,6
2026-10-10,wk inc flu hosp,3,2026-10-31,46,quantile,0.3,6
2026-10-10,wk inc flu hosp,3,2026-10-31,46,quantile,0.35,7
2026-10-10,wk inc flu hosp,3,2026-10-31,46,quantile,0.4,7
2026-10-10,wk inc flu hosp,3,2026-10-31,46,quantile,0.45,8
2026-10-10,wk inc flu hosp,3,2026-10-31,46,quantile,0.5,8
2026-10-10,wk inc flu hosp,3,2026-10-31,46,quantile,0.55,9
2026-10-10,wk inc flu hosp,3,2026-10-31,46,quantile,0.6,10
2026-10-10,wk inc flu hosp,3,2026-10-31,46,quantile,0.65,11
2026-10-10,wk inc flu hosp,3,2026-10-31,46,quantile,0.7,13
2026-10-10,wk inc flu hosp,3,2026-10-31,46,quantile,0.75,14
2026-10-10,wk inc flu hosp,3,2026-10-31,46,quantile,0.8,17
2026-10-10,wk inc flu hosp,3,2026-10-31,46,quantile,0.85,20
2026-10-10,wk inc flu hosp,3,2026-10-31,46,quantile,0.9,24
2026-10-10,wk inc flu hosp,3,2026-10-31,46,quantile,0.95,33
2026-10-10,wk inc flu hosp,3,2026-10-31,46,quantile,0.975,42
2026-10-10,wk inc flu hosp,3,2026-10-31,46,quantile,0.99,54
2026-10-10,wk inc flu hosp,-1,2026-10-03,47,quantile,0.01,53
2026-10-10,wk inc flu hosp,-1,2026-10-03,47,quantile,0.025,56
2026-10-10,wk inc flu hosp,-1,2026-10-03,47,quantile,0.05,59
2026-10-10,wk inc flu hosp,-1,2026-10-03,47,quantile,0.1,63
2026-10-10,wk inc flu hosp,-1,2026-10-03,47,quantile,0.15,66
2026-10-10,wk inc flu hosp,-1,2026-10-03,47,quantile,0.2,68
2026-10-10,wk inc flu hosp,-1,2026-10-03,47,quantile,0.25,70
2026-10-10,wk inc flu hosp,-1,2026-10-03,47,quantile,0.3,72
2026-10-10,wk inc flu hosp,-1,2026-10-03,47,quantile,0.35,73
2026-10-10,wk inc flu hosp,-1,2026-10-03,47,quantile,0.4,75
2026-10-10,wk inc flu hosp,-1,2026-10-03,47,quantile,0.45,77
2026-10-10,wk inc flu hosp,-1,2026-10-03,47,quantile,0.5,78
2026-10-10,wk inc flu hosp,-1,2026-10-03,47,quantile,0.55,80
2026-10-10,wk inc flu hosp,-1,2026-10-03,47,quantile,0.6,82
2026-10-10,wk inc flu hosp,-1,2026-10-03,47,quantile,0.65,83
2026-10-10,wk inc flu hosp,-1,2026-10-03,47,quantile,0.7,85
2026-10-10,wk inc flu hosp,-1,2026-10-03,47,quantile,0.75,87
2026-10-10,wk inc flu hosp,-1,2026-10-03,47,quantile,0.8,90
2026-10-10,wk inc flu hosp,-1,2026-10-03,47,quantile,0.85,93
2026-10-10,wk inc flu hosp,-1,2026-10-03,47,quantile,0.9,97
2026-10-10,wk inc flu hosp,-1,2026-10-03,47,quantile,0.95,103
2026-10-10,wk inc flu hosp,-1,2026-10-03,47,quantile,0.975,111
2026-10-10,wk inc flu hosp,-1,2026-10-03,47,quantile,0.99,117
2026-10-10,wk inc flu hosp,0,2026-10-10,47,quantile,0.01,45
2026-10-10,wk inc flu hosp,0,2026-10-10,47,quantile,0.025,49
2026-10-10,wk inc flu hosp,0,2026-10-10,47,quantile,0.05,54
2026-10-10,wk inc flu hosp,0,2026-10-10,47,quantile,0.1,59
2026-10-10,wk inc flu hosp,0,2026-10-10,47,quantile,0.15,63
2026-10-10,wk inc flu hosp,0,2026-10-10,47,quantile,0.2,67
2026-10-10,wk inc flu hosp,0,2026-10-10,47,quantile,0.25,70
2026-10-10,wk inc flu hosp,0,2026-10-10,47,quantile,0.3,73
2026-10-10,wk inc flu hosp,0,2026-10-10,47,quantile,0.35,75
2026-10-10,wk inc flu hosp,0,2026-10-10,47,quantile,0.4,78
2026-10-10,wk inc flu hosp,0,2026-10-10,47,quantile,0.45,80
2026-10-10,wk inc flu hosp,0,2026-10-10,47,quantile,0.5,83
2026-10-10,wk inc flu hosp,0,2026-10-10,47,quantile,0.55,85
2026-10-10,wk inc flu hosp,0,2026-10-10,47,quantile,0.6,88
2026-10-10,wk inc flu hosp,0,2026-10-10,47,quantile,0.65,91
2026-10-10,wk inc flu hosp,0,2026-10-10,47,quantile,0.7,94
2026-10-10,wk inc flu hosp,0,2026-10-10,47,quantile,0.75,98
2026-10-10,wk inc flu hosp,0,2026-10-10,47,quantile,0.8,103
2026-10-10,wk inc flu hosp,0,2026-10-10,47,quantile,0.85,110
2026-10-10,wk inc flu hosp,0,2026-10-10,47,quantile,0.9,119
2026-10-10,wk inc flu hosp,0,2026-10-10,47,quantile,0.95,131
2026-10-10,wk inc flu hosp,0,2026-10-10,47,quantile,0.975,143
2026-10-10,wk inc flu hosp,0,2026-10-10,47,quantile,0.99,159
2026-10-10,wk inc flu hosp,1,2026-10-17,47,quantile,0.01,43
2026-10-10,wk inc flu hosp,1,2026-10-17,47,quantile,0.025,48
2026-10-10,wk inc flu hosp,1,2026-10-17,47,quantile,0.05,53
2026-10-10,wk inc flu hosp,1,2026-10-17,47,quantile,0.1,59
2026-10-10,wk inc flu hosp,1,2026-10-17,47,quantile,0.15,66
2026-10-10,wk inc flu hosp,1,2026-10-17,47,quantile,0.2,71
2026-10-10,wk inc flu hosp,1,2026-10-17,47,quantile,0.25,75
2026-10-10,wk inc flu hosp,1,2026-10-17,47,quantile,0.3,79
2026-10-10,wk inc flu hosp,1,2026-10-17,47,quantile,0.35,82
2026-10-10,wk inc flu hosp,1,2026-10-17,47,quantile,0.4,86
2026-10-10,wk inc flu hosp,1,2026-10-17,47,quantile,0.45,89
2026-10-10,wk inc flu hosp,1,2026-10-17,47,quantile,0.5,93
2026-10-10,wk inc flu hosp,1,2026-10-17,47,quantile,0.55,97
2026-10-10,wk inc flu hosp,1,2026-10-17,47,quantile,0.6,101
2026-10-10,wk inc flu hosp,1,2026-10-17,47,quantile,0.65,105
2026-10-10,wk inc flu hosp,1,2026-10-17,47,quantile,0.7,110
2026-10-10,wk inc flu hosp,1,2026-10-17,47,quantile,0.75,116
2026-10-10,wk inc flu hosp,1,2026-10-17,47,quantile,0.8,123
2026-10-10,wk inc flu hosp,1,2026-10-17,47,quantile,0.85,133
2026-10-10,wk inc flu hosp,1,2026-10-17,47,quantile,0.9,146
2026-10-10,wk inc flu hosp,1,2026-10-17,47,quantile,0.95,165
2026-10-10,wk inc flu hosp,1,2026-10-17,47,quantile,0.975,185
2026-10-10,wk inc flu hosp,1,2026-10-17,47,quantile,0.99,208
2026-10-10,wk inc flu hosp,2,2026-10-24,47,quantile,0.01,41
2026-10-10,wk inc flu hosp,2,2026-10-24,47,quantile,0.025,46
2026-10-10,wk inc flu hosp,2,2026-10-24,47,quantile,0.05,52
2026-10-10,wk inc flu hosp,2,2026-10-24,47,quantile,0.1,59
2026-10-10,wk inc flu hosp,2,2026-10-24,47,quantile,0.15,67
2026-10-10,wk inc flu hosp,2,2026-10-24,47,quantile,0.2,73
2026-10-10,wk inc flu hosp,2,2026-10-24,47,quantile,0.25,79
2026-10-10,wk inc flu hosp,2,2026-10-24,47,quantile,0.3,84
2026-10-10,wk inc flu hosp,2,2026-10-24,47,quantile,0.35,89
2026-10-10,wk inc flu hosp,2,2026-10-24,47,quantile,0.4,93
2026-10-10,wk inc flu hosp,2,2026-10-24,47,quantile,0.45,98
2026-10-10,wk inc flu hosp,2,2026-10-24,47,quantile,0.5,103
2026-10-10,wk inc flu hosp,2,2026-10-24,47,quantile,0.55,108
2026-10-10,wk inc flu hosp,2,2026-10-24,47,quantile,0.6,114
2026-10-10,wk inc flu hosp,2,2026-10-24,47,quantile,0.65,120
2026-10-10,wk inc flu hosp,2,2026-10-24,47,quantile,0.7,127
2026-10-10,wk inc flu hosp,2,2026-10-24,47,quantile,0.75,135
2026-10-10,wk inc flu hosp,2,2026-10-24,47,quantile,0.8,146
2026-10-10,wk inc flu hosp,2,2026-10-24,47,quantile,0.85,161
2026-10-10,wk inc flu hosp,2,2026-10-24,47,quantile,0.9,180
2026-10-10,wk inc flu hosp,2,2026-10-24,47,quantile,0.95,211
2026-10-10,wk inc flu hosp,2,2026-10-24,47,quantile,0.975,240
2026-10-10,wk inc flu hosp,2,2026-10-24,47,quantile,0.99,279
2026-10-10,wk inc flu hosp,3,2026-10-31,47,quantile,0.01,39
2026-10-10,wk inc flu hosp,3,2026-10-31,47,quantile,0.025,45
2026-10-10,wk inc flu hosp,3,2026-10-31,47,quantile,0.05,51
2026-10-10,wk inc flu hosp,3,2026-10-31,47,quantile,0.1,59
2026-10-10,wk inc flu hosp,3,2026-10-31,47,quantile,0.15,67
2026-10-10,wk inc flu hosp,3,2026-10-31,47,quantile,0.2,75
2026-10-10,wk inc flu hosp,3,2026-10-31,47,quantile,0.25,82
2026-10-10,wk inc flu hosp,3,2026-10-31,47,quantile,0.3,88
2026-10-10,wk inc flu hosp,3,2026-10-31,47,quantile,0.35,94
2026-10-10,wk inc flu hosp,3,2026-10-31,47,quantile,0.4,100
2026-10-10,wk inc flu hosp,3,2026-10-31,47,quantile,0.45,106
2026-10-10,wk inc flu hosp,3,2026-10-31,47,quantile,0.5,112
2026-10-10,wk inc flu hosp,3,2026-10-31,47,quantile,0.55,120
2026-10-10,wk inc flu hosp,3,2026-10-31,47,quantile,0.6,127
2026-10-10,wk inc flu hosp,3,2026-10-31,47,quantile,0.65,136
2026-10-10,wk inc flu hosp,3,2026-10-31,47,quantile,0.7,146
2026-10-10,wk inc flu hosp,3,2026-10-31,47,quantile,0.75,159
2026-10-10,wk inc flu hosp,3,2026-10-31,47,quantile,0.8,175
2026-10-10,wk inc flu hosp,3,2026-10-31,47,quantile,0.85,197
2026-10-10,wk inc flu hosp,3,2026-10-31,47,quantile,0.9,227
2026-10-10,wk inc flu hosp,3,2026-10-31,47,quantile,0.95,274
2026-10-10,wk inc flu hosp,3,2026-10-31,47,quantile,0.975,319
2026-10-10,wk inc flu hosp,3,2026-10-31,47,quantile,0.99,380
2026-10-10,wk inc flu hosp,-1,2026-10-03,48,quantile,0.01,240
2026-10-10,wk inc flu hosp,-1,2026-10-03,48,quantile,0.025,255
2026-10-10,wk inc flu hosp,-1,2026-10-03,48,quantile,0.05,271
2026-10-10,wk inc flu hosp,-1,2026-10-03,48,quantile,0.1,287
2026-10-10,wk inc flu hosp,-1,2026-10-03,48,quantile,0.15,299
2026-10-10,wk inc flu hosp,-1,2026-10-03,48,quantile,0.2,309
2026-10-10,wk inc flu hosp,-1,2026-10-03,48,quantile,0.25,318
2026-10-10,wk inc flu hosp,-1,2026-10-03,48,quantile,0.3,326
2026-10-10,wk inc flu hosp,-1,2026-10-03,48,quantile,0.35,333
2026-10-10,wk inc flu hosp,-1,2026-10-03,48,quantile,0.4,340
2026-10-10,wk inc flu hosp,-1,2026-10-03,48,quantile,0.45,348
2026-10-10,wk inc flu hosp,-1,2026-10-03,48,quantile,0.5,355
2026-10-10,wk inc flu hosp,-1,2026-10-03,48,quantile,0.55,363
2026-10-10,wk inc flu hosp,-1,2026-10-03,48,quantile,0.6,370
2026-10-10,wk inc flu hosp,-1,2026-10-03,48,quantile,0.65,378
2026-10-10,wk inc flu hosp,-1,2026-10-03,48,quantile,0.7,388
2026-10-10,wk inc flu hosp,-1,2026-10-03,48,quantile,0.75,397
2026-10-10,wk inc flu hosp,-1,2026-10-03,48,quantile,0.8,409
2026-10-10,wk inc flu hosp,-1,2026-10-03,48,quantile,0.85,423
2026-10-10,wk inc flu hosp,-1,2026-10-03,48,quantile,0.9,441
2026-10-10,wk inc flu hosp,-1,2026-10-03,48,quantile,0.95,470
2026-10-10,wk inc flu hosp,-1,2026-10-03,48,quantile,0.975,498
2026-10-10,wk inc flu hosp,-1,2026-10-03,48,quantile,0.99,537
2026-10-10,wk inc flu hosp,0,2026-10-10,48,quantile,0.01,248
2026-10-10,wk inc flu hosp,0,2026-10-10,48,quantile,0.025,271
2026-10-10,wk inc flu hosp,0,2026-10-10,48,quantile,0.05,292
2026-10-10,wk inc flu hosp,0,2026-10-10,48,quantile,0.1,319
2026-10-10,wk inc flu hosp,0,2026-10-10,48,quantile,0.15,339
2026-10-10,wk inc flu hosp,0,2026-10-10,48,quantile,0.2,356
2026-10-10,wk inc flu hosp,0,2026-10-10,48,quantile,0.25,371
2026-10-10,wk inc flu hosp,0,2026-10-10,48,quantile,0.3,384
2026-10-10,wk inc flu hosp,0,2026-10-10,48,quantile,0.35,396
2026-10-10,wk inc flu hosp,0,2026-10-10,48,quantile,0.4,408
2026-10-10,wk inc flu hosp,0,2026-10-10,48,quantile,0.45,420
2026-10-10,wk inc flu hosp,0,2026-10-10,48,quantile,0.5,433
2026-10-10,wk inc flu hosp,0,2026-10-10,48,quantile,0.55,447
2026-10-10,wk inc flu hosp,0,2026-10-10,48,quantile,0.6,461
2026-10-10,wk inc flu hosp,0,2026-10-10,48,quantile,0.65,476
2026-10-10,wk inc flu hosp,0,2026-10-10,48,quantile,0.7,491
2026-10-10,wk inc flu hosp,0,2026-10-10,48,quantile,0.75,509
2026-10-10,wk inc flu hosp,0,2026-10-10,48,quantile,0.8,530
2026-10-10,wk inc flu hosp,0,2026-10-10,48,quantile,0.85,562
2026-10-10,wk inc flu hosp,0,2026-10-10,48,quantile,0.9,607
2026-10-10,wk inc flu hosp,0,2026-10-10,48,quantile,0.95,667
2026-10-10,wk inc flu hosp,0,2026-10-10,48,quantile,0.975,721
2026-10-10,wk inc flu hosp,0,2026-10-10,48,quantile,0.99,790
2026-10-10,wk inc flu hosp,1,2026-10-17,48,quantile,0.01,268
2026-10-10,wk inc flu hosp,1,2026-10-17,48,quantile,0.025,297
2026-10-10,wk inc flu hosp,1,2026-10-17,48,quantile,0.05,325
2026-10-10,wk inc flu hosp,1,2026-10-17,48,quantile,0.1,361
2026-10-10,wk inc flu hosp,1,2026-10-17,48,quantile,0.15,386
2026-10-10,wk inc flu hosp,1,2026-10-17,48,quantile,0.2,408
2026-10-10,wk inc flu hosp,1,2026-10-17,48,quantile,0.25,427
2026-10-10,wk inc flu hosp,1,2026-10-17,48,quantile,0.3,446
2026-10-10,wk inc flu hosp,1,2026-10-17,48,quantile,0.35,463
2026-10-10,wk inc flu hosp,1,2026-10-17,48,quantile,0.4,480
2026-10-10,wk inc flu hosp,1,2026-10-17,48,quantile,0.45,497
2026-10-10,wk inc flu hosp,1,2026-10-17,48,quantile,0.5,515
2026-10-10,wk inc flu hosp,1,2026-10-17,48,quantile,0.55,534
2026-10-10,wk inc flu hosp,1,2026-10-17,48,quantile,0.6,554
2026-10-10,wk inc flu hosp,1,2026-10-17,48,quantile,0.65,577
2026-10-10,wk inc flu hosp,1,2026-10-17,48,quantile,0.7,602
2026-10-10,wk inc flu hosp,1,2026-10-17,48,quantile,0.75,632
2026-10-10,wk inc flu hosp,1,2026-10-17,48,quantile,0.8,669
2026-10-10,wk inc flu hosp,1,2026-10-17,48,quantile,0.85,722
2026-10-10,wk inc flu hosp,1,2026-10-17,48,quantile,0.9,792
2026-10-10,wk inc flu hosp,1,2026-10-17,48,quantile,0.95,884
2026-10-10,wk inc flu hosp,1,2026-10-17,48,quantile,0.975,969
2026-10-10,wk inc flu hosp,1,2026-10-17,48,quantile,0.99,1075
2026-10-10,wk inc flu hosp,2,2026-10-24,48,quantile,0.01,275
2026-10-10,wk inc flu hosp,2,2026-10-24,48,quantile,0.025,310
2026-10-10,wk inc flu hosp,2,2026-10-24,48,quantile,0.05,349
2026-10-10,wk inc flu hosp,2,2026-10-24,48,quantile,0.1,396
2026-10-10,wk inc flu hosp,2,2026-10-24,48,quantile,0.15,430
2026-10-10,wk inc flu hosp,2,2026-10-24,48,quantile,0.2,460
2026-10-10,wk inc flu hosp,2,2026-10-24,48,quantile,0.25,488
2026-10-10,wk inc flu hosp,2,2026-10-24,48,quantile,0.3,513
2026-10-10,wk inc flu hosp,2,2026-10-24,48,quantile,0.35,538
2026-10-10,wk inc flu hosp,2,2026-10-24,48,quantile,0.4,563
2026-10-10,wk inc flu hosp,2,2026-10-24,48,quantile,0.45,588
2026-10-10,wk inc flu hosp,2,2026-10-24,48,quantile,0.5,613
2026-10-10,wk inc flu hosp,2,2026-10-24,48,quantile,0.55,642
2026-10-10,wk inc flu hosp,2,2026-10-24,48,quantile,0.6,673
2026-10-10,wk inc flu hosp,2,2026-10-24,48,quantile,0.65,709
2026-10-10,wk inc flu hosp,2,2026-10-24,48,quantile,0.7,752
2026-10-10,wk inc flu hosp,2,2026-10-24,48,quantile,0.75,802
2026-10-10,wk inc flu hosp,2,2026-10-24,48,quantile,0.8,863
2026-10-10,wk inc flu hosp,2,2026-10-24,48,quantile,0.85,948
2026-10-10,wk inc flu hosp,2,2026-10-24,48,quantile,0.9,1061
2026-10-10,wk inc flu hosp,2,2026-10-24,48,quantile,0.95,1215
2026-10-10,wk inc flu hosp,2,2026-10-24,48,quantile,0.975,1359
2026-10-10,wk inc flu hosp,2,2026-10-24,48,quantile,0.99,1544
2026-10-10,wk inc flu hosp,3,2026-10-31,48,quantile,0.01,266
2026-10-10,wk inc flu hosp,3,2026-10-31,48,quantile,0.025,311
2026-10-10,wk inc flu hosp,3,2026-10-31,48,quantile,0.05,363
2026-10-10,wk inc flu hosp,3,2026-10-31,48,quantile,0.1,427
2026-10-10,wk inc flu hosp,3,2026-10-31,48,quantile,0.15,473
2026-10-10,wk inc flu hosp,3,2026-10-31,48,quantile,0.2,512
2026-10-10,wk inc flu hosp,3,2026-10-31,48,quantile,0.25,548
2026-10-10,wk inc flu hosp,3,2026-10-31,48,quantile,0.3,583
2026-10-10,wk inc flu hosp,3,2026-10-31,48,quantile,0.35,616
2026-10-10,wk inc flu hosp,3,2026-10-31,48,quantile,0.4,649
2026-10-10,wk inc flu hosp,3,2026-10-31,48,quantile,0.45,683
2026-10-10,wk inc flu hosp,3,2026-10-31,48,quantile,0.5,720
2026-10-10,wk inc flu hosp,3,2026-10-31,48,quantile,0.55,758
2026-10-10,wk inc flu hosp,3,2026-10-31,48,quantile,0.6,803
2026-10-10,wk inc flu hosp,3,2026-10-31,48,quantile,0.65,858
2026-10-10,wk inc flu hosp,3,2026-10-31,48,quantile,0.7,926
2026-10-10,wk inc flu hosp,3,2026-10-31,48,quantile,0.75,1007
2026-10-10,wk inc flu hosp,3,2026-10-31,48,quantile,0.8,1102
2026-10-10,wk inc flu hosp,3,2026-10-31,48,quantile,0.85,1225
2026-10-10,wk inc flu hosp,3,2026-10-31,48,quantile,0.9,1383
2026-10-10,wk inc flu hosp,3,2026-10-31,48,quantile,0.95,1615
2026-10-10,wk inc flu hosp,3,2026-10-31,48,quantile,0.975,1833
2026-10-10,wk inc flu hosp,3,2026-10-31,48,quantile,0.99,2121
2026-10-10,wk inc flu hosp,-1,2026-10-03,49,quantile,0.01,17
2026-10-10,wk inc flu hosp,-1,2026-10-03,49,quantile,0.025,18
2026-10-10,wk inc flu hosp,-1,2026-10-03,49,quantile,0.05,20
2026-10-10,wk inc flu hosp,-1,2026-10-03,49,quantile,0.1,21
2026-10-10,wk inc flu hosp,-1,2026-10-03,49,quantile,0.15,22
2026-10-10,wk inc flu hosp,-1,2026-10-03,49,quantile,0.2,23
2026-10-10,wk inc flu hosp,-1,2026-10-03,49,quantile,0.25,23
2026-10-10,wk inc flu hosp,-1,2026-10-03,49,quantile,0.3,24
2026-10-10,wk inc flu hosp,-1,2026-10-03,49,quantile,0.35,24
2026-10-10,wk inc flu hosp,-1,2026-10-03,49,quantile,0.4,25
2026-10-10,wk inc flu hosp,-1,2026-10-03,49,quantile,0.45,25
2026-10-10,wk inc flu hosp,-1,2026-10-03,49,quantile,0.5,26
2026-10-10,wk inc flu hosp,-1,2026-10-03,49,quantile,0.55,27
2026-10-10,wk inc flu hosp,-1,2026-10-03,49,quantile,0.6,27
2026-10-10,wk inc flu hosp,-1,2026-10-03,49,quantile,0.65,28
2026-10-10,wk inc flu hosp,-1,2026-10-03,49,quantile,0.7,28
2026-10-10,wk inc flu hosp,-1,2026-10-03,49,quantile,0.75,29
2026-10-10,wk inc flu hosp,-1,2026-10-03,49,quantile,0.8,30
2026-10-10,wk inc flu hosp,-1,2026-10-03,49,quantile,0.85,31
2026-10-10,wk inc flu hosp,-1,2026-10-03,49,quantile,0.9,32
2026-10-10,wk inc flu hosp,-1,2026-10-03,49,quantile,0.95,35
2026-10-10,wk inc flu hosp,-1,2026-10-03,49,quantile,0.975,37
2026-10-10,wk inc flu hosp,-1,2026-10-03,49,quantile,0.99,40
2026-10-10,wk inc flu hosp,0,2026-10-10,49,quantile,0.01,13
2026-10-10,wk inc flu hosp,0,2026-10-10,49,quantile,0.025,15
2026-10-10,wk inc flu hosp,0,2026-10-10,49,quantile,0.05,16
2026-10-10,wk inc flu hosp,0,2026-10-10,49,quantile,0.1,18
2026-10-10,wk inc flu hosp,0,2026-10-10,49,quantile,0.15,20
2026-10-10,wk inc flu hosp,0,2026-10-10,49,quantile,0.2,21
2026-10-10,wk inc flu hosp,0,2026-10-10,49,quantile,0.25,23
2026-10-10,wk inc flu hosp,0,2026-10-10,49,quantile,0.3,24
2026-10-10,wk inc flu hosp,0,2026-10-10,49,quantile,0.35,25
2026-10-10,wk inc flu hosp,0,2026-10-10,49,quantile,0.4,26
2026-10-10,wk inc flu hosp,0,2026-10-10,49,quantile,0.45,27
2026-10-10,wk inc flu hosp,0,2026-10-10,49,quantile,0.5,28
2026-10-10,wk inc flu hosp,0,2026-10-10,49,quantile,0.55,29
2026-10-10,wk inc flu hosp,0,2026-10-10,49,quantile,0.6,30
2026-10-10,wk inc flu hosp,0,2026-10-10,49,quantile,0.65,31
2026-10-10,wk inc flu hosp,0,2026-10-10,49,quantile,0.7,32
2026-10-10,wk inc flu hosp,0,2026-10-10,49,quantile,0.75,34
2026-10-10,wk inc flu hosp,0,2026-10-10,49,quantile,0.8,35
2026-10-10,wk inc flu hosp,0,2026-10-10,49,quantile,0.85,38
2026-10-10,wk inc flu hosp,0,2026-10-10,49,quantile,0.9,42
2026-10-10,wk inc flu hosp,0,2026-10-10,49,quantile,0.95,47
2026-10-10,wk inc flu hosp,0,2026-10-10,49,quantile,0.975,52
2026-10-10,wk inc flu hosp,0,2026-10-10,49,quantile,0.99,60
2026-10-10,wk inc flu hosp,1,2026-10-17,49,quantile,0.01,13
2026-10-10,wk inc flu hosp,1,2026-10-17,49,quantile,0.025,14
2026-10-10,wk inc flu hosp,1,2026-10-17,49,quantile,0.05,16
2026-10-10,wk inc flu hosp,1,2026-10-17,49,quantile,0.1,18
2026-10-10,wk inc flu hosp,1,2026-10-17,49,quantile,0.15,21
2026-10-10,wk inc flu hosp,1,2026-10-17,49,quantile,0.2,23
2026-10-10,wk inc flu hosp,1,2026-10-17,49,quantile,0.25,25
2026-10-10,wk inc flu hosp,1,2026-10-17,49,quantile,0.3,26
2026-10-10,wk inc flu hosp,1,2026-10-17,49,quantile,0.35,27
2026-10-10,wk inc flu hosp,1,2026-10-17,49,quantile,0.4,29
2026-10-10,wk inc flu hosp,1,2026-10-17,49,quantile,0.45,30
2026-10-10,wk inc flu hosp,1,2026-10-17,49,quantile,0.5,32
2026-10-10,wk inc flu hosp,1,2026-10-17,49,quantile,0.55,33
2026-10-10,wk inc flu hosp,1,2026-10-17,49,quantile,0.6,34
2026-10-10,wk inc flu hosp,1,2026-10-17,49,quantile,0.65,36
2026-10-10,wk inc flu hosp,1,2026-10-17,49,quantile,0.7,38
2026-10-10,wk inc flu hosp,1,2026-10-17,49,quantile,0.75,40
2026-10-10,wk inc flu hosp,1,2026-10-17,49,quantile,0.8,43
2026-10-10,wk inc flu hosp,1,2026-10-17,49,quantile,0.85,47
2026-10-10,wk inc flu hosp,1,2026-10-17,49,quantile,0.9,52
2026-10-10,wk inc flu hosp,1,2026-10-17,49,quantile,0.95,60
2026-10-10,wk inc flu hosp,1,2026-10-17,49,quantile,0.975,69
2026-10-10,wk inc flu hosp,1,2026-10-17,49,quantile,0.99,80
2026-10-10,wk inc flu hosp,2,2026-10-24,49,quantile,0.01,12
2026-10-10,wk inc flu hosp,2,2026-10-24,49,quantile,0.025,14
2026-10-10,wk inc flu hosp,2,2026-10-24,49,quantile,0.05,15
2026-10-10,wk inc flu hosp,2,2026-10-24,49,quantile,0.1,18
2026-10-10,wk inc flu hosp,2,2026-10-24,49,quantile,0.15,21
2026-10-10,wk inc flu hosp,2,2026-10-24,49,quantile,0.2,23
2026-10-10,wk inc flu hosp,2,2026-10-24,49,quantile,0.25,26
2026-10-10,wk inc flu hosp,2,2026-10-24,49,quantile,0.3,28
2026-10-10,wk inc flu hosp,2,2026-10-24,49,quantile,0.35,30
2026-10-10,wk inc flu hosp,2,2026-10-24,49,quantile,0.4,32
2026-10-10,wk inc flu hosp,2,2026-10-24,49,quantile,0.45,34
2026-10-10,wk inc flu hosp,2,2026-10-24,49,quantile,0.5,36
2026-10-10,wk inc flu hosp,2,2026-10-24,49,quantile,0.55,38
2026-10-10,wk inc flu hosp,2,2026-10-24,49,quantile,0.6,40
2026-10-10,wk inc flu hosp,2,2026-10-24,49,quantile,0.65,42
2026-10-10,wk inc flu hosp,2,2026-10-24,49,quantile,0.7,45
2026-10-10,wk inc flu hosp,2,2026-10-24,49,quantile,0.75,48
2026-10-10,wk inc flu hosp,2,2026-10-24,49,quantile,0.8,52
2026-10-10,wk inc flu hosp,2,2026-10-24,49,quantile,0.85,57
2026-10-10,wk inc flu hosp,2,2026-10-24,49,quantile,0.9,65
2026-10-10,wk inc flu hosp,2,2026-10-24,49,quantile,0.95,79
2026-10-10,wk inc flu hosp,2,2026-10-24,49,quantile,0.975,95
2026-10-10,wk inc flu hosp,2,2026-10-24,49,quantile,0.99,116
2026-10-10,wk inc flu hosp,3,2026-10-31,49,quantile,0.01,11
2026-10-10,wk inc flu hosp,3,2026-10-31,49,quantile,0.025,13
2026-10-10,wk inc flu hosp,3,2026-10-31,49,quantile,0.05,14
2026-10-10,wk inc flu hosp,3,2026-10-31,49,quantile,0.1,17
2026-10-10,wk inc flu hosp,3,2026-10-31,49,quantile,0.15,20
2026-10-10,wk inc flu hosp,3,2026-10-31,49,quantile,0.2,23
2026-10-10,wk inc flu hosp,3,2026-10-31,49,quantile,0.25,26
2026-10-10,wk inc flu hosp,3,2026-10-31,49,quantile,0.3,29
2026-10-10,wk inc flu hosp,3,2026-10-31,49,quantile,0.35,32
2026-10-10,wk inc flu hosp,3,2026-10-31,49,quantile,0.4,34
2026-10-10,wk inc flu hosp,3,2026-10-31,49,quantile,0.45,37
2026-10-10,wk inc flu hosp,3,2026-10-31,49,quantile,0.5,40
2026-10-10,wk inc flu hosp,3,2026-10-31,49,quantile,0.55,43
2026-10-10,wk inc flu hosp,3,2026-10-31,49,quantile,0.6,45
2026-10-10,wk inc flu hosp,3,2026-10-31,49,quantile,0.65,49
2026-10-10,wk inc flu hosp,3,2026-10-31,49,quantile,0.7,52
2026-10-10,wk inc flu hosp,3,2026-10-31,49,quantile,0.75,57
2026-10-10,wk inc flu hosp,3,2026-10-31,49,quantile,0.8,62
2026-10-10,wk inc flu hosp,3,2026-10-31,49,quantile,0.85,70
2026-10-10,wk inc flu hosp,3,2026-10-31,49,quantile,0.9,80
2026-10-10,wk inc flu hosp,3,2026-10-31,49,quantile,0.95,102
2026-10-10,wk inc flu hosp,3,2026-10-31,49,quantile,0.975,128
2026-10-10,wk inc flu hosp,3,2026-10-31,49,quantile,0.99,168
2026-10-10,wk inc flu hosp,-1,2026-10-03,50,quantile,0.01,0
2026-10-10,wk inc flu hosp,-1,2026-10-03,50,quantile,0.025,0
2026-10-10,wk inc flu hosp,-1,2026-10-03,50,quantile,0.05,0
2026-10-10,wk inc flu hosp,-1,2026-10-03,50,quantile,0.1,1
2026-10-10,wk inc flu hosp,-1,2026-10-03,50,quantile,0.15,1
2026-10-10,wk inc flu hosp,-1,2026-10-03,50,quantile,0.2,1
2026-10-10,wk inc flu hosp,-1,2026-10-03,50,quantile,0.25,1
2026-10-10,wk inc flu hosp,-1,2026-10-03,50,quantile,0.3,1
2026-10-10,wk inc flu hosp,-1,2026-10-03,50,quantile,0.35,1
2026-10-10,wk inc flu hosp,-1,2026-10-03,50,quantile,0.4,1
2026-10-10,wk inc flu hosp,-1,2026-10-03,50,quantile,0.45,1
2026-10-10,wk inc flu hosp,-1,2026-10-03,50,quantile,0.5,1
2026-10-10,wk inc flu hosp,-1,2026-10-03,50,quantile,0.55,1
2026-10-10,wk inc flu hosp,-1,2026-10-03,50,quantile,0.6,1
2026-10-10,wk inc flu hosp,-1,2026-10-03,50,quantile,0.65,1
2026-10-10,wk inc flu hosp,-1,2026-10-03,50,quantile,0.7,2
2026-10-10,wk inc flu hosp,-1,2026-10-03,50,quantile,0.75,2
2026-10-10,wk inc flu hosp,-1,2026-10-03,50,quantile,0.8,2
2026-10-10,wk inc flu hosp,-1,2026-10-03,50,quantile,0.85,2
2026-10-10,wk inc flu hosp,-1,2026-10-03,50,quantile,0.9,2
2026-10-10,wk inc flu hosp,-1,2026-10-03,50,quantile,0.95,3
2026-10-10,wk inc flu hosp,-1,2026-10-03,50,quantile,0.975,3
2026-10-10,wk inc flu hosp,-1,2026-10-03,50,quantile,0.99,3
2026-10-10,wk inc flu hosp,0,2026-10-10,50,quantile,0.01,0
2026-10-10,wk inc flu hosp,0,2026-10-10,50,quantile,0.025,0
2026-10-10,wk inc flu hosp,0,2026-10-10,50,quantile,0.05,0
2026-10-10,wk inc flu hosp,0,2026-10-10,50,quantile,0.1,0
2026-10-10,wk inc flu hosp,0,2026-10-10,50,quantile,0.15,1
2026-10-10,wk inc flu hosp,0,2026-10-10,50,quantile,0.2,1
2026-10-10,wk inc flu hosp,0,2026-10-10,50,quantile,0.25,1
2026-10-10,wk inc flu hosp,0,2026-10-10,50,quantile,0.3,1
2026-10-10,wk inc flu hosp,0,2026-10-10,50,quantile,0.35,1
2026-10-10,wk inc flu hosp,0,2026-10-10,50,quantile,0.4,1
2026-10-10,wk inc flu hosp,0,2026-10-10,50,quantile,0.45,1
2026-10-10,wk inc flu hosp,0,2026-10-10,50,quantile,0.5,2
2026-10-10,wk inc flu hosp,0,2026-10-10,50,quantile,0.55,2
2026-10-10,wk inc flu hosp,0,2026-10-10,50,quantile,0.6,2
2026-10-10,wk inc flu hosp,0,2026-10-10,50,quantile,0.65,2
2026-10-10,wk inc flu hosp,0,2026-10-10,50,quantile,0.7,2
2026-10-10,wk inc flu hosp,0,2026-10-10,50,quantile,0.75,2
2026-10-10,wk inc flu hosp,0,2026-10-10,50,quantile,0.8,2
2026-10-10,wk inc flu hosp,0,2026-10-10,50,quantile,0.85,3
2026-10-10,wk inc flu hosp,0,2026-10-10,50,quantile,0.9,3
2026-10-10,wk inc flu hosp,0,2026-10-10,50,quantile,0.95,4
2026-10-10,wk inc flu hosp,0,2026-10-10,50,quantile,0.975,5
2026-10-10,wk inc flu hosp,0,2026-10-10,50,quantile,0.99,5
2026-10-10,wk inc flu hosp,1,2026-10-17,50,quantile,0.01,0
2026-10-10,wk inc flu hosp,1,2026-10-17,50,quantile,0.025,0
2026-10-10,wk inc flu hosp,1,2026-10-17,50,quantile,0.05,0
2026-10-10,wk inc flu hosp,1,2026-10-17,50,quantile,0.1,0
2026-10-10,wk inc flu hosp,1,2026-10-17,50,quantile,0.15,1
2026-10-10,wk inc flu hosp,1,2026-10-17,50,quantile,0.2,1
2026-10-10,wk inc flu hosp,1,2026-10-17,50,quantile,0.25,1
2026-10-10,wk inc flu hosp,1,2026-10-17,50,quantile,0.3,1
2026-10-10,wk inc flu hosp,1,2026-10-17,50,quantile,0.35,1
2026-10-10,wk inc flu hosp,1,2026-10-17,50,quantile,0.4,1
2026-10-10,wk inc flu hosp,1,2026-10-17,50,quantile,0.45,1
2026-10-10,wk inc flu hosp,1,2026-10-17,50,quantile,0.5,2
2026-10-10,wk inc flu hosp,1,2026-10-17,50,quantile,0.55,2
2026-10-10,wk inc flu hosp,1,2026-10-17,50,quantile,0.6,2
2026-10-10,wk inc flu hosp,1,2026-10-17,50,quantile,0.65,2
2026-10-10,wk inc flu hosp,1,2026-10-17,50,quantile,0.7,2
2026-10-10,wk inc flu hosp,1,2026-10-17,50,quantile,0.75,2
2026-10-10,wk inc flu hosp,1,2026-10-17,50,quantile,0.8,3
2026-10-10,wk inc flu hosp,1,2026-10-17,50,quantile,0.85,3
2026-10-10,wk inc flu hosp,1,2026-10-17,50,quantile,0.9,3
2026-10-10,wk inc flu hosp,1,2026-10-17,50,quantile,0.95,4
2026-10-10,wk inc flu hosp,1,2026-10-17,50,quantile,0.975,5
2026-10-10,wk inc flu hosp,1,2026-10-17,50,quantile,0.99,7
2026-10-10,wk inc flu hosp,2,2026-10-24,50,quantile,0.01,0
2026-10-10,wk inc flu hosp,2,2026-10-24,50,quantile,0.025,0
2026-10-10,wk inc flu hosp,2,2026-10-24,50,quantile,0.05,0
2026-10-10,wk inc flu hosp,2,2026-10-24,50,quantile,0.1,0
2026-10-10,wk inc flu hosp,2,2026-10-24,50,quantile,0.15,1
2026-10-10,wk inc flu hosp,2,2026-10-24,50,quantile,0.2,1
2026-10-10,wk inc flu hosp,2,2026-10-24,50,quantile,0.25,1
2026-10-10,wk inc flu hosp,2,2026-10-24,50,quantile,0.3,1
2026-10-10,wk inc flu hosp,2,2026-10-24,50,quantile,0.35,1
2026-10-10,wk inc flu hosp,2,2026-10-24,50,quantile,0.4,2
2026-10-10,wk inc flu hosp,2,2026-10-24,50,quantile,0.45,2
2026-10-10,wk inc flu hosp,2,2026-10-24,50,quantile,0.5,2
2026-10-10,wk inc flu hosp,2,2026-10-24,50,quantile,0.55,2
2026-10-10,wk inc flu hosp,2,2026-10-24,50,quantile,0.6,2
2026-10-10,wk inc flu hosp,2,2026-10-24,50,quantile,0.65,2
2026-10-10,wk inc flu hosp,2,2026-10-24,50,quantile,0.7,2
2026-10-10,wk inc flu hosp,2,2026-10-24,50,quantile,0.75,3
2026-10-10,wk inc flu hosp,2,2026-10-24,50,quantile,0.8,3
2026-10-10,wk inc flu hosp,2,2026-10-24,50,quantile,0.85,3
2026-10-10,wk inc flu hosp,2,2026-10-24,50,quantile,0.9,4
2026-10-10,wk inc flu hosp,2,2026-10-24,50,quantile,0.95,5
2026-10-10,wk inc flu hosp,2,2026-10-24,50,quantile,0.975,6
2026-10-10,wk inc flu hosp,2,2026-10-24,50,quantile,0.99,8
2026-10-10,wk inc flu hosp,3,2026-10-31,50,quantile,0.01,0
2026-10-10,wk inc flu hosp,3,2026-10-31,50,quantile,0.025,0
2026-10-10,wk inc flu hosp,3,2026-10-31,50,quantile,0.05,0
2026-10-10,wk inc flu hosp,3,2026-10-31,50,quantile,0.1,0
2026-10-10,wk inc flu hosp,3,2026-10-31,50,quantile,0.15,1
2026-10-10,wk inc flu hosp,3,2026-10-31,50,quantile,0.2,1
2026-10-10,wk inc flu hosp,3,2026-10-31,50,quantile,0.25,1
2026-10-10,wk inc flu hosp,3,2026-10-31,50,quantile,0.3,1
2026-10-10,wk inc flu hosp,3,2026-10-31,50,quantile,0.35,1
2026-10-10,wk inc flu hosp,3,2026-10-31,50,quantile,0.4,2
2026-10-10,wk inc flu hosp,3,2026-10-31,50,quantile,0.45,2
2026-10-10,wk inc flu hosp,3,2026-10-31,50,quantile,0.5,2
2026-10-10,wk inc flu hosp,3,2026-10-31,50,quantile,0.55,2
2026-10-10,wk inc flu hosp,3,2026-10-31,50,quantile,0.6,2
2026-10-10,wk inc flu hosp,3,2026-10-31,50,quantile,0.65,2
2026-10-10,wk inc flu hosp,3,2026-10-31,50,quantile,0.7,3
2026-10-10,wk inc flu hosp,3,2026-10-31,50,quantile,0.75,3
2026-10-10,wk inc flu hosp,3,2026-10-31,50,quantile,0.8,3
2026-10-10,wk inc flu hosp,3,2026-10-31,50,quantile,0.85,4
2026-10-10,wk inc flu hosp,3,2026-10-31,50,quantile,0.9,5
2026-10-10,wk inc flu hosp,3,2026-10-31,50,quantile,0.95,6
2026-10-10,wk inc flu hosp,3,2026-10-31,50,quantile,0.975,7
2026-10-10,wk inc flu hosp,3,2026-10-31,50,quantile,0.99,9
2026-10-10,wk inc flu hosp,-1,2026-10-03,51,quantile,0.01,27
2026-10-10,wk inc flu hosp,-1,2026-10-03,51,quantile,0.025,28
2026-10-10,wk inc flu hosp,-1,2026-10-03,51,quantile,0.05,30
2026-10-10,wk inc flu hosp,-1,2026-10-03,51,quantile,0.1,32
2026-10-10,wk inc flu hosp,-1,2026-10-03,51,quantile,0.15,33
2026-10-10,wk inc flu hosp,-1,2026-10-03,51,quantile,0.2,35
2026-10-10,wk inc flu hosp,-1,2026-10-03,51,quantile,0.25,36
2026-10-10,wk inc flu hosp,-1,2026-10-03,51,quantile,0.3,37
2026-10-10,wk inc flu hosp,-1,2026-10-03,51,quantile,0.35,37
2026-10-10,wk inc flu hosp,-1,2026-10-03,51,quantile,0.4,38
2026-10-10,wk inc flu hosp,-1,2026-10-03,51,quantile,0.45,39
2026-10-10,wk inc flu hosp,-1,2026-10-03,51,quantile,0.5,40
2026-10-10,wk inc flu hosp,-1,2026-10-03,51,quantile,0.55,41
2026-10-10,wk inc flu hosp,-1,2026-10-03,51,quantile,0.6,42
2026-10-10,wk inc flu hosp,-1,2026-10-03,51,quantile,0.65,43
2026-10-10,wk inc flu hosp,-1,2026-10-03,51,quantile,0.7,44
2026-10-10,wk inc flu hosp,-1,2026-10-03,51,quantile,0.75,45
2026-10-10,wk inc flu hosp,-1,2026-10-03,51,quantile,0.8,46
2026-10-10,wk inc flu hosp,-1,2026-10-03,51,quantile,0.85,48
2026-10-10,wk inc flu hosp,-1,2026-10-03,51,quantile,0.9,50
2026-10-10,wk inc flu hosp,-1,2026-10-03,51,quantile,0.95,53
2026-10-10,wk inc flu hosp,-1,2026-10-03,51,quantile,0.975,57
2026-10-10,wk inc flu hosp,-1,2026-10-03,51,quantile,0.99,61
2026-10-10,wk inc flu hosp,0,2026-10-10,51,quantile,0.01,21
2026-10-10,wk inc flu hosp,0,2026-10-10,51,quantile,0.025,23
2026-10-10,wk inc flu hosp,0,2026-10-10,51,quantile,0.05,26
2026-10-10,wk inc flu hosp,0,2026-10-10,51,quantile,0.1,28
2026-10-10,wk inc flu hosp,0,2026-10-10,51,quantile,0.15,31
2026-10-10,wk inc flu hosp,0,2026-10-10,51,quantile,0.2,33
2026-10-10,wk inc flu hosp,0,2026-10-10,51,quantile,0.25,35
2026-10-10,wk inc flu hosp,0,2026-10-10,51,quantile,0.3,37
2026-10-10,wk inc flu hosp,0,2026-10-10,51,quantile,0.35,39
2026-10-10,wk inc flu hosp,0,2026-10-10,51,quantile,0.4,40
2026-10-10,wk inc flu hosp,0,2026-10-10,51,quantile,0.45,42
2026-10-10,wk inc flu hosp,0,2026-10-10,51,quantile,0.5,43
2026-10-10,wk inc flu hosp,0,2026-10-10,51,quantile,0.55,45
2026-10-10,wk inc flu hosp,0,2026-10-10,51,quantile,0.6,47
2026-10-10,wk inc flu hosp,0,2026-10-10,51,quantile,0.65,48
2026-10-10,wk inc flu hosp,0,2026-10-10,51,quantile,0.7,50
2026-10-10,wk inc flu hosp,0,2026-10-10,51,quantile,0.75,53
2026-10-10,wk inc flu hosp,0,2026-10-10,51,quantile,0.8,56
2026-10-10,wk inc flu hosp,0,2026-10-10,51,quantile,0.85,59
2026-10-10,wk inc flu hosp,0,2026-10-10,51,quantile,0.9,64
2026-10-10,wk inc flu hosp,0,2026-10-10,51,quantile,0.95,72
2026-10-10,wk inc flu hosp,0,2026-10-10,51,quantile,0.975,80
2026-10-10,wk inc flu hosp,0,2026-10-10,51,quantile,0.99,91
2026-10-10,wk inc flu hosp,1,2026-10-17,51,quantile,0.01,19
2026-10-10,wk inc flu hosp,1,2026-10-17,51,quantile,0.025,22
2026-10-10,wk inc flu hosp,1,2026-10-17,51,quantile,0.05,24
2026-10-10,wk inc flu hosp,1,2026-10-17,51,quantile,0.1,28
2026-10-10,wk inc flu hosp,1,2026-10-17,51,quantile,0.15,31
2026-10-10,wk inc flu hosp,1,2026-10-17,51,quantile,0.2,34
2026-10-10,wk inc flu hosp,1,2026-10-17,51,quantile,0.25,37
2026-10-10,wk inc flu hosp,1,2026-10-17,51,quantile,0.3,39
2026-10-10,wk inc flu hosp,1,2026-10-17,51,quantile,0.35,41
2026-10-10,wk inc flu hosp,1,2026-10-17,51,quantile,0.4,44
2026-10-10,wk inc flu hosp,1,2026-10-17,51,quantile,0.45,46
2026-10-10,wk inc flu hosp,1,2026-10-17,51,quantile,0.5,48
2026-10-10,wk inc flu hosp,1,2026-10-17,51,quantile,0.55,50
2026-10-10,wk inc flu hosp,1,2026-10-17,51,quantile,0.6,53
2026-10-10,wk inc flu hosp,1,2026-10-17,51,quantile,0.65,55
2026-10-10,wk inc flu hosp,1,2026-10-17,51,quantile,0.7,58
2026-10-10,wk inc flu hosp,1,2026-10-17,51,quantile,0.75,62
2026-10-10,wk inc flu hosp,1,2026-10-17,51,quantile,0.8,65
2026-10-10,wk inc flu hosp,1,2026-10-17,51,quantile,0.85,71
2026-10-10,wk inc flu hosp,1,2026-10-17,51,quantile,0.9,78
2026-10-10,wk inc flu hosp,1,2026-10-17,51,quantile,0.95,91
2026-10-10,wk inc flu hosp,1,2026-10-17,51,quantile,0.975,104
2026-10-10,wk inc flu hosp,1,2026-10-17,51,quantile,0.99,121
2026-10-10,wk inc flu hosp,2,2026-10-24,51,quantile,0.01,18
2026-10-10,wk inc flu hosp,2,2026-10-24,51,quantile,0.025,21
2026-10-10,wk inc flu hosp,2,2026-10-24,51,quantile,0.05,24
2026-10-10,wk inc flu hosp,2,2026-10-24,51,quantile,0.1,28
2026-10-10,wk inc flu hosp,2,2026-10-24,51,quantile,0.15,32
2026-10-10,wk inc flu hosp,2,2026-10-24,51,quantile,0.2,35
2026-10-10,wk inc flu hosp,2,2026-10-24,51,quantile,0.25,38
2026-10-10,wk inc flu hosp,2,2026-10-24,51,quantile,0.3,42
2026-10-10,wk inc flu hosp,2,2026-10-24,51,quantile,0.35,45
2026-10-10,wk inc flu hosp,2,2026-10-24,51,quantile,0.4,48
2026-10-10,wk inc flu hosp,2,2026-10-24,51,quantile,0.45,51
2026-10-10,wk inc flu hosp,2,2026-10-24,51,quantile,0.5,54
2026-10-10,wk inc flu hosp,2,2026-10-24,51,quantile,0.55,57
2026-10-10,wk inc flu hosp,2,2026-10-24,51,quantile,0.6,60
2026-10-10,wk inc flu hosp,2,2026-10-24,51,quantile,0.65,64
2026-10-10,wk inc flu hosp,2,2026-10-24,51,quantile,0.7,68
2026-10-10,wk inc flu hosp,2,2026-10-24,51,quantile,0.75,73
2026-10-10,wk inc flu hosp,2,2026-10-24,51,quantile,0.8,78
2026-10-10,wk inc flu hosp,2,2026-10-24,51,quantile,0.85,85
2026-10-10,wk inc flu hosp,2,2026-10-24,51,quantile,0.9,95
2026-10-10,wk inc flu hosp,2,2026-10-24,51,quantile,0.95,113
2026-10-10,wk inc flu hosp,2,2026-10-24,51,quantile,0.975,132
2026-10-10,wk inc flu hosp,2,2026-10-24,51,quantile,0.99,160
2026-10-10,wk inc flu hosp,3,2026-10-31,51,quantile,0.01,16
2026-10-10,wk inc flu hosp,3,2026-10-31,51,quantile,0.025,19
2026-10-10,wk inc flu hosp,3,2026-10-31,51,quantile,0.05,23
2026-10-10,wk inc flu hosp,3,2026-10-31,51,quantile,0.1,27
2026-10-10,wk inc flu hosp,3,2026-10-31,51,quantile,0.15,31
2026-10-10,wk inc flu hosp,3,2026-10-31,51,quantile,0.2,36
2026-10-10,wk inc flu hosp,3,2026-10-31,51,quantile,0.25,40
2026-10-10,wk inc flu hosp,3,2026-10-31,51,quantile,0.3,45
2026-10-10,wk inc flu hosp,3,2026-10-31,51,quantile,0.35,48
2026-10-10,wk inc flu hosp,3,2026-10-31,51,quantile,0.4,52
2026-10-10,wk inc flu hosp,3,2026-10-31,51,quantile,0.45,56
2026-10-10,wk inc flu hosp,3,2026-10-31,51,quantile,0.5,60
2026-10-10,wk inc flu hosp,3,2026-10-31,51,quantile,0.55,65
2026-10-10,wk inc flu hosp,3,2026-10-31,51,quantile,0.6,70
2026-10-10,wk inc flu hosp,3,2026-10-31,51,quantile,0.65,76
2026-10-10,wk inc flu hosp,3,2026-10-31,51,quantile,0.7,82
2026-10-10,wk inc flu hosp,3,2026-10-31,51,quantile,0.75,89
2026-10-10,wk inc flu hosp,3,2026-10-31,51,quantile,0.8,97
2026-10-10,wk inc flu hosp,3,2026-10-31,51,quantile,0.85,107
2026-10-10,wk inc flu hosp,3,2026-10-31,51,quantile,0.9,121
2026-10-10,wk inc flu hosp,3,2026-10-31,51,quantile,0.95,147
2026-10-10,wk inc flu hosp,3,2026-10-31,51,quantile,0.975,174
2026-10-10,wk inc flu hosp,3,2026-10-31,51,quantile,0.99,216
2026-10-10,wk inc flu hosp,-1,2026-10-03,53,quantile,0.01,98
2026-10-10,wk inc flu hosp,-1,2026-10-03,53,quantile,0.025,103
2026-10-10,wk inc flu hosp,-1,2026-10-03,53,quantile,0.05,110
2026-10-10,wk inc flu hosp,-1,2026-10-03,53,quantile,0.1,117
2026-10-10,wk inc flu hosp,-1,2026-10-03,53,quantile,0.15,122
2026-10-10,wk inc flu hosp,-1,2026-10-03,53,quantile,0.2,126
2026-10-10,wk inc flu hosp,-1,2026-10-03,53,quantile,0.25,129
2026-10-10,wk inc flu hosp,-1,2026-10-03,53,quantile,0.3,132
2026-10-10,wk inc flu hosp,-1,2026-10-03,53,quantile,0.35,135
2026-10-10,wk inc flu hosp,-1,2026-10-03,53,quantile,0.4,138
2026-10-10,wk inc flu hosp,-1,2026-10-03,53,quantile,0.45,141
2026-10-10,wk inc flu hosp,-1,2026-10-03,53,quantile,0.5,144
2026-10-10,wk inc flu hosp,-1,2026-10-03,53,quantile,0.55,147
2026-10-10,wk inc flu hosp,-1,2026-10-03,53,quantile,0.6,151
2026-10-10,wk inc flu hosp,-1,2026-10-03,53,quantile,0.65,154
2026-10-10,wk inc flu hosp,-1,2026-10-03,53,quantile,0.7,157
2026-10-10,wk inc flu hosp,-1,2026-10-03,53,quantile,0.75,161
2026-10-10,wk inc flu hosp,-1,2026-10-03,53,quantile,0.8,166
2026-10-10,wk inc flu hosp,-1,2026-10-03,53,quantile,0.85,172
2026-10-10,wk inc flu hosp,-1,2026-10-03,53,quantile,0.9,179
2026-10-10,wk inc flu hosp,-1,2026-10-03,53,quantile,0.95,191
2026-10-10,wk inc flu hosp,-1,2026-10-03,53,quantile,0.975,201
2026-10-10,wk inc flu hosp,-1,2026-10-03,53,quantile,0.99,219
2026-10-10,wk inc flu hosp,0,2026-10-10,53,quantile,0.01,92
2026-10-10,wk inc flu hosp,0,2026-10-10,53,quantile,0.025,102
2026-10-10,wk inc flu hosp,0,2026-10-10,53,quantile,0.05,110
2026-10-10,wk inc flu hosp,0,2026-10-10,53,quantile,0.1,122
2026-10-10,wk inc flu hosp,0,2026-10-10,53,quantile,0.15,131
2026-10-10,wk inc flu hosp,0,2026-10-10,53,quantile,0.2,138
2026-10-10,wk inc flu hosp,0,2026-10-10,53,quantile,0.25,145
2026-10-10,wk inc flu hosp,0,2026-10-10,53,quantile,0.3,150
2026-10-10,wk inc flu hosp,0,2026-10-10,53,quantile,0.35,156
2026-10-10,wk inc flu hosp,0,2026-10-10,53,quantile,0.4,161
2026-10-10,wk inc flu hosp,0,2026-10-10,53,quantile,0.45,166
2026-10-10,wk inc flu hosp,0,2026-10-10,53,quantile,0.5,171
2026-10-10,wk inc flu hosp,0,2026-10-10,53,quantile,0.55,176
2026-10-10,wk inc flu hosp,0,2026-10-10,53,quantile,0.6,182
2026-10-10,wk inc flu hosp,0,2026-10-10,53,quantile,0.65,188
2026-10-10,wk inc flu hosp,0,2026-10-10,53,quantile,0.7,195
2026-10-10,wk inc flu hosp,0,2026-10-10,53,quantile,0.75,203
2026-10-10,wk inc flu hosp,0,2026-10-10,53,quantile,0.8,213
2026-10-10,wk inc flu hosp,0,2026-10-10,53,quantile,0.85,227
2026-10-10,wk inc flu hosp,0,2026-10-10,53,quantile,0.9,247
2026-10-10,wk inc flu hosp,0,2026-10-10,53,quantile,0.95,273
2026-10-10,wk inc flu hosp,0,2026-10-10,53,quantile,0.975,296
2026-10-10,wk inc flu hosp,0,2026-10-10,53,quantile,0.99,331
2026-10-10,wk inc flu hosp,1,2026-10-17,53,quantile,0.01,91
2026-10-10,wk inc flu hosp,1,2026-10-17,53,quantile,0.025,104
2026-10-10,wk inc flu hosp,1,2026-10-17,53,quantile,0.05,115
2026-10-10,wk inc flu hosp,1,2026-10-17,53,quantile,0.1,131
2026-10-10,wk inc flu hosp,1,2026-10-17,53,quantile,0.15,142
2026-10-10,wk inc flu hosp,1,2026-10-17,53,quantile,0.2,152
2026-10-10,wk inc flu hosp,1,2026-10-17,53,quantile,0.25,160
2026-10-10,wk inc flu hosp,1,2026-10-17,53,quantile,0.3,168
2026-10-10,wk inc flu hosp,1,2026-10-17,53,quantile,0.35,175
2026-10-10,wk inc flu hosp,1,2026-10-17,53,quantile,0.4,183
2026-10-10,wk inc flu hosp,1,2026-10-17,53,quantile,0.45,190
2026-10-10,wk inc flu hosp,1,2026-10-17,53,quantile,0.5,197
2026-10-10,wk inc flu hosp,1,2026-10-17,53,quantile,0.55,205
2026-10-10,wk inc flu hosp,1,2026-10-17,53,quantile,0.6,214
2026-10-10,wk inc flu hosp,1,2026-10-17,53,quantile,0.65,224
2026-10-10,wk inc flu hosp,1,2026-10-17,53,quantile,0.7,236
2026-10-10,wk inc flu hosp,1,2026-10-17,53,quantile,0.75,250
2026-10-10,wk inc flu hosp,1,2026-10-17,53,quantile,0.8,268
2026-10-10,wk inc flu hosp,1,2026-10-17,53,quantile,0.85,289
2026-10-10,wk inc flu hosp,1,2026-10-17,53,quantile,0.9,316
2026-10-10,wk inc flu hosp,1,2026-10-17,53,quantile,0.95,359
2026-10-10,wk inc flu hosp,1,2026-10-17,53,quantile,0.975,397
2026-10-10,wk inc flu hosp,1,2026-10-17,53,quantile,0.99,456
2026-10-10,wk inc flu hosp,2,2026-10-24,53,quantile,0.01,81
2026-10-10,wk inc flu hosp,2,2026-10-24,53,quantile,0.025,96
2026-10-10,wk inc flu hosp,2,2026-10-24,53,quantile,0.05,112
2026-10-10,wk inc flu hosp,2,2026-10-24,53,quantile,0.1,132
2026-10-10,wk inc flu hosp,2,2026-10-24,53,quantile,0.15,147
2026-10-10,wk inc flu hosp,2,2026-10-24,53,quantile,0.2,160
2026-10-10,wk inc flu hosp,2,2026-10-24,53,quantile,0.25,172
2026-10-10,wk inc flu hosp,2,2026-10-24,53,quantile,0.3,182
2026-10-10,wk inc flu hosp,2,2026-10-24,53,quantile,0.35,193
2026-10-10,wk inc flu hosp,2,2026-10-24,53,quantile,0.4,203
2026-10-10,wk inc flu hosp,2,2026-10-24,53,quantile,0.45,213
2026-10-10,wk inc flu hosp,2,2026-10-24,53,quantile,0.5,224
2026-10-10,wk inc flu hosp,2,2026-10-24,53,quantile,0.55,235
2026-10-10,wk inc flu hosp,2,2026-10-24,53,quantile,0.6,248
2026-10-10,wk inc flu hosp,2,2026-10-24,53,quantile,0.65,263
2026-10-10,wk inc flu hosp,2,2026-10-24,53,quantile,0.7,281
2026-10-10,wk inc flu hosp,2,2026-10-24,53,quantile,0.75,300
2026-10-10,wk inc flu hosp,2,2026-10-24,53,quantile,0.8,324
2026-10-10,wk inc flu hosp,2,2026-10-24,53,quantile,0.85,355
2026-10-10,wk inc flu hosp,2,2026-10-24,53,quantile,0.9,396
2026-10-10,wk inc flu hosp,2,2026-10-24,53,quantile,0.95,458
2026-10-10,wk inc flu hosp,2,2026-10-24,53,quantile,0.975,520
2026-10-10,wk inc flu hosp,2,2026-10-24,53,quantile,0.99,612
2026-10-10,wk inc flu hosp,3,2026-10-31,53,quantile,0.01,64
2026-10-10,wk inc flu hosp,3,2026-10-31,53,quantile,0.025,82
2026-10-10,wk inc flu hosp,3,2026-10-31,53,quantile,0.05,105
2026-10-10,wk inc flu hosp,3,2026-10-31,53,quantile,0.1,129
2026-10-10,wk inc flu hosp,3,2026-10-31,53,quantile,0.15,147
2026-10-10,wk inc flu hosp,3,2026-10-31,53,quantile,0.2,162
2026-10-10,wk inc flu hosp,3,2026-10-31,53,quantile,0.25,176
2026-10-10,wk inc flu hosp,3,2026-10-31,53,quantile,0.3,189
2026-10-10,wk inc flu hosp,3,2026-10-31,53,quantile,0.35,201
2026-10-10,wk inc flu hosp,3,2026-10-31,53,quantile,0.4,214
2026-10-10,wk inc flu hosp,3,2026-10-31,53,quantile,0.45,227
2026-10-10,wk inc flu hosp,3,2026-10-31,53,quantile,0.5,240
2026-10-10,wk inc flu hosp,3,2026-10-31,53,quantile,0.55,255
2026-10-10,wk inc flu hosp,3,2026-10-31,53,quantile,0.6,272
2026-10-10,wk inc flu hosp,3,2026-10-31,53,quantile,0.65,292
2026-10-10,wk inc flu hosp,3,2026-10-31,53,quantile,0.7,316
2026-10-10,wk inc flu hosp,3,2026-10-31,53,quantile,0.75,344
2026-10-10,wk inc flu hosp,3,2026-10-31,53,quantile,0.8,378
2026-10-10,wk inc flu hosp,3,2026-10-31,53,quantile,0.85,419
2026-10-10,wk inc flu hosp,3,2026-10-31,53,quantile,0.9,472
2026-10-10,wk inc flu hosp,3,2026-10-31,53,quantile,0.95,554
2026-10-10,wk inc flu hosp,3,2026-10-31,53,quantile,0.975,640
2026-10-10,wk inc flu hosp,3,2026-10-31,53,quantile,0.99,761
2026-10-10,wk inc flu hosp,-1,2026-10-03,54,quantile,0.01,4
2026-10-10,wk inc flu hosp,-1,2026-10-03,54,quantile,0.025,4
2026-10-10,wk inc flu hosp,-1,2026-10-03,54,quantile,0.05,4
2026-10-10,wk inc flu hosp,-1,2026-10-03,54,quantile,0.1,5
2026-10-10,wk inc flu hosp,-1,2026-10-03,54,quantile,0.15,5
2026-10-10,wk inc flu hosp,-1,2026-10-03,54,quantile,0.2,5
2026-10-10,wk inc flu hosp,-1,2026-10-03,54,quantile,0.25,5
2026-10-10,wk inc flu hosp,-1,2026-10-03,54,quantile,0.3,6
2026-10-10,wk inc flu hosp,-1,2026-10-03,54,quantile,0.35,6
2026-10-10,wk inc flu hosp,-1,2026-10-03,54,quantile,0.4,6
2026-10-10,wk inc flu hosp,-1,2026-10-03,54,quantile,0.45,6
2026-10-10,wk inc flu hosp,-1,2026-10-03,54,quantile,0.5,6
2026-10-10,wk inc flu hosp,-1,2026-10-03,54,quantile,0.55,6
2026-10-10,wk inc flu hosp,-1,2026-10-03,54,quantile,0.6,7
2026-10-10,wk inc flu hosp,-1,2026-10-03,54,quantile,0.65,7
2026-10-10,wk inc flu hosp,-1,2026-10-03,54,quantile,0.7,7
2026-10-10,wk inc flu hosp,-1,2026-10-03,54,quantile,0.75,7
2026-10-10,wk inc flu hosp,-1,2026-10-03,54,quantile,0.8,7
2026-10-10,wk inc flu hosp,-1,2026-10-03,54,quantile,0.85,8
2026-10-10,wk inc flu hosp,-1,2026-10-03,54,quantile,0.9,8
2026-10-10,wk inc flu hosp,-1,2026-10-03,54,quantile,0.95,9
2026-10-10,wk inc flu hosp,-1,2026-10-03,54,quantile,0.975,9
2026-10-10,wk inc flu hosp,-1,2026-10-03,54,quantile,0.99,10
2026-10-10,wk inc flu hosp,0,2026-10-10,54,quantile,0.01,3
2026-10-10,wk inc flu hosp,0,2026-10-10,54,quantile,0.025,3
2026-10-10,wk inc flu hosp,0,2026-10-10,54,quantile,0.05,4
2026-10-10,wk inc flu hosp,0,2026-10-10,54,quantile,0.1,4
2026-10-10,wk inc flu hosp,0,2026-10-10,54,quantile,0.15,5
2026-10-10,wk inc flu hosp,0,2026-10-10,54,quantile,0.2,6
2026-10-10,wk inc flu hosp,0,2026-10-10,54,quantile,0.25,6
2026-10-10,wk inc flu hosp,0,2026-10-10,54,quantile,0.3,6
2026-10-10,wk inc flu hosp,0,2026-10-10,54,quantile,0.35,7
2026-10-10,wk inc flu hosp,0,2026-10-10,54,quantile,0.4,7
2026-10-10,wk inc flu hosp,0,2026-10-10,54,quantile,0.45,7
2026-10-10,wk inc flu hosp,0,2026-10-10,54,quantile,0.5,7
2026-10-10,wk inc flu hosp,0,2026-10-10,54,quantile,0.55,8
2026-10-10,wk inc flu hosp,0,2026-10-10,54,quantile,0.6,8
2026-10-10,wk inc flu hosp,0,2026-10-10,54,quantile,0.65,8
2026-10-10,wk inc flu hosp,0,2026-10-10,54,quantile,0.7,9
2026-10-10,wk inc flu hosp,0,2026-10-10,54,quantile,0.75,9
2026-10-10,wk inc flu hosp,0,2026-10-10,54,quantile,0.8,10
2026-10-10,wk inc flu hosp,0,2026-10-10,54,quantile,0.85,10
2026-10-10,wk inc flu hosp,0,2026-10-10,54,quantile,0.9,12
2026-10-10,wk inc flu hosp,0,2026-10-10,54,quantile,0.95,13
2026-10-10,wk inc flu hosp,0,2026-10-10,54,quantile,0.975,15
2026-10-10,wk inc flu hosp,0,2026-10-10,54,quantile,0.99,17
2026-10-10,wk inc flu hosp,1,2026-10-17,54,quantile,0.01,3
2026-10-10,wk inc flu hosp,1,2026-10-17,54,quantile,0.025,4
2026-10-10,wk inc flu hosp,1,2026-10-17,54,quantile,0.05,4
2026-10-10,wk inc flu hosp,1,2026-10-17,54,quantile,0.1,5
2026-10-10,wk inc flu hosp,1,2026-10-17,54,quantile,0.15,6
2026-10-10,wk inc flu hosp,1,2026-10-17,54,quantile,0.2,6
2026-10-10,wk inc flu hosp,1,2026-10-17,54,quantile,0.25,7
2026-10-10,wk inc flu hosp,1,2026-10-17,54,quantile,0.3,7
2026-10-10,wk inc flu hosp,1,2026-10-17,54,quantile,0.35,8
2026-10-10,wk inc flu hosp,1,2026-10-17,54,quantile,0.4,8
2026-10-10,wk inc flu hosp,1,2026-10-17,54,quantile,0.45,8
2026-10-10,wk inc flu hosp,1,2026-10-17,54,quantile,0.5,9
2026-10-10,wk inc flu hosp,1,2026-10-17,54,quantile,0.55,9
2026-10-10,wk inc flu hosp,1,2026-10-17,54,quantile,0.6,9
2026-10-10,wk inc flu hosp,1,2026-10-17,54,quantile,0.65,10
2026-10-10,wk inc flu hosp,1,2026-10-17,54,quantile,0.7,10
2026-10-10,wk inc flu hosp,1,2026-10-17,54,quantile,0.75,11
2026-10-10,wk inc flu hosp,1,2026-10-17,54,quantile,0.8,12
2026-10-10,wk inc flu hosp,1,2026-10-17,54,quantile,0.85,14
2026-10-10,wk inc flu hosp,1,2026-10-17,54,quantile,0.9,16
2026-10-10,wk inc flu hosp,1,2026-10-17,54,quantile,0.95,18
2026-10-10,wk inc flu hosp,1,2026-10-17,54,quantile,0.975,21
2026-10-10,wk inc flu hosp,1,2026-10-17,54,quantile,0.99,25
2026-10-10,wk inc flu hosp,2,2026-10-24,54,quantile,0.01,4
2026-10-10,wk inc flu hosp,2,2026-10-24,54,quantile,0.025,4
2026-10-10,wk inc flu hosp,2,2026-10-24,54,quantile,0.05,5
2026-10-10,wk inc flu hosp,2,2026-10-24,54,quantile,0.1,6
2026-10-10,wk inc flu hosp,2,2026-10-24,54,quantile,0.15,7
2026-10-10,wk inc flu hosp,2,2026-10-24,54,quantile,0.2,8
2026-10-10,wk inc flu hosp,2,2026-10-24,54,quantile,0.25,8
2026-10-10,wk inc flu hosp,2,2026-10-24,54,quantile,0.3,9
2026-10-10,wk inc flu hosp,2,2026-10-24,54,quantile,0.35,10
2026-10-10,wk inc flu hosp,2,2026-10-24,54,quantile,0.4,10
2026-10-10,wk inc flu hosp,2,2026-10-24,54,quantile,0.45,11
2026-10-10,wk inc flu hosp,2,2026-10-24,54,quantile,0.5,11
2026-10-10,wk inc flu hosp,2,2026-10-24,54,quantile,0.55,12
2026-10-10,wk inc flu hosp,2,2026-10-24,54,quantile,0.6,12
2026-10-10,wk inc flu hosp,2,2026-10-24,54,quantile,0.65,13
2026-10-10,wk inc flu hosp,2,2026-10-24,54,quantile,0.7,14
2026-10-10,wk inc flu hosp,2,2026-10-24,54,quantile,0.75,15
2026-10-10,wk inc flu hosp,2,2026-10-24,54,quantile,0.8,17
2026-10-10,wk inc flu hosp,2,2026-10-24,54,quantile,0.85,19
2026-10-10,wk inc flu hosp,2,2026-10-24,54,quantile,0.9,22
2026-10-10,wk inc flu hosp,2,2026-10-24,54,quantile,0.95,27
2026-10-10,wk inc flu hosp,2,2026-10-24,54,quantile,0.975,32
2026-10-10,wk inc flu hosp,2,2026-10-24,54,quantile,0.99,39
2026-10-10,wk inc flu hosp,3,2026-10-31,54,quantile,0.01,4
2026-10-10,wk inc flu hosp,3,2026-10-31,54,quantile,0.025,5
2026-10-10,wk inc flu hosp,3,2026-10-31,54,quantile,0.05,5
2026-10-10,wk inc flu hosp,3,2026-10-31,54,quantile,0.1,7
2026-10-10,wk inc flu hosp,3,2026-10-31,54,quantile,0.15,8
2026-10-10,wk inc flu hosp,3,2026-10-31,54,quantile,0.2,9
2026-10-10,wk inc flu hosp,3,2026-10-31,54,quantile,0.25,9
2026-10-10,wk inc flu hosp,3,2026-10-31,54,quantile,0.3,10
2026-10-10,wk inc flu hosp,3,2026-10-31,54,quantile,0.35,11
2026-10-10,wk inc flu hosp,3,2026-10-31,54,quantile,0.4,12
2026-10-10,wk inc flu hosp,3,2026-10-31,54,quantile,0.45,13
2026-10-10,wk inc flu hosp,3,2026-10-31,54,quantile,0.5,14
2026-10-10,wk inc flu hosp,3,2026-10-31,54,quantile,0.55,14
2026-10-10,wk inc flu hosp,3,2026-10-31,54,quantile,0.6,15
2026-10-10,wk inc flu hosp,3,2026-10-31,54,quantile,0.65,17
2026-10-10,wk inc flu hosp,3,2026-10-31,54,quantile,0.7,18
2026-10-10,wk inc flu hosp,3,2026-10-31,54,quantile,0.75,20
2026-10-10,wk inc flu hosp,3,2026-10-31,54,quantile,0.8,22
2026-10-10,wk inc flu hosp,3,2026-10-31,54,quantile,0.85,26
2026-10-10,wk inc flu hosp,3,2026-10-31,54,quantile,0.9,31
2026-10-10,wk inc flu hosp,3,2026-10-31,54,quantile,0.95,40
2026-10-10,wk inc flu hosp,3,2026-10-31,54,quantile,0.975,49
2026-10-10,wk inc flu hosp,3,2026-10-31,54,quantile,0.99,62
2026-10-10,wk inc flu hosp,-1,2026-10-03,55,quantile,0.01,24
2026-10-10,wk inc flu hosp,-1,2026-10-03,55,quantile,0.025,25
2026-10-10,wk inc flu hosp,-1,2026-10-03,55,quantile,0.05,27
2026-10-10,wk inc flu hosp,-1,2026-10-03,55,quantile,0.1,29
2026-10-10,wk inc flu hosp,-1,2026-10-03,55,quantile,0.15,30
2026-10-10,wk inc flu hosp,-1,2026-10-03,55,quantile,0.2,31
2026-10-10,wk inc flu hosp,-1,2026-10-03,55,quantile,0.25,32
2026-10-10,wk inc flu hosp,-1,2026-10-03,55,quantile,0.3,33
2026-10-10,wk inc flu hosp,-1,2026-10-03,55,quantile,0.35,34
2026-10-10,wk inc flu hosp,-1,2026-10-03,55,quantile,0.4,35
2026-10-10,wk inc flu hosp,-1,2026-10-03,55,quantile,0.45,35
2026-10-10,wk inc flu hosp,-1,2026-10-03,55,quantile,0.5,36
2026-10-10,wk inc flu hosp,-1,2026-10-03,55,quantile,0.55,37
2026-10-10,wk inc flu hosp,-1,2026-10-03,55,quantile,0.6,38
2026-10-10,wk inc flu hosp,-1,2026-10-03,55,quantile,0.65,39
2026-10-10,wk inc flu hosp,-1,2026-10-03,55,quantile,0.7,40
2026-10-10,wk inc flu hosp,-1,2026-10-03,55,quantile,0.75,41
2026-10-10,wk inc flu hosp,-1,2026-10-03,55,quantile,0.8,42
2026-10-10,wk inc flu hosp,-1,2026-10-03,55,quantile,0.85,43
2026-10-10,wk inc flu hosp,-1,2026-10-03,55,quantile,0.9,45
2026-10-10,wk inc flu hosp,-1,2026-10-03,55,quantile,0.95,49
2026-10-10,wk inc flu hosp,-1,2026-10-03,55,quantile,0.975,52
2026-10-10,wk inc flu hosp,-1,2026-10-03,55,quantile,0.99,55
2026-10-10,wk inc flu hosp,0,2026-10-10,55,quantile,0.01,19
2026-10-10,wk inc flu hosp,0,2026-10-10,55,quantile,0.025,21
2026-10-10,wk inc flu hosp,0,2026-10-10,55,quantile,0.05,23
2026-10-10,wk inc flu hosp,0,2026-10-10,55,quantile,0.1,26
2026-10-10,wk inc flu hosp,0,2026-10-10,55,quantile,0.15,28
2026-10-10,wk inc flu hosp,0,2026-10-10,55,quantile,0.2,30
2026-10-10,wk inc flu hosp,0,2026-10-10,55,quantile,0.25,32
2026-10-10,wk inc flu hosp,0,2026-10-10,55,quantile,0.3,33
2026-10-10,wk inc flu hosp,0,2026-10-10,55,quantile,0.35,35
2026-10-10,wk inc flu hosp,0,2026-10-10,55,quantile,0.4,36
2026-10-10,wk inc flu hosp,0,2026-10-10,55,quantile,0.45,37
2026-10-10,wk inc flu hosp,0,2026-10-10,55,quantile,0.5,38
2026-10-10,wk inc flu hosp,0,2026-10-10,55,quantile,0.55,40
2026-10-10,wk inc flu hosp,0,2026-10-10,55,quantile,0.6,41
2026-10-10,wk inc flu hosp,0,2026-10-10,55,quantile,0.65,43
2026-10-10,wk inc flu hosp,0,2026-10-10,55,quantile,0.7,44
2026-10-10,wk inc flu hosp,0,2026-10-10,55,quantile,0.75,46
2026-10-10,wk inc flu hosp,0,2026-10-10,55,quantile,0.8,49
2026-10-10,wk inc flu hosp,0,2026-10-10,55,quantile,0.85,52
2026-10-10,wk inc flu hosp,0,2026-10-10,55,quantile,0.9,57
2026-10-10,wk inc flu hosp,0,2026-10-10,55,quantile,0.95,63
2026-10-10,wk inc flu hosp,0,2026-10-10,55,quantile,0.975,70
2026-10-10,wk inc flu hosp,0,2026-10-10,55,quantile,0.99,79
2026-10-10,wk inc flu hosp,1,2026-10-17,55,quantile,0.01,18
2026-10-10,wk inc flu hosp,1,2026-10-17,55,quantile,0.025,20
2026-10-10,wk inc flu hosp,1,2026-10-17,55,quantile,0.05,22
2026-10-10,wk inc flu hosp,1,2026-10-17,55,quantile,0.1,26
2026-10-10,wk inc flu hosp,1,2026-10-17,55,quantile,0.15,28
2026-10-10,wk inc flu hosp,1,2026-10-17,55,quantile,0.2,30
2026-10-10,wk inc flu hosp,1,2026-10-17,55,quantile,0.25,32
2026-10-10,wk inc flu hosp,1,2026-10-17,55,quantile,0.3,34
2026-10-10,wk inc flu hosp,1,2026-10-17,55,quantile,0.35,36
2026-10-10,wk inc flu hosp,1,2026-10-17,55,quantile,0.4,38
2026-10-10,wk inc flu hosp,1,2026-10-17,55,quantile,0.45,39
2026-10-10,wk inc flu hosp,1,2026-10-17,55,quantile,0.5,41
2026-10-10,wk inc flu hosp,1,2026-10-17,55,quantile,0.55,42
2026-10-10,wk inc flu hosp,1,2026-10-17,55,quantile,0.6,44
2026-10-10,wk inc flu hosp,1,2026-10-17,55,quantile,0.65,46
2026-10-10,wk inc flu hosp,1,2026-10-17,55,quantile,0.7,48
2026-10-10,wk inc flu hosp,1,2026-10-17,55,quantile,0.75,51
2026-10-10,wk inc flu hosp,1,2026-10-17,55,quantile,0.8,55
2026-10-10,wk inc flu hosp,1,2026-10-17,55,quantile,0.85,60
2026-10-10,wk inc flu hosp,1,2026-10-17,55,quantile,0.9,66
2026-10-10,wk inc flu hosp,1,2026-10-17,55,quantile,0.95,76
2026-10-10,wk inc flu hosp,1,2026-10-17,55,quantile,0.975,86
2026-10-10,wk inc flu hosp,1,2026-10-17,55,quantile,0.99,98
2026-10-10,wk inc flu hosp,2,2026-10-24,55,quantile,0.01,16
2026-10-10,wk inc flu hosp,2,2026-10-24,55,quantile,0.025,19
2026-10-10,wk inc flu hosp,2,2026-10-24,55,quantile,0.05,22
2026-10-10,wk inc flu hosp,2,2026-10-24,55,quantile,0.1,26
2026-10-10,wk inc flu hosp,2,2026-10-24,55,quantile,0.15,29
2026-10-10,wk inc flu hosp,2,2026-10-24,55,quantile,0.2,31
2026-10-10,wk inc flu hosp,2,2026-10-24,55,quantile,0.25,34
2026-10-10,wk inc flu hosp,2,2026-10-24,55,quantile,0.3,36
2026-10-10,wk inc flu hosp,2,2026-10-24,55,quantile,0.35,38
2026-10-10,wk inc flu hosp,2,2026-10-24,55,quantile,0.4,40
2026-10-10,wk inc flu hosp,2,2026-10-24,55,quantile,0.45,42
2026-10-10,wk inc flu hosp,2,2026-10-24,55,quantile,0.5,44
2026-10-10,wk inc flu hosp,2,2026-10-24,55,quantile,0.55,46
2026-10-10,wk inc flu hosp,2,2026-10-24,55,quantile,0.6,49
2026-10-10,wk inc flu hosp,2,2026-10-24,55,quantile,0.65,52
2026-10-10,wk inc flu hosp,2,2026-10-24,55,quantile,0.7,55
2026-10-10,wk inc flu hosp,2,2026-10-24,55,quantile,0.75,58
2026-10-10,wk inc flu hosp,2,2026-10-24,55,quantile,0.8,63
2026-10-10,wk inc flu hosp,2,2026-10-24,55,quantile,0.85,70
2026-10-10,wk inc flu hosp,2,2026-10-24,55,quantile,0.9,80
2026-10-10,wk inc flu hosp,2,2026-10-24,55,quantile,0.95,93
2026-10-10,wk inc flu hosp,2,2026-10-24,55,quantile,0.975,107
2026-10-10,wk inc flu hosp,2,2026-10-24,55,quantile,0.99,126
2026-10-10,wk inc flu hosp,3,2026-10-31,55,quantile,0.01,13
2026-10-10,wk inc flu hosp,3,2026-10-31,55,quantile,0.025,17
2026-10-10,wk inc flu hosp,3,2026-10-31,55,quantile,0.05,20
2026-10-10,wk inc flu hosp,3,2026-10-31,55,quantile,0.1,24
2026-10-10,wk inc flu hosp,3,2026-10-31,55,quantile,0.15,28
2026-10-10,wk inc flu hosp,3,2026-10-31,55,quantile,0.2,31
2026-10-10,wk inc flu hosp,3,2026-10-31,55,quantile,0.25,35
2026-10-10,wk inc flu hosp,3,2026-10-31,55,quantile,0.3,38
2026-10-10,wk inc flu hosp,3,2026-10-31,55,quantile,0.35,40
2026-10-10,wk inc flu hosp,3,2026-10-31,55,quantile,0.4,43
2026-10-10,wk inc flu hosp,3,2026-10-31,55,quantile,0.45,46
2026-10-10,wk inc flu hosp,3,2026-10-31,55,quantile,0.5,49
2026-10-10,wk inc flu hosp,3,2026-10-31,55,quantile,0.55,52
2026-10-10,wk inc flu hosp,3,2026-10-31,55,quantile,0.6,55
2026-10-10,wk inc flu hosp,3,2026-10-31,55,quantile,0.65,59
2026-10-10,wk inc flu hosp,3,2026-10-31,55,quantile,0.7,63
2026-10-10,wk inc flu hosp,3,2026-10-31,55,quantile,0.75,68
2026-10-10,wk inc flu hosp,3,2026-10-31,55,quantile,0.8,75
2026-10-10,wk inc flu hosp,3,2026-10-31,55,quantile,0.85,85
2026-10-10,wk inc flu hosp,3,2026-10-31,55,quantile,0.9,99
2026-10-10,wk inc flu hosp,3,2026-10-31,55,quantile,0.95,121
2026-10-10,wk inc flu hosp,3,2026-10-31,55,quantile,0.975,143
2026-10-10,wk inc flu hosp,3,2026-10-31,55,quantile,0.99,174
2026-10-10,wk inc flu hosp,-1,2026-10-03,56,quantile,0.01,2
2026-10-10,wk inc flu hosp,-1,2026-10-03,56,quantile,0.025,2
2026-10-10,wk inc flu hosp,-1,2026-10-03,56,quantile,0.05,2
2026-10-10,wk inc flu hosp,-1,2026-10-03,56,quantile,0.1,3
2026-10-10,wk inc flu hosp,-1,2026-10-03,56,quantile,0.15,3
2026-10-10,wk inc flu hosp,-1,2026-10-03,56,quantile,0.2,3
2026-10-10,wk inc flu hosp,-1,2026-10-03,56,quantile,0.25,3
2026-10-10,wk inc flu hosp,-1,2026-10-03,56,quantile,0.3,3
2026-10-10,wk inc flu hosp,-1,2026-10-03,56,quantile,0.35,3
2026-10-10,wk inc flu hosp,-1,2026-10-03,56,quantile,0.4,3
2026-10-10,wk inc flu hosp,-1,2026-10-03,56,quantile,0.45,4
2026-10-10,wk inc flu hosp,-1,2026-10-03,56,quantile,0.5,4
2026-10-10,wk inc flu hosp,-1,2026-10-03,56,quantile,0.55,4
2026-10-10,wk inc flu hosp,-1,2026-10-03,56,quantile,0.6,4
2026-10-10,wk inc flu hosp,-1,2026-10-03,56,quantile,0.65,4
2026-10-10,wk inc flu hosp,-1,2026-10-03,56,quantile,0.7,4
2026-10-10,wk inc flu hosp,-1,2026-10-03,56,quantile,0.75,4
2026-10-10,wk inc flu hosp,-1,2026-10-03,56,quantile,0.8,5
2026-10-10,wk inc flu hosp,-1,2026-10-03,56,quantile,0.85,5
2026-10-10,wk inc flu hosp,-1,2026-10-03,56,quantile,0.9,5
2026-10-10,wk inc flu hosp,-1,2026-10-03,56,quantile,0.95,6
2026-10-10,wk inc flu hosp,-1,2026-10-03,56,quantile,0.975,6
2026-10-10,wk inc flu hosp,-1,2026-10-03,56,quantile,0.99,7
2026-10-10,wk inc flu hosp,0,2026-10-10,56,quantile,0.01,1
2026-10-10,wk inc flu hosp,0,2026-10-10,56,quantile,0.025,1
2026-10-10,wk inc flu hosp,0,2026-10-10,56,quantile,0.05,2
2026-10-10,wk inc flu hosp,0,2026-10-10,56,quantile,0.1,2
2026-10-10,wk inc flu hosp,0,2026-10-10,56,quantile,0.15,2
2026-10-10,wk inc flu hosp,0,2026-10-10,56,quantile,0.2,2
2026-10-10,wk inc flu hosp,0,2026-10-10,56,quantile,0.25,3
2026-10-10,wk inc flu hosp,0,2026-10-10,56,quantile,0.3,3
2026-10-10,wk inc flu hosp,0,2026-10-10,56,quantile,0.35,3
2026-10-10,wk inc flu hosp,0,2026-10-10,56,quantile,0.4,3
2026-10-10,wk inc flu hosp,0,2026-10-10,56,quantile,0.45,3
2026-10-10,wk inc flu hosp,0,2026-10-10,56,quantile,0.5,4
2026-10-10,wk inc flu hosp,0,2026-10-10,56,quantile,0.55,4
2026-10-10,wk inc flu hosp,0,2026-10-10,56,quantile,0.6,4
2026-10-10,wk inc flu hosp,0,2026-10-10,56,quantile,0.65,4
2026-10-10,wk inc flu hosp,0,2026-10-10,56,quantile,0.7,5
2026-10-10,wk inc flu hosp,0,2026-10-10,56,quantile,0.75,5
2026-10-10,wk inc flu hosp,0,2026-10-10,56,quantile,0.8,5
2026-10-10,wk inc flu hosp,0,2026-10-10,56,quantile,0.85,6
2026-10-10,wk inc flu hosp,0,2026-10-10,56,quantile,0.9,7
2026-10-10,wk inc flu hosp,0,2026-10-10,56,quantile,0.95,8
2026-10-10,wk inc flu hosp,0,2026-10-10,56,quantile,0.975,9
2026-10-10,wk inc flu hosp,0,2026-10-10,56,quantile,0.99,11
2026-10-10,wk inc flu hosp,1,2026-10-17,56,quantile,0.01,1
2026-10-10,wk inc flu hosp,1,2026-10-17,56,quantile,0.025,1
2026-10-10,wk inc flu hosp,1,2026-10-17,56,quantile,0.05,1
2026-10-10,wk inc flu hosp,1,2026-10-17,56,quantile,0.1,2
2026-10-10,wk inc flu hosp,1,2026-10-17,56,quantile,0.15,2
2026-10-10,wk inc flu hosp,1,2026-10-17,56,quantile,0.2,2
2026-10-10,wk inc flu hosp,1,2026-10-17,56,quantile,0.25,3
2026-10-10,wk inc flu hosp,1,2026-10-17,56,quantile,0.3,3
2026-10-10,wk inc flu hosp,1,2026-10-17,56,quantile,0.35,3
2026-10-10,wk inc flu hosp,1,2026-10-17,56,quantile,0.4,3
2026-10-10,wk inc flu hosp,1,2026-10-17,56,quantile,0.45,4
2026-10-10,wk inc flu hosp,1,2026-10-17,56,quantile,0.5,4
2026-10-10,wk inc flu hosp,1,2026-10-17,56,quantile,0.55,4
2026-10-10,wk inc flu hosp,1,2026-10-17,56,quantile,0.6,4
2026-10-10,wk inc flu hosp,1,2026-10-17,56,quantile,0.65,5
2026-10-10,wk inc flu hosp,1,2026-10-17,56,quantile,0.7,5
2026-10-10,wk inc flu hosp,1,2026-10-17,56,quantile,0.75,6
2026-10-10,wk inc flu hosp,1,2026-10-17,56,quantile,0.8,6
2026-10-10,wk inc flu hosp,1,2026-10-17,56,quantile,0.85,7
2026-10-10,wk inc flu hosp,1,2026-10-17,56,quantile,0.9,8
2026-10-10,wk inc flu hosp,1,2026-10-17,56,quantile,0.95,10
2026-10-10,wk inc flu hosp,1,2026-10-17,56,quantile,0.975,12
2026-10-10,wk inc flu hosp,1,2026-10-17,56,quantile,0.99,15
2026-10-10,wk inc flu hosp,2,2026-10-24,56,quantile,0.01,1
2026-10-10,wk inc flu hosp,2,2026-10-24,56,quantile,0.025,1
2026-10-10,wk inc flu hosp,2,2026-10-24,56,quantile,0.05,1
2026-10-10,wk inc flu hosp,2,2026-10-24,56,quantile,0.1,2
2026-10-10,wk inc flu hosp,2,2026-10-24,56,quantile,0.15,2
2026-10-10,wk inc flu hosp,2,2026-10-24,56,quantile,0.2,3
2026-10-10,wk inc flu hosp,2,2026-10-24,56,quantile,0.25,3
2026-10-10,wk inc flu hosp,2,2026-10-24,56,quantile,0.3,3
2026-10-10,wk inc flu hosp,2,2026-10-24,56,quantile,0.35,4
2026-10-10,wk inc flu hosp,2,2026-10-24,56,quantile,0.4,4
2026-10-10,wk inc flu hosp,2,2026-10-24,56,quantile,0.45,4
2026-10-10,wk inc flu hosp,2,2026-10-24,56,quantile,0.5,5
2026-10-10,wk inc flu hosp,2,2026-10-24,56,quantile,0.55,5
2026-10-10,wk inc flu hosp,2,2026-10-24,56,quantile,0.6,5
2026-10-10,wk inc flu hosp,2,2026-10-24,56,quantile,0.65,6
2026-10-10,wk inc flu hosp,2,2026-10-24,56,quantile,0.7,6
2026-10-10,wk inc flu hosp,2,2026-10-24,56,quantile,0.75,7
2026-10-10,wk inc flu hosp,2,2026-10-24,56,quantile,0.8,7
2026-10-10,wk inc flu hosp,2,2026-10-24,56,quantile,0.85,8
2026-10-10,wk inc flu hosp,2,2026-10-24,56,quantile,0.9,10
2026-10-10,wk inc flu hosp,2,2026-10-24,56,quantile,0.95,13
2026-10-10,wk inc flu hosp,2,2026-10-24,56,quantile,0.975,16
2026-10-10,wk inc flu hosp,2,2026-10-24,56,quantile,0.99,20
2026-10-10,wk inc flu hosp,3,2026-10-31,56,quantile,0.01,1
2026-10-10,wk inc flu hosp,3,2026-10-31,56,quantile,0.025,1
2026-10-10,wk inc flu hosp,3,2026-10-31,56,quantile,0.05,1
2026-10-10,wk inc flu hosp,3,2026-10-31,56,quantile,0.1,2
2026-10-10,wk inc flu hosp,3,2026-10-31,56,quantile,0.15,2
2026-10-10,wk inc flu hosp,3,2026-10-31,56,quantile,0.2,3
2026-10-10,wk inc flu hosp,3,2026-10-31,56,quantile,0.25,3
2026-10-10,wk inc flu hosp,3,2026-10-31,56,quantile,0.3,3
2026-10-10,wk inc flu hosp,3,2026-10-31,56,quantile,0.35,4
2026-10-10,wk inc flu hosp,3,2026-10-31,56,quantile,0.4,4
2026-10-10,wk inc flu hosp,3,2026-10-31,56,quantile,0.45,4
2026-10-10,wk inc flu hosp,3,2026-10-31,56,quantile,0.5,5
2026-10-10,wk inc flu hosp,3,2026-10-31,56,quantile,0.55,5
2026-10-10,wk inc flu hosp,3,2026-10-31,56,quantile,0.6,6
2026-10-10,wk inc flu hosp,3,2026-10-31,56,quantile,0.65,6
2026-10-10,wk inc flu hosp,3,2026-10-31,56,quantile,0.7,7
2026-10-10,wk inc flu hosp,3,2026-10-31,56,quantile,0.75,7
2026-10-10,wk inc flu hosp,3,2026-10-31,56,quantile,0.8,8
2026-10-10,wk inc flu hosp,3,2026-10-31,56,quantile,0.85,10
2026-10-10,wk inc flu hosp,3,2026-10-31,56,quantile,0.9,12
2026-10-10,wk inc flu hosp,3,2026-10-31,56,quantile,0.95,16
2026-10-10,wk inc flu hosp,3,2026-10-31,56,quantile,0.975,21
2026-10-10,wk inc flu hosp,3,2026-10-31,56,quantile,0.99,29
2026-10-10,wk flu hosp rate change,0,2026-10-10,US,pmf,large_decrease,0.0009980039920159682
2026-10-10,wk flu hosp rate change,0,2026-10-10,US,pmf,decrease,0.006886227544910181
2026-10-10,wk flu hosp rate change,0,2026-10-10,US,pmf,stable,0.5415169660678644
2026-10-10,wk flu hosp rate change,0,2026-10-10,US,pmf,increase,0.4496007984031937
2026-10-10,wk flu hosp rate change,0,2026-10-10,US,pmf,large_increase,0.0009980039920159682
2026-10-10,wk flu hosp rate change,1,2026-10-17,US,pmf,large_decrease,0.0009979044007584076
2026-10-10,wk flu hosp rate change,1,2026-10-17,US,pmf,decrease,0.0009979044007584076
2026-10-10,wk flu hosp rate change,1,2026-10-17,US,pmf,stable,0.4212154475601238
2026-10-10,wk flu hosp rate change,1,2026-10-17,US,pmf,increase,0.5757908392376011
2026-10-10,wk flu hosp rate change,1,2026-10-17,US,pmf,large_increase,0.0009979044007584076
2026-10-10,wk flu hosp rate change,2,2026-10-24,US,pmf,large_decrease,0.0009982032341784787
2026-10-10,wk flu hosp rate change,2,2026-10-24,US,pmf,decrease,0.0009982032341784787
2026-10-10,wk flu hosp rate change,2,2026-10-24,US,pmf,stable,0.35835496107007386
2026-10-10,wk flu hosp rate change,2,2026-10-24,US,pmf,increase,0.6362547414653623
2026-10-10,wk flu hosp rate change,2,2026-10-24,US,pmf,large_increase,0.0033938909962068276
2026-10-10,wk flu hosp rate change,3,2026-10-31,US,pmf,large_decrease,0.000998003992015968
2026-10-10,wk flu hosp rate change,3,2026-10-31,US,pmf,decrease,0.000998003992015968
2026-10-10,wk flu hosp rate change,3,2026-10-31,US,pmf,stable,0.3410179640718563
2026-10-10,wk flu hosp rate change,3,2026-10-31,US,pmf,increase,0.6296407185628743
2026-10-10,wk flu hosp rate change,3,2026-10-31,US,pmf,large_increase,0.027345309381237526
2026-10-10,wk flu hosp rate change,0,2026-10-10,01,pmf,large_decrease,0.0009980039920159682
2026-10-10,wk flu hosp rate change,0,2026-10-10,01,pmf,decrease,0.050998003992015976
2026-10-10,wk flu hosp rate change,0,2026-10-10,01,pmf,stable,0.6159680638722556
2026-10-10,wk flu hosp rate change,0,2026-10-10,01,pmf,increase,0.3310379241516967
2026-10-10,wk flu hosp rate change,0,2026-10-10,01,pmf,large_increase,0.0009980039920159682
2026-10-10,wk flu hosp rate change,1,2026-10-17,01,pmf,large_decrease,0.0009985022466300552
2026-10-10,wk flu hosp rate change,1,2026-10-17,01,pmf,decrease,0.011283075386919621
2026-10-10,wk flu hosp rate change,1,2026-10-17,01,pmf,stable,0.5563654518222667
2026-10-10,wk flu hosp rate change,1,2026-10-17,01,pmf,increase,0.43035446829755375
2026-10-10,wk flu hosp rate change,1,2026-10-17,01,pmf,large_increase,0.0009985022466300552
2026-10-10,wk flu hosp rate change,2,2026-10-24,01,pmf,large_decrease,0.0009990009990009992
2026-10-10,wk flu hosp rate change,2,2026-10-24,01,pmf,decrease,0.0016983016983016983
2026-10-10,wk flu hosp rate change,2,2026-10-24,01,pmf,stable,0.5210789210789211
2026-10-10,wk flu hosp rate change,2,2026-10-24,01,pmf,increase,0.4543456543456544
2026-10-10,wk flu hosp rate change,2,2026-10-24,01,pmf,large_increase,0.02187812187812188
2026-10-10,wk flu hosp rate change,3,2026-10-31,01,pmf,large_decrease,0.0009981036031540074
2026-10-10,wk flu hosp rate change,3,2026-10-31,01,pmf,decrease,0.0009981036031540074
2026-10-10,wk flu hosp rate change,3,2026-10-31,01,pmf,stable,0.5140233556243138
2026-10-10,wk flu hosp rate change,3,2026-10-31,01,pmf,increase,0.440862361513125
2026-10-10,wk flu hosp rate change,3,2026-10-31,01,pmf,large_increase,0.04311807565625312
2026-10-10,wk flu hosp rate change,0,2026-10-10,02,pmf,large_decrease,0.0211
2026-10-10,wk flu hosp rate change,0,2026-10-10,02,pmf,decrease,0.0403
2026-10-10,wk flu hosp rate change,0,2026-10-10,02,pmf,stable,0.754
2026-10-10,wk flu hosp rate change,0,2026-10-10,02,pmf,increase,0.0593
2026-10-10,wk flu hosp rate change,0,2026-10-10,02,pmf,large_increase,0.1253
2026-10-10,wk flu hosp rate change,1,2026-10-17,02,pmf,large_decrease,0.0011
2026-10-10,wk flu hosp rate change,1,2026-10-17,02,pmf,decrease,0.0912
2026-10-10,wk flu hosp rate change,1,2026-10-17,02,pmf,stable,0.6133
2026-10-10,wk flu hosp rate change,1,2026-10-17,02,pmf,increase,0.2009
2026-10-10,wk flu hosp rate change,1,2026-10-17,02,pmf,large_increase,0.0935
2026-10-10,wk flu hosp rate change,2,2026-10-24,02,pmf,large_decrease,0.000999000999000999
2026-10-10,wk flu hosp rate change,2,2026-10-24,02,pmf,decrease,0.12557442557442558
2026-10-10,wk flu hosp rate change,2,2026-10-24,02,pmf,stable,0.5174825174825174
2026-10-10,wk flu hosp rate change,2,2026-10-24,02,pmf,increase,0.25774225774225773
2026-10-10,wk flu hosp rate change,2,2026-10-24,02,pmf,large_increase,0.0982017982017982
2026-10-10,wk flu hosp rate change,3,2026-10-31,02,pmf,large_decrease,0.0009990009990009992
2026-10-10,wk flu hosp rate change,3,2026-10-31,02,pmf,decrease,0.15974025974025974
2026-10-10,wk flu hosp rate change,3,2026-10-31,02,pmf,stable,0.47102897102897107
2026-10-10,wk flu hosp rate change,3,2026-10-31,02,pmf,increase,0.28591408591408596
2026-10-10,wk flu hosp rate change,3,2026-10-31,02,pmf,large_increase,0.08231768231768233
2026-10-10,wk flu hosp rate change,0,2026-10-10,04,pmf,large_decrease,0.000998003992015968
2026-10-10,wk flu hosp rate change,0,2026-10-10,04,pmf,decrease,0.024850299401197602
2026-10-10,wk flu hosp rate change,0,2026-10-10,04,pmf,stable,0.6313373253493014
2026-10-10,wk flu hosp rate change,0,2026-10-10,04,pmf,increase,0.3418163672654691
2026-10-10,wk flu hosp rate change,0,2026-10-10,04,pmf,large_increase,0.000998003992015968
2026-10-10,wk flu hosp rate change,1,2026-10-17,04,pmf,large_decrease,0.0009980039920159682
2026-10-10,wk flu hosp rate change,1,2026-10-17,04,pmf,decrease,0.0020958083832335332
2026-10-10,wk flu hosp rate change,1,2026-10-17,04,pmf,stable,0.5832335329341319
2026-10-10,wk flu hosp rate change,1,2026-10-17,04,pmf,increase,0.4126746506986029
2026-10-10,wk flu hosp rate change,1,2026-10-17,04,pmf,large_increase,0.0009980039920159682
2026-10-10,wk flu hosp rate change,2,2026-10-24,04,pmf,large_decrease,0.000998003992015968
2026-10-10,wk flu hosp rate change,2,2026-10-24,04,pmf,decrease,0.000998003992015968
2026-10-10,wk flu hosp rate change,2,2026-10-24,04,pmf,stable,0.4785429141716567
2026-10-10,wk flu hosp rate change,2,2026-10-24,04,pmf,increase,0.4998003992015968
2026-10-10,wk flu hosp rate change,2,2026-10-24,04,pmf,large_increase,0.01966067864271457
2026-10-10,wk flu hosp rate change,3,2026-10-31,04,pmf,large_decrease,0.000998003992015968
2026-10-10,wk flu hosp rate change,3,2026-10-31,04,pmf,decrease,0.000998003992015968
2026-10-10,wk flu hosp rate change,3,2026-10-31,04,pmf,stable,0.4468063872255489
2026-10-10,wk flu hosp rate change,3,2026-10-31,04,pmf,increase,0.5098802395209581
2026-10-10,wk flu hosp rate change,3,2026-10-31,04,pmf,large_increase,0.04131736526946108
2026-10-10,wk flu hosp rate change,0,2026-10-10,05,pmf,large_decrease,0.0009980039920159682
2026-10-10,wk flu hosp rate change,0,2026-10-10,05,pmf,decrease,0.0023952095808383238
2026-10-10,wk flu hosp rate change,0,2026-10-10,05,pmf,stable,0.7993013972055889
2026-10-10,wk flu hosp rate change,0,2026-10-10,05,pmf,increase,0.19630738522954097
2026-10-10,wk flu hosp rate change,0,2026-10-10,05,pmf,large_increase,0.0009980039920159682
2026-10-10,wk flu hosp rate change,1,2026-10-17,05,pmf,large_decrease,0.0009970089730807579
2026-10-10,wk flu hosp rate change,1,2026-10-17,05,pmf,decrease,0.0009970089730807579
2026-10-10,wk flu hosp rate change,1,2026-10-17,05,pmf,stable,0.6943170488534398
2026-10-10,wk flu hosp rate change,1,2026-10-17,05,pmf,increase,0.30269192422731805
2026-10-10,wk flu hosp rate change,1,2026-10-17,05,pmf,large_increase,0.0009970089730807579
2026-10-10,wk flu hosp rate change,2,2026-10-24,05,pmf,large_decrease,0.0009970089730807579
2026-10-10,wk flu hosp rate change,2,2026-10-24,05,pmf,decrease,0.0009970089730807579
2026-10-10,wk flu hosp rate change,2,2026-10-24,05,pmf,stable,0.5744765702891327
2026-10-10,wk flu hosp rate change,2,2026-10-24,05,pmf,increase,0.4225324027916252
2026-10-10,wk flu hosp rate change,2,2026-10-24,05,pmf,large_increase,0.0009970089730807579
2026-10-10,wk flu hosp rate change,3,2026-10-31,05,pmf,large_decrease,0.000998003992015968
2026-10-10,wk flu hosp rate change,3,2026-10-31,05,pmf,decrease,0.000998003992015968
2026-10-10,wk flu hosp rate change,3,2026-10-31,05,pmf,stable,0.5308383233532935
2026-10-10,wk flu hosp rate change,3,2026-10-31,05,pmf,increase,0.451497005988024
2026-10-10,wk flu hosp rate change,3,2026-10-31,05,pmf,large_increase,0.015668662674650696
2026-10-10,wk flu hosp rate change,0,2026-10-10,06,pmf,large_decrease,0.0009980039920159682
2026-10-10,wk flu hosp rate change,0,2026-10-10,06,pmf,decrease,0.047604790419161686
2026-10-10,wk flu hosp rate change,0,2026-10-10,06,pmf,stable,0.5987025948103794
2026-10-10,wk flu hosp rate change,0,2026-10-10,06,pmf,increase,0.3516966067864272
2026-10-10,wk flu hosp rate change,0,2026-10-10,06,pmf,large_increase,0.0009980039920159682
2026-10-10,wk flu hosp rate change,1,2026-10-17,06,pmf,large_decrease,0.0009980039920159682
2026-10-10,wk flu hosp rate change,1,2026-10-17,06,pmf,decrease,0.01037924151696607
2026-10-10,wk flu hosp rate change,1,2026-10-17,06,pmf,stable,0.5655688622754492
2026-10-10,wk flu hosp rate change,1,2026-10-17,06,pmf,increase,0.422055888223553
2026-10-10,wk flu hosp rate change,1,2026-10-17,06,pmf,large_increase,0.0009980039920159682
2026-10-10,wk flu hosp rate change,2,2026-10-24,06,pmf,large_decrease,0.0009990009990009992
2026-10-10,wk flu hosp rate change,2,2026-10-24,06,pmf,decrease,0.002497502497502498
2026-10-10,wk flu hosp rate change,2,2026-10-24,06,pmf,stable,0.5288711288711289
2026-10-10,wk flu hosp rate change,2,2026-10-24,06,pmf,increase,0.4560439560439561
2026-10-10,wk flu hosp rate change,2,2026-10-24,06,pmf,large_increase,0.011588411588411588
2026-10-10,wk flu hosp rate change,3,2026-10-31,06,pmf,large_decrease,0.0009982032341784787
2026-10-10,wk flu hosp rate change,3,2026-10-31,06,pmf,decrease,0.0009982032341784787
2026-10-10,wk flu hosp rate change,3,2026-10-31,06,pmf,stable,0.5702735076861649
2026-10-10,wk flu hosp rate change,3,2026-10-31,06,pmf,increase,0.40417248951886603
2026-10-10,wk flu hosp rate change,3,2026-10-31,06,pmf,large_increase,0.0235575963266121
2026-10-10,wk flu hosp rate change,0,2026-10-10,08,pmf,large_decrease,0.0009980039920159682
2026-10-10,wk flu hosp rate change,0,2026-10-10,08,pmf,decrease,0.023852295409181642
2026-10-10,wk flu hosp rate change,0,2026-10-10,08,pmf,stable,0.7881237524950101
2026-10-10,wk flu hosp rate change,0,2026-10-10,08,pmf,increase,0.1860279441117765
2026-10-10,wk flu hosp rate change,0,2026-10-10,08,pmf,large_increase,0.0009980039920159682
2026-10-10,wk flu hosp rate change,1,2026-10-17,08,pmf,large_decrease,0.0009980039920159682
2026-10-10,wk flu hosp rate change,1,2026-10-17,08,pmf,decrease,0.0012974051896207587
2026-10-10,wk flu hosp rate change,1,2026-10-17,08,pmf,stable,0.7795409181636729
2026-10-10,wk flu hosp rate change,1,2026-10-17,08,pmf,increase,0.2171656686626747
2026-10-10,wk flu hosp rate change,1,2026-10-17,08,pmf,large_increase,0.0009980039920159682
2026-10-10,wk flu hosp rate change,2,2026-10-24,08,pmf,large_decrease,0.0009970089730807579
2026-10-10,wk flu hosp rate change,2,2026-10-24,08,pmf,decrease,0.0009970089730807579
2026-10-10,wk flu hosp rate change,2,2026-10-24,08,pmf,stable,0.7266201395812563
2026-10-10,wk flu hosp rate change,2,2026-10-24,08,pmf,increase,0.27038883349950155
2026-10-10,wk flu hosp rate change,2,2026-10-24,08,pmf,large_increase,0.0009970089730807579
2026-10-10,wk flu hosp rate change,3,2026-10-31,08,pmf,large_decrease,0.0009970089730807579
2026-10-10,wk flu hosp rate change,3,2026-10-31,08,pmf,decrease,0.0009970089730807579
2026-10-10,wk flu hosp rate change,3,2026-10-31,08,pmf,stable,0.7205383848454637
2026-10-10,wk flu hosp rate change,3,2026-10-31,08,pmf,increase,0.27647058823529413
2026-10-10,wk flu hosp rate change,3,2026-10-31,08,pmf,large_increase,0.0009970089730807579
2026-10-10,wk flu hosp rate change,0,2026-10-10,09,pmf,large_decrease,0.0009980039920159682
2026-10-10,wk flu hosp rate change,0,2026-10-10,09,pmf,decrease,0.004291417165668663
2026-10-10,wk flu hosp rate change,0,2026-10-10,09,pmf,stable,0.719860279441118
2026-10-10,wk flu hosp rate change,0,2026-10-10,09,pmf,increase,0.27385229540918166
2026-10-10,wk flu hosp rate change,0,2026-10-10,09,pmf,large_increase,0.0009980039920159682
2026-10-10,wk flu hosp rate change,1,2026-10-17,09,pmf,large_decrease,0.0009971083856815236
2026-10-10,wk flu hosp rate change,1,2026-10-17,09,pmf,decrease,0.0009971083856815236
2026-10-10,wk flu hosp rate change,1,2026-10-17,09,pmf,stable,0.6081364044271613
2026-10-10,wk flu hosp rate change,1,2026-10-17,09,pmf,increase,0.38887227041579425
2026-10-10,wk flu hosp rate change,1,2026-10-17,09,pmf,large_increase,0.0009971083856815236
2026-10-10,wk flu hosp rate change,2,2026-10-24,09,pmf,large_decrease,0.000998003992015968
2026-10-10,wk flu hosp rate change,2,2026-10-24,09,pmf,decrease,0.000998003992015968
2026-10-10,wk flu hosp rate change,2,2026-10-24,09,pmf,stable,0.4812375249500998
2026-10-10,wk flu hosp rate change,2,2026-10-24,09,pmf,increase,0.49570858283433133
2026-10-10,wk flu hosp rate change,2,2026-10-24,09,pmf,large_increase,0.021057884231536927
2026-10-10,wk flu hosp rate change,3,2026-10-31,09,pmf,large_decrease,0.000998003992015968
2026-10-10,wk flu hosp rate change,3,2026-10-31,09,pmf,decrease,0.000998003992015968
2026-10-10,wk flu hosp rate change,3,2026-10-31,09,pmf,stable,0.4491017964071856
2026-10-10,wk flu hosp rate change,3,2026-10-31,09,pmf,increase,0.5016966067864271
2026-10-10,wk flu hosp rate change,3,2026-10-31,09,pmf,large_increase,0.04720558882235529
2026-10-10,wk flu hosp rate change,0,2026-10-10,10,pmf,large_decrease,0.000999000999000999
2026-10-10,wk flu hosp rate change,0,2026-10-10,10,pmf,decrease,0.001698301698301698
2026-10-10,wk flu hosp rate change,0,2026-10-10,10,pmf,stable,0.8420579420579419
2026-10-10,wk flu hosp rate change,0,2026-10-10,10,pmf,increase,0.10869130869130868
2026-10-10,wk flu hosp rate change,0,2026-10-10,10,pmf,large_increase,0.04655344655344655
2026-10-10,wk flu hosp rate change,1,2026-10-17,10,pmf,large_decrease,0.000998402555910543
2026-10-10,wk flu hosp rate change,1,2026-10-17,10,pmf,decrease,0.000998402555910543
2026-10-10,wk flu hosp rate change,1,2026-10-17,10,pmf,stable,0.46934904153354634
2026-10-10,wk flu hosp rate change,1,2026-10-17,10,pmf,increase,0.4364017571884984
2026-10-10,wk flu hosp rate change,1,2026-10-17,10,pmf,large_increase,0.09225239616613418
2026-10-10,wk flu hosp rate change,2,2026-10-24,10,pmf,large_decrease,0.000998003992015968
2026-10-10,wk flu hosp rate change,2,2026-10-24,10,pmf,decrease,0.000998003992015968
2026-10-10,wk flu hosp rate change,2,2026-10-24,10,pmf,stable,0.1966067864271457
2026-10-10,wk flu hosp rate change,2,2026-10-24,10,pmf,increase,0.5614770459081836
2026-10-10,wk flu hosp rate change,2,2026-10-24,10,pmf,large_increase,0.23992015968063873
2026-10-10,wk flu hosp rate change,3,2026-10-31,10,pmf,large_decrease,0.000998003992015968
2026-10-10,wk flu hosp rate change,3,2026-10-31,10,pmf,decrease,0.000998003992015968
2026-10-10,wk flu hosp rate change,3,2026-10-31,10,pmf,stable,0.08602794411177644
2026-10-10,wk flu hosp rate change,3,2026-10-31,10,pmf,increase,0.49271457085828346
2026-10-10,wk flu hosp rate change,3,2026-10-31,10,pmf,large_increase,0.41926147704590816
2026-10-10,wk flu hosp rate change,0,2026-10-10,11,pmf,large_decrease,0.0009960159362549803
2026-10-10,wk flu hosp rate change,0,2026-10-10,11,pmf,decrease,0.0009960159362549803
2026-10-10,wk flu hosp rate change,0,2026-10-10,11,pmf,stable,0.9960159362549803
2026-10-10,wk flu hosp rate change,0,2026-10-10,11,pmf,increase,0.0009960159362549803
2026-10-10,wk flu hosp rate change,0,2026-10-10,11,pmf,large_increase,0.0009960159362549803
2026-10-10,wk flu hosp rate change,1,2026-10-17,11,pmf,large_decrease,0.0009963136395337254
2026-10-10,wk flu hosp rate change,1,2026-10-17,11,pmf,decrease,0.0009963136395337254
2026-10-10,wk flu hosp rate change,1,2026-10-17,11,pmf,stable,0.9960147454418653
2026-10-10,wk flu hosp rate change,1,2026-10-17,11,pmf,increase,0.0009963136395337254
2026-10-10,wk flu hosp rate change,1,2026-10-17,11,pmf,large_increase,0.0009963136395337254
2026-10-10,wk flu hosp rate change,2,2026-10-24,11,pmf,large_decrease,0.0009970089730807579
2026-10-10,wk flu hosp rate change,2,2026-10-24,11,pmf,decrease,0.0009970089730807579
2026-10-10,wk flu hosp rate change,2,2026-10-24,11,pmf,stable,0.9755732801595216
2026-10-10,wk flu hosp rate change,2,2026-10-24,11,pmf,increase,0.02143569292123629
2026-10-10,wk flu hosp rate change,2,2026-10-24,11,pmf,large_increase,0.0009970089730807579
2026-10-10,wk flu hosp rate change,3,2026-10-31,11,pmf,large_decrease,0.0009970089730807579
2026-10-10,wk flu hosp rate change,3,2026-10-31,11,pmf,decrease,0.0009970089730807579
2026-10-10,wk flu hosp rate change,3,2026-10-31,11,pmf,stable,0.9391824526420738
2026-10-10,wk flu hosp rate change,3,2026-10-31,11,pmf,increase,0.057826520438683957
2026-10-10,wk flu hosp rate change,3,2026-10-31,11,pmf,large_increase,0.0009970089730807579
2026-10-10,wk flu hosp rate change,0,2026-10-10,12,pmf,large_decrease,0.0009991008092716555
2026-10-10,wk flu hosp rate change,0,2026-10-10,12,pmf,decrease,0.11819362573683684
2026-10-10,wk flu hosp rate change,0,2026-10-10,12,pmf,stable,0.2865421120991108
2026-10-10,wk flu hosp rate change,0,2026-10-10,12,pmf,increase,0.5104406034568888
2026-10-10,wk flu hosp rate change,0,2026-10-10,12,pmf,large_increase,0.0838245578978919
2026-10-10,wk flu hosp rate change,1,2026-10-17,12,pmf,large_decrease,0.0009990009990009992
2026-10-10,wk flu hosp rate change,1,2026-10-17,12,pmf,decrease,0.06673326673326674
2026-10-10,wk flu hosp rate change,1,2026-10-17,12,pmf,stable,0.25974025974025977
2026-10-10,wk flu hosp rate change,1,2026-10-17,12,pmf,increase,0.5680319680319681
2026-10-10,wk flu hosp rate change,1,2026-10-17,12,pmf,large_increase,0.1044955044955045
2026-10-10,wk flu hosp rate change,2,2026-10-24,12,pmf,large_decrease,0.000999000999000999
2026-10-10,wk flu hosp rate change,2,2026-10-24,12,pmf,decrease,0.049350649350649346
2026-10-10,wk flu hosp rate change,2,2026-10-24,12,pmf,stable,0.24035964035964033
2026-10-10,wk flu hosp rate change,2,2026-10-24,12,pmf,increase,0.5776223776223776
2026-10-10,wk flu hosp rate change,2,2026-10-24,12,pmf,large_increase,0.13166833166833167
2026-10-10,wk flu hosp rate change,3,2026-10-31,12,pmf,large_decrease,0.0009990009990009992
2026-10-10,wk flu hosp rate change,3,2026-10-31,12,pmf,decrease,0.06093906093906094
2026-10-10,wk flu hosp rate change,3,2026-10-31,12,pmf,stable,0.26343656343656346
2026-10-10,wk flu hosp rate change,3,2026-10-31,12,pmf,increase,0.5295704295704297
2026-10-10,wk flu hosp rate change,3,2026-10-31,12,pmf,large_increase,0.14505494505494507
2026-10-10,wk flu hosp rate change,0,2026-10-10,13,pmf,large_decrease,0.0009980039920159682
2026-10-10,wk flu hosp rate change,0,2026-10-10,13,pmf,decrease,0.0010978043912175653
2026-10-10,wk flu hosp rate change,0,2026-10-10,13,pmf,stable,0.8560878243512976
2026-10-10,wk flu hosp rate change,0,2026-10-10,13,pmf,increase,0.14081836327345312
2026-10-10,wk flu hosp rate change,0,2026-10-10,13,pmf,large_increase,0.0009980039920159682
2026-10-10,wk flu hosp rate change,1,2026-10-17,13,pmf,large_decrease,0.0009970089730807579
2026-10-10,wk flu hosp rate change,1,2026-10-17,13,pmf,decrease,0.0009970089730807579
2026-10-10,wk flu hosp rate change,1,2026-10-17,13,pmf,stable,0.7981056829511466
2026-10-10,wk flu hosp rate change,1,2026-10-17,13,pmf,increase,0.1989032901296112
2026-10-10,wk flu hosp rate change,1,2026-10-17,13,pmf,large_increase,0.0009970089730807579
2026-10-10,wk flu hosp rate change,2,2026-10-24,13,pmf,large_decrease,0.0009970089730807579
2026-10-10,wk flu hosp rate change,2,2026-10-24,13,pmf,decrease,0.0009970089730807579
2026-10-10,wk flu hosp rate change,2,2026-10-24,13,pmf,stable,0.7388833499501496
2026-10-10,wk flu hosp rate change,2,2026-10-24,13,pmf,increase,0.2581256231306082
2026-10-10,wk flu hosp rate change,2,2026-10-24,13,pmf,large_increase,0.0009970089730807579
2026-10-10,wk flu hosp rate change,3,2026-10-31,13,pmf,large_decrease,0.000998003992015968
2026-10-10,wk flu hosp rate change,3,2026-10-31,13,pmf,decrease,0.000998003992015968
2026-10-10,wk flu hosp rate change,3,2026-10-31,13,pmf,stable,0.7032934131736527
2026-10-10,wk flu hosp rate change,3,2026-10-31,13,pmf,increase,0.27345309381237526
2026-10-10,wk flu hosp rate change,3,2026-10-31,13,pmf,large_increase,0.02125748502994012
2026-10-10,wk flu hosp rate change,0,2026-10-10,15,pmf,large_decrease,0.0144
2026-10-10,wk flu hosp rate change,0,2026-10-10,15,pmf,decrease,0.071
2026-10-10,wk flu hosp rate change,0,2026-10-10,15,pmf,stable,0.238
2026-10-10,wk flu hosp rate change,0,2026-10-10,15,pmf,increase,0.2185
2026-10-10,wk flu hosp rate change,0,2026-10-10,15,pmf,large_increase,0.4581
2026-10-10,wk flu hosp rate change,1,2026-10-17,15,pmf,large_decrease,0.0009997000899730078
2026-10-10,wk flu hosp rate change,1,2026-10-17,15,pmf,decrease,0.04338698390482854
2026-10-10,wk flu hosp rate change,1,2026-10-17,15,pmf,stable,0.10236928921323601
2026-10-10,wk flu hosp rate change,1,2026-10-17,15,pmf,increase,0.270218934319704
2026-10-10,wk flu hosp rate change,1,2026-10-17,15,pmf,large_increase,0.5830250924722583
2026-10-10,wk flu hosp rate change,2,2026-10-24,15,pmf,large_decrease,0.0009994003597841297
2026-10-10,wk flu hosp rate change,2,2026-10-24,15,pmf,decrease,0.03417949230461723
2026-10-10,wk flu hosp rate change,2,2026-10-24,15,pmf,stable,0.06436138317009794
2026-10-10,wk flu hosp rate change,2,2026-10-24,15,pmf,increase,0.24555266839896064
2026-10-10,wk flu hosp rate change,2,2026-10-24,15,pmf,large_increase,0.6549070557665401
2026-10-10,wk flu hosp rate change,3,2026-10-31,15,pmf,large_decrease,0.0009996001599360256
2026-10-10,wk flu hosp rate change,3,2026-10-31,15,pmf,decrease,0.062874850059976
2026-10-10,wk flu hosp rate change,3,2026-10-31,15,pmf,stable,0.05797680927628949
2026-10-10,wk flu hosp rate change,3,2026-10-31,15,pmf,increase,0.2553978408636546
2026-10-10,wk flu hosp rate change,3,2026-10-31,15,pmf,large_increase,0.622750899640144
2026-10-10,wk flu hosp rate change,0,2026-10-10,16,pmf,large_decrease,0.000998003992015968
2026-10-10,wk flu hosp rate change,0,2026-10-10,16,pmf,decrease,0.005888223552894211
2026-10-10,wk flu hosp rate change,0,2026-10-10,16,pmf,stable,0.9322355289421158
2026-10-10,wk flu hosp rate change,0,2026-10-10,16,pmf,increase,0.059880239520958084
2026-10-10,wk flu hosp rate change,0,2026-10-10,16,pmf,large_increase,0.000998003992015968
2026-10-10,wk flu hosp rate change,1,2026-10-17,16,pmf,large_decrease,0.000998003992015968
2026-10-10,wk flu hosp rate change,1,2026-10-17,16,pmf,decrease,0.006087824351297406
2026-10-10,wk flu hosp rate change,1,2026-10-17,16,pmf,stable,0.8146706586826348
2026-10-10,wk flu hosp rate change,1,2026-10-17,16,pmf,increase,0.17724550898203595
2026-10-10,wk flu hosp rate change,1,2026-10-17,16,pmf,large_increase,0.000998003992015968
2026-10-10,wk flu hosp rate change,2,2026-10-24,16,pmf,large_decrease,0.000997207818109294
2026-10-10,wk flu hosp rate change,2,2026-10-24,16,pmf,decrease,0.000997207818109294
2026-10-10,wk flu hosp rate change,2,2026-10-24,16,pmf,stable,0.7791184682887915
2026-10-10,wk flu hosp rate change,2,2026-10-24,16,pmf,increase,0.21788990825688076
2026-10-10,wk flu hosp rate change,2,2026-10-24,16,pmf,large_increase,0.000997207818109294
2026-10-10,wk flu hosp rate change,3,2026-10-31,16,pmf,large_decrease,0.0009970089730807579
2026-10-10,wk flu hosp rate change,3,2026-10-31,16,pmf,decrease,0.0009970089730807579
2026-10-10,wk flu hosp rate change,3,2026-10-31,16,pmf,stable,0.7654037886340979
2026-10-10,wk flu hosp rate change,3,2026-10-31,16,pmf,increase,0.23160518444666006
2026-10-10,wk flu hosp rate change,3,2026-10-31,16,pmf,large_increase,0.0009970089730807579
2026-10-10,wk flu hosp rate change,0,2026-10-10,17,pmf,large_decrease,0.000998003992015968
2026-10-10,wk flu hosp rate change,0,2026-10-10,17,pmf,decrease,0.008882235528942116
2026-10-10,wk flu hosp rate change,0,2026-10-10,17,pmf,stable,0.8571856287425149
2026-10-10,wk flu hosp rate change,0,2026-10-10,17,pmf,increase,0.131936127744511
2026-10-10,wk flu hosp rate change,0,2026-10-10,17,pmf,large_increase,0.000998003992015968
2026-10-10,wk flu hosp rate change,1,2026-10-17,17,pmf,large_decrease,0.000997207818109294
2026-10-10,wk flu hosp rate change,1,2026-10-17,17,pmf,decrease,0.000997207818109294
2026-10-10,wk flu hosp rate change,1,2026-10-17,17,pmf,stable,0.8700638213003591
2026-10-10,wk flu hosp rate change,1,2026-10-17,17,pmf,increase,0.12694455524531312
2026-10-10,wk flu hosp rate change,1,2026-10-17,17,pmf,large_increase,0.000997207818109294
2026-10-10,wk flu hosp rate change,2,2026-10-24,17,pmf,large_decrease,0.0009970089730807579
2026-10-10,wk flu hosp rate change,2,2026-10-24,17,pmf,decrease,0.0009970089730807579
2026-10-10,wk flu hosp rate change,2,2026-10-24,17,pmf,stable,0.8497507477567299
2026-10-10,wk flu hosp rate change,2,2026-10-24,17,pmf,increase,0.14725822532402794
2026-10-10,wk flu hosp rate change,2,2026-10-24,17,pmf,large_increase,0.0009970089730807579
2026-10-10,wk flu hosp rate change,3,2026-10-31,17,pmf,large_decrease,0.0009970089730807579
2026-10-10,wk flu hosp rate change,3,2026-10-31,17,pmf,decrease,0.0009970089730807579
2026-10-10,wk flu hosp rate change,3,2026-10-31,17,pmf,stable,0.855234297108674
2026-10-10,wk flu hosp rate change,3,2026-10-31,17,pmf,increase,0.14177467597208376
2026-10-10,wk flu hosp rate change,3,2026-10-31,17,pmf,large_increase,0.0009970089730807579
2026-10-10,wk flu hosp rate change,0,2026-10-10,18,pmf,large_decrease,0.0009981036031540076
2026-10-10,wk flu hosp rate change,0,2026-10-10,18,pmf,decrease,0.015370795488571717
2026-10-10,wk flu hosp rate change,0,2026-10-10,18,pmf,stable,0.5834913664038328
2026-10-10,wk flu hosp rate change,0,2026-10-10,18,pmf,increase,0.3991416309012876
2026-10-10,wk flu hosp rate change,0,2026-10-10,18,pmf,large_increase,0.0009981036031540076
2026-10-10,wk flu hosp rate change,1,2026-10-17,18,pmf,large_decrease,0.000998302885095338
2026-10-10,wk flu hosp rate change,1,2026-10-17,18,pmf,decrease,0.001996605770190676
2026-10-10,wk flu hosp rate change,1,2026-10-17,18,pmf,stable,0.5199161425576521
2026-10-10,wk flu hosp rate change,1,2026-10-17,18,pmf,increase,0.47609064590196665
2026-10-10,wk flu hosp rate change,1,2026-10-17,18,pmf,large_increase,0.000998302885095338
2026-10-10,wk flu hosp rate change,2,2026-10-24,18,pmf,large_decrease,0.000998003992015968
2026-10-10,wk flu hosp rate change,2,2026-10-24,18,pmf,decrease,0.000998003992015968
2026-10-10,wk flu hosp rate change,2,2026-10-24,18,pmf,stable,0.4364271457085829
2026-10-10,wk flu hosp rate change,2,2026-10-24,18,pmf,increase,0.5369261477045909
2026-10-10,wk flu hosp rate change,2,2026-10-24,18,pmf,large_increase,0.02465069860279441
2026-10-10,wk flu hosp rate change,3,2026-10-31,18,pmf,large_decrease,0.0009980039920159678
2026-10-10,wk flu hosp rate change,3,2026-10-31,18,pmf,decrease,0.0009980039920159678
2026-10-10,wk flu hosp rate change,3,2026-10-31,18,pmf,stable,0.4268463073852295
2026-10-10,wk flu hosp rate change,3,2026-10-31,18,pmf,increase,0.5198602794411177
2026-10-10,wk flu hosp rate change,3,2026-10-31,18,pmf,large_increase,0.05129740518962075
2026-10-10,wk flu hosp rate change,0,2026-10-10,19,pmf,large_decrease,0.0009980039920159682
2026-10-10,wk flu hosp rate change,0,2026-10-10,19,pmf,decrease,0.007984031936127746
2026-10-10,wk flu hosp rate change,0,2026-10-10,19,pmf,stable,0.8291417165668664
2026-10-10,wk flu hosp rate change,0,2026-10-10,19,pmf,increase,0.16087824351297408
2026-10-10,wk flu hosp rate change,0,2026-10-10,19,pmf,large_increase,0.0009980039920159682
2026-10-10,wk flu hosp rate change,1,2026-10-17,19,pmf,large_decrease,0.0009970089730807579
2026-10-10,wk flu hosp rate change,1,2026-10-17,19,pmf,decrease,0.0009970089730807579
2026-10-10,wk flu hosp rate change,1,2026-10-17,19,pmf,stable,0.832801595214357
2026-10-10,wk flu hosp rate change,1,2026-10-17,19,pmf,increase,0.16420737786640083
2026-10-10,wk flu hosp rate change,1,2026-10-17,19,pmf,large_increase,0.0009970089730807579
2026-10-10,wk flu hosp rate change,2,2026-10-24,19,pmf,large_decrease,0.0009970089730807579
2026-10-10,wk flu hosp rate change,2,2026-10-24,19,pmf,decrease,0.0009970089730807579
2026-10-10,wk flu hosp rate change,2,2026-10-24,19,pmf,stable,0.7872382851445664
2026-10-10,wk flu hosp rate change,2,2026-10-24,19,pmf,increase,0.20977068793619144
2026-10-10,wk flu hosp rate change,2,2026-10-24,19,pmf,large_increase,0.0009970089730807579
2026-10-10,wk flu hosp rate change,3,2026-10-31,19,pmf,large_decrease,0.0009970089730807579
2026-10-10,wk flu hosp rate change,3,2026-10-31,19,pmf,decrease,0.0009970089730807579
2026-10-10,wk flu hosp rate change,3,2026-10-31,19,pmf,stable,0.777567298105683
2026-10-10,wk flu hosp rate change,3,2026-10-31,19,pmf,increase,0.2194416749750748
2026-10-10,wk flu hosp rate change,3,2026-10-31,19,pmf,large_increase,0.0009970089730807579
2026-10-10,wk flu hosp rate change,0,2026-10-10,20,pmf,large_decrease,0.0009980039920159682
2026-10-10,wk flu hosp rate change,0,2026-10-10,20,pmf,decrease,0.0010978043912175653
2026-10-10,wk flu hosp rate change,0,2026-10-10,20,pmf,stable,0.8853293413173655
2026-10-10,wk flu hosp rate change,0,2026-10-10,20,pmf,increase,0.11157684630738525
2026-10-10,wk flu hosp rate change,0,2026-10-10,20,pmf,large_increase,0.0009980039920159682
2026-10-10,wk flu hosp rate change,1,2026-10-17,20,pmf,large_decrease,0.0009970089730807579
2026-10-10,wk flu hosp rate change,1,2026-10-17,20,pmf,decrease,0.0009970089730807579
2026-10-10,wk flu hosp rate change,1,2026-10-17,20,pmf,stable,0.7978065802592225
2026-10-10,wk flu hosp rate change,1,2026-10-17,20,pmf,increase,0.19920239282153543
2026-10-10,wk flu hosp rate change,1,2026-10-17,20,pmf,large_increase,0.0009970089730807579
2026-10-10,wk flu hosp rate change,2,2026-10-24,20,pmf,large_decrease,0.0009970089730807579
2026-10-10,wk flu hosp rate change,2,2026-10-24,20,pmf,decrease,0.0009970089730807579
2026-10-10,wk flu hosp rate change,2,2026-10-24,20,pmf,stable,0.7140578265204387
2026-10-10,wk flu hosp rate change,2,2026-10-24,20,pmf,increase,0.28295114656031906
2026-10-10,wk flu hosp rate change,2,2026-10-24,20,pmf,large_increase,0.0009970089730807579
2026-10-10,wk flu hosp rate change,3,2026-10-31,20,pmf,large_decrease,0.0009970089730807579
2026-10-10,wk flu hosp rate change,3,2026-10-31,20,pmf,decrease,0.0009970089730807579
2026-10-10,wk flu hosp rate change,3,2026-10-31,20,pmf,stable,0.6773678963110669
2026-10-10,wk flu hosp rate change,3,2026-10-31,20,pmf,increase,0.31964107676969095
2026-10-10,wk flu hosp rate change,3,2026-10-31,20,pmf,large_increase,0.0009970089730807579
2026-10-10,wk flu hosp rate change,0,2026-10-10,21,pmf,large_decrease,0.000999000999000999
2026-10-10,wk flu hosp rate change,0,2026-10-10,21,pmf,decrease,0.05174825174825174
2026-10-10,wk flu hosp rate change,0,2026-10-10,21,pmf,stable,0.4384615384615384
2026-10-10,wk flu hosp rate change,0,2026-10-10,21,pmf,increase,0.49150849150849146
2026-10-10,wk flu hosp rate change,0,2026-10-10,21,pmf,large_increase,0.01728271728271728
2026-10-10,wk flu hosp rate change,1,2026-10-17,21,pmf,large_decrease,0.0009990009990009992
2026-10-10,wk flu hosp rate change,1,2026-10-17,21,pmf,decrease,0.010789210789210791
2026-10-10,wk flu hosp rate change,1,2026-10-17,21,pmf,stable,0.38441558441558443
2026-10-10,wk flu hosp rate change,1,2026-10-17,21,pmf,increase,0.5824175824175825
2026-10-10,wk flu hosp rate change,1,2026-10-17,21,pmf,large_increase,0.02137862137862138
2026-10-10,wk flu hosp rate change,2,2026-10-24,21,pmf,large_decrease,0.0009990009990009992
2026-10-10,wk flu hosp rate change,2,2026-10-24,21,pmf,decrease,0.0009990009990009992
2026-10-10,wk flu hosp rate change,2,2026-10-24,21,pmf,stable,0.29530469530469533
2026-10-10,wk flu hosp rate change,2,2026-10-24,21,pmf,increase,0.6468531468531469
2026-10-10,wk flu hosp rate change,2,2026-10-24,21,pmf,large_increase,0.05584415584415585
2026-10-10,wk flu hosp rate change,3,2026-10-31,21,pmf,large_decrease,0.000998003992015968
2026-10-10,wk flu hosp rate change,3,2026-10-31,21,pmf,decrease,0.000998003992015968
2026-10-10,wk flu hosp rate change,3,2026-10-31,21,pmf,stable,0.274251497005988
2026-10-10,wk flu hosp rate change,3,2026-10-31,21,pmf,increase,0.6340319361277444
2026-10-10,wk flu hosp rate change,3,2026-10-31,21,pmf,large_increase,0.08972055888223553
2026-10-10,wk flu hosp rate change,0,2026-10-10,22,pmf,large_decrease,0.0009990009990009992
2026-10-10,wk flu hosp rate change,0,2026-10-10,22,pmf,decrease,0.09100899100899101
2026-10-10,wk flu hosp rate change,0,2026-10-10,22,pmf,stable,0.2102897102897103
2026-10-10,wk flu hosp rate change,0,2026-10-10,22,pmf,increase,0.5190809190809191
2026-10-10,wk flu hosp rate change,0,2026-10-10,22,pmf,large_increase,0.17862137862137864
2026-10-10,wk flu hosp rate change,1,2026-10-17,22,pmf,large_decrease,0.0009990009990009992
2026-10-10,wk flu hosp rate change,1,2026-10-17,22,pmf,decrease,0.01838161838161838
2026-10-10,wk flu hosp rate change,1,2026-10-17,22,pmf,stable,0.14755244755244756
2026-10-10,wk flu hosp rate change,1,2026-10-17,22,pmf,increase,0.5751248751248752
2026-10-10,wk flu hosp rate change,1,2026-10-17,22,pmf,large_increase,0.25794205794205793
2026-10-10,wk flu hosp rate change,2,2026-10-24,22,pmf,large_decrease,0.0009990009990009992
2026-10-10,wk flu hosp rate change,2,2026-10-24,22,pmf,decrease,0.004695304695304696
2026-10-10,wk flu hosp rate change,2,2026-10-24,22,pmf,stable,0.1135864135864136
2026-10-10,wk flu hosp rate change,2,2026-10-24,22,pmf,increase,0.5435564435564436
2026-10-10,wk flu hosp rate change,2,2026-10-24,22,pmf,large_increase,0.33716283716283724
2026-10-10,wk flu hosp rate change,3,2026-10-31,22,pmf,large_decrease,0.0009990009990009992
2026-10-10,wk flu hosp rate change,3,2026-10-31,22,pmf,decrease,0.005094905094905096
2026-10-10,wk flu hosp rate change,3,2026-10-31,22,pmf,stable,0.12177822177822178
2026-10-10,wk flu hosp rate change,3,2026-10-31,22,pmf,increase,0.5074925074925075
2026-10-10,wk flu hosp rate change,3,2026-10-31,22,pmf,large_increase,0.36463536463536467
2026-10-10,wk flu hosp rate change,0,2026-10-10,23,pmf,large_decrease,0.0009990009990009992
2026-10-10,wk flu hosp rate change,0,2026-10-10,23,pmf,decrease,0.014585414585414588
2026-10-10,wk flu hosp rate change,0,2026-10-10,23,pmf,stable,0.7251748251748252
2026-10-10,wk flu hosp rate change,0,2026-10-10,23,pmf,increase,0.21398601398601402
2026-10-10,wk flu hosp rate change,0,2026-10-10,23,pmf,large_increase,0.04525474525474526
2026-10-10,wk flu hosp rate change,1,2026-10-17,23,pmf,large_decrease,0.000999000999000999
2026-10-10,wk flu hosp rate change,1,2026-10-17,23,pmf,decrease,0.014985014985014982
2026-10-10,wk flu hosp rate change,1,2026-10-17,23,pmf,stable,0.5012987012987012
2026-10-10,wk flu hosp rate change,1,2026-10-17,23,pmf,increase,0.4201798201798201
2026-10-10,wk flu hosp rate change,1,2026-10-17,23,pmf,large_increase,0.06253746253746253
2026-10-10,wk flu hosp rate change,2,2026-10-24,23,pmf,large_decrease,0.0009990009990009992
2026-10-10,wk flu hosp rate change,2,2026-10-24,23,pmf,decrease,0.009990009990009992
2026-10-10,wk flu hosp rate change,2,2026-10-24,23,pmf,stable,0.3363636363636364
2026-10-10,wk flu hosp rate change,2,2026-10-24,23,pmf,increase,0.538861138861139
2026-10-10,wk flu hosp rate change,2,2026-10-24,23,pmf,large_increase,0.1137862137862138
2026-10-10,wk flu hosp rate change,3,2026-10-31,23,pmf,large_decrease,0.000999000999000999
2026-10-10,wk flu hosp rate change,3,2026-10-31,23,pmf,decrease,0.000999000999000999
2026-10-10,wk flu hosp rate change,3,2026-10-31,23,pmf,stable,0.35284715284715285
2026-10-10,wk flu hosp rate change,3,2026-10-31,23,pmf,increase,0.5041958041958042
2026-10-10,wk flu hosp rate change,3,2026-10-31,23,pmf,large_increase,0.14095904095904094
2026-10-10,wk flu hosp rate change,0,2026-10-10,24,pmf,large_decrease,0.0009970089730807579
2026-10-10,wk flu hosp rate change,0,2026-10-10,24,pmf,decrease,0.0009970089730807579
2026-10-10,wk flu hosp rate change,0,2026-10-10,24,pmf,stable,0.9439680957128614
2026-10-10,wk flu hosp rate change,0,2026-10-10,24,pmf,increase,0.05304087736789631
2026-10-10,wk flu hosp rate change,0,2026-10-10,24,pmf,large_increase,0.0009970089730807579
2026-10-10,wk flu hosp rate change,1,2026-10-17,24,pmf,large_decrease,0.0009970089730807579
2026-10-10,wk flu hosp rate change,1,2026-10-17,24,pmf,decrease,0.0009970089730807579
2026-10-10,wk flu hosp rate change,1,2026-10-17,24,pmf,stable,0.9442671984047858
2026-10-10,wk flu hosp rate change,1,2026-10-17,24,pmf,increase,0.05274177467597209
2026-10-10,wk flu hosp rate change,1,2026-10-17,24,pmf,large_increase,0.0009970089730807579
2026-10-10,wk flu hosp rate change,2,2026-10-24,24,pmf,large_decrease,0.0009970089730807579
2026-10-10,wk flu hosp rate change,2,2026-10-24,24,pmf,decrease,0.0009970089730807579
2026-10-10,wk flu hosp rate change,2,2026-10-24,24,pmf,stable,0.9292123629112663
2026-10-10,wk flu hosp rate change,2,2026-10-24,24,pmf,increase,0.06779661016949154
2026-10-10,wk flu hosp rate change,2,2026-10-24,24,pmf,large_increase,0.0009970089730807579
2026-10-10,wk flu hosp rate change,3,2026-10-31,24,pmf,large_decrease,0.0009970089730807579
2026-10-10,wk flu hosp rate change,3,2026-10-31,24,pmf,decrease,0.0009970089730807579
2026-10-10,wk flu hosp rate change,3,2026-10-31,24,pmf,stable,0.9233300099700898
2026-10-10,wk flu hosp rate change,3,2026-10-31,24,pmf,increase,0.073678963110668
2026-10-10,wk flu hosp rate change,3,2026-10-31,24,pmf,large_increase,0.0009970089730807579
2026-10-10,wk flu hosp rate change,0,2026-10-10,25,pmf,large_decrease,0.000998003992015968
2026-10-10,wk flu hosp rate change,0,2026-10-10,25,pmf,decrease,0.000998003992015968
2026-10-10,wk flu hosp rate change,0,2026-10-10,25,pmf,stable,0.8940119760479043
2026-10-10,wk flu hosp rate change,0,2026-10-10,25,pmf,increase,0.1029940119760479
2026-10-10,wk flu hosp rate change,0,2026-10-10,25,pmf,large_increase,0.000998003992015968
2026-10-10,wk flu hosp rate change,1,2026-10-17,25,pmf,large_decrease,0.0009970089730807579
2026-10-10,wk flu hosp rate change,1,2026-10-17,25,pmf,decrease,0.0009970089730807579
2026-10-10,wk flu hosp rate change,1,2026-10-17,25,pmf,stable,0.8533399800598206
2026-10-10,wk flu hosp rate change,1,2026-10-17,25,pmf,increase,0.14366899302093722
2026-10-10,wk flu hosp rate change,1,2026-10-17,25,pmf,large_increase,0.0009970089730807579
2026-10-10,wk flu hosp rate change,2,2026-10-24,25,pmf,large_decrease,0.0009970089730807579
2026-10-10,wk flu hosp rate change,2,2026-10-24,25,pmf,decrease,0.0009970089730807579
2026-10-10,wk flu hosp rate change,2,2026-10-24,25,pmf,stable,0.8107676969092723
2026-10-10,wk flu hosp rate change,2,2026-10-24,25,pmf,increase,0.18624127617148556
2026-10-10,wk flu hosp rate change,2,2026-10-24,25,pmf,large_increase,0.0009970089730807579
2026-10-10,wk flu hosp rate change,3,2026-10-31,25,pmf,large_decrease,0.0009970089730807579
2026-10-10,wk flu hosp rate change,3,2026-10-31,25,pmf,decrease,0.0009970089730807579
2026-10-10,wk flu hosp rate change,3,2026-10-31,25,pmf,stable,0.7966101694915255
2026-10-10,wk flu hosp rate change,3,2026-10-31,25,pmf,increase,0.20039880358923234
2026-10-10,wk flu hosp rate change,3,2026-10-31,25,pmf,large_increase,0.0009970089730807579
2026-10-10,wk flu hosp rate change,0,2026-10-10,26,pmf,large_decrease,0.0009973072703700011
2026-10-10,wk flu hosp rate change,0,2026-10-10,26,pmf,decrease,0.0009973072703700011
2026-10-10,wk flu hosp rate change,0,2026-10-10,26,pmf,stable,0.93118579834447
2026-10-10,wk flu hosp rate change,0,2026-10-10,26,pmf,increase,0.06582227984442007
2026-10-10,wk flu hosp rate change,0,2026-10-10,26,pmf,large_increase,0.0009973072703700011
2026-10-10,wk flu hosp rate change,1,2026-10-17,26,pmf,large_decrease,0.0009970089730807579
2026-10-10,wk flu hosp rate change,1,2026-10-17,26,pmf,decrease,0.0009970089730807579
2026-10-10,wk flu hosp rate change,1,2026-10-17,26,pmf,stable,0.9222333000997011
2026-10-10,wk flu hosp rate change,1,2026-10-17,26,pmf,increase,0.07477567298105683
2026-10-10,wk flu hosp rate change,1,2026-10-17,26,pmf,large_increase,0.0009970089730807579
2026-10-10,wk flu hosp rate change,2,2026-10-24,26,pmf,large_decrease,0.0009970089730807579
2026-10-10,wk flu hosp rate change,2,2026-10-24,26,pmf,decrease,0.0009970089730807579
2026-10-10,wk flu hosp rate change,2,2026-10-24,26,pmf,stable,0.8922233300099702
2026-10-10,wk flu hosp rate change,2,2026-10-24,26,pmf,increase,0.10478564307078765
2026-10-10,wk flu hosp rate change,2,2026-10-24,26,pmf,large_increase,0.0009970089730807579
2026-10-10,wk flu hosp rate change,3,2026-10-31,26,pmf,large_decrease,0.0009970089730807579
2026-10-10,wk flu hosp rate change,3,2026-10-31,26,pmf,decrease,0.0009970089730807579
2026-10-10,wk flu hosp rate change,3,2026-10-31,26,pmf,stable,0.8943170488534398
2026-10-10,wk flu hosp rate change,3,2026-10-31,26,pmf,increase,0.10269192422731806
2026-10-10,wk flu hosp rate change,3,2026-10-31,26,pmf,large_increase,0.0009970089730807579
2026-10-10,wk flu hosp rate change,0,2026-10-10,27,pmf,large_decrease,0.000998003992015968
2026-10-10,wk flu hosp rate change,0,2026-10-10,27,pmf,decrease,0.005888223552894211
2026-10-10,wk flu hosp rate change,0,2026-10-10,27,pmf,stable,0.8580838323353294
2026-10-10,wk flu hosp rate change,0,2026-10-10,27,pmf,increase,0.1340319361277445
2026-10-10,wk flu hosp rate change,0,2026-10-10,27,pmf,large_increase,0.000998003992015968
2026-10-10,wk flu hosp rate change,1,2026-10-17,27,pmf,large_decrease,0.000997207818109294
2026-10-10,wk flu hosp rate change,1,2026-10-17,27,pmf,decrease,0.000997207818109294
2026-10-10,wk flu hosp rate change,1,2026-10-17,27,pmf,stable,0.8482249700837655
2026-10-10,wk flu hosp rate change,1,2026-10-17,27,pmf,increase,0.1487834064619067
2026-10-10,wk flu hosp rate change,1,2026-10-17,27,pmf,large_increase,0.000997207818109294
2026-10-10,wk flu hosp rate change,2,2026-10-24,27,pmf,large_decrease,0.0009970089730807579
2026-10-10,wk flu hosp rate change,2,2026-10-24,27,pmf,decrease,0.0009970089730807579
2026-10-10,wk flu hosp rate change,2,2026-10-24,27,pmf,stable,0.8252243270189432
2026-10-10,wk flu hosp rate change,2,2026-10-24,27,pmf,increase,0.1717846460618146
2026-10-10,wk flu hosp rate change,2,2026-10-24,27,pmf,large_increase,0.0009970089730807579
2026-10-10,wk flu hosp rate change,3,2026-10-31,27,pmf,large_decrease,0.0009970089730807579
2026-10-10,wk flu hosp rate change,3,2026-10-31,27,pmf,decrease,0.0009970089730807579
2026-10-10,wk flu hosp rate change,3,2026-10-31,27,pmf,stable,0.7996011964107679
2026-10-10,wk flu hosp rate change,3,2026-10-31,27,pmf,increase,0.19740777666999007
2026-10-10,wk flu hosp rate change,3,2026-10-31,27,pmf,large_increase,0.0009970089730807579
2026-10-10,wk flu hosp rate change,0,2026-10-10,28,pmf,large_decrease,0.000998003992015968
2026-10-10,wk flu hosp rate change,0,2026-10-10,28,pmf,decrease,0.02694610778443114
2026-10-10,wk flu hosp rate change,0,2026-10-10,28,pmf,stable,0.8316367265469062
2026-10-10,wk flu hosp rate change,0,2026-10-10,28,pmf,increase,0.13942115768463073
2026-10-10,wk flu hosp rate change,0,2026-10-10,28,pmf,large_increase,0.000998003992015968
2026-10-10,wk flu hosp rate change,1,2026-10-17,28,pmf,large_decrease,0.0009980039920159682
2026-10-10,wk flu hosp rate change,1,2026-10-17,28,pmf,decrease,0.005289421157684632
2026-10-10,wk flu hosp rate change,1,2026-10-17,28,pmf,stable,0.8110778443113774
2026-10-10,wk flu hosp rate change,1,2026-10-17,28,pmf,increase,0.1816367265469062
2026-10-10,wk flu hosp rate change,1,2026-10-17,28,pmf,large_increase,0.0009980039920159682
2026-10-10,wk flu hosp rate change,2,2026-10-24,28,pmf,large_decrease,0.000997207818109294
2026-10-10,wk flu hosp rate change,2,2026-10-24,28,pmf,decrease,0.000997207818109294
2026-10-10,wk flu hosp rate change,2,2026-10-24,28,pmf,stable,0.7779218189070604
2026-10-10,wk flu hosp rate change,2,2026-10-24,28,pmf,increase,0.2190865576386119
2026-10-10,wk flu hosp rate change,2,2026-10-24,28,pmf,large_increase,0.000997207818109294
2026-10-10,wk flu hosp rate change,3,2026-10-31,28,pmf,large_decrease,0.0009970089730807579
2026-10-10,wk flu hosp rate change,3,2026-10-31,28,pmf,decrease,0.0009970089730807579
2026-10-10,wk flu hosp rate change,3,2026-10-31,28,pmf,stable,0.7588235294117648
2026-10-10,wk flu hosp rate change,3,2026-10-31,28,pmf,increase,0.23818544366899305
2026-10-10,wk flu hosp rate change,3,2026-10-31,28,pmf,large_increase,0.0009970089730807579
2026-10-10,wk flu hosp rate change,0,2026-10-10,29,pmf,large_decrease,0.000998003992015968
2026-10-10,wk flu hosp rate change,0,2026-10-10,29,pmf,decrease,0.010578842315369262
2026-10-10,wk flu hosp rate change,0,2026-10-10,29,pmf,stable,0.8996007984031936
2026-10-10,wk flu hosp rate change,0,2026-10-10,29,pmf,increase,0.08782435129740518
2026-10-10,wk flu hosp rate change,0,2026-10-10,29,pmf,large_increase,0.000998003992015968
2026-10-10,wk flu hosp rate change,1,2026-10-17,29,pmf,large_decrease,0.0009973072703700011
2026-10-10,wk flu hosp rate change,1,2026-10-17,29,pmf,decrease,0.0009973072703700011
2026-10-10,wk flu hosp rate change,1,2026-10-17,29,pmf,stable,0.911937768026329
2026-10-10,wk flu hosp rate change,1,2026-10-17,29,pmf,increase,0.08507031016256109
2026-10-10,wk flu hosp rate change,1,2026-10-17,29,pmf,large_increase,0.0009973072703700011
2026-10-10,wk flu hosp rate change,2,2026-10-24,29,pmf,large_decrease,0.0009970089730807579
2026-10-10,wk flu hosp rate change,2,2026-10-24,29,pmf,decrease,0.0009970089730807579
2026-10-10,wk flu hosp rate change,2,2026-10-24,29,pmf,stable,0.8988035892323032
2026-10-10,wk flu hosp rate change,2,2026-10-24,29,pmf,increase,0.09820538384845465
2026-10-10,wk flu hosp rate change,2,2026-10-24,29,pmf,large_increase,0.0009970089730807579
2026-10-10,wk flu hosp rate change,3,2026-10-31,29,pmf,large_decrease,0.0009970089730807579
2026-10-10,wk flu hosp rate change,3,2026-10-31,29,pmf,decrease,0.0009970089730807579
2026-10-10,wk flu hosp rate change,3,2026-10-31,29,pmf,stable,0.8882352941176472
2026-10-10,wk flu hosp rate change,3,2026-10-31,29,pmf,increase,0.10877367896311069
2026-10-10,wk flu hosp rate change,3,2026-10-31,29,pmf,large_increase,0.0009970089730807579
2026-10-10,wk flu hosp rate change,0,2026-10-10,30,pmf,large_decrease,0.0081
2026-10-10,wk flu hosp rate change,0,2026-10-10,30,pmf,decrease,0.0874
2026-10-10,wk flu hosp rate change,0,2026-10-10,30,pmf,stable,0.704
2026-10-10,wk flu hosp rate change,0,2026-10-10,30,pmf,increase,0.1264
2026-10-10,wk flu hosp rate change,0,2026-10-10,30,pmf,large_increase,0.0741
2026-10-10,wk flu hosp rate change,1,2026-10-17,30,pmf,large_decrease,0.0009993004896572397
2026-10-10,wk flu hosp rate change,1,2026-10-17,30,pmf,decrease,0.12351354052163484
2026-10-10,wk flu hosp rate change,1,2026-10-17,30,pmf,stable,0.581393024882582
2026-10-10,wk flu hosp rate change,1,2026-10-17,30,pmf,increase,0.23453582492255418
2026-10-10,wk flu hosp rate change,1,2026-10-17,30,pmf,large_increase,0.05955830918357149
2026-10-10,wk flu hosp rate change,2,2026-10-24,30,pmf,large_decrease,0.000999000999000999
2026-10-10,wk flu hosp rate change,2,2026-10-24,30,pmf,decrease,0.13006993006993006
2026-10-10,wk flu hosp rate change,2,2026-10-24,30,pmf,stable,0.5114885114885115
2026-10-10,wk flu hosp rate change,2,2026-10-24,30,pmf,increase,0.28971028971028967
2026-10-10,wk flu hosp rate change,2,2026-10-24,30,pmf,large_increase,0.06773226773226772
2026-10-10,wk flu hosp rate change,3,2026-10-31,30,pmf,large_decrease,0.0009990009990009992
2026-10-10,wk flu hosp rate change,3,2026-10-31,30,pmf,decrease,0.08991008991008992
2026-10-10,wk flu hosp rate change,3,2026-10-31,30,pmf,stable,0.5277722277722279
2026-10-10,wk flu hosp rate change,3,2026-10-31,30,pmf,increase,0.3004995004995005
2026-10-10,wk flu hosp rate change,3,2026-10-31,30,pmf,large_increase,0.08081918081918082
2026-10-10,wk flu hosp rate change,0,2026-10-10,31,pmf,large_decrease,0.0163
2026-10-10,wk flu hosp rate change,0,2026-10-10,31,pmf,decrease,0.1311
2026-10-10,wk flu hosp rate change,0,2026-10-10,31,pmf,stable,0.4471
2026-10-10,wk flu hosp rate change,0,2026-10-10,31,pmf,increase,0.2637
2026-10-10,wk flu hosp rate change,0,2026-10-10,31,pmf,large_increase,0.1418
2026-10-10,wk flu hosp rate change,1,2026-10-17,31,pmf,large_decrease,0.0023
2026-10-10,wk flu hosp rate change,1,2026-10-17,31,pmf,decrease,0.0946
2026-10-10,wk flu hosp rate change,1,2026-10-17,31,pmf,stable,0.2777
2026-10-10,wk flu hosp rate change,1,2026-10-17,31,pmf,increase,0.4072
2026-10-10,wk flu hosp rate change,1,2026-10-17,31,pmf,large_increase,0.2182
2026-10-10,wk flu hosp rate change,2,2026-10-24,31,pmf,large_decrease,0.0009990009990009992
2026-10-10,wk flu hosp rate change,2,2026-10-24,31,pmf,decrease,0.03696303696303697
2026-10-10,wk flu hosp rate change,2,2026-10-24,31,pmf,stable,0.21818181818181823
2026-10-10,wk flu hosp rate change,2,2026-10-24,31,pmf,increase,0.40859140859140863
2026-10-10,wk flu hosp rate change,2,2026-10-24,31,pmf,large_increase,0.3352647352647353
2026-10-10,wk flu hosp rate change,3,2026-10-31,31,pmf,large_decrease,0.000999000999000999
2026-10-10,wk flu hosp rate change,3,2026-10-31,31,pmf,decrease,0.017082917082917082
2026-10-10,wk flu hosp rate change,3,2026-10-31,31,pmf,stable,0.19220779220779216
2026-10-10,wk flu hosp rate change,3,2026-10-31,31,pmf,increase,0.3775224775224775
2026-10-10,wk flu hosp rate change,3,2026-10-31,31,pmf,large_increase,0.41218781218781214
2026-10-10,wk flu hosp rate change,0,2026-10-10,32,pmf,large_decrease,0.0009990009990009992
2026-10-10,wk flu hosp rate change,0,2026-10-10,32,pmf,decrease,0.09290709290709291
2026-10-10,wk flu hosp rate change,0,2026-10-10,32,pmf,stable,0.5248751248751249
2026-10-10,wk flu hosp rate change,0,2026-10-10,32,pmf,increase,0.37922077922077924
2026-10-10,wk flu hosp rate change,0,2026-10-10,32,pmf,large_increase,0.0019980019980019984
2026-10-10,wk flu hosp rate change,1,2026-10-17,32,pmf,large_decrease,0.0009990009990009992
2026-10-10,wk flu hosp rate change,1,2026-10-17,32,pmf,decrease,0.029070929070929074
2026-10-10,wk flu hosp rate change,1,2026-10-17,32,pmf,stable,0.56003996003996
2026-10-10,wk flu hosp rate change,1,2026-10-17,32,pmf,increase,0.4080919080919081
2026-10-10,wk flu hosp rate change,1,2026-10-17,32,pmf,large_increase,0.0017982017982017984
2026-10-10,wk flu hosp rate change,2,2026-10-24,32,pmf,large_decrease,0.000999000999000999
2026-10-10,wk flu hosp rate change,2,2026-10-24,32,pmf,decrease,0.013086913086913086
2026-10-10,wk flu hosp rate change,2,2026-10-24,32,pmf,stable,0.558041958041958
2026-10-10,wk flu hosp rate change,2,2026-10-24,32,pmf,increase,0.41238761238761235
2026-10-10,wk flu hosp rate change,2,2026-10-24,32,pmf,large_increase,0.015484515484515482
2026-10-10,wk flu hosp rate change,3,2026-10-31,32,pmf,large_decrease,0.000999000999000999
2026-10-10,wk flu hosp rate change,3,2026-10-31,32,pmf,decrease,0.0026973026973026973
2026-10-10,wk flu hosp rate change,3,2026-10-31,32,pmf,stable,0.6156843156843156
2026-10-10,wk flu hosp rate change,3,2026-10-31,32,pmf,increase,0.3584415584415584
2026-10-10,wk flu hosp rate change,3,2026-10-31,32,pmf,large_increase,0.022177822177822177
2026-10-10,wk flu hosp rate change,0,2026-10-10,33,pmf,large_decrease,0.0009981036031540074
2026-10-10,wk flu hosp rate change,0,2026-10-10,33,pmf,decrease,0.0009981036031540074
2026-10-10,wk flu hosp rate change,0,2026-10-10,33,pmf,stable,0.9010879329274379
2026-10-10,wk flu hosp rate change,0,2026-10-10,33,pmf,increase,0.0946202215789999
2026-10-10,wk flu hosp rate change,0,2026-10-10,33,pmf,large_increase,0.002295638287254217
2026-10-10,wk flu hosp rate change,1,2026-10-17,33,pmf,large_decrease,0.000998003992015968
2026-10-10,wk flu hosp rate change,1,2026-10-17,33,pmf,decrease,0.000998003992015968
2026-10-10,wk flu hosp rate change,1,2026-10-17,33,pmf,stable,0.6739520958083832
2026-10-10,wk flu hosp rate change,1,2026-10-17,33,pmf,increase,0.3219560878243513
2026-10-10,wk flu hosp rate change,1,2026-10-17,33,pmf,large_increase,0.002095808383233533
2026-10-10,wk flu hosp rate change,2,2026-10-24,33,pmf,large_decrease,0.000998003992015968
2026-10-10,wk flu hosp rate change,2,2026-10-24,33,pmf,decrease,0.000998003992015968
2026-10-10,wk flu hosp rate change,2,2026-10-24,33,pmf,stable,0.3708582834331337
2026-10-10,wk flu hosp rate change,2,2026-10-24,33,pmf,increase,0.6029940119760479
2026-10-10,wk flu hosp rate change,2,2026-10-24,33,pmf,large_increase,0.024151696606786427
2026-10-10,wk flu hosp rate change,3,2026-10-31,33,pmf,large_decrease,0.000998003992015968
2026-10-10,wk flu hosp rate change,3,2026-10-31,33,pmf,decrease,0.000998003992015968
2026-10-10,wk flu hosp rate change,3,2026-10-31,33,pmf,stable,0.33093812375249504
2026-10-10,wk flu hosp rate change,3,2026-10-31,33,pmf,increase,0.6183632734530938
2026-10-10,wk flu hosp rate change,3,2026-10-31,33,pmf,large_increase,0.048702594810379245
2026-10-10,wk flu hosp rate change,0,2026-10-10,34,pmf,large_decrease,0.000998003992015968
2026-10-10,wk flu hosp rate change,0,2026-10-10,34,pmf,decrease,0.04810379241516966
2026-10-10,wk flu hosp rate change,0,2026-10-10,34,pmf,stable,0.7292415169660679
2026-10-10,wk flu hosp rate change,0,2026-10-10,34,pmf,increase,0.22065868263473054
2026-10-10,wk flu hosp rate change,0,2026-10-10,34,pmf,large_increase,0.000998003992015968
2026-10-10,wk flu hosp rate change,1,2026-10-17,34,pmf,large_decrease,0.000998003992015968
2026-10-10,wk flu hosp rate change,1,2026-10-17,34,pmf,decrease,0.011277445109780439
2026-10-10,wk flu hosp rate change,1,2026-10-17,34,pmf,stable,0.7792415169660679
2026-10-10,wk flu hosp rate change,1,2026-10-17,34,pmf,increase,0.20748502994011978
2026-10-10,wk flu hosp rate change,1,2026-10-17,34,pmf,large_increase,0.000998003992015968
2026-10-10,wk flu hosp rate change,2,2026-10-24,34,pmf,large_decrease,0.0009980039920159682
2026-10-10,wk flu hosp rate change,2,2026-10-24,34,pmf,decrease,0.0023952095808383238
2026-10-10,wk flu hosp rate change,2,2026-10-24,34,pmf,stable,0.7630738522954092
2026-10-10,wk flu hosp rate change,2,2026-10-24,34,pmf,increase,0.23253493013972062
2026-10-10,wk flu hosp rate change,2,2026-10-24,34,pmf,large_increase,0.0009980039920159682
2026-10-10,wk flu hosp rate change,3,2026-10-31,34,pmf,large_decrease,0.0009970089730807579
2026-10-10,wk flu hosp rate change,3,2026-10-31,34,pmf,decrease,0.0009970089730807579
2026-10-10,wk flu hosp rate change,3,2026-10-31,34,pmf,stable,0.7761714855433699
2026-10-10,wk flu hosp rate change,3,2026-10-31,34,pmf,increase,0.22083748753738786
2026-10-10,wk flu hosp rate change,3,2026-10-31,34,pmf,large_increase,0.0009970089730807579
2026-10-10,wk flu hosp rate change,0,2026-10-10,35,pmf,large_decrease,0.0009970089730807579
2026-10-10,wk flu hosp rate change,0,2026-10-10,35,pmf,decrease,0.0009970089730807579
2026-10-10,wk flu hosp rate change,0,2026-10-10,35,pmf,stable,0.9908275174476572
2026-10-10,wk flu hosp rate change,0,2026-10-10,35,pmf,increase,0.006181455633100698
2026-10-10,wk flu hosp rate change,0,2026-10-10,35,pmf,large_increase,0.0009970089730807579
2026-10-10,wk flu hosp rate change,1,2026-10-17,35,pmf,large_decrease,0.0009970089730807579
2026-10-10,wk flu hosp rate change,1,2026-10-17,35,pmf,decrease,0.0009970089730807579
2026-10-10,wk flu hosp rate change,1,2026-10-17,35,pmf,stable,0.8846460618145564
2026-10-10,wk flu hosp rate change,1,2026-10-17,35,pmf,increase,0.1123629112662014
2026-10-10,wk flu hosp rate change,1,2026-10-17,35,pmf,large_increase,0.0009970089730807579
2026-10-10,wk flu hosp rate change,2,2026-10-24,35,pmf,large_decrease,0.0009970089730807579
2026-10-10,wk flu hosp rate change,2,2026-10-24,35,pmf,decrease,0.0009970089730807579
2026-10-10,wk flu hosp rate change,2,2026-10-24,35,pmf,stable,0.8409770687936192
2026-10-10,wk flu hosp rate change,2,2026-10-24,35,pmf,increase,0.1560319042871386
2026-10-10,wk flu hosp rate change,2,2026-10-24,35,pmf,large_increase,0.0009970089730807579
2026-10-10,wk flu hosp rate change,3,2026-10-31,35,pmf,large_decrease,0.0009970089730807579
2026-10-10,wk flu hosp rate change,3,2026-10-31,35,pmf,decrease,0.0009970089730807579
2026-10-10,wk flu hosp rate change,3,2026-10-31,35,pmf,stable,0.8509471585244268
2026-10-10,wk flu hosp rate change,3,2026-10-31,35,pmf,increase,0.14606181455633102
2026-10-10,wk flu hosp rate change,3,2026-10-31,35,pmf,large_increase,0.0009970089730807579
2026-10-10,wk flu hosp rate change,0,2026-10-10,36,pmf,large_decrease,0.0009980039920159682
2026-10-10,wk flu hosp rate change,0,2026-10-10,36,pmf,decrease,0.002794411177644711
2026-10-10,wk flu hosp rate change,0,2026-10-10,36,pmf,stable,0.5563872255489023
2026-10-10,wk flu hosp rate change,0,2026-10-10,36,pmf,increase,0.4388223552894212
2026-10-10,wk flu hosp rate change,0,2026-10-10,36,pmf,large_increase,0.0009980039920159682
2026-10-10,wk flu hosp rate change,1,2026-10-17,36,pmf,large_decrease,0.000997207818109294
2026-10-10,wk flu hosp rate change,1,2026-10-17,36,pmf,decrease,0.000997207818109294
2026-10-10,wk flu hosp rate change,1,2026-10-17,36,pmf,stable,0.5316114878340646
2026-10-10,wk flu hosp rate change,1,2026-10-17,36,pmf,increase,0.46539688871160756
2026-10-10,wk flu hosp rate change,1,2026-10-17,36,pmf,large_increase,0.000997207818109294
2026-10-10,wk flu hosp rate change,2,2026-10-24,36,pmf,large_decrease,0.000997207818109294
2026-10-10,wk flu hosp rate change,2,2026-10-24,36,pmf,decrease,0.000997207818109294
2026-10-10,wk flu hosp rate change,2,2026-10-24,36,pmf,stable,0.4892301555644196
2026-10-10,wk flu hosp rate change,2,2026-10-24,36,pmf,increase,0.5077782209812525
2026-10-10,wk flu hosp rate change,2,2026-10-24,36,pmf,large_increase,0.000997207818109294
2026-10-10,wk flu hosp rate change,3,2026-10-31,36,pmf,large_decrease,0.000998003992015968
2026-10-10,wk flu hosp rate change,3,2026-10-31,36,pmf,decrease,0.000998003992015968
2026-10-10,wk flu hosp rate change,3,2026-10-31,36,pmf,stable,0.506686626746507
2026-10-10,wk flu hosp rate change,3,2026-10-31,36,pmf,increase,0.47644710578842314
2026-10-10,wk flu hosp rate change,3,2026-10-31,36,pmf,large_increase,0.014870259481037925
2026-10-10,wk flu hosp rate change,0,2026-10-10,37,pmf,large_decrease,0.0009990009990009992
2026-10-10,wk flu hosp rate change,0,2026-10-10,37,pmf,decrease,0.005294705294705295
2026-10-10,wk flu hosp rate change,0,2026-10-10,37,pmf,stable,0.5296703296703298
2026-10-10,wk flu hosp rate change,0,2026-10-10,37,pmf,increase,0.45304695304695314
2026-10-10,wk flu hosp rate change,0,2026-10-10,37,pmf,large_increase,0.01098901098901099
2026-10-10,wk flu hosp rate change,1,2026-10-17,37,pmf,large_decrease,0.0009981036031540074
2026-10-10,wk flu hosp rate change,1,2026-10-17,37,pmf,decrease,0.0009981036031540074
2026-10-10,wk flu hosp rate change,1,2026-10-17,37,pmf,stable,0.46162291645872844
2026-10-10,wk flu hosp rate change,1,2026-10-17,37,pmf,increase,0.5063379578800279
2026-10-10,wk flu hosp rate change,1,2026-10-17,37,pmf,large_increase,0.03004291845493562
2026-10-10,wk flu hosp rate change,2,2026-10-24,37,pmf,large_decrease,0.000998003992015968
2026-10-10,wk flu hosp rate change,2,2026-10-24,37,pmf,decrease,0.000998003992015968
2026-10-10,wk flu hosp rate change,2,2026-10-24,37,pmf,stable,0.39810379241516963
2026-10-10,wk flu hosp rate change,2,2026-10-24,37,pmf,increase,0.5531936127744511
2026-10-10,wk flu hosp rate change,2,2026-10-24,37,pmf,large_increase,0.046706586826347304
2026-10-10,wk flu hosp rate change,3,2026-10-31,37,pmf,large_decrease,0.000998003992015968
2026-10-10,wk flu hosp rate change,3,2026-10-31,37,pmf,decrease,0.000998003992015968
2026-10-10,wk flu hosp rate change,3,2026-10-31,37,pmf,stable,0.38063872255489023
2026-10-10,wk flu hosp rate change,3,2026-10-31,37,pmf,increase,0.5457085828343313
2026-10-10,wk flu hosp rate change,3,2026-10-31,37,pmf,large_increase,0.07165668662674651
2026-10-10,wk flu hosp rate change,0,2026-10-10,38,pmf,large_decrease,0.0009960159362549803
2026-10-10,wk flu hosp rate change,0,2026-10-10,38,pmf,decrease,0.0009960159362549803
2026-10-10,wk flu hosp rate change,0,2026-10-10,38,pmf,stable,0.9960159362549803
2026-10-10,wk flu hosp rate change,0,2026-10-10,38,pmf,increase,0.0009960159362549803
2026-10-10,wk flu hosp rate change,0,2026-10-10,38,pmf,large_increase,0.0009960159362549803
2026-10-10,wk flu hosp rate change,1,2026-10-17,38,pmf,large_decrease,0.0009970089730807579
2026-10-10,wk flu hosp rate change,1,2026-10-17,38,pmf,decrease,0.0009970089730807579
2026-10-10,wk flu hosp rate change,1,2026-10-17,38,pmf,stable,0.995912263210369
2026-10-10,wk flu hosp rate change,1,2026-10-17,38,pmf,increase,0.0010967098703888337
2026-10-10,wk flu hosp rate change,1,2026-10-17,38,pmf,large_increase,0.0009970089730807579
2026-10-10,wk flu hosp rate change,2,2026-10-24,38,pmf,large_decrease,0.0009970089730807579
2026-10-10,wk flu hosp rate change,2,2026-10-24,38,pmf,decrease,0.0009970089730807579
2026-10-10,wk flu hosp rate change,2,2026-10-24,38,pmf,stable,0.9726819541375874
2026-10-10,wk flu hosp rate change,2,2026-10-24,38,pmf,increase,0.024327018943170492
2026-10-10,wk flu hosp rate change,2,2026-10-24,38,pmf,large_increase,0.0009970089730807579
2026-10-10,wk flu hosp rate change,3,2026-10-31,38,pmf,large_decrease,0.0009970089730807579
2026-10-10,wk flu hosp rate change,3,2026-10-31,38,pmf,decrease,0.0009970089730807579
2026-10-10,wk flu hosp rate change,3,2026-10-31,38,pmf,stable,0.9333000997008974
2026-10-10,wk flu hosp rate change,3,2026-10-31,38,pmf,increase,0.06370887337986042
2026-10-10,wk flu hosp rate change,3,2026-10-31,38,pmf,large_increase,0.0009970089730807579
2026-10-10,wk flu hosp rate change,0,2026-10-10,39,pmf,large_decrease,0.000998003992015968
2026-10-10,wk flu hosp rate change,0,2026-10-10,39,pmf,decrease,0.0068862275449101795
2026-10-10,wk flu hosp rate change,0,2026-10-10,39,pmf,stable,0.7189620758483034
2026-10-10,wk flu hosp rate change,0,2026-10-10,39,pmf,increase,0.27215568862275447
2026-10-10,wk flu hosp rate change,0,2026-10-10,39,pmf,large_increase,0.000998003992015968
2026-10-10,wk flu hosp rate change,1,2026-10-17,39,pmf,large_decrease,0.0009971083856815236
2026-10-10,wk flu hosp rate change,1,2026-10-17,39,pmf,decrease,0.0009971083856815236
2026-10-10,wk flu hosp rate change,1,2026-10-17,39,pmf,stable,0.6333632465849038
2026-10-10,wk flu hosp rate change,1,2026-10-17,39,pmf,increase,0.3636454282580517
2026-10-10,wk flu hosp rate change,1,2026-10-17,39,pmf,large_increase,0.0009971083856815236
2026-10-10,wk flu hosp rate change,2,2026-10-24,39,pmf,large_decrease,0.000998003992015968
2026-10-10,wk flu hosp rate change,2,2026-10-24,39,pmf,decrease,0.000998003992015968
2026-10-10,wk flu hosp rate change,2,2026-10-24,39,pmf,stable,0.5542914171656687
2026-10-10,wk flu hosp rate change,2,2026-10-24,39,pmf,increase,0.42684630738522955
2026-10-10,wk flu hosp rate change,2,2026-10-24,39,pmf,large_increase,0.01686626746506986
2026-10-10,wk flu hosp rate change,3,2026-10-31,39,pmf,large_decrease,0.000998003992015968
2026-10-10,wk flu hosp rate change,3,2026-10-31,39,pmf,decrease,0.000998003992015968
2026-10-10,wk flu hosp rate change,3,2026-10-31,39,pmf,stable,0.5253493013972056
2026-10-10,wk flu hosp rate change,3,2026-10-31,39,pmf,increase,0.4347305389221557
2026-10-10,wk flu hosp rate change,3,2026-10-31,39,pmf,large_increase,0.03792415169660678
2026-10-10,wk flu hosp rate change,0,2026-10-10,40,pmf,large_decrease,0.000998003992015968
2026-10-10,wk flu hosp rate change,0,2026-10-10,40,pmf,decrease,0.00778443113772455
2026-10-10,wk flu hosp rate change,0,2026-10-10,40,pmf,stable,0.7450099800399202
2026-10-10,wk flu hosp rate change,0,2026-10-10,40,pmf,increase,0.24520958083832337
2026-10-10,wk flu hosp rate change,0,2026-10-10,40,pmf,large_increase,0.000998003992015968
2026-10-10,wk flu hosp rate change,1,2026-10-17,40,pmf,large_decrease,0.0009970089730807579
2026-10-10,wk flu hosp rate change,1,2026-10-17,40,pmf,decrease,0.0009970089730807579
2026-10-10,wk flu hosp rate change,1,2026-10-17,40,pmf,stable,0.6378863409770689
2026-10-10,wk flu hosp rate change,1,2026-10-17,40,pmf,increase,0.359122632103689
2026-10-10,wk flu hosp rate change,1,2026-10-17,40,pmf,large_increase,0.0009970089730807579
2026-10-10,wk flu hosp rate change,2,2026-10-24,40,pmf,large_decrease,0.0009970089730807579
2026-10-10,wk flu hosp rate change,2,2026-10-24,40,pmf,decrease,0.0009970089730807579
2026-10-10,wk flu hosp rate change,2,2026-10-24,40,pmf,stable,0.5044865403788634
2026-10-10,wk flu hosp rate change,2,2026-10-24,40,pmf,increase,0.4925224327018944
2026-10-10,wk flu hosp rate change,2,2026-10-24,40,pmf,large_increase,0.0009970089730807579
2026-10-10,wk flu hosp rate change,3,2026-10-31,40,pmf,large_decrease,0.000998003992015968
2026-10-10,wk flu hosp rate change,3,2026-10-31,40,pmf,decrease,0.000998003992015968
2026-10-10,wk flu hosp rate change,3,2026-10-31,40,pmf,stable,0.45738522954091815
2026-10-10,wk flu hosp rate change,3,2026-10-31,40,pmf,increase,0.5147704590818364
2026-10-10,wk flu hosp rate change,3,2026-10-31,40,pmf,large_increase,0.025848303393213572
2026-10-10,wk flu hosp rate change,0,2026-10-10,41,pmf,large_decrease,0.000998003992015968
2026-10-10,wk flu hosp rate change,0,2026-10-10,41,pmf,decrease,0.0529940119760479
2026-10-10,wk flu hosp rate change,0,2026-10-10,41,pmf,stable,0.7687624750499001
2026-10-10,wk flu hosp rate change,0,2026-10-10,41,pmf,increase,0.17624750499001995
2026-10-10,wk flu hosp rate change,0,2026-10-10,41,pmf,large_increase,0.000998003992015968
2026-10-10,wk flu hosp rate change,1,2026-10-17,41,pmf,large_decrease,0.000998003992015968
2026-10-10,wk flu hosp rate change,1,2026-10-17,41,pmf,decrease,0.009680638722554891
2026-10-10,wk flu hosp rate change,1,2026-10-17,41,pmf,stable,0.7988023952095809
2026-10-10,wk flu hosp rate change,1,2026-10-17,41,pmf,increase,0.18952095808383235
2026-10-10,wk flu hosp rate change,1,2026-10-17,41,pmf,large_increase,0.000998003992015968
2026-10-10,wk flu hosp rate change,2,2026-10-24,41,pmf,large_decrease,0.0009980039920159682
2026-10-10,wk flu hosp rate change,2,2026-10-24,41,pmf,decrease,0.0014970059880239524
2026-10-10,wk flu hosp rate change,2,2026-10-24,41,pmf,stable,0.7809381237524952
2026-10-10,wk flu hosp rate change,2,2026-10-24,41,pmf,increase,0.21556886227544914
2026-10-10,wk flu hosp rate change,2,2026-10-24,41,pmf,large_increase,0.0009980039920159682
2026-10-10,wk flu hosp rate change,3,2026-10-31,41,pmf,large_decrease,0.0009970089730807579
2026-10-10,wk flu hosp rate change,3,2026-10-31,41,pmf,decrease,0.0009970089730807579
2026-10-10,wk flu hosp rate change,3,2026-10-31,41,pmf,stable,0.7853439680957129
2026-10-10,wk flu hosp rate change,3,2026-10-31,41,pmf,increase,0.21166500498504487
2026-10-10,wk flu hosp rate change,3,2026-10-31,41,pmf,large_increase,0.0009970089730807579
2026-10-10,wk flu hosp rate change,0,2026-10-10,42,pmf,large_decrease,0.0009980039920159682
2026-10-10,wk flu hosp rate change,0,2026-10-10,42,pmf,decrease,0.05868263473053893
2026-10-10,wk flu hosp rate change,0,2026-10-10,42,pmf,stable,0.6680638722554891
2026-10-10,wk flu hosp rate change,0,2026-10-10,42,pmf,increase,0.2712574850299402
2026-10-10,wk flu hosp rate change,0,2026-10-10,42,pmf,large_increase,0.0009980039920159682
2026-10-10,wk flu hosp rate change,1,2026-10-17,42,pmf,large_decrease,0.0009980039920159682
2026-10-10,wk flu hosp rate change,1,2026-10-17,42,pmf,decrease,0.020958083832335335
2026-10-10,wk flu hosp rate change,1,2026-10-17,42,pmf,stable,0.7061876247504991
2026-10-10,wk flu hosp rate change,1,2026-10-17,42,pmf,increase,0.2708582834331338
2026-10-10,wk flu hosp rate change,1,2026-10-17,42,pmf,large_increase,0.0009980039920159682
2026-10-10,wk flu hosp rate change,2,2026-10-24,42,pmf,large_decrease,0.0009980039920159682
2026-10-10,wk flu hosp rate change,2,2026-10-24,42,pmf,decrease,0.006487025948103794
2026-10-10,wk flu hosp rate change,2,2026-10-24,42,pmf,stable,0.7204590818363275
2026-10-10,wk flu hosp rate change,2,2026-10-24,42,pmf,increase,0.271057884231537
2026-10-10,wk flu hosp rate change,2,2026-10-24,42,pmf,large_increase,0.0009980039920159682
2026-10-10,wk flu hosp rate change,3,2026-10-31,42,pmf,large_decrease,0.0009978048293753743
2026-10-10,wk flu hosp rate change,3,2026-10-31,42,pmf,decrease,0.0009978048293753743
2026-10-10,wk flu hosp rate change,3,2026-10-31,42,pmf,stable,0.7361804031131511
2026-10-10,wk flu hosp rate change,3,2026-10-31,42,pmf,increase,0.26082618239872285
2026-10-10,wk flu hosp rate change,3,2026-10-31,42,pmf,large_increase,0.0009978048293753743
2026-10-10,wk flu hosp rate change,0,2026-10-10,44,pmf,large_decrease,0.000998003992015968
2026-10-10,wk flu hosp rate change,0,2026-10-10,44,pmf,decrease,0.000998003992015968
2026-10-10,wk flu hosp rate change,0,2026-10-10,44,pmf,stable,0.9246506986027944
2026-10-10,wk flu hosp rate change,0,2026-10-10,44,pmf,increase,0.0722554890219561
2026-10-10,wk flu hosp rate change,0,2026-10-10,44,pmf,large_increase,0.001097804391217565
2026-10-10,wk flu hosp rate change,1,2026-10-17,44,pmf,large_decrease,0.000998003992015968
2026-10-10,wk flu hosp rate change,1,2026-10-17,44,pmf,decrease,0.000998003992015968
2026-10-10,wk flu hosp rate change,1,2026-10-17,44,pmf,stable,0.7055888223552894
2026-10-10,wk flu hosp rate change,1,2026-10-17,44,pmf,increase,0.28233532934131733
2026-10-10,wk flu hosp rate change,1,2026-10-17,44,pmf,large_increase,0.010079840319361277
2026-10-10,wk flu hosp rate change,2,2026-10-24,44,pmf,large_decrease,0.000998003992015968
2026-10-10,wk flu hosp rate change,2,2026-10-24,44,pmf,decrease,0.000998003992015968
2026-10-10,wk flu hosp rate change,2,2026-10-24,44,pmf,stable,0.4353293413173652
2026-10-10,wk flu hosp rate change,2,2026-10-24,44,pmf,increase,0.5311377245508982
2026-10-10,wk flu hosp rate change,2,2026-10-24,44,pmf,large_increase,0.03153692614770459
2026-10-10,wk flu hosp rate change,3,2026-10-31,44,pmf,large_decrease,0.000998003992015968
2026-10-10,wk flu hosp rate change,3,2026-10-31,44,pmf,decrease,0.000998003992015968
2026-10-10,wk flu hosp rate change,3,2026-10-31,44,pmf,stable,0.32385229540918165
2026-10-10,wk flu hosp rate change,3,2026-10-31,44,pmf,increase,0.610878243512974
2026-10-10,wk flu hosp rate change,3,2026-10-31,44,pmf,large_increase,0.06327345309381237
2026-10-10,wk flu hosp rate change,0,2026-10-10,45,pmf,large_decrease,0.000998003992015968
2026-10-10,wk flu hosp rate change,0,2026-10-10,45,pmf,decrease,0.021756487025948103
2026-10-10,wk flu hosp rate change,0,2026-10-10,45,pmf,stable,0.7672654690618763
2026-10-10,wk flu hosp rate change,0,2026-10-10,45,pmf,increase,0.2089820359281437
2026-10-10,wk flu hosp rate change,0,2026-10-10,45,pmf,large_increase,0.000998003992015968
2026-10-10,wk flu hosp rate change,1,2026-10-17,45,pmf,large_decrease,0.0009980039920159682
2026-10-10,wk flu hosp rate change,1,2026-10-17,45,pmf,decrease,0.0025948103792415174
2026-10-10,wk flu hosp rate change,1,2026-10-17,45,pmf,stable,0.7579840319361278
2026-10-10,wk flu hosp rate change,1,2026-10-17,45,pmf,increase,0.23742514970059886
2026-10-10,wk flu hosp rate change,1,2026-10-17,45,pmf,large_increase,0.0009980039920159682
2026-10-10,wk flu hosp rate change,2,2026-10-24,45,pmf,large_decrease,0.0009971083856815236
2026-10-10,wk flu hosp rate change,2,2026-10-24,45,pmf,decrease,0.0009971083856815236
2026-10-10,wk flu hosp rate change,2,2026-10-24,45,pmf,stable,0.7295842058031708
2026-10-10,wk flu hosp rate change,2,2026-10-24,45,pmf,increase,0.2674244690397846
2026-10-10,wk flu hosp rate change,2,2026-10-24,45,pmf,large_increase,0.0009971083856815236
2026-10-10,wk flu hosp rate change,3,2026-10-31,45,pmf,large_decrease,0.0009971083856815236
2026-10-10,wk flu hosp rate change,3,2026-10-31,45,pmf,decrease,0.0009971083856815236
2026-10-10,wk flu hosp rate change,3,2026-10-31,45,pmf,stable,0.7211087845248779
2026-10-10,wk flu hosp rate change,3,2026-10-31,45,pmf,increase,0.2758998903180776
2026-10-10,wk flu hosp rate change,3,2026-10-31,45,pmf,large_increase,0.0009971083856815236
2026-10-10,wk flu hosp rate change,0,2026-10-10,46,pmf,large_decrease,0.0009970089730807579
2026-10-10,wk flu hosp rate change,0,2026-10-10,46,pmf,decrease,0.0009970089730807579
2026-10-10,wk flu hosp rate change,0,2026-10-10,46,pmf,stable,0.9937188434695914
2026-10-10,wk flu hosp rate change,0,2026-10-10,46,pmf,increase,0.003290129611166501
2026-10-10,wk flu hosp rate change,0,2026-10-10,46,pmf,large_increase,0.0009970089730807579
2026-10-10,wk flu hosp rate change,1,2026-10-17,46,pmf,large_decrease,0.0009970089730807579
2026-10-10,wk flu hosp rate change,1,2026-10-17,46,pmf,decrease,0.0009970089730807579
2026-10-10,wk flu hosp rate change,1,2026-10-17,46,pmf,stable,0.9278165503489533
2026-10-10,wk flu hosp rate change,1,2026-10-17,46,pmf,increase,0.06919242273180459
2026-10-10,wk flu hosp rate change,1,2026-10-17,46,pmf,large_increase,0.0009970089730807579
2026-10-10,wk flu hosp rate change,2,2026-10-24,46,pmf,large_decrease,0.0009970089730807579
2026-10-10,wk flu hosp rate change,2,2026-10-24,46,pmf,decrease,0.0009970089730807579
2026-10-10,wk flu hosp rate change,2,2026-10-24,46,pmf,stable,0.8292123629112663
2026-10-10,wk flu hosp rate change,2,2026-10-24,46,pmf,increase,0.16779661016949154
2026-10-10,wk flu hosp rate change,2,2026-10-24,46,pmf,large_increase,0.0009970089730807579
2026-10-10,wk flu hosp rate change,3,2026-10-31,46,pmf,large_decrease,0.000998003992015968
2026-10-10,wk flu hosp rate change,3,2026-10-31,46,pmf,decrease,0.000998003992015968
2026-10-10,wk flu hosp rate change,3,2026-10-31,46,pmf,stable,0.7399201596806386
2026-10-10,wk flu hosp rate change,3,2026-10-31,46,pmf,increase,0.24540918163672656
2026-10-10,wk flu hosp rate change,3,2026-10-31,46,pmf,large_increase,0.012674650698602795
2026-10-10,wk flu hosp rate change,0,2026-10-10,47,pmf,large_decrease,0.0009980039920159682
2026-10-10,wk flu hosp rate change,0,2026-10-10,47,pmf,decrease,0.07445109780439123
2026-10-10,wk flu hosp rate change,0,2026-10-10,47,pmf,stable,0.7020958083832337
2026-10-10,wk flu hosp rate change,0,2026-10-10,47,pmf,increase,0.22145708582834334
2026-10-10,wk flu hosp rate change,0,2026-10-10,47,pmf,large_increase,0.0009980039920159682
2026-10-10,wk flu hosp rate change,1,2026-10-17,47,pmf,large_decrease,0.000998003992015968
2026-10-10,wk flu hosp rate change,1,2026-10-17,47,pmf,decrease,0.01966067864271457
2026-10-10,wk flu hosp rate change,1,2026-10-17,47,pmf,stable,0.7208582834331337
2026-10-10,wk flu hosp rate change,1,2026-10-17,47,pmf,increase,0.2574850299401198
2026-10-10,wk flu hosp rate change,1,2026-10-17,47,pmf,large_increase,0.000998003992015968
2026-10-10,wk flu hosp rate change,2,2026-10-24,47,pmf,large_decrease,0.0009980039920159682
2026-10-10,wk flu hosp rate change,2,2026-10-24,47,pmf,decrease,0.0041916167664670665
2026-10-10,wk flu hosp rate change,2,2026-10-24,47,pmf,stable,0.7117764471057886
2026-10-10,wk flu hosp rate change,2,2026-10-24,47,pmf,increase,0.28203592814371264
2026-10-10,wk flu hosp rate change,2,2026-10-24,47,pmf,large_increase,0.0009980039920159682
2026-10-10,wk flu hosp rate change,3,2026-10-31,47,pmf,large_decrease,0.0009971083856815236
2026-10-10,wk flu hosp rate change,3,2026-10-31,47,pmf,decrease,0.0009971083856815236
2026-10-10,wk flu hosp rate change,3,2026-10-31,47,pmf,stable,0.7223053145876958
2026-10-10,wk flu hosp rate change,3,2026-10-31,47,pmf,increase,0.2747033602552598
2026-10-10,wk flu hosp rate change,3,2026-10-31,47,pmf,large_increase,0.0009971083856815236
2026-10-10,wk flu hosp rate change,0,2026-10-10,48,pmf,large_decrease,0.0009980039920159682
2026-10-10,wk flu hosp rate change,0,2026-10-10,48,pmf,decrease,0.021157684630738527
2026-10-10,wk flu hosp rate change,0,2026-10-10,48,pmf,stable,0.5427145708582835
2026-10-10,wk flu hosp rate change,0,2026-10-10,48,pmf,increase,0.4341317365269462
2026-10-10,wk flu hosp rate change,0,2026-10-10,48,pmf,large_increase,0.0009980039920159682
2026-10-10,wk flu hosp rate change,1,2026-10-17,48,pmf,large_decrease,0.0009980039920159682
2026-10-10,wk flu hosp rate change,1,2026-10-17,48,pmf,decrease,0.0020958083832335332
2026-10-10,wk flu hosp rate change,1,2026-10-17,48,pmf,stable,0.48912175648702605
2026-10-10,wk flu hosp rate change,1,2026-10-17,48,pmf,increase,0.5067864271457088
2026-10-10,wk flu hosp rate change,1,2026-10-17,48,pmf,large_increase,0.0009980039920159682
2026-10-10,wk flu hosp rate change,2,2026-10-24,48,pmf,large_decrease,0.0009975062344139652
2026-10-10,wk flu hosp rate change,2,2026-10-24,48,pmf,decrease,0.0009975062344139652
2026-10-10,wk flu hosp rate change,2,2026-10-24,48,pmf,stable,0.42473815461346637
2026-10-10,wk flu hosp rate change,2,2026-10-24,48,pmf,increase,0.5722693266832918
2026-10-10,wk flu hosp rate change,2,2026-10-24,48,pmf,large_increase,0.0009975062344139652
2026-10-10,wk flu hosp rate change,3,2026-10-31,48,pmf,large_decrease,0.000998003992015968
2026-10-10,wk flu hosp rate change,3,2026-10-31,48,pmf,decrease,0.000998003992015968
2026-10-10,wk flu hosp rate change,3,2026-10-31,48,pmf,stable,0.4286427145708583
2026-10-10,wk flu hosp rate change,3,2026-10-31,48,pmf,increase,0.55
2026-10-10,wk flu hosp rate change,3,2026-10-31,48,pmf,large_increase,0.019361277445109782
2026-10-10,wk flu hosp rate change,0,2026-10-10,49,pmf,large_decrease,0.0009980039920159682
2026-10-10,wk flu hosp rate change,0,2026-10-10,49,pmf,decrease,0.03932135728542915
2026-10-10,wk flu hosp rate change,0,2026-10-10,49,pmf,stable,0.7937125748502996
2026-10-10,wk flu hosp rate change,0,2026-10-10,49,pmf,increase,0.16497005988023955
2026-10-10,wk flu hosp rate change,0,2026-10-10,49,pmf,large_increase,0.0009980039920159682
2026-10-10,wk flu hosp rate change,1,2026-10-17,49,pmf,large_decrease,0.0009980039920159682
2026-10-10,wk flu hosp rate change,1,2026-10-17,49,pmf,decrease,0.006187624750499003
2026-10-10,wk flu hosp rate change,1,2026-10-17,49,pmf,stable,0.8041916167664672
2026-10-10,wk flu hosp rate change,1,2026-10-17,49,pmf,increase,0.18762475049900204
2026-10-10,wk flu hosp rate change,1,2026-10-17,49,pmf,large_increase,0.0009980039920159682
2026-10-10,wk flu hosp rate change,2,2026-10-24,49,pmf,large_decrease,0.0009976057462090984
2026-10-10,wk flu hosp rate change,2,2026-10-24,49,pmf,decrease,0.0009976057462090984
2026-10-10,wk flu hosp rate change,2,2026-10-24,49,pmf,stable,0.7869114126097367
2026-10-10,wk flu hosp rate change,2,2026-10-24,49,pmf,increase,0.21009577015163614
2026-10-10,wk flu hosp rate change,2,2026-10-24,49,pmf,large_increase,0.0009976057462090984
2026-10-10,wk flu hosp rate change,3,2026-10-31,49,pmf,large_decrease,0.0009970089730807579
2026-10-10,wk flu hosp rate change,3,2026-10-31,49,pmf,decrease,0.0009970089730807579
2026-10-10,wk flu hosp rate change,3,2026-10-31,49,pmf,stable,0.7933200398803589
2026-10-10,wk flu hosp rate change,3,2026-10-31,49,pmf,increase,0.20368893320039883
2026-10-10,wk flu hosp rate change,3,2026-10-31,49,pmf,large_increase,0.0009970089730807579
2026-10-10,wk flu hosp rate change,0,2026-10-10,50,pmf,large_decrease,0.0009960159362549803
2026-10-10,wk flu hosp rate change,0,2026-10-10,50,pmf,decrease,0.0009960159362549803
2026-10-10,wk flu hosp rate change,0,2026-10-10,50,pmf,stable,0.9960159362549803
2026-10-10,wk flu hosp rate change,0,2026-10-10,50,pmf,increase,0.0009960159362549803
2026-10-10,wk flu hosp rate change,0,2026-10-10,50,pmf,large_increase,0.0009960159362549803
2026-10-10,wk flu hosp rate change,1,2026-10-17,50,pmf,large_decrease,0.0009960159362549803
2026-10-10,wk flu hosp rate change,1,2026-10-17,50,pmf,decrease,0.0009960159362549803
2026-10-10,wk flu hosp rate change,1,2026-10-17,50,pmf,stable,0.9960159362549803
2026-10-10,wk flu hosp rate change,1,2026-10-17,50,pmf,increase,0.0009960159362549803
2026-10-10,wk flu hosp rate change,1,2026-10-17,50,pmf,large_increase,0.0009960159362549803
2026-10-10,wk flu hosp rate change,2,2026-10-24,50,pmf,large_decrease,0.0009960159362549803
2026-10-10,wk flu hosp rate change,2,2026-10-24,50,pmf,decrease,0.0009960159362549803
2026-10-10,wk flu hosp rate change,2,2026-10-24,50,pmf,stable,0.9960159362549803
2026-10-10,wk flu hosp rate change,2,2026-10-24,50,pmf,increase,0.0009960159362549803
2026-10-10,wk flu hosp rate change,2,2026-10-24,50,pmf,large_increase,0.0009960159362549803
2026-10-10,wk flu hosp rate change,3,2026-10-31,50,pmf,large_decrease,0.0009960159362549803
2026-10-10,wk flu hosp rate change,3,2026-10-31,50,pmf,decrease,0.0009960159362549803
2026-10-10,wk flu hosp rate change,3,2026-10-31,50,pmf,stable,0.9960159362549803
2026-10-10,wk flu hosp rate change,3,2026-10-31,50,pmf,increase,0.0009960159362549803
2026-10-10,wk flu hosp rate change,3,2026-10-31,50,pmf,large_increase,0.0009960159362549803
2026-10-10,wk flu hosp rate change,0,2026-10-10,51,pmf,large_decrease,0.0009979044007584073
2026-10-10,wk flu hosp rate change,0,2026-10-10,51,pmf,decrease,0.0009979044007584073
2026-10-10,wk flu hosp rate change,0,2026-10-10,51,pmf,stable,0.9315437581079733
2026-10-10,wk flu hosp rate change,0,2026-10-10,51,pmf,increase,0.06546252868975153
2026-10-10,wk flu hosp rate change,0,2026-10-10,51,pmf,large_increase,0.0009979044007584073
2026-10-10,wk flu hosp rate change,1,2026-10-17,51,pmf,large_decrease,0.0009970089730807579
2026-10-10,wk flu hosp rate change,1,2026-10-17,51,pmf,decrease,0.0009970089730807579
2026-10-10,wk flu hosp rate change,1,2026-10-17,51,pmf,stable,0.9318045862412763
2026-10-10,wk flu hosp rate change,1,2026-10-17,51,pmf,increase,0.06520438683948156
2026-10-10,wk flu hosp rate change,1,2026-10-17,51,pmf,large_increase,0.0009970089730807579
2026-10-10,wk flu hosp rate change,2,2026-10-24,51,pmf,large_decrease,0.0009970089730807579
2026-10-10,wk flu hosp rate change,2,2026-10-24,51,pmf,decrease,0.0009970089730807579
2026-10-10,wk flu hosp rate change,2,2026-10-24,51,pmf,stable,0.9212362911266203
2026-10-10,wk flu hosp rate change,2,2026-10-24,51,pmf,increase,0.0757726819541376
2026-10-10,wk flu hosp rate change,2,2026-10-24,51,pmf,large_increase,0.0009970089730807579
2026-10-10,wk flu hosp rate change,3,2026-10-31,51,pmf,large_decrease,0.0009970089730807579
2026-10-10,wk flu hosp rate change,3,2026-10-31,51,pmf,decrease,0.0009970089730807579
2026-10-10,wk flu hosp rate change,3,2026-10-31,51,pmf,stable,0.9147557328015953
2026-10-10,wk flu hosp rate change,3,2026-10-31,51,pmf,increase,0.08225324027916253
2026-10-10,wk flu hosp rate change,3,2026-10-31,51,pmf,large_increase,0.0009970089730807579
2026-10-10,wk flu hosp rate change,0,2026-10-10,53,pmf,large_decrease,0.0009990009990009992
2026-10-10,wk flu hosp rate change,0,2026-10-10,53,pmf,decrease,0.08511488511488512
2026-10-10,wk flu hosp rate change,0,2026-10-10,53,pmf,stable,0.39160839160839167
2026-10-10,wk flu hosp rate change,0,2026-10-10,53,pmf,increase,0.49310689310689315
2026-10-10,wk flu hosp rate change,0,2026-10-10,53,pmf,large_increase,0.029170829170829176
2026-10-10,wk flu hosp rate change,1,2026-10-17,53,pmf,large_decrease,0.000999000999000999
2026-10-10,wk flu hosp rate change,1,2026-10-17,53,pmf,decrease,0.03726273726273726
2026-10-10,wk flu hosp rate change,1,2026-10-17,53,pmf,stable,0.3735264735264735
2026-10-10,wk flu hosp rate change,1,2026-10-17,53,pmf,increase,0.5588411588411588
2026-10-10,wk flu hosp rate change,1,2026-10-17,53,pmf,large_increase,0.029370629370629366
2026-10-10,wk flu hosp rate change,2,2026-10-24,53,pmf,large_decrease,0.0009990009990009992
2026-10-10,wk flu hosp rate change,2,2026-10-24,53,pmf,decrease,0.02187812187812188
2026-10-10,wk flu hosp rate change,2,2026-10-24,53,pmf,stable,0.368931068931069
2026-10-10,wk flu hosp rate change,2,2026-10-24,53,pmf,increase,0.560939060939061
2026-10-10,wk flu hosp rate change,2,2026-10-24,53,pmf,large_increase,0.04725274725274726
2026-10-10,wk flu hosp rate change,3,2026-10-31,53,pmf,large_decrease,0.000999000999000999
2026-10-10,wk flu hosp rate change,3,2026-10-31,53,pmf,decrease,0.015784215784215783
2026-10-10,wk flu hosp rate change,3,2026-10-31,53,pmf,stable,0.4245754245754245
2026-10-10,wk flu hosp rate change,3,2026-10-31,53,pmf,increase,0.5040959040959041
2026-10-10,wk flu hosp rate change,3,2026-10-31,53,pmf,large_increase,0.05454545454545454
2026-10-10,wk flu hosp rate change,0,2026-10-10,54,pmf,large_decrease,0.0009970089730807579
2026-10-10,wk flu hosp rate change,0,2026-10-10,54,pmf,decrease,0.0009970089730807579
2026-10-10,wk flu hosp rate change,0,2026-10-10,54,pmf,stable,0.990628115653041
2026-10-10,wk flu hosp rate change,0,2026-10-10,54,pmf,increase,0.006380857427716851
2026-10-10,wk flu hosp rate change,0,2026-10-10,54,pmf,large_increase,0.0009970089730807579
2026-10-10,wk flu hosp rate change,1,2026-10-17,54,pmf,large_decrease,0.0009970089730807579
2026-10-10,wk flu hosp rate change,1,2026-10-17,54,pmf,decrease,0.0009970089730807579
2026-10-10,wk flu hosp rate change,1,2026-10-17,54,pmf,stable,0.9114656031904288
2026-10-10,wk flu hosp rate change,1,2026-10-17,54,pmf,increase,0.08554336989032903
2026-10-10,wk flu hosp rate change,1,2026-10-17,54,pmf,large_increase,0.0009970089730807579
2026-10-10,wk flu hosp rate change,2,2026-10-24,54,pmf,large_decrease,0.0009970089730807579
2026-10-10,wk flu hosp rate change,2,2026-10-24,54,pmf,decrease,0.0009970089730807579
2026-10-10,wk flu hosp rate change,2,2026-10-24,54,pmf,stable,0.8522432701894318
2026-10-10,wk flu hosp rate change,2,2026-10-24,54,pmf,increase,0.14476570289132604
2026-10-10,wk flu hosp rate change,2,2026-10-24,54,pmf,large_increase,0.0009970089730807579
2026-10-10,wk flu hosp rate change,3,2026-10-31,54,pmf,large_decrease,0.0009970089730807579
2026-10-10,wk flu hosp rate change,3,2026-10-31,54,pmf,decrease,0.0009970089730807579
2026-10-10,wk flu hosp rate change,3,2026-10-31,54,pmf,stable,0.8260219341974079
2026-10-10,wk flu hosp rate change,3,2026-10-31,54,pmf,increase,0.17098703888334998
2026-10-10,wk flu hosp rate change,3,2026-10-31,54,pmf,large_increase,0.0009970089730807579
2026-10-10,wk flu hosp rate change,0,2026-10-10,55,pmf,large_decrease,0.0009980039920159682
2026-10-10,wk flu hosp rate change,0,2026-10-10,55,pmf,decrease,0.011377245508982038
2026-10-10,wk flu hosp rate change,0,2026-10-10,55,pmf,stable,0.8801397205588825
2026-10-10,wk flu hosp rate change,0,2026-10-10,55,pmf,increase,0.10648702594810382
2026-10-10,wk flu hosp rate change,0,2026-10-10,55,pmf,large_increase,0.0009980039920159682
2026-10-10,wk flu hosp rate change,1,2026-10-17,55,pmf,large_decrease,0.0009975062344139652
2026-10-10,wk flu hosp rate change,1,2026-10-17,55,pmf,decrease,0.0009975062344139652
2026-10-10,wk flu hosp rate change,1,2026-10-17,55,pmf,stable,0.9017456359102245
2026-10-10,wk flu hosp rate change,1,2026-10-17,55,pmf,increase,0.09526184538653368
2026-10-10,wk flu hosp rate change,1,2026-10-17,55,pmf,large_increase,0.0009975062344139652
2026-10-10,wk flu hosp rate change,2,2026-10-24,55,pmf,large_decrease,0.0009970089730807579
2026-10-10,wk flu hosp rate change,2,2026-10-24,55,pmf,decrease,0.0009970089730807579
2026-10-10,wk flu hosp rate change,2,2026-10-24,55,pmf,stable,0.8925224327018945
2026-10-10,wk flu hosp rate change,2,2026-10-24,55,pmf,increase,0.10448654037886343
2026-10-10,wk flu hosp rate change,2,2026-10-24,55,pmf,large_increase,0.0009970089730807579
2026-10-10,wk flu hosp rate change,3,2026-10-31,55,pmf,large_decrease,0.0009970089730807579
2026-10-10,wk flu hosp rate change,3,2026-10-31,55,pmf,decrease,0.0009970089730807579
2026-10-10,wk flu hosp rate change,3,2026-10-31,55,pmf,stable,0.8909272183449651
2026-10-10,wk flu hosp rate change,3,2026-10-31,55,pmf,increase,0.10608175473579262
2026-10-10,wk flu hosp rate change,3,2026-10-31,55,pmf,large_increase,0.0009970089730807579
2026-10-10,wk flu hosp rate change,0,2026-10-10,56,pmf,large_decrease,0.0009960159362549803
2026-10-10,wk flu hosp rate change,0,2026-10-10,56,pmf,decrease,0.0009960159362549803
2026-10-10,wk flu hosp rate change,0,2026-10-10,56,pmf,stable,0.9960159362549803
2026-10-10,wk flu hosp rate change,0,2026-10-10,56,pmf,increase,0.0009960159362549803
2026-10-10,wk flu hosp rate change,0,2026-10-10,56,pmf,large_increase,0.0009960159362549803
2026-10-10,wk flu hosp rate change,1,2026-10-17,56,pmf,large_decrease,0.0009970089730807579
2026-10-10,wk flu hosp rate change,1,2026-10-17,56,pmf,decrease,0.0009970089730807579
2026-10-10,wk flu hosp rate change,1,2026-10-17,56,pmf,stable,0.9856430707876372
2026-10-10,wk flu hosp rate change,1,2026-10-17,56,pmf,increase,0.01136590229312064
2026-10-10,wk flu hosp rate change,1,2026-10-17,56,pmf,large_increase,0.0009970089730807579
2026-10-10,wk flu hosp rate change,2,2026-10-24,56,pmf,large_decrease,0.0009970089730807579
2026-10-10,wk flu hosp rate change,2,2026-10-24,56,pmf,decrease,0.0009970089730807579
2026-10-10,wk flu hosp rate change,2,2026-10-24,56,pmf,stable,0.955234297108674
2026-10-10,wk flu hosp rate change,2,2026-10-24,56,pmf,increase,0.04177467597208375
2026-10-10,wk flu hosp rate change,2,2026-10-24,56,pmf,large_increase,0.0009970089730807579
2026-10-10,wk flu hosp rate change,3,2026-10-31,56,pmf,large_decrease,0.0009970089730807579
2026-10-10,wk flu hosp rate change,3,2026-10-31,56,pmf,decrease,0.0009970089730807579
2026-10-10,wk flu hosp rate change,3,2026-10-31,56,pmf,stable,0.9163509471585246
2026-10-10,wk flu hosp rate change,3,2026-10-31,56,pmf,increase,0.08065802592223331
2026-10-10,wk flu hosp rate change,3,2026-10-31,56,pmf,large_increase,0.0009970089730807579
